ac_power_codes_squared,actual_crc32,capture_index,channel_to_background_db,command_start_ns,component_endpoint_fraction,crc_and_count_valid,crc_ok,expected_crc32,firmware_capture_us,header_received_ns,mean_i,mean_power_codes_squared,mean_q,nominal_rf_window_us,payload_received_ns,payload_transfer_ms,private_payload_sha256,returned_samples,round_trip_ms,sample_count_ok,unique_i_codes,unique_q_codes
20968.6677714976,c135c570,0,-13.935152198118804,762386320171314,0.005036630036630037,True,True,c135c570,1033,762386327722514,-3.0445665445665444,21476.10702075702,-22.31971916971917,1023.7499999999999,762386771977565,444.255051,559f5b8927587bcc072e44ba3009930a3346185c09281b4a3e72421d87cc654a,16380,451.806251,True,453,567
982.4787356003106,441ce475,1,0.828941421385196,762386865096307,0.0,True,True,441ce475,1025,762386872115548,-3.2835164835164834,1341.0531135531135,-18.64920634920635,1023.7499999999999,762387317450204,445.334656,686f2b47f64ed7dd0561bee56b70c26886796226ece564c75392fe5fc2b1933f,16380,452.353897,True,213,262
8284.524286426164,9ff41f8c,2,0.16506379255590145,762387329224036,0.0,True,True,9ff41f8c,1025,762387336089837,-4.592002442002442,10052.6057997558,-41.797069597069594,1023.7499999999999,762387779992656,443.902819,27f04bb2a81ccb2772a01ba49a1a96148d8822e06ab3d12fdd3404312281fa6a,16380,450.76862,True,371,509
12291.679633591548,dd2558a7,3,0.1487547255850713,762387794299688,0.0,True,True,dd2558a7,1025,762387801076059,-4.486019536019536,16587.941941391942,-65.3921855921856,1023.7499999999999,762388245019485,443.943426,cd50365a1daa2c014d5f891e7a4a4633089222c7f2fc010d10c804ad144603e4,16380,450.719797,True,368,557
11195.90949929632,c721a23b,4,-4.606799086451308,762388262581715,0.0010683760683760685,True,True,c721a23b,1025,762388270103619,-4.5002442002442,11510.686385836385,-17.16172161172161,1023.7499999999999,762388714041079,443.93746,3a281999fa25e9dc9cce4f2dac9a5103070dd71be0551f803d6e01f4a8434e0c,16380,451.459364,True,439,543
18558.511680427157,885036b5,5,-7.921786106427124,762388726179852,0.0,True,True,885036b5,1025,762388735550750,-5.81996336996337,18716.896825396827,-11.158547008547009,1023.7499999999999,762389177088392,441.537642,8bbeb0e52674c21b5a1f149a19822b41ace5fde947a396a6e0cc7205a50835c7,16380,450.90854,True,390,493
1454.3115014438827,1c83b2b7,6,-0.3728961967820283,762389188471112,0.0,True,True,1c83b2b7,1026,762389196952194,-3.98986568986569,1871.7606837606838,-20.03821733821734,1023.7499999999999,762389640064385,443.112191,cb21175fe5caf49e27da206636583178903f5de3baed07ca3fa8a4a6b430d3ef,16380,451.593273,True,248,325
1658.6267615365234,e18acff2,7,0.6145977387899728,762389655979324,0.0,True,True,e18acff2,1025,762389663151164,-6.393223443223444,2071.1115995115997,-19.27722832722833,1023.7499999999999,762390107057982,443.906818,6a35946c4e209a32dab417a11687883da07ec7c39c6e6243a99c2556d5afb788,16380,451.078658,True,272,360
7099.812176363861,cb1c8aec,8,-2.820063882417267,762390112400345,0.002442002442002442,True,True,cb1c8aec,1025,762390120118371,-7.53040293040293,7412.679365079365,-16.005006105006107,1023.7499999999999,762390564066693,443.948322,2b530a8ede31d3629d313d61df2880453d6cc134eb4178fd434d37970f667191,16380,451.666348,True,281,372
2315.1675645535447,3afc5dbe,9,0.5106991660013125,762390575506190,0.0004884004884004884,True,True,3afc5dbe,1025,762390583161347,-2.0154456654456654,2893.3790598290598,-23.96141636141636,1023.7499999999999,762391027097695,443.936348,d96b954f68c749643b8f318b56f5b1b876f7b7ea6d39bae307fd932c4a1dba0b,16380,451.591505,True,208,254
5295.518835583763,25e25e28,10,-8.125955698373378,762391044159066,0.0,True,True,25e25e28,1025,762391051182325,-7.501282051282051,7188.611721611722,-42.85818070818071,1023.7499999999999,762391495055350,443.873025,590f3117f4d64d0c29395eb9590a1b719ea925588521f527a7f450365b9ac1f6,16380,450.896284,True,291,402
752.4356109366823,1cad382f,11,0.3939362073393595,762391500522610,0.0,True,True,1cad382f,1025,762391508191062,-9.432417582417582,1197.274297924298,-18.864468864468865,1023.7499999999999,762391952087550,443.896488,9207ae0357277a9d270893dfc907940b46e2a47730a1e98cf84a5dc477a5c0d0,16380,451.56494,True,90,145
1379.7706355915147,6445f934,12,-0.5728402775092237,762391965562925,0.0,True,True,6445f934,1025,762391973291561,-4.68974358974359,1842.595115995116,-20.995970695970694,1023.7499999999999,762392417095882,443.804321,faa5f5b5c522be65e6b8e3f4f558312c1893e66e911f1136d3154969dfdb3b82,16380,451.532957,True,239,299
9716.660122871632,26e2269a,13,-1.0544076934398874,762392471959025,0.0007020757020757021,True,True,26e2269a,1025,762392479155602,-5.804761904761905,9812.363797313797,-7.874542124542124,1023.7499999999999,762392923105466,443.949864,fc9186dc8868fd0670873fec987431ae362bec5f47baec73c4820ca30025408a,16380,451.146441,True,510,623
772.4324542087271,564e8203,14,0.40581281895667276,762392930976271,0.0,True,True,564e8203,1025,762392938249934,-9.505677655677657,1389.4396214896215,-22.948840048840047,1023.7499999999999,762393382110037,443.860103,c5fda8feea6ebfbade552bd01aa150a7ab2059ae4e7f8b76472cb20ec8cf1a85,16380,451.133766,True,92,147
7041.847032381879,3f9d8b0a,15,-18.868062857907606,762393393549825,0.0023504273504273503,True,True,3f9d8b0a,1025,762393401199911,-7.495238095238095,7430.362087912088,-18.23009768009768,1023.7499999999999,762393845083796,443.883885,fcd36e72a907d207229f6e002b562cba95741e5f96e6a5cfdbfed3524bd6e058,16380,451.533971,True,345,414
625.2445353076581,32233b73,16,0.700192646734752,762393860668378,0.0,True,True,32233b73,1025,762393869147916,-7.686507936507937,1025.029120879121,-18.458119658119656,1023.7499999999999,762394312119952,442.972036,880da5403ad7fd6aa3254394a60973a3a00c30a6b74805e89e3a532f3aa474a9,16380,451.451574,True,80,133
819.7879812295289,825d43f8,17,0.4690495232523459,762394325634040,0.0,True,True,825d43f8,1025,762394333252356,-8.854578754578755,1302.365995115995,-20.104090354090353,1023.7499999999999,762394777142798,443.890442,3e0e73b2079e2e45189b8662e3b2e71f7be339a12239c2670a5f892347aa43d5,16380,451.508758,True,166,212
8965.464385969817,1dd19219,18,7.875610637684877,762394789367734,0.0027472527472527475,True,True,1dd19219,1025,762394797286800,-8.263431013431013,9428.670879120878,-19.87264957264957,1023.7499999999999,762395241125464,443.838664,33261ccd5806a163a9540a32f33564e22ac3bb77157f7a7d473566dc4b27f381,16380,451.75773,True,499,583
821.8018413563102,71a96489,19,0.25520780036446017,762395248790939,0.0,True,True,71a96489,1025,762395256355754,-9.906837606837607,1420.4717948717948,-22.37240537240537,1023.7499999999999,762395700022948,443.667194,f6c6771f90cc05187dfc661a2872141b3353bafe4456b127ce3935c85ec303e1,16380,451.232009,True,179,219
24139.177864123736,c76ecbe4,20,-4.647916725356858,762395711576592,0.004914529914529914,True,True,c76ecbe4,1025,762395719278576,-7.887789987789988,25245.351709401708,-32.310317460317464,1023.7499999999999,762396163132134,443.853558,df630b124c33c7818a002a17bf0ace4d5d116f01f582b98320fb5f5e6f39f2ea,16380,451.555542,True,544,779
1167.7781850092656,07665b8d,21,0.4268948336289692,762396176941402,0.0,True,True,07665b8d,1025,762396184351483,-2.8310744810744812,1910.649938949939,-27.108241758241757,1023.7499999999999,762396628134703,443.78322,b48b4a1e155c91b6fd3b7ff75fb9fe7165daf96faee7b99463322f1d0e5361fb,16380,451.193301,True,198,250
568.3460346829944,9636862c,22,-6.27199773979238,762396633376375,0.0,True,True,9636862c,1025,762396641313375,-6.14981684981685,963.0394383394383,-18.89108669108669,1023.7499999999999,762397085161738,443.848363,5904947c7bc8b79780436d3bb22e6895a4de70fd0de12d2cc6de8de7f6f2a1d9,16380,451.785363,True,86,139
5260.5242230541135,733af05f,23,0.3008043709676609,762397093052030,0.0,True,True,733af05f,1025,762397103270984,-6.244322344322344,6623.702564102564,-36.389377289377286,1023.7499999999999,762397547192843,443.921859,0f6d2da8b4e2741cc2830f587ab97cc2663a7a4ae94fae1d557a32937d0bee4b,16380,454.140813,True,337,455
5505.933641084529,143a00ed,24,-3.2898588087896474,762397561679203,0.0,True,True,143a00ed,1025,762397569325362,-7.458608058608059,5970.243528693529,-20.215811965811966,1023.7499999999999,762398013184601,443.859239,4d00d532be3d27babae12e503610b651e2abaf831fd8b7fc73696670372e7fed,16380,451.505398,True,350,540
1227.913751377167,d63c0959,25,-0.13991911295859316,762398023191002,0.0,True,True,d63c0959,1025,762398033242027,-5.7445054945054945,1884.326800976801,-24.96825396825397,1023.7499999999999,762398475204950,441.962923,c4e11505bcfeb1283b454a974f5721abea7f1f1b14f3f9a954a0cf04cd460695,16380,452.013948,True,214,282
17183.558530706166,add8fe2d,26,-11.011576305167136,762398497316750,0.0,True,True,add8fe2d,1025,762398506397246,-6.587728937728937,17305.486813186813,-8.861721611721611,1023.7499999999999,762398949191803,442.794557,c490bf09e15c7d75d61cd0953446a05eadd001eb4615bb6337fb7de3f7817187,16380,451.875053,True,283,406
756.1666826746039,1894e6e0,27,0.25940659927717186,762398957734861,0.0,True,True,1894e6e0,1025,762398965377082,-8.389560439560439,1284.3807692307691,-21.396947496947497,1023.7499999999999,762399409196439,443.819357,69d1725f7845d7cbed4c4007e12dd6a494453982d8cce13bbbf325ffdd8cee3a,16380,451.461578,True,91,140
7341.22717471648,144e17d1,28,-5.232927044235437,762399417789622,9.157509157509158e-05,True,True,144e17d1,1025,762399425531783,-5.917704517704518,7581.515873015873,-14.327228327228328,1023.7499999999999,762399869239585,443.707802,7209c84c8fe9f61e6e4875462ca742466f95988803aa9151b7cb085f84115d98,16380,451.449963,True,298,435
1783.1796171438111,30a845a0,29,-0.12993890830123644,762399879359832,0.0,True,True,30a845a0,1025,762399888352402,-6.133760683760684,2318.7163614163615,-22.313980463980464,1023.7499999999999,762400331209361,442.856959,8fa84c90265f338116f6c961d4e8ef978b215ec899559702bfde7d44ccc184cc,16380,451.849529,True,281,364
30480.52362359693,cb7aecd8,30,-7.9247358121586124,762400342064861,0.0022283272283272282,True,True,cb7aecd8,1025,762400349481314,-6.4613553113553115,30553.92606837607,-5.626129426129427,1023.7499999999999,762400793204561,443.723247,ceb90c01fa1409ced9284fba4e8226c650bf5e863033378b6a7d47888232dafe,16380,451.1397,True,389,575
764.4633469559202,81df7090,31,0.28587385735927967,762400797760584,0.0,True,True,81df7090,1025,762400805441889,-5.563064713064713,1153.7896825396826,-18.93089133089133,1023.7499999999999,762401249196375,443.754486,32da1b299bb71f65ef255351c0028f0baa1de5f2ad5b347b9f27907a08484d15,16380,451.435791,True,97,151
737.9416937105765,feb5dc4c,32,0.2333112761084079,762401255820988,0.0,True,True,feb5dc4c,1025,762401263452108,-4.380525030525031,1215.0201465201465,-21.39835164835165,1023.7499999999999,762401707224524,443.772416,ddbbd512e2fe6d8d0e96ac9959ef9fff25f0ab1bcec53fd4929fcdb41d74e83d,16380,451.403536,True,126,149
999.9779780204872,38992cf7,33,0.5519184387714864,762401716994827,0.0,True,True,38992cf7,1025,762401724497524,-1.869047619047619,1639.0991452991452,-25.211660561660562,1023.7499999999999,762402168244040,443.746516,b991a91dc0fd9d954f4cdfef62619952f802ca1a86f62978f6681e6c957e840a,16380,451.249213,True,126,187
3809.272000161011,837b9679,34,0.5520276311798956,762402173540396,0.0,True,True,837b9679,1025,762402181494198,-8.013919413919414,5233.942735042735,-36.884249084249085,1023.7499999999999,762402625232434,443.738236,fcedbbf0f2f028d1af33390be533df594b6114a102abf8311235d5df29ec7edf,16380,451.692038,True,246,358
830.0643631189052,37066051,35,0.04074763668452207,762402633989137,0.0,True,True,37066051,1025,762402642269697,-4.607692307692307,1128.430280830281,-16.64737484737485,1023.7499999999999,762403085245218,442.975521,814feb8decddd0e8c8a5d26aa7b348bc383b7e3abe6cdb3d67182a3861cf4f04,16380,451.256081,True,206,253
912.8605317989567,a1aa5397,36,0.18108135411696752,762403095716790,0.0,True,True,a1aa5397,1025,762403103621669,-7.041269841269841,1181.953724053724,-14.815995115995117,1023.7499999999999,762403547275562,443.653893,b532ef6f3498bfd32d27db07eaefaae710ad9077496dec574b2ba77db3824440,16380,451.558772,True,212,246
1263.2076361587808,1bdaf996,37,0.5698156299578018,762403551861492,0.0,True,True,1bdaf996,1025,762403559686589,-8.83046398046398,1588.557326007326,-15.728083028083027,1023.7499999999999,762404003280828,443.594239,01690f6bca6449462d5db9283a69435bd6bcb0c6e2dd766af6e6ba6990a4a784,16380,451.419336,True,236,282
3363.515746350041,6586c514,38,-0.30047839786926545,762404013325791,0.0,True,True,6586c514,1025,762404021492255,-12.75982905982906,4905.499084249084,-37.13717948717949,1023.7499999999999,762404465271923,443.779668,ae8d68838ea70bc57eb1a0ad9ae7b21117da538e8a924c48a83de938c193bbe2,16380,451.946132,True,184,289
4117.305320609725,02ca58cf,39,-0.035954712303405106,762404471264588,0.0,True,True,02ca58cf,1025,762404479551180,-10.256043956043957,5015.134249084249,-28.153907203907202,1023.7499999999999,762404923278446,443.727266,b7a889ef835700be7f669c7670d4affb41cd92ba36703f146d2e7e4b2936191d,16380,452.013858,True,352,475
4321.078977023858,cd101c4f,40,0.048604613449036854,762404933626674,0.0,True,True,cd101c4f,1025,762404941514340,-8.214346764346764,8014.564652014652,-60.216361416361416,1023.7499999999999,762405385308841,443.794501,1447a498e02a8486ef6da9ac479cd32064d1f2268ae57b5cce136fa18532e22e,16380,451.682167,True,199,319
2413.915766584521,198f5407,41,-0.14553148302193858,762405396995586,0.0,True,True,198f5407,1025,762405404529371,-7.384004884004884,3213.895970695971,-27.303052503052502,1023.7499999999999,762405848331695,443.802324,3aa411ee4db066dd996f8e6405044c321491b98a22e9b958409ec437e6aff3db,16380,451.336109,True,262,357
10548.387562794349,74d7d765,42,0.3185081843524158,762405862115252,0.0019536019536019536,True,True,74d7d765,1025,762405869971428,-6.114835164835164,11530.586752136753,-30.73772893772894,1023.7499999999999,762406313322095,443.350667,86cc15d401b5153533a644b92daea5c3223b4c212e70fc6bab3e251aa822af4c,16380,451.206843,True,502,619
3198.486719751894,45e8a161,43,-0.23581866850676594,762406328439740,0.0003663003663003663,True,True,45e8a161,1025,762406336417466,-7.913614163614164,3834.7934676434675,-23.951648351648352,1023.7499999999999,762406780305959,443.888493,875af3e7bb0b9a93def460ce896d8affe41416d390bfc26ba5249c54acbab9ed,16380,451.866219,True,344,403
24607.555527840766,8ca9b048,44,-11.381522199421239,762406792008964,0.0,True,True,8ca9b048,1025,762406799423192,-5.88949938949939,24657.525152625152,-3.9094017094017093,1023.7499999999999,762407243374493,443.951301,8d8d244161370247d301b69eb1f86f6c0de7bc8caca1dfffa43e0cb90313232e,16380,451.365529,True,266,429
12089.137921137335,92fb1fbd,45,0.38075279257291733,762407266802715,0.0,True,True,92fb1fbd,1025,762407274460385,-16.05030525030525,15782.399023199023,-58.61440781440781,1023.7499999999999,762407718374832,443.914447,6246ddadc5f3c7eb708d8dfabcc1e5576e427d37fec70a611b9440953796dea6,16380,451.572117,True,377,541
17151.23578207439,77ae29fe,46,-21.877247107548218,762407734871740,0.0007020757020757021,True,True,77ae29fe,1025,762407743638952,-4.712698412698413,17329.36581196581,-12.486813186813187,1023.7499999999999,762408186368514,442.729562,895873a7896a621f9a66ce7927085d260f6b9a621356485ed3da48dc326e4a22,16380,451.496774,True,482,533
1000.6307878775003,d072b941,47,0.1045194628618096,762408195151316,0.0,True,True,d072b941,1025,762408202393839,-3.7213675213675215,1326.8688034188035,-17.674542124542125,1023.7499999999999,762408646381290,443.987451,d9a586194ef938ff37f5ee4486834dfa705097e6a6fa63098260be76ae321293,16380,451.229974,True,170,239
3556.333032686009,6ddf68b0,48,0.30312444953786777,762408653602663,0.0,True,True,6ddf68b0,1025,762408661445122,-4.921978021978022,4427.15927960928,-29.096398046398047,1023.7499999999999,762409105389271,443.944149,f79277d3450fa5454cb2175a19afc8025634c45344e090a6c2b62bf5099689df,16380,451.786608,True,342,473
11770.27505720741,9bdcdb26,49,2.718663172364231,762409110751301,0.0,True,True,9bdcdb26,1025,762409118408821,-12.823931623931625,14359.509096459096,-49.242063492063494,1023.7499999999999,762409563094881,444.68606,95f707b11b936d7e551c2f3ff5aff4ae74d452944d8e47122a4407f7bb96458f,16380,452.34358,True,443,602
37965.40035179072,16eb7959,50,-3.212680669731639,762409571575741,0.009523809523809525,True,True,16eb7959,1025,762409579377223,-25.496459096459095,43445.52460317461,-69.49859584859585,1023.7499999999999,762410023396910,444.019687,ac5e1a6f1f14652b409e3874de6907dc24338ee1edaae82bb422145de515d21a,16380,451.821169,True,556,836
5384.889587222573,a4fe9eda,51,-2.8889255322653202,762410031252705,0.0,True,True,a4fe9eda,1025,762410039402978,-9.645482295482296,6140.170207570208,-25.734126984126984,1023.7499999999999,762410483379430,443.976452,270a2410a1b0c08d0b1e9c977571b766dd059ea6b536d1cfc6f5ebe50852f651,16380,452.126725,True,430,511
42313.62617217981,ee20e8b1,52,-3.4303763874972404,762410492104823,0.019230769230769232,True,True,ee20e8b1,1025,762410499389426,-9.508058608058608,46080.734004884005,-60.635836385836384,1023.7499999999999,762410943433094,444.043668,d85ec875609e8a80d87e211a4686e2969021fb77af7b97b3bcfc8809f5d506cc,16380,451.328271,True,316,474
8923.639279221661,47c39fbf,53,-0.5973750864681037,762410951397224,0.0025946275946275945,True,True,47c39fbf,1025,762410959362406,-8.383028083028083,9739.077777777778,-27.297680097680097,1023.7499999999999,762411403431951,444.069545,ae90eed51461628d5c7bf4944de3ce6edc098d3d015ccae9fc284998fec3e4db,16380,452.034727,True,363,466
7315.494908618718,ce849ccb,54,0.09673709850821743,762411413737758,0.0,True,True,ce849ccb,1025,762411421337408,-12.27863247863248,10006.148962148962,-50.3973137973138,1023.7499999999999,762411865416488,444.07908,a7a183fdb991fa08821fdf2b8545d659a185bcbd8ffffff1c17f6e6a2af52f21,16380,451.67873,True,306,444
32336.254086414538,2781c5b9,55,-5.566396213990493,762411873248999,0.0024725274725274724,True,True,2781c5b9,1025,762411881318849,-4.334188034188034,32368.305677655677,-3.6423076923076922,1023.7499999999999,762412326487183,445.168334,a978c76dd9d4c3b0d4eb29609d89843f9e9f28af99ab52ac143cb3f4843bd49e,16380,453.238184,True,395,607
3.187325164999158,78dfae6c,56,0.30042063210325076,762412334077053,0.0,True,True,78dfae6c,1025,762412341311220,-4.228632478632479,31.88986568986569,-3.2895604395604394,1023.7499999999999,762412785429421,444.118201,b6c10174cc147c6e64a9913200b6af501fe11889868cf9f76738dabb83fe3c62,16380,451.352368,True,7,7
8778.20279943974,ca682848,57,3.441872951402284,762412797040741,0.0022893772893772895,True,True,ca682848,1025,762412804353256,-9.999206349206348,9703.808913308912,-28.733638583638584,1023.7499999999999,762413248450066,444.09681,c92c94d5ab77d838f41c23743163e33518cc2045c8288001b41ebb1451bcd87c,16380,451.409325,True,347,428
15596.383154402238,a1cb13f2,58,-2.846220558564399,762413255398170,0.0010683760683760685,True,True,a1cb13f2,1025,762413263315131,-9.604517704517704,16271.707936507937,-24.147008547008546,1023.7499999999999,762413707438476,444.123345,dab494c2475d41362fe516109bf3ed60db3cd1ced6e0964370368a050a146bcc,16380,452.040306,True,398,534
1077.1530263312864,9dae469e,59,-8.148720769001192,762413716688613,0.0,True,True,9dae469e,1025,762413726722745,-4.225946275946276,1098.8907203907204,-1.9695360195360196,1023.7499999999999,762414168469698,441.746953,3f00272e3a1de048b93f2bca2189f7d729d82752938580acc476fb309da27a54,16380,451.781085,True,90,146
14476.788399556624,6b5a068c,60,0.062070114071925496,762414176496446,0.001678876678876679,True,True,6b5a068c,1025,762414187292452,-5.4854090354090355,16357.59536019536,-43.01996336996337,1023.7499999999999,762414631489873,444.197421,db8b0a41c846b7cdeb6ad6bbe83e2033409b754d2f81d7f2be164f6ee560abad,16380,454.993427,True,514,638
39962.19127493624,b1bacc30,61,-3.9057218884539813,762414639645005,0.0163003663003663,True,True,b1bacc30,1025,762414647619124,-9.718681318681318,41997.68125763126,-44.057203907203906,1023.7499999999999,762415091494204,443.87508,74d89ab1b0528e3559953f7c66a076c8a8f3b3f4f8de05fe890e7895b6ca4aac,16380,451.849199,True,507,733
10275.523939834755,956adf02,62,-0.6660793669258264,762415099933995,0.0016483516483516484,True,True,956adf02,1025,762415107557049,-5.8288156288156285,11392.387118437118,-32.90726495726496,1023.7499999999999,762415551514592,443.957543,610fb10da995405a3fbfd16ba7b59c874d09b9db8084cb16d962462614e17f2c,16380,451.580597,True,459,583
7306.401104409767,8ff493fb,63,0.360742774999298,762415562332669,0.0,True,True,8ff493fb,1025,762415570328549,-11.74047619047619,12434.29951159951,-70.6403540903541,1023.7499999999999,762416014510426,444.181877,99f9171d105ce37d14ac5f89c190a599ea78a8b0084b1a27a8b66d7e6765914c,16380,452.177757,True,266,415
10964.695730517278,2ab7d939,64,0.21980200260689664,762416027430276,0.0007936507936507937,True,True,2ab7d939,1025,762416037636253,-8.601037851037852,12890.163064713064,-43.02893772893773,1023.7499999999999,762416479510385,441.874132,094e283b9baac6db15a33018ecc81b324a43d79888a80db3aefc399ec2751ef0,16380,452.080109,True,481,583
15315.898279938756,abc017fe,65,10.149537715413238,762416490650772,0.0028998778998779,True,True,abc017fe,1025,762416498511977,-9.705738705738705,15736.27912087912,-18.060439560439562,1023.7499999999999,762416942499642,443.987665,8ce1c99e69d07c3f4f260ba243a366d863125c57c1719c32c7ed948c2ef5bc85,16380,451.84887,True,625,751
24629.380883500235,6860ca76,66,1.6034358773815374,762416952295191,0.00405982905982906,True,True,6860ca76,1025,762416960511379,-4.775702075702076,24813.120207570206,-12.685897435897436,1023.7499999999999,762417404517046,444.005667,d880bda3c85f3f4928851d12e85b8b93a71fb9145ae06bedebc6d7c4d2e5d2cb,16380,452.221855,True,511,653
42589.39731840029,66b3b65b,67,0.1335253531529288,762417417345782,0.015384615384615385,True,True,66b3b65b,1026,762417425333757,-30.4002442002442,48841.47588522588,-72.99249084249084,1023.7499999999999,762417869588343,444.254586,ff0d6dce2f52d5e6ec3a8e5d1dcd2765f6262ade4164d08214cecfeef5f95700,16380,452.242561,True,535,756
12959.824558654273,67ad09fe,68,0.23214182782327594,762417881475645,0.0029914529914529917,True,True,67ad09fe,1025,762417890630110,-11.872283272283273,14230.724603174604,-33.614713064713065,1023.7499999999999,762418332645933,442.015823,f71ca07327693681158a337432bbc40d6b0a076bcf70fa1473c26b4a6c94c9cd,16380,451.170288,True,430,546
23538.674484529514,292cd4a6,69,-3.0953915135540235,762418343320208,0.002442002442002442,True,True,292cd4a6,1025,762418350692376,-3.609157509157509,23590.77673992674,-6.251098901098901,1023.7499999999999,762418794643031,443.950655,68fadffc4196ea18ff385c62a230c2250905a912180e8ceff8b442634653bf74,16380,451.322823,True,498,588
18844.36059290865,fef57352,70,1.124206831253198,762418804969376,0.002136752136752137,True,True,fef57352,1025,762418814097671,-6.790842490842491,19108.480097680098,-14.764957264957266,1023.7499999999999,762419255651505,441.553834,c80a3cae778b88ee3705c2daefaca6e75fa8874ef7b07c4478fc22bd244aefa9,16380,450.682129,True,488,627
22121.16926660912,2ec351de,71,-3.8640756648014603,762419263496048,0.0013125763125763127,True,True,2ec351de,1025,762419270723662,-6.219291819291819,22538.647863247865,-19.46275946275946,1023.7499999999999,762419714886034,444.162372,838b71847fb41f855645475b24de0b957a77a6961021cddb8a14822b26d94a7d,16380,451.389986,True,432,564
7272.9995787881235,c71e97c4,72,0.11494355793481999,762419726375092,0.0,True,True,c71e97c4,1025,762419733742130,-13.094505494505494,10112.37735042735,-51.6518315018315,1023.7499999999999,762420177662183,443.920053,66a27cf102797b5fdb6fab3fba4741d32a7a0f9fa8779dbff6db6976d29d494b,16380,451.287091,True,317,460
8503.287965486215,89dd07c2,73,-0.20324600928131734,762420189426743,0.0,True,True,89dd07c2,1025,762420196804491,-13.825213675213675,11215.604700854701,-50.21135531135531,1023.7499999999999,762420640688722,443.884231,8b6cbf25e4491575c716bc6c3100b30751961ae3f947af06c6159eebea5827d0,16380,451.261979,True,358,516
4502.083104991942,f82c88ec,74,0.4438225010508557,762420647487774,0.0,True,True,f82c88ec,1025,762420656951465,-11.545726495726496,5805.761965811966,-34.21074481074481,1023.7499999999999,762421098657889,441.706424,c5e175bd028faf459b59d53f8777fdc00837afe3f3b1cd6da9c4ab61503da06e,16380,451.170115,True,362,479
6746.1029280399425,cbc12510,75,-0.24573995390259473,762423101142924,0.0,True,True,cbc12510,1025,762423109375682,-12.43021978021978,11883.826862026863,-70.59188034188034,1023.7499999999999,762423552736548,443.360866,505920f3bb32f7062bdd30f13675a9f065fc583a4be19ebe67f3476eed46a379,16380,451.593624,True,252,392
1650.3725046588875,bbe38bce,76,-0.02592888089406377,762423561381037,0.0,True,True,bbe38bce,1025,762423568945548,-10.21062271062271,2291.236080586081,-23.164774114774115,1023.7499999999999,762424012758781,443.813233,52490689a383a623cc94e251904b09ab97ff15723499ba31e648ec6d847f1bd9,16380,451.377744,True,261,348
12833.72822823256,801a7e5a,77,0.2489155677188409,762424023339107,0.0007326007326007326,True,True,801a7e5a,1025,762424030850959,-4.037240537240537,12869.08199023199,-4.365140415140415,1023.7499999999999,762424474752476,443.901517,f6a5b10f5064d2dc0db01623a51604b7a43eaec124052e3d8af6caf164d0c89d,16380,451.413369,True,344,517
22158.86609434284,4c0e6dd3,78,0.5957685344189281,762424480829921,0.0018315018315018315,True,True,4c0e6dd3,1025,762424487862174,-12.053968253968254,23753.23070818071,-38.066605616605614,1023.7499999999999,762424931732661,443.870487,8f8753a0ab587ee25fde6984d6309589cc73e1a5269619f104c177c77ec75304,16380,450.90274,True,537,653
5901.932759086322,f2de0f1e,79,-21.925682479597217,762424939983984,0.0,True,True,f2de0f1e,1025,762424946841787,-4.782539682539682,6242.339133089133,-17.81947496947497,1023.7499999999999,762425390759912,443.918125,78398b774556e0660fbc369ba5b5a7160cd31289fa0c99829a8e19a6b11701bc,16380,450.775928,True,380,454
15371.46305366218,f5a3845b,80,-4.5785745894959,762425396111501,0.0007326007326007326,True,True,f5a3845b,1025,762425403850093,-8.986935286935287,15785.517887667887,-18.256227106227108,1023.7499999999999,762425847758216,443.908123,ef6978df5490ec2224fb1abdae30da375e9b803afbbcbe83e2bf914146e3aa73,16380,451.646715,True,406,503
12170.588469864824,f607e56a,81,0.45604940502111646,762425851782080,0.0,True,True,f607e56a,1025,762425858852476,-25.26953601953602,16823.799267399267,-63.36135531135531,1023.7499999999999,762426302763343,443.910867,479bb2c7defa3dd7e4ce1446c8cd0aaf62160d8cbcf46c348fa27d94d079e859,16380,450.981263,True,369,534
31612.638342941824,9dba78cb,82,-5.771905266702538,762426313517138,0.0027167277167277166,True,True,9dba78cb,1025,762426321880703,-5.202075702075702,31648.99536019536,-3.0488400488400487,1023.7499999999999,762426764833643,442.95294,2b45e9a6ca94b17049093b025de6331e41a605a976b5432c90b8b3ce1e87b413,16380,451.316505,True,391,593
12734.303593284343,e384c134,83,1.66279667664619,762426774073699,0.001800976800976801,True,True,e384c134,1025,762426781893304,-17.632539682539683,14803.906349206349,-41.93681318681319,1023.7499999999999,762427225647381,443.754077,81df06b9d3c02f0535ef9f8489f33092ae562c182e5252426677d5215dd44163,16380,451.573682,True,501,607
5325.684653863299,22113bc0,84,-0.12961374876816759,762427238566367,0.0,True,True,22113bc0,1025,762427247942692,-17.155067155067155,9563.284249084249,-62.7957264957265,1023.7499999999999,762427689789190,441.846498,723d49130a4a9937ed3e17fdfe15b5a24b578f6ac5a73df41be4cdd9a9312bc9,16380,451.222823,True,220,352
3664.2843293811056,1bd9629c,85,-0.19110129413624338,762427698801886,0.0,True,True,1bd9629c,1025,762427705960949,-9.927716727716728,5436.742735042735,-40.91330891330891,1023.7499999999999,762428149799472,443.838523,3f1a7da219e0116fa48f8f499de2fafab0904ced02ae39ac86c3cfa0accef1c2,16380,450.997586,True,189,302
7295.06323353251,8b73d6a6,86,-0.43093337104517204,762428156779466,0.0,True,True,8b73d6a6,1025,762428164030985,-16.570451770451772,9606.655372405372,-45.133272283272284,1023.7499999999999,762428607777339,443.746354,470e1e8bbeb93028b448a79bb9635de6b10462f544171a88af146ac1e8eac189,16380,450.997873,True,363,513
11703.948008139263,c13f2b8d,87,0.14092084494899587,762428621745202,0.001617826617826618,True,True,c13f2b8d,1025,762428628968828,-10.973321123321123,12678.171611721611,-29.22002442002442,1023.7499999999999,762429072809631,443.840803,18bd9c55a4c133acc0a2fcd6154bf1772e9fbbf35017be063a2875dbbb07f618,16380,451.064429,True,564,685
44121.458394353576,dfe86533,88,0.6646257118006184,762429082891151,0.01913919413919414,True,True,dfe86533,1025,762429092236647,-16.623137973137972,47730.08608058608,-57.726068376068376,1023.7499999999999,762429533854715,441.618068,42fafc930e84555cc523ec8b3bb35093075c1b41733fdafa08b1626c89f96d85,16380,450.963564,True,330,528
11536.01232575761,b02acb3b,89,0.20415709883404579,762429547372055,0.0,True,True,b02acb3b,1025,762429554934001,-27.427472527472528,16574.442796092797,-65.46880341880342,1023.7499999999999,762429998863197,443.929196,87c2119f4d65a4aae1604fd55348dae10b6d4e1c6a4b0fcd0b18a8196c666156,16380,451.491142,True,359,518
24071.690527799765,9e22e428,90,-0.3857157437159354,762430011490160,0.0021672771672771674,True,True,9e22e428,1025,762430018959300,-10.010805860805862,26740.5152014652,-50.681440781440784,1023.7499999999999,762430462819082,443.859782,e2cc80575dee10313d74a0da0a0f28fcbe96254cc6226f9d47bde8a3079a9a04,16380,451.328922,True,642,858
17393.635570307455,6d2cc34f,91,-0.09225605148466041,762430469637911,0.0008852258852258852,True,True,6d2cc34f,1025,762430476951988,-18.595909645909646,19286.472893772894,-39.332295482295486,1023.7499999999999,762430920859568,443.90758,88d5f8d92aed04a775881b04e22b8f657a9ca887085c294de7c615e50d5f6339,16380,451.221657,True,485,602
16722.8995921759,1a2afe35,92,0.9663325156712271,762430925951385,0.0030525030525030525,True,True,1a2afe35,1026,762430932992845,-6.111111111111111,17488.25989010989,-26.98174603174603,1023.7499999999999,762431376891838,443.898993,c0e8c6b2cd835d4a694cbf7083765a542a1e654aae2870a07818b6a141dc41e1,16380,450.940453,True,566,688
5706.4103275496045,e474e2e5,93,-1.729213106051466,762431394363759,0.0,True,True,e474e2e5,1025,762431402035424,-13.870451770451771,10357.851221001221,-66.77612942612943,1023.7499999999999,762431845892444,443.85702,54cde6cac39fc0afa463382872294f3d12f3488fbb6a64aa0996081452002b89,16380,451.528685,True,248,376
3165.676264556228,7b7fa593,94,0.5570182884921566,762431873482304,0.0,True,True,7b7fa593,1025,762431882392796,-7.791330891330891,4215.134188034188,-31.444444444444443,1023.7499999999999,762432324908433,442.515637,23d65818eab293d4dd4126b7a974b312ff031bcdb0209445f0bdfada50bff57f,16380,451.426129,True,318,427
7295.161096687197,d84e4948,95,-1.3232676535827468,762432343793772,0.0,True,True,d84e4948,1025,762432351162603,-13.902014652014651,9940.21855921856,-49.515567765567766,1023.7499999999999,762432794877520,443.714917,69d3d285937bfc52348e536a2d8bd2078ff409a3dbe5212aa162241ba48d0d94,16380,451.083748,True,343,473
10540.518339848322,415a31d7,96,-2.7382938123470413,762432804848340,0.0,True,True,415a31d7,1025,762432812898992,-7.039255189255189,12860.626862026862,-47.6503663003663,1023.7499999999999,762433255920043,443.021051,a2e144634fab2a6553301e8dbc04fa8d1ed09a3171503fdab666aab035eee7de,16380,451.071703,True,414,580
16846.249794658605,432fbcb7,97,-1.0264653312281347,762433267433967,0.000641025641025641,True,True,432fbcb7,1025,762433275125639,-11.081013431013432,18982.653601953603,-44.873321123321126,1023.7499999999999,762433718880076,443.754437,c7b7b59ad8c783ba2606cad8eabbfed01188eb1226fe57338c2bbaddc2bfc378,16380,451.446109,True,517,630
29164.676109534546,41fceb71,98,-2.495044884143905,762433725141238,0.0032967032967032967,True,True,41fceb71,1025,762433733140092,-6.606593406593406,29421.734615384616,-14.608608058608059,1023.7499999999999,762434176875052,443.73496,42e069f4a8d91f723c96e52d33f4e058e6177ee80b3031dbe4089bf63ee50d3a,16380,451.733814,True,518,684
21469.723558107882,e7e11856,99,-0.17584364718911666,762434181814751,0.0023504273504273503,True,True,e7e11856,1025,762434189082990,-15.537851037851038,24826.628205128207,-55.816483516483515,1023.7499999999999,762434632929308,443.846318,ea4dfd9d34d9572f63e31d94829dc8d3d69378f5bb899254a84e7a3a68454581,16380,451.114557,True,576,707
13399.960623646128,ad019ecb,100,-1.8507144825473631,762434646321579,0.0036324786324786326,True,True,ad019ecb,1025,762434656954223,-5.759340659340659,13623.723992673993,-13.805555555555555,1023.7499999999999,762435098049548,441.095325,6e9925ebbfa5178aba9969322f414b2b6fb63165dd9cd070de9332d78d30a592,16380,451.727969,True,486,627
17198.343100523136,1384642d,101,-2.0728342147267136,762435110650691,0.00042735042735042735,True,True,1384642d,1025,762435120231402,-6.117704517704517,17849.266056166056,-24.768864468864468,1023.7499999999999,762435561990511,441.759109,50323b703395a3bd059d23a5f930dace383720734e9466b7abe16a24f2545527,16380,451.33982,True,558,716
6490.440456641783,f497b572,102,0.2763586025321537,762435570969883,0.0,True,True,f497b572,1025,762435579078525,-10.324420024420025,7228.377960927961,-25.126556776556775,1023.7499999999999,762436022937030,443.858505,8da67240d3bbeb1d56474a6f4af1b7406152e523289805d0cf56f80b65690b4d,16380,451.967147,True,444,568
12212.91913992838,771a607e,103,0.24199954923426456,762436028264132,0.0,True,True,771a607e,1025,762436036216107,-17.725457875457874,17894.131440781443,-73.25995115995116,1023.7499999999999,762436479935787,443.71968,7b0efcc5fcf5b46c73cd7eaa2bebe2085d5bdf17646d9abd9fc5e57e120b32f2,16380,451.671655,True,360,538
7496.80337133122,80a89043,104,0.009850198468263079,762436485535235,0.0,True,True,80a89043,1025,762436493083015,-3.261965811965812,9258.983821733822,-41.851404151404154,1023.7499999999999,762436936924914,443.841899,0210ddde0188f7d94c463fc55f9a2fb9bcb6199176df63c3bd913fafe00e7614,16380,451.389679,True,420,506
12773.947644570866,832e3c2f,105,-0.08830641208276588,762436940149814,0.0,True,True,832e3c2f,1025,762436948063456,-5.210989010989011,16904.482173382174,-64.05763125763126,1023.7499999999999,762437391950830,443.887374,32d33160b95370c2cb8f794d2d154712d9b4f9930d676411974e9412f1fcf050,16380,451.801016,True,384,546
154250.07002865404,63fe97c7,106,-3.296218818905113,762437395727585,0.07527472527472527,True,True,63fe97c7,1025,762437403079043,-3.0474969474969473,154821.20354090355,-23.703296703296704,1023.7499999999999,762437846912412,443.833369,b30dd068bc84ec730bdc6ab7f9578af47b85eb9c5b4330e4562123c9c8702d8b,16380,451.184827,True,635,780
11031.725829311781,5f621616,107,-0.22159285883245075,762437850585611,0.0,True,True,5f621616,1025,762437858054721,-11.055006105006106,15207.531135531135,-63.66782661782662,1023.7499999999999,762438301949976,443.895255,88ba9984665777b21e9d0127687ef961a2d64306b4b65d8442e63ae4e1be96c0,16380,451.364365,True,373,528
28212.11604662093,3f3774bc,108,-5.171617538823503,762438305832532,0.0014041514041514042,True,True,3f3774bc,1025,762438313040297,-6.341636141636141,28277.03717948718,-4.9703907203907205,1023.7499999999999,762438756954194,443.913897,593ddec8b78d087facc1dd868a915d8e0b042d89c42e7bf07a0c7c7372fc688f,16380,451.121662,True,388,604
16910.911709938413,e31fcb63,109,-1.488963899742051,762438760664613,0.0014346764346764348,True,True,e31fcb63,1025,762438767980994,-4.088278388278388,17264.19365079365,-18.345787545787545,1023.7499999999999,762439211984591,444.003597,9f71d15280c25314061771082cbf7205ac2fa26a9f1fcffefa1f1bdb6f1cd64b,16380,451.319978,True,491,613
4017.1751719464905,444749c1,110,0.0830021255509162,762439216343419,0.0,True,True,444749c1,1025,762439223968895,-1.380952380952381,7106.410989010989,-55.56373626373627,1023.7499999999999,762439667983459,444.014564,c84d9490178dd96e55bc72df9e3428a979326f028fd622c6cef5a105feca30e5,16380,451.64004,True,199,310
12163.540413761384,233e74df,111,0.36170226990148124,762439672256674,3.0525030525030525e-05,True,True,233e74df,1025,762439679973814,-17.49896214896215,17622.86398046398,-71.78516483516484,1023.7499999999999,762440123953412,443.979598,b1a168e76052d212ea7623a78dbf64fc6cccfb689967f4664787528ef546b822,16380,451.696738,True,371,521
20559.539691186576,dfba07ff,112,-3.2290942890321284,762440128011740,0.00030525030525030525,True,True,dfba07ff,1025,762440135999172,-8.045909645909646,20883.836385836385,-16.11086691086691,1023.7499999999999,762440579990708,443.991536,8e6543d6ec7a09855002ce059a31350a0af94fd9e03720775f7a545ae75d83ce,16380,451.978968,True,618,792
31562.13827752359,b7b496fb,113,-10.699665906594094,762440584424228,0.0012515262515262516,True,True,b7b496fb,1025,762440592010179,-5.339194139194139,31611.8536019536,-4.605250305250305,1023.7499999999999,762441036067109,444.05693,766455fa8d159c8a03898fb48b6fb45d0f641125de269bf0efbd01ef98237a9d,16380,451.642881,True,383,587
10353.737964442627,8611da79,114,-0.0011223692144214032,762441040495979,3.0525030525030525e-05,True,True,8611da79,1025,762441047999965,-8.316056166056166,14124.317155067156,-60.83931623931624,1023.7499999999999,762441492043907,444.043942,acfb37ed8d1d6706be4c257a16b5846d79be8a335961cc4520cd793e06d3431f,16380,451.547928,True,345,519
3228.2558678799155,257bb381,115,0.9768029817993268,762441496092337,0.0,True,True,257bb381,1025,762441504023252,-7.41996336996337,4038.960805860806,-27.489072039072038,1023.7499999999999,762441948035883,444.012631,d77a6a4df8e36ccdd6a2a12f079c7db4aa86bff2f21b1fdd6670bc415c701db4,16380,451.943546,True,331,442
9484.907943049015,d4f52e98,116,-0.24363333637281542,762441951455892,0.0,True,True,d4f52e98,1025,762441958935692,-14.053479853479853,12728.214957264958,-55.18882783882784,1023.7499999999999,762442402996763,444.061071,fd96211ad98c8e4cc103973f629313a129f92e6dd5b6132fa3a4bd9a80eb2a63,16380,451.540871,True,351,503
8323.147186367425,69b1db4e,117,0.015874105579137453,762442406103469,0.0,True,True,69b1db4e,1025,762442414012141,-8.459768009768009,10996.318925518926,-51.005921855921855,1023.7499999999999,762442858046269,444.034128,e6dc5c04e3645069f570c441ffb747f0efc632efbe3b055ff6c5c2c44933dfce,16380,451.9428,True,357,523
8282.008284523103,ecbcb76d,118,0.266542609828176,762442861500673,0.0,True,True,ecbcb76d,1025,762442868929637,-7.026312576312576,13235.609035409036,-70.03021978021978,1023.7499999999999,762443313048615,444.118978,e66aff6eec9e8accd21e6ae4d95bc710a4b6c568c11edda17ab1545c410dafae,16380,451.547942,True,299,465
7475.994658033934,d17a6d32,119,0.11908458885998585,762443316636802,0.0004884004884004884,True,True,d17a6d32,1025,762443323989782,-5.961050061050061,7688.465873015873,-13.301770451770452,1023.7499999999999,762443768071726,444.081944,62cf15a689cbe37b97ffed709ab3d00a305bc82185fc02af820e1e67881edd30,16380,451.434924,True,400,513
12021.47077115023,4d78592b,120,0.2557788206358299,762443771048125,0.0,True,True,4d78592b,1025,762443778941879,-12.644261294261295,18421.19065934066,-78.99267399267399,1023.7499999999999,762444223066153,444.124274,ddf0863db3d687da4d1bc840023cdb2ce91fe4b2cc6de3a7beb788fca47dea29,16380,452.018028,True,357,521
4909.678280963712,fc8ce975,121,-0.09870872922206714,762444227774603,0.0,True,True,fc8ce975,1025,762444235984406,-8.157631257631257,9058.460012210013,-63.892368742368745,1023.7499999999999,762444680102284,444.117878,fe2b0df0f781da969339e118be3efbefa86358a29f42cf9a10b415e4bd3841c7,16380,452.327681,True,224,350
22240.643178792445,f805f358,122,-1.3147306947614366,762444684246925,0.001221001221001221,True,True,f805f358,1025,762444691984634,-6.6652014652014655,24462.720512820513,-46.66532356532357,1023.7499999999999,762445136151104,444.16647,9ac57d6f633cdd75d9bcde12f0295a4a9031576efd1a163dce2b5afb18556c83,16380,451.904179,True,502,649
6752.368851405344,120531f4,123,-0.2487565969019384,762445140344117,0.0,True,True,120531f4,1025,762445147945888,-7.0306471306471305,8774.834371184372,-44.41886446886447,1023.7499999999999,762445592087637,444.141749,467a9751349fb372f7ecbede73479c7f52166956d92fb5103c242834f2be881f,16380,451.74352,True,341,508
11453.489793976541,646159d8,124,0.44282630166598197,762445595542051,0.00015262515262515263,True,True,646159d8,1025,762445602984210,-3.037240537240537,12048.546703296703,-24.203968253968252,1023.7499999999999,762446047120077,444.135867,abeecb2994088be4f5f71a47601938d5254143aa3e439520ca0db5f2975e640f,16380,451.578026,True,605,748
24103.655963282752,01a1a867,125,2.7708285994997257,762446051235724,0.0037240537240537243,True,True,01a1a867,1025,762446058879845,-6.708424908424909,24450.813736263735,-17.382600732600732,1023.7499999999999,762446503116912,444.237067,9a2baf6edd8001369c14092e852ce28a61c17d2cad785e3d187d69f8da9ca8fc,16380,451.881188,True,570,718
12667.445372837716,00f5bd7f,126,-0.18366329776487073,762446506414940,0.0,True,True,00f5bd7f,1025,762446513921891,-25.545665445665446,19694.38180708181,-79.83956043956044,1023.7499999999999,762446958095656,444.173765,f19b595ec76ab5a90212a8f1c9b4a1981b02e948b6c3863f91a128165f20c671,16380,451.680716,True,360,519
10443.068699037363,ae99f718,127,-0.08586018989676897,762446962710068,0.0,True,True,ae99f718,1025,762446969985590,-11.754029304029304,14547.495604395604,-62.97832722832723,1023.7499999999999,762447414126541,444.140951,fed19c662d5e081700f13d4fd20b57eb1fccd51f92ec99aaf968f84399502717,16380,451.416473,True,381,542
12201.750611693285,dfe56738,128,0.1189100138958931,762447418708702,0.0,True,True,dfe56738,1025,762447425940922,-6.643589743589744,17151.90683760684,-70.04297924297924,1023.7499999999999,762447870105997,444.165075,c13c60bdba89c391087a47a751a75b4345321fd06a19e1f28be495b42e60f39d,16380,451.397295,True,364,522
11.99202216214121,c4521532,129,-15.060635602053338,762447873254301,0.0,True,True,c4521532,1025,762447880986309,-5.3658730158730155,71.03461538461538,-5.5,1023.7499999999999,762448325198161,444.211852,dd1a90da6db88937c67263e7981322d3c78651123d1e3506e46000e3c6b65b3a,16380,451.94386,True,12,17
8232.278883861018,9d4ceb29,130,-0.949891700874073,762448329107727,0.0012515262515262516,True,True,9d4ceb29,1025,762448336958008,-11.099023199023199,8993.31336996337,-25.255616605616606,1023.7499999999999,762448781157353,444.199345,0d04c5f2e639e7e1e0a4fd0f6361789d035a1d68451f9da5f7cf66a6636cad26,16380,452.049626,True,553,611
12710.053309979261,94c20cb3,131,0.22203213822208084,762448785763880,0.0007936507936507937,True,True,94c20cb3,1025,762448793958984,-9.973565323565323,14182.671184371184,-37.05598290598291,1023.7499999999999,762449238151376,444.192392,8068706f17ca5cfbbf9dbb40e0cd094bc107e568e4371635037814e3e56dc635,16380,452.387496,True,454,618
14116.326557831331,61ca734d,132,-0.3641262064933109,762449241953819,0.0007631257631257631,True,True,61ca734d,1025,762449250021222,-10.929242979242979,15742.3615995116,-38.81477411477412,1023.7499999999999,762449693249523,443.228301,8e5f48a8746a645c921eb1e38abd8f3281f0f0be99b6ea5c905b2713062ae1c8,16380,451.295704,True,481,610
20335.5126696655,1eece702,133,-12.101138112090013,762449697534260,9.157509157509158e-05,True,True,1eece702,1025,762449704999262,-6.171978021978022,20448.9521978022,-8.68021978021978,1023.7499999999999,762450149168275,444.169013,66b38714e252c18a41ad073ec734b6a7c1c865acb3e7202d1c265e408a0ff14a,16380,451.634015,True,352,461
13479.749256080033,483a8d64,134,-0.2252130333517534,762450153310131,0.0005189255189255189,True,True,483a8d64,1025,762450160960654,-14.743040293040293,16409.582967032966,-52.08144078144078,1023.7499999999999,762450604217556,443.256902,9f096d024f22a2e1bcc0dcb6a46c50b1ee3ba8fca176dbec5402abb2114bb469,16380,450.907425,True,518,644
6766.502616461005,f6ba89d9,135,0.1302357333428846,762450606930916,0.0,True,True,f6ba89d9,1025,762450614289035,-11.381929181929182,9681.647863247863,-52.77875457875458,1023.7499999999999,762451058300055,444.01102,44b328e0f8a39edcb3ef2fa3ec674e9021a8f37b8c4ee1d3987766b7c7c858d9,16380,451.369139,True,341,485
13554.137974654908,abebc7fa,136,0.24505293648124998,762451061868735,0.00030525030525030525,True,True,abebc7fa,1025,762451069374103,-22.96227106227106,19005.390415140417,-70.17112332112332,1023.7499999999999,762451513240106,443.866003,b68779814f6fbc29bc871cad4b71876b7f2d84e35a33654282af90825b7b21a8,16380,451.371371,True,414,551
5013.965878509633,36d3e1da,137,0.17045815187464755,762451517393804,0.0,True,True,36d3e1da,1025,762451524318011,-7.126312576312577,6155.785958485959,-33.03083028083028,1023.7499999999999,762451968319679,444.001668,5b79ae1c83725fbd1606119b34f1046fc3960a11092c3d545bb6218efbf0962d,16380,450.925875,True,368,492
21643.360235150823,513e5aa5,138,-0.5132344819491812,762451974055515,0.0025946275946275945,True,True,513e5aa5,1025,762451981381453,-4.457142857142857,21698.92661782662,-5.974969474969475,1023.7499999999999,762452425269553,443.8881,1ca9d62b60a7ddeed4b36d1fa629a18bd8b4ef7bfcf098e29e1e455b86c39a61,16380,451.214038,True,363,525
5191.351120350616,9c874562,139,-0.01098740692250381,762452428747792,0.0,True,True,9c874562,1025,762452435351833,-15.316422466422466,6488.138766788767,-32.59133089133089,1023.7499999999999,762452879314803,443.96297,6a90da9e13bbc3a36e7cb523a3729c231987936869d0b8c749bd7c4b53e8dac3,16380,450.567011,True,359,480
12428.574860248285,bbc83d9e,140,-0.8468216212975586,762452884546213,0.0018620268620268621,True,True,bbc83d9e,1025,762452891375420,-11.08943833943834,14798.756166056166,-47.404700854700856,1023.7499999999999,762453335311248,443.935828,89d03ad2548dfee9098b36402c48f0b5a47d9ce9003eb5be19cdf38b430f419d,16380,450.765035,True,441,572
11675.293471351943,ca11a7be,141,-2.0572568524091404,762453339847681,0.0018925518925518926,True,True,ca11a7be,1025,762453347482524,-10.797252747252747,13466.582356532357,-40.923199023199025,1023.7499999999999,762453791331124,443.8486,436a0837aa8351d34a27afc4c905db9cd5254f0a17ba8945183e8d1daaa54110,16380,451.483443,True,479,604
13103.020201316118,1bb13a9b,142,-7.931461782956753,762453795025202,0.0,True,True,1bb13a9b,1025,762453802357742,-14.765750915750916,17685.69877899878,-66.06550671550671,1023.7499999999999,762454246306761,443.949019,0737cdad2fcfb9e5360e2fb559f36ce365142e96f95e70fd729f933dcf6a4599,16380,451.281559,True,411,588
9445.895052298805,0a07bff2,143,-2.2243501483088957,762454249670994,0.00115995115995116,True,True,0a07bff2,1025,762454256386506,-12.404090354090354,10746.877167277167,-33.86916971916972,1023.7499999999999,762454700311435,443.924929,2727f7166f20f6df865516896246a3519f5e881dcb29847a907a076397ca7088,16380,450.640441,True,507,587
17851.039895711736,24907633,144,-4.127912810837929,762454704853911,0.0027167277167277166,True,True,24907633,1025,762454712409634,-14.783150183150184,19852.04487179487,-42.21923076923077,1023.7499999999999,762455156322711,443.913077,99ed9318cd953ec42607eb15c3e019ea7cbcc59ecc71f99ff1ac7eeddeca800b,16380,451.4688,True,532,679
12186.768305424735,20bd3112,145,-1.2235297880467284,762455159895309,0.0018620268620268621,True,True,20bd3112,1025,762455167381340,-7.7324175824175825,13790.285714285714,-39.290293040293044,1023.7499999999999,762455611332626,443.951286,e476e678fcf490fd17409d49e6e4c9c5d9d945b7927c5ed19ed84f97cafb4dbf,16380,451.437317,True,505,641
5239.666394632365,4cc26941,146,0.2969299690137785,762455614058840,0.0,True,True,4cc26941,1025,762455621458708,-9.178388278388278,8216.431379731379,-53.78217338217338,1023.7499999999999,762456065373684,443.914976,3592d91c05fe0140dec16e1b015f2f6ed00a0006bbe3fc898c86b8eb1edbff4b,16380,451.314844,True,287,406
9006.12586410808,55bbc70e,147,-0.1557137391445892,762456068693032,0.002197802197802198,True,True,55bbc70e,1025,762456075475050,-8.405067155067155,9661.244444444445,-24.175885225885224,1023.7499999999999,762456519347493,443.872443,19b42514f200f7652c2b6275b005ae5edc51aabbcae18199dd7f0980fb14ab45,16380,450.654461,True,411,529
7903.814025528467,dac17f27,148,-0.0670386394855086,762456521893997,0.0,True,True,dac17f27,1025,762456529429612,-8.996031746031745,12799.492735042735,-69.38840048840049,1023.7499999999999,762456973348001,443.918389,a1ae1004def32b4f0eff9f3bff28d7d7f44edc298719293de72a3fd29c0d4eb5,16380,451.454004,True,273,424
9950.237142406162,9eac8336,149,0.03082423221903787,762456976529197,0.0019230769230769232,True,True,9eac8336,1025,762456983424188,-4.595238095238095,11558.860134310135,-39.8435286935287,1023.7499999999999,762457427384364,443.960176,1b383dcd40176084d2b8f5cc0801c5ec79555e194705f768d4cb3c8dac74abe5,16380,450.855167,True,369,489
5608.045087318732,174ae194,150,-0.35853511325798954,762457430620254,0.0,True,True,174ae194,1025,762457437459139,-6.483821733821734,6828.011965811966,-34.32094017094017,1023.7499999999999,762457881374779,443.91564,5d1226a68256f81de4b13b5d01f817060ac418a700cfc1e5b20e77fe795e290e,16380,450.754525,True,385,510
9877.836442931983,2307daa8,151,-1.96171088944627,762457884463810,0.0011904761904761906,True,True,2307daa8,1025,762457891526689,-16.3482905982906,11738.009584859585,-39.91123321123321,1023.7499999999999,762458335400248,443.873559,b1fd15d103f025508de9d15418e7ca42a2f08b68c5f1b445a74241b7872b3fd5,16380,450.936438,True,426,526
4230.12796089069,d2f9feae,152,0.2855370844074085,762458339484915,0.0,True,True,d2f9feae,1025,762458346447174,-12.091269841269842,6637.364102564103,-47.5503663003663,1023.7499999999999,762458790424967,443.977793,73ec4944c93faf26a66a490909f51a5ae89141c134e33afd97aad9c6bbf0ff3a,16380,450.940052,True,204,314
3826.909729836708,cda8d4da,153,0.49671035924419804,762458794482844,0.0,True,True,cda8d4da,1025,762458801571472,-9.125091575091576,4455.67326007326,-23.355860805860807,1023.7499999999999,762459245396365,443.824893,7de4db886ace649676eb228cbcaae20fc1c59572b773f7cba7a9d12e75d3b321,16380,450.913521,True,343,464
4470.020708657778,4014b4af,154,-0.4586287276933344,762459249828862,0.0,True,True,4014b4af,1025,762459257564485,-10.143711843711843,6226.24652014652,-40.66117216117216,1023.7499999999999,762459701256623,443.692138,61a1cdd9fbba137f5a396599c08c750f31ee5a0ffd4a50f8d26a10b6c0c8891d,16380,451.427761,True,295,413
2026.3247325612251,0fc1210a,155,0.08753530411512367,762459705354626,0.0,True,True,0fc1210a,1025,762459712568842,-11.13876678876679,3253.682967032967,-33.21575091575092,1023.7499999999999,762460156418267,443.849425,07439473afd672bea97e79b116ebfddc77abfacfc2061500537a23a945a74369,16380,451.063641,True,167,260
2925.380864089445,661d981e,156,-0.3855794579082549,762460160288940,0.0,True,True,661d981e,1025,762460167504468,-11.205555555555556,3566.800915750916,-22.71245421245421,1023.7499999999999,762460611434182,443.929714,9fb0890fd7c9898d155aec0372e5e17a198cfd82c8aaf3db18b2effdbb07cbcc,16380,451.145242,True,316,429
13551.47779479949,cd6bd23d,157,-0.0536325794853688,762460615648585,0.0,True,True,cd6bd23d,1025,762460622580416,-23.61984126984127,20916.511172161172,-82.50537240537241,1023.7499999999999,762461066431671,443.851255,3390d1f1151b65867f8ffb571b0f19b769d045d6774bc06ee269321cd8c6f546,16380,450.783086,True,357,537
1216.108642090849,eaa3fed3,158,0.037257560081972604,762461069201127,0.0,True,True,eaa3fed3,1025,762461076557673,-8.733943833943833,1675.7539072039071,-19.57967032967033,1023.7499999999999,762461520439393,443.88172,8b0a0003c19f600b6318150b1987f037b5a8209bd266e96bb23933417cad74c2,16380,451.238266,True,208,289
9376.865023607514,2516a805,159,0.07170400914510267,762461524684334,0.0,True,True,2516a805,1025,762461532687484,-21.046642246642246,12727.34004884005,-53.92136752136752,1023.7499999999999,762461976437142,443.749658,fbcabcde06e4e8d3692bea994127693cd07a5a668a14c601bc8ee9a09ff904dc,16380,451.752808,True,358,493
37208.16424177538,68323ee6,160,1.3226376949034742,762461979639969,0.0014041514041514042,True,True,68323ee6,1025,762461986636272,-11.61037851037851,38325.56562881563,-31.346459096459096,1023.7499999999999,762462430487932,443.85166,3a203ed188169848cf8ecb0859c1964e65ae2037a46bd1e340ac79fb570977d2,16380,450.847963,True,687,861
9417.456986974496,dea3102d,161,-0.30968602383653443,762462434885783,0.0,True,True,dea3102d,1025,762462442615084,-22.64761904761905,12530.748962148962,-50.99389499389499,1023.7499999999999,762462886459287,443.844203,f2fe24a44680a21dfc594670d9feb40385d192cf55db6a69637737f91b9621a0,16380,451.573504,True,378,527
8937.159204407382,6192f684,162,-0.014318417253142715,762462925903104,0.0009157509157509158,True,True,6192f684,1025,762462933826272,-12.534126984126985,9833.373076923077,-27.186568986568986,1023.7499999999999,762463377479362,443.65309,109321d03b4ab01bdfb1657478ea9a6885ae60d20a92badee866ec681cb110e9,16380,451.576258,True,452,571
4647.355110747345,c1d31255,163,-0.05579595633878183,762463381511981,0.0,True,True,c1d31255,1025,762463388616689,-5.572161172161172,6262.716239316239,-39.8034188034188,1023.7499999999999,762463832489743,443.873054,ba26d15652178d357dbf14898765aa0ec01d9aa8e34351dde0996cba30fdb8a8,16380,450.977762,True,340,451
4308.116555952865,ad431ad5,164,-0.8180846568075786,762463837213151,0.00015262515262515263,True,True,ad431ad5,1025,762463844604782,-6.201709401709402,4954.95293040293,-24.665262515262516,1023.7499999999999,762464288507872,443.90309,6da1d8b0a0b036b3feed5715bd56d5b76d44206d3455f7f0a60f6383b875ee09,16380,451.294721,True,390,489
4505.498632743257,c788876f,165,0.3766921813633648,762464292757642,0.0,True,True,c788876f,1025,762464300681332,-4.526312576312576,5822.11800976801,-36.001831501831504,1023.7499999999999,762464744485792,443.80446,46fc39324cbbdb29ca43d104f3bf35f042a8a2245a455f92a8de50fd3984db6f,16380,451.72815,True,344,453
3640.546294224023,36e407e8,166,0.24000679916520984,762464748102964,0.0,True,True,36e407e8,1025,762464755691257,-7.26984126984127,5130.5566544566545,-37.90989010989011,1023.7499999999999,762465199530994,443.839737,ea8937693cbe99266aeb54395e7d96b72604fdc121ebbeaa44610208af41951f,16380,451.42803,True,185,291
13389.50127374728,fa120477,167,0.3819738276225321,762465204465972,0.0,True,True,fa120477,1025,762465211684967,-9.745299145299144,21096.320879120878,-87.24590964590965,1023.7499999999999,762465655541661,443.856694,ebe45dd159756d3390dae1c1ac6c1322649cbcef12010c38001edf0f95548693,16380,451.075689,True,377,542
1923.9459417214175,a29325f2,168,-0.2723852652334307,762465661607642,0.0,True,True,a29325f2,1026,762465668764909,-7.7695360195360195,2525.35115995116,-23.26025641025641,1023.7499999999999,762466112505614,443.740705,5c91bc0e37eae607b2acc5260bc3676caa3d66caefacc1abcd77ee303a5fab90,16380,450.897972,True,277,351
6955.305567370495,678ca43e,169,0.396411166779968,762466115606538,0.0,True,True,678ca43e,1025,762466122677502,-11.715934065934066,10336.149328449328,-56.952442002442005,1023.7499999999999,762466566549643,443.872141,ce03599a5be1c3bbbd6421ca44fed97c6983f57c00abdc514a2dfce40badf03f,16380,450.943105,True,296,421
45586.04828834712,7f37fd84,170,-20.355939432035285,762466570052879,0.0013736263736263737,True,True,7f37fd84,1025,762466577684294,-16.43296703296703,49499.14908424908,-60.35775335775336,1023.7499999999999,762467021528481,443.844187,cfeb25cd517e0403a02ff8a25404451571f153ac8b6afcef14050e4c285f7de6,16380,451.475602,True,581,941
4646.892260566729,fc9955fb,171,0.589361038114296,762467024616150,0.0,True,True,fc9955fb,1025,762467032726373,-4.53980463980464,8910.457631257632,-65.13797313797313,1023.7499999999999,762467476564335,443.837962,e4564441696318b6fd858fc2c879d50ad40fb64866f615b7fa9208c5d7671ea4,16380,451.948185,True,211,328
29670.326001891885,a4ffb58e,172,-4.648143012644452,762467480626460,0.0035714285714285713,True,True,a4ffb58e,1025,762467488713358,-4.5034798534798535,29706.111599511598,-3.9375457875457878,1023.7499999999999,762467932510662,443.797304,cc4243661e2e833f314b2cc0fc6b46a7b4d298076d57b4c63cf9f205e578a250,16380,451.884202,True,377,573
11449.958499189726,496b2325,173,-0.2846900862636995,762467934978056,0.0,True,True,496b2325,1025,762467942691908,-19.37918192918193,14932.36214896215,-55.73913308913309,1023.7499999999999,762468386555365,443.863457,c249303ee9b5216f1129066e88dc8a30c4c7dc2c6c4743c25072ab4ed898c17f,16380,451.577309,True,372,539
4084.2912474860645,93a609c4,174,0.09275743872002168,762468389485165,0.0,True,True,93a609c4,1025,762468396728315,-8.736446886446886,8108.130525030525,-62.82924297924298,1023.7499999999999,762468840544170,443.815855,59713f900eb3dd44e9c7505da06a3729c905b71086cdad6852724cb1d55097c2,16380,451.059005,True,202,312
8261.754829782887,11e81c70,175,-0.029882313964735896,762468843738010,0.0014041514041514042,True,True,11e81c70,1025,762468851663552,-10.946153846153846,11715.035164835164,-57.73614163614164,1023.7499999999999,762469295541975,443.878423,35f2762263ba4afe827b72a406cce083624064970ff97ffd948d9d538a566bd4,16380,451.803965,True,317,411
6753.399876975554,a3411820,176,0.44215464766000223,762469298908672,0.0,True,True,a3411820,1025,762469306694089,-10.172283272283272,8846.743223443224,-44.60793650793651,1023.7499999999999,762469750609058,443.914969,71b6e9d03f2e70af193c2fb706ab83b9a4a8fa42614ddbfc91cdf77a6b184da1,16380,451.700386,True,350,486
25193.99821418881,a93914a3,177,-0.10062105358965663,762469754652908,0.010347985347985348,True,True,a93914a3,1025,762469762733514,-9.08943833943834,28654.76623931624,-58.121855921855925,1023.7499999999999,762470206595803,443.862289,94f7022c95b12c3f5a76d67c41aa7ad162d1afae43afe684eb656c9009b8eecf,16380,451.942895,True,338,489
10429.571702897902,13a3e6f9,178,0.07342874192922047,762470209876868,0.0,True,True,13a3e6f9,1025,762470217605437,-17.280158730158732,17803.429731379732,-84.11452991452991,1023.7499999999999,762470661627956,444.022519,222275ac239f37dec134b3d89ee422b27803a827dc7bc7dc8271f0d22ac4cb06,16380,451.751088,True,325,469
4857.166308670301,1a99cfae,179,0.13296030354725413,762470665363983,0.0,True,True,1a99cfae,1025,762470672612132,-14.867155067155068,6365.483638583639,-35.87875457875458,1023.7499999999999,762471116598532,443.9864,07e8127bdf5152b9bc3d4a2aa396bc67dc8876dde2bcbe366a095cff0dfc80fd,16380,451.234549,True,328,452
13842.547104602087,0000b307,180,-0.28436414391476295,762471120668471,0.0014041514041514042,True,True,0000b307,1025,762471128662553,-8.593528693528693,16183.341636141637,-47.61245421245421,1023.7499999999999,762471572588025,443.925472,26c853c448b069023c0bae793e2865a307ff3127dc3c72b2e19487b70a61e835,16380,451.919554,True,513,654
8613.28762869338,265d736b,181,-4.713128205815103,762471575757458,0.0,True,True,265d736b,1025,762471583617136,-8.35897435897436,13713.88376068376,-70.92759462759463,1023.7499999999999,762472027632015,444.014879,458b97e9708319ed4218e4d7bc314ba5d99895005c3f82d7b0020f7fa8c53d6d,16380,451.874557,True,298,454
19624.462620963353,014f54ff,182,0.37968290746775996,762472031011817,0.002380952380952381,True,True,014f54ff,1025,762472038648723,-18.555799755799757,25984.66727716728,-77.56214896214897,1023.7499999999999,762472482640667,443.991944,4a71b095fa6306f8f4f0ed9550c50caa66eeffd4fa0e9b676717882321ba2744,16380,451.62885,True,520,680
14468.427718900622,6925c1e0,183,-5.137925399687521,762472485881656,0.0,True,True,6925c1e0,1025,762472493701929,-20.81037851037851,22255.232173382174,-85.7539072039072,1023.7499999999999,762472937669104,443.967175,d148fae9870e13356ff1ccba35122190779f9a99785576d422bb82513a9896f6,16380,451.787448,True,413,571
37117.967202714535,d115a184,184,-8.228779448970503,762472942707047,0.003418803418803419,True,True,d115a184,1025,762472950706219,-6.597924297924298,37212.52893772894,-7.143467643467644,1023.7499999999999,762473394715271,444.009052,997f6a369ebb582ab1d6a9b22ca5af9db569ce9ace760b009043d2f0b2111459,16380,452.008224,True,418,666
2254.5281950650083,ef472505,185,-0.9413301567108977,762473399960577,3.0525030525030525e-05,True,True,ef472505,1025,762473407716097,-11.391575091575092,2985.0308913308913,-24.50989010989011,1023.7499999999999,762473851668711,443.952614,7627c6e668f01b414d6a3f337c2fa7f85f3bdf6ed1aaa56d3f849b67d3725f8b,16380,451.708134,True,297,388
5918.820672035195,e2843b9a,186,0.27225671652532235,762473855126580,0.001617826617826618,True,True,e2843b9a,1025,762473862686861,-10.117277167277168,6501.23663003663,-21.91019536019536,1023.7499999999999,762474306656676,443.969815,c9e093eabc56e55874ed128db6b8a3d6b8db3b7511a2d93308610f5573e75a3b,16380,451.530096,True,344,417
8858.165699567357,fd0af65b,187,-0.3066267213829043,762474310717057,0.0,True,True,fd0af65b,1025,762474318639634,-16.252991452991452,12170.598962148963,-55.21117216117216,1023.7499999999999,762474762697463,444.057829,96cbf50da1f3b92604b9d250b6955a18f9f764009f341af6dcbaaf0e7fd96c55,16380,451.980406,True,356,497
18114.6132877396,5b520e2b,188,-0.7793831898518657,762474768115275,0.0039987789987789985,True,True,5b520e2b,1025,762474775596265,-12.507081807081807,19276.35231990232,-31.706654456654455,1023.7499999999999,762475219654004,444.057739,32f1dec9ecae45db26ef9e4bd777966cce4f79da8fd368b28cc1a0c7b079290e,16380,451.538729,True,549,674
7456.62301626809,3f9438cd,189,3.6501956617895566,762475222602308,0.0025946275946275945,True,True,3f9438cd,1025,762475230581762,-4.025335775335775,8080.858241758242,-24.658302808302807,1023.7499999999999,762475674682008,444.100246,a178fef075d54a5c03ede6aa34ad0c8f807df8aec277a9e17e521f0d97fffbc7,16380,452.0797,True,267,339
6270.320092204974,cd022e0c,190,-0.7395331194561492,762475677376471,0.0,True,True,cd022e0c,1025,762475684566410,-13.4998778998779,9868.298473748473,-58.444261294261295,1023.7499999999999,762476128712472,444.146062,412ec41115625015da377201a18d2a100a124c13ccf0a0d836e7fb2d74196213,16380,451.336001,True,290,453
19330.22671800388,6226c279,191,0.05515478130878596,762476131861547,0.0005189255189255189,True,True,6226c279,1025,762476139659487,-17.84181929181929,23241.388644688646,-59.94023199023199,1023.7499999999999,762476583685629,444.026142,62856fc64b99f74314b9655d2fc7743a6ca9b86e8721d7d6f3782b868f8079ed,16380,451.824082,True,559,788
737.024253150526,bbc70300,192,0.426580853304204,762476587771137,0.0,True,True,bbc70300,1025,762476595543129,-6.745299145299145,1241.4009157509158,-21.42142857142857,1023.7499999999999,762477039732379,444.18925,04f2335ab57fa0da98f90ff941821ce41b68449737df05df8e647a3469c9bc20,16380,451.961242,True,91,143
13355.673270434625,339e8aff,193,0.7107253835137377,762477043687189,0.002197802197802198,True,True,339e8aff,1025,762477051587023,-6.444688644688645,13964.455433455434,-23.816971916971916,1023.7499999999999,762477495730974,444.143951,8924e61111d9b3aee05f85d747e7598440b869b9aecfebab11a2cfd90715e257,16380,452.043785,True,500,621
1834.269587852454,97484b58,194,0.29823821336267836,762477498815877,0.0,True,True,97484b58,1025,762477506600392,-8.904639804639805,2903.4943223443224,-31.463186813186812,1023.7499999999999,762477950780451,444.180059,95ceec97531416517c4c866645d34cc37f0e804efb81942ffb4e8414aebeebe1,16380,451.964574,True,181,279
10439.711548640276,8ddb0a94,195,1.4817299733121971,762477954927566,0.0019230769230769232,True,True,8ddb0a94,1025,762477962670792,-8.727594627594627,11085.14768009768,-23.85927960927961,1023.7499999999999,762478406743926,444.073134,83dfd8efec48a9ab6af213017b94eba7b970b8cd2ce9923ce99a31db034ce106,16380,451.81636,True,462,597
11427.521611702978,0465c801,196,0.006979384491503227,762478409673155,0.0,True,True,0465c801,1025,762478417571465,-14.90006105006105,17332.52094017094,-75.38559218559219,1023.7499999999999,762478861765456,444.193991,80aebecea526d0fdf822c3e4fc25764c7342040462b9ab0ddef711ad7c0f082e,16380,452.092301,True,349,509
13658.994156946364,3b208c97,197,0.18275581389030288,762478866779363,0.0013736263736263737,True,True,3b208c97,1025,762478874544100,-15.597008547008548,17038.91727716728,-56.005860805860806,1023.7499999999999,762479318798965,444.254865,ef7ce151c510e85b69fb800c0bd249e642a38adec8b5d54358a2378b8ad867ec,16380,452.019602,True,520,613
4254.784816782729,4cc712ab,198,0.2070637860712799,762479324223239,0.0,True,True,4cc712ab,1025,762479331640228,-5.987179487179487,5376.538827838828,-32.95311355311355,1023.7499999999999,762479775824125,444.183897,424aacb0343c6f5aeed3c461171b7f3a90407ac5b70f24144b8ed7955ce83b3d,16380,451.600886,True,334,460
4808.273549557889,275c001c,199,0.34093613530616856,762479780580344,0.0003663003663003663,True,True,275c001c,1025,762479788605154,-6.785531135531135,5795.918803418804,-30.685531135531136,1023.7499999999999,762480232775947,444.170793,ae54c4185c418b017d92fbca5a2ec187e17db4191e767b96cd3646071dbb3cc6,16380,452.195603,True,394,490
2077.511497798769,632b008c,200,0.030033955099432942,762480237254600,0.0,True,True,632b008c,1025,762480244608298,-5.9784493284493285,3158.2675213675216,-32.326678876678876,1023.7499999999999,762480688776622,444.168324,796e3bef6d640bd6b9b0285b5b4fcc93563ca3c5761f6371294cacfb3aff2e46,16380,451.522022,True,266,354
4184.501127342674,7507261b,201,0.36225959253479634,762480692083756,0.0,True,True,7507261b,1025,762480699615292,-4.339621489621489,4905.777594627594,-26.503663003663004,1023.7499999999999,762481143762506,444.147214,3706379cb417a9325898bd190df86dfdd92c86df607bb3bcc52cc781ba7ceb97,16380,451.67875,True,314,443
12647.647835648613,e4525b9c,202,-0.11378608889336733,762481146723805,0.0,True,True,e4525b9c,1025,762481154596567,-23.15018315018315,18367.62277167277,-72.00030525030525,1023.7499999999999,762481598787851,444.191284,b22b473c4b6d252aa4e80d1dd92208888ba5ee0caff1e08e7a117c27494a0dac,16380,452.064046,True,354,540
20902.348196209234,b8cf6a80,203,-4.581156946567273,762481602279644,0.00173992673992674,True,True,b8cf6a80,1025,762481609652429,-6.425335775335776,21072.762087912088,-11.363492063492064,1023.7499999999999,762482053771757,444.119328,8f885fc3ab753a778df9d76721b4461b43419942444f7f428e3fd9d192b4fb34,16380,451.492113,True,425,584
29117.541951000436,7fdc2ed7,204,-8.16933822139023,762482057050346,0.0017094017094017094,True,True,7fdc2ed7,1025,762482064622629,-6.430463980463981,29287.95934065934,-11.36074481074481,1023.7499999999999,762482507896042,443.273413,65bba02c494d7477c726ef0d0dfbc357e75bace4352d404e174cc742acc2abee,16380,450.845696,True,513,685
7243.262166993908,95852f76,205,-0.24800465921893636,762482510731492,0.0,True,True,95852f76,1025,762482518629311,-7.798473748473748,9354.260561660562,-45.27893772893773,1023.7499999999999,762482961914775,443.285464,8c71b986cab3b7b0bb727d80a5966f315e0441c0007a12c642f4a4df8fd9e7c9,16380,451.183283,True,356,483
1679.6406856205115,3d93426e,206,-0.5511025659630788,762482966464342,0.0,True,True,3d93426e,1025,762482974676938,-8.49114774114774,2198.1619658119657,-21.12869352869353,1023.7499999999999,762483417942041,443.265103,481281c28d53947ecb5b2b2894264615d1e5067ebbed5655aecbab6ca94da987,16380,451.477699,True,270,348
1170.5560492559944,81f2185e,207,0.38967569955967296,762483422409783,0.0,True,True,81f2185e,1025,762483429961597,-8.544139194139195,1835.6605616605616,-24.333150183150185,1023.7499999999999,762483873910063,443.948466,af4a3064ddb2a20b32a152256703199b66c77cebe9a6a69f832596519e5d97ac,16380,451.50028,True,212,268
11952.28673461188,8c1bc0d8,208,-0.6817569682578026,762483877060059,0.0,True,True,8c1bc0d8,1025,762483883980988,-32.71251526251526,18069.821245421244,-71.04523809523809,1023.7499999999999,762484327915957,443.934969,6efb5feae804f19d64bbdf2ec0b727dc8fcbc098ab0a76e4e855c82427066b93,16380,450.855898,True,347,518
11563.447152435816,caf0e9e5,209,0.4558160086222857,762484331298113,0.0,True,True,caf0e9e5,1025,762484337968677,-19.874542124542124,16553.70354090354,-67.78833943833943,1023.7499999999999,762484781914264,443.945587,a7427eb9364c9ca482de52fc8b8361c07e6cb61b67b90491d80d25329838e3ec,16380,450.616151,True,369,526
3987.602634731298,a33d9118,210,0.2724496162020463,762484785071434,6.105006105006105e-05,True,True,a33d9118,1025,762484792009144,-7.967704517704518,4986.4720390720395,-30.584065934065933,1023.7499999999999,762485235951444,443.9423,caa0c117072500b6c91bc4d265923b8e566643c4765b3e06245bff59cae05d95,16380,450.88001,True,333,448
7871.471026416265,ba24f520,211,-0.33345097030022036,762485239844097,0.0,True,True,ba24f520,1025,762485247086724,-7.7415140415140415,10250.242002442003,-48.154334554334554,1023.7499999999999,762485690952135,443.865411,1e1ea516e52376a3b492b208a9b1dfafb77a6b011e7de271133e761120d42136,16380,451.108038,True,355,494
3604.8294691402753,d356c2bc,212,-0.16729452788043028,762485695311923,0.0,True,True,d356c2bc,1025,762485702014738,-9.297069597069598,5199.1125763125765,-38.83101343101343,1023.7499999999999,762486145964809,443.950071,76fccc0613db8ff00d49377a1e51d234000b052aa3e5dcae68196d65cc2253f3,16380,450.652886,True,279,389
2691.8498728608256,66a654e7,213,0.6535741333786371,762486149750169,0.0,True,True,66a654e7,1025,762486156985072,-13.294017094017095,3486.8650793650795,-24.865323565323564,1023.7499999999999,762486600951681,443.966609,f0707c52cec65a70fdcd231b188ee70b71f0ffeb722c395e980df062cfc82d97,16380,451.201512,True,315,405
2373.7996441802666,997dea26,214,0.4425644973558012,762486603372125,0.0,True,True,997dea26,1025,762486610060403,-7.441880341880342,3262.6489621489623,-28.86984126984127,1023.7499999999999,762487053970845,443.910442,abd5c11b2a14d0775f63705b32bc0d273ddbad5f45fc1fc1b681362e51b33140,16380,450.59872,True,260,348
4957.780334537936,22666056,215,0.11095070859084805,762487056926533,0.0,True,True,22666056,1025,762487064052620,-14.572466422466423,8261.775457875458,-55.60250305250305,1023.7499999999999,762487507970764,443.918144,6410d92aa45b5cef90058dfee295a31c427153acbda2d13d09e7c19fa7ec2c42,16380,451.044231,True,244,356
6007.80719701205,3b080c69,216,-0.8211825611692201,762487511327421,0.0011904761904761906,True,True,3b080c69,1025,762487518032611,-10.406898656898656,6607.891452991453,-22.176129426129425,1023.7499999999999,762487961980230,443.947619,76baeb4ea945eed57756125bf5ca839becfd516a5989bfbc365a4ee18ddec93a,16380,450.652809,True,413,517
219785.3800571291,c15cffc0,217,-4.2994918761516745,762487965340504,0.11181318681318682,True,True,c15cffc0,1025,762487972059390,-4.280708180708181,220070.19120879122,-16.324420024420025,1023.7499999999999,762488416032895,443.973505,24c924dfda3d5b4b983962ad2f1c01b21d5f4051822aa5472d0c053d75b44c42,16380,450.692391,True,662,822
10993.020677614679,e97004d4,218,-14.256606945708086,762488419861447,0.0002747252747252747,True,True,e97004d4,1025,762488427067866,-10.225030525030524,11819.904822954823,-26.876251526251526,1023.7499999999999,762488870998719,443.930853,ca57b4ed40dc1cfb1c6d5c6db9f39bf17d5355ffc2a145e5a6bc1ae31c21110b,16380,451.137272,True,562,629
26251.544469430988,26cfe5bb,219,3.3888471245204874,762488873529362,0.003144078144078144,True,True,26cfe5bb,1025,762488881074883,-23.265323565323566,32094.84664224664,-72.81501831501832,1023.7499999999999,762489324994844,443.919961,8ff3cf2d29ea7fe6d8f6a1b30495230efc93fb5706379f196be884071e38586c,16380,451.465482,True,581,872
13407.168664811314,36ab508d,220,-2.737217224005904,762489328164768,0.0006105006105006105,True,True,36ab508d,1025,762489335085816,-6.56062271062271,13919.36391941392,-21.65995115995116,1023.7499999999999,762489779066319,443.980503,09d8845265ed9da02313c7f23839f113c3b5f003ba4359e22efa61a754164f7b,16380,450.901551,True,479,608
11680.664014544675,e38bca32,221,0.16579862167955278,762489782292610,0.003937728937728938,True,True,e38bca32,1025,762489789068954,-8.77875457875458,12401.737362637363,-25.377289377289376,1023.7499999999999,762490233036903,443.967949,91af56aa8ae8e7c5835491deceaa7aabb98df13b65427582ac0430dcfd71e331,16380,450.744293,True,374,525
8148.814535322567,17411dc7,222,0.25941447558200814,762490236764383,0.0,True,True,17411dc7,1025,762490244144230,-14.896947496947497,10786.384065934066,-49.1492673992674,1023.7499999999999,762490688048635,443.904405,7e92478c0c1b5c58e9e9110e9189175ac7e8bb25ee83fbe66d50478c9eeb6f57,16380,451.284252,True,357,502
2482.549419323723,6e902a92,223,-0.05299536118235895,762490691638394,0.0,True,True,6e902a92,1025,762490699084968,-9.634737484737485,3598.4908424908426,-31.986141636141635,1023.7499999999999,762491143058854,443.973886,a32afbb738263712fd4dfd97ab2405f0745cec2d4401567c4bb2c472ea8c6d1f,16380,451.42046,True,229,313
13867.898382367192,3bbd5254,224,-0.11845143990282596,762491146364435,0.0017704517704517705,True,True,3bbd5254,1025,762491154130694,-18.02094017094017,17718.00341880342,-59.37466422466422,1023.7499999999999,762491598070582,443.939888,3c0b5a3be56836672f87209a7b0bc5541a4ebd3523f34130ebf26557dc823421,16380,451.706147,True,421,533
6223.707186564961,e5b982f7,225,-0.22380030197184128,762491600849005,0.0,True,True,e5b982f7,1025,762491608140134,-10.540476190476191,10750.87380952381,-66.45347985347985,1023.7499999999999,762492052069192,443.929058,8357a672bda97b117aae49b570aaa26512a12ac841f075f63974eac4a1222e17,16380,451.220187,True,249,378
4199.32762345679,69ef92ec,226,0.3889291556491869,762492055549784,0.0014346764346764348,True,True,69ef92ec,1025,762492063149017,-6.163247863247864,4609.7867521367525,-19.29957264957265,1023.7499999999999,762492506923910,443.774893,73693e2d5b1aa5f28c6f97d8539c9ab53a3ac56c4650ba4fac6cf1be8ea26651,16380,451.374126,True,244,307
887.2925572409547,7261cb34,227,0.3673495168854595,762492510568402,0.0,True,True,7261cb34,1025,762492518170130,-6.895726495726496,1343.9028693528694,-20.225213675213674,1023.7499999999999,762492961929592,443.759462,d065b45d259a96ae716fa0516c0014f39fae6238138f33a5b28d35e221256e81,16380,451.36119,True,190,254
1976.0983022678718,4109ac78,228,0.08385094552040041,762492965644719,0.00057997557997558,True,True,4109ac78,1025,762492973216670,-4.539194139194139,2271.385653235653,-16.573565323565322,1023.7499999999999,762493417079776,443.863106,b96c245607619ad792c60aa15304a009a43abd3f9cc801bf9812b4a28c50ff4f,16380,451.435057,True,213,255
6653.168525808746,f25dab07,229,-2.371196967343963,762493419468631,0.0,True,True,f25dab07,1025,762493427161411,-4.7424908424908425,7387.2593406593405,-26.675824175824175,1023.7499999999999,762493871073649,443.912238,75c9f1f5c28464afede26b16adfdb820492e8b89150d5b3264ed4f4e792dc242,16380,451.605018,True,462,535
2861.831414568677,1d66caf8,230,-0.3959434437156259,762493875026435,0.0,True,True,1d66caf8,1025,762493882233305,-4.9503663003663005,3640.0445054945053,-27.453724053724052,1023.7499999999999,762494326111187,443.877882,25fdcfe3f3c61e8d1e7eff8ae96e4dd324f1ccd704b78c5f9a50fba37da4313d,16380,451.084752,True,322,405
13818.06191781424,07c97358,231,0.08665353516912756,762494330669851,0.0008852258852258852,True,True,07c97358,1025,762494338231672,-13.916788766788766,16610.72796092796,-50.98028083028083,1023.7499999999999,762494782084975,443.853303,e8495e4a211ec2401470028cf085983784f5670a67330f982b4877261e08c26d,16380,451.415124,True,488,612
8104.478254251513,f7e43531,232,-0.18121989590482673,762494785500133,0.0007936507936507937,True,True,f7e43531,1025,762494793210526,-8.445299145299145,8590.831257631258,-20.372283272283273,1023.7499999999999,762495237119584,443.909058,e77234eb42509db33eb64cd71187d1e8e3a7a05c11df9979505917fa098a97fb,16380,451.619451,True,431,545
12157.794445980013,37a9dbef,233,-14.092994525546693,762495239835878,0.0011904761904761906,True,True,37a9dbef,1025,762495247229141,-9.968376068376068,13318.784859584859,-32.58253968253968,1023.7499999999999,762495691097608,443.868467,90be37aed222990a4dfc54b8f7a068b1be695e39adc088607948e52bc9c06855,16380,451.26173,True,503,615
8786.25836579646,f6e05f81,234,-0.16422164343020262,762495694669403,0.0008547008547008547,True,True,f6e05f81,1025,762495702202230,-10.411599511599512,10432.113553113553,-39.21037851037851,1023.7499999999999,762496146130470,443.92824,827b31c6548ab3070f35a24dcb73287e5f9b29dcd205b0230f2fcc690f8b6923,16380,451.461067,True,391,498
1348.359133562476,3487b06b,235,0.2012355538746323,762496150019436,0.0,True,True,3487b06b,1025,762496157379846,-7.688217338217338,1959.069536019536,-23.486202686202684,1023.7499999999999,762496601136378,443.756532,b1ec2a3860b078a54eaed7ec0ae1940d5297544450016994c658dbfe068e90b8,16380,451.116942,True,236,295
7005.842103066518,cbca2e42,236,11.383720924153394,762496603947171,0.0024114774114774116,True,True,cbca2e42,1025,762496611235054,-7.347924297924298,7401.404517704517,-18.481623931623933,1023.7499999999999,762497055128494,443.89344,b2a47ac79707c747c4c2e93c6d620e3cb6dbcdcd4f1d6c62d02c746ea2873149,16380,451.181323,True,310,391
10869.489615421888,5cb56957,237,0.023956690935284988,762497057653817,0.002442002442002442,True,True,5cb56957,1025,762497065259612,-11.044444444444444,12384.873382173382,-37.328327228327225,1023.7499999999999,762497509129536,443.869924,90f714ee68d519f1be83b9b5a97c8cc92ccde927f194e7a11cd20cfeb66fcd48,16380,451.475719,True,442,584
15961.211280005096,4a5a1124,238,0.9889231779354569,762497512326911,0.0006105006105006105,True,True,4a5a1124,1025,762497520340869,-8.00860805860806,16081.582600732601,-7.498901098901099,1023.7499999999999,762497964176226,443.835357,b8012b9e99a50116383ecfca629f6e3b5fde31e7427d5ec2c0535c14b7959242,16380,451.849315,True,468,673
15611.552791158103,d3e5ec88,239,-6.552605716036109,762497968107602,0.0010683760683760685,True,True,d3e5ec88,1025,762497975379264,-4.137728937728938,15702.019536019536,-8.564224664224664,1023.7499999999999,762498419166287,443.787023,4c0f6967e18ae0587e178239507c0b8b7f34cd3ae028d008bdf9e41367c8866c,16380,451.058685,True,370,544
9862.817799316746,f8896b2c,240,-4.668186590304308,762498422873659,0.0019230769230769232,True,True,f8896b2c,1025,762498430314431,-7.12045177045177,10155.75231990232,-15.563858363858364,1023.7499999999999,762498874165854,443.851423,1fa0e3706d939e85ebe05ae0bcbb081f055725e8caf47023c6ede77b5e8c858b,16380,451.292195,True,435,587
59105.372366513555,5d36b787,241,3.436566792760381,762499188739645,0.012667887667887668,True,True,5d36b787,1025,762499196341172,-5.3598901098901095,59169.71428571428,-5.967704517704518,1023.7499999999999,762499640175739,443.834567,88822b68a91e0124245e48fb9652a3734f882b4e58d2fc2acca586ccf930c0a4,16380,451.436094,True,654,930
44242.87994447724,aec83dcf,242,0.7309603359841109,762499643774585,0.009462759462759462,True,True,aec83dcf,1025,762499651303795,-5.122222222222222,44321.0300976801,-7.205067155067155,1023.7499999999999,762500095195551,443.891756,f46e7e7ac5a5b0a512813145c6afc30ff647d653b80ec61074aca02a19bb38b6,16380,451.420966,True,610,830
1116.2251804293928,07d0c6a9,243,1.274666989178871,762500099245210,0.0,True,True,07d0c6a9,1025,762500107301799,-2.1626373626373625,1637.6677655677656,-22.73247863247863,1023.7499999999999,762500551193682,443.891883,343b0321532fdbaee5c5321c5cc32337729d3ed0de033e2871505c59cb065980,16380,451.948472,True,220,284
781.9197093264216,c301563b,244,0.40855709827426556,762500554302800,0.0,True,True,c301563b,1025,762500562417849,-8.695726495726495,1187.1972527472528,-18.156593406593405,1023.7499999999999,762501006190285,443.772436,c4de8696dfd3fd92dff6c87561256ba3832a9070523c9f4bdbbeb32dc93f3d8c,16380,451.887485,True,95,153
4961.512107050798,8a445f67,245,-0.0017220605242283344,762501010237601,0.0,True,True,8a445f67,1025,762501018357038,-5.716605616605617,6767.696764346764,-42.11300366300366,1023.7499999999999,762501462211507,443.854469,996e528a47b0fdf96a6e75dfbea27fee8777d3f1ca8287d99f905cfbddaf58a0,16380,451.973906,True,270,387
18495.5415973946,80a5b459,246,-2.305492944520892,762501466297766,0.0007631257631257631,True,True,80a5b459,1025,762501474326973,-5.329059829059829,18719.284615384615,-13.976556776556777,1023.7499999999999,762501918216747,443.889774,204ec244d2322f6bb71f15bef7fe53c93fa6ae99228f8600eadf8273119eca7b,16380,451.918981,True,559,820
34589.16838960151,26a5373e,247,-8.366272901103084,762501921907427,0.003418803418803419,True,True,26a5373e,1025,762501929383877,-6.255982905982906,34673.329975579974,-6.71001221001221,1023.7499999999999,762502373266857,443.88298,fc5e5fb2f2ebc9a3bc4daa3808c84a320bf2d5121a93ac6173648594e0ab8b00,16380,451.35943,True,465,679
1140.5748059852913,a7fe71f6,248,0.1544670106033155,762502376494029,0.0,True,True,a7fe71f6,1025,762502384339297,-3.5733211233211235,1903.0532967032966,-27.38083028083028,1023.7499999999999,762502828254365,443.915068,f616acdb693af1db9f007101316c814c87c9d1b6377a8739aabc7b391a9df157,16380,451.760336,True,194,259
734.5392263078801,4361b531,249,-0.21579033653554225,762502831871846,0.0,True,True,4361b531,1025,762502839339710,-4.662820512820513,1103.2911477411478,-18.628205128205128,1023.7499999999999,762503283239428,443.899718,ac5dd2fbff9200dc0dc24c06d81b2d3d054db47a6abb037151ef91fd73f8a6ba,16380,451.367582,True,172,213
640.4556794372361,1b884d62,250,0.46876382785094817,762503287033764,0.0,True,True,1b884d62,1025,762503294286520,-5.974297924297924,995.2849816849816,-17.864407814407816,1023.7499999999999,762503738242112,443.955592,15495c1bfa2f69c8c0f59053caa65439bf09a4e2f175d4d2d5f4b4fdcd595134,16380,451.208348,True,160,201
1184.7817493265113,0abf0182,251,0.017440343872650352,762503742861741,0.0,True,True,0abf0182,1025,762503750362406,-6.319536019536019,1809.6316239316238,-24.184981684981686,1023.7499999999999,762504194308800,443.946394,ce274e23d0b024c97c46251a903e8ad09da3190c4e8d61ea1a552440e3b38cbd,16380,451.447059,True,214,272
14540.071741186503,2053e081,252,-11.44532415100478,762504198959768,0.0,True,True,2053e081,1025,762504206276535,-18.96080586080586,19356.40976800977,-66.75946275946276,1023.7499999999999,762504650285825,444.00929,717d3dcb7faf809c54ad4afa89f24bdee4fbddb03936202cd1673d374edb7f8f,16380,451.326057,True,350,541
620.9394855656486,61b32df3,253,0.5029559614633944,762504654153339,0.0,True,True,61b32df3,1025,762504661286739,-6.1271062271062275,1002.6423076923077,-18.5515873015873,1023.7499999999999,762505105263877,443.977138,0d9bcf4f3fef5e653a6493f1bd16fc431bf9e96637e28b1134a9cb99da6d2793,16380,451.110538,True,87,144
844.560334903192,9669e82a,254,0.26205664194977357,762505107939545,0.0,True,True,9669e82a,1025,762505115359177,-6.568864468864469,1318.9039072039072,-20.765201465201464,1023.7499999999999,762505559289563,443.930386,c56dc34b21d1a8545adcde96d01f2945b2e6301ce4b2799491a452089bbaf63c,16380,451.350018,True,169,213
9378.698216965508,d3ec0b73,255,0.2693664265795989,762505562932352,0.0015873015873015873,True,True,d3ec0b73,1025,762505570292692,-8.253357753357754,10037.074725274726,-24.295238095238094,1023.7499999999999,762506014295826,444.003134,c01a4132d04ea6fb9549c4267d6971d213aae7ccd4037359058d7935ad5ec20f,16380,451.363474,True,461,573
35146.22903513696,28b2e50b,256,-9.520586995998206,762506018032132,0.0029914529914529917,True,True,28b2e50b,1025,762506025307140,-6.567582417582417,35272.60384615385,-9.123687423687423,1023.7499999999999,762506469312846,444.005706,69dda7476588afff0206ea23e905d504a001f252011d71aeea8b79d6984d36e5,16380,451.280714,True,485,716
975.0946068346251,679a6b42,257,-0.04939155430235359,762506472573471,0.0,True,True,679a6b42,1025,762506480295957,-3.1703907203907202,1359.0252747252748,-19.335958485958486,1023.7499999999999,762506924295029,443.999072,049a09c6f063eedc780ce0eb8311711c31177966139655e458d38eb5f34c879b,16380,451.721558,True,210,255
7757.097462635723,98c72cc9,258,-0.3777438903271567,762506928095957,0.0,True,True,98c72cc9,1025,762506935260396,-13.117521367521368,10772.432722832722,-53.32228327228327,1023.7499999999999,762507379396145,444.135749,1c1888d3de10c6bf739888b6fa7d6fd9e16831c20ce01668fa98bf083bdaad17,16380,451.300188,True,320,467
5123.298691184341,4c9c8f11,259,0.2694335610079419,762507385841031,0.0,True,True,4c9c8f11,1025,762507393286502,-4.9041514041514045,6622.748778998779,-38.410927960927964,1023.7499999999999,762507837334062,444.04756,c3018c2dd0807aa20f81fc5fd4280965adc6a64e868e82339e073bf571086978,16380,451.493031,True,321,459
1087.8264159290716,0035af0b,260,-0.07505502319572813,762507841927321,0.0,True,True,0035af0b,1025,762507849290696,-7.0938339438339435,1898.1272283272283,-27.567704517704517,1023.7499999999999,762508293349887,444.059191,a1d0e80ab1b828dc48413580509692796515d4ebd4aedfa1d9c2581725d036b9,16380,451.422566,True,111,172
5487.387082325149,c677b9d9,261,-2.8567690556490826,762508296323830,0.0,True,True,c677b9d9,1025,762508304349760,-8.288339438339438,6941.7592796092795,-37.224664224664224,1023.7499999999999,762508748347662,443.997902,d9d199c40d899c4b763f818bbbde3507d675f8823e8624e1ad30748dedf50b27,16380,452.023832,True,341,441
10437.60028605569,9259a858,262,-0.1917927500175691,762508751432023,0.0022893772893772895,True,True,9259a858,1025,762508759232085,-6.780891330891331,10894.835897435898,-20.27942612942613,1023.7499999999999,762509203353482,444.121397,1c45bbfcf6d512ffc2a19e1d11692be1f1bc9c395dea3d44eed3251f00f111a1,16380,451.921459,True,424,537
1434.218883708206,63a4a18f,263,-5.896406144182995,762509206776554,0.0,True,True,63a4a18f,1025,762509214236252,-9.81056166056166,1989.0297924297925,-21.414102564102564,1023.7499999999999,762509658370599,444.134347,7bf2e8be51e3f1eb9d2f795b361de0654de8d0ba61fb0a20e0d4c02130484d59,16380,451.594045,True,249,308
4123.0205813807,b7cde7b7,264,0.1854003054133925,762509661403403,0.0,True,True,b7cde7b7,1025,762509669411078,-15.005433455433456,5249.7667277167275,-30.026373626373626,1023.7499999999999,762510113406091,443.995013,07e50c2d32deade738f03cf226feabaef8efe50c9f1f97f495376b9c6f4a6ad9,16380,452.002688,True,307,422
1057.5669936348415,f3209c5c,265,-0.035993151762612814,762510118341298,0.0,True,True,f3209c5c,1025,762510126230278,-10.598412698412698,1496.6839438339439,-18.077350427350428,1023.7499999999999,762510570380252,444.149974,21f94751bfb1c5542e84cdbd470237caf35fffccb7bf09f4739c8ce0552476cf,16380,452.038954,True,218,269
722.0088127030344,72ca8ac6,266,0.2757333417219541,762510573710208,0.0,True,True,72ca8ac6,1025,762510581189372,-7.621306471306471,1089.8832112332113,-17.6008547008547,1023.7499999999999,762511025366326,444.176954,1fdffeeda0a9c3510e8331efadeebac432c6d88717ae0a112cffe42477e015c9,16380,451.656118,True,94,141
1534.6325262910334,25333a79,267,0.7067176379078717,762511028438875,0.0,True,True,25333a79,1025,762511036215943,-6.887240537240538,2129.843772893773,-23.404639804639803,1023.7499999999999,762511480364371,444.148428,12f7070dc7c84901445491a96ddfbb888465280db591cb17d72eaabe4b87f919,16380,451.925496,True,253,335
5429.624386882959,b872907f,268,-18.19537669447699,762511483326942,0.0,True,True,b872907f,1025,762511491280564,-9.011355311355311,6169.869963369963,-25.671794871794873,1023.7499999999999,762511935415725,444.135161,99e992a3b8fe8efb40c120b4aa93640ea0478dda3e780816e8f903715f3fb0b3,16380,452.088783,True,291,395
971.5050076070314,843ad77d,269,-0.002998918433034483,762511938872963,0.0,True,True,843ad77d,1025,762511946240816,-8.327167277167277,1529.5427960927962,-22.106471306471306,1023.7499999999999,762512390396965,444.156149,f9fa3890beb3d7366ad863e7c724a10220e20ce6766b6693ea5bdac4173d5460,16380,451.524002,True,182,234
822.4016705428611,25711e2a,270,0.25393133603783163,762512394060052,0.0,True,True,25711e2a,1025,762512401250330,-6.468559218559219,1293.1965811965813,-20.71117216117216,1023.7499999999999,762512845421936,444.171606,d2344a82300ea06956d02ec3d28e084235c491a1da70565d9500a456622e2944,16380,451.361884,True,169,210
1490.037478994008,5310b449,271,0.20277605899450182,762512848295939,0.0,True,True,5310b449,1025,762512856280470,-7.602625152625152,2280.534371184371,-27.068376068376068,1023.7499999999999,762513300411408,444.130938,31b28b54ea4903efea363855c979739b2ebad2a6ca607ee139cc853cc611a119,16380,452.115469,True,197,251
10037.12521990694,17164475,272,-0.6841284650347977,762513304248896,0.0029914529914529917,True,True,17164475,1025,762513312244999,-5.465689865689866,10326.956532356533,-16.123199023199025,1023.7499999999999,762513756399890,444.154891,2b546ab0864ed0ace073a3940f67d874776975e04ee82b9ce40392e2b502fcaf,16380,452.150994,True,369,502
4901.665778582088,67ed1222,273,0.0717280566212174,762513759233416,0.0,True,True,67ed1222,1025,762513767236161,-11.422405372405372,8682.39188034188,-60.41733821733822,1023.7499999999999,762514211463209,444.227048,f9c7189f8b351a90a6e1fe5908e45ce9e8841439148b24739a8bb110a2f19797,16380,452.229793,True,211,335
5290.788107649371,71114e48,274,-2.5461661890472658,762514215858954,0.0014346764346764348,True,True,71114e48,1025,762514223245642,-4.778205128205128,5744.349084249085,-20.754029304029306,1023.7499999999999,762514667477626,444.231984,e7a8fcda96b2a953bb723b24d4cad1014874cbdcd083b0e5c80f40aeeeb3581a,16380,451.618672,True,309,383
755.4768088410029,f6c6257a,275,0.6620792136853425,762514672085191,0.0,True,True,f6c6257a,1025,762514679256362,-8.999572649572649,1255.366056166056,-20.466971916971918,1023.7499999999999,762515122527956,443.271594,535d3eeecd0996611a14afbb7e430788a3fe61704fa8e2c20a921dc751338b00,16380,450.442765,True,89,148
99441.55134903117,e5e0fe78,276,-0.7998374137337507,762515125627877,0.011477411477411478,True,True,e5e0fe78,1025,762515132582227,-4.785103785103785,99584.29224664225,-10.947313797313797,1023.7499999999999,762515576544887,443.96266,ccdfedca06e8d3488418d6911ffcd8f333332b364df3bd1349185358fdbe1faf,16380,450.91701,True,702,1024
12976.513252223967,08d76013,277,-0.07933076052925661,762515580999643,0.0002442002442002442,True,True,08d76013,1025,762515587566139,-22.13791208791209,17531.4568986569,-63.75622710622711,1023.7499999999999,762516031552303,443.986164,f396a4dc66c8a255fdc68d5ff2442076eb53cae2e247d3033dce130385edf058,16380,450.55266,True,424,541
9725.643310027715,4c943945,278,6.223386484522183,762516034859246,0.001800976800976801,True,True,4c943945,1025,762516041617314,-16.014041514041516,10829.894444444444,-29.117032967032966,1023.7499999999999,762516485567357,443.950043,7dc89a7d26b094dc98252ecf0915e6563989fdc97097025461cd214f0b5f5016,16380,450.708111,True,455,619
3048.138430752533,08703605,279,-0.23824369076375057,762516489383804,0.0,True,True,08703605,1025,762516496582437,-12.689743589743589,4280.527228327228,-32.73162393162393,1023.7499999999999,762516940555212,443.972775,7968ffed308f6ea8ef0f396ece02b4fe05025a3cf26f9f434a0126246a09afa4,16380,451.171408,True,297,406
4153.259284648332,6b95b3d2,280,-0.05157694003655712,762516943544252,0.0,True,True,6b95b3d2,1025,762516950622096,-15.636630036630036,6010.69304029304,-40.16129426129426,1023.7499999999999,762517394569351,443.947255,9dd349c5ab03d00ed9919afcf4efe2fe46939b8b98ce990b05d5d80ac4c00706,16380,451.025099,True,291,403
771.6337438931305,521f70b3,281,0.0804402931150243,762517397641639,0.0,True,True,521f70b3,1025,762517404656203,-9.100427350427351,1344.0009157509157,-22.125763125763125,1023.7499999999999,762517848615719,443.959516,14919c96024f5ea0dd514a5a21bdd740c8f7e4d77c5b08d8ad4754e5299515ea,16380,450.97408,True,93,147
8814.171515692626,6aa14bd0,282,-0.40419579844497344,762517853404097,0.0020757020757020757,True,True,6aa14bd0,1025,762517860732636,-6.243101343101343,9494.433882783882,-25.323626373626375,1023.7499999999999,762518304573707,443.841071,7a279adcdb2c9bbe13ec5b5aa61da13cec777a6f180393f0f78e60e8de59203f,16380,451.16961,True,449,556
2292.765970964323,1fb2a3f5,283,0.032524505233799364,762518308692156,0.0001221001221001221,True,True,1fb2a3f5,1025,762518315657858,-6.2926739926739925,2683.8506715506714,-18.74798534798535,1023.7499999999999,762518759589587,443.931729,d8680ab9d6efd26ea19ba2c44a8303bfa6e7f8fa934c2546b98ce1fc29704986,16380,450.897431,True,293,393
1048.8603064094364,f17c4eb4,284,-0.07370534196826889,762518762938279,0.0,True,True,f17c4eb4,1025,762518769703571,-10.418131868131868,1759.6896825396825,-24.541636141636143,1023.7499999999999,762519213596226,443.892655,4fd9ecb9cd8a1bd492b40c3b6a7144d61e82bd70d12a96399888c32cfa33d7fe,16380,450.657947,True,199,268
33438.92559902484,86a03c99,285,-4.1729933538601,762519290185227,0.0025030525030525033,True,True,86a03c99,1025,762519297774349,-6.578937728937729,33506.39664224664,-4.9181929181929185,1023.7499999999999,762519741610083,443.835734,98e9203d201346abb62ad429cbe709ef2f9f6725ccfd5ecd859da8c5c1eb3bbc,16380,451.424856,True,439,678
15.596363142013326,93148da5,286,-0.11002367557103493,762519948228035,0.0,True,True,93148da5,1025,762519955711026,-2.872100122100122,53.20213675213675,-5.4181929181929185,1023.7499999999999,762520399631428,443.920402,0b7381f99a76b9495c889559f3b40e54385502887026c3abc3fca817c7ba7d65,16380,451.403393,True,13,20
12686.723994220743,ed7c84c6,287,-0.6075375588121705,762520402820879,0.0,True,True,ed7c84c6,1025,762520409689826,-11.585592185592185,18528.936935286936,-75.551221001221,1023.7499999999999,762520853609395,443.919569,211b5f9e33ed52e926975b1368125075f4e47380c6be2cbc070425b13fc4cf01,16380,450.788516,True,351,533
878.8045313904655,103b0e17,288,-0.8143016625591194,762520857246713,0.0,True,True,103b0e17,1025,762520864794206,-6.652747252747253,1298.1455433455433,-19.367032967032966,1023.7499999999999,762521308653961,443.859755,24ee333aed0819b2eafe4d47b376b026c5cfbf07b48cf7461d0ea64bb165ad5a,16380,451.407248,True,172,213
394.2247150848067,eb28bd84,289,0.3914741588107735,762521311572849,0.0,True,True,eb28bd84,1025,762521318749420,-6.212637362637363,657.9956043956043,-15.005799755799757,1023.7499999999999,762521762670929,443.921509,4719605172945ed1b6b18b8b18950844e03a23ce6c3cdb764e98c396bc99f0bb,16380,451.09808,True,65,100
465.096111278831,90055390,290,-0.03457092606292693,762521765970447,0.0,True,True,90055390,1025,762521772704840,-6.32051282051282,815.3274114774115,-17.614835164835164,1023.7499999999999,762522216674340,443.9695,6797a7a96d5a5f3012c8224d734a0bd108547f79285bd9a2230cb9b05eb168cd,16380,450.703893,True,76,119
1085.6442986920824,5901c3e4,291,-0.29115926384069635,762522219986503,0.0,True,True,5901c3e4,1025,762522227697966,-5.972466422466423,1515.2935286935287,-19.8489010989011,1023.7499999999999,762522671667392,443.969426,7fa18953a2a34c4021583af4fb32e43a3d27fc60d3b947df7a0fc79bcf30934e,16380,451.680889,True,203,278
570.8746138155021,49d176e2,292,0.44992680093226434,762522674685879,0.0,True,True,49d176e2,1025,762522681742442,-5.756410256410256,974.4558608058608,-19.246947496947495,1023.7499999999999,762523125650983,443.908541,548922c86fedb6ec25ee0948be2ed98089ea76829d83e8acb8c55e6ae6023580,16380,450.965104,True,79,127
1143.7615471904298,1282dcb1,293,-0.8038578739432589,762523129079055,0.0,True,True,1282dcb1,1025,762523136733370,-9.793223443223443,1651.3697191697192,-20.290415140415142,1023.7499999999999,762523580681342,443.947972,c63e19cd7ec392cc3797f2b48d3e5a6205b68e33ce49ca2cc870896177725a0c,16380,451.602287,True,207,267
758.4380930428274,422051d2,294,-0.20067524495397177,762523584942021,0.0,True,True,422051d2,1025,762523591775872,-7.994383394383394,1260.9285103785103,-20.942307692307693,1023.7499999999999,762524035675653,443.899781,279b78dafdefe8e1f520c1d6d7d5674645586f60f9a43d8be2c006ca699cc5c8,16380,450.733632,True,93,138
3529.9867787408634,8210792c,295,0.49482741885195214,762524039327007,0.00015262515262515263,True,True,8210792c,1025,762524046803446,-6.597008547008547,3846.6666666666665,-16.52753357753358,1023.7499999999999,762524490731778,443.928332,1b62a33bc55ce43cd8f0fb8053ddbbd79500d64bd0b78a5676f71b9ae8ed0b02,16380,451.404771,True,345,424
994.6508751626884,af3978eb,296,-0.027156105343656128,762524494997035,0.0,True,True,af3978eb,1025,762524502917845,-3.5606227106227104,2039.7505494505494,-32.13131868131868,1023.7499999999999,762524946575453,443.657608,64846855949942c5b22b76fb474f25b06acf0c2084d428ddd0fe24908677e3c6,16380,451.578418,True,147,225
1082.1880970084724,c3bad7c2,297,-0.4553611398338354,762524950249791,0.0,True,True,c3bad7c2,1025,762524958088796,-9.505921855921857,1645.7432844932846,-21.752991452991452,1023.7499999999999,762525401562996,443.4742,98b40a9e49f84ab1ee06fe98602e07b8111adb84f8a01c25dea221913dc3dbc4,16380,451.313205,True,220,260
10158.671853666956,0930e589,298,0.27168971417345195,762525404529934,0.0,True,True,0930e589,1025,762525411886866,-11.415445665445665,15007.533516483516,-68.69169719169719,1023.7499999999999,762525855707690,443.820824,6d30db65111b0bd2dbce28fa34820d18db75b1823c962bc36cb46104d067be2c,16380,451.177756,True,347,482
19801.129755646944,12def26b,299,-4.144465736897439,762525859778008,0.002380952380952381,True,True,12def26b,1025,762525866820975,-6.401526251526252,20060.419841269842,-14.775335775335776,1023.7499999999999,762526310706891,443.885916,6400c43912361b01e06b55ea803792c63bf403159671faa41ffa0bd63736f1db,16380,450.928883,True,458,617
1025.4826044969816,937fb2af,300,0.35598346167927586,762526314307991,0.0,True,True,937fb2af,1025,762526321857547,-4.838156288156288,1465.8503052503052,-20.41959706959707,1023.7499999999999,762526765772886,443.915339,73caa476a21393e6e0282e20716c22cf2a61fd5e50c65841a9126f4641017542,16380,451.464895,True,213,276
744.0148502782661,8b97404a,301,0.06058206662755533,762526770803422,0.0,True,True,8b97404a,1025,762526777889101,-4.821306471306471,1093.823137973138,-18.07106227106227,1023.7499999999999,762527221763943,443.874842,31ad66e27543532d954c393b4123640ebf05b267cb2c7167adeda70e7ecc73cb,16380,450.960521,True,90,143
967.3066997559489,2029c38b,302,-0.42251392994509535,762527227264810,0.0,True,True,2029c38b,1025,762527234852158,-7.367826617826617,1479.9880341880341,-21.41019536019536,1023.7499999999999,762527678783584,443.931426,4cd99f6ab455779e6f80396fee40409139662863e4cd7d9bcb0d63047fffe3a7,16380,451.518774,True,204,249
17827.213989118332,2a1be4ef,303,-4.473006437012522,762527682269826,0.0014346764346764348,True,True,2a1be4ef,1025,762527689928900,-7.514468864468864,18035.2010989011,-12.30934065934066,1023.7499999999999,762528133742673,443.813773,7c5a64ee105aa5d7f284c28ac8097535cfb68fdb6181de5e46b14d25f0fd1bf8,16380,451.472847,True,469,646
17405.187103092605,18df5993,304,-17.089155409443933,762528136528238,0.0005189255189255189,True,True,18df5993,1025,762528143867516,-5.982967032967033,17660.149511599513,-14.804273504273505,1023.7499999999999,762528587771978,443.904462,6a3ae368742b252012bc25d6ea6753f445b8f98b43a84be48708439dee46447a,16380,451.24374,True,453,525
4441.202559682212,cbf94d9c,305,-0.3497726735115644,762528591772073,0.00015262515262515263,True,True,cbf94d9c,1025,762528598844596,-11.775274725274725,4879.21514041514,-17.301892551892553,1023.7499999999999,762529042757794,443.913198,41e51d802d23e2620f663ff1d124c009378ccf4ce540ea23eef56d9d7f50a20a,16380,450.985721,True,439,502
882.52733590653,9fcdff3d,306,-0.015150850673822885,762529046245548,0.0,True,True,9fcdff3d,1025,762529053914350,-4.6068376068376065,1252.4774114774116,-18.674236874236875,1023.7499999999999,762529497768374,443.854024,10120c12c2fd21175ec9a63e783d01307eb0cfc13387bcef1c1530f9e474e346,16380,451.522826,True,206,247
2530.4925663798285,2ed07726,307,0.5123120670197102,762529500698513,0.0,True,True,2ed07726,1025,762529507906372,-4.668315018315019,3221.6418192918195,-25.87191697191697,1023.7499999999999,762529951767297,443.860925,b0290cfb422b3e8d1bd1c2ba09b4e9eef96c56f09fb8959558c4f4f9d18af007,16380,451.068784,True,364,424
5116.355155439121,1e53065f,308,5.435416227447312,762529954869972,0.0,True,True,1e53065f,1025,762529962010795,-4.453785103785104,5969.919963369964,-28.874358974358973,1023.7499999999999,762530405782399,443.771604,8cb48be53bb80d136b5f2a094f1a43638297d1b8878396a65ce14c0a79766ccb,16380,450.912427,True,341,522
7024.665248736137,77b023ee,309,-2.3177138791658667,762530408927304,0.0020451770451770453,True,True,77b023ee,1025,762530416990644,-5.725518925518926,7458.084432234432,-20.015934065934065,1023.7499999999999,762530860780200,443.789556,8f9cf2d18062f945ab6decd635edb7c088e4563ec2d7c3e625a79c83257b2edf,16380,451.852896,True,319,410
6953.520552130341,598754a3,310,9.348092619956251,762530864661169,0.0025030525030525033,True,True,598754a3,1025,762530872102330,-4.494017094017094,7383.823748473748,-20.251098901098903,1023.7499999999999,762531315790865,443.688535,d65a923093c15332d9fd88c6ea3c912ce4777d5a1f0cfa944d248086dc335135,16380,451.129696,True,312,401
4493.275477457693,90a93645,311,0.5366093546052999,762531318233691,0.0,True,True,90a93645,1025,762531325982063,-8.903235653235653,6360.526617826617,-42.284554334554336,1023.7499999999999,762531769801723,443.81966,766cf81817da73badbd27c656a298a1fd840c193dfd07c310c3c710aabeafdfe,16380,451.568032,True,286,385
10874.766881970629,9cc1ee63,312,6.978696679324373,762531773014547,0.0028388278388278387,True,True,9cc1ee63,1025,762531780967587,-8.197680097680097,11383.730708180708,-21.018131868131867,1023.7499999999999,762532224817274,443.849687,7f636ea3eb10621696b7218cfe13bdcb88e2ce7cd54f87af19d4e604f88d8792,16380,451.802727,True,489,638
8784.934855388134,d7447e3b,313,-0.20788067263772908,762532229329458,0.0,True,True,d7447e3b,1025,762532237010343,-10.47161172161172,12573.337851037852,-60.652686202686205,1023.7499999999999,762532680806224,443.795881,0c8ac99607df8a945ff2b8c7a2bbc6b7c399f0991ceb2ba11a0757bc28edc0ef,16380,451.476766,True,360,494
7368.964403647498,51835378,314,6.042943200444858,762532684347270,0.0024725274725274724,True,True,51835378,1025,762532692176746,-5.164041514041514,8006.720390720391,-24.72020757020757,1023.7499999999999,762533135845697,443.668951,08cc90af1d7bf0b191a85ddb60f0612da25957f999a5f7d4bc2da7cd6c4079c3,16380,451.498427,True,327,407
18010.214918976355,3ac65cb9,315,-0.27628614595160694,762533139510056,0.0026251526251526254,True,True,3ac65cb9,1025,762533146986393,-9.501098901098901,21919.642796092798,-61.79932844932845,1023.7499999999999,762533590819201,443.832808,e738fa6eec1912792f22abdc13b0749e084db4dab911b7c9e5bd34052c681852,16380,451.309145,True,467,596
693.8958376455994,d8689a7a,316,0.22196181391458164,762533593624273,0.0,True,True,d8689a7a,1025,762533600992977,-3.173199023199023,733.4960927960927,-5.4342490842490845,1023.7499999999999,762534044857744,443.864767,25d35eccb57e7ced0f599915e055cdd5a3188d10a543414e712151456f9781db,16380,451.233471,True,223,305
1517.3359159931777,ad9e302c,317,-0.2166895975713583,762534048256581,0.0,True,True,ad9e302c,1025,762534055974365,-5.8598901098901095,2359.844017094017,-28.428327228327227,1023.7499999999999,762534499828380,443.854015,51ffdfde1a9b0c06f595bfbacc42b9df4c53b4d0448dbf315f5f89cf4f08b26d,16380,451.571799,True,224,283
7450.752059492875,ef9e6077,318,-1.6611347949624358,762534502752899,0.0014652014652014652,True,True,ef9e6077,1025,762534510105351,-9.398656898656899,7970.237301587302,-20.764163614163614,1023.7499999999999,762534953878192,443.772841,226485459985a144878d07c7f8659fb8068989092d6e8b0e24cb9b21d5d2f6e7,16380,451.125293,True,453,561
1638.8839110130136,f3387f01,319,-0.022048980671449794,762534958062154,0.0,True,True,f3387f01,1025,762534965994335,-8.185042735042735,2666.4814407814406,-30.993589743589745,1023.7499999999999,762535409871130,443.876795,c9ddbe5a95732c78891cafb5e149ac767db7004968d4d965ef826cedc3e0d3fe,16380,451.808976,True,240,327
1234.7698013152226,37098ce2,320,0.3824038009538734,762535413760896,0.0,True,True,37098ce2,1025,762535420891409,-10.616849816849816,1783.8125763125763,-20.88840048840049,1023.7499999999999,762535864913758,444.022349,24d07bf32ea2a06aa627c5da8b6d93b0060e881949b9cbc862f5332bf8733327,16380,451.152862,True,148,227
7033.3752955635455,81df3891,321,-0.2048600469223738,762535869507006,0.002014652014652015,True,True,81df3891,1025,762535876979005,-8.514041514041514,7418.823626373626,-17.69065934065934,1023.7499999999999,762536320900682,443.921677,17563d1553d4e3372c1e84e22e5680432f2ee106be97525bf43ef46975bd000f,16380,451.393676,True,316,425
7232.054216833565,8a63988f,322,3.0390638803198646,762536324132162,0.002686202686202686,True,True,8a63988f,1025,762536331969973,-6.397924297924298,7597.495543345543,-18.014102564102565,1023.7499999999999,762536775896968,443.926995,0bea7788ebff1e716e60d5c09d42e416cc99fc3d68c4e4698463fdeb25e5dad9,16380,451.764806,True,306,380
13439.013480103198,cd3f0ef9,323,0.04288005914828995,762536778522039,0.002960927960927961,True,True,cd3f0ef9,1025,762536785922222,-16.998778998779,15614.293833943833,-43.43180708180708,1023.7499999999999,762537229878793,443.956571,2056ce3bf55c3982c9ff89297d8a5015a4372a324db50b71c555a1915721644d,16380,451.356754,True,454,572
1809.924263974053,167d0c15,324,-0.1087782881650042,762537232637347,0.0,True,True,167d0c15,1025,762537239949313,-10.689377289377289,2382.808363858364,-21.415445665445667,1023.7499999999999,762537683919456,443.970143,e280e3aa59aa7893de1ae75d801c14d927bff132c1d0f8c49192868e7a9398d7,16380,451.282109,True,278,357
8894.219369846338,f70adc5f,325,-0.28269149847851305,762537687854708,0.0018315018315018315,True,True,f70adc5f,1025,762537696016162,-11.474420024420024,9776.006166056166,-27.38840048840049,1023.7499999999999,762538139936311,443.920149,8fb868ec08659130d4fbaa0a2338667bef59bb86ef4fedc71753e8edb347584e,16380,452.081603,True,418,536
1348.4212750144984,d1f06a4a,326,-0.02549411206699933,762538143901679,0.0,True,True,d1f06a4a,1025,762538151992951,-2.8161172161172163,1986.0431013431014,-25.093650793650795,1023.7499999999999,762538595960687,443.967736,f8cda28297bc5bccb4c589691d5e442fb1c2ee88a82bfc7621f7d61f0518bdd1,16380,452.059008,True,235,308
1604.3445933723037,be8921fb,327,1.6301845809101259,762538601116189,0.0,True,True,be8921fb,1025,762538608968087,-10.264407814407814,2302.315995115995,-24.343650793650795,1023.7499999999999,762539052942144,443.974057,23d6bbd32b1414bcfc32b03ac59cc91b3423729cf602763bb96df13f97d22399,16380,451.825955,True,261,334
710.1514815970219,ac8cef74,328,0.03236941070015239,762539056343836,0.0,True,True,ac8cef74,1025,762539063954377,-9.633638583638584,1225.1380341880342,-20.54700854700855,1023.7499999999999,762539507942027,443.98765,7c56b0517993221b4e355911258bce697dd613fc69b10af233f345b8431acacb,16380,451.598191,True,95,141
1462.4250372189201,e3836fdd,329,0.7677970398697499,762539511571811,0.0,True,True,e3836fdd,1025,762539519032598,-8.74053724053724,2152.663492063492,-24.775824175824177,1023.7499999999999,762539962961085,443.928487,7254f59f5936e848974191253324440249ddff36b1826b3bbec61f818910f33d,16380,451.389274,True,264,324
19367.62350015505,8ba360a4,330,-1.246877351286932,762539966629221,0.0033882783882783884,True,True,8ba360a4,1025,762539973956075,-16.40787545787546,20818.85818070818,-34.38046398046398,1023.7499999999999,762540417964722,444.008647,7e4a3b624a4d4ca2a14b05a1088f4432a23f8211883e305bf67a36fdca1d4419,16380,451.335501,True,559,690
980.5630510532069,3f1cd79f,331,0.25530038506647124,762540420875605,0.0,True,True,3f1cd79f,1025,762540428949333,-4.644444444444445,1334.5772283272283,-18.23302808302808,1023.7499999999999,762540872949773,444.00044,0402e51d0408102158fdff2122513d1e44bdf707f3f8c2b596c3c26f630b5f25,16380,452.074168,True,209,254
3571.278130522645,6af534a8,332,0.35197062197037965,762540875602396,0.0,True,True,6af534a8,1025,762540882847545,-8.810500610500611,4957.500549450549,-36.17454212454212,1023.7499999999999,762541326995052,444.147507,4c5163eef8a9998e403c305411f0f5bcb886eef8c2dee5372d460625b5679f59,16380,451.392656,True,317,412
16661.00086584491,9e84b3ee,333,-5.225751850802851,762541330031452,0.001098901098901099,True,True,9e84b3ee,1025,762541337865306,-5.383211233211234,16785.464224664225,-9.771611721611722,1023.7499999999999,762541781976842,444.111536,e55e0658d95258746bafdc54e5b0e9b7f8b564afaac667a93f4dd730f3e368a9,16380,451.94539,True,425,587
794.382053946935,c255709d,334,0.34871824019588327,762541784907031,0.0,True,True,c255709d,1025,762541792886691,-7.724053724053724,1377.0922466422467,-22.87026862026862,1023.7499999999999,762542237005491,444.1188,3d97e72f5b93c4b91a925895e16a811fdad76e48c341d328a3518b18467f65e0,16380,452.09846,True,142,169
12083.08897000571,3ca4269a,335,-0.2811217225632231,762542240539623,0.0,True,True,3ca4269a,1025,762542247866818,-21.775091575091576,18091.49536019536,-74.3925518925519,1023.7499999999999,762542692043564,444.176746,c83e4c2a1d69f554245f50dae38dfce50f0d7918dd65b67eb8be32e52932c5f7,16380,451.503941,True,357,526
1769.142466347924,fcda76f0,336,-1.0612959902059385,762542695546217,0.0,True,True,fcda76f0,1025,762542702934647,-5.317826617826618,2677.040293040293,-29.65836385836386,1023.7499999999999,762543147058063,444.123416,601169c6ecca607bce0dd796f1ae4ab3d0d851f9434f40195bfbfdf770dc2fa7,16380,451.511846,True,238,314
1297.485425073163,9ae7087a,337,-0.23614571150283672,762543152605798,0.0,True,True,9ae7087a,1025,762543159856347,-8.291880341880342,1889.3485347985347,-22.871550671550672,1023.7499999999999,762543604029574,444.173227,ef3c23d82c22e061d947879fd7bb1675fa9a3255323798b241741e613bbe7246,16380,451.423776,True,227,290
9731.202163125166,e860cb1d,338,-0.8705229532682266,762543607139593,0.0,True,True,e860cb1d,1025,762543614824645,-14.635531135531135,12142.926984126983,-46.87777777777778,1023.7499999999999,762544059040512,444.215867,237c5e16c300f7ddbfab159c6ddac06d22d16f4a5030c67367efd6fba489984c,16380,451.900919,True,404,513
989.3598377626308,2c425f75,339,-0.0704891913981867,762544063045396,0.0,True,True,2c425f75,1025,762544070809267,-7.6109279609279605,1428.6893162393162,-19.52954822954823,1023.7499999999999,762544515059757,444.25049,b6b62dcb590aa632f1bebbb95b8e6cce9fbf7baeea49eb3a5804cf345d098002,16380,452.014361,True,204,265
19324.909125828723,56ef1277,340,-2.569280906296127,762544518792956,0.0022283272283272282,True,True,56ef1277,1025,762544526829904,-6.037240537240537,19529.501343101343,-12.967032967032967,1023.7499999999999,762544971068701,444.238797,380e0a82e44c96b46c8fb3aa5157331ed2d6b3706be02c1a0de4e5b10562b71e,16380,452.275745,True,462,584
1115.6012569454695,1cb0dbcf,341,0.4163845000653573,762544974514516,0.0,True,True,1cb0dbcf,1025,762544981813277,-5.26007326007326,1511.7455433455434,-19.195726495726497,1023.7499999999999,762545426079935,444.266658,dcf1dd15da204af03c4b3851377de1e32d4885a69620f660d0ee205b3db33d6f,16380,451.565419,True,241,308
1013.6856882257614,89e606a1,342,-0.6109950796557068,762545429497316,0.0,True,True,89e606a1,1025,762545436888621,-6.1199023199023195,1551.5650793650793,-22.37020757020757,1023.7499999999999,762545881059677,444.171056,1d30b569fb7ce16b38d27b1c813b421c8bc0b27f35b736b17173ca617705bdca,16380,451.562361,True,198,268
6508.434139548215,0dea4b68,343,-3.4871858534564897,762545883733590,0.0014041514041514042,True,True,0dea4b68,1025,762545890881595,0.382967032967033,7289.268070818071,-27.94078144078144,1023.7499999999999,762546335063179,444.181584,7d65fc711adedaa91df33ff451094372123e71f7ca443131d4b0b89d7730e180,16380,451.329589,True,417,512
17754.6065308806,3379c11f,344,-1.6369154760075757,762546338121580,0.0013736263736263737,True,True,3379c11f,1025,762546345917322,-6.5256410256410255,18649.723565323566,-29.1981684981685,1023.7499999999999,762546790080218,444.162896,efef75fd4d4a226ebdd7936a14112afe51dd5c2bc1e4a6a53262d34a92cdb44b,16380,451.958638,True,436,564
1589.5645162546718,b2e36685,345,0.158939569676157,762546794107814,0.0,True,True,b2e36685,1025,762546801884279,-8.963797313797313,2277.2628205128203,-24.644444444444446,1023.7499999999999,762547246086860,444.202581,384944704d2a9ffbf44ef052621c329f682aa0f150687b39bbe0c0a2674631cd,16380,451.979046,True,233,307
477.70603182057397,16304d5c,346,-0.3770544509796497,762547249178414,0.0,True,True,16304d5c,1025,762547256895517,-5.102564102564102,814.6335775335775,-17.63211233211233,1023.7499999999999,762547701085170,444.189653,e941d350f666c31c0e2f6cfda6b8ea27ea7d658ee7d38e36e8a6fd70890d7b5a,16380,451.906756,True,73,117
5170.213850611469,627c88fc,347,0.09832698631545263,762547704103335,0.0,True,True,627c88fc,1025,762547711913584,-11.083028083028083,8072.422588522589,-52.71978021978022,1023.7499999999999,762548156121682,444.208098,06a54ce321bd228b35c795763986e10bf091e126619d64d10ddb62e13e7b3dad,16380,452.018347,True,263,386
26307.740369990206,4faefc4a,348,0.24631576092007457,762548160170559,0.00402930402930403,True,True,4faefc4a,1025,762548167342499,-4.748901098901099,26391.89768009768,-7.8489010989010985,1023.7499999999999,762548611236399,443.8939,819eecbb26bdf467dc3f974c124bd243fd910e9272e11f4b6fa0c43ca9b3fbf8,16380,451.06584,True,516,691
10575.435566259815,2f58d500,349,3.46544058000978,762548614422953,0.0020451770451770453,True,True,2f58d500,1025,762548621332426,-8.605616605616605,11080.812576312577,-20.76825396825397,1023.7499999999999,762549065240433,443.908007,44fe253476333e786ca85f500b484f4ac3f3226a0aa89e608a7e0c5060558c35,16380,450.81748,True,542,637
1688.8396118550424,5abd1df2,350,0.20358726956461068,762549068182784,0.0,True,True,5abd1df2,1025,762549075326100,-11.338400488400488,2529.669658119658,-26.68840048840049,1023.7499999999999,762549519181034,443.854934,f0413d32da1d72d691c699447be427afb6a247c94874964f34f334d50323eedf,16380,450.99825,True,259,338
3944.1186477001497,c6ddd998,351,0.22098203767651664,762549522419025,0.0,True,True,c6ddd998,1025,762549529322697,-7.05982905982906,5452.145909645909,-38.186202686202684,1023.7499999999999,762549973216012,443.893315,f042ddfc134dc1fe04bb7e3474483230d14ff7fec7a2318091713863bbb03716,16380,450.796987,True,308,414
26790.234527067016,c6702444,352,-6.977327303954636,762549976229819,0.0031135531135531138,True,True,c6702444,1025,762549983349260,-4.5958485958485955,26880.60354090354,-8.321489621489622,1023.7499999999999,762550427231783,443.882523,ce05c4cada1eb0f32954b3e25dc654ef4b857f346d190b64e9790d9b50daf85d,16380,451.001964,True,447,600
4135.43179981767,161e8957,353,-0.3219535070585453,762550431834378,0.00042735042735042735,True,True,161e8957,1026,762550439949774,-5.92002442002442,4489.109706959707,-17.8502442002442,1023.7499999999999,762550884139958,444.190184,0d4ca9696f97a1e2f1321f1f3957e0e490a5954821974f8296378739df91b9a2,16380,452.30558,True,396,501
8656.253727683928,4b3fbd25,354,-0.7381688798773374,762550889143052,0.002106227106227106,True,True,4b3fbd25,1025,762550896316745,-7.913369963369964,9212.58021978022,-22.21947496947497,1023.7499999999999,762551340238389,443.921644,9a1762475b4b52bbaa2edccd70fc581b23a3e79ad72a4b637af4faa3753285f6,16380,451.095337,True,411,511
3633.969525415908,4b5ac993,355,0.020746666602574678,762551342834715,0.0005189255189255189,True,True,4b5ac993,1025,762551350271257,-9.107509157509158,4149.855982905983,-20.807203907203906,1023.7499999999999,762551794224198,443.952941,0bc1ca4647638264296c62306fbefc313a44a45809fc818bf05c8a07727611a3,16380,451.389483,True,374,457
7298.538153764903,6757e95f,356,-0.34256817318366023,762551797045951,0.0,True,True,6757e95f,1025,762551804341234,-22.23083028083028,11999.561233211232,-64.85995115995117,1023.7499999999999,762552248241044,443.89981,96718c714eec1b8027d25bd0bf39bf3c970d9671ec5beceb4fe1609734ddd547,16380,451.195093,True,275,429
4689.451387420408,35a1c6e3,357,0.36638818760473935,762552251973181,0.0008547008547008547,True,True,35a1c6e3,1025,762552259308711,-6.749084249084249,5157.565018315018,-20.556349206349207,1023.7499999999999,762552703244777,443.936066,fdee9b1aa6f0235d8064af0460efe99b48b16d1f23b2840cf24d8135c1aec644,16380,451.271596,True,381,477
2600.1624435193758,a570f1cb,358,-0.2335125659696902,762552706504980,0.0,True,True,a570f1cb,1025,762552713373215,-11.956959706959706,3410.6564713064713,-25.836507936507935,1023.7499999999999,762553157237424,443.864209,7786d63736fc5581c86db39ac33a13b108acdbbb6a2ed17c938bdaaf34c14955,16380,450.732444,True,314,411
3602.8154573313,26bfca92,359,-0.2190256337621395,762553160144990,0.0,True,True,26bfca92,1025,762553167331467,-10.721550671550672,7703.222588522589,-63.13046398046398,1023.7499999999999,762553611262150,443.930683,cdce2d3eefb2339c785fdddd1612fe3e44a27cf4ed4162f54e8d05d4d9e73ade,16380,451.11716,True,179,292
8413.926880982945,67898b63,360,5.598835497058992,762553614215321,0.0019536019536019536,True,True,67898b63,1025,762553621357214,-7.713492063492064,8859.998534798535,-19.66147741147741,1023.7499999999999,762554065293417,443.936203,bd84b1993bb7f79902d5a841a974fc19283d9c1bbfb350cdc42cc2650e32279c,16380,451.078096,True,435,545
8452.341483937646,ad90890f,361,-0.523575038612088,762554068302154,0.003144078144078144,True,True,ad90890f,1025,762554075374315,-8.11990231990232,8964.265262515262,-21.118498168498167,1023.7499999999999,762554519286159,443.911844,416b82cd5b9d9d6facbe28431f01138fa17f63d6f712335b556b63afca62d13a,16380,450.984005,True,335,417
1172.4735912791593,162450b2,362,-0.7818314864538246,762554522405084,0.0,True,True,162450b2,1025,762554529409397,-7.145299145299146,1679.4634920634921,-21.35262515262515,1023.7499999999999,762554973327902,443.918505,2f6f32ee08a9bc98fff1f5e4587ba3b363cfd49cbd39c53da2411dfec2199a3b,16380,450.922818,True,232,296
2356.01503752827,090c68ba,363,-0.6103087151930768,762554976687063,0.0,True,True,090c68ba,1025,762554984419614,-12.355738705738705,3072.043162393162,-23.735286935286936,1023.7499999999999,762555428276752,443.857138,d54a64fabccb7525694619e783f428caa0116827b912b41d71ab2d3285a6b013,16380,451.589689,True,292,381
2027.5173159851272,e3a364f5,364,0.3396846279904051,762555432359693,0.0,True,True,e3a364f5,1025,762555439391257,-13.225091575091575,2723.1515873015874,-22.81953601953602,1023.7499999999999,762555883331450,443.940193,c3e3609b49cf5f551dc6f3234017948d7e99abfdc7c08579b73bfbf1481ccdfc,16380,450.971757,True,288,376
26235.25662961547,ef7850b5,365,-11.962624045877915,762555886995688,0.0,True,True,ef7850b5,1025,762555894385440,-7.573504273504273,26329.771733821734,-6.095665445665445,1023.7499999999999,762556338310594,443.925154,220c0f5207afcdcf7d9c3d290ace0db2013d4128a0a2df99f6e8aa79a7aae327,16380,451.314906,True,274,446
28902.70227794624,e95f0556,366,1.2295534069517275,762556342049112,0.007387057387057387,True,True,e95f0556,1025,762556349395463,-6.392612942612943,29041.15757020757,-9.87875457875458,1023.7499999999999,762556793321896,443.926433,107325b6ae5eb36cbb72a2c6f2b9e041c7a10487bee50482510f136a5ac6bad3,16380,451.272784,True,552,767
1517.042537081017,3d880396,367,-0.5038634757656356,762556796835769,0.0,True,True,3d880396,1025,762556804446500,-10.44096459096459,2151.537728937729,-22.923382173382173,1023.7499999999999,762557248358907,443.912407,35344914af4c55cd2a8f1c1489d21fdc87821c5c904890b5684524a3f03d98f2,16380,451.523138,True,264,333
3511.3569180825957,002b2976,368,0.044787574427541915,762557252115039,0.0,True,True,002b2976,1025,762557259422215,-13.502319902319902,5046.624786324786,-36.782539682539685,1023.7499999999999,762557703329338,443.907123,96e27d15ddcdab6e62f5fccdf39ca2842382391b5326bdfdb9247b5af1c5e06c,16380,451.214299,True,291,384
14229.426128662073,c03a33c3,369,-3.389775723641026,762557706907022,0.003205128205128205,True,True,c03a33c3,1025,762557714548100,-6.5516483516483515,14569.222283272284,-17.22997557997558,1023.7499999999999,762558158337281,443.789181,b3a88b030c2b1f3e7a061784d7c332eb108ae19b7a7ec2373cd95061a614280f,16380,451.430259,True,526,675
2853.978513043394,96b9106f,370,-0.16011213586556175,762558161554462,0.0,True,True,96b9106f,1025,762558168463825,-18.773321123321125,4953.451953601953,-41.797557997557995,1023.7499999999999,762558612212014,443.748189,effe334c93d33d77935330c666962e628ea14cb0c52e68894268f0a837e1f68b,16380,450.657552,True,165,261
10357.710776547085,2dac80ae,371,-0.036395872920931285,762558615216824,0.0,True,True,2dac80ae,1025,762558622497249,-31.051953601953603,15630.262087912088,-65.63785103785104,1023.7499999999999,762559066406864,443.909615,24f3188cb3831e3b137742d609ab1e6b2cf31da69b5f50fe0a0f3dcabf0d5ddc,16380,451.19004,True,361,515
3337.38858800303,7a016b0b,372,-0.3900707170436599,762559070471810,0.0,True,True,7a016b0b,1025,762559077503685,-12.84920634920635,4435.957326007326,-30.552686202686203,1023.7499999999999,762559521390975,443.88729,58563677aa6c827fe837b2f7eda54e5cb2e40b56f3bf1012f67e2845236031d2,16380,450.919165,True,315,410
3940.999362123767,0cb66d73,373,-0.32861942469435923,762559526102967,0.0,True,True,0cb66d73,1025,762559533577559,-12.07948717948718,5350.7592796092795,-35.5506105006105,1023.7499999999999,762559977373215,443.795656,dc6d80da4fcf7126650d472ff402d910611a40cefe5db572bea2d466105e17df,16380,451.270248,True,328,437
1809.3588412825136,b40e5daa,374,-1.1784575659691385,762559980164470,0.0,True,True,b40e5daa,1025,762559987507664,-10.795665445665446,2605.191758241758,-26.063125763125765,1023.7499999999999,762560431383740,443.876076,01a980bcf914ee3d57f246c8aa49bf539ed1b491ac009c26ba838686f250f327,16380,451.21927,True,279,351
1642.2436019386935,0b7b930b,375,-0.6722768472969047,762560434635978,0.0,True,True,0b7b930b,1025,762560442466755,-4.510866910866911,2268.184126984127,-24.60879120879121,1023.7499999999999,762560886391652,443.924897,9ef27e69ad33efb957bdd50bb78358a94f6383490ce9fbf201ff7883da4ff79f,16380,451.755674,True,257,338
8413.01063266946,329c40ec,376,0.27968979555387713,762560891142999,0.0,True,True,329c40ec,1025,762560898573157,-15.94981684981685,11925.865445665446,-57.082905982905984,1023.7499999999999,762561342409535,443.836378,aa22ccb1d65c400c9e0b2075e09c9ca55fd52b296ad7a7d3e963dd52581c7f0d,16380,451.266536,True,331,498
6946.980303845185,ae714cc1,377,0.027672458833137452,762561346510921,0.0,True,True,ae714cc1,1025,762561353572311,-11.433211233211233,9422.39249084249,-48.42203907203907,1023.7499999999999,762561797417814,443.845503,9e5c8bdf8b276a3515d6a5718ddd042aa10ce48edd3cf205dda5a6f1f36feef0,16380,450.906893,True,315,459
3025.1779286511887,fea9b54b,378,0.027246842035393504,762561801027669,0.0,True,True,fea9b54b,1025,762561808543430,-12.928327228327229,3919.6655677655676,-26.969352869352868,1023.7499999999999,762562252440610,443.89718,da50c38ad9e9face8791e85115333e767b167b80e70cfa70f5e104b89a75bc09,16380,451.412941,True,336,439
3892.1668060419433,f3ca0d2d,379,0.16969427308666477,762562256357316,0.0,True,True,f3ca0d2d,1025,762562263534275,-13.588278388278388,6768.232295482296,-51.87893772893773,1023.7499999999999,762562707422576,443.888301,c4d7bae3b9a6922394e37ffc45f71f53df3a5f602962f66c421ca7573b34c620,16380,451.06526,True,258,354
32341.28777340215,06ab66c5,380,-5.8363874418636925,762562710929366,0.0028083028083028083,True,True,06ab66c5,1025,762562718700199,-5.397374847374848,32399.25396825397,-5.369780219780219,1023.7499999999999,762563162436071,443.735872,2faed460964d3824cdfe481971019d3484fc26f371b6e16dc19e12bee7b5b6a9,16380,451.506705,True,478,701
4169.368311436562,573f4d41,381,0.21382053134943674,762563168584924,0.0,True,True,573f4d41,1025,762563176623724,-10.67002442002442,5211.25695970696,-30.463736263736262,1023.7499999999999,762563620429386,443.805662,8e6ede61ddb93a5ca4da5fd34a1f1e3dc90f4fecd904e56477f6324871007d58,16380,451.844462,True,336,446
6499.739409189711,11af6da3,382,0.2921060862574967,762563626155497,0.0,True,True,11af6da3,1025,762563633594913,-11.007326007326007,8183.509951159951,-39.52985347985348,1023.7499999999999,762564077441462,443.846549,c53cb8c21d742460c96b99bcee0b5cdbe01914b34c43800ddaf80181453fce02,16380,451.285965,True,442,531
37246.94462127345,4107a992,383,-7.95313596430473,762564080149970,0.0010073260073260074,True,True,4107a992,1025,762564087675980,-6.1581196581196584,37344.45641025641,-7.7194139194139195,1023.7499999999999,762564531442174,443.766194,8ecbbdc72b1701a2819136a33e8116eb14ba1c475baaec0806704c05365e91cb,16380,451.292204,True,453,675
13678.782249325764,c0b6f824,384,-4.979227364213283,762564534152235,0.0014652014652014652,True,True,c0b6f824,1025,762564541683084,-5.705860805860806,13822.436874236873,-10.54029304029304,1023.7499999999999,762564985465046,443.781962,622fd2eb5e5a64f48e9ac7e02177e64aba9cd1be6292d9345ca67eb6e69c720b,16380,451.312811,True,378,482
3323.3047524751732,2ed7eaba,385,-0.3138946913205984,762564989965277,0.0,True,True,2ed7eaba,1025,762564997692818,-9.107753357753358,4291.100488400489,-29.746336996336996,1023.7499999999999,762565441455663,443.762845,c66e43512ad2e0d000f61dc699af036a65d6cc99707d138bfd8847b66d1091cf,16380,451.490386,True,318,436
8784.531844032375,b4710e93,386,-0.08804849598407982,762565444414716,0.0,True,True,b4710e93,1025,762565451672788,-17.704822954822955,11763.899145299145,-51.63241758241758,1023.7499999999999,762565895450750,443.777962,e4c00141d6be29b85b3bfeb6796748f5f5bbd4f462200be9fa96881b68a5ce00,16380,451.036034,True,337,481
13233.035107810383,b8735f66,387,-0.44327240179812405,762565898404723,6.105006105006105e-05,True,True,b8735f66,1025,762565905722488,-23.616117216117217,18500.28498168498,-68.62600732600733,1023.7499999999999,762566349461806,443.739318,d44c6d8eca3401e537e456c4ef3b2468a5ea99404eaed2c429ee4404f376e09e,16380,451.057083,True,371,552
3947.209252308199,f8f5df3f,388,-0.32906709727828587,762566352066788,0.0,True,True,f8f5df3f,1025,762566359605552,-13.071001221001222,5291.545238095238,-34.25616605616606,1023.7499999999999,762566803510831,443.905279,0cb486ec3df2b8fecc45e72c1077239f9a611434a38b0355cb34a8d295972127,16380,451.444043,True,309,433
11612.107270082042,adb02ff7,389,0.27360692405262926,762566808875669,0.0,True,True,adb02ff7,1025,762566816682029,-14.245909645909645,17550.304334554334,-75.73144078144078,1023.7499999999999,762567260476488,443.794459,e78d2a553c657e023209a597e0adfc1a314db6cb3d50311ad623aeca5a633fbc,16380,451.600819,True,356,516
3632.1347637645895,5770fdbc,390,-0.07600552854849676,762567264872241,0.0,True,True,5770fdbc,1025,762567272632003,-8.379548229548229,4753.21166056166,-32.41697191697192,1023.7499999999999,762567716542509,443.910506,d2feac9eef02c1cfc4636433744409939c55216e70cb4149a5161af903bf1033,16380,451.670268,True,294,382
15141.159898678516,8574d73e,391,-0.4882798192394761,762567721188396,0.0024725274725274724,True,True,8574d73e,1025,762567728721338,-10.511965811965812,17775.680891330892,-50.23962148962149,1023.7499999999999,762568172502439,443.781101,d02af8987abe6ce96898febf505930321a14808709cfb695b6f7dafbd3a7c35e,16380,451.314043,True,486,603
47488.01826311831,4ec87891,392,-11.632765178662227,762568176318825,0.0004578754578754579,True,True,4ec87891,1025,762568183618236,-6.153418803418804,47568.40787545787,-6.521123321123321,1023.7499999999999,762568627560228,443.941992,65b9f1a245e10c7ede97a9dc99f44fddfbdc3ff11dd3c81a82722dd8db3338c2,16380,451.241403,True,441,676
7690.7653440122485,0ef1c0cb,393,-1.0275467092345334,762568632800179,0.0017094017094017094,True,True,0ef1c0cb,1025,762568640741575,-8.701770451770452,8312.889621489621,-23.375274725274725,1023.7499999999999,762569084499459,443.757884,b2954669496698131029879f294f9888734e96f2981d25cc1bb4634ffe73611d,16380,451.69928,True,428,552
27484.49281856727,593da3af,394,0.561930787692372,762569089222411,0.00695970695970696,True,True,593da3af,1025,762569096677326,-9.345970695970696,28006.19597069597,-20.841208791208793,1023.7499999999999,762569540623694,443.946368,993bccd68b2da87198b803c7f8aca1a09e20994ec5e059b15fe3f65eabd05892,16380,451.401283,True,615,766
12790.291359567715,4870e86f,395,-0.10270666518817065,762569544049701,0.0010683760683760685,True,True,4870e86f,1025,762569551526186,-14.817399267399267,14574.609401709402,-39.55708180708181,1023.7499999999999,762569995544219,444.018033,81602d5eaf306e9c5b0c3ac2f2a1de6ca09c013255c9d59e5aeafd4d5281da03,16380,451.494518,True,514,634
2722.6024136913147,864052e4,396,-0.436605945856142,762570000361059,3.0525030525030525e-05,True,True,864052e4,1025,762570007555791,-11.716117216117215,3611.7141636141637,-27.41978021978022,1023.7499999999999,762570451587799,444.032008,91267c7b17d6299929e9259093fe3e832eaaecf42933c8c588210a7a9ed8fa90,16380,451.22674,True,321,413
2963.984347640217,e34b3967,397,0.3658188764512213,762570455395147,0.0,True,True,e34b3967,1025,762570462559522,-4.061294261294261,3903.707020757021,-30.384676434676436,1023.7499999999999,762570906569827,444.010305,c8f1daf307e70320bf69c48196a18de7151e2e64371454708f36a26a9aece255,16380,451.17468,True,324,410
9300.290575353964,11cafa6a,398,-0.25730295503821765,762570910747346,0.0,True,True,11cafa6a,1025,762570918598080,-20.41837606837607,14770.8221001221,-71.08882783882784,1023.7499999999999,762571362555033,443.956953,b0cf8bb664b857f3fcfb62e540730199385cadcd688e99e957d94ef3849f1e7c,16380,451.807687,True,300,465
2816.1580299950356,036c0ccb,399,0.07690390956531577,762571366483451,0.0,True,True,036c0ccb,1025,762571374593927,-8.266117216117216,3301.6785714285716,-20.425274725274726,1023.7499999999999,762571818583980,443.990053,f08c38809fa31270e393e1329e9c9996365f28d1563ce074e880e75d617ec10d,16380,452.100529,True,250,331
4132.92175643411,bcd0c453,400,0.07555606393545819,762571822329562,0.0,True,True,bcd0c453,1025,762571829596641,-7.173870573870574,7523.455006105006,-57.784676434676435,1023.7499999999999,762572273570753,443.974112,f7ba5f9db5568e2ac5cc878f866a3bddd6ade30e4a3e1af5fc19930bd70394bd,16380,451.241191,True,200,317
7722.507310502549,f1d3b4d3,401,-6.19563243014205,762572277151122,0.001617826617826618,True,True,f1d3b4d3,1025,762572284505005,-10.938217338217338,8621.659218559218,-27.91965811965812,1023.7499999999999,762572728704061,444.199056,5f3c0bef0a7daa1cf26b9f057b09b3d6440e9343b270f6bda705026dccdd5bf7,16380,451.552939,True,398,509
5175.54647049396,be50a660,402,-0.3651745619579672,762572733195144,0.0,True,True,be50a660,1025,762572740563715,-12.137301587301588,9575.198290598291,-65.20995115995116,1023.7499999999999,762573184618858,444.055143,5a3fd97dd1b3622ee5a80e3d0e47bda965acdbc12afb513bfc85a362eebf1dee,16380,451.423714,True,224,346
9237.91164727824,f381a474,403,0.6993573768610859,762573188994222,0.0020757020757020757,True,True,f381a474,1025,762573196512557,-12.051282051282051,10208.033943833943,-28.720879120879122,1023.7499999999999,762573640654511,444.141954,170339a30d97eeb86baf2ac0112b72d015bc8e02c0692665a894d77753231584,16380,451.660289,True,443,561
7579.780074627923,8977f41a,404,-0.0780576858980905,762573646461135,0.0,True,True,8977f41a,1025,762573654613480,-7.96984126984127,10248.553296703296,-51.04169719169719,1023.7499999999999,762574098661636,444.048156,d7f47c3a76d2bdf757d499b2e61b37ae1a23f0a3955316683c1b236491f3965a,16380,452.200501,True,360,486
40815.44480226192,fe2caf28,405,0.14592000771265404,762574102963611,0.01517094017094017,True,True,fe2caf28,1025,762574110575673,-10.366544566544567,44817.111965811964,-62.4035409035409,1023.7499999999999,762574554637183,444.06151,5b2b2ae2a3df702000c3db177065aa95fd52d89519f3804112c06fa03a7db68f,16380,451.673572,True,488,734
8038.891958201207,eb94b156,406,-0.8299773343770666,762574559078652,0.0,True,True,eb94b156,1025,762574566569835,-11.794078144078144,11559.428937728937,-58.1501221001221,1023.7499999999999,762575010666659,444.096824,b25ef6fb0a361a7b6e37b4f7e2c911aa87e1d3dabca1b18c2746836c64522e38,16380,451.588007,True,365,505
36050.21261429183,b6356df5,407,3.676143529099739,762575015430428,0.0057997557997558,True,True,b6356df5,1025,762575023633790,-12.660622710622711,38993.20818070818,-52.7513431013431,1023.7499999999999,762575467625754,443.991964,c680c8dadc4994cb385781bbd79433aea896967a8a7e620ab8d1f861bab50534,16380,452.195326,True,721,924
9800.872831735149,dd7f6e9e,408,-1.608293946908943,762575471015552,0.0024114774114774116,True,True,dd7f6e9e,1025,762575478489984,-3.542185592185592,11391.459157509158,-39.724542124542126,1023.7499999999999,762575922629466,444.139482,3aeddd4f4f3a5bcb6f653f148dd48cee1a1bf969c0b7eefd6d5a0b1f6e4f0560,16380,451.613914,True,422,534
6986.6984858913975,5e763a03,409,-0.39592738765927116,762575925259626,0.0010073260073260074,True,True,5e763a03,1025,762575932508200,-9.12948717948718,7841.206715506715,-27.76978021978022,1023.7499999999999,762576376700121,444.191921,cde652ce257e3a5a8174a92ca26586b169cb300c0ad7b00d1d6be14be47f940b,16380,451.440495,True,489,591
6409.585756308878,fee0aabc,410,-0.37052678489891533,762576381478037,0.0,True,True,fee0aabc,1025,762576389459749,-16.332905982905984,8461.97442002442,-42.25665445665446,1023.7499999999999,762576833666155,444.206406,8f63f5fe2bc265c561dddd56da288196fea8699fbf4405c4cdee717111a42443,16380,452.188118,True,359,497
22844.8402712367,b168026d,411,-4.444792862013122,762576838241056,0.001984126984126984,True,True,b168026d,1025,762576845520909,-6.386263736263737,22900.818925518925,-3.897985347985348,1023.7499999999999,762577289684844,444.163935,225e5e9ca996adfee6f97801e9efc9270d7f0babddd5b5339eb938b3bc49e356,16380,451.443788,True,333,527
15228.366789284855,95c99361,412,-0.6417708886901224,762577294300102,0.0018620268620268621,True,True,95c99361,1025,762577301488753,-13.03962148962149,19276.692002442003,-62.275946275946275,1023.7499999999999,762577745681169,444.192416,c23307624d592ba016ab94240b108773ba07119f6d6f57dcf736bf7a195fec35,16380,451.381067,True,532,640
12567.216903151791,45056fdf,413,-2.2361633585188323,762577751029435,0.002136752136752137,True,True,45056fdf,1025,762577758547499,-16.127655677655678,14693.036019536019,-43.19395604395604,1023.7499999999999,762578202688748,444.141249,698ecf5fd4ce5b44d51875704e5d4198e5468576414f2bf3883d8802f2ee74f1,16380,451.659313,True,441,579
37968.67567470008,3e266798,414,-0.7964160126204658,762578206237968,0.005311355311355312,True,True,3e266798,1025,762578213515967,-16.58083028083028,39351.526190476194,-33.28553113553114,1023.7499999999999,762578657707869,444.191902,210ce6c9cc6eefdd55dbc8304d6efc1e1f49699e7b56136fa4045f2ce6ac2840,16380,451.469901,True,669,837
5641.102863218047,a00a992f,415,-0.6664614311942357,762578663517438,0.0,True,True,a00a992f,1025,762578671588149,-19.88980463980464,7585.2642246642245,-39.3517094017094,1023.7499999999999,762579115721931,444.133782,5b412bb56b57ff2803fe5277d573ba0bc5644bfd2bfdb934e147f4883ed5c81a,16380,452.204493,True,334,456
5200.262118083043,964b15cc,416,0.06519313232535816,762579119810181,0.0,True,True,964b15cc,1025,762579127550065,-17.395115995115994,10225.92326007326,-68.72460317460317,1023.7499999999999,762579571732817,444.182752,efc397966aedfefe2702f81a1d601df35da4608f3ef52f4bc332821eb8b1caf4,16380,451.922636,True,226,352
7142.338268157361,9f3eecd7,417,0.2063052073363977,762579576161622,0.0,True,True,9f3eecd7,1025,762579583560209,-13.46025641025641,9492.482967032967,-46.572161172161174,1023.7499999999999,762580027761887,444.201678,8c41b8aee76baa4c6d807c8a4c6cd39c5afe17985c1ec2830ba3155eafbec997,16380,451.600265,True,327,484
3190.6520846285043,7d846fa3,418,-0.10486444319039138,762580033902082,0.0,True,True,7d846fa3,1025,762580041565961,-16.38962148962149,5564.496031746032,-45.882722832722834,1023.7499999999999,762580484820704,443.254743,4c5ae3ede3e44f5081704ac6ebada157c2c735a27ece54be456bfe5a2d2afb1a,16380,450.918622,True,180,278
12694.131450527833,1332cfa7,419,-0.004235748365124659,762580492172202,0.0,True,True,1332cfa7,1025,762580498937010,-28.83778998778999,20994.634493284495,-86.42271062271062,1023.7499999999999,762580942832394,443.895384,2aa24676bac55d9fa4e9301a6d24d8459a388d0af6a32f6c95a3f4e41524cd2e,16380,450.660192,True,349,541
4190.843344138225,94cdb924,420,0.29850623412057087,762580947435539,0.0,True,True,94cdb924,1025,762580954935649,-11.052442002442003,5797.243650793651,-38.525885225885226,1023.7499999999999,762581398840860,443.905211,01ac37524c4953606e6794448395865e55794100902a66d1e2714eeba8edf48a,16380,451.405321,True,334,456
4582.26516970277,4fb51c88,421,-0.11674380879790718,762581404055082,0.0,True,True,4fb51c88,1025,762581410877879,-14.841819291819291,6054.870695970696,-35.38821733821734,1023.7499999999999,762581854832803,443.954924,ab7f6722037ed2d7deae9010638585d0e8c91721e7cf3f02f1545ade1d17ebf0,16380,450.777721,True,344,468
3713.7963064862147,5e0500da,422,-0.6379730913310998,762581859621479,0.0,True,True,5e0500da,1025,762581866975492,-10.631562881562882,5088.034554334555,-35.513492063492066,1023.7499999999999,762582310930896,443.955404,886e710b8f93a65d0a394a4f6e9f9a0b0ad31016c8a36076c05534e1b5bd47c3,16380,451.309417,True,314,444
5883.902726705191,f0f060f4,423,-0.8676637005957537,762582315925321,0.0,True,True,f0f060f4,1025,762582322972253,-8.166239316239317,7742.039743589744,-42.32551892551893,1023.7499999999999,762582766848154,443.875901,50fb0cbf8690f452086bf6e93012bfe658b90c11bd7922f81fadd4d2df4c960a,16380,450.922833,True,339,460
9107.250308977415,b3124ad4,424,0.09337492310404129,762582771262782,0.0,True,True,b3124ad4,1025,762582777959059,-21.711111111111112,13492.309035409035,-62.55946275946276,1023.7499999999999,762583221877931,443.918872,99e8c872081b1a5e3387d1ea549b63e6e22c2bf3dcd155288990b8ac6c0ed5c6,16380,450.615149,True,339,505
2980.920940286481,74dc933d,425,0.859185145052111,762583225374030,0.0,True,True,74dc933d,1025,762583232960433,-9.115689865689866,3859.64242979243,-28.206837606837606,1023.7499999999999,762583676895022,443.934589,89a062ac15e1cb36e4ecade786c234ed59562cc3c4f0950556fdc481f921935e,16380,451.520992,True,317,418
9987.93788441412,5800c460,426,0.37052305846745837,762583681766966,0.0,True,True,5800c460,1025,762583688927552,-22.472710622710622,14932.717643467644,-66.63150183150184,1023.7499999999999,762584132847323,443.919771,9995f85db6378d8a6e7e95de88098edb5df5aa8bd4d4be06ff0f3a6fb6fb1d2e,16380,451.080357,True,351,504
7059.08334151434,869bbe11,427,-0.09004185723909099,762584137042435,0.0,True,True,869bbe11,1025,762584143951145,-12.55879120879121,8809.128388278388,-39.9039072039072,1023.7499999999999,762584587886953,443.935808,e540a5847143d3c733445785e52ae2e87eb746a96cf08d73f93c4b831992f8d2,16380,450.844518,True,364,493
4878.0882599465385,b73db4da,428,0.1062393373007908,762584593456818,0.0,True,True,b73db4da,1025,762584600957649,-6.716849816849817,8189.291941391942,-57.14969474969475,1023.7499999999999,762585044901612,443.943963,89dcf91c0c05a805e3cd2f48f6ee854f9d1fcee37675aa672a491cd19b6f8664,16380,451.444794,True,269,378
5154.467933119993,144526bb,429,-0.028310056978386913,762585050207678,3.0525030525030525e-05,True,True,144526bb,1025,762585056925686,-11.004945054945056,6537.04938949939,-35.517216117216115,1023.7499999999999,762585500903792,443.978106,acae8898f135f7c8c5a20545cfc31675bfa5480348f608edb3d2e5d1ff23639b,16380,450.696114,True,338,466
5431.854992814132,c40102e9,430,-0.17112076407293642,762585505130374,0.0,True,True,c40102e9,1025,762585511946579,-12.21031746031746,8803.477533577534,-56.76733821733822,1023.7499999999999,762585955878455,443.931876,c231ef8c3469884c5640cb45221f53cb36de3c0565bc6c5263bafea7eeab90e6,16380,450.748081,True,303,409
5224.528672638243,ce2d0b76,431,-0.10513035271112166,762585959439487,0.0,True,True,ce2d0b76,1025,762585967086505,-15.218315018315018,7976.968803418804,-50.20799755799756,1023.7499999999999,762586410906148,443.819643,32b4c8f127627826998dda2ebabc6e759d81a38fb3a52280478287f5ebf08e0a,16380,451.466661,True,286,424
3916.681133212873,eef43cba,432,0.15182684279862674,762586413885378,0.0,True,True,eef43cba,1025,762586421030195,-12.614224664224665,7452.282417582418,-58.107509157509156,1023.7499999999999,762586864934075,443.90388,164e42a64c6ba3ffb6e53207f932c1c128fb0299cea87722f5ff37b8aed80f9e,16380,451.048697,True,193,298
5682.095334951644,c8294e01,433,0.1020922589894077,762586867392820,0.0,True,True,c8294e01,1025,762586875064555,-12.438156288156287,8261.144993894994,-49.23760683760684,1023.7499999999999,762587319099482,444.034927,e3f592897aeda5557600c3b12613990556008db6db694d10cf55d1b5c014aa13,16380,451.706662,True,311,431
4090.347252598168,c9cf6f54,434,0.06363310528480554,762587324105249,0.0,True,True,c9cf6f54,1025,762587331077399,-13.250915750915752,4983.343101343101,-26.784493284493283,1023.7499999999999,762587774943325,443.865926,3f7c635acceb52a440fbf6841cc44cae6fea552a583272aa0da1d7e4ff4b00ef,16380,450.838076,True,331,473
25456.182446635237,73f851fb,435,1.9216724822388198,762587777814039,0.003235653235653236,True,True,73f851fb,1025,762587784995165,-6.928693528693529,25742.081257631256,-15.423748473748473,1023.7499999999999,762588228934008,443.938843,08fab88366ba7a2b710201717a8050f60da371b5b7b32f9d4018d65521ad0a8a,16380,451.119969,True,519,675
8081.46723792081,8a7d88a9,436,0.2748722662497419,762588232670432,0.0,True,True,8a7d88a9,1025,762588239994558,-14.027289377289378,10808.487912087912,-50.30164835164835,1023.7499999999999,762588683913621,443.919063,59210ebee592c72dea118ab40d0473de073e1293eca2361fc79516d38db9b826,16380,451.243189,True,354,488
9669.730832025118,87d26f94,437,0.09322412751562509,762588687356669,0.0,True,True,87d26f94,1025,762588695044805,-25.567399267399267,14356.417094017093,-63.505860805860806,1023.7499999999999,762589139712204,444.667399,c83e460dd90128fe286bf6f775fb19bd36eaddd3599ab74aef5cc110a0f11d06,16380,452.355535,True,322,496
23345.990454237803,af3f21d6,438,-0.4716492816926764,762589147643280,0.0014041514041514042,True,True,af3f21d6,1025,762589155109384,-20.37930402930403,27713.624053724052,-62.86746031746032,1023.7499999999999,762589599041509,443.932125,d1b140e014bc89adac0512e75d1b788002da8314ee316d6658c23e84b0e804bb,16380,451.398229,True,587,882
9089.465045426015,ff083cf0,439,0.28715772151334357,762589602546505,0.0,True,True,ff083cf0,1025,762589610051303,-25.8480463980464,13418.390598290598,-60.50457875457875,1023.7499999999999,762590053947028,443.895725,68576621ff9ed6e104dde57866fde8a03736ab0f4349c60eee8b57a073709761,16380,451.400523,True,343,500
3115.2743665702087,29a2eed6,440,0.07140319493720369,762590056694209,0.0,True,True,29a2eed6,1025,762590064127281,-10.238766788766789,4112.39072039072,-29.87112332112332,1023.7499999999999,762590507845038,443.717757,74902428d7b854e037ca6c860feb0898eb4590387acbecb21d5956d360d7b30a,16380,451.150829,True,303,419
23704.730528906723,cec05721,441,-0.7827150487618705,762590512991701,0.0062271062271062275,True,True,cec05721,1025,762590520092154,-22.702930402930402,26561.449084249085,-48.386935286935284,1023.7499999999999,762590964025407,443.933253,7f02e23991c345509cf510a8d652ed494237796df47747c1268ff04e759cb0b8,16380,451.033706,True,531,641
13199.286599899218,e4591dcc,442,-12.496929957641356,762590968391553,0.002960927960927961,True,True,e4591dcc,1025,762590976135564,-17.675152625152624,15555.78083028083,-45.21153846153846,1023.7499999999999,762591419973435,443.837871,bb9569a31ffb88de1937b221d6c323a325dd861bb4a2d2b1998b2acd02ae288b,16380,451.581882,True,440,543
23815.191906055214,ef57c033,443,-6.764221862811874,762591422972533,0.007600732600732601,True,True,ef57c033,1025,762591430104535,-11.173748473748473,24882.793223443223,-30.704212454212453,1023.7499999999999,762591873987029,443.882494,642d4dcd480c9b2ffc6191047a29fd77b141e807d6873ae600df8ef29896a2dc,16380,451.014496,True,579,737
14722.021944056825,9a5f8c9c,444,2.908328841464931,762591897219172,0.0017094017094017094,True,True,9a5f8c9c,1025,762591905148814,-16.27148962148962,16712.419841269842,-41.540781440781444,1023.7499999999999,762592349038350,443.889536,c07e9d2571446b370db405020556bcec5f0db8fb9c4564c007bfefda5386ea78,16380,451.819178,True,543,661
18940.155526122566,d9d083e8,445,-0.21223351527483836,762592354392136,0.0002442002442002442,True,True,d9d083e8,1025,762592362128603,-37.27405372405372,25250.610195360194,-70.15054945054945,1023.7499999999999,762592805989382,443.860779,a1dd4eb3e52af70be92c7b16271c29bdf91f210515c8522cc378e03da0584992,16380,451.597246,True,532,761
22930.783353053474,67d4e929,446,0.9966606727419358,762592812522090,0.0023504273504273503,True,True,67d4e929,1025,762592820129382,-4.90995115995116,23100.45122100122,-12.064835164835165,1023.7499999999999,762593264038292,443.90891,2ad7fe75493533a230dc6b66343828ac35b0aa767cd93d8377578cfaa5783d06,16380,451.516202,True,530,690
11950.432313827132,c0ba503c,447,0.0025521102564539677,762593268371926,0.0,True,True,c0ba503c,1025,762593276235924,-20.337423687423687,16301.697557997559,-62.750732600732604,1023.7499999999999,762593720044913,443.808989,3775014743c74d412e9d4fbda1ea51c8ec8a5d89ce452ae595e241c378241f54,16380,451.672987,True,376,552
4432.225653846898,542a1cff,448,0.4481406536781415,762593724011883,0.0,True,True,542a1cff,1025,762593731147121,-11.638705738705738,5666.595482295483,-33.14981684981685,1023.7499999999999,762594175063232,443.916111,017843a29f235fbc793001e047a36c63ea0bd91e01f5ae1563e5ccd69544252f,16380,451.051349,True,335,452
18400.96696111953,f72dfca6,449,-0.4902821304784938,762594179348124,0.002380952380952381,True,True,f72dfca6,1025,762594187171605,-24.633638583638582,22144.90457875458,-56.01001221001221,1023.7499999999999,762594631029523,443.857918,0ea7c2a9a62b1d300d337c5e64020e90857a9878bf7dc15447212304a8a0b152,16380,451.681399,True,498,621
14046.093057493652,28020f17,450,-0.10382454403562273,762594635903260,0.0023504273504273503,True,True,28020f17,1025,762594643213319,-21.100488400488402,16668.51459096459,-46.66037851037851,1023.7499999999999,762595087109890,443.896571,85915c6179e99b847883594dc8052c1c536e4dbcea69cc8d82e5c74f1c70c725,16380,451.20663,True,417,552
12623.041150957642,e1cf3521,451,0.19645492446554527,762595092906324,0.0,True,True,e1cf3521,1025,762595100864029,-28.673626373626373,21291.857203907202,-88.58125763125763,1023.7499999999999,762595544090379,443.22635,81c46e5def04af81827e6e90ec61375bdbed15b948ded6c694f2b1d3b06924da,16380,451.184055,True,358,511
26787.13862719732,63ea3314,452,-6.408152904330715,762595549215361,0.0022893772893772895,True,True,63ea3314,1025,762595557323371,-6.958608058608059,27272.628632478634,-20.906166056166057,1023.7499999999999,762596001063983,443.740612,a0f6f7e0b7de813ab951fbe4638f58498ebd562c492eb66996b71a6474967d9c,16380,451.848622,True,513,684
16707.34684854218,9a5f8354,453,-12.061167459413769,762596003822025,0.0014652014652014652,True,True,9a5f8354,1025,762596011284512,-12.051831501831503,18323.990354090354,-38.35879120879121,1023.7499999999999,762596455089004,443.804492,102aeb6a1841dc3f0328a8b4925fe3e3f3fa87da4be4ed9d4deb72d6c5e7885d,16380,451.266979,True,557,699
9846.959419748615,9c299017,454,-0.09850737199784818,762596460750903,0.0,True,True,9c299017,1025,762596468313921,-31.91111111111111,15460.744322344322,-67.78986568986569,1023.7499999999999,762596912093514,443.779593,63dd39d7d6a1d49bf9830b3f4947154f77b4c2af97fa6c74b22c42117c2977b0,16380,451.342611,True,319,460
3821.776846469905,a418178e,455,0.19648784772796785,762596917340237,0.0,True,True,a418178e,1025,762596925294505,-20.832417582417584,6408.244932844933,-46.39481074481075,1023.7499999999999,762597369128931,443.834426,c260796c16bb2473e9ba4eb01ff564cca00a65c91d378c84b9a7c4358734f205,16380,451.788694,True,225,344
14215.75575072194,f1be576c,456,-3.5878197396082374,762597372708799,0.0,True,True,f1be576c,1025,762597380229376,-27.497802197802198,18651.736752136752,-60.66178266178266,1023.7499999999999,762597824085461,443.856085,5d60d30ae25ce90c4e6ea858d039278e6e16691c68ecd6b2648532b10375de33,16380,451.376662,True,499,598
2974.6206887550106,1f13c5cf,457,0.2679770753739413,762597829330019,0.0,True,True,1f13c5cf,1025,762597837312792,-12.037851037851038,5283.347863247864,-46.51684981684982,1023.7499999999999,762598281113341,443.800549,83471b6b1e838df6bbc73a2bfffad916f30be7cd4c031a7a5e7b0dd58e9457bb,16380,451.783322,True,169,265
8197.61964475424,d7e9715d,458,-0.3384066561444505,762598286686712,0.0,True,True,d7e9715d,1025,762598294297931,-18.21300366300366,10879.303785103784,-48.47649572649573,1023.7499999999999,762598738105511,443.80758,03bd933bb1ad40ec677a85527331604d017f69b2c7a8d1c7cdfa25a1b1e610af,16380,451.418799,True,371,526
4792.9979023527,cab91167,459,0.08262783394737477,762598742455256,0.0,True,True,cab91167,1025,762598750268407,-17.236752136752138,6123.510134310134,-32.146642246642244,1023.7499999999999,762599194123467,443.85506,5ee122231b422fb3fe91a65bfc7e2409167bea78043ec504efe7f0e70fc6fc71,16380,451.668211,True,358,470
5691.730895024457,688805fa,460,0.09111820483874519,762599200679708,3.0525030525030525e-05,True,True,688805fa,1025,762599208260069,-11.315445665445665,7297.135347985348,-38.43650793650794,1023.7499999999999,762599652117139,443.85707,b155d830ed85ff7102bf4368585523938da56a927183724854af8292cf39bd9b,16380,451.437431,True,356,475
15163.727077446363,1efa4c70,461,-0.20394140773247474,762599656191002,0.0011904761904761906,True,True,1efa4c70,1025,762599664266029,-15.904212454212454,17036.320757020756,-40.24487179487179,1023.7499999999999,762600108136675,443.870646,35b4d20ad7866b7e1a87230e729a6eb1095b20086c945c32b0a74d66127c6b3c,16380,451.945673,True,611,692
3822.599004231761,cde30321,462,-0.03981497348252733,762600113190382,0.0,True,True,cde30321,1025,762600121263996,-10.978205128205127,4663.606532356533,-26.84188034188034,1023.7499999999999,762600565159136,443.89514,a6eec27927a72eaee0acfe819dcee72432d990852bb152a3d9e7ceba56093f4c,16380,451.968754,True,308,436
23531.868610231515,04dabc5b,463,-0.03866442030675187,762600570362226,0.002197802197802198,True,True,04dabc5b,1025,762600578281388,-9.433638583638583,24099.857326007324,-21.885958485958486,1023.7499999999999,762601022144877,443.863489,743b28ffc63d3e490dfc66024cc0bff5ba42dfa842a10b9f8ff64bf1a1ffd077,16380,451.782651,True,475,622
10928.362347106495,b315fa72,464,-0.38401061299215133,762601026251903,0.0,True,True,b315fa72,1025,762601034316780,-23.773443223443223,16303.901404151404,-69.35677655677655,1023.7499999999999,762601478137757,443.820977,d1586abd1a550ccee4fde3ca3cfde73bc58d8fb02a6cb807bcb3000aee1f8981,16380,451.885854,True,370,519
12722.35305024815,fd916bd4,465,-0.0982623251539678,762601481738153,0.0,True,True,fd916bd4,1025,762601489227662,-24.304884004884006,18785.168803418805,-73.97356532356532,1023.7499999999999,762601933188753,443.961091,b5b6e0d6ace158e362e19a1224cc2b5090ed378a1f6e7904706a34cc21e09ab2,16380,451.4506,True,366,533
7129.164036053826,797db858,466,-12.546152655449557,762601937086501,0.0,True,True,797db858,1025,762601944275641,-8.034615384615385,8049.070879120879,-29.246398046398046,1023.7499999999999,762602388194571,443.91893,a80711f08a1864c0ad1068d70cf21736647eb35b06468265d76f19587370a916,16380,451.10807,True,338,466
9328.826708078584,a92223b8,467,-0.390399839279117,762602393263347,0.0,True,True,a92223b8,1025,762602401228175,-18.56910866910867,13239.368803418804,-59.713736263736266,1023.7499999999999,762602845175427,443.947252,3be411e6bf7ce4663f80c997068518dd83e27fb75e46f56422c6839763d43680,16380,451.91208,True,356,505
32236.33807731069,2ae85a46,468,-3.9001821900795433,762602848988014,0.0023504273504273503,True,True,2ae85a46,1025,762602856193385,-4.474297924297924,32284.16275946276,-5.273076923076923,1023.7499999999999,762603300151206,443.957821,959f9590bf420989d5d84fdff6ab2b3b039762b3e37b829fcbf695d7955a347f,16380,451.163192,True,429,675
13102.130661051402,0e148de4,469,0.07676646645594329,762603303519863,0.0,True,True,0e148de4,1025,762603314226973,-36.966483516483514,22213.489682539683,-88.0047619047619,1023.7499999999999,762603755193328,440.966355,7cb890b4722ffd8725526d58f77ef9f52fd9a739ccd511e666abc8e902192da3,16380,451.673465,True,343,530
12213.57488709093,07ef2e4c,470,0.24608747456225227,762603759372609,0.0,True,True,07ef2e4c,1025,762603767192744,-31.7992673992674,21737.365323565322,-92.26373626373626,1023.7499999999999,762604211201719,444.008975,da363496678317d4d2a9c39330e110c7eb07217cf536cc689ee69551c31bab21,16380,451.82911,True,357,515
33025.70190201876,b35ce1f6,471,-2.5700145057770034,762604215816205,0.0062271062271062275,True,True,b35ce1f6,1025,762604223276608,-18.78876678876679,34928.71367521367,-39.36996336996337,1023.7499999999999,762604667199136,443.922528,6f15834f7b990357d7fb71b29b5e7b5a2afc5af256160982245d037c2ea56f72,16380,451.382931,True,614,771
3769.671199383983,c5299b0c,472,0.053484897331336295,762604672842680,0.0,True,True,c5299b0c,1025,762604680245254,-12.018559218559218,5673.473870573871,-41.94468864468865,1023.7499999999999,762605124225141,443.979887,332e40efd3372826792e2b778a8c372a976796223d7b4238329ce9c77bdbe5bf,16380,451.382461,True,288,376
9261.066785438481,98b5a178,473,-0.0772994729501869,762605129284378,0.0,True,True,98b5a178,1025,762605137259897,-35.44401709401709,16366.998717948718,-76.48302808302809,1023.7499999999999,762605581237527,443.97763,ff410cb2e0a458bf6bc3b3530796f82de9000d59a289a5849328ae543c7553e7,16380,451.953149,True,307,463
25132.142016590115,280234ee,474,-1.1275442402170845,762605585424012,0.0025335775335775337,True,True,280234ee,1025,762605593245439,-19.243467643467643,26764.610989010987,-35.52686202686203,1023.7499999999999,762606037212498,443.967059,b51dba401a9c77902b2be3865c95d5178b0793af079d27d79482a98e3c800d2c,16380,451.788486,True,525,681
9206.528348290225,45d754d9,475,-0.38355782003713956,762606040416684,0.0,True,True,45d754d9,1025,762606048200359,-14.587301587301587,12436.043162393162,-54.924725274725276,1023.7499999999999,762606492255353,444.054994,4c101355c7a535dd2212f89c3abbb2aeebaa84c8606a7df4fedaee24a4fd64a6,16380,451.838669,True,377,521
5277.205650846577,0ee1ee90,476,-0.4728774689219906,762606496605729,0.0,True,True,0ee1ee90,1025,762606504165170,-21.513247863247862,10531.64010989011,-69.22148962148962,1023.7499999999999,762606948286879,444.121709,c4b85ab1e3966380f81b526219b74b79ccf1ea9abf0fdc3352f47e4a83179141,16380,451.68115,True,217,347
11699.321260758303,aae0da58,477,-0.02871533035237557,762606954783127,0.0,True,True,aae0da58,1025,762606962198054,-29.743101343101344,18679.77905982906,-78.07564102564102,1023.7499999999999,762607406265028,444.066974,ce20d37aa65464013104cb722db9cd72f7f9dd5bb6de276c37d2064799813828,16380,451.481901,True,357,505
11016.592377862607,62d0659b,478,-0.15422981454044543,762607411621518,0.0,True,True,62d0659b,1025,762607419201488,-36.60732600732601,18742.991514041514,-79.91434676434676,1023.7499999999999,762607863285883,444.084395,82a3015f0de76bc38ca84a5cee529beffe66ab428350e00fc7b9d2a2236036df,16380,451.664365,True,332,508
4269.964554912257,83c8f014,479,0.06419563063822492,762607869138382,0.0,True,True,83c8f014,1025,762607877143587,-15.803296703296704,7811.60286935287,-57.375030525030525,1023.7499999999999,762608321863655,444.720068,a434ba6983a485f434d5bd6db85cb043b38ce2919ea2dafd7c72d9eab28ae982,16380,452.725273,True,205,324
11732.302016750378,8fbf55ff,480,-0.2668900935353905,762608328195481,0.0,True,True,8fbf55ff,1025,762608336258175,-31.798901098901098,17345.321916971916,-67.83693528693529,1023.7499999999999,762608780286521,444.028346,64d529c466a3500ae385bc559a5b71e5f5a08474e9296a61ea90103f1482810c,16380,452.09104,True,366,521
11802.60420219348,89010a86,481,0.46875033417036316,762608783937973,0.0008852258852258852,True,True,89010a86,1025,762608791135118,-26.78803418803419,15214.453052503053,-51.90616605616606,1023.7499999999999,762609235349236,444.214118,cad5cfb0c4d7d64fb14d682be9e929de186f44db1824ee5401059ef5b96c8b60,16380,451.411263,True,485,594
28134.847658279177,5bac6808,482,-5.8150481140637815,762609239511645,0.0038156288156288155,True,True,5bac6808,1025,762609247111953,-6.492979242979243,28276.673382173383,-9.983333333333333,1023.7499999999999,762609691287605,444.175652,e0bfa2b59937aaa0c9741011aa15f00e7e0643890675221d7001a14843a92775,16380,451.77596,True,558,690
15024.95522414094,a2319406,483,0.2811468920094688,762609695237833,0.0001221001221001221,True,True,a2319406,1025,762609703097782,-25.38864468864469,21949.781684981685,-79.24798534798535,1023.7499999999999,762610147327637,444.229855,145c4f2c862bda293cc24c1b202295079eacdbcb61d561ded75666f02a56aa5e,16380,452.089804,True,445,687
12827.372855398567,7c5cde66,484,-2.192112532453852,762610151714942,0.0024114774114774116,True,True,7c5cde66,1025,762610159194832,-10.93003663003663,14258.843711843712,-36.22161172161172,1023.7499999999999,762610603320507,444.125675,69be9967f4cebf15c6aa139004b0e9883f839ca14734d667ee3c71c64abf52e8,16380,451.605565,True,469,600
16775.44085982563,c4438078,485,-0.4919078628888287,762610607949690,0.005494505494505495,True,True,c4438078,1025,762610615132818,-8.75885225885226,17221.175885225886,-19.209829059829058,1023.7499999999999,762611059300993,444.168175,0ce612eae9474224e9c33ae94dbb9e27668cb3ac1757fa945014af6a0063af6c,16380,451.351303,True,494,612
7177.647976205385,83a2abfc,486,-0.19517739701588077,762611062837508,0.0,True,True,83a2abfc,1025,762611070157936,-13.424420024420025,9553.529242979243,-46.85793650793651,1023.7499999999999,762611514334704,444.176768,9091d671c662cc249d91562305345b53c4e9913d4318815183771c70586fbb40,16380,451.497196,True,330,475
11430.85212545154,0ef04761,487,-0.11224517308408188,762611518076959,0.0,True,True,0ef04761,1025,762611526156404,-16.806837606837608,15704.167277167277,-63.173137973137976,1023.7499999999999,762611970303595,444.147191,6297cc455264d75e6d31e479ac5c8a430fab5f3890a6c5789d913a633a74d47c,16380,452.226636,True,371,538
7964.460396922302,204873af,488,0.09656577172320864,762611973549620,0.0,True,True,204873af,1025,762611981255678,-21.53956043956044,10589.391452991453,-46.486324786324786,1023.7499999999999,762612425342334,444.086656,f26f485cce624099327671b8f5d4a6c4b0a020313ac85e586c041b29efd5a9be,16380,451.792714,True,374,512
6293.091530273078,52a40c01,489,0.09442739541668728,762612430902299,0.0,True,True,52a40c01,1025,762612438187841,-11.082234432234433,8423.877472527472,-44.81037851037851,1023.7499999999999,762612882369134,444.181293,bf1a5280ff68041ae5736baa101cbea9e959545b7121d3c2486913c1ccf3eaad,16380,451.466835,True,341,484
18637.3488847108,4f298302,490,2.0415472571816555,762612885660204,0.001984126984126984,True,True,4f298302,1025,762612893148600,-17.71971916971917,22203.358547008545,-57.026495726495725,1023.7499999999999,762613337342026,444.193426,83bad1d5baa40327cc091eb5b9d0aeb2ce489d2ae1472c682b4253498e469b2d,16380,451.681822,True,523,642
11036.896291100706,fc33c8da,491,-2.497558589770378,762613341664729,0.0023504273504273503,True,True,fc33c8da,1025,762613349158194,-11.369536019536019,13390.0221001221,-47.157814407814406,1023.7499999999999,762613793363580,444.205386,ec32bbad6e4ad9636664b385efd87909906a1beae85e00562e6115cd6a85c3b4,16380,451.698851,True,403,504
14782.168742070573,3ee35f72,492,-0.9141743280130448,762613798427777,0.0009462759462759463,True,True,3ee35f72,1025,762613805544048,-9.71001221001221,15297.103663003663,-20.50976800976801,1023.7499999999999,762614249437763,443.893715,32bf4516ce857a69c1a8b1930e42278026222b91308aff603f67c5bc7c6f2ca0,16380,451.009986,True,419,535
55448.1186564924,0a026910,493,-2.001862514952674,762614254232360,0.01904761904761905,True,True,0a026910,1025,762614261540114,-14.362637362637363,56527.31788766789,-29.545115995115996,1023.7499999999999,762614705437814,443.8977,047e7a132cefd43efae2baab9ef97f7672377da08e7e0ed5928a717d50402fdf,16380,451.205454,True,632,811
8826.924449572947,5ae29bbf,494,0.014337050960323235,762614708629576,0.0,True,True,5ae29bbf,1025,762614715550998,-19.465567765567766,12070.147374847375,-53.51929181929182,1023.7499999999999,762615159460251,443.909253,4b21df661910b848054db885247ebf942e46a4d204cb3713d3869023919c237e,16380,450.830675,True,361,498
28010.854857285227,31755e5a,495,-0.13113610709418896,762615162956419,0.007081807081807082,True,True,31755e5a,1025,762615170519867,-17.65811965811966,33699.573321123324,-73.32741147741147,1023.7499999999999,762615614452130,443.932263,5437ae2b934dab3df2cea00339c94afa9028eece592a6efe262f867e4abcedab,16380,451.495711,True,454,709
5151.7339674302775,d3bdc16b,496,0.2956755388542525,762615617736567,0.0,True,True,d3bdc16b,1025,762615624526030,-15.02026862026862,6787.005677655678,-37.545482295482294,1023.7499999999999,762616068451479,443.925449,b4c75d7909170e091d71a674d2ec8d02dac9b25fb6bc54d26c12cbacf36e535c,16380,450.714912,True,363,495
10886.270226858001,954c5fe6,497,0.15489799635726426,762616072421495,0.0,True,True,954c5fe6,1025,762616079534770,-29.526190476190475,17340.126434676436,-74.71318681318681,1023.7499999999999,762616523515883,443.981113,715817217043cf75b5caa40579033aac2920d96f2a05ae4539e081713435faec,16380,451.094388,True,333,503
14805.699927000824,e4a7b541,498,-0.19801230185898158,762616528665351,0.002106227106227106,True,True,e4a7b541,1025,762616535543592,-28.823504273504273,18628.9115995116,-54.702991452991455,1023.7499999999999,762616979519444,443.975852,c2d7b8bb059f891213a6ed576958786b6904066625ad6be1cfaf1ae46e017eba,16380,450.854093,True,403,531
13347.04880164097,4592f347,499,0.019315514416678992,762616983880159,0.0,True,True,4592f347,1025,762616990525168,-22.08809523809524,21150.44523809524,-85.53076923076924,1023.7499999999999,762617434488344,443.963176,f4748417b361de8245190c75b86c4101d70225483a1e3dec4c3f03976fc1d099,16380,450.608185,True,343,538
18984.332240272615,f34cd932,500,-3.558625442777961,762617438093329,0.002380952380952381,True,True,f34cd932,1025,762617445602684,-7.3297924297924295,19282.255006105006,-15.626800976800977,1023.7499999999999,762617889526284,443.9236,5d7f49dda684b776c84f012b268cfc82a1e913777da0ee1225216e27c4caac5f,16380,451.432955,True,480,618
6354.036378527523,b8f28bd9,501,0.20251499057085326,762617893481241,0.0,True,True,b8f28bd9,1025,762617900686450,-18.780891330891333,8823.37612942613,-46.00671550671551,1023.7499999999999,762618344507545,443.821095,b1720ac6334ae3a3fa8072b505fb7306cb08360e945299cbb9c470d27e7a0b2d,16380,451.026304,True,342,490
5417.459188097549,04ff9f32,502,-0.21427421492241727,762618348502648,0.0,True,True,04ff9f32,1025,762618355616124,-21.341697191697193,9167.266727716727,-57.396336996337,1023.7499999999999,762618799518310,443.902186,a1b9af48561743293f1119d1c48d4526df1ffcc8d6aa41952328d3853b12478a,16380,451.015662,True,229,351
9339.635371749402,e61a4e8b,503,0.0005266979513613892,762618802706305,0.0,True,True,e61a4e8b,1025,762618809604023,-20.11782661782662,12585.629792429792,-53.303540903540906,1023.7499999999999,762619253518111,443.914088,3177f16e518052e197457e2659a879a55acf8d3a918c69251e769e3c71861d7f,16380,450.811806,True,357,502
12444.025260811975,dfcba3ea,504,-0.10758627723685042,762619258552922,0.0,True,True,dfcba3ea,1025,762619265583361,-28.228815628815628,19812.903601953603,-81.06794871794872,1023.7499999999999,762619709517154,443.933793,ca641356516509e3600cb7161c617318d9195285971161e29c3741079d4e9590,16380,450.964232,True,355,523
3603.474477611996,f3420d28,505,0.09720376089901007,762619713616063,0.0,True,True,f3420d28,1025,762619720787038,-10.2013431013431,6507.069413919414,-52.91056166056166,1023.7499999999999,762620164569825,443.782787,65f39cb9e0c43a56cd2918b39d0b938ded47c6b505e9b86b2362437ad92b1631,16380,450.953762,True,182,282
11207.676132646353,a54c8572,506,-0.012853714220895079,762620169530927,0.0,True,True,a54c8572,1025,762620176618082,-34.52051282051282,16510.35934065934,-64.11721611721612,1023.7499999999999,762620620521736,443.903654,853f5e4c9cabc3744c72022876d18c5ce3637e7016bb8dba6133e53c87dcb4c7,16380,450.990809,True,377,531
12361.34582769049,d1058e4e,507,-0.01610305088359193,762620624934259,0.0,True,True,d1058e4e,1025,762620632646979,-38.993101343101344,20769.186385836387,-82.99023199023199,1023.7499999999999,762621076537668,443.890689,d165a3efcb4ca20d2376d7fc94e61a50542878f76885e6a00bd999ab800d8172,16380,451.603409,True,364,527
27287.063116411806,dbd6ebdb,508,-1.1047568191301917,762621079435092,0.0025030525030525033,True,True,dbd6ebdb,1025,762621086620735,-4.628815628815629,27334.429975579977,-5.093223443223443,1023.7499999999999,762621530547169,443.926434,b7d660301acedd33669a9694f400693c935c096c23e1a09b72a586eb1b00212d,16380,451.112077,True,430,652
7831.99432238532,05c3aaf1,509,-0.2062193760762154,762621534523065,0.0,True,True,05c3aaf1,1025,762621541673300,-15.528815628815629,12842.86221001221,-69.06318681318682,1023.7499999999999,762621985562964,443.889664,dba316087392ed426003599a73357f25c687f09d3669062c05dc97bcb85275bf,16380,451.039899,True,328,476
4798.671129340407,f4fa7868,510,-0.39899228369775636,762621988575196,0.0,True,True,f4fa7868,1025,762621995659276,-11.32997557997558,6074.25525030525,-33.87057387057387,1023.7499999999999,762622439454449,443.795173,fdaeea48e6b984828bbc70024fb5caa88b4e8a7b97ec50bb33b8606480671fa6,16380,450.879253,True,338,482
9730.037006471008,d0a69dee,511,-0.5864440382558512,762622445218771,0.0,True,True,d0a69dee,1025,762622452695144,-16.126678876678877,12701.820207570208,-52.074114774114776,1023.7499999999999,762622896418540,443.723396,538ab784e0dc2c8e4903c71574432e0c739ccf91fe25a925de9622e964da12f5,16380,451.199769,True,361,504
11423.456671422458,f79d66fd,512,-0.59422131763133,762622914018987,0.0,True,True,f79d66fd,1025,762622921736155,-22.875335775335774,17355.702564102565,-73.54566544566545,1023.7499999999999,762623365562585,443.82643,c0c75ca5e06b20120c490861299a9f7f8f0d0092ca493874dd77deea09a75970,16380,451.543598,True,370,524
38785.90569098009,7fd90c4a,513,-8.018473517198444,762623369492163,0.0026251526251526254,True,True,7fd90c4a,1025,762623376685580,-7.093223443223443,38862.21581196581,-5.098656898656898,1023.7499999999999,762623820448738,443.763158,58eb5b48fb247db89cff9db2527d5af639ba694152341d5aca847f6972e59630,16380,450.956575,True,421,671
13735.629716974452,41a3a657,514,0.48819197184171825,762623823859134,0.0,True,True,41a3a657,1025,762623831761643,-28.187545787545787,19573.413003663005,-71.01581196581196,1023.7499999999999,762624275622196,443.860553,93a6e7cca285309a72b0b8b530cf441bf1aed368fc17f2870ad9237a5f758010,16380,451.763062,True,401,557
12113.51680514371,72d4e430,515,-0.20841328709296947,762624278916622,0.0,True,True,72d4e430,1025,762624286749689,-38.60531135531136,20699.21330891331,-84.23376068376068,1023.7499999999999,762624730652068,443.902379,8b3d793a0df3261c4a357f193275037308b22591a9d4e753c121fe1e82db78e1,16380,451.735446,True,347,509
29252.227676825274,6a376a4c,516,-3.1642885227040596,762624735197613,0.004212454212454212,True,True,6a376a4c,1025,762624742747564,-6.541819291819292,29372.084249084248,-8.778449328449328,1023.7499999999999,762625186600810,443.853246,2a20cd79ef2c458cfab29c8e3605f14f35617a308ec1e6f9e3819d6614648c91,16380,451.403197,True,518,687
14086.801486233548,c2968d00,517,-0.08151881958075076,762625191854675,0.0007936507936507937,True,True,c2968d00,1025,762625199792602,-18.433516483516485,18272.59481074481,-62.016117216117216,1023.7499999999999,762625643639192,443.84659,494ab8d2becb14593b58861a1a987217d60447b0da1457af7b7ed88e7a7d26d3,16380,451.784517,True,442,579
9526.753093299998,5c7acaff,518,-0.23594641710433117,762625648717144,0.0,True,True,5c7acaff,1025,762625655778411,-19.38931623931624,12677.537606837606,-52.67673992673993,1023.7499999999999,762626099624179,443.845768,2116b73aaf6fa576bb296ac939c9e646fb67f722d214375fa2ab97bc20591041,16380,450.907035,True,368,541
20604.50812023582,fed4173a,519,-7.278009876628234,762626103360662,0.0004578754578754579,True,True,fed4173a,1025,762626110788072,-4.8860805860805865,20649.317277167276,-4.575518925518925,1023.7499999999999,762626554636072,443.848,9ced5f0dfd886fe5865f5ac73a8d7fbd7c57fdc1c2e1e06eb0611bc46837ab8b,16380,451.27541,True,368,540
11015.648960072964,03dc9438,520,-0.4651018330846243,762626557793790,0.0,True,True,03dc9438,1025,762626564830570,-22.15866910866911,14818.707264957266,-57.55042735042735,1023.7499999999999,762627008649314,443.818744,fa3f41a71a4672f96aabd06dfd459248ee873ebdf1a6d73032d4c55f7d654838,16380,450.855524,True,383,543
11100.914385358568,322d86fd,521,0.24418483908915045,762627013745291,0.0,True,True,322d86fd,1025,762627020792220,-40.42087912087912,18151.17368742369,-73.59627594627595,1023.7499999999999,762627464657461,443.865241,ccacaf7e4d3e8eb9941bb10a9fdc7f6656879a3f71be6283ef6d35b4ce468e7a,16380,450.91217,True,347,515
23678.91806923405,7511397a,522,0.79988298321994,762627468427687,0.0029304029304029304,True,True,7511397a,1025,762627475843736,-15.501770451770453,25520.874175824174,-40.02063492063492,1023.7499999999999,762627919701761,443.858025,69ac76c7beeda071b473e357f7c84ee0d5df5c87feac999c0ad576b68412f613,16380,451.274074,True,605,745
7201.363079271157,51b018fd,523,-0.6299715457544495,762628531573985,0.0,True,True,51b018fd,1025,762628539032744,-19.875641025641027,9425.063003663005,-42.76282051282051,1023.7499999999999,762628982664118,443.631374,992e44d0234ba9b354a7419a2a98833edbdd61b515a2d16029ee1e62bb89fef8,16380,451.090133,True,357,503
11758.872427194636,5bc5d5e9,524,0.4780667090855987,762628986439705,0.0018620268620268621,True,True,5bc5d5e9,1025,762628993850523,-15.659218559218559,13208.186263736263,-34.70018315018315,1023.7499999999999,762629437697443,443.84692,c97ce5245dacc4e056cf1dd06198af865404de811f095668940e4fe66e12ec80,16380,451.257738,True,462,581
9970.674322083425,9c40130d,525,-0.24230527275378938,762629441765433,0.0,True,True,9c40130d,1025,762629448882004,-22.781623931623933,13199.94700854701,-52.06025641025641,1023.7499999999999,762629892712732,443.830728,a29e92fdaf9b683fd193c3030658c3b02d946e51494c50dc63613dbedee5e2dc,16380,450.947299,True,376,524
13595.835032835841,d4227bd4,526,12.36869261184479,762630167077424,0.002960927960927961,True,True,d4227bd4,1025,762630174914058,-14.381807081807082,15189.210744810745,-37.23626373626374,1023.7499999999999,762630618701040,443.786982,8555b475988a4b262f12e46b5175381769e12b0d99f777eca5668baa8b641de6,16380,451.623616,True,434,550
18451.204521860247,947920da,527,-0.42670208407996485,762630621534404,0.001984126984126984,True,True,947920da,1025,762630628827078,-21.894993894993895,22589.404945054946,-60.48809523809524,1023.7499999999999,762631072760377,443.933299,45f91acb493b5b754064716d46d1a90f78c9bd5d22d7c0611f8813166d1d4fbd,16380,451.225973,True,485,641
26907.582823949215,2a9aefbf,528,-0.2723775559693224,762631075895592,0.004426129426129426,True,True,2a9aefbf,1025,762631083909592,-4.095665445665445,27041.77264957265,-10.835836385836386,1023.7499999999999,762631527724795,443.815203,c834f04e82bad9befef7aeac71afb657eef8ebd7e5db20d949766f6162d0e1c5,16380,451.829203,True,540,718
12672.841855288247,88913394,529,-2.4533444799955575,762631532528979,0.00231990231990232,True,True,88913394,1025,762631539952121,-14.786385836385836,13918.759829059829,-32.051221001221,1023.7499999999999,762631983755381,443.80326,c5f010d8d22c6b3d0745d4d0378f3df08d601f5bedb00de01116514fa34745c1,16380,451.226402,True,457,570
9800.590128745558,3ef9db5b,530,0.004465692098869643,762631988597857,0.0,True,True,3ef9db5b,1025,762631995905139,-16.62735042735043,15323.17796092796,-72.43009768009767,1023.7499999999999,762632439735940,443.830801,d4709d703dce1bfa6c2570c4088153b37432f06e38eb8ef8d5c70cf18b516654,16380,451.138083,True,332,491
35484.738950949,2aceebd1,531,-16.019491434417578,762632443045314,0.01278998778998779,True,True,2aceebd1,1025,762632450876959,-17.37057387057387,37747.98687423687,-44.28894993894994,1023.7499999999999,762632894737163,443.860204,527bddb17afb9e6e5b201e35f241e81385ac3efe2b0a8412ed19522d2d36e85f,16380,451.691849,True,526,750
5351.889003668967,5a765e8b,532,-0.35349051139463616,762632898456283,0.0,True,True,5a765e8b,1025,762632905946993,-14.25873015873016,8777.391452991453,-56.76434676434676,1023.7499999999999,762633349776498,443.829505,ffad7aca3efe2162b1a7db55fd3987847054efa7a4e870238560af63bb24747a,16380,451.320215,True,229,346
25723.71891975681,16cbca05,533,12.60616254201593,762633356920121,0.004151404151404151,True,True,16cbca05,1025,762633364950371,-9.172832722832723,26320.102686202685,-22.632783882783883,1023.7499999999999,762633808750680,443.800309,c25e3cb54ad049d7e0ccc7d9c7d231ed5cdaaed90c58921d35b7d33bb5944924,16380,451.830559,True,537,681
17013.589826089323,814de157,534,-0.17708165777308227,762633812927336,0.0010683760683760685,True,True,814de157,1025,762633820883456,-20.584004884004884,20122.42252747253,-51.81825396825397,1023.7499999999999,762634264800365,443.916909,72ae875508ff511a0fff9f36d88f3220e74975ff38bf625c00641fbfc1ebc7e4,16380,451.873029,True,441,560
12400.759416930918,659149f1,535,-0.01785689594922463,762634270697527,0.0,True,True,659149f1,1025,762634278871680,-24.025030525030527,18761.331868131867,-76.04847374847375,1023.7499999999999,762634722887564,444.015884,6e35b7ecf62fc5e249df0dd632ab692c4f3e448a22c07581bb2d35a6af072e8e,16380,452.190037,True,360,542
8286.46875855558,9dbc05f4,536,-0.46391101959887826,762634754896894,0.0,True,True,9dbc05f4,1025,762634762869726,-12.438278388278388,10863.561965811965,-49.21770451770452,1023.7499999999999,762635206800658,443.930932,560fb5d846e31377256775b186510737958d1e03d61f01de41fe4fd3a0a7b787,16380,451.903764,True,359,509
31756.934018607226,0947bbe2,537,-3.6298645375866516,762635212151196,0.004304029304029304,True,True,0947bbe2,1025,762635219908149,-5.966239316239316,31959.083394383393,-12.905555555555555,1023.7499999999999,762635663765310,443.857161,9d0a4fb314e4a6b64a861ce2fa127585a24bf79aa7f460758492b1fe6190b9f7,16380,451.614114,True,566,694
10724.65517751852,e4f807e0,538,14.815129110094304,762635667407774,0.0022893772893772895,True,True,e4f807e0,1025,762635674831056,-14.911660561660561,12345.535347985347,-37.3968253968254,1023.7499999999999,762636118799907,443.968851,328407a37ba3ef3ff0ea0d1825eeefffd30db253ad38d5b61bc4551d40012b10,16380,451.392133,True,414,522
12044.342049891837,50ab7bd8,539,-0.30132943889964636,762636121520417,0.0,True,True,50ab7bd8,1025,762636128809204,-30.248778998779,17685.414713064714,-68.74652014652014,1023.7499999999999,762636572797360,443.988156,44704987fe70645968e90260191dfa5ca85b9c6a48a912f1ec833c50424bf88c,16380,451.276943,True,378,533
2199.5052130304234,8c16f9d0,540,-0.22511681050738394,762636575822396,0.0,True,True,8c16f9d0,1025,762636583799355,-6.579365079365079,2375.5337606837606,-11.521306471306472,1023.7499999999999,762637027822036,444.022681,777f146b04abc6418de13e01f306167b321e8a762423f818c217754858334513,16380,451.99964,True,306,399
18017.719319660802,ce27b748,541,-10.865131335751668,762637031121461,0.0,True,True,ce27b748,1025,762637038904824,-11.628388278388279,21438.936874236875,-57.323626373626375,1023.7499999999999,762637482820410,443.915586,0ab9c43561634cc129d96eac72fba6cff1d25bea7978433f1e7c3cf6ec45cf44,16380,451.698949,True,404,647
17993.944046195295,299b08e1,542,-0.4439068869956409,762637486065513,0.00015262515262515263,True,True,299b08e1,1025,762637493850328,-20.234188034188033,23830.629914529916,-73.66996336996337,1023.7499999999999,762637937807051,443.956723,ab26c1b50527698130810161c0789f99b99cfecdc84242ca4b6d6bde0018be46,16380,451.741538,True,497,723
12133.396543776396,01612a1b,543,-0.3084429350395156,762637941188662,0.0014041514041514042,True,True,01612a1b,1025,762637948777306,-7.776068376068376,12543.850671550672,-18.70793650793651,1023.7499999999999,762638392841622,444.064316,81c1836dc2e6f2b8c5d205f26028ebb629627d6e2151e0fcb7be8203911f8208,16380,451.65296,True,435,548
6857.1310406091,0bc9d51b,544,-0.12034396362873444,762638396905183,0.0,True,True,0bc9d51b,1025,762638404842458,-22.86068376068376,10149.354212454213,-52.627106227106225,1023.7499999999999,762638848870813,444.028355,fca1cc30d6efa0fa03e27f5b8c59facd40e69ec40cb9960cc81720fdfda9dc4f,16380,451.96563,True,348,495
24847.000004453897,6829ef95,545,-4.1207906312628335,762643966138186,0.0028083028083028083,True,True,6829ef95,1025,762643973819936,-6.690598290598291,25417.53669108669,-22.92973137973138,1023.7499999999999,762644417986066,444.16613,6a12eddc084fe19b2e0b5a1055909ad786e8c7c71d40c51ad1c4e3a22d097bee,16380,451.84788,True,508,637
31155.34574662212,07e19c23,546,-6.40316452692566,762644424879805,0.002197802197802198,True,True,07e19c23,1025,762644432854850,-6.235897435897436,31221.184615384616,-5.191575091575092,1023.7499999999999,762644876959422,444.104572,924b209df70ce5172f96a1037a2f8fc8b5dc04e17b5dfbd92f2e2e96cf19f342,16380,452.079617,True,404,602
9772.016904493552,dc6102df,547,0.14676329101614136,762644881020579,0.0,True,True,dc6102df,1025,762644888815353,-20.975641025641025,12970.148595848596,-52.51813186813187,1023.7499999999999,762645332962936,444.147583,7f28cb63911253f2f26d1cf2ed8679a6d2421e92bb45dfffd372029fddd58e3d,16380,451.942357,True,351,509
7224.4225119043895,623e83b7,548,0.18096965419858832,762645337070581,0.0,True,True,623e83b7,1025,762645344902375,-14.548168498168499,9529.128632478632,-45.74993894993895,1023.7499999999999,762645788955447,444.053072,ef7af6b3616c796df4e20fd60558bb957d0c9c4dc093dd5ad4ba88c88fe55614,16380,451.884866,True,356,501
4930.411712722564,6ad4835d,549,-0.9233276447141197,762645793101816,0.0,True,True,6ad4835d,1025,762645800778706,-13.582783882783882,6043.378205128205,-30.470879120879122,1023.7499999999999,762646244033267,443.254561,a706d8239c00fcabfd35c988223c4dd3d8352748c2e39e0b142ca3dda9764afd,16380,450.931451,True,354,494
3194.518839508409,5975f4b3,550,0.009194689406651347,762646248703346,0.0,True,True,5975f4b3,1025,762646256776407,-14.292796092796094,4611.0541514041515,-34.81739926739927,1023.7499999999999,762646700034111,443.257704,a7fcfa0f47428f5f4eff00313fff3fee2cd8e71ae4f1912fbb7b2fc087ea5e71,16380,451.330765,True,182,281
6563.508831815654,9f715160,551,-0.3855718763902252,762646703504459,0.0,True,True,9f715160,1025,762646710748130,-10.614285714285714,8379.265873015873,-41.26855921855922,1023.7499999999999,762647154030510,443.28238,85d12775a77e35f0741983956c2ad328ed2b568a5da9fb2a140260fc21a17321,16380,450.526051,True,337,490
5604.005683902315,f5844756,552,-0.34796431547009055,762647157050807,0.0,True,True,f5844756,1025,762647164171686,-7.93956043956044,9529.217094017094,-62.14639804639805,1023.7499999999999,762647608166632,443.994946,f71d414eda55d6065059e58069b0a950a429037165a1dbd96344c1cd06f28d63,16380,451.115825,True,232,364
10072.116748957527,ddb5d5aa,553,-0.4231875279212317,762647614553401,0.0,True,True,ddb5d5aa,1025,762647622184906,-16.906959706959707,13188.000671550672,-53.19810744810745,1023.7499999999999,762648067989998,445.805092,e44f81b8e48f1abbdfd6dda6ab4de8b7ad512010de478b7f18127836ced9d4cd,16380,453.436597,True,375,533
12041.360588905736,43a9baf3,554,-13.522806228497299,762648079897286,0.003021978021978022,True,True,43a9baf3,1025,762648087183377,-9.962332112332112,14093.520146520146,-44.191758241758244,1023.7499999999999,762648531492305,444.308928,8fd187a3bb1b8834f696fd3b3f8f75f5d27f8122660a366ce8da64bf21cec346,16380,451.595019,True,385,485
35208.85990808947,a7b3c861,555,4.242575157486746,762648537584046,0.008424908424908424,True,True,a7b3c861,1025,762648545177719,-26.726739926739928,40051.82942612943,-64.25457875457876,1023.7499999999999,762648989102980,443.925261,190559f69d95c854fa544878fc74c33b423e9f6d36f17992d365b28e6516417e,16380,451.518934,True,560,845
25840.01405893828,90b3f0a6,556,-12.875531070476203,762648993811853,0.0018620268620268621,True,True,90b3f0a6,1025,762649001291741,-7.119658119658119,26059.6163003663,-12.996642246642246,1023.7499999999999,762649445094669,443.802928,f4addb9faca0cef0a60585849c87ac5bfa3acf7b8a5fdd8db860d76d65961137,16380,451.282816,True,558,656
30299.392557431038,8605fcda,557,-15.668386788571489,762649449579238,0.0,True,True,8605fcda,1025,762649457186056,-3.786019536019536,30323.507203907204,-3.1274114774114774,1023.7499999999999,762649901147683,443.961627,92e02dcff6348f745389f023d783be4c23e65538a1694129119b0b8d9a0b31e6,16380,451.568445,True,406,615
14246.763188162402,1dc115f4,558,0.8158831195782894,762649907672002,0.0,True,True,1dc115f4,1025,762649915198629,-16.454029304029305,18814.41282051282,-65.5508547008547,1023.7499999999999,762650359194981,443.996352,0d7b37975c555a73482eacaad02167bf31e574cda43499725fc0e3b285af1cbf,16380,451.522979,True,449,550
16131.783891833305,5ed9d2e8,559,-12.54481842458085,762650364108000,0.0011904761904761906,True,True,5ed9d2e8,1025,762650371205344,-26.101709401709403,20153.866666666665,-57.7995115995116,1023.7499999999999,762650815122664,443.91732,8db75f21a9169ceabde5fe4d21f91553ac7dde0f599290e704f4dbb117cc742f,16380,451.014664,True,588,702
8862.087668316286,c12dc1b7,560,-4.182273254949151,762650820400253,0.0,True,True,c12dc1b7,1025,762650827195165,-13.716422466422467,11238.045726495726,-46.77411477411477,1023.7499999999999,762651271158452,443.963287,5c7cfd6aee406902f649645b3448f6aab26f19e08beb1d5f810fabc544e416a0,16380,450.758199,True,399,557
10625.51113779349,3244594c,561,-0.06499196497220057,762651276669623,0.0,True,True,3244594c,1025,762651284228611,-15.522283272283273,14683.957081807082,-61.78595848595849,1023.7499999999999,762651728166097,443.937486,9e8d626581d0c80ec5617ccf87123988e656aa791a594cb54272cebffcbf36ba,16380,451.496474,True,363,517
6717.9764862521815,687f7f55,562,0.4547041475542463,762651733128038,0.0,True,True,687f7f55,1025,762651740240431,-4.072100122100122,8593.76336996337,-43.11849816849817,1023.7499999999999,762652184140957,443.900526,50fbfa57fa2310b4744f00f2e67f6a3ff7ebc4d78c5e0ec68494b83f642c544a,16380,451.012919,True,344,494
10174.091865489348,0442475c,563,0.19060985214116397,762652190507427,0.0,True,True,0442475c,1025,762652198263087,-14.610683760683761,14341.53205128205,-62.88058608058608,1023.7499999999999,762652642178498,443.915411,36acf60cce5d1a4feedc06f424d90af22fc6e624cfaa74a8c58dfe0cc3cf5262,16380,451.671071,True,357,517
18721.729275062204,3f182151,564,-4.5674709040204,762652649200058,0.0037545787545787547,True,True,3f182151,1025,762652657370513,-11.081440781440781,22238.735286935287,-58.25982905982906,1023.7499999999999,762653100167647,442.797134,f0a63d15c103c229168f0c8ea6cf858a07643f55cb68197e66c25c64df9b5dce,16380,450.967589,True,464,599
19010.85186282446,9bf1da5e,565,0.083693405323082,762653106425372,0.0031135531135531138,True,True,9bf1da5e,1025,762653113264306,-21.542979242979243,23386.392796092798,-62.54151404151404,1023.7499999999999,762653557258013,443.993707,2edd66dc6ff9a913c0c9f50db40cfc41fdf592fa702ab45a012c25553c345a10,16380,450.832641,True,498,608
18064.814757875753,eb4d9417,566,-0.37777177938698847,762653564688417,0.0014957264957264958,True,True,eb4d9417,1025,762653572259277,-12.76929181929182,21576.844627594626,-57.87032967032967,1023.7499999999999,762654017087283,444.828006,b574599568a093055b99adfa96eae82c9ea66bac4ccc680e7859ee703927fce8,16380,452.398866,True,568,716
40255.33876981145,9af2343f,567,-16.534495100632277,762654023744634,0.01275946275946276,True,True,9af2343f,1025,762654031295145,-5.557814407814408,44266.85195360195,-63.092185592185594,1023.7499999999999,762654476241493,444.946348,47ecdde04a8de6ca7eccb89301acaf073198f266e328a9205e605da7d602806f,16380,452.496859,True,548,798
15729.911266688136,6375c3d7,568,-0.24374031448704503,762654481221619,0.002197802197802198,True,True,6375c3d7,1025,762654488295348,-9.664652014652015,19546.52918192918,-61.01813186813187,1023.7499999999999,762654932174775,443.879427,3f198c92415caa34a4d99cc17ba728c0a30f608727c1559c47badc8ff46eb2c7,16380,450.953156,True,467,590
16017.960875837296,68473908,569,-0.08635571034453796,762654935375864,0.0013125763125763127,True,True,68473908,1025,762654942306091,-18.305372405372406,19333.680891330892,-54.595177045177046,1023.7499999999999,762655386215855,443.909764,3d95c1faa4b98e1a9470eb28efae69b749e21e6f520a740f70f0aa9f69ef7251,16380,450.839991,True,514,670
11637.699494395172,d7b25ec4,570,0.018650819182374438,762655390777489,0.0,True,True,d7b25ec4,1025,762655398315607,-20.826984126984126,17185.63357753358,-71.51343101343102,1023.7499999999999,762655842182868,443.867261,4e878a1a38dbb903a27ff029a22d7306cb44f178923793f1916ed05bf85c05bd,16380,451.405379,True,358,523
13032.18950776059,bed2e349,571,0.08553386659135824,762655846376406,0.0017094017094017094,True,True,bed2e349,1025,762655853312304,-12.396031746031746,15898.333943833944,-52.08150183150183,1023.7499999999999,762656297205273,443.892969,a76157b5ebbc90388686e599f40a17b1673bdca02086844f48f913e204be4a66,16380,450.828867,True,477,578
29914.77419106806,733aa06b,572,-6.142352440459352,762656302937623,0.002136752136752137,True,True,733aa06b,1025,762656310388325,-4.715689865689866,29962.700976800978,-5.068437118437118,1023.7499999999999,762656754086334,443.698009,98efc3b0185699c7f269e39562c9617351df7776530b53daeac5545e1085bbed,16380,451.148711,True,377,590
10347.46032090044,f0115c70,573,0.21840811538890323,762656760480286,0.0007020757020757021,True,True,f0115c70,1024,762656768439801,-14.114835164835165,13461.871367521368,-53.99242979242979,1023.7499999999999,762657212197793,443.757992,1efd8e113ded4e5bb0f38437d3e74179e83e4f3563f16bc8f4a011479ec0da4c,16380,451.717507,True,430,567
12513.6765512418,ad5dbbbb,574,0.10487429659702376,762657214978316,0.0,True,True,ad5dbbbb,1025,762657222326394,-22.374358974358973,21935.990537240537,-94.45476190476191,1023.7499999999999,762657666258262,443.931868,82aafa7051e60019d28125fc6cc679fa8b084f4c0034f102cc36290a7e02c256,16380,451.279946,True,352,517
22590.269388463254,fd7c3de3,575,-4.072373824012332,762657670747799,0.00115995115995116,True,True,fd7c3de3,1025,762657678324280,-5.991147741147741,23068.56178266178,-21.033272283272282,1023.7499999999999,762658122221472,443.897192,1336487d93c73b11388dc52c2f0ec77aad02ad28edac8e891710d33ae5310db2,16380,451.473673,True,501,654
5751.720285746339,5ea468cc,576,0.2236089252423728,762659879879799,0.0,True,True,5ea468cc,1025,762659887371449,-4.838644688644688,7858.993956043956,-45.64932844932845,1023.7499999999999,762660331248717,443.877268,0e9bcdbf850e9e3a698d18983302a78713b9e557950031d684bfc4cb01d713e7,16380,451.368918,True,338,453
4865.605560214442,c5cf7242,577,0.44413589523049,762660334536039,0.00015262515262515263,True,True,c5cf7242,1025,762660342369916,-9.172588522588523,5538.230891330892,-24.25879120879121,1023.7499999999999,762660786276719,443.906803,c7583cde3d5f38b0cd2e1061272e6de54bd45b1b7c88e15f58cf49fa9db8b0e7,16380,451.74068,True,368,461
8093.4738512450795,af7f3482,578,-0.14668486817996312,762660791097363,0.0,True,True,af7f3482,1025,762660798369778,-21.37063492063492,12900.901098901099,-65.96001221001221,1023.7499999999999,762661242290887,443.921109,283c625dd3a78775a3a9886737653ca8a5c1e899b82ad053365c329aaa622ca9,16380,451.193524,True,307,464
9260.382458185553,330aae0a,579,-0.07015941820803001,762661246238088,0.0,True,True,330aae0a,1025,762661253478612,-15.05891330891331,12545.493162393162,-55.30225885225885,1023.7499999999999,762661697274581,443.795969,881f82d399103d3ce1e74260dc5787c1c441c33af4cd871b1020aae1410b213a,16380,451.036493,True,361,492
7502.046160387233,250352bc,580,-5.649767266834658,762661701758258,0.0,True,True,250352bc,1025,762661709660925,-2.901098901098901,9641.231807081807,-46.16025641025641,1023.7499999999999,762662153284679,443.623754,942843941fdce4c9ebf9f3d5f7f14b58a86452070f9c74ac471b7ff41a221674,16380,451.526421,True,297,427
11544.891668697943,195129f3,581,-0.19763817144720208,762662156888169,0.0,True,True,195129f3,1025,762662164498694,-33.11495726495726,16488.399572649574,-62.02344322344322,1023.7499999999999,762662608301434,443.80274,cfc865f7bb1fc435c83a74ed409f1d90caf702059c26368c8fd4d503111bdc70,16380,451.413265,True,370,539
8820.385874894337,545beb8d,582,0.15836759138391168,762662613105075,0.0,True,True,545beb8d,1025,762662620580394,-25.766666666666666,12891.872771672772,-58.37435897435898,1023.7499999999999,762663064304074,443.72368,ffd8b635db69cb2d7cd26f6d38162927c0b7afceea7d350c4659d399a1f82d00,16380,451.198999,True,323,464
28.115813941180246,be20e5df,583,0.2045780684074887,762663068490688,0.0,True,True,be20e5df,1025,762663076499777,-4.78015873015873,55.845299145299144,-2.208974358974359,1023.7499999999999,762663520286103,443.786326,e0be4a8d969cd741796bba1f881e7caf7fd5fcffd7e09e30bd2e7db1e599d1f5,16380,451.795415,True,56,91
12219.967485166102,cd1c96f5,584,0.2081212340645422,762663523673324,0.0,True,True,cd1c96f5,1025,762663531505979,-19.405250305250306,19182.40860805861,-81.1534188034188,1023.7499999999999,762663975316701,443.810722,f2cdc6aee43559705ee4c3ee0e66e35363fa9ff27c1b333d55a7ee2a2f12e359,16380,451.643377,True,343,532
11650.581397841406,e056e60e,585,-0.14143057953351404,762663979368540,0.0,True,True,e056e60e,1025,762663986534072,-32.27808302808303,16982.514102564102,-65.49853479853479,1023.7499999999999,762664430330646,443.796574,af7f6ae0aff8ba8b2d0f92fca6704b44bef7b3f3d757b0eec4e5eeb73430f1e5,16380,450.962106,True,353,518
5612.545935549324,847b0435,586,0.14670241783338955,762664436274817,0.0,True,True,847b0435,1025,762664443586686,-16.987118437118436,7363.974481074481,-38.2474358974359,1023.7499999999999,762664887318425,443.731739,bf3a7a54dd4298d1acf131b77533bf9e5953f5bc4f8d99c6c0a24349a60a4b24,16380,451.043608,True,349,488
15811.893495190536,7a717315,587,-0.34445617606497236,762664891261138,0.0018315018315018315,True,True,7a717315,1025,762664898502143,-10.168498168498168,18850.46391941392,-54.17722832722833,1023.7499999999999,762665342344681,443.842538,814816fbf7f0a0a75a8dff78299fbdcb321df81e02a1e9fa2e27d96e76449eca,16380,451.083543,True,453,556
11306.588191173907,37aa56a7,588,-0.14722251216610713,762665346589385,0.0,True,True,37aa56a7,1025,762665357280079,-23.665567765567765,20141.71501831502,-90.96739926739927,1023.7499999999999,762665798394282,441.114203,aea0cdf769e01028a66697bb6a79ab3a77cf2381ffd3beddd31f7f0fa0ade2b4,16380,451.804897,True,310,477
15729.89006290989,14c7a90e,589,-3.0603656735180267,762665803057408,0.0008852258852258852,True,True,14c7a90e,1025,762665810492200,-19.05030525030525,17921.943406593407,-42.76843711843712,1023.7499999999999,762666254329917,443.837717,a1e0bbf3e21c3413e0dcfd25f8899939d44ff5546a2c200b1014a1d09c46068e,16380,451.272509,True,454,564
12105.696346828452,38acacb4,590,-0.24450665682544237,762666257477534,0.0,True,True,38acacb4,1025,762666265522541,-24.62020757020757,20709.200244200245,-89.42789987789988,1023.7499999999999,762666709371537,443.848996,485d3ca1fa8f45f274d11b5aceedeb9943043c12bea811012eb5125d7582296a,16380,451.894003,True,359,543
12206.426140603733,d1f80dfa,591,0.029579105538718606,762666715605536,0.0,True,True,d1f80dfa,1025,762666723514265,-26.53150183150183,19373.750854700855,-80.39529914529915,1023.7499999999999,762667167322904,443.808639,878cd7992b11c9e01fb9e221ba9246a0ff3babbe5bd8e3754bb8b79d9a36d8e9,16380,451.717368,True,370,528
19166.23167339037,2c175734,592,-6.184293981708003,762667170139635,0.001617826617826618,True,True,2c175734,1025,762667177567805,-7.329242979242979,19448.25641025641,-15.10982905982906,1023.7499999999999,762667621374628,443.806823,61520ecabdbfeb3cff6ce577058f4b663592880c4fc45abed640dc00506bc775,16380,451.234993,True,431,572
16863.42149930825,c3f7e607,593,-0.4959030787257833,762667624871146,0.0008852258852258852,True,True,c3f7e607,1025,762667632650680,-24.57936507936508,21211.848534798533,-61.19053724053724,1023.7499999999999,762668076387962,443.737282,3da87ff1731cd57c656fcfa5601e11b5a76c04a6db5f046ba96ec0c7ee73a2a1,16380,451.516816,True,445,574
87792.23132167419,80b7c3fa,594,-4.325335619481731,762668079725889,0.03382173382173382,True,True,80b7c3fa,1025,762668087406677,-2.0509157509157507,87835.07844932844,-6.216178266178266,1023.7499999999999,762668531431841,444.025164,77f1c661a8a8e7d948fe45bd70e4ac0d931b0b2a9be9eb01a4a15bd46dc573ec,16380,451.705952,True,595,813
11410.852615752854,d83ad914,595,0.4040438556492495,762668534410669,0.0,True,True,d83ad914,1025,762668542455536,-20.067094017094018,16661.53431013431,-69.62753357753358,1023.7499999999999,762668986432228,443.976692,9b834a2064c9cfec8d79f74babef4eea0834cd2f6ac56be33d05c5a6fdacda99,16380,452.021559,True,380,536
15909.671409142007,69f5fca9,596,1.7004077606680468,762668990561503,0.0029914529914529917,True,True,69f5fca9,1025,762668998502453,-15.987057387057387,19383.339743589742,-56.728144078144076,1023.7499999999999,762669442411555,443.909102,171d212974a5c13e4f914813e9472bbd3a09d99bdf842d94561d4e46f38a5a4d,16380,451.850052,True,511,640
23769.53283046793,2b111b77,597,0.01726735981215495,762669446990552,0.0009157509157509158,True,True,2b111b77,1025,762669454471130,-20.786935286935286,26885.407142857144,-51.805189255189255,1023.7499999999999,762669898418013,443.946883,0b1c1f48ae0d733eb2a1c109472994a89ab12f87ea0f5ea6ec1527ffb9c557e3,16380,451.427461,True,665,858
3092.0756152154045,f6a75e73,598,0.313177602301887,762669903061231,0.0,True,True,f6a75e73,1025,762669910513586,-17.093956043956045,4913.184432234432,-39.101221001221,1023.7499999999999,762670354428026,443.91444,434e7d0ed8b440f12abc740d9ee4002a315663153454bcb6904f15023d12bf32,16380,451.366795,True,177,276
17142.00381222224,33e0cae3,599,1.473964037038777,762670357063915,0.0025030525030525033,True,True,33e0cae3,1025,762670364400561,-25.622222222222224,21212.043345543345,-58.42551892551892,1023.7499999999999,762670808475123,444.074562,082c720fcc1f75999fa0c40770d9f7c839c8df4199de7cf584e8b3d0d5279e4e,16380,451.411208,True,483,608
3267.4086724444323,5f6e8cf9,600,0.10765508949997137,762670819773697,0.0,True,True,5f6e8cf9,1025,762670827534245,-18.03943833943834,5040.836935286935,-38.0526862026862,1023.7499999999999,762671271434246,443.900001,cbaa1766e667b9d39bc0f5e898644db62b0e9837ae14d3e0f24b23dc3427ef9f,16380,451.660549,True,186,276
18774.934635224025,b9a00a5a,601,0.2815516846037895,762671275781554,0.003357753357753358,True,True,b9a00a5a,1025,762671283438617,-20.3480463980464,20696.36062271062,-38.82503052503053,1023.7499999999999,762671727439456,444.000839,93dfe4d703d604d5d2c51ebdc985f4015af8e098f52bbf204fda682f52230b75,16380,451.657902,True,570,712
17494.1339590331,4ec9c0a0,602,-0.387952371547876,762671731795591,0.001984126984126984,True,True,4ec9c0a0,1025,762671739370798,-38.60323565323565,23481.929426129427,-67.06404151404152,1023.7499999999999,762672183444816,444.074018,4bb03cfbaf2ed4061953c77a95c331d6215e51a840e191c04e22e3d4b7106d6a,16380,451.649225,True,467,635
11850.94630650485,56995ad0,603,-0.29379719665942255,762672186820705,3.0525030525030525e-05,True,True,56995ad0,1025,762672194366006,-19.604761904761904,14090.519841269841,-43.07234432234432,1023.7499999999999,762672638441855,444.075849,86f6c0d6bff15c1317c00fd25627d630a8647f4ee60c99dcc55d1ce317ac11de,16380,451.62115,True,447,621
16677.855336900924,dbdef75f,604,-0.1751828005684412,762672641714940,0.0019536019536019536,True,True,dbdef75f,1025,762672649309273,-30.916056166056165,21314.480097680098,-60.66978021978022,1023.7499999999999,762673093450536,444.141263,c1195e3120d9306013523bb9166f3c135e74367ac99ef41d6eee3339006bfb7d,16380,451.735596,True,469,620
17333.548072021928,4b6b6cfb,605,-0.21734395037630239,762673096631596,0.00021367521367521368,True,True,4b6b6cfb,1025,762673104359572,-23.341208791208793,22050.179304029305,-64.58962148962149,1023.7499999999999,762673548471568,444.111996,61cb5bb7b7aa42fdc9401af9f668b041daf3722c07b77fac97a730789e5b8033,16380,451.839972,True,504,732
13143.939217634896,851b9b62,606,-0.23439135572337172,762673553101551,0.0,True,True,851b9b62,1025,762673560380036,-33.71916971916972,19560.159462759464,-72.65836385836386,1023.7499999999999,762674004490838,444.110802,a5a1f5098184e23a177c047e3ed96fe53f27c57a8d411cbadf204d8482628c50,16380,451.389287,True,341,516
13923.161445224156,9a946530,607,0.48025809418407706,762674008755540,0.0009157509157509158,True,True,9a946530,1025,762674016334354,-28.812942612942614,19319.57509157509,-67.57387057387058,1023.7499999999999,762674460475141,444.140787,9b05ef6c2f05ad51f9bcf99195908c8e659424b1fdb2871c488ea973a453a8cb,16380,451.719601,True,420,540
10581.771889447211,0cf7ff51,608,0.033663155811427786,762674465219841,0.0,True,True,0cf7ff51,1025,762674473363694,-23.894444444444446,15650.539499389499,-67.06581196581196,1023.7499999999999,762674917500172,444.136478,01ea69430bf40d035ab5d4f62851240fbe687b8383b536637ffaebba3526840d,16380,452.280331,True,373,505
11511.143751675336,faa22730,609,0.4960978430653731,762674923569079,0.0,True,True,faa22730,1025,762674931368520,-33.61404151404152,16927.1637973138,-65.46843711843712,1023.7499999999999,762675376080677,444.712157,4fdc969b103d1c796b235cce59decfbdfb132fddccc8732c99f0e04b510c2132,16380,452.511598,True,388,554
13837.560016663909,ffac562a,610,-11.608393424447671,762675380701692,0.0032661782661782663,True,True,ffac562a,1025,762675388398720,-7.835042735042735,15457.225946275947,-39.475030525030526,1023.7499999999999,762675832498115,444.099395,d5b3f90090d828d2e4bef4b7f2a942849934e749b2ff9ab395210aeb2f710a58,16380,451.796423,True,453,564
15594.18661545245,7bfc3a63,611,0.045390911698786535,762675835746884,0.0018620268620268621,True,True,7bfc3a63,1025,762675843350906,-7.4512820512820515,18251.18772893773,-51.00470085470086,1023.7499999999999,762676287567662,444.216756,9dd110ffb275a937434e6d3ef121f6cbfa0f439f6698f89afae086f9a72ee448,16380,451.820778,True,523,653
12654.131279483303,0a8676a5,612,-0.08262599463037991,762676293792584,0.0018620268620268621,True,True,0a8676a5,1025,762676301326252,-10.624297924297924,14456.482967032967,-41.10323565323565,1023.7499999999999,762676745558476,444.232224,56984b879d131277e1fb750bbffc7169490f09f12b7f8be3c9eb19d23aa27c4e,16380,451.765892,True,463,589
13078.76634303053,9ad53c1a,613,-0.1339685495378195,762676749817787,0.0,True,True,9ad53c1a,1025,762676757415377,-26.533699633699634,20395.362698412697,-81.31764346764346,1023.7499999999999,762677201504229,444.088852,facc07e9e73d5aa8ee0b8fc51cff15f62a9cf4bb123d077b371e3a1fe18b7cd1,16380,451.686442,True,356,532
43338.713063307936,cb8a3cf5,614,0.693124371146504,762677205275216,0.01514041514041514,True,True,cb8a3cf5,1025,762677213395514,-18.909279609279608,49710.57942612943,-77.5519536019536,1023.7499999999999,762677657527065,444.131551,404c78d9657314ced857db4542d444ba7b7656c828f8e030de85157186778c01,16380,452.251849,True,491,756
3217.381969330358,fef53aba,615,-0.16746164153245163,762677662128003,0.0,True,True,fef53aba,1025,762677669360060,-13.910989010989011,5090.135897435897,-40.97851037851038,1023.7499999999999,762678113558387,444.198327,21f921d2e25feee422ee4b3aee1dd7c1d5655f1b92f7bf9c893e531ce590c82f,16380,451.430384,True,274,378
34984.7016699838,0eabd833,616,-4.640198941252885,762678117523001,0.0035714285714285713,True,True,0eabd833,1025,762678125388136,-6.357509157509157,35076.384493284495,-7.15995115995116,1023.7499999999999,762678569528431,444.140295,123d6328a6571b60775286d1d10b70045135d876ae9d896b628d0b088ac83dfc,16380,452.00543,True,467,686
18659.492407504313,6e321be4,617,-0.18676175102226283,762678572729069,0.0014957264957264958,True,True,6e321be4,1025,762678580411499,-17.305494505494504,21071.951892551893,-45.96715506715507,1023.7499999999999,762679023665736,443.254237,f6fbe7651983927a0888e935ae6651df6b2ad6d4b46752253244ecad62059aad,16380,450.936667,True,547,695
10726.670443954701,83706403,618,0.13716880843063092,762679028491700,0.0,True,True,83706403,1025,762679036370712,-29.27802197802198,18265.49822954823,-81.74120879120879,1023.7499999999999,762679479655645,443.284933,97e5b6cc7179139c6ef2ee6b91b5af1c6f416740ef148323ddf0d9ac4b02375e,16380,451.163945,True,347,499
15975.326278353989,c1105bdc,619,-3.1161842179024246,762679484336524,0.001800976800976801,True,True,c1105bdc,1025,762679491735267,-9.562942612942614,16406.97142857143,-18.444383394383394,1023.7499999999999,762679935638781,443.903514,af7826ded36383dcf404bb6e7074280bd81fb49b8161935812cf9f1f9c4a2eb9,16380,451.302257,True,468,589
19110.894170874577,5937149b,620,-2.7888755694241008,762679939483307,0.0018925518925518926,True,True,5937149b,1025,762679946703572,-9.189621489621489,19682.108669108668,-22.062759462759463,1023.7499999999999,762680390661647,443.958075,4c13d46dd515bcc65e198d87cc0a737a13e3da925299d65038c323ac6ba91ad6,16380,451.17834,True,490,615
11280.663715969622,e0f6e78a,621,-0.22567884608294494,762680395691878,0.0,True,True,e0f6e78a,1025,762680402716953,-20.836080586080588,16765.172954822956,-71.06593406593407,1023.7499999999999,762680846671791,443.954838,eb4bd3ce59f2b5bc05aa0f312829a694d48ac4cafa9e202162cf2695b462cf19,16380,450.979913,True,363,513
12653.675631439515,c5834179,622,0.2538796458781903,762680851833651,0.0,True,True,c5834179,1025,762680858733389,-10.461172161172161,19702.327228327227,-83.3019536019536,1023.7499999999999,762681302642931,443.909542,f0c632817d26fcf47bbe6a1006ca0d0d2ca9742c1a33b52ae1881f13809cd538,16380,450.80928,True,369,521
25304.649729896337,7c5a6288,623,-5.8742114997378625,762681306529707,0.005647130647130647,True,True,7c5a6288,1025,762681313706019,-20.583211233211234,27946.791575091574,-47.10067155067155,1023.7499999999999,762681757686843,443.980824,98eaff4401c13ea31ca4cdb3b27a678d5b31961d73c6e76b8aba3092fa3b4c62,16380,451.157136,True,463,610
7501.079524014514,1f0ca128,624,0.39190438707837094,762681800909386,0.0007936507936507937,True,True,1f0ca128,1025,762681807752316,-10.250976800976801,8650.012148962149,-32.30866910866911,1023.7499999999999,762682251713033,443.960717,b328f454dcb78115bb08a0d72868a9532dee5e5df1d25e99038e0b5341b59903,16380,450.803647,True,449,556
17203.94761045663,b8b85449,625,-0.43495331428332873,762682257064751,0.0007326007326007326,True,True,b8b85449,1025,762682263862236,-12.785714285714286,18362.23144078144,-31.54059829059829,1023.7499999999999,762682707739151,443.876915,b8a52dccee8f571ac495fa16171cfbf1b253e67b9c47992635653431ad8d1c0c,16380,450.6744,True,534,656
16021.268923189482,c87d7fd9,626,0.7743990552056335,762682712404982,0.002014652014652015,True,True,c87d7fd9,1025,762682719795258,-4.220757020757021,16661.33034188034,-24.944871794871794,1023.7499999999999,762683163755291,443.960033,b4deadede94b27b6b4583d7fa9cc489d1ee11c0d18395ad148e8df542e3e538f,16380,451.350309,True,493,633
10611.363769926993,8cb165f4,627,0.23419807151308275,762683169640729,0.0,True,True,8cb165f4,1025,762683176780462,-16.046520146520148,15067.878754578755,-64.7998778998779,1023.7499999999999,762683620690697,443.910235,71213f6bfca280e52e17c3ac603bf87a414a3c6ce2146a2e6b39475bcbea6fda,16380,451.049968,True,388,547
12153.58417360282,d46abb99,628,0.10107081678839709,762683623626664,0.0,True,True,d46abb99,1025,762683630792847,-16.704273504273505,19235.28131868132,-82.47826617826618,1023.7499999999999,762684074695978,443.903131,d0701e17eacd78a3abc94281e46d540d75379fe378c4dfe003bc972d1617cb10,16380,451.069314,True,349,507
2922.0786836369434,66240267,629,0.00858134481121887,762684078732538,0.0,True,True,66240267,1025,762684085874885,-9.656105006105006,5182.710378510378,-46.555250305250304,1023.7499999999999,762684529741486,443.866601,ae4811ecc0743a70d45842a027cf3f8a229d59542967788575a3ddde01b3b7dd,16380,451.008948,True,166,266
12150.932917950657,94cecf9b,630,-0.18833867241640817,762684534684441,0.0,True,True,94cecf9b,1025,762684541776423,-17.909035409035408,19801.21105006105,-85.61275946275946,1023.7499999999999,762684985753312,443.976889,ad4748c4f08aa1a13b10b554f10f919d749c661c0569850ece8c6dc2c456f6f9,16380,451.068871,True,362,523
12940.675387000736,fef54fdd,631,-0.5371881995361021,762684990353809,0.0,True,True,fef54fdd,1025,762684997780324,-16.65140415140415,20903.53894993895,-87.66752136752137,1023.7499999999999,762685441816314,444.03599,71c0ab69115898d16a0427d0387de09798535d97665803e4123a9423b797f0fd,16380,451.462505,True,345,532
6414.805674442909,5abc939d,632,0.0014460523619143346,762685445671570,0.0,True,True,5abc939d,1025,762685452826451,-13.58980463980464,9171.668742368742,-50.71666666666667,1023.7499999999999,762685896745608,443.919157,e1e618a0271985dbd624cffcfa13478e60fd29848ce173ca805070e122735b22,16380,451.074038,True,358,482
11578.22266031418,26500c39,633,0.0612034771392951,762685899838291,0.0,True,True,26500c39,1025,762685906827799,-22.427777777777777,18110.522832722832,-77.6485347985348,1023.7499999999999,762686350783965,443.956166,535c989dc492ae63ea7f066a3a37c3645d81fbcee60773d17d388155b3f5bc47,16380,450.945674,True,370,512
12540.1433717822,b59ff09f,634,0.034280781077212816,762686355344236,0.0,True,True,b59ff09f,1025,762686362819403,-16.13040293040293,18077.12283272283,-72.64151404151404,1023.7499999999999,762686806735451,443.916048,1721680fcc73805ae4d5a8f523f55c2b7ee47039a7f35104f890b84fbda3879d,16380,451.391215,True,382,539
8547.982778452384,a527a034,635,-0.19549021616509618,762686841109567,0.0,True,True,a527a034,1025,762686848925849,-16.862698412698414,12644.408241758241,-61.742002442002445,1023.7499999999999,762687292768839,443.84299,7231e229e32ede8d7d2c1704e99372cd93441467caaa3620bba067980d7b6cf5,16380,451.659272,True,355,497
10786.641346321565,e1ee9934,636,0.01248184726147725,762687296572708,0.0,True,True,e1ee9934,1025,762687303849189,-26.925641025641024,16003.62612942613,-67.02234432234432,1023.7499999999999,762687747816742,443.967553,74fa8bece4db18598a176f3bf6758f7c6ffc456d2e95f74b0acd107225c970bd,16380,451.244034,True,356,510
13192.495034557765,18b4e630,637,-0.13716803700142538,762687752585046,0.0,True,True,18b4e630,1025,762687759844806,-22.07283272283272,20893.09609279609,-84.93168498168498,1023.7499999999999,762688203769247,443.924441,357e935bafcce5bb4e165a2087d6bbcc8221d6ba970f2e6a45f15942dd76bf21,16380,451.184201,True,381,555
22364.81540738803,b50b9043,638,0.054170569935452634,762688207274301,0.0014041514041514042,True,True,b50b9043,1025,762688214959145,-26.18247863247863,28959.35702075702,-76.87014652014652,1023.7499999999999,762688658639962,443.680817,23d9dfae21f098a20aa7338574740f5f68679cc3ecc2b63f5e396c69476caf87,16380,451.365661,True,570,821
12436.96030129957,e83e8a6e,639,0.006973904315764394,762688662288718,0.002197802197802198,True,True,e83e8a6e,1025,762688669944026,-13.12087912087912,14386.085103785104,-42.15409035409036,1023.7499999999999,762689113649090,443.705064,a46baeb3342ef9d45180670cca363052ca1088cad6be50a5fa4fca668cac8dbd,16380,451.360372,True,451,599
7440.756512986743,eab37d97,640,-0.023484343506594788,762689117759469,0.0001221001221001221,True,True,eab37d97,1025,762689124932524,-11.709157509157508,9787.830830280831,-47.01031746031746,1023.7499999999999,762689568784253,443.851729,33d9b606f8d8e556bc401c76655d72d0d5ebc4bed941373aa8e5365346204c87,16380,451.024784,True,448,554
15853.627859874829,cc4cff25,641,-0.5441275802295851,762689572867662,0.0022283272283272282,True,True,cc4cff25,1025,762689579936249,-18.6020757020757,19494.81056166056,-57.40335775335775,1023.7499999999999,762690023792256,443.856007,b054ce8bbf15b7a763b2e1ec60fbfb0d6414cbf4f546fde27776a6fc23e5c3f6,16380,450.924594,True,478,616
22491.54927046668,d2a29e07,642,0.09673424552397561,762690027790332,0.0013125763125763127,True,True,d2a29e07,1025,762690034916018,-19.68840048840049,30294.92619047619,-86.11471306471306,1023.7499999999999,762690478807701,443.891683,167526d2ef2951141fcbb101ca903f8933ad193bcb78425c517f585163532e24,16380,451.017369,True,569,827
17504.08193280095,1e9726bc,643,-1.4509469933564747,762690481550942,0.002960927960927961,True,True,1e9726bc,1025,762690488953873,-27.13083028083028,23506.77612942613,-72.57142857142857,1023.7499999999999,762690932892112,443.938239,eab7bd09de26461d79b52e3f0fb5a7cc54170200af157172fd288a2206e93d50,16380,451.34117,True,430,567
33379.26129267726,c0c999cb,644,1.6276532952803688,762690937197420,0.0035714285714285713,True,True,c0c999cb,1025,762690944907161,-5.25995115995116,33496.24010989011,-9.4504884004884,1023.7499999999999,762691388803040,443.895879,326e6b1ab57460b807ce445bc373365f6132b28319af3c749f1dbadc3fc37187,16380,451.60562,True,489,662
6127.30797129678,7ad65d92,645,-0.4348366394572307,762691392406229,0.0,True,True,7ad65d92,1025,762691399967198,-17.103235653235654,8522.734188034188,-45.85744810744811,1023.7499999999999,762691843833740,443.866542,63200c07162a8c42093bb7e49ad9630a17d365569b40b5d3ba81752581484290,16380,451.427511,True,356,495
10167.69749312721,8b42f59b,646,0.02871511193117848,762691846892619,0.0,True,True,8b42f59b,1025,762691853978609,-36.465445665445664,18796.541452991452,-85.43485958485958,1023.7499999999999,762692297860289,443.88168,b6380fc8054714dc875901d4e26cdacf3f1eea5c32fd2a3f43371fcb38f7de8b,16380,450.96767,True,345,486
11788.606825840354,1de39f2e,647,-0.15504911468301472,762692302644162,0.0,True,True,1de39f2e,1025,762692310033807,-16.588461538461537,18943.706532356533,-82.94529914529915,1023.7499999999999,762692753882723,443.848916,473faeec568a8325361c4a9da4197d07b2a709044de953fba0c8ae32a61b63dd,16380,451.238561,True,368,532
13255.655443704984,533cf655,648,0.3551278051209038,762692759114374,0.0018315018315018315,True,True,533cf655,1025,762692767061794,-15.306776556776557,18302.10231990232,-69.36965811965813,1023.7499999999999,762693210849985,443.788191,04117daf928a4f81b0ab857d0003309402f229f976ca5a8795f50440d9945aeb,16380,451.735611,True,411,549
15330.554499527405,a2ec14b2,649,-1.914971720935983,762693213834433,0.00231990231990232,True,True,a2ec14b2,1025,762693220987039,-22.13833943833944,18898.058302808302,-55.47429792429792,1023.7499999999999,762693664899703,443.912664,02638dcd0a18fc74a652bbc20561e04a4e279cf8b511bb792cb3be6c358f5738,16380,451.06527,True,465,606
6462.01040128302,811d87c3,650,-0.4013648464110583,762693669099591,0.0,True,True,811d87c3,1025,762693677067100,-10.67039072039072,8600.686324786324,-44.99798534798535,1023.7499999999999,762694120878281,443.811181,1b7581867ca7d686cb8668bc16fb950dace8dd570359e844337a632501d8ac51,16380,451.77869,True,372,509
16367.059217180189,712e8b7a,651,-0.23874006072276052,762694124110859,0.002014652014652015,True,True,712e8b7a,1025,762694132093175,-11.89004884004884,18708.50634920635,-46.90494505494505,1023.7499999999999,762694575855562,443.762387,d726456654eef2545c428e841445e4067a6789a34067f397b89cb6a4d37cf4a2,16380,451.744703,True,527,645
11173.367136755864,20ded7c8,652,0.1389610623573317,762694578987810,0.0,True,True,20ded7c8,1025,762694587143735,-34.17594627594627,18869.006043956044,-80.79383394383395,1023.7499999999999,762695030885472,443.741737,0a69b5a93bc5988aa8768cb1220348ec0a7a7d042e9d327b20d7735f8b3a16ac,16380,451.897662,True,364,518
491.5379040224462,6171beaf,653,-13.778743288431805,762695034225984,0.0,True,True,6171beaf,1025,762695042073285,-4.038339438339438,559.9184371184372,-7.216117216117216,1023.7499999999999,762695485887929,443.814644,d02cd1eeae3e21bcefde30838c08cd5004ded4cd00b8365b13bd2260cb1f37c4,16380,451.661945,True,116,178
34684.670125394885,8cf18d99,654,-2.7426603246577743,762695489557664,0.004273504273504274,True,True,8cf18d99,1025,762695497127931,-5.487912087912088,34882.75396825397,-12.96019536019536,1023.7499999999999,762695940909501,443.78157,6f2b1842dd4d5b72345cce4d669cbb23a98142485d057aa4a8080c42db4df2ff,16380,451.351837,True,575,747
13671.00090733883,e56cf33d,655,-0.4237816468451889,762695945168010,0.0008852258852258852,True,True,e56cf33d,1025,762695953102376,-24.60018315018315,23229.44242979243,-94.62173382173383,1023.7499999999999,762696396883344,443.780968,e72229dbb84f9577b0163ca049febbedd2985614a52b64c22354f093539438fc,16380,451.715334,True,409,543
7901.084367319358,11408e16,656,0.44329084954281994,762696399740110,0.0005494505494505495,True,True,11408e16,1025,762696407076795,-10.849145299145299,9837.961843711844,-42.65177045177045,1023.7499999999999,762696850937993,443.861198,b274cb500d069ee7347eb07be9999db32599c453855d85f81aab4d5d966dffc9,16380,451.197883,True,416,519
30474.33518888248,140fd504,657,-8.411624381018445,762696854358586,0.0002747252747252747,True,True,140fd504,1025,762696862074799,-8.311477411477412,30604.050305250305,-7.786813186813187,1023.7499999999999,762697305895941,443.821142,08886b9266e4b357aa5b0baa87e019adc6f83f280afbe8b32e75bc404b10f697,16380,451.537355,True,380,609
5822.362728270576,dd5c7fe4,658,0.111889077928266,762697309592176,0.00057997557997558,True,True,dd5c7fe4,1025,762697317162272,-7.177167277167277,10237.412515262515,-66.0570818070818,1023.7499999999999,762697760928749,443.766477,9984980293c0b5eb6dab5be587203554114366604d2706e08e7b15d98eea8163,16380,451.336573,True,267,368
6685.680350303611,dccf55f1,659,-0.7129715889521687,762697765300913,0.0,True,True,dccf55f1,1025,762697773279983,-11.447374847374848,9476.549084249084,-51.57350427350428,1023.7499999999999,762698216961188,443.681205,59751e9ccacbee4a5031c616eed0e64ac3281d25e2c9c60d9f38a7379144bc63,16380,451.660275,True,372,506
18076.09869980515,5f22b93b,660,-1.428260009827553,762698221890667,0.00173992673992674,True,True,5f22b93b,1025,762698229085794,-11.78925518925519,20259.074603174602,-45.21050061050061,1023.7499999999999,762698672964300,443.878506,2cbfcffb48aa1ed19a91216b9c81f92e4019faa96f14b315ab6d87502f950fea,16380,451.073633,True,469,598
11587.53600408715,fd47e754,661,-0.22758603718334403,762698679036521,0.0,True,True,fd47e754,1025,762698687109620,-18.99969474969475,17839.133760683762,-76.75030525030525,1023.7499999999999,762699130928673,443.819053,7a7957cea8021dbf3ad6089502df6c7e79b4b488839e337cfc0f138a0963918e,16380,451.892152,True,367,524
12167.080545227733,1d16bb47,662,-6.7783283113582655,762699134246201,3.0525030525030525e-05,True,True,1d16bb47,1025,762699142087781,-21.728327228327228,16820.73376068376,-64.66477411477412,1023.7499999999999,762699585979349,443.891568,95c10845be8e363a80901cf7906782c08a6996e60d33dd19d5bb527a3eb47dc6,16380,451.733148,True,385,535
10543.25920634548,f7111a7a,663,0.5357177408179302,762699591398164,0.0,True,True,f7111a7a,1025,762699599132061,-21.483455433455433,20055.98553113553,-95.13772893772894,1023.7499999999999,762700042942946,443.810885,ec3dfa9dfb49b8e8c017b38ec471e4951c289724c19013a538ae1318842fd41b,16380,451.544782,True,339,500
9982.294159614974,f0467f08,664,-0.25974431396229897,762700047648972,0.0,True,True,f0467f08,1025,762700055043446,-22.26800976800977,17103.71092796093,-81.39749694749695,1023.7499999999999,762700498977833,443.934387,4cc5d2d44072cf03811603371b45f00e91619b3b939fe8ac8da841fb58f6510c,16380,451.328861,True,330,499
8407.872319227714,28e68a61,665,-0.4509991538339342,762700502654631,0.0,True,True,28e68a61,1025,762700510209889,-14.466849816849816,11642.71275946276,-55.0050061050061,1023.7499999999999,762700953963603,443.753714,8d5764331f6dc01dafe69b813188e0f0b4a99cf5e6e9897d5caf1e5919c38106,16380,451.308972,True,369,522
9790.45103027755,d7aeb9d9,666,-12.249488155190784,762700957298194,0.0022283272283272282,True,True,d7aeb9d9,1025,762700964996212,-10.845909645909646,10474.524786324786,-23.8,1023.7499999999999,762701408982516,443.986304,8e74ebda08a022942c38babdd85bfc36c4c7fd805cb873c9e0bc02bc7945df39,16380,451.684322,True,402,515
11756.780886776363,5ff04218,667,-0.33995866935482166,762701412050241,0.0,True,True,5ff04218,1025,762701420086109,-25.92118437118437,19921.176434676436,-86.55915750915752,1023.7499999999999,762701864043786,443.957677,eee46c2e66dd77d5a24d9a832dd5032dc231078c0c39c8de199cd5aa55830287,16380,451.993545,True,354,510
13555.607566055569,358d2b97,668,0.5415799806110426,762701868387316,0.0010378510378510379,True,True,358d2b97,1025,762701875986347,-4.197008547008547,15280.682905982905,-41.32142857142857,1023.7499999999999,762702319990392,444.004045,522600f80c5f9e19aef124e45aba820ab11481fb0830e5cb26e7027223844afb,16380,451.603076,True,468,590
11869.280369487047,2eb15276,669,-0.11539252612642008,762702324290740,0.0,True,True,2eb15276,1025,762702331985913,-17.28919413919414,22169.442063492064,-100.0062271062271,1023.7499999999999,762702776082561,444.096648,8da7c76c20ac8a85c0c27d4ad743469c5c0852d041f7d76a5fff48bcceeb345c,16380,451.791821,True,349,519
8243.046349679693,de9fad3f,670,-0.338156253983911,762702780657659,0.0,True,True,de9fad3f,1025,762702788036634,-16.725946275946274,12382.36855921856,-62.12539682539683,1023.7499999999999,762703232055875,444.019241,4ab7be1328b7ad4fcc0a38b14fc651e926ae542171894727069ff1a8b663d68f,16380,451.398216,True,341,484
12854.220864376433,eee0e792,671,0.03762963986671872,762703235787607,0.0,True,True,eee0e792,1025,762703242960392,-21.73894993894994,21412.194017094018,-89.91880341880342,1023.7499999999999,762703687030277,444.069885,1c4c20cf2867b59885e7b7d4e3cb03c346a7fe33f90da978523c15ed638e4541,16380,451.24267,True,376,544
7580.518417312575,e31d1397,672,-0.45629651861679726,762703690040904,0.0,True,True,e31d1397,1025,762703698028130,-16.38809523809524,10893.628083028083,-55.177350427350426,1023.7499999999999,762704142090851,444.062721,36f702163fd30b8b76f10701ccf3d8814f8e339f04e5b4d442969b9afa550534,16380,452.049947,True,353,506
13132.395809297203,1b7890f4,673,-0.2136826315778228,762704146594343,0.0,True,True,1b7890f4,1025,762704153978979,-21.192918192918192,18550.219047619048,-70.4888888888889,1023.7499999999999,762704598069480,444.090501,8309b7dcc41122c529682b49403d4066f933fc0809ac4f3ac21a9b77827b20dc,16380,451.475137,True,327,497
11804.782128149966,b1a0d31a,674,0.17152392291731938,762704602390598,0.0,True,True,b1a0d31a,1025,762704609964972,-22.5970695970696,19881.90293040293,-86.98559218559218,1023.7499999999999,762705054089888,444.124916,f72580c3dcb2528d005f684ec6a3eaeb08f299c657c49e126b4537e0e61f4ec1,16380,451.69929,True,365,514
11364.043510728858,6ea65e4b,675,0.5213141139493573,762705057996601,0.0,True,True,6ea65e4b,1025,762705066025636,-22.35836385836386,19668.1199023199,-88.34126984126983,1023.7499999999999,762705510062654,444.037018,80adbc1931c19df186ad95fd15089925fe26738888c3e56b844166a18c25d909,16380,452.066053,True,348,508
10607.25293658248,c736bf3b,676,0.07575825404016703,762705513800678,0.0,True,True,c736bf3b,1025,762705521098249,-27.57087912087912,16628.800732600732,-72.53547008547008,1023.7499999999999,762705965063360,443.965111,c8c8727d7e9dda8415cd6750f3b7c7d82693be4b9908e25e19d1cbbc4679b77b,16380,451.262682,True,333,480
10627.256098964459,a9b4c8fa,677,0.4792387085912692,762705970467838,6.105006105006105e-05,True,True,a9b4c8fa,1025,762705978014900,-28.351282051282052,18134.69188034188,-81.87576312576313,1023.7499999999999,762706422084688,444.069788,292cc10db6face82658c9fd177c9f3a51f4d30c6db52cf16d1799c02f9015c66,16380,451.61685,True,351,510
5011.2135620847075,07d52164,678,-0.1034499834998675,762706425752469,0.0,True,True,07d52164,1025,762706432959027,-10.417155067155067,10199.277594627594,-71.27094017094016,1023.7499999999999,762706877106261,444.147234,d6c132116b75dc810296764db72ace4b24fa36ad088abc5415f64a67e0cd9d47,16380,451.353792,True,219,345
21427.041504574656,70e2ba83,679,1.6193255360010173,762706882715205,0.001098901098901099,True,True,70e2ba83,1025,762706889931301,-3.799023199023199,21466.41672771673,-4.994261294261294,1023.7499999999999,762707334112689,444.181388,9910e12891ea631de2b4e537da5aa2a38d9701727b88bf24c0e2ed4f1c6fcd12,16380,451.397484,True,446,671
11426.771145124718,47478aea,680,-0.26457369967312777,762707338329198,0.0,True,True,47478aea,1025,762707345956462,-24.91043956043956,20379.479975579976,-91.28076923076924,1023.7499999999999,762707790113031,444.156569,a7620db2b032816e047138f048b310f5297c07f70d9e3f4af26c3beb070ed89d,16380,451.783833,True,353,508
12787.599494600163,0d922e14,681,0.07452125044580776,762707794080960,0.0012515262515262516,True,True,0d922e14,1025,762707801888215,-5.607448107448107,15483.43669108669,-51.61776556776557,1023.7499999999999,762708246120116,444.231901,487fc1ea340f07d82b660b4fb49037beeddc7817826f09283cbcb341c4b166e4,16380,452.039156,True,540,640
10717.139931342908,4f125e0f,682,-0.17532556130904373,762708250449950,0.0,True,True,4f125e0f,1025,762708257998886,-12.965628815628815,14207.904212454212,-57.642490842490844,1023.7499999999999,762708702103072,444.104186,3ba03818b7895231dbb2eb712c06bbd06a7c914c741aa82bdafae99c1b46cdd0,16380,451.653122,True,390,552
3138.61566705205,72ab0e4d,683,0.2419146963875379,762708707307752,0.0,True,True,72ab0e4d,1025,762708714903276,-6.411477411477412,5933.800061050061,-52.47930402930403,1023.7499999999999,762709159102412,444.199136,0f06f76e18343f0b80cbfda242c1545e7f215267c1da235a0161b32f5a98e323,16380,451.79466,True,175,274
11402.723011158223,9e87d0a8,684,0.06872555916384737,762709162343766,0.0,True,True,9e87d0a8,1025,762709169884777,-12.215323565323565,20317.19481074481,-93.62295482295482,1023.7499999999999,762709614090273,444.205496,4d8f48133f3cc341aeb3bb07275f48c39da79babb461e21ff07c8949b73b3b7a,16380,451.746507,True,311,483
7104.532860102183,d0a4efb8,685,-0.05347497662086288,762709617170483,3.0525030525030525e-05,True,True,d0a4efb8,1025,762709624868170,-12.682722832722833,10176.698290598291,-53.956593406593406,1023.7499999999999,762710069105316,444.237146,216d090cf77589a3f308984105b0cd231182ad0abdfcc1e70793737f9c3bda50,16380,451.934833,True,357,496
8274.533230595547,d1f31554,686,-0.09560617357541336,762710073037517,0.0,True,True,d1f31554,1025,762710080958156,-7.134859584859585,12059.05231990232,-61.10329670329671,1023.7499999999999,762710525140166,444.18201,f0bfd559dc6ec2148f9982908e3c19cb8e70c6ec4a0c6ba78cd7d4f9dbfa71c4,16380,452.102649,True,343,468
19178.657652483525,5d6c9ea7,687,-0.054175056952181146,762710528462624,0.002380952380952381,True,True,5d6c9ea7,1025,762710535964200,-23.37887667887668,26304.113125763124,-81.11031746031746,1023.7499999999999,762710980159724,444.195524,386586b95837e6fda9456663b6cd1fbd7492b0d25060ac96068fbabb9efe866f,16380,451.6971,True,488,625
32701.144366011136,b267a32a,688,-18.96188102126089,762710984987010,0.010256410256410256,True,True,b267a32a,1025,762710992966340,-10.87973137973138,36808.13711843712,-63.15555555555556,1023.7499999999999,762711437152736,444.186396,8d6096db3ac3189c7a4d8db22cf1243084e3c1162af3351e189dd9704164a4b1,16380,452.165726,True,568,756
10887.571284820526,075c6403,689,-0.714644556210394,762711439966260,0.0005189255189255189,True,True,075c6403,1025,762711447953415,-18.82704517704518,13483.340354090355,-47.34249084249084,1023.7499999999999,762711891235398,443.281983,4913fe9c699a18d3ec622fde927534821ae42f2e0f887971f3b3b1268de14b60,16380,451.269138,True,440,556
17370.86160829267,2da6eeb8,690,-1.4128091475692588,762711894601990,0.00231990231990232,True,True,2da6eeb8,1025,762711901954213,-9.5006105006105,24484.21807081807,-83.8039072039072,1023.7499999999999,762712345234552,443.280339,c8d77f189f31ad10101711d4f3ceba07654fcc08dbb0acab2aafde2b746b11f2,16380,450.632562,True,457,592
12969.865472467092,d9e84b48,691,0.029444739364853197,762712348577208,0.0001221001221001221,True,True,d9e84b48,1025,762712355958737,-21.83260073260073,17821.042063492063,-66.14010989010988,1023.7499999999999,762712799243753,443.285016,61e125c2b3dbe03ae202cd6d350c7d60404b5b563842aa16943b9feff5732891,16380,450.666545,True,458,608
34869.78801337213,eadf0fcb,692,-11.125727372499743,762712802466652,0.009432234432234432,True,True,eadf0fcb,1025,762712809296417,-9.287789987789989,35664.55,-26.617643467643468,1023.7499999999999,762713253242955,443.946538,ab243f6f8e4991851d4b1bdbe1688395a642df762dad45385d190bbf3bb827d2,16380,450.776303,True,578,715
11500.503144708026,7cfd6472,693,0.09772070194860727,762713257422665,0.0,True,True,7cfd6472,1025,762713264284039,-21.654151404151403,16764.874908424907,-69.24932844932844,1023.7499999999999,762713708296390,444.012351,c3dbb1bc0644d419ab13b710b2a50f4fafd4c0c0fa873b470c38a1d356f96570,16380,450.873725,True,374,542
13442.76201663111,fdb1f62e,694,-0.2941805858973601,762713711417346,0.0,True,True,fdb1f62e,1025,762713718321281,-28.003479853479853,22874.52619047619,-92.99230769230769,1023.7499999999999,762714162258218,443.936937,e5be40b62154dc8473b41132ae10e4893485daa264d17d7a0a675e1c44fbb0fc,16380,450.840872,True,384,564
35173.98744747384,c01b0ce4,695,-4.813114603409425,762714165252184,0.002442002442002442,True,True,c01b0ce4,1025,762714172419548,-5.799328449328449,35247.024786324786,-6.277350427350427,1023.7499999999999,762714616271372,443.851824,4b23d587fbfa1fcf6a80e041287f166eafc391a5c09b1309313a6b9d0c24849e,16380,451.019188,True,468,699
11710.289449997837,c853e64e,696,-0.2796602783719209,762714621282815,0.002014652014652015,True,True,c853e64e,1025,762714628298692,-6.6913308913308915,13993.39304029304,-47.31098901098901,1023.7499999999999,762715072291663,443.992971,a573619bdb7fb65384b007cd280c49d9913b1f29d4f625ae3090018bab07bb5f,16380,451.008848,True,431,556
10970.969865223977,c8e7b497,697,-0.5130090931327388,762715075539560,0.0,True,True,c8e7b497,1025,762715082326042,-18.617643467643468,18665.697496947498,-85.72112332112332,1023.7499999999999,762715526298683,443.972641,7f826495296729d6ae206b68197d521342278035073158996deb2c86255e7973,16380,450.759123,True,364,515
34970.28824577979,0db00751,698,-9.104727063622384,762715530415684,0.0026251526251526254,True,True,0db00751,1025,762715537322965,-6.345543345543345,35055.65793650794,-6.715934065934066,1023.7499999999999,762715981290746,443.967781,ae270c3226d733800c82caba92cdcdac248f319d7285041450a90842ffb7d555,16380,450.875062,True,438,682
31623.430322424825,0af855c5,699,-14.521730618654995,762715984902541,0.01098901098901099,True,True,0af855c5,1025,762715992368209,-8.47912087912088,35813.11001221001,-64.16996336996337,1023.7499999999999,762716436295101,443.926892,7da0da8484c0f081d211bc56eacea007610c697523f55a3d8401c1585b9a3165,16380,451.39256,True,455,684
11590.489783600267,926c0a71,700,11.950467273643406,762716439135426,0.0,True,True,926c0a71,1025,762716446364747,-19.946947496947498,15942.446092796094,-62.88144078144078,1023.7499999999999,762716890291117,443.92637,822ad960edf6c91c5092db7c1a3855bfcb88c3cb6719ffcdab1bfd22d2d41676,16380,451.155691,True,429,534
12200.450533569332,94ee7c4b,701,-2.713875491666217,762716894026906,0.002258852258852259,True,True,94ee7c4b,1025,762716901443051,-15.987484737484737,14606.427533577533,-46.37216117216117,1023.7499999999999,762717345313935,443.870884,52c21afc91cea02c572e036a57db40e7688134e94df4281dab9efafa9c2e1224,16380,451.287029,True,427,565
17564.042407560217,8e58907c,702,0.023362774183399243,762717348113473,0.0014957264957264958,True,True,8e58907c,1025,762717355384853,-16.515384615384615,21748.17258852259,-62.54096459096459,1023.7499999999999,762717799326830,443.941977,50933b12b706e81b7e45d9cba6c75f4a86f65c4fe403d4bc49781c14f9da9703,16380,451.213357,True,577,693
9212.604642927958,c4a51673,703,0.09104491899835114,762717802171603,3.0525030525030525e-05,True,True,c4a51673,1025,762717809522835,-11.528144078144079,12356.42332112332,-54.871855921855925,1023.7499999999999,762718253341889,443.819054,d168e97fa5b1d7f516e30492ac8c8b918f25e85e48de96c0515ac1e8b2d95ca5,16380,451.170286,True,409,558
12711.59612207254,cdbed6b8,704,0.23842348165556068,762718414108139,0.0008547008547008547,True,True,cdbed6b8,1025,762718421477474,-18.15836385836386,17588.041575091574,-67.42936507936508,1023.7499999999999,762718865365046,443.887572,46cbe1afce7be27d37cb7a06ab4be423b7c49ed1baec1b342b308b0a9003c19b,16380,451.256907,True,470,553
43929.96729387592,ab4acd7c,705,-5.583456042768562,762718869346040,0.005738705738705739,True,True,ab4acd7c,1025,762718876425707,-7.343162393162393,44023.64242979243,-6.305006105006105,1023.7499999999999,762719320349507,443.9238,3c5be7bb74e9f65876b61feafd4aeb0e2d5baa195af9f97b062a2c41faade488,16380,451.003467,True,555,807
12787.233405929983,486b031d,706,0.47323098800817204,762719323647057,0.0,True,True,486b031d,1025,762719330428079,-25.006776556776558,20127.15409035409,-81.94255189255189,1023.7499999999999,762719774361084,443.933005,52fc72fa7b679ebc3ad774cd7b431dcbdc2723060323128ff28657b9289217f2,16380,450.714027,True,358,527
11423.660099461657,642189c5,707,0.14652108184347945,762719778477944,6.105006105006105e-05,True,True,642189c5,1025,762719785486918,-17.297374847374847,18712.482783882784,-83.60396825396825,1023.7499999999999,762720229373355,443.886437,3825fe2ca800d1ae7bb3e69ebf58863a2b05ce8f44bf338f6fa0f61a3cb4b1d6,16380,450.895411,True,360,519
9684.05845998053,283de43a,708,-0.18971820735004136,762720232708757,0.0,True,True,283de43a,1025,762720240485713,-18.80946275946276,13562.625152625153,-59.36978021978022,1023.7499999999999,762720684400902,443.915189,4a566885582f59b9376437912d4c6cfd502052c142d404c16602924f9fb5769e,16380,451.692145,True,372,529
12566.457246306807,4492f646,709,0.35776529563411896,762720688195503,0.0,True,True,4492f646,1025,762720695455732,-13.678388278388278,17567.52625152625,-69.38278388278388,1023.7499999999999,762721139373917,443.918185,d55c28c1dde607ff495ed390da1941acb8efe16df67cf078d1545ae112a28ace,16380,451.178414,True,363,551
21726.436335855844,8e4465f0,710,-16.942717270688693,762721143973210,0.0,True,True,8e4465f0,1025,762721151602668,-10.046703296703297,23272.41672771673,-38.01373626373626,1023.7499999999999,762721595388750,443.786082,f0cf3cee941e0c4c3730a8c6cdd52b8fff5e9ec67673020d5f3a7b5dfb396630,16380,451.41554,True,443,701
11249.650663660379,3dc5875e,711,0.11158726337799943,762721598677143,0.0,True,True,3dc5875e,1025,762721606481902,-12.03852258852259,16349.739621489622,-70.39291819291819,1023.7499999999999,762722050387060,443.905158,f6a64e335b10c2c557c9edf0a65ba69ad4e6c1632d37105a965337f28c5f62ce,16380,451.709917,True,376,547
12983.063275585491,b3d128e5,712,-0.2618252278483593,762722053631028,0.0,True,True,b3d128e5,1025,762722060456264,-19.593345543345542,21354.727594627595,-89.37429792429792,1023.7499999999999,762722504393651,443.937387,a11378197ddb006914c7755b655b0b4c20daad2c7b2046254ccda3605e66f4f8,16380,450.762623,True,342,540
10420.432373781421,49e2e9b7,713,-0.37276315067455246,762722508101357,3.0525030525030525e-05,True,True,49e2e9b7,1025,762722515531047,-15.685347985347985,15022.43028083028,-65.9997557997558,1023.7499999999999,762722959395975,443.864928,51e417ed224f670eb9841f44ca6d5930e19f2d427a6f3ff71a0401eeecce67b8,16380,451.294618,True,386,544
6891.693216115726,fd768e89,714,0.3138683730254633,762722962574580,0.0,True,True,fd768e89,1025,762722969665980,-12.986630036630036,9341.574481074482,-47.76221001221001,1023.7499999999999,762723413394369,443.728389,87a977a8bec8b7237f85a563fc7a9e62ffb70c9ee86062fc89c076a4fcffbeeb,16380,450.819789,True,355,502
24538.83815793554,7da3c53f,715,-4.73249933242659,762723417983994,0.0027167277167277166,True,True,7da3c53f,1025,762723425618070,-6.862210012210012,24911.417704517706,-18.04133089133089,1023.7499999999999,762723869418485,443.800415,72d0bf5c00e19ebdad3f58a47a0472aef2f24f77530f78b6f2bfc5c38c381693,16380,451.434491,True,571,699
8030.894038916246,00a45521,716,-0.060507204498942854,762723872592922,3.0525030525030525e-05,True,True,00a45521,1025,762723879611203,-10.418131868131868,10972.69932844933,-53.22844932844933,1023.7499999999999,762724323391528,443.780325,6f9c655223be6cde90c95de9004cc6fbf2c41ad736a1f4103649a2a92430750c,16380,450.798606,True,356,503
7294.132765373956,6ed56a45,717,-0.34271916732294794,762724326384071,0.0,True,True,6ed56a45,1025,762724333509515,-13.025579975579976,11046.566422466423,-59.85622710622711,1023.7499999999999,762724777408283,443.898768,593e07d8165fb45fdca561345856f140bd4acd703c8575f8269a97e0f4a41b03,16380,451.024212,True,318,469
11561.172668767267,36ded2ca,718,-0.03074725745602485,762724779883927,0.0,True,True,36ded2ca,1025,762724787569932,-29.18101343101343,18170.206227106228,-75.87820512820512,1023.7499999999999,762725231440747,443.870815,d70b49488dd70a0c75f2ed5add5df82102e37a4163207e81fea4da14d0e568fa,16380,451.55682,True,350,520
12928.446524481149,fb083267,719,0.03188790200492683,762725234151056,0.0,True,True,fb083267,1025,762725241560767,-24.862271062271063,20110.73437118437,-81.01947496947497,1023.7499999999999,762725685437431,443.876664,aadcedd3f4c46e38fc053f22ad112dd22d44d16fae623d9dcc80eb5b27c9f7e4,16380,451.286375,True,368,535
11686.388076077023,1f577803,720,-0.38614134716219745,762725688224996,0.0,True,True,1f577803,1025,762725695546030,-14.583943833943835,16653.89761904762,-68.95518925518925,1023.7499999999999,762726139486955,443.940925,15989d61d3948b4fbbb14977da760fdbebd844dd5bc25d137cf8fc5d32ad0639,16380,451.261959,True,380,539
43801.886152519306,bdc12d7e,721,-5.5830460279995675,762726143299269,0.004304029304029304,True,True,bdc12d7e,1025,762726150564026,-5.162515262515263,43867.46373626374,-6.239072039072039,1023.7499999999999,762726594501012,443.936986,432a489659601d3636c72f969eb6c392010b363124cf2efb23e250081f745237,16380,451.201743,True,535,820
12430.41627937149,86d4e7ec,722,0.12697462293775577,762726598947005,0.0,True,True,86d4e7ec,1025,762726606735864,-12.5001221001221,19165.55293040293,-81.11031746031746,1023.7499999999999,762727050463513,443.727649,365371d04e219cdf923d0b5d93c4f07f5f93937a50654630e6105c1d983b71c9,16380,451.516508,True,345,535
12708.643856917739,7d702bc1,723,0.11647393856199748,762727054387809,0.0,True,True,7d702bc1,1025,762727061720896,-22.476556776556777,20722.62271062271,-86.65323565323565,1023.7499999999999,762727505478640,443.757744,8178a6fca83e311009676a5141a9a4de5e967d271c27713e7ee0567932d37297,16380,451.090831,True,371,540
12546.420059946839,4ae7b224,724,0.2479874798893801,762727509423786,0.0,True,True,4ae7b224,1025,762727516715714,-20.582539682539682,20984.223687423688,-89.52185592185592,1023.7499999999999,762727960497413,443.781699,91c3feac9933f3e1d51463b4af3dc9cdfd458b4c80075947483fe61192d0f561,16380,451.073627,True,358,524
12846.133816035072,0cab4b18,725,-0.40777400115483786,762727964129466,0.0,True,True,0cab4b18,1025,762727971634298,-20.626678876678877,19704.240842490843,-80.20378510378511,1023.7499999999999,762728415469517,443.835219,547c2cda3b4c09506079090682afa77b2f9ba2023a4a86370c132091a2743d9c,16380,451.340051,True,358,532
18176.326830402337,3ed56489,726,5.669880903834104,762728419833565,0.002777777777777778,True,True,3ed56489,1025,762728427632954,-20.39090354090354,23727.386874236876,-71.66080586080587,1023.7499999999999,762728871448514,443.81556,915cd7a91d79d3c40c32e21d19a776cb556397b3d3c71292302057f2cbe8ba1a,16380,451.614949,True,432,559
15139.686623980078,c946a68f,727,0.11763225047729042,762728874557397,0.0012515262515262516,True,True,c946a68f,1025,762728881643406,-15.607570207570207,22786.834737484736,-86.043894993895,1023.7499999999999,762729325515904,443.872498,4defd35de0c5715fc5f53380b4688ea3804e4b815307d6bf18e190ecbd2ea175,16380,450.958507,True,384,565
30523.848117451675,70e47c4e,728,9.91579169815801,762729329804319,0.00992063492063492,True,True,70e47c4e,1025,762729337637051,-16.873382173382172,36156.29352869353,-73.12820512820512,1023.7499999999999,762729781500379,443.863328,e750405ca6e693b1bbdfbbabace3583fe84a0047dcc766b43fffc22b1b3dacac,16380,451.69606,True,438,565
26022.62222397396,ab7b28b0,729,-0.6700717109174164,762729784957681,0.006837606837606838,True,True,ab7b28b0,1025,762729792649296,-2.486996336996337,26074.299023199022,-6.744749694749695,1023.7499999999999,762730236522022,443.872726,f556755c6bbdebadab603bb447a86a44c132aa330cf8df6b3e5c042c9cb0467f,16380,451.564341,True,472,632
20445.411404550206,48ab2559,730,-0.7110992172513277,762730239778114,0.0020757020757020757,True,True,48ab2559,1025,762730247723329,-4.801159951159951,21608.328754578753,-33.76190476190476,1023.7499999999999,762730691526601,443.803272,9203b797793499199ee27b9ace7741605330fdb3a3ef49b1976b13c139e398ef,16380,451.748487,True,525,671
19287.713885135687,afa42674,731,-0.4730718580883042,762730695625818,0.003021978021978022,True,True,afa42674,1025,762730703663608,-9.560500610500611,23913.914346764348,-67.34090354090354,1023.7499999999999,762731147502097,443.838489,4644b544bd856982e080b29c5063de2c3429b72416b4fc9fa4af93a7a3cfde9f,16380,451.876279,True,487,621
14789.598286927087,23868424,732,-1.7089227974315735,762731151590653,3.0525030525030525e-05,True,True,23868424,1025,762731159700470,-14.537912087912089,23560.27148962149,-92.51660561660562,1023.7499999999999,762731603531653,443.831183,095d3c7cab09be23aacb868f24ee4eb3e95d5fad1808d7f8a498a48057c07e41,16380,451.941,True,404,584
83481.58826860088,482fe51a,733,-7.833508097819573,762731607495954,0.029609279609279608,True,True,482fe51a,1025,762731614665902,-7.654395604395605,83570.66691086692,-5.521672771672772,1023.7499999999999,762732058539906,443.874004,5d754da1e7c1f8743ac381f1e080e285a7e216d34a7fcc04431f31f9e6f3b345,16380,451.043952,True,533,783
11297.467002516545,191e4e48,734,0.4566744493542858,762732063796743,6.105006105006105e-05,True,True,191e4e48,1025,762732071768278,-20.045848595848597,17157.40048840049,-73.87893772893773,1023.7499999999999,762732515535578,443.7673,1af66dece626b0c27dc8ab141c013bc919c37c87b83c951e580e0341bad7479a,16380,451.738835,True,334,490
38020.83002951499,2bba5dd9,735,-4.272776388912482,762732519148224,0.006868131868131868,True,True,2bba5dd9,1025,762732526691077,-5.7043345543345545,38127.34206349206,-8.6007326007326,1023.7499999999999,762732970541544,443.850467,89daa33424f071adaecb28b4ee1075fd5d1a5a4a63d3c85284faeb6d4ddf9554,16380,451.39332,True,544,721
10255.255020100303,d2bf7b22,736,0.15147982972214255,762732973455097,0.0,True,True,d2bf7b22,1025,762732980592523,-19.884371184371183,15571.151831501831,-70.146336996337,1023.7499999999999,762733424559690,443.967167,6da58b0054c93adf25020bcbb9bcbfeb90fdbf5af428056e88030161a7385a57,16380,451.104593,True,351,501
14611.445322014846,ffa5605a,737,0.4193029381314081,762733428009418,3.0525030525030525e-05,True,True,ffa5605a,1025,762733435562180,-14.08070818070818,22419.025274725274,-87.23137973137973,1023.7499999999999,762733879550595,443.988415,61b44e72125902d55b337fef1c9275a278a94be76f74a91b5e448b87d1d35505,16380,451.541177,True,432,615
18065.174084297538,5b08d2d0,738,-2.4822983190762096,762733881972808,0.003540903540903541,True,True,5b08d2d0,1025,762733889632904,-9.945726495726495,25322.470512820513,-84.60720390720391,1023.7499999999999,762734333582695,443.949791,c4b94f0791558a50864b612dac4ba8fea4743801d047ac7fc9a792c122290b6e,16380,451.609887,True,427,543
41153.58950299361,f6558f18,739,-17.526419341226692,762734336473075,0.01336996336996337,True,True,f6558f18,1025,762734343626781,-11.535225885225886,45421.01532356533,-64.2990231990232,1023.7499999999999,762734787601428,443.974647,aea55a09f232abb83860c6ab28558ff482a069db4301f596921cd92925188c7a,16380,451.128353,True,536,777
11682.545406210258,75aa420e,740,-0.2417664202014386,762734790639126,0.0,True,True,75aa420e,1025,762734798694530,-21.85976800976801,18107.977777777778,-77.12057387057386,1023.7499999999999,762735242568315,443.873785,82ffa4b12977be244a62da1092393bea589807484922c335cee7eed8cacb6f7e,16380,451.929189,True,357,530
41076.25736175777,cf2db0b5,741,-17.467594018819387,762735245843924,0.014194139194139194,True,True,cf2db0b5,1025,762735253614488,-21.396092796092795,48237.620757020755,-81.87533577533577,1023.7499999999999,762735697578752,443.964264,978ab681d939508b515d516ef59af9e47b8e00caf17d88cd29599f89e7476c65,16380,451.734828,True,524,759
15479.601731689827,e608848c,742,-0.47335099112088197,762735701251462,0.0,True,True,e608848c,1025,762735708594487,-18.088156288156288,19128.440537240538,-57.63382173382173,1023.7499999999999,762736152605591,444.011104,cf2a8df25eb582f93fc34c153e404f8607218a194ba7b1254fa0ce26b0984baf,16380,451.354129,True,497,603
12126.761881650094,f3e1f6fa,743,-0.06650628267716091,762736155862944,0.0,True,True,f3e1f6fa,1025,762736163598993,-33.612087912087915,20197.163675213676,-83.31043956043956,1023.7499999999999,762736607620554,444.021561,8bccddade52daee388591fe1ad79ba17ca6c4a3e4115cc592de2bded7b5ba948,16380,451.75761,True,360,524
12246.850237979697,5a5de59a,744,-4.787761461134018,762736611063439,0.0019230769230769232,True,True,5a5de59a,1025,762736618554324,-8.872893772893773,14486.948534798536,-46.49053724053724,1023.7499999999999,762737062620229,444.065905,f6c1447c6a1b5f85f1dcd54931a6e8e38fffa63452861dc2ea2eb5c83840919a,16380,451.55679,True,439,548
12282.829259445616,f381fec8,745,-0.05427052416172083,762737065687593,0.0,True,True,f381fec8,1025,762737073627277,-24.114224664224665,20131.20061050061,-85.2459706959707,1023.7499999999999,762737517621123,443.993846,6ab748d87d254363d6d0f81e760046cc85279cf2f741595f7f1a9cf6d7f6ebc0,16380,451.93353,True,356,518
13003.573810101512,0c6b3c96,746,-0.6944222748519673,762737521410965,0.0004578754578754579,True,True,0c6b3c96,1025,762737528533483,-17.18321123321123,18149.576373626373,-69.64725274725275,1023.7499999999999,762737972638839,444.105356,d38a2611064ba1bd44af6e1eb356364291dfe2194555f70ab01c1a7d22cb2304,16380,451.227874,True,416,528
12369.773556732574,a324fe02,747,-0.05671594754606057,762737975970143,0.0,True,True,a324fe02,1025,762737983564063,-18.373137973137972,18768.709706959708,-77.8547619047619,1023.7499999999999,762738427688284,444.124221,9af57a658de9f7b8c945ec371608bce8879f1a9e7ebae513cd76e58241e238b0,16380,451.718141,True,376,537
10331.036204098777,0bc0ab18,748,0.7028395111213339,762738430856459,0.0,True,True,0bc0ab18,1025,762738438562681,-18.009096459096458,17595.43363858364,-83.3070818070818,1023.7499999999999,762738882654931,444.09225,e5e23a0ef9a71958a0333f71fa154f71c97a973863957018fbc492515b978362,16380,451.798472,True,350,505
22099.503305454553,4ed9b232,749,-2.563741039389576,762738885789072,0.0044566544566544564,True,True,4ed9b232,1025,762738893528086,-11.376312576312577,23296.298168498168,-32.670695970695974,1023.7499999999999,762739337651554,444.123468,582c65ec71331a147aedcdc6c1ce00da254346ec8d7c445576d3698ab6ed05b5,16380,451.862482,True,603,720
12512.875801246646,abdebdb1,750,0.18650377783968847,762739341171054,0.0,True,True,abdebdb1,1025,762739348629197,-30.861782661782662,19309.974603174604,-76.45030525030525,1023.7499999999999,762739792686047,444.05685,a63f2a978b871502b0fe38a49d39a34a37796ee88407e392dedc4c22d2a667a2,16380,451.514993,True,382,554
15348.857248453622,3b04f5eb,751,-1.5809592946303572,762739796645509,0.0,True,True,3b04f5eb,1025,762739804506394,-10.475091575091575,17529.06813186813,-45.5025641025641,1023.7499999999999,762740248723367,444.216973,791cebf410ced07914ea534bec73a757034c28ae637e1b7f2ed92604c10518e5,16380,452.077858,True,477,596
14161.7601906454,78cc7ec2,752,-0.24603872649614006,762740252738164,0.0,True,True,78cc7ec2,1025,762740260495272,-15.346947496947497,20922.59481074481,-80.77936507936508,1023.7499999999999,762740704715610,444.220338,a3ad256028c2a272444f22481a44e14e5d67ece313b4b5b586bf941ade59b2ee,16380,451.977446,True,358,541
12873.59313701527,55d01343,753,-0.3600694240400593,762740708826999,0.0,True,True,55d01343,1025,762740716507102,-23.998595848595848,23008.945115995117,-97.77228327228327,1023.7499999999999,762741160708353,444.201251,d895d480c5a97db3fffc48f8479433589f3300ad0442f8208ee9942549f36490,16380,451.881354,True,353,529
11875.309004988363,92485bf4,754,-0.40013572514320395,762741164583015,0.0,True,True,92485bf4,1025,762741172518701,-27.971367521367522,20203.44993894994,-86.86623931623932,1023.7499999999999,762741616665056,444.146355,065023e4e9d5ea49bebbcd4e1bda3eacdfb5b7d0ea345d3039a8ecf16086a263,16380,452.082041,True,369,532
13502.994194232373,1e83dbd9,755,0.6525810452847267,762741619726419,0.0,True,True,1e83dbd9,1025,762741627499337,-26.65793650793651,23076.080525030524,-94.14053724053724,1023.7499999999999,762742071724161,444.224824,02173260488a87001971e88dd3f90755fc4560a102faf9dc53b2d147ab69f1f6,16380,451.997742,True,383,554
12570.300146326337,0e3c2b94,756,-0.1328472399922164,762742074770154,0.0,True,True,0e3c2b94,1025,762742082447893,-22.694505494505496,23001.293406593406,-99.57887667887668,1023.7499999999999,762742526747165,444.299272,47bc0f486fc3d7f037dad3fea2baad376aac818e3991d1405aa792fdabfbea6f,16380,451.977011,True,344,533
16543.71579878675,8b0bde5b,757,-1.8484549011854157,762742530736303,0.0009768009768009768,True,True,8b0bde5b,1025,762742538549438,-8.757264957264958,18162.57387057387,-39.27045177045177,1023.7499999999999,762742982705839,444.156401,449f70bd719cd5a402fc6754b457643b8116c8bab6058c2cc747bbf8a0d4c172,16380,451.969536,True,419,562
8451.447270242308,67297548,758,0.6780047676543113,762742987226784,0.0,True,True,67297548,1025,762742994629692,-14.42032967032967,14373.193284493285,-75.58968253968254,1023.7499999999999,762743438742770,444.113078,1c99b61ad5e2afbb6b88f476e76c0b8d8e73b59a869fadda344b8f1a5d31c8fe,16380,451.515986,True,338,471
11900.545687234351,826add8c,759,0.3129864323076742,762743441845651,0.0,True,True,826add8c,1025,762743449561472,-30.945970695970697,21228.516117216117,-91.48943833943834,1023.7499999999999,762743893743850,444.182378,08f68aeabdc543484bff88fd15fdae74df8c8d91ee63d1e9ab7736c7bc82bba3,16380,451.898199,True,362,537
11405.276785315484,ccf4ad6c,760,-0.3627452703098818,762743896460090,0.0,True,True,ccf4ad6c,1025,762743904587338,-16.772222222222222,18994.7568986569,-85.48785103785104,1023.7499999999999,762744348762322,444.174984,0db77a6c61805f334bc9f745635687e19b2e80ac7a239e81f21bb74ab5222cb4,16380,452.302232,True,351,505
8356.01932817725,28afd6fd,761,-0.0895265522142282,762744352758824,0.0,True,True,28afd6fd,1025,762744360644866,-16.146214896214897,11217.345970695971,-50.99633699633699,1023.7499999999999,762744804729717,444.084851,842a399edbd793e486366ca104bcdeafc4165134f96d7cf7b21609b1aa40cedf,16380,451.970893,True,358,514
8960.310178390664,835e2e64,762,0.7620889564288045,762744809114695,0.0,True,True,835e2e64,1025,762744816596031,-19.906471306471307,13534.9057997558,-64.63998778998779,1023.7499999999999,762745259839851,443.24382,8ee53b005382ca4ee6660bdec80e00f05d3f12f4be58fe3c377b831ed3178c74,16380,450.725156,True,346,502
10842.429813525236,e1a72cc5,763,-0.5049149314099296,762745264326480,0.0,True,True,e1a72cc5,1025,762745271576409,-9.754945054945056,17802.975824175825,-82.85763125763125,1023.7499999999999,762745714833662,443.257253,7b74fabc4252b1d5979ecd9e262ba518019db2d3dde5b89d0d0f24efc88f8bc4,16380,450.507182,True,349,491
12332.109051562331,4f5250c2,764,0.24883712688895798,762745717769367,0.0,True,True,4f5250c2,1025,762745724886234,-17.1498778998779,22279.577777777777,-98.25146520146521,1023.7499999999999,762746168838341,443.952107,ae0258263347a9b12da3ca47f0a84995c88347e283a182699e15bef05cf872fe,16380,451.068974,True,355,521
12727.76586262469,50e6033f,765,0.3696842738591499,762746172098510,0.0,True,True,50e6033f,1025,762746178913235,-24.235531135531136,21287.697924297925,-89.28925518925519,1023.7499999999999,762746622847938,443.934703,89e0aa86899673abc2609359cbfc7b3695a61a4e7e3d02aeeca62f112d7960be,16380,450.749428,True,394,565
9471.339149827583,5ad706d5,766,-0.10445575261782818,762746625921634,0.001343101343101343,True,True,5ad706d5,1025,762746632990851,-13.993772893772894,15905.994688644689,-78.98626373626374,1023.7499999999999,762747076854489,443.863638,8fa79dc8405a5fc0881c0c7265626a2d4f496fa4b310b84f291c3242ad6219cf,16380,450.932855,True,374,466
10359.91393038653,b03fb309,767,-0.15086963750639995,762747080930201,0.0,True,True,b03fb309,1025,762747087910880,-13.221855921855921,15832.669352869352,-72.78693528693529,1023.7499999999999,762747531843166,443.932286,7e3f0383adc605ef1383323fcbed8ea635368e0bcbae1df4b198884eb45aefc8,16380,450.912965,True,348,501
12374.185046980221,87fb20d0,768,0.23903067498195768,762747534929446,0.0,True,True,87fb20d0,1025,762747541945822,-32.08638583638584,22105.193956043957,-93.28168498168498,1023.7499999999999,762747985919777,443.973955,88987d2bc3dcf7d0e23f2dbb15b29536dce21254d46b2c2c92bd4b0dbe4d6f71,16380,450.990331,True,354,513
12216.085677461866,49a61e3a,769,-7.979875163856276,762747989800059,0.0003663003663003663,True,True,49a61e3a,1025,762747997037103,-13.742124542124541,15516.146642246642,-55.77826617826618,1023.7499999999999,762748440904134,443.867031,98bea609edde8791d69b1acdb905408618f8cc98f16ecfdaf619b14c17247d26,16380,451.104075,True,468,605
13162.642320420387,5d6a6044,770,-0.506154281674059,762748444210460,0.0,True,True,5d6a6044,1025,762748450933892,-31.3001221001221,21897.378815628817,-88.06269841269841,1023.7499999999999,762748894882386,443.948494,57be47dfbd903f6413a771e97ef6a1ba31af3c420f5aac09e121b099839ca84c,16380,450.671926,True,373,531
12315.036644553724,46a0fd3c,771,-0.05587374486086951,762748986643096,0.0,True,True,46a0fd3c,1025,762748993957096,-23.24059829059829,19165.204456654457,-79.43577533577533,1023.7499999999999,762749437905348,443.948252,aec7bdd203d2c9b985c8f0ab108e29b6fc2000915544f3f5c9d61ade2507a2d5,16380,451.262252,True,368,538
10883.475017312425,37ac9020,772,-0.022396281396696426,762749442216686,0.0,True,True,37ac9020,1025,762749448991706,-16.817887667887668,16903.370757020755,-75.74334554334554,1023.7499999999999,762749892894931,443.903225,b814f7708469814215558901750b269c1c1099c2d6d39c0336a57b59e0c54872,16380,450.678245,True,364,526
23188.93674627401,a333db59,773,-2.9327109253669894,762749896370999,0.0016483516483516484,True,True,a333db59,1025,762749903983453,-11.560622710622711,23953.18943833944,-25.11184371184371,1023.7499999999999,762750347917997,443.934544,d7bc30d35af965dfc0a0b778fc881f1f53ccd12b4661b9eb581ba8a14ac7ee2e,16380,451.546998,True,544,702
28346.170645725524,0c7a8a86,774,-2.492996105013618,762750351159611,0.0031135531135531138,True,True,0c7a8a86,1025,762750357997800,-11.614774114774114,28861.635592185594,-19.50799755799756,1023.7499999999999,762750801959705,443.961905,e5bac0298756a5961e63fc6da7fd5d09a32b8bacad17f1d9754db5c65c1a9e6a,16380,450.800094,True,575,720
20105.692827158262,213974dd,775,-10.850221637597663,762750806939387,0.0024114774114774116,True,True,213974dd,1025,762750814133881,-13.843162393162393,25307.874175824174,-70.78522588522588,1023.7499999999999,762751257973423,443.839542,670e962d8f0f51ffa2c9a93a44490e5ae0790106077df78ff52c3b3693f2ba75,16380,451.034036,True,532,704
14034.383454196055,1dac5206,776,-0.9987116685800673,762751262099550,0.0014346764346764348,True,True,1dac5206,1025,762751268973327,-20.504517704517706,18236.27277167277,-61.493528693528695,1023.7499999999999,762751712921272,443.947945,b9e71a4e58f5f0232590cb8bab16924b5a095ecc23288b278076b62f22cda4e1,16380,450.821722,True,412,535
40285.266934988766,211b9f1b,777,-5.258032230117696,762751716672971,0.010897435897435897,True,True,211b9f1b,1025,762751723986530,-16.522466422466422,41939.58363858364,-37.166178266178264,1023.7499999999999,762752167989900,444.00337,ea24fdec9922bf0ab33397034110997b9d6d788cd742ff107e30df5951b3f318,16380,451.316929,True,692,828
15365.881079754936,26a77ac2,778,-1.4532927082828617,762752172064791,0.0019536019536019536,True,True,26a77ac2,1025,762752179082129,-14.433882783882783,18173.06391941392,-50.97887667887668,1023.7499999999999,762752622941505,443.859376,de32c27ae80fe985563742924fc7067af6c286ebb5e4210ed0396e974a9a12b2,16380,450.876714,True,474,603
13581.77372190318,27ab146a,779,0.32009039184553384,762752626070526,0.0024725274725274724,True,True,27ab146a,1025,762752633120415,-15.557203907203908,15945.364407814408,-46.06043956043956,1023.7499999999999,762753076950856,443.830441,4430cd7f94c42642f632aebac097ebe1cdd6597c7298614021b3a8595ca27328,16380,450.88033,True,472,614
9509.98133709324,3da3468d,780,-0.6954152321594913,762753081368335,0.0,True,True,3da3468d,1025,762753089144198,-25.81831501831502,13368.761538461538,-56.4995115995116,1023.7499999999999,762753532969077,443.824879,a2ca81724e6bcd7fa88b8cd7b914fa26fdc5c1adbf1710bf61989af595922862,16380,451.600742,True,373,547
17572.011471265472,c86bc313,781,-0.2692416784814372,762753538631201,0.002136752136752137,True,True,c86bc313,1025,762753546066430,-21.912393162393162,21899.96562881563,-62.03064713064713,1023.7499999999999,762753989974104,443.907674,b2fe9773f059ba758a73ac9c56c19285506b6d8d1197333ea97842f13ee5166e,16380,451.342903,True,460,580
11703.027821996211,7ec8ad5b,782,-0.787708796835756,762753993930641,0.0,True,True,7ec8ad5b,1025,762754001089967,-28.010134310134312,17908.43833943834,-73.62637362637362,1023.7499999999999,762754444855271,443.765304,f82a0c39ffad2832034a130a3673af645c18938954bafe669672556e3c000b08,16380,450.92463,True,373,537
12887.710888941814,10c1ab09,783,0.08055792985989302,762754449252261,0.0,True,True,10c1ab09,1025,762754457063031,-25.537851037851038,19630.589804639803,-78.0429181929182,1023.7499999999999,762754900988667,443.925636,ce6ce3b63bee59dabd414d3896e9dd2cbd903491c7e6fa524a6ebf3fd5e71f0b,16380,451.736406,True,380,545
11968.059567114815,6f36bf09,784,0.17721518693818372,762754904687496,0.0,True,True,6f36bf09,1025,762754912151629,-26.494139194139194,19304.638522588524,-81.4532967032967,1023.7499999999999,762755355837341,443.685712,b0371a468742472ab9172ccbaace9eeb79b3894e1eb285c01a2dba06d1c364cd,16380,451.149845,True,355,534
8075.4504932904565,28871f60,785,-0.41006209884356704,762755359779119,0.0,True,True,28871f60,1025,762755367130860,-17.151526251526253,11357.722710622711,-54.663492063492065,1023.7499999999999,762755810983646,443.852786,1ac1a9ae6da61b9c95e66263436ca3e2ee6c65e6cb1f43a102b9cfd7ef23add5,16380,451.204527,True,369,510
39733.64801437099,fc05270f,786,-17.646432507438927,762755816403662,0.013278388278388278,True,True,fc05270f,1025,762755824076180,-21.971123321123322,45885.861477411476,-75.2959706959707,1023.7499999999999,762756268020358,443.944178,a3fcbf1a9825ae4f6a3040a08cbf03126df02336269c7ba591c5f15446cc508e,16380,451.616696,True,527,771
13195.938605147734,5cbdb045,787,0.5885052094480999,762756271439197,0.0,True,True,5cbdb045,1025,762756279134117,-19.31184371184371,19332.22619047619,-75.91666666666667,1023.7499999999999,762756723022729,443.888612,58557ad1e94757011ab940891dc396501957783c76ac4a15ae837e2c0c5fa07e,16380,451.583532,True,371,547
42529.281474563955,31a3a9d0,788,-17.579835960928783,762756726657066,0.014255189255189255,True,True,31a3a9d0,1025,762756734145786,-24.618437118437118,49348.1568986569,-78.82136752136752,1023.7499999999999,762757178044176,443.89839,af10c99ebf47cb6243e021925249c97a339f147a87dbdf83ca15983c0b7c7edb,16380,451.38711,True,543,815
13976.648023722311,f3769606,789,-1.2671674391013914,762757182767553,0.0,True,True,f3769606,1025,762757190152407,-32.45897435897436,22289.210622710623,-85.1996336996337,1023.7499999999999,762757634045003,443.892596,06a9588468f995a2e74af8851a7aae893556ea8847d75c2e37073d6cc9668133,16380,451.27745,True,394,579
48393.73689175057,b06bcc94,790,0.9372622622585264,762757637267992,0.01684981684981685,True,True,b06bcc94,1025,762757645134246,-17.78028083028083,54733.64413919414,-77.61294261294262,1023.7499999999999,762758089041020,443.906774,5c62da32b27f37c220b9f8d6ffd8613636936775ae0df98bd2f532aa95d8a194,16380,451.773028,True,608,783
28648.27007565661,25c7d597,791,-8.840120753287845,762758093140727,0.00015262515262515263,True,True,25c7d597,1025,762758100226795,-6.53980463980464,28726.268925518925,-5.935470085470086,1023.7499999999999,762758544071379,443.844584,a6df7ba7317061abce950c1c4900de666644849244c939ad91aa17cc49e5d1ea,16380,450.930652,True,350,528
12972.902464003571,8f8ee93e,792,0.12263688525244368,762758549283351,0.0,True,True,8f8ee93e,1025,762758557286094,-30.84181929181929,23347.40921855922,-97.07362637362637,1023.7499999999999,762759001088117,443.802023,710307fd0aac16e15bcbc9842d0ae541b9c57f06d4265e50df06a9fb4a41c131,16380,451.804766,True,333,520
18618.73369842239,223b04de,793,0.2655585979656203,762759006451054,0.0010073260073260074,True,True,223b04de,1025,762759014199956,-14.48125763125763,21052.754884004884,-47.16263736263736,1023.7499999999999,762759458071720,443.871764,cec9029fa5a51f3229328fd35f4a461db7ad9d93faadf475e03cb9c77be23101,16380,451.620666,True,489,627
11809.021184743895,8e8cb03e,794,-0.03192905178695925,762759462214849,0.0,True,True,8e8cb03e,1025,762759470244863,-20.875946275946276,18686.936874236875,-80.26275946275946,1023.7499999999999,762759914077753,443.83289,a49c1d1549b989e8874efc006e0f133c5812705d2911562b0738b04a18b4f8be,16380,451.862904,True,374,535
11633.186965543613,3f314007,795,-0.1315911610269856,762759918070067,0.0,True,True,3f314007,1025,762759925350071,-25.181868131868132,16979.079853479852,-68.6423076923077,1023.7499999999999,762760369123948,443.773877,8d47616d36a8b7aea87ac0c1349ed52cbb600f7ee5bfb3accc04c90aeb33dbb8,16380,451.053881,True,347,526
12151.76379046337,13f12b45,796,-0.043659001093001894,762760373428703,0.0,True,True,13f12b45,1025,762760381309966,-19.82155067155067,17545.83272283272,-70.71898656898657,1023.7499999999999,762760825119960,443.809994,a42064a66060710b258335490d80cdb21bf8102a882ddb83661800815e27cb9f,16380,451.691257,True,364,547
11613.994471465992,2a0b40c8,797,-0.20900494663605923,762760831180287,0.0,True,True,2a0b40c8,1025,762760839267419,-31.345482295482295,19390.73137973138,-82.42692307692307,1023.7499999999999,762761283042686,443.775267,23f62acac13997b3d1b964a10fc87e6bc10ece27ec13dcf126c9a3dfd0616dec,16380,451.862399,True,369,526
6669.764312586749,7a1122e3,798,-0.5279476604060933,762761286171436,0.0,True,True,7a1122e3,1025,762761293259908,-12.751709401709402,8776.765811965812,-44.095299145299144,1023.7499999999999,762761737074528,443.81462,151eae18a7fbbf857b957be1a37958d10b2cb426cdb9082519270d262565beba,16380,450.903092,True,366,490
11326.106581591655,ac593bb8,799,0.059619975097247285,762761740847838,0.0,True,True,ac593bb8,1025,762761748254883,-31.73144078144078,19909.779365079365,-87.0447496947497,1023.7499999999999,762762192064684,443.809801,3fa65e3758754f59e903b901db45982da4e99af1f753021fb3b27df073a6faba,16380,451.216846,True,357,507
12787.114306906633,79796833,800,-0.30809109606218016,762762195688270,0.0,True,True,79796833,1025,762762203258955,-35.36123321123321,22113.09902319902,-89.86416361416362,1023.7499999999999,762762647109130,443.850175,410667847a0934e6737ed0525ed40ad367bc10bb0230d0ce497dda98ed431d53,16380,451.42086,True,368,537
12126.217670601005,e1032c8b,801,0.10708621227929616,762762651089402,0.0,True,True,e1032c8b,1025,762762658302039,-25.22905982905983,20177.69938949939,-86.11025641025641,1023.7499999999999,762763102096739,443.7947,451e5c9d7b64f32cdb09f4c5bcbc9355a3466761f6e1c8e2bf748dd8ceb5df6d,16380,451.007337,True,377,523
18451.86597493742,2ca79055,802,-1.1602459646615597,762763104885505,0.0013125763125763127,True,True,2ca79055,1025,762763112246213,-33.38614163614164,24537.84371184371,-70.50775335775336,1023.7499999999999,762763556107958,443.861745,5cece4a4dec0855195e78bc842426e7b5361f204059cf1a80e5c119a0f3cdd17,16380,451.222453,True,471,609
13262.59365951136,0f361dba,803,-0.055642953231932676,762763560160286,0.00042735042735042735,True,True,0f361dba,1025,762763568341295,-22.745115995115995,19130.56172161172,-73.14798534798535,1023.7499999999999,762764012092320,443.751025,8b9497f989db111cb37bbc5994c816a9fd8a89085c167716d66368ac649c3d9f,16380,451.932034,True,458,577
11223.663114544526,07e10aae,804,-0.010321059321649827,762764015822228,0.0,True,True,07e10aae,1025,762764023246245,-35.01495726495727,20419.850427350426,-89.27564102564102,1023.7499999999999,762764467137955,443.89171,e7e2268c81b71e5c4edfe8d7ebc2fa700e38f5306fd7f4666e8c54cc2da97f37,16380,451.315727,True,314,491
9325.419694239079,5c20e67c,805,-0.355988828718135,762764471551015,0.0,True,True,5c20e67c,1025,762764479253950,-18.3501221001221,13134.881501831502,-58.92991452991453,1023.7499999999999,762764923097638,443.843688,d26ca92145a9d77c1e1cf6d2d498d1cb95ac6aad02e9bc5bc13e58ad8f0d5021,16380,451.546623,True,360,526
23131.973300754667,3d13b375,806,-0.386888055328215,762764926125517,0.0028083028083028083,True,True,3d13b375,1025,762764933256900,-12.734310134310133,25762.19346764347,-49.67954822954823,1023.7499999999999,762765377095197,443.838297,6f07e5f4268d8c81cd442fced81a37a26c071e22c0c9d647552b9f868620241b,16380,450.96968,True,562,711
12000.031071301852,9b99eb66,807,0.2113854417095554,762765380048155,0.0,True,True,9b99eb66,1025,762765387185529,-19.968131868131866,19185.750854700855,-82.38321123321123,1023.7499999999999,762765831140716,443.955187,f3cfc0c117cbc81e9d379cc0c83e1fe393b6b34a7ecca0f443ac5b287005fb5b,16380,451.092561,True,347,519
12073.00792331024,8dd9bdb9,808,0.1069686503671387,762765833805268,0.0,True,True,8dd9bdb9,1025,762765841166797,-14.823199023199024,18439.32387057387,-78.40018315018315,1023.7499999999999,762766285174292,444.007495,770b5ad7d344c08df232713c2bcff7003b1f70600c66c38c839db7a4800de350,16380,451.369024,True,371,518
11022.74442424351,9f0b8c25,809,0.2593759667138731,762766290511881,0.0,True,True,9f0b8c25,1025,762766298176163,-18.71843711843712,15799.630036630037,-66.53199023199024,1023.7499999999999,762766742164480,443.988317,a87b6039c33914fa0f4366107841fa6858ec542a5a25c177db4ad02bfb40e92d,16380,451.652599,True,372,531
4703.1842469784315,6192dd96,810,0.12367864785856139,762766745169176,0.0,True,True,6192dd96,1025,762766753181836,-17.893223443223444,9674.025457875458,-68.1958485958486,1023.7499999999999,762767197149915,443.968079,b326c75ee2b930aa63329947ff802e2dc35f26c371b9df4b39a9d5c45b09d415,16380,451.980739,True,207,337
21417.855962071437,fcdd5913,811,-0.2375215256527398,762767200322789,0.0024725274725274724,True,True,fcdd5913,1025,762767208239388,-23.405311355311355,29098.869474969473,-84.4583028083028,1023.7499999999999,762767652178650,443.939262,05b0c283308a30dd4ffd2f125f7cb1819d41b6efbc92ea3e6e5a6f814c4ce6a6,16380,451.855861,True,541,695
15278.445928784618,8556e49f,812,-0.005889904601024961,762767655239702,0.0008852258852258852,True,True,8556e49f,1025,762767663259787,-23.984981684981683,20565.1731990232,-68.63998778998779,1023.7499999999999,762768107165816,443.906029,ffd8906d4c355284ce82b222e7280d87ea7d71738c80e30ffed2f6fb8c24185c,16380,451.926114,True,453,589
13314.01673145502,588488da,813,0.031999248162728165,762768110876747,0.0,True,True,588488da,1025,762768118199944,-28.538400488400487,21028.97442002442,-83.06935286935287,1023.7499999999999,762768562185271,443.985327,e2ed6d33f6d5d2a59452bc130b393c7dbc2b0c288e53d0b59a2791783a79bf17,16380,451.308524,True,370,542
17397.738238232396,12553ffb,814,0.2006966531163042,762768565857249,0.0024725274725274724,True,True,12553ffb,1025,762768573185625,-31.4484126984127,25034.096825396824,-81.53131868131868,1023.7499999999999,762769017203163,444.017538,46d5fe39ae573e621dcd379a528cd9d666e3864c64f225857d16ec1575c193d4,16380,451.345914,True,439,576
19658.690639676428,a81fb89c,815,0.07238241944318687,762769020022848,0.0005494505494505495,True,True,a81fb89c,1025,762769027152949,-34.44407814407814,27324.942002442003,-80.49755799755799,1023.7499999999999,762769471201223,444.048274,c9698e6b2d9cd758084bb64896df06d37c29a427352b244aee7b80876755c6c4,16380,451.178375,True,514,766
19328.25816792792,ac88a49b,816,-0.23914867184983507,762769474163538,0.002014652014652015,True,True,ac88a49b,1025,762769482206336,-24.563919413919415,26542.88296703297,-81.30952380952381,1023.7499999999999,762769926213953,444.007617,23c05c84d03b572652e03064357ec7cd90ee7d52f02ae1e75b4bd08ffefcea68,16380,452.050415,True,481,645
15098.575625681127,367ef16c,817,3.6297173953136435,762769930595543,0.0020451770451770453,True,True,367ef16c,1025,762769938172349,-18.045238095238094,19415.961843711844,-63.18034188034188,1023.7499999999999,762770382195405,444.023056,a02bd7e1eff49eb2ff4b28b1ce9d2ec5e2ab24382a855da091600b654ec9c61f,16380,451.599862,True,441,568
39379.60896199616,b1752a60,818,-1.1414399164303277,762770385657445,0.009615384615384616,True,True,b1752a60,1025,762770393131106,-25.188583638583637,43069.67942612943,-55.277533577533575,1023.7499999999999,762770837230554,444.099448,89367449f2b7a20e559d939b5f7db5ec468935322806f956e572aeb56c00ccbc,16380,451.573109,True,595,758
18512.467981572423,91023ca1,819,3.1122928815566206,762770840479201,0.0025030525030525033,True,True,91023ca1,1025,762770848107485,-26.058180708180707,25827.638156288158,-81.46251526251527,1023.7499999999999,762771292221771,444.114286,c71302dabe28585466717b6bcf544130601d01a8181df856921fd15009c1c91b,16380,451.74257,True,438,574
11215.895351809364,452367c5,820,0.5728280712940126,762771295867208,0.0,True,True,452367c5,1025,762771303176518,-29.797619047619047,19863.435042735044,-88.08882783882784,1023.7499999999999,762771747277677,444.101159,a4d5903a2dfe75aeb4936714f26f81e4f3011367eb8a7ad31657c5e4e9b4dc0e,16380,451.410469,True,349,513
13278.610215516404,9e5d99b0,821,-0.5355369500480682,762771751458568,0.0,True,True,9e5d99b0,1025,762771759116477,-22.843345543345542,18810.47557997558,-70.78168498168498,1023.7499999999999,762772203256400,444.139923,2d17a735f4b30408ae7825c957938205bd631f09245a0e7938561def2f6e0bc5,16380,451.797832,True,392,562
12821.167494379519,f7617b28,822,0.43926471206894535,762772207672375,0.0,True,True,f7617b28,1025,762772215124576,-15.241697191697192,19496.43021978022,-80.26800976800976,1023.7499999999999,762772659231844,444.107268,c9fa741f8bc079113669253b07948dcce769c3b8bfe93d47a2d9344aea1b8b80,16380,451.559469,True,355,523
9415.538943901032,c3dada51,823,0.016974211789541078,762772662223034,0.0,True,True,c3dada51,1025,762772670197943,-16.468131868131866,13492.633943833944,-61.69194139194139,1023.7499999999999,762773114272419,444.074476,ea19a1743975583e38d4227e626ff58bba193b6879858c1bb33cf538540c7631,16380,452.049385,True,376,513
9990.075103021047,e9c2b052,824,-0.054507486066731003,762773117336737,0.0,True,True,e9c2b052,1025,762773125117359,-13.59920634920635,14358.070512820514,-64.67655677655678,1023.7499999999999,762773569273037,444.155678,f45d4c36616b2caa22fa809fd2bf19558f5385e2d95711fc5300e04b59c2024e,16380,451.9363,True,362,527
11335.764781904434,bebede97,825,0.011906637895724152,762773572301397,0.0,True,True,bebede97,1025,762773580091417,-16.722893772893773,18002.015506715506,-79.91617826617826,1023.7499999999999,762774024265720,444.174303,e2021a73be22b5a3f572f8e7987cb0bd591eea9e99b02051e11c39ffe314ad93,16380,451.964323,True,363,509
16122.335981456139,f0ca721c,826,-11.568479580081888,762774027278781,0.0014652014652014652,True,True,f0ca721c,1025,762774035144744,-12.038705738705739,18104.32032967033,-42.86086691086691,1023.7499999999999,762774479304779,444.160035,6d373905b28e7e8b79d0cb80d9425d717660ccfc609d73b03d2b505f9ed4f9cc,16380,452.025998,True,568,676
11984.02002289191,563bfc16,827,0.08832198843366565,762774482152637,0.0,True,True,563bfc16,1025,762774490143336,-12.28052503052503,17945.07728937729,-76.22496947496947,1023.7499999999999,762774934260859,444.117523,96fc9489d9bfc8be575c7bc01e651ba9c68504204fe4ae95f0c4751b2eba3375,16380,452.108222,True,362,511
43421.47006427028,dd76e958,828,-9.838573298965242,762774937857915,0.013431013431013432,True,True,dd76e958,1025,762774945080310,-11.907692307692308,50568.401343101345,-83.69670329670329,1023.7499999999999,762775389295027,444.214717,69e566ebc23f409e6cbbc194563e6479d4d572394d29f0bb62ed5f387c788916,16380,451.437112,True,611,806
7626.062329167916,99f95082,829,0.3255985757399109,762775392790631,0.0,True,True,99f95082,1025,762775400064704,-13.447557997557997,11155.429059829059,-57.86648351648352,1023.7499999999999,762775844306470,444.241766,2f00b88d30f625fd43f337d872aac5248452c29aa1bb268922b1cf3008763924,16380,451.515839,True,341,488
3130.1175744527486,8d8f12ee,830,-0.0068580567070845345,762775847065611,0.0,True,True,8d8f12ee,1025,762775855163322,-7.973992673992674,5222.005677655678,-45.036691086691086,1023.7499999999999,762776299303816,444.140494,48efa97809ea8b08276e7f0b8f3939bf3882dd1580d82e6d25e4433fc4d72647,16380,452.238205,True,174,268
10034.206233125511,bac926ea,831,0.4329388173704107,762776302596056,0.0002442002442002442,True,True,bac926ea,1025,762776310151992,-15.344261294261294,12948.201648351649,-51.75470085470086,1023.7499999999999,762776754295109,444.143117,43b2757e53cc72161abee0936161bf41f0e1090312214a55309fa26b3ec93c88,16380,451.699053,True,411,530
10311.275428617644,2e8d3dad,832,-0.1639221764264394,762776757242907,0.0,True,True,2e8d3dad,1025,762776765154376,-21.395543345543345,15552.37155067155,-69.1615995115995,1023.7499999999999,762777209340224,444.185848,9ec4cf3ee36e94eb4ede534ba4a92f12b5133d5e830c62dacd79c98b6fc72e29,16380,452.097317,True,369,528
13301.46726711899,2a38692a,833,-0.008389697707313563,762777212434629,0.00042735042735042735,True,True,2a38692a,1025,762777220161228,-19.083394383394385,18167.82380952381,-67.0982905982906,1023.7499999999999,762777664326465,444.165237,2ba797ef76e285a24684ae9bf5a3a056b99567d17e728551ab8ec87f48a4a154,16380,451.891836,True,418,538
15538.215782741541,6881a279,834,-0.708699043705684,762777667192067,0.00173992673992674,True,True,6881a279,1025,762777675150274,-13.452442002442002,18214.668315018316,-49.95482295482295,1023.7499999999999,762778119371628,444.221354,88ec84e805eb34c8385a0f16a9dc345f62ba839e64ef74fea6998aaed718718a,16380,452.179561,True,538,672
11277.074220847666,02b0b617,835,-0.44941931648022093,762778123730855,0.0,True,True,02b0b617,1025,762778130505213,-30.276923076923076,17789.664835164836,-74.8057387057387,1023.7499999999999,762778574417129,443.911916,1733459ef677cd5a101167816691bdc1667c91905f0af1d890ecfe8253c1e205,16380,450.686274,True,364,520
2456.9942366319747,d79b09d5,836,-0.25528105740843066,762778577782266,0.0,True,True,d79b09d5,1025,762778584462726,-10.155921855921855,4422.175396825397,-43.1513431013431,1023.7499999999999,762779028437500,443.974774,0ce9481ed8903efca92681884602f5fd67f6c0d1124145c19d334a34038fd5e1,16380,450.655234,True,156,244
11716.099246639264,f4856457,837,-0.212766725696696,762779032341066,0.0,True,True,f4856457,1025,762779039474042,-19.64108669108669,19522.536996336996,-86.1432844932845,1023.7499999999999,762779483418898,443.944856,2e3f3977ccffabc00c64c32fdfa3a6e9fbc0159c62c808dbc614792daf6afd73,16380,451.077832,True,350,518
6259.010715228673,69dbcd47,838,-0.640938298569737,762779486263510,0.0,True,True,69dbcd47,1025,762779493459736,-9.471672771672772,8226.559279609279,-43.334004884004884,1023.7499999999999,762779937432685,443.972949,55b9f80d9207f224c7b085f678f953c0b39e84c40031b9d9beebae3903990311,16380,451.169175,True,377,494
30570.603285492147,f051b6ae,839,-6.999739804741457,762779940778295,0.001617826617826618,True,True,f051b6ae,1025,762779947502377,-6.943711843711844,30675.281074481074,-7.514163614163614,1023.7499999999999,762780391435109,443.932732,7ba590607ffdea01afbc8a20a4f2c59038edd63004622be5ecce31f2cb56d648,16380,450.656814,True,382,589
5811.311492912528,7a56a77a,840,0.11687184107916469,762780394154424,0.0,True,True,7a56a77a,1025,762780401551980,-4.377899877899878,9126.197741147742,-57.408363858363856,1023.7499999999999,762780845469041,443.917061,aeb120a323d052402321ba469cdcc8695b7d81a60762023ddf5834eadaa55ad8,16380,451.314617,True,318,450
11670.36881108174,b641d650,841,0.05968277414311997,762780849070395,0.0,True,True,b641d650,1025,762780856534227,-30.755921855921855,18732.146642246644,-78.2039072039072,1023.7499999999999,762781300488267,443.95404,4bba6987ddfef79271eeac55fe3faf1cb8580752e2067e0d391a588fef3f0987,16380,451.417872,True,360,519
12884.350122845544,25ff5e8c,842,0.20954966144367565,762781303651021,0.0,True,True,25ff5e8c,1025,762781310520228,-38.42442002442002,25512.378266178268,-105.60109890109891,1023.7499999999999,762781754476882,443.956654,dab14367df160009992b9a9826879cd73aaed38bba4d442fc0b3805170503c93,16380,450.825861,True,353,532
10838.638987679666,22b4a058,843,-0.15972447444615168,762781757501905,0.0,True,True,22b4a058,1025,762781764525785,-38.50409035409035,18598.186691086692,-79.22741147741148,1023.7499999999999,762782208481767,443.955982,268f13a87294be1fa13118bb34713073e00be68c3a933ac60f42f2c9d633119a,16380,450.979862,True,351,508
11683.029803864567,f8b50d48,844,-0.13790994223106223,762782211867172,0.0,True,True,f8b50d48,1025,762782218509850,-37.91489621489622,19612.088156288155,-80.56996336996338,1023.7499999999999,762782662486118,443.976268,f6453795e2e66ef87771bdeacbf1407a51761926e1e2f46f3101425fe4379278,16380,450.618946,True,353,527
31910.718203935532,6f65e0a5,845,-5.0567665923909155,762782665498869,0.002380952380952381,True,True,6f65e0a5,1025,762782672528269,-14.4004884004884,33053.51843711844,-30.584737484737484,1023.7499999999999,762783116475382,443.947113,3f7a0148ff3bfe3ce89baee8ef3e0d04e5ef067df456922256e65ce6d9219ae1,16380,450.976513,True,628,794
11512.855354962498,a75761d6,846,-0.39202661228763763,762783119148780,0.0,True,True,a75761d6,1025,762783126572075,-27.18058608058608,18848.64932844933,-81.22197802197802,1023.7499999999999,762783570515990,443.943915,5fc333dc9949c069f72ddc7c494433262821570b1626f813ddd29742b26d6e92,16380,451.36721,True,349,497
11702.166432261267,62fcf585,847,-0.27121342135815185,762783573821354,0.0,True,True,62fcf585,1025,762783580591363,-19.894139194139193,18169.14993894994,-77.91794871794872,1023.7499999999999,762784024497026,443.905663,63673e5e6771d4b133feae2e86f7fa7b569d70683202d951cbc4ecb027490b1b,16380,450.675672,True,370,536
31049.054084681433,6286cd23,848,-1.8932139209918253,762784027429414,0.003601953601953602,True,True,6286cd23,1025,762784034580514,-7.895665445665446,31384.1474969475,-16.515201465201464,1023.7499999999999,762784478522364,443.94185,e19b95b311e689a0290d441280f8b5c9eb7f00f52595bad27c96afb4f7b3a675,16380,451.09295,True,598,741
5550.268510672953,f484b7d5,849,-0.07849697158060334,762784482694257,0.0,True,True,f484b7d5,1025,762784489659646,-11.635409035409035,8732.253174603175,-55.19603174603174,1023.7499999999999,762784933522465,443.862819,4a4ca1c6bb4c36b9be7890c265d677263adc9962592c5e8a4bc792ac5ac02c90,16380,450.828208,True,281,428
6787.863561507005,cfcd4bcf,850,-0.15462652792655893,762784936383558,0.0,True,True,cfcd4bcf,1025,762784943679553,-8.561172161172161,9016.384004884005,-46.42442002442002,1023.7499999999999,762785387522223,443.84267,3f668e0fa99e3f31144a118f42afba231c0a91341699a7d4472b34755cdbde4e,16380,451.138665,True,360,517
12330.552422901004,830e9927,851,0.08116538058928521,762785390385119,0.0,True,True,830e9927,1025,762785397705760,-17.33809523809524,19541.957814407815,-83.13119658119658,1023.7499999999999,762785841533912,443.828152,fbca25ea2fd6ca151d04de2e2c58e9d46948c39c1f56ac7c355931b9a28f62b8,16380,451.148793,True,361,531
8917.749656718266,b51ce471,852,-0.6235421880612813,762785845893210,0.0,True,True,b51ce471,1025,762785853655025,-20.387057387057386,12012.942002442003,-51.76446886446887,1023.7499999999999,762786297558669,443.903644,86baebbb8d740e66d3226efcad2f847af6eb287e7ef891d4e45a200a00350c56,16380,451.665459,True,396,519
7539.915566856154,6f35b059,853,-0.14384032012189354,762786300876206,3.0525030525030525e-05,True,True,6f35b059,1025,762786308731418,-21.735653235653235,10115.466910866911,-45.85970695970696,1023.7499999999999,762786752560840,443.829422,e4c5d02232c58cf8c495f614a8275b367f9a6dedee42287bb389827ad37649c5,16380,451.684634,True,372,510
7084.911485458309,7303b62f,854,0.25675785688546277,762786755316774,0.0004884004884004884,True,True,7303b62f,1025,762786762656561,-10.877533577533578,11286.46562881563,-63.90018315018315,1023.7499999999999,762787206567817,443.911256,74c8a320f729b413f781beb18f34ca6e405a5c88773d953f8fae4d62cc16d30b,16380,451.251043,True,341,439
15233.016571774446,5371b79f,855,-1.6178070689350554,762787209740139,0.001800976800976801,True,True,5371b79f,1025,762787216659751,-11.185103785103784,16384.640903540905,-32.03931623931624,1023.7499999999999,762787660441601,443.78185,e1d2788c3c3cfcbdfb48c1e1b6d38c89202ecfcb3e418fd109778fbfce571ca9,16380,450.701462,True,521,638
11425.10379407494,9c43cb8f,856,-0.6650612177671609,762787663996427,0.0,True,True,9c43cb8f,1025,762787671714489,-29.765445665445665,19004.91263736264,-81.81581196581196,1023.7499999999999,762788115439692,443.725203,30fa6d1accf39e6bd35b22f88de8cd0b426c7eeb4561a3cfe26e4661e665c71c,16380,451.443265,True,361,513
20554.690915106126,0de98373,857,-1.1238645987952258,762788119447104,0.002442002442002442,True,True,0de98373,1025,762788126683305,-8.616544566544567,20887.277594627594,-16.073015873015873,1023.7499999999999,762788570595359,443.912054,fa21859c24d5effe26c72a93b46d6083f9342f5a5512578890621f95045b6941,16380,451.148255,True,493,619
13278.854127159302,34df7546,858,-0.14454764739341477,762788574682401,0.0,True,True,34df7546,1025,762788581792363,-30.014468864468864,21909.374053724052,-87.91843711843711,1023.7499999999999,762789025605440,443.813077,9c33bcfaab4dd65da4d411e91fe4b8e7121443668d3e77e6339a0744907e9e1f,16380,450.923039,True,384,548
10333.023992241648,8c695445,859,0.13499369558154925,762789029084162,0.0,True,True,8c695445,1025,762789036667770,-17.07936507936508,16270.773992673992,-75.14017094017095,1023.7499999999999,762789480605130,443.93736,a38088e1cd7bd19380b3845122813ba08a1f44ff2cd75d5b5839660bb3a89fb7,16380,451.520968,True,345,495
13301.337140851958,9989588e,860,0.17569178841939737,762789484636287,0.0,True,True,9989588e,1025,762789491824156,-22.115689865689866,21077.939926739928,-85.36684981684982,1023.7499999999999,762789935612965,443.788809,317bdcfad78af006ec69bd0b895c02a7956c23d8c7c80adda1a547a91839c8a1,16380,450.976678,True,386,571
26879.140883753676,29bd6457,861,-8.880358328724075,762789938901787,0.000641025641025641,True,True,29bd6457,1025,762789946683129,-3.1443833943833943,26924.438522588523,-5.950671550671551,1023.7499999999999,762790390608455,443.925326,264faeb1d8997b11a5bcf00e1c48df99a01f0263900606db5389d94fef30c0cf,16380,451.706668,True,332,524
12267.717489046025,dead5949,862,0.2481668809350056,762790393624942,0.0,True,True,dead5949,1025,762790400718122,-22.87936507936508,19209.618559218557,-80.11514041514042,1023.7499999999999,762790844609342,443.89122,ea4cfa3a52dc2e0a2f5847c8fdb2769e840a3ec5fb3d113090cc58ebaa99b2e3,16380,450.9844,True,370,533
40750.80307782876,a3cd1cb1,863,-2.367107826609695,762790847666747,0.013553113553113554,True,True,a3cd1cb1,1025,762790854706807,-19.43717948717949,47246.82643467643,-78.21904761904761,1023.7499999999999,762791298625788,443.918981,41e0b904fb2763fbbd36da6b609b044fa57b2e6582fb3c3e2de7827934f6660b,16380,450.959041,True,529,760
35995.425721255415,2cd19455,864,17.750180072258846,762791301467545,0.008485958485958485,True,True,2cd19455,1025,762791308743110,-24.23046398046398,42537.39572649573,-77.16770451770452,1023.7499999999999,762791752643125,443.900015,6ac82b62f8213b86ae859a09be573e74d7989a5673f7778462ec454f036f6ce9,16380,451.17558,True,550,828
39091.282733097185,3b4dea5f,865,-2.106754309805029,762791757061534,0.01336996336996337,True,True,3b4dea5f,1025,762791764750592,-18.52802197802198,43520.37887667888,-63.92032967032967,1023.7499999999999,762792208654513,443.903921,398e7e88b624c4d07aff90aa57fe21df7e9e09cf412574c9889bf756043bb313,16380,451.592979,True,552,784
10239.467933492704,f3430c86,866,-0.17904095390384042,762792213296827,0.0,True,True,f3430c86,1025,762792220856650,-21.82887667887668,15203.282722832722,-66.98742368742369,1023.7499999999999,762792664624241,443.767591,f8fd0f25911751a1292692a4edf0a898109e5c4f29a9bd08369e70e05fecdf69,16380,451.327414,True,359,516
27188.72161111782,28d34cc7,867,-1.6695754770464308,762792667526653,0.003601953601953602,True,True,28d34cc7,1025,762792674929910,-4.1551282051282055,27254.722954822955,-6.981135531135531,1023.7499999999999,762793118656203,443.726293,1caf0d134de0124074cd43f66a0879e96bc342362f2181fe45d82ea15edab503,16380,451.12955,True,500,622
35203.203670633055,d7b3f40f,868,16.734770317003086,762793121749876,0.008485958485958485,True,True,d7b3f40f,1025,762793128906597,-18.346581196581198,39182.57905982906,-60.355433455433456,1023.7499999999999,762793572668405,443.761808,e9ac260e22346776d33a37d379098aa770a9073626d5dfb6c08a135fb8cc87ac,16380,450.918529,True,561,850
5344.077353315861,0044b775,869,-0.1506769323189023,762793575294474,0.0,True,True,0044b775,1025,762793582891978,-0.051770451770451774,10300.489316239316,-70.40177045177045,1023.7499999999999,762794026673203,443.781225,ba13b6a017fb9e14cfb5a9488dc7fa38a264e2fe45bb2589d0e0b51aa3c153bf,16380,451.378729,True,224,350
29550.771988905137,52808c21,870,-0.3741339699199171,762794030557793,0.005372405372405372,True,True,52808c21,1025,762794037832807,-9.45958485958486,31234.917094017095,-39.93321123321123,1023.7499999999999,762794481667081,443.834274,f0fa8fd0bff5889595fb136d60a6845570d1cb8852c5e779ec6934b9b156cce0,16380,451.109288,True,559,713
8067.029176260248,e77902e9,871,-0.49266702209208146,762794484980340,0.0,True,True,e77902e9,1025,762794492829981,-9.955128205128204,11112.237423687424,-54.278021978021975,1023.7499999999999,762794936675366,443.845385,b83b45f690ab76b96c63b8986093193a1a6ba052313154a7be4748bf0ac0e0a1,16380,451.695026,True,377,534
12619.46470029936,02eae2c5,872,0.12576740618384205,762794939576104,0.0,True,True,02eae2c5,1025,762794946839336,-15.013247863247864,21086.287484737484,-90.78229548229548,1023.7499999999999,762795390654412,443.815076,27639953b5ea5d006e28bf7a2ee9477ad4d48b48de9b315fe5b7f04f825303ab,16380,451.078308,True,336,529
11312.170592517305,226712b0,873,-0.09287837901363691,762795393690406,0.0011294261294261295,True,True,226712b0,1025,762795400811369,-17.86105006105006,14642.764896214896,-54.87783882783883,1023.7499999999999,762795844725732,443.914363,e5ddb7bff1f1308d7cabcfb2deb96705323b0cc97f0125273e2633a92577ebac,16380,451.035326,True,413,536
14268.16391190752,36348f02,874,-0.08376192551681172,762795847760042,0.00018315018315018315,True,True,36348f02,1025,762795855837585,-17.001404151404152,20263.13247863248,-75.53754578754578,1023.7499999999999,762796299672908,443.835323,fb8fcca0ddfce9eed1b837e69c5790336465dad1c2b029835a67f2010ec01f08,16380,451.912866,True,505,617
5936.068285540602,3ad3951b,875,-0.5147839690374314,762796302508643,0.0,True,True,3ad3951b,1025,762796309874398,-16.205738705738707,11635.973931623932,-73.7379120879121,1023.7499999999999,762796753720129,443.845731,e7f56bbe36a5c1590c79ec346c5d52406c6e87b3d0048cf79fca2d12cf296b11,16380,451.211486,True,276,416
16947.822117535157,126b3f50,876,0.11543397478226554,762796757790891,0.0005189255189255189,True,True,126b3f50,1025,762796765887339,-28.635042735042735,23543.80634920635,-76.0001221001221,1023.7499999999999,762797209718653,443.831314,e4bdcc6b4c0f12d9ec360e84a0ecc45df253005bfdb896b5b74f181260dc971d,16380,451.927762,True,541,651
8567.919062091416,f7787899,877,0.03480349139039225,762797212773753,0.0,True,True,f7787899,1025,762797220833982,-20.280158730158732,12708.132905982906,-61.064957264957265,1023.7499999999999,762797664738322,443.90434,f87c5af82e5c9b6fdf30c6f3a978034c59c433abc5ded00be6dbfde42288a206,16380,451.964569,True,361,511
43630.19698124593,4d358c4b,878,2.821408547288727,762797668845452,0.015384615384615385,True,True,4d358c4b,1025,762797676896074,-8.138522588522589,51582.891758241756,-88.8057387057387,1023.7499999999999,762798120711976,443.815902,dd148166f762e0ce9adaa8bbf0422d266d51bd8aa6fe3db04c92db9facbd465b,16380,451.866524,True,497,746
13576.361957597415,7d259654,879,-1.893389766520347,762798124391888,0.0,True,True,7d259654,1025,762798131853515,-28.7002442002442,21019.328815628814,-81.35885225885225,1023.7499999999999,762798575741833,443.888318,790d57c97e2a2c6c2f4ed4eea5da6a88c8904e96b73e952ac301140d87b5cbc5,16380,451.349945,True,406,590
13033.562931189352,f0faaff9,880,0.20747757330947958,762798580261424,0.0009462759462759463,True,True,f0faaff9,1025,762798587872594,-15.05958485958486,17395.024603174603,-64.30140415140416,1023.7499999999999,762799031775098,443.902504,9b12615f727f987a9d72eca6fae5c2fc05ac900d4bc77839d3785a70aa2ad0c9,16380,451.513674,True,446,588
7608.701844632441,05d7b666,881,-8.936340085134969,762799036289809,0.0,True,True,05d7b666,1025,762799043802723,-10.875702075702076,9817.789072039071,-45.72533577533577,1023.7499999999999,762799487761953,443.95923,e53ed2c81fd1f4b510926057a5c331cf3735cf63f6449d3aaa619c29d8c96eb7,16380,451.472144,True,405,487
13927.489999232217,93b524fb,882,-7.015451331708094,762799490349649,9.157509157509158e-05,True,True,93b524fb,1025,762799497761512,-20.94169719169719,18466.30463980464,-64.03327228327228,1023.7499999999999,762799941747892,443.98638,e57dcbeacefe89be42eb34c581b2a68694e5dbf921042f3bac917556851251e4,16380,451.398243,True,465,593
9750.750478229207,8ca248ea,883,-0.00998537626617818,762799945720338,0.0,True,True,8ca248ea,1025,762799953803771,-24.61001221001221,15133.297374847374,-69.11507936507937,1023.7499999999999,762800397779591,443.97582,088d2ea67a5a672a2857130875f46c45e5293db03e56f7b31eb037b4cebcaa0c,16380,452.059253,True,349,498
8678.722522918,c9d2d886,884,-0.6291841249919926,762800433133479,0.0,True,True,c9d2d886,1025,762800440838586,-10.535470085470086,12018.35177045177,-56.821062271062274,1023.7499999999999,762800884760663,443.922077,85a5959d10045dc14a664037aa56fcda44f662b374c85916a200b7a6d62a8b53,16380,451.627184,True,363,505
9936.723421606206,bca254b4,885,0.040367005997654956,762800888058973,0.0,True,True,bca254b4,1025,762800895774480,-16.04847374847375,14124.464590964591,-62.691208791208794,1023.7499999999999,762801339811474,444.036994,aca5c1890df5a8cf25d674e8d4e1f453fa0a190a4b634b61377969b87f08d88c,16380,451.752501,True,376,538
33577.79464427344,ce40ff10,886,-8.407919585759448,762801343387209,0.002380952380952381,True,True,ce40ff10,1025,762801350896767,-9.111172161172162,33891.72191697192,-15.195848595848595,1023.7499999999999,762801794823530,443.926763,3c8cb0c903b4ebd5cef5e5e4b1290746423fde3e5e09fa6cf7f42ac14f4f7e61,16380,451.436321,True,503,661
11989.386923136555,b28675f8,887,-0.02773532882742525,762801798292593,0.0,True,True,b28675f8,1025,762801805823641,-21.39108669108669,18283.55238095238,-76.397557997558,1023.7499999999999,762802249782255,443.958614,75c478a0ca074f1b5747c37f24a394b4f68cfd6645f7a8a8ea4aa90fa338ac87,16380,451.489662,True,363,523
14423.136409939607,2029274c,888,-0.03958169463125694,762802253783505,0.0007020757020757021,True,True,2029274c,1025,762802261900512,-19.985836385836386,19129.12655677656,-65.62435897435897,1023.7499999999999,762802705798649,443.898137,ac421a9ee88c546e7194402288285db7e187093391d9923616a4847821d913c0,16380,452.015144,True,444,570
7201.347794799489,8184c644,889,-0.06593530598931398,762802709186599,0.0,True,True,8184c644,1025,762802716792929,-16.11984126984127,11873.822405372406,-66.42759462759463,1023.7499999999999,762803160798129,444.0052,36fd27090f7a71153619f60e93165c13dc63819c6b6c5ecc198c7626339ab78a,16380,451.61153,True,351,471
8725.440565022414,3cb8eb06,890,0.40029728154697597,762803165459258,0.0,True,True,3cb8eb06,1025,762803172796549,-14.732051282051282,12946.12612942613,-63.274420024420024,1023.7499999999999,762803616819871,444.023322,40a8dce77fdc93e925845488f9123da106cbe0bea3fedfb6097d0ab93a5c8f15,16380,451.360613,True,367,515
12431.450675005703,7ea749d7,891,0.02195547410558434,762803619532523,0.0,True,True,7ea749d7,1025,762803626750058,-31.376190476190477,24276.495177045177,-104.21410256410256,1023.7499999999999,762804070819548,444.06949,e0bfaa6191ea2f62cacdc043dc94e02bc506d00e7429accd916bf72080332ece,16380,451.287025,True,322,507
12886.40886655232,9cf49b2b,892,0.18599346123867003,762804074049709,0.0,True,True,9cf49b2b,1025,762804081728877,-33.575152625152626,25138.17954822955,-105.47264957264957,1023.7499999999999,762804526042948,444.314071,148c506ae59738761674342c1cfdcdc82fbd543d352f8107c522fc5589d31ce3,16380,451.993239,True,349,523
4973.414541244944,4027ae02,893,0.715352014331198,762804529150457,0.0,True,True,4027ae02,1025,762804536726991,-24.633821733821733,11396.080586080587,-76.26166056166056,1023.7499999999999,762804980857413,444.130422,1fc5a66ecbca14a677b7c621ee44600fd2873f680258977b5a35ba3e6f205f92,16380,451.706956,True,216,341
13314.19987686747,9a90e80a,894,0.11118509700487457,762804985704233,0.0,True,True,9a90e80a,1025,762804993717704,-33.595299145299144,23036.473565323566,-92.7018315018315,1023.7499999999999,762805437834369,444.116665,b11854511c7e368ef2fed494527ec1be0008d837dc08e2b0cd5135155b72e9d7,16380,452.130136,True,373,539
10276.666921835797,66767744,895,-0.0730491430029443,762805441811273,0.0,True,True,66767744,1025,762805449722260,-16.303663003663004,15174.874297924298,-68.06172161172161,1023.7499999999999,762805893826129,444.103869,da7e63a30bb619da6700d2a1a4e16211afd03d9a5ce352cafebe5c1c2dc179e8,16380,452.014856,True,361,541
11925.189912323467,f1499427,896,0.034834782224532464,762805900340313,0.0,True,True,f1499427,1025,762805907762836,-24.833211233211234,22590.141514041516,-100.24102564102564,1023.7499999999999,762806351868990,444.106154,805ec9188922d627fd27d0a1f0133f5deaff9db581becb69852751857ed57f62,16380,451.528677,True,320,505
12588.014536246888,66317136,897,0.2078215096019867,762806354928038,0.0,True,True,66317136,1025,762806362722364,-26.932539682539684,22995.023137973138,-98.3953601953602,1023.7499999999999,762806806868562,444.146198,4ab785a074f377e1708bda65930a9e2cc3d3cbaf872236ddaffe9b52a78898e1,16380,451.940524,True,346,518
6832.08842021972,7d5d016f,898,0.010280164642937585,762806810620961,0.0,True,True,7d5d016f,1025,762806818667705,-23.183699633699632,10091.347496947497,-52.17063492063492,1023.7499999999999,762807262887882,444.220177,39bb0658b3a8feff62f72f92e2bbfed4a99ce52e21de6b065046af8f8cb95e8d,16380,452.266921,True,334,481
11255.599760328196,457f7fd0,899,-0.38132861252069883,762807266459359,0.0,True,True,457f7fd0,1025,762807273673989,-28.61941391941392,19914.021672771672,-88.54010989010989,1023.7499999999999,762807717882442,444.208453,216da3728e230f7b2a8462115c7678737ce4e1dce85b75273617be4a11d78d9a,16380,451.423083,True,355,524
14812.1257918096,4fe6ed56,900,0.4958671637617637,762808191247037,0.003021978021978022,True,True,4fe6ed56,1025,762808198681933,-13.651892551892551,17009.732234432235,-44.846764346764346,1023.7499999999999,762808642883632,444.201699,15fd15cfa3833a4d2d79dd80e9b2bf6e665be61ca68903e83f744fd08aad4c8a,16380,451.636595,True,471,573
9256.988292771195,6aa47596,901,-16.19366759739075,762808648110520,0.0004578754578754579,True,True,6aa47596,1025,762808655770362,-16.105006105006105,10441.659401709401,-30.418742368742368,1023.7499999999999,762809099935171,444.164809,a2eb3f2491cfc2970bcec8912ceab1423cda1dd0bf3856e9f979c636970c15c0,16380,451.824651,True,574,646
9569.43999364155,b4299bf6,902,-2.7918736374037207,762809103331727,0.0018925518925518926,True,True,b4299bf6,1025,762809110741495,-16.344993894993895,11278.126862026862,-37.967460317460315,1023.7499999999999,762809554895893,444.154398,305522b22b11e444fb7ae55f86356a81ca7c32eb7c30e99a00631fc2bce068b9,16380,451.564166,True,383,507
40906.42477603051,e29cc96a,903,-14.7065756172182,762809558284554,0.013675213675213675,True,True,e29cc96a,1025,762809565773032,-21.855982905982906,48223.63101343101,-82.70140415140415,1023.7499999999999,762810009930725,444.157693,9509e80324f1fcfa673b37cdf3035f66609d5a77139f66f8ecc285e773607d1c,16380,451.646171,True,527,765
10801.285806732949,6faa4693,904,-0.49328975734414005,762810013094921,0.0005494505494505495,True,True,6faa4693,1025,762810020729926,-18.913919413919412,14772.397191697191,-60.11135531135531,1023.7499999999999,762810464942111,444.212185,6ae39864adc2082733ea35134e722c9d3f72132558dd76cf1f30039616417be0,16380,451.84719,True,400,536
48776.95084641922,66c72f14,905,-14.594102573038295,762810467592455,0.017551892551892552,True,True,66c72f14,1025,762810475731023,-15.401770451770451,50579.76862026862,-39.56770451770452,1023.7499999999999,762810919940181,444.209158,4e23540496b96a93f97b7b843373c8ebae5841e5c7177614157177dba7a86d74,16380,452.347726,True,693,855
25316.527958796058,8cd4fa4e,906,-0.9131562428607767,762811067407915,0.0057997557997558,True,True,8cd4fa4e,1025,762811074725129,-7.716971916971917,27884.42600732601,-50.083394383394385,1023.7499999999999,762811518940708,444.215579,07d5e27b909ba015498162fa8ce0262c294441118c0d5dde998ebe1e97ff028b,16380,451.532793,True,535,655
14339.943220752248,cca15c25,907,16.17612738503147,762811522351961,0.0025030525030525033,True,True,cca15c25,1025,762811529082014,-14.764407814407814,17736.32283272283,-56.37722832722833,1023.7499999999999,762811973055655,443.973641,e0498a0866746fbd2d9a17e3563544b12bdddbf7cff82fcad2de98e3d2b872bf,16380,450.703694,True,455,557
9633.666231917927,15d1f516,908,0.12088075136035166,762811975793525,0.0,True,True,15d1f516,1025,762811983075672,-24.943345543345544,14590.338766788767,-65.83693528693529,1023.7499999999999,762812427084969,444.009297,412e7d73b59bca440889f003f4b2c81264e0dd4427b5c471f98bf794d7cf4e2a,16380,451.291444,True,370,530
4488.29535257342,5631fbff,909,0.3316781173294941,762812429949849,0.0,True,True,5631fbff,1025,762812437138770,-12.736752136752136,9777.08894993895,-71.60006105006104,1023.7499999999999,762812881043218,443.904448,6846671e19e70ef88ece164e1385586eabe7d1eb26209a56982273e493c94e4c,16380,451.093369,True,200,321
7085.704865738318,8ceb61b9,910,-0.21272257251473808,762812884373007,0.0,True,True,8ceb61b9,1025,762812891123198,-16.600976800976802,10024.090415140416,-51.60225885225885,1023.7499999999999,762813335027595,443.904397,090d26f63ddfeba5a84aa1ede21292d8ba0993b25e0112123dcb1103598e0f70,16380,450.654588,True,345,481
36052.20193138092,99e44175,911,-16.995796011182755,762813338317079,0.014072039072039072,True,True,99e44175,1025,762813345085323,-14.180647130647131,37958.21123321123,-41.29065934065934,1023.7499999999999,762813789046987,443.961664,c48f689eff0334537a701bbd20b0bc756545883feb3bb3df9596bf1affea2061,16380,450.729908,True,516,747
10576.92925651238,6d447ea1,912,12.965024474849784,762813791939460,0.0,True,True,6d447ea1,1025,762813799154419,-13.477411477411477,12920.348656898657,-46.49493284493285,1023.7499999999999,762814243055158,443.900739,6651bb1d4e92f0d7183fc32bf20836ee59ba39d2d8c9393318f4294362d34ded,16380,451.115698,True,478,577
31354.883046882565,9ad98f4e,913,-5.841318167863861,762814246498773,0.00173992673992674,True,True,9ad98f4e,1025,762814253117154,-4.253357753357753,31414.855067155066,-6.471550671550672,1023.7499999999999,762814697090909,443.973755,d039dac0817ac921bccc55bd732c8203f24011dec81d4fe2e68ea0dfef7d3fe0,16380,450.592136,True,484,686
12997.302522679463,23fce935,914,0.42821389145726424,762814701433244,3.0525030525030525e-05,True,True,23fce935,1025,762814708118863,-18.40030525030525,19130.5873015873,-76.12301587301587,1023.7499999999999,762815152088429,443.969566,93db7f22d475dd029cbaeb8b20cee19476f2c746e1e227f86d787313fd742170,16380,450.655185,True,452,671
11532.065018281475,fd4f2684,915,-3.4189460427875207,762815156341275,0.0026251526251526254,True,True,fd4f2684,1025,762815163205612,-9.304761904761905,11790.008974358974,-13.090659340659341,1023.7499999999999,762815607081299,443.875687,18884ce68c09c4837ddad97b38055ea90ccb93296912032c1107ebeaf4ce820d,16380,450.740024,True,459,572
16285.06050869833,5195318f,916,-7.093772676932525,762815610521528,0.0009462759462759463,True,True,5195318f,1025,762815618273574,-17.133760683760684,18167.39816849817,-39.85940170940171,1023.7499999999999,762816062082855,443.809281,0bb8518c546ebdd71aaa7c07bed27e7e55f3c3bb1be7886ff16631bc275c1b9a,16380,451.561327,True,614,689
10883.402482057692,08d56b8a,917,0.27137348192922744,762816065103931,3.0525030525030525e-05,True,True,08d56b8a,1025,762816072231856,-17.883272283272284,18471.629975579977,-85.2550061050061,1023.7499999999999,762816516107872,443.876016,a9e0f711fdf99ffd9a87036d9d7443de77ba915ec719b7dc6b0071641d9ca310,16380,451.003941,True,342,503
11926.416384189004,061c8f13,918,-0.04839009715788148,762816518821947,0.0,True,True,061c8f13,1025,762816526179507,-25.084065934065933,18549.779975579975,-77.42191697191697,1023.7499999999999,762816970104134,443.924627,af9b6701660d4594913de3a879da748dfe85093de250242db9f9324726cadcab,16380,451.282187,True,365,526
22690.6601757966,ff32078e,919,-0.6301840716994295,762816974039199,0.003785103785103785,True,True,ff32078e,1025,762816981159339,-14.256532356532357,26079.711904761905,-56.44291819291819,1023.7499999999999,762817425109414,443.950075,f0ca124e8f9db9c8f341faf5ba44a8ce639841aff2a4a3e2211b756bfc7f0150,16380,451.070215,True,600,766
12256.083218236452,ffe05dd2,920,-0.38328954403145993,762817428052612,0.0,True,True,ffe05dd2,1025,762817435596434,-29.386141636141637,21837.076984126983,-93.36727716727717,1023.7499999999999,762817879222044,443.62561,e347c12ce28f0ec4923bcdd416ccd933a8fe6d2b746bc80bd777d96cc34d62cc,16380,451.169432,True,329,526
29935.424342500533,3c3c42dd,921,-0.6218814195001253,762817882779775,0.007142857142857143,True,True,3c3c42dd,1025,762817890227054,-22.096214896214896,33630.29621489622,-56.627106227106225,1023.7499999999999,762818334131040,443.903986,f6be1a9fa76103821a4bf1a55e946956eba8aa925e2120199f178fff073cb32d,16380,451.351265,True,555,697
28003.44644175049,2985e3cb,922,-2.460066869852348,762818339218355,0.00402930402930403,True,True,2985e3cb,1025,762818346191848,-7.71996336996337,28397.53443223443,-18.28907203907204,1023.7499999999999,762818790126080,443.934232,1aea8c3cbc8159a1c45a963998d75c709daf41e4e0cdec7f3073a31f319b7121,16380,450.907725,True,610,759
6014.319024913493,2c20e534,923,0.44233293305707944,762818793302389,0.0001221001221001221,True,True,2c20e534,1025,762818800187434,-8.532722832722833,6926.441758241758,-28.97094017094017,1023.7499999999999,762819244148156,443.960722,92b5d7aa40121fe6929189c7fb1a700b56dc6003730f92945bd44a780f8875f5,16380,450.845767,True,431,541
14899.78377837635,a20e029c,924,-1.2972661594110224,762819247291613,0.0013125763125763127,True,True,a20e029c,1025,762819254222024,-23.363431013431015,19641.224725274726,-64.77338217338217,1023.7499999999999,762819698161093,443.939069,c6a06cc56948d0bc7998ca678d4865fd9f95df5e61889920c58d2af206786748,16380,450.86948,True,499,613
3.569107815600489,3771a638,925,-0.385329762652066,762819703123982,0.0,True,True,3771a638,1025,762819710285100,-2.077655677655678,13.475030525030524,-2.364163614163614,1023.7499999999999,762820154036053,443.750953,67a0504542d8e91bfc0c1e57fe202ee00d0e8fc0b5631050a0d293718f6728f7,16380,450.912071,True,7,10
33585.837127434366,854f6d88,926,-5.915599152995879,762820156982167,0.0035714285714285713,True,True,854f6d88,1025,762820164231331,-4.318376068376068,33620.657387057385,-4.021428571428571,1023.7499999999999,762820608174586,443.943255,9c282e7581a4eabb629a3aa33fd1df94f79b25985b7d808605b727dd80fb9203,16380,451.192419,True,386,590
8950.327919385594,45303847,927,-0.8892810040835558,762820612835724,0.0,True,True,45303847,1025,762820620220836,-10.165750915750916,13857.47203907204,-69.30946275946276,1023.7499999999999,762821064153440,443.932604,78c7da6a1bfb741018c2740794ba7bea819fa241a479afb3228017c864eb80f7,16380,451.317716,True,337,504
6631.8676498782725,a92b7625,928,-0.36114210363626614,762821069280189,0.0,True,True,a92b7625,1025,762821076274081,-11.551770451770452,9303.711355311356,-50.38253968253968,1023.7499999999999,762821520159905,443.885824,f5da6fec39385be747d891ed9cebdd2672adb77cea4a3da2a84e3e72b6b29cd6,16380,450.879716,True,366,518
5066.978829031503,b3ad4f31,929,0.013578876068190606,762821523699902,0.0,True,True,b3ad4f31,1025,762821531258983,-11.571550671550671,6929.520146520146,-41.57692307692308,1023.7499999999999,762821975182238,443.923255,9052b73e4101e349eccded20cbff7b8f12406dd6e7a761e7e364cf3ecb01c254,16380,451.482336,True,333,463
9902.571403040725,aec70c29,930,0.11117910564213136,762821978267264,0.0,True,True,aec70c29,1025,762821985366856,-29.15,15617.731135531136,-69.7526862026862,1023.7499999999999,762822429168750,443.801894,68b8408f55f12976badb2732444514d0cd712d4c803b65215e22aa84281f7838,16380,450.901486,True,345,491
12674.711996176731,5452e423,931,-0.22717580809786841,762822432803526,0.001800976800976801,True,True,5452e423,1025,762822440283297,-11.234920634920634,14171.413125763125,-37.01996336996337,1023.7499999999999,762822884223552,443.940255,25894289908e29a3f98c098a80100bae3cad50aad73536c939d2b3fc00f37873,16380,451.420026,True,528,647
22226.49830924502,64ef46a9,932,4.684364069796267,762822887782024,0.00231990231990232,True,True,64ef46a9,1025,762822895460581,-8.662454212454213,23312.74536019536,-31.7995115995116,1023.7499999999999,762823339172673,443.712092,7367941eb9936ed9cb2df8c072adf0554e705cba5b6ea806ecb8780220663a85,16380,451.390649,True,648,772
6214.212051815029,e54bfeb5,933,0.08580791617520832,762823342269522,0.0,True,True,e54bfeb5,1025,762823349370316,-11.358241758241759,8951.506288156288,-51.07136752136752,1023.7499999999999,762823793212854,443.842538,135b500a766489d2b5c2de1da0621db399f2b2ebf6b27f5ccb0272879cad2215,16380,450.943332,True,335,462
11049.10174478689,b964f34f,934,0.3729957380726725,762823797655639,0.0,True,True,b964f34f,1025,762823805384671,-27.196520146520147,21891.640903540905,-100.51312576312576,1023.7499999999999,762824249219404,443.834733,83e3ba5879687e75715e1ac7a4d6e56efeb6eb870718dccbd85d0c9927818f7d,16380,451.563765,True,318,482
25705.853304064338,df5ca233,935,-7.301438823116518,762824253189184,0.0,True,True,df5ca233,1025,762824260401729,-4.058302808302808,25737.36123321123,-3.877899877899878,1023.7499999999999,762824704210601,443.808872,ee1b4f0e18790c9ed9f4819f6222b2de3869c6d9e8a28c8196891028757d354c,16380,451.021417,True,241,392
12293.217318322024,d1d0c1dd,936,0.3525365502287045,762824707970494,0.0,True,True,d1d0c1dd,1025,762824715346238,-24.8506105006105,22609.01562881563,-98.47967032967033,1023.7499999999999,762825159227177,443.880939,f1314c37301832048a9d1915b0b96176e12d7e4751b0df48cb7aa58afd72555f,16380,451.256683,True,336,518
15312.301658768922,5d8330c8,937,-0.3769963514526984,762825161892459,0.0011294261294261295,True,True,5d8330c8,1025,762825169354215,-5.534981684981685,15706.275274725274,-19.061416361416363,1023.7499999999999,762825613288844,443.934629,9173998c496a2441972d861da1bc499319559695448b1d5586b912e6a6975b9c,16380,451.396385,True,513,636
27930.573341436066,0dfa9dc8,938,-8.578693345402526,762825618026947,0.0014346764346764348,True,True,0dfa9dc8,1025,762825625449089,-5.7083638583638585,28005.13064713065,-6.478571428571429,1023.7499999999999,762826069266505,443.817416,ba567779141ef174325e1fab9c323eb47b8cda4ead8d2a6799847fd5da20a165,16380,451.239558,True,381,548
7640.043567362295,337f947b,939,-0.33153265842425894,762826072936879,0.0,True,True,337f947b,1025,762826080429494,-9.383943833943833,10772.015445665445,-55.171672771672775,1023.7499999999999,762826526836929,446.407435,99764a7ff455b557c7c5e3cc7a7730678dfdc2c333458a685ccd60e17465969c,16380,453.90005,True,366,507
29647.095864603787,26e27366,940,-7.858263584136029,762826531621330,0.0015873015873015873,True,True,26e27366,1025,762826539475679,-5.594261294261294,29714.834737484736,-6.036813186813187,1023.7499999999999,762826983306499,443.83082,f6a330d161a58d60332b0669b40e08cb2324e7c86feaeaf002c73c907c479e9e,16380,451.685169,True,408,630
11480.946506039409,899ed3a1,941,-0.3277644964287199,762826988181090,0.0,True,True,899ed3a1,1025,762826995498985,-20.877716727716727,16937.439133089134,-70.85628815628816,1023.7499999999999,762827439248059,443.749074,784a628f298a8d46bb11cf6fd3fd68aef8502914d0a382e5e8c1564ef55a480f,16380,451.066969,True,373,528
6001.806396477285,e7d03620,942,-0.29977307902077843,762827443860324,0.0,True,True,e7d03620,1025,762827451520636,-0.45244200244200244,11745.985286935287,-75.78901098901099,1023.7499999999999,762827895251295,443.730659,fd07e561dc1281b2f965b0e341490497f1b800f9045d92446044f782cc1a4d05,16380,451.390971,True,238,360
8294.347113543421,8816986a,943,-0.24503685615223506,762827898019141,0.0,True,True,8816986a,1025,762827905553615,-23.266361416361416,14137.253052503052,-72.8119658119658,1023.7499999999999,762828349276518,443.722903,51171dda1ae561cd6c2029d772cd3772d72f7f406af612a306f2e661a73ce4c4,16380,451.257377,True,318,459
12212.383007580196,b6a4bb79,944,0.12609216818286645,762828353587303,0.0,True,True,b6a4bb79,1025,762828361408739,-18.30030525030525,19156.23962148962,-81.2954822954823,1023.7499999999999,762828805265244,443.856505,b27e55d784a88bac9ee8e04828e91308e36478157abb5894d926590f61466be7,16380,451.677941,True,383,540
9295.711121576835,2c38779c,945,0.30351777958288384,762828808789291,0.0,True,True,2c38779c,1025,762828816399929,-13.096703296703296,14217.42332112332,-68.92161172161173,1023.7499999999999,762829260284796,443.884867,17ae9bd327e45b75783ffe604f51b9e72f6efa077bae9e71b6fac2078cc287b5,16380,451.495505,True,349,508
37128.728537731775,7fd9cfbf,946,-5.342347777182738,762829263401492,0.003235653235653236,True,True,7fd9cfbf,1025,762829271406046,-5.7164224664224665,37190.61483516484,-5.404517704517705,1023.7499999999999,762829715282916,443.87687,c84b9040ed549b740556d77258a157150e7d9438e5eff0f44c3b2fc6f239a8bb,16380,451.881424,True,468,712
24153.770840280667,93420502,947,1.5179808531229877,762829720538048,0.0037545787545787547,True,True,93420502,1025,762829728395082,-13.874297924297924,25908.350244200243,-39.52319902319903,1023.7499999999999,762830172267114,443.872032,e89cf93e5f59f50e916824b3ecb7c1a79c56aeef3935463c076a945d8088e450,16380,451.729066,True,628,726
40846.19381965782,c4753259,948,3.2747035502754134,762830175440257,0.0052197802197802195,True,True,c4753259,1025,762830183473554,-15.743162393162393,41918.52313797314,-28.713797313797315,1023.7499999999999,762830627366994,443.89344,9983fe3bcd357c0bea25f6219d06e4b07030c11e238f972703751f35ef38458c,16380,451.926737,True,656,842
34435.06330273748,c57eba01,949,19.675491101840116,762830632378445,0.007905982905982906,True,True,c57eba01,1025,762830640500711,-24.852014652014653,40761.06037851038,-75.5537851037851,1023.7499999999999,762831084297899,443.797188,e6cbc821b6facd9323e2fecfd828f7f6f9bc4f4bc0e62c911e712276dcde1fb4,16380,451.919454,True,548,822
62160.31616191162,3f796083,950,4.276521699850003,762831087227772,0.013431013431013432,True,True,3f796083,1025,762831094452940,-3.9540903540903543,62231.56361416361,-7.4573870573870575,1023.7499999999999,762831538307836,443.854896,0f010f5ce55f158663e2ad41142fc884c1818a33e342c6f2ff66a46f49f6ca9e,16380,451.080064,True,642,934
49367.37352831709,0057931f,951,2.241983891712128,762831541450321,0.0038156288156288155,True,True,0057931f,1025,762831549418836,-4.212759462759463,49412.50225885226,-5.232722832722833,1023.7499999999999,762831993350136,443.9313,21203890e380be7d3ec3c233f836be2a4e3773d670943fcdc25d0af563db9ab7,16380,451.899815,True,563,887
15330.337012639377,2f919ed6,952,-1.8315805019554265,762831997519693,0.002380952380952381,True,True,2f919ed6,1025,762832005371277,-16.85805860805861,18538.706105006106,-54.075641025641026,1023.7499999999999,762832449306764,443.935487,c181e29e06ebf3aed69814340922cb08f44f9d2dc692130e0ccf9263eeba2854,16380,451.787071,True,465,592
64250.922039679564,9ea5964a,953,2.23978650812847,762832452291831,0.0019230769230769232,True,True,9ea5964a,1025,762832459353280,-4.8628815628815625,64296.7532967033,-4.70995115995116,1023.7499999999999,762832903385278,444.031998,57cff32a741a216a993d8a4a47e36fa350e942c80fe92c23b5f3697dc915951d,16380,451.093447,True,595,980
57759.94430565805,753c5a5e,954,5.2137760025992375,762832909566892,0.001282051282051282,True,True,753c5a5e,1025,762832917395382,-6.366849816849816,57811.811416361415,-3.366056166056166,1023.7499999999999,762833361348340,443.952958,600123ae2d96966b6d72f0adfe538c984feca3d84cec12bbdfdbac782c3f51a6,16380,451.781448,True,600,946
19007.726065759634,bcb73901,955,0.9513077019098014,762833365215145,0.002197802197802198,True,True,bcb73901,1025,762833372518652,-7.822893772893773,20737.436752136753,-40.8474358974359,1023.7499999999999,762833816386618,443.867966,25243e58859e5b3ae9d0179ce6d9cec9a23b09c753aa4cbf88637c402209c366,16380,451.171473,True,549,679
7987.5574021149105,b29c96eb,956,0.38664898216554777,762833820804556,0.0,True,True,b29c96eb,1025,762833828342756,-14.952258852258852,10714.82844932845,-50.03699633699634,1023.7499999999999,762834272356518,444.013762,fed3edda8a754563fa21936ca87ae14d10d0151a2cbd3b9435242bd5693ffce3,16380,451.551962,True,352,500
9925.826438314094,7073dffe,957,-0.12288105558826624,762834275565589,0.0,True,True,7073dffe,1025,762834283501983,-18.98229548229548,14761.682295482295,-66.8993894993895,1023.7499999999999,762834727362462,443.860479,ce897457b1d7a94031247795798e43fb6f0d031eaa5682f1100beb653dd7c896,16380,451.796873,True,363,522
7146.037006318197,ffacd193,958,0.11654262111503927,762834731016786,0.00057997557997558,True,True,ffacd193,1025,762834738895150,-14.263064713064713,12927.510012210012,-74.68626373626374,1023.7499999999999,762835182413863,443.518713,4302df59deb300edb589744f6e61e5b626cec0c0d2d3c0839c02a691eab7d47e,16380,451.397077,True,306,442
13217.233134689553,bb6fddd2,959,-0.3024870182787961,762835186105898,0.0,True,True,bb6fddd2,1025,762835193340554,-13.107997557997559,19661.789438339438,-79.2006105006105,1023.7499999999999,762835637442729,444.102175,e630754e15587d90eb91546dd5ca46fa494e1970c5a131f34686421304d2a7b0,16380,451.336831,True,360,548
11313.223943904759,d106b542,960,-0.4874457296697775,762835643585149,0.0005189255189255189,True,True,d106b542,1025,762835651366770,-13.725152625152624,14160.466727716728,-51.56416361416361,1023.7499999999999,762836095383143,444.016373,1ab75291dc507c417029bb0fd31f7f5eab673b8f76a1eb93d10b9a0d7788caf7,16380,451.797994,True,407,524
40072.3609076519,25415927,961,-0.3863185889602608,762836099561778,0.014987789987789988,True,True,25415927,1025,762836107317741,-19.498351648351647,45662.51312576313,-72.18009768009767,1023.7499999999999,762836551436355,444.118614,8470b5115dec5735f45d74a6ec2b6457bf858492840be5aa51876f892fa66881,16380,451.874577,True,495,708
35860.914785143286,6d7cd1ae,962,-0.5287847693791997,762836556924267,0.01282051282051282,True,True,6d7cd1ae,1025,762836564309849,-15.854639804639804,37898.14658119658,-42.25946275946276,1023.7499999999999,762837008404908,444.095059,ad8864520636a34606488c19678057f3c0ef3b72aebd67fb577649d1d63ed667,16380,451.480641,True,527,729
19768.83250731259,c9ad542e,963,-0.25862579436011446,762837012132140,0.0004884004884004884,True,True,c9ad542e,1025,762837019308466,-27.96098901098901,27887.732783882784,-85.65677655677656,1023.7499999999999,762837463463507,444.155041,e6add2f9519f0b1c3f51463132121fac99280b1685496913c85a32469da5d9a4,16380,451.331367,True,537,774
14836.152051278326,39c950e5,964,-8.14041434637563,762837469006363,0.0003663003663003663,True,True,39c950e5,1025,762837476332122,-14.813369963369963,18364.801404151403,-57.52576312576313,1023.7499999999999,762837920466874,444.134752,4a431bd5fd104586e5e56a5f615cbc05b81238d5fd8fddaa583d38104d0b7c5f,16380,451.460511,True,593,712
10016.12698692977,dcc1afb3,965,0.014157232698884904,762837925148161,0.0,True,True,dcc1afb3,1025,762837932463970,-17.653724053724055,14624.415384615384,-65.54871794871795,1023.7499999999999,762838376422840,443.95887,31711e6be2a5eec86d343036d8c107c11268f1c29801f96ca05fcc552bcbbc5b,16380,451.274679,True,374,532
8097.009965949123,8ddf4cd7,966,-0.07126480276540825,762838380635729,0.0,True,True,8ddf4cd7,1025,762838388278798,-14.032600732600732,11772.791819291819,-58.98192918192918,1023.7499999999999,762838832474845,444.196047,90e6f63d87089d40002778cdd86c9babb2c2bb94ae7e0f4263785228f9e8e451,16380,451.839116,True,336,478
15143.378594573926,52341a70,967,-0.5339685493631008,762838836470113,0.0009157509157509158,True,True,52341a70,1025,762838844433217,-19.918498168498168,21198.278266178266,-75.22069597069597,1023.7499999999999,762839288441839,444.008622,04a812f01473cd99169532fcc6373d8757c1702998bd7cd0a99eff9f5d58e930,16380,451.971726,True,497,612
16852.600120888812,ec3c258d,968,0.20040042265056873,762839291208383,0.0013736263736263737,True,True,ec3c258d,1025,762839299244525,-20.896214896214897,22670.387973137975,-73.35622710622711,1023.7499999999999,762839743439087,444.194562,f5ed0d501b53d97189c53101612e5b6be0664b52c085b1a1bb8d287082209e30,16380,452.230704,True,507,630
29693.681993847284,28a40803,969,-4.722876046289028,762839747402605,0.0034493284493284492,True,True,28a40803,1025,762839755284255,-4.344261294261294,29810.969963369964,-9.92045177045177,1023.7499999999999,762840199445674,444.161419,a15ec5ca91a8ef0ca26ebb67a8b77348aa4695bb8d590cba63c4c50a3b53ea82,16380,452.043069,True,579,750
11806.18362729795,72c40faa,970,0.30357611134226276,762840202118410,0.0,True,True,72c40faa,1025,762840209270971,-16.24102564102564,18814.17435897436,-82.12319902319902,1023.7499999999999,762840653448789,444.177818,8fa3a47d11ccabe51096f31c6d2a886ef33da7caa9097a1eda6771373e8fd724,16380,451.330379,True,362,534
10348.293304880575,f2cf8a63,971,-0.5035061166386394,762840656567289,0.0,True,True,f2cf8a63,1025,762840664263799,-12.764774114774115,15022.503663003663,-67.16599511599512,1023.7499999999999,762841108473628,444.209829,f801d50e1ea990eaf84228fa44ba1674cc7b7d257419ae3283eecc3d77d9122d,16380,451.906339,True,364,538
11367.622484275324,1ae881bd,972,-0.5789534559573827,762841112914078,0.0,True,True,1ae881bd,1025,762841120296494,-6.794810744810745,18178.13137973138,-82.24560439560439,1023.7499999999999,762841564491473,444.194979,05acc179a184fff4dd5066462c8ed555bfed62aa0c26fe1de5e1968c63dc1a2e,16380,451.577395,True,354,502
5774.529584419785,fdac7eb9,973,0.63270894758674,762841568734349,0.0,True,True,fdac7eb9,1025,762841576257872,-10.983455433455433,7633.42967032967,-41.69249084249084,1023.7499999999999,762842020524115,444.266243,d673425e2493de0b8bd7135467de7cea07779abcd5d9744b96e3290fee8a36e9,16380,451.789766,True,345,470
12209.967145044955,c82027b1,974,-0.4106756636740626,762842026943319,0.0,True,True,c82027b1,1025,762842034429491,-10.073382173382173,18767.680402930404,-80.3507326007326,1023.7499999999999,762842478540930,444.111439,11b84457c7852a1a8ec40bcb309443090292416bc170cdb0ed157943b5a63bd1,16380,451.597611,True,368,541
7500.505804224605,2661edf4,975,-0.0453437711171576,762842484527636,0.00030525030525030525,True,True,2661edf4,1025,762842492347098,-8.282600732600732,9022.122527472528,-38.11843711843712,1023.7499999999999,762842936522237,444.175139,3d3a7358c12d8f1d779ffd48c1ff78d84e5af8004231bbfbfcea21bf8827f15c,16380,451.994601,True,441,558
4951.9642292783865,9aa2108c,976,-0.4652791387843317,762842940721772,0.0,True,True,9aa2108c,1025,762842948353850,-2.054395604395604,7146.796214896215,-46.80396825396826,1023.7499999999999,762843392512236,444.158386,4912010cd35223623b27a851e8e9a6b1ba22f3305632800da164f429f777e9f3,16380,451.790464,True,342,456
5627.727102969612,a596cfa1,977,0.1886578580690143,762843395900095,0.0,True,True,a596cfa1,1025,762843403332325,-4.741575091575092,11618.52673992674,-77.254884004884,1023.7499999999999,762843847524975,444.19265,3bc50ef74b7c94ec182c235b04d7d003fff914c215edf970fcdcebfd62365d29,16380,451.62488,True,236,367
10837.379384452881,da91b6e5,978,0.502743367983038,762843852094951,3.0525030525030525e-05,True,True,da91b6e5,1025,762843859352430,-17.083089133089132,16433.025396825396,-72.82728937728938,1023.7499999999999,762844302659504,443.307074,12f8709155f88270aa2c154a3279718b118953d4e1529fbabc134a6e4aa7d14b,16380,450.564553,True,359,508
10579.37947848414,75b53e9d,979,-0.5257885569790621,762844305544282,0.0,True,True,75b53e9d,1025,762844312662077,-11.466239316239315,16270.950854700855,-74.56605616605617,1023.7499999999999,762844756577240,443.915163,9110cfd8f0a95cef2efee2ca6076fe56ab88046d42d662033048311c8c086440,16380,451.032958,True,357,521
32713.392325806064,bc93667b,980,-7.775914906996919,762844760228778,0.0028998778998779,True,True,bc93667b,1025,762844767719248,-5.987545787545788,32793.79987789988,-6.675091575091575,1023.7499999999999,762845211615566,443.896318,6c428959749dae419b222da13b892b66cc19f25c5b1cb1efd7683802809724b9,16380,451.386788,True,393,603
13138.09154400375,b8995881,981,-3.0643469473715363,762845214774261,0.0028998778998779,True,True,b8995881,1025,762845221765857,-7.316483516483516,14624.808852258851,-37.85744810744811,1023.7499999999999,762845665629882,443.864025,a6501065b77d40d1ac1a72bd6f04bdbcdab9c9d71d6a45e5cfc126e36ea16ce5,16380,450.855621,True,514,630
9794.302238304703,634ced9d,982,-0.006928310370678883,762845669587549,0.0,True,True,634ced9d,1025,762845676736483,-5.569474969474969,16515.892124542126,-81.79590964590965,1023.7499999999999,762846120625084,443.888601,11e603f8dc2e5944e7d6cedfa4d56a1c085ac802e6a5faae7ac66d95e818bd6f,16380,451.037535,True,342,479
9909.312428920286,82a26fce,983,-0.13353065610232634,762846125069422,0.0,True,True,82a26fce,1025,762846131688293,-5.138278388278389,16107.082905982907,-78.5580586080586,1023.7499999999999,762846575644530,443.956237,078564db323824b0d5da0d4f59ba6d08fb8a95254dc64ecd32b55dbcbd5a37ae,16380,450.575108,True,336,490
