ac_power_codes_squared,actual_crc32,capture_index,channel_to_background_db,command_start_ns,component_endpoint_fraction,crc_and_count_valid,crc_ok,expected_crc32,firmware_capture_us,header_received_ns,mean_i,mean_power_codes_squared,mean_q,nominal_rf_window_us,payload_received_ns,payload_transfer_ms,private_payload_sha256,returned_samples,round_trip_ms,sample_count_ok,unique_i_codes,unique_q_codes
82.26306226808059,1e4d98a8,0,-9.029964064781673,761598195587518,0.0,True,True,1e4d98a8,1033,761598203424424,-3.0225885225885225,91.51086691086691,-0.3343101343101343,1023.7499999999999,761598647648384,444.22396,ac9c89526aaae24087964342788513065d0ff0e56b1ce86af0d577e95780a727,16380,452.060866,True,37,56
82.3290954565039,3baa0bbe,1,-8.712654800597827,761598677659371,0.0,True,True,3baa0bbe,1025,761598684758824,-2.0605006105006103,88.2482905982906,-1.2936507936507937,1023.7499999999999,761599128667950,443.909126,45c8d880db4a8ca7062199c79e5078b33b5da388dc1cfc422d6bb853dc9bb400,16380,451.008579,True,37,56
84.892439494097,3b89adf6,2,-9.93284823913519,761599132174069,0.0,True,True,3b89adf6,1025,761599138745876,-3.3054945054945053,96.93925518925519,-1.0585470085470086,1023.7499999999999,761599582659891,443.914015,b433ff67b7f6ca39c02ced04d1f80fc80422a0f9b978d92739304f8769e83442,16380,450.485822,True,33,54
66437.90852677407,653b2508,3,-6.046864332890372,761599586034141,0.012881562881562881,True,True,653b2508,1025,761599592729591,-2.886019536019536,66450.73058608058,-2.1196581196581197,1023.7499999999999,761600036672501,443.94291,9b38d5097255098e4cd571261d2bfe83155eceb048ce74c7867637fd8997f32f,16380,450.63836,True,581,993
63939.1144949915,3c5552b9,4,-6.34181369416333,761600040536316,0.017612942612942613,True,True,3c5552b9,1024,761600047775332,-1.9690476190476192,63945.45738705739,-1.5702686202686202,1023.7499999999999,761600491681983,443.906651,6b464327265dac11a2864efa7d5741b7a827300d240d438d2bc1fc2adb0a1267,16380,451.145667,True,569,925
81.73476614621303,58c40388,5,-8.814099861451455,761600496385783,0.0,True,True,58c40388,1025,761600503764674,-2.6940781440781443,89.84297924297924,-0.9220390720390721,1023.7499999999999,761600947708165,443.943491,1ea4d92a12b34411f850a596018da89534ee3b6042789933474fa31ed6f3110b,16380,451.322382,True,38,54
77.92517230056606,4713f958,6,-8.271189641734978,761600951559135,0.0,True,True,4713f958,1025,761600958793473,-2.4105616605616604,83.91373626373627,-0.4216117216117216,1023.7499999999999,761601402709882,443.916409,62b21277626d4f7dc4488ff98003884df710dbba3c77066c4e3ee1adacb14a89,16380,451.150747,True,35,58
71.62667429978785,40b3436f,7,-6.78285243043819,761601407923715,0.0,True,True,40b3436f,1025,761601414845593,-3.013919413919414,81.18192918192918,-0.6866910866910867,1023.7499999999999,761601858686801,443.841208,5cef3d4fe4995d779135b90b45438b2e87ed9a2f044f6aa3bbbd4d661e672452,16380,450.763086,True,36,53
80.821168698687,a741c8a5,8,-9.241760676641414,761601862230591,0.0,True,True,a741c8a5,1025,761601869748033,-3.485103785103785,94.92387057387057,-1.3988400488400488,1023.7499999999999,761602313690933,443.9429,5f0ca5b46d1c33b60e2a0646b2c4a29b375a0238414902690060613d742dbf3a,16380,451.460342,True,35,55
76.37508769889723,bc0b5dc4,9,-9.401870869441582,761602317889379,0.0,True,True,bc0b5dc4,1025,761602324803462,-3.297313797313797,90.0968253968254,-1.688034188034188,1023.7499999999999,761602768683654,443.880192,31920e4861001361d1781f76dcd40c8d12d7bfa08b2b274e1d45f7ee73948fb3,16380,450.794275,True,34,54
73.93033404595677,97e4bba6,10,-7.516338338121024,761602772712750,0.0,True,True,97e4bba6,1025,761602779780954,-2.6257020757020757,83.15763125763125,-1.5274114774114773,1023.7499999999999,761603223704908,443.923954,8525f036936ba4029d231f421f7b5722cbb7a803ab2c7ff36a2637b2bfc4c75d,16380,450.992158,True,34,53
76.02392006989078,54f233f0,11,-7.800788137060667,761603227246704,0.0,True,True,54f233f0,1025,761603234807127,-2.093040293040293,80.4064713064713,0.041636141636141634,1023.7499999999999,761603678700783,443.893656,1d32e329ec2c9ef99e9ef870daf098ae211a46711fdfe523cca76394f784bb9b,16380,451.454079,True,35,54
71.83927559890931,71d434f9,12,-8.632414528232328,761603681850409,0.0,True,True,71d434f9,1025,761603688811320,-2.8603174603174604,81.55054945054945,-1.236874236874237,1023.7499999999999,761604132737289,443.925969,9648edd647670f02320afcdffb7626c90fef45fafed04cec133550711b5cae5d,16380,450.88688,True,35,52
75.79691317771903,36c03bdc,13,-7.880241192286528,761604135849133,0.0,True,True,36c03bdc,1025,761604142888433,-3.137851037851038,88.62844932844934,-1.727838827838828,1023.7499999999999,761604586731695,443.843262,8fd197c89d20245e0ae00cb197e6da38f54d8e5db937cbc541826712f3362fc8,16380,450.882562,True,35,54
36407.168656041424,61d1757d,14,-7.936025866248397,761604591197626,0.0025030525030525033,True,True,61d1757d,1025,761604598875371,-2.7233821733821735,36414.63785103785,-0.22887667887667887,1023.7499999999999,761605042723953,443.848582,2c4c62f3561ce82ceb2e15d6e52dfa4e49f68999f41ac8e7244c2935e8227907,16380,451.526327,True,581,970
66.44843387957857,d11b5b30,15,-6.483686980011346,761605045471851,0.0,True,True,d11b5b30,1025,761605052803402,-3.55030525030525,81.56855921855922,-1.586019536019536,1023.7499999999999,761605496728158,443.924756,4bb4a551909aa15205867c1438937251450e91d2b0d485a455119aa7a9aa853b,16380,451.256307,True,33,53
81991.42921385934,01698e58,16,-12.175509635212107,761605499661987,0.013644688644688645,True,True,01698e58,1025,761605506784142,-3.9296092796092794,82008.24242979243,-1.1710622710622711,1023.7499999999999,761605950752601,443.968459,6662a6bd9ae2ca64afe2b7dec53e953b0c7e3f4bc609342929829c4aca4d7930,16380,451.090614,True,584,989
67.01536542822258,ae5ae4b6,17,-6.007808320505324,761605953901636,0.0,True,True,ae5ae4b6,1025,761605960886663,-3.5355311355311354,81.27655677655677,-1.327106227106227,1023.7499999999999,761606404762677,443.876014,a96c1ea7e304fb9c557c50d64b81f138be05cfb31c7a00c233dab5574b41bc18,16380,450.861041,True,33,51
75.92470276298116,7517df51,18,-8.041135280195736,761606408922921,0.0,True,True,7517df51,1025,761606415902027,-3.9665445665445667,93.99023199023199,-1.527106227106227,1023.7499999999999,761606859753875,443.851848,aef7ce8d3d2beeb51c00f62b3ca0546f7243032505fb137a1f6038ea483f289c,16380,450.830954,True,34,55
69.84267844657039,1d3fa0f4,19,-7.205228512934733,761606863035450,0.0,True,True,1d3fa0f4,1025,761606870939593,-3.9916361416361417,86.93376068376068,-1.076068376068376,1023.7499999999999,761607314748771,443.809178,c1506788f4a28648539b5a514225dcc37805ae487395041fad4c2313334ec2c2,16380,451.713321,True,34,51
85282.58677904648,39a22311,20,-9.603880814676584,761607317656710,0.01697191697191697,True,True,39a22311,1025,761607324857054,-3.645054945054945,85298.36605616605,-1.5788766788766788,1023.7499999999999,761607768775107,443.918053,f1ecd81eaf0614913100f91bb99357ead6cc14ccdc62cafeb833c00ad471b5d8,16380,451.118397,True,581,983
3080.243968101157,426e456b,21,-5.955990065355412,761607772459483,9.157509157509158e-05,True,True,426e456b,1025,761607779874452,-3.7272283272283273,3095.4105616605616,-1.1288766788766789,1023.7499999999999,761608223781344,443.906892,6e865c3387e408c3cb2706245707c1eb30c367bc808401296949826a66d95fc8,16380,451.321861,True,294,377
72.20044831169373,34852869,22,-7.984921032510586,761608227790603,0.0,True,True,34852869,1025,761608234954578,-3.3675213675213675,85.37851037851038,-1.3556776556776557,1023.7499999999999,761608678744580,443.790002,82e34a634303938997cb4002c07fdcebd3889a1df4b71d51abe4d96cda140de4,16380,450.953977,True,34,52
23134.138580284187,2dfcc8f5,23,-6.330199396787716,761608681357844,0.002564102564102564,True,True,2dfcc8f5,1025,761608690081172,-4.167765567765568,23153.486324786325,-1.4062271062271061,1023.7499999999999,761609132768633,442.687461,7f215837fed895eae28e79d056ed0df2afc2299042aa3dab94827a78a6b72fcf,16380,451.410789,True,465,620
157485.8845479649,6d31227b,24,-11.282614403601103,761609136292004,0.027503052503052502,True,True,6d31227b,1025,761609143888716,-2.874847374847375,157505.3489010989,-3.3465811965811967,1023.7499999999999,761609587768307,443.879591,b8bd05cc3159fd3ca98de79659a3251235048818377511ae44378518dd19a8c6,16380,451.476303,True,585,1023
68.34048355151833,68bf8d41,25,-6.9187450347423995,761609590829026,0.0,True,True,68bf8d41,1025,761609598010784,-4.1118437118437114,86.13522588522588,-0.942063492063492,1023.7499999999999,761610041795486,443.784702,8c5d818c5250e10bdbd81ee6fc18ea47181bc53b0f458bc5a0e11143a7c2ef5c,16380,450.96646,True,34,49
67.19349680064882,f1a5a852,26,-6.545780609906561,761610045663468,0.0,True,True,f1a5a852,1025,761610053045415,-3.914285714285714,83.6473137973138,-1.064041514041514,1023.7499999999999,761610496769432,443.724017,dc68e0e4489066ae11c211e0e7656de79970550ba0470393886de72eac7b6bed,16380,451.105964,True,33,50
48847.635687316346,c2848d65,27,-8.621727225821472,761610499414516,0.01852869352869353,True,True,c2848d65,1025,761610506862306,-4.587912087912088,48880.316971916975,-3.4106227106227105,1023.7499999999999,761610950809606,443.9473,d12db8236b0b7e0f4147d77f19fb3eccbcfd61356443e61c2730f1460d236415,16380,451.39509,True,476,675
67.68936589187504,72c10281,28,-6.272542211624166,761610953842321,0.0,True,True,72c10281,1025,761610961011325,-3.7244810744810746,83.12087912087912,-1.248901098901099,1023.7499999999999,761611404814152,443.802827,159f1ef1205800e2f49ec6f010eba9436a4ed39bac7d9ac3cbc7ccc67dc18456,16380,450.971831,True,33,50
79.26315125655783,7a7a7834,29,-9.621061411837191,761611408132687,0.0,True,True,7a7a7834,1025,761611415955495,-3.452747252747253,96.41245421245421,-2.2864468864468863,1023.7499999999999,761611859792607,443.837112,e7e7e554e11953a44b89bad418cbdc61e11afeba583e2d3999115a092513667e,16380,451.65992,True,35,56
63.521117488196246,501395e6,30,-5.50599172732583,761611862641926,0.0,True,True,501395e6,1025,761611869898255,-4.966788766788767,90.38785103785104,-1.4824786324786325,1023.7499999999999,761612313796371,443.898116,36d9021e11012482eb106ce8701103bbdd3ffd3de030fc24cf7007e6c3b626b9,16380,451.154445,True,31,47
288.54838155468195,a3fa6832,31,-7.962413578125993,761612316653706,0.0,True,True,a3fa6832,1025,761612323987260,-4.008913308913309,306.54200244200246,-1.3864468864468864,1023.7499999999999,761612767798313,443.811053,8b5f56b6b82c0d55155a3ff1a61d8b7158adb1039baea20c744cd8316b575de3,16380,451.144607,True,85,132
63.78994511457882,2456fd33,32,-6.298368077412411,761612771518917,0.0,True,True,2456fd33,1025,761612778965575,-3.7874847374847374,82.45189255189256,-2.077716727716728,1023.7499999999999,761613222802947,443.837372,aa6b225b8f18c99091fe76b456c7bf809935c3870e496fb789fbf2ad6031da26,16380,451.28403,True,32,47
60.97265821954466,82f5006c,33,-5.755179581465509,761613226407692,0.0,True,True,82f5006c,1025,761613233978355,-3.602808302808303,79.20476190476191,-2.2916971916971915,1023.7499999999999,761613677807912,443.829557,2f88ddd44ef0d8fe98c37f3389ea3341d9ecee91f4e962a761bc3db838af3565,16380,451.40022,True,31,46
169572.78555770987,ad520cdf,34,-10.348542991099478,761613680777468,0.05311355311355311,True,True,ad520cdf,1025,761613688051080,-5.738644688644689,169607.18217338217,-1.2101953601953601,1023.7499999999999,761614131788774,443.737694,8088f28ac2de46afc15ccce4237b4787963b2dce8183d54f445f5510ae9c0bda,16380,451.011306,True,585,1011
15581.879652063104,f023c585,35,-7.016194308683074,761614134745005,0.0,True,True,f023c585,1025,761614142122543,-3.997863247863248,15601.263186813187,-1.8440781440781442,1023.7499999999999,761614585811024,443.688481,05a171e588aaa2761c6d404544c0b53cd69a7d7b4495ac562360380f3b721cdd,16380,451.066019,True,496,654
24292.257357296414,0223a23c,36,-6.105713280454127,761614588906428,0.0034493284493284492,True,True,0223a23c,1025,761614597034402,-0.1898046398046398,24360.544383394383,-8.261416361416362,1023.7499999999999,761615040810559,443.776157,151e0f4087fa17c4ece929f218b26f1600f12d5b5b9542f788000f8267cc108f,16380,451.904131,True,420,589
17644.943523453214,4da4cd8b,37,-6.958441664446128,761615043803960,3.0525030525030525e-05,True,True,4da4cd8b,1025,761615050975078,-3.944749694749695,17665.546764346764,-2.2454822954822955,1023.7499999999999,761615496057481,445.082403,42869d84e9ac23b25942f77a4859637eae9c92d851c8df0ca9c1dda1962e616d,16380,452.253521,True,525,746
69.9306858329569,057a4eb9,38,-6.797883636665621,761615501941429,0.0,True,True,057a4eb9,1025,761615511027593,-3.654090354090354,84.92515262515262,-1.2814407814407816,1023.7499999999999,761615953844949,442.817356,3e57eaacf009d86436b57fc0bed790fdfb1f65d9ea06526add408aba9a91ec00,16380,451.90352,True,32,50
60.12165905218102,967d5d96,39,-6.1136701589423215,761615963577503,0.0,True,True,967d5d96,1025,761615971153496,-4.343406593406593,81.41495726495727,-1.5582417582417583,1023.7499999999999,761616414884036,443.73054,b07a7877264672b99cc9cdcb5167692e93338af330801cb894575fcf4a111748,16380,451.306533,True,32,47
88000.6691687613,81e92940,40,-10.166084988161012,761616420102568,0.02606837606837607,True,True,81e92940,1025,761616428054601,-2.9285103785103783,88012.18076923076,-1.7133089133089132,1023.7499999999999,761616872085168,444.030567,248bb07ce39a4a2cd28391963c71bfc83a10497df2e382b5038bc0d03481b3eb,16380,451.9826,True,579,956
54.48032797822176,dc8382a0,41,-6.6389701696612855,761616881813885,0.0,True,True,dc8382a0,1025,761616889112543,-3.937789987789988,73.32148962148962,-1.8261904761904761,1023.7499999999999,761617332879102,443.766559,6925e751e64abf4f1264cc4dd6fcca47f52479e026c36569cd332170053f5263,16380,451.065217,True,29,48
62.177831176082094,5c3762b6,42,-5.626749894608949,761617340879666,0.0,True,True,5c3762b6,1025,761617349026176,-4.5807692307692305,85.47918192918193,-1.5224664224664224,1023.7499999999999,761617792897913,443.871737,e82cd669007d768d0a5d23739f516d289c1ea129b759a2b47f420052edd7916a,16380,452.018247,True,30,50
218129.73572230275,e846c4d8,43,-9.417689246885086,761617798172050,0.0626068376068376,True,True,e846c4d8,1025,761617806028653,-4.662271062271063,218164.72289377288,-3.64010989010989,1023.7499999999999,761618249876966,443.848313,df7b232b778bdb68bffcd3f212b0f3e067f91a8745e4c754cee76e8f116f15fd,16380,451.704916,True,585,997
62.61637401399306,e0f848ce,44,-6.8545439063724976,761618259961374,0.0,True,True,e0f848ce,1025,761618269170379,-4.438583638583639,87.60402930402931,-2.299267399267399,1023.7499999999999,761618711893358,442.722979,9fb9743d25e1a46313bf3025f5a0bc6c32c0e2a6e5af2b67931c486eedf26085,16380,451.931984,True,31,48
112023.70464693087,f9e7bab2,45,-11.908263197704592,761618722105107,0.023534798534798534,True,True,f9e7bab2,1025,761618731196290,-4.939072039072039,112050.46556776557,-1.5383394383394384,1023.7499999999999,761619173913327,442.717037,62364a5c745407671614362ca906fe87bd04bf54cc2d60e82137aff4f4af7742,16380,451.80822,True,584,1010
251252.35526719652,e3dffb56,46,-8.686162515099511,761619178263289,0.04188034188034188,True,True,e3dffb56,1025,761619186113089,-4.777045177045177,251287.0514041514,-3.4461538461538463,1023.7499999999999,761619629927548,443.814459,d473af5fbe5a335cadd21a38f15ae39168438eb17dec26d3dfda796fedf1fc18,16380,451.664259,True,585,1024
67.28906106273323,4bc0b091,47,-7.137030859271391,761619636482022,0.0,True,True,4bc0b091,1025,761619644062303,-3.7453601953601954,83.06990231990233,-1.324053724053724,1023.7499999999999,761620087927128,443.864825,a7083d45df45a29c5d18bcee5d82603e67d30cf7f5b3f546adeebbbd94e0192c,16380,451.445106,True,32,51
348.1727511289416,c6097e24,48,6.192879745633844,761620095880202,0.0,True,True,c6097e24,1025,761620104077738,-4.827594627594627,373.804884004884,-1.5252747252747252,1023.7499999999999,761620547928015,443.850277,f5a34238bff52380401ea4503153f1cfc92b27baf33c57f095588a53ad30c967,16380,452.047813,True,59,98
59.40146421378107,6bd3f4f4,49,-7.762640752332604,761620567161456,0.0,True,True,6bd3f4f4,1025,761620575981136,-3.79029304029304,76.18943833943834,-1.5561660561660562,1023.7499999999999,761621018937566,442.95643,fbe5bb9633d5b6c2e1a2e8d9190a3cfdeee95c7d6da4ffa8ab11ed32902ed7a9,16380,451.77611,True,28,49
241036.91738604364,68630584,50,-10.133924472966944,761621022749683,0.03833943833943834,True,True,68630584,1025,761621030841619,-5.234920634920635,241074.4978021978,-3.18998778998779,1023.7499999999999,761621478996152,448.154533,25f246bf78c9c4f2a8fa0c31569161ff9b642c529285e71c609c41d56d5d74df,16380,456.246469,True,585,1024
13411.857745959442,5526bb8c,51,-7.934218650968045,761621484044653,0.0027472527472527475,True,True,5526bb8c,1025,761621491932174,-3.651892551892552,13427.36978021978,-1.4750305250305251,1023.7499999999999,761621935962852,444.030678,b9104fd69b77b45c47a313cb09da319296ee618d17ca5b49ff7936b4441fcfbf,16380,451.918199,True,274,376
142.7019416565662,3045f266,52,-7.668939556271414,761621947564304,0.0,True,True,3045f266,1025,761621954967400,-3.6703907203907202,159.41898656898658,-1.8014652014652015,1023.7499999999999,761622398936893,443.969493,2b7251e03723b4e13a33b896139e26d4c138776d15b668cab02e3c8be8f7219e,16380,451.372589,True,60,92
37378.52803831395,1edbcf6f,53,-11.546394074270616,761622408336548,0.005891330891330891,True,True,1edbcf6f,1025,761622415932047,-4.6441391941391945,37403.56684981685,-1.863003663003663,1023.7499999999999,761622859960571,444.028524,52fc2c4e5a941828cbc4afdc1e6aa2e13674ed08bb766bf49b3a7ecf7d0b8805,16380,451.624023,True,557,912
56.78191883174484,d65a67d6,54,-7.359079909340762,761622867398042,0.0,True,True,d65a67d6,1025,761622875198158,-3.327899877899878,68.61324786324786,-0.8697191697191697,1023.7499999999999,761623318983583,443.785425,52002c569604796ea41fe23aa065eb50c76652a19f4666c0223298eed400a828,16380,451.585541,True,28,49
149152.37515493596,be0f3cb9,55,-5.615955401212167,761623325492751,0.043315018315018314,True,True,be0f3cb9,1025,761623334315077,-4.087423687423687,149171.9884004884,-1.7047619047619047,1023.7499999999999,761623776969296,442.654219,84a548d4b9c571cf6664c31704d84e8b90cd1f6c7efff77ef3e169e93fa6386d,16380,451.476545,True,580,812
64.64252697309475,e3882f3b,56,-8.73023363977011,761623798873519,0.0,True,True,e3882f3b,1025,761623807239333,-4.823870573870574,90.75738705738706,-1.6867521367521368,1023.7499999999999,761624250961699,443.722366,4e74b774d439575802c4c3150b1c9e80f07de749a5566ca9bc6ddb5b2f48a50b,16380,452.08818,True,32,52
34337.488929439845,90b659e0,57,-12.023266332739098,761624259023007,0.00805860805860806,True,True,90b659e0,1025,761624267215073,-3.1808302808302806,34351.68168498168,-2.0186813186813186,1023.7499999999999,761624710995629,443.780556,307744bd3b23ecc8f32b172474cf7498f10bb54a531f6af05696ad76db0210ac,16380,451.972622,True,550,873
69.05520644462037,411dc87f,58,-7.922021873255272,761624741434985,0.0,True,True,411dc87f,1025,761624748837861,-4.726984126984127,97.74395604395605,-2.5188034188034187,1023.7499999999999,761625192988786,444.150925,1bd71b07ee23edc1cbc2614d2041dc2c7cf6f828fc747daf8b3d81cffb7a019d,16380,451.553801,True,34,52
60.14220518932973,9baf9cb0,59,-7.390596008641664,761625199737977,0.0,True,True,9baf9cb0,1025,761625208975727,-4.559157509157509,83.70976800976801,-1.667826617826618,1023.7499999999999,761625652010916,443.035189,f4c07510c71c0077480209a2576622377ed67f2eb77b3f82c453d6dcb43da722,16380,452.272939,True,30,49
187044.37616416282,faf696dd,60,-9.477666206898533,761625660776675,0.0663003663003663,True,True,faf696dd,1025,761625668886916,-5.5968253968253965,187081.7652014652,-2.4626373626373628,1023.7499999999999,761626112975974,444.089058,8f6f90054210c5b1964547a26704eb6a15ed7956b0b1529bf423f4f634d63413,16380,452.199299,True,585,993
79957.54764638598,77cfcefd,61,-13.258411553659998,761626119472449,0.010134310134310135,True,True,77cfcefd,1025,761626126842062,-4.114102564102564,79982.7775946276,-2.8816849816849817,1023.7499999999999,761626571017904,444.175842,fb83b1357091711012cb1014d40e87ec33270e4cb2b222eff80f21398dab0a3b,16380,451.545455,True,583,1012
64.24014215942789,6cd832c6,62,-6.0166605786820595,761626580566842,0.0,True,True,6cd832c6,1025,761626587875149,-2.9573260073260075,74.86422466422466,-1.3705128205128205,1023.7499999999999,761627032028319,444.15317,00f0b10af8d35056894a72b7715945b4c8d9aea3973a07938abbfbc117173c7c,16380,451.461477,True,32,48
67.91325000633609,40f51bea,63,-6.8505780404653756,761627042346198,0.0,True,True,40f51bea,1025,761627049822963,-3.104945054945055,82.00763125763126,-2.1103785103785104,1023.7499999999999,761627494015928,444.192965,04c0c63fadb02c25f6f748e6be7901b02619199244b98cb69ac3c8cf27763be1,16380,451.66973,True,32,54
35624.31224556884,c9c786ca,64,-9.0019336033344,761627502547695,0.011111111111111112,True,True,c9c786ca,1025,761627509860450,-3.2798534798534797,35638.77777777778,-1.9256410256410257,1023.7499999999999,761627954022817,444.162367,5c8969766329d45e9a6c0599634d0c24e6f35d2d62cc10f5449e75e781f16895,16380,451.475122,True,492,710
473.40822845618635,8d5a442e,65,-5.998875855059319,761627962964207,0.0,True,True,8d5a442e,1025,761627970848342,-3.5177045177045176,489.4556166056166,-1.9165445665445666,1023.7499999999999,761628415026729,444.178387,f36135e9db45a4f90602dc32d3d640a014e562768fcdcc8dd5bf7bbda945f4c0,16380,452.062522,True,114,138
188403.85405501365,a4a22e19,66,-9.753645280788295,761628425517615,0.021092796092796094,True,True,a4a22e19,1025,761628432856079,-5.26990231990232,188440.2343101343,-2.934004884004884,1023.7499999999999,761628877109658,444.253579,c8ad2456cfe50fe85dff124e6e6e7f410f53772e9e62dbdcc724e5439a1be5d2,16380,451.592043,True,585,1024
45759.534113126734,908edda6,67,-12.850391048104202,761628885358341,0.005311355311355312,True,True,908edda6,1025,761628892838713,-2.9543956043956046,45780.22918192918,-3.4592796092796094,1023.7499999999999,761629336107072,443.268359,b57a3fee08c22fa85735078e88c17046c02d2a092d87bd8653b6eedc58473b82,16380,450.748731,True,578,973
121.33326740075823,8ae5579b,68,-8.134928083921507,761629340254392,0.0,True,True,8ae5579b,1025,761629347815877,-4.80042735042735,149.56202686202687,-2.276984126984127,1023.7499999999999,761629791106379,443.290502,029c87d5239236302893fdb47f0d699fc387f6a800a3e76f84f741fb3734cb7b,16380,450.851987,True,50,77
78.99177553554843,ac2f7ea8,69,-8.287224646879478,761629802273391,0.0,True,True,ac2f7ea8,1025,761629809203353,-4.498778998778999,105.41684981684982,-2.4871794871794872,1023.7499999999999,761630253122051,443.918698,2359b7917c56a5813bdbf3a4a1dc152929edbc5c0c64b310326c6858a3d74924,16380,450.84866,True,35,55
14769.702688345775,ef1d22eb,70,-5.583513355667988,761630260985847,0.0,True,True,ef1d22eb,1025,761630268248928,-4.286080586080586,14790.18028083028,-1.4515873015873015,1023.7499999999999,761630712714729,444.465801,326455b660d2199db68517e04e41f73b7e4daafaffdb2fc7bdda1925b4e73a62,16380,451.728882,True,476,662
106668.58462820589,e680db89,71,-14.3130745379521,761630752926464,0.014377289377289377,True,True,e680db89,1025,761630761050050,-4.309645909645909,106694.83443223443,-2.7706959706959706,1023.7499999999999,761631204123542,443.073492,99e59319e56a8e666eefee9e6d058960418b5fb5d210ed2f59099fcbc516507d,16380,451.197078,True,585,1023
8335.705538858105,869832d6,72,-8.106903436651468,761631213148180,0.0,True,True,869832d6,1025,761631222082436,-4.682051282051282,8368.170207570207,-3.247008547008547,1023.7499999999999,761631664106437,442.024001,d15c0a3f1d3a98e182025238f5e598cad32b8ee260c1117aac9ee07e56fd22bc,16380,450.958257,True,402,560
11941.948441378523,84b350df,73,-32.76331622747903,761631718821192,0.0,True,True,84b350df,1025,761631726205763,-4.099633699633699,11960.430708180707,-1.2943223443223444,1023.7499999999999,761632170118680,443.912917,bafd8a9e150a25e6c6892df9f31d1bf9997624955d3b3307696b5de705ef9f91,16380,451.297488,True,448,620
356231.9050432233,030b97f8,74,-8.008659339797278,761632177430414,0.11126373626373626,True,True,030b97f8,1025,761632184230612,-3.591880341880342,356260.48882783885,-3.96007326007326,1023.7499999999999,761632628129682,443.89907,f19dcbe2604d7cdee6fe655fa15c0839b566011a5b91ffb181d4abdbd90ca709,16380,450.699268,True,585,890
65.79313792468554,45bdc28f,75,-7.262754636749489,761632633786341,0.0,True,True,45bdc28f,1025,761632642497006,-4.4292429792429795,91.72191697191697,-2.512087912087912,1023.7499999999999,761633085137039,442.640033,0b054217f654c2502c2938e443a7faf0a41bf98e438196ce578a59324c1b822e,16380,451.350698,True,32,51
13158.76969844699,74472170,76,-6.015025880638969,761633134948568,0.0,True,True,74472170,1025,761633142244251,-4.1963369963369965,13183.344932844933,-2.6393162393162393,1023.7499999999999,761633586139104,443.894853,a2baab68efd5c268b7c9cd0c3c5072395cd8ac19b9d14d6d01362413ad83da77,16380,451.190536,True,470,649
1747.3016047071908,91e75c1f,77,-8.892539574873162,761633598460636,0.0,True,True,91e75c1f,1025,761633605398283,-3.4318070818070816,1765.5199023199023,-2.5379120879120878,1023.7499999999999,761634049165925,443.767642,8ae31598435baa11a7042fe10c9654684b0f9902a5343e38c357c974fdd88bc7,16380,450.705289,True,208,329
82.96679627318822,5c4b63b5,78,-9.122699972075644,761634069315555,0.0,True,True,5c4b63b5,1025,761634076276607,-3.0405982905982905,96.92210012210012,-2.17026862026862,1023.7499999999999,761634520167352,443.890745,07656bbfdead2fa1863049ca7dbd7d1577922c5b57f1028366ae49f875ee8ffe,16380,450.851797,True,36,57
117.69201589686936,5830baf2,79,-7.923178052085127,761634529524748,0.0,True,True,5830baf2,1025,761634538766646,-3.714957264957265,137.97924297924297,-2.5468253968253967,1023.7499999999999,761634981174171,442.407525,2465c0c09e95d6f34264c14204bdabac69ee75e01afcd0a4179067d014cc2c42,16380,451.649423,True,52,74
68.96908448016505,5874225f,80,-6.719904599751244,761634992425602,0.0,True,True,5874225f,1025,761634999300010,-3.462820512820513,86.68363858363858,-2.3923687423687423,1023.7499999999999,761635443172230,443.87222,9c9dcec21eaa3a5fe93a3b062763716a84fa0352d3f8ee7f584c04f62c57d930,16380,450.746628,True,33,50
7355.363061310213,abb0c7b0,81,-32.40156607284382,761635448715776,0.0,True,True,abb0c7b0,1025,761635456417586,-4.362210012210012,7381.597130647131,-2.684249084249084,1023.7499999999999,761635900185790,443.768204,dc67d26f2c5fde7f26d493054d48a82642266a526e4d3d41a2677c9416735638,16380,451.470014,True,368,532
34221.68920873083,187fe08e,82,-7.824908440774544,761635911279333,0.005982905982905983,True,True,187fe08e,1025,761635918327349,-5.126556776556777,34257.873687423686,-3.146886446886447,1023.7499999999999,761636362165335,443.837986,6163080ec36a561e1b76826227a266a7b382aef9ef3282e22f807cbed84d4e3b,16380,450.886002,True,547,858
70.36500275060715,c6cd5701,83,-8.347433446060203,761636366680138,0.0,True,True,c6cd5701,1025,761636374276780,-4.003296703296703,90.18888888888888,-1.9487179487179487,1023.7499999999999,761636819053758,444.776978,88f962811c5fe52517be1d5a182dfd444de59ce0fe1c6fe45b940ae228bff2e1,16380,452.37362,True,31,52
10501.649310376573,62684b42,84,0.6656951027505508,761636870389213,0.0,True,True,62684b42,1025,761636877280463,-5.045604395604395,10543.219963369964,-4.014041514041514,1023.7499999999999,761637321198290,443.917827,bcb0648753f7de8c96b66bd23dec2d1c297c530fef3a9ad178108289c56e8715,16380,450.809077,True,429,607
186.38706802795633,30ba4cff,85,-6.076574413164741,761637326274072,0.0,True,True,30ba4cff,1025,761637333404193,-4.004578754578755,207.9396214896215,-2.3485958485958487,1023.7499999999999,761637777192034,443.787841,fe5842f3281b482e021f87af28c7b2154c665826d5ef1d812cd0b86e325e5d0a,16380,450.917962,True,65,105
40541.357265490245,c2720a4f,86,-8.499082119974979,761637803093163,0.013186813186813187,True,True,c2720a4f,1025,761637810372926,-3.905128205128205,40560.83034188034,-2.055006105006105,1023.7499999999999,761638254204350,443.831424,bd7c6cc91687a766b8fe21671653aff1b17d5e9338e34c77d7803e8536c90b21,16380,451.111187,True,442,586
77.04524319019741,a74138ac,87,-8.4614100275515,761638261339570,0.0,True,True,a74138ac,1025,761638268354323,-4.349633699633699,100.41825396825396,-2.1103785103785104,1023.7499999999999,761638712207768,443.853445,47b170c10938c38a524bc86a6dd920b2225151c29fb66005de4fbdb11b545780,16380,450.868198,True,33,52
72.81282548478518,499acdd4,88,-7.770645727115238,761638718570079,0.0,True,True,499acdd4,1025,761638726381857,-4.076007326007326,96.81025641025641,-2.7172771672771674,1023.7499999999999,761639170599089,444.217232,f861ec281e28af18afc5a281dd675e968d55a73313142e42ce47dd9a6679af0a,16380,452.02901,True,35,52
75.00585678058206,b8ead358,89,-9.051311994591975,761639181529555,0.0,True,True,b8ead358,1025,761639189646989,-4.26043956043956,96.74774114774115,-1.8948717948717948,1023.7499999999999,761639633238300,443.591311,e4f5ee1d02027a5c8b17f288f6c526cc139a31a917469ac78c2d35201688c92b,16380,451.708745,True,31,52
79.20386623178747,732fc09e,90,-8.74983963072525,761639644696281,0.0,True,True,732fc09e,1025,761639652338489,-3.538278388278388,99.7482905982906,-2.832844932844933,1023.7499999999999,761640096250805,443.912316,5cd12d2dfad138997d1bc88406dfe3b508cd144c26d1baa18cbb4135fda114a6,16380,451.554524,True,35,53
63.798810425770135,ead902cb,91,-7.930469853450695,761640114978220,0.0,True,True,ead902cb,1025,761640124408083,-4.108791208791208,88.13540903540904,-2.7302808302808304,1023.7499999999999,761640568217835,443.809752,e020253521fbd01a93bcfa3975ab1ed72541cbb5312158e7cdaa0712c8375cbe,16380,453.239615,True,32,50
82.23353962141508,3cfa1496,92,-8.648018753022836,761640573665490,0.0,True,True,3cfa1496,1025,761640581378161,-4.968009768009768,111.88717948717948,-2.22991452991453,1023.7499999999999,761641025250000,443.871839,57ba37e8eb43ae877ee0a31dea1a3dd91f7303553f9e9089d748c5699adfa53f,16380,451.58451,True,34,57
81.55830919656925,d8490faa,93,-8.412983970949524,761641035095708,0.0,True,True,d8490faa,1025,761641042624171,-5.413247863247864,119.3009768009768,-2.905067155067155,1023.7499999999999,761641486222304,443.598133,7825e733bb491b5ff247f8d9301e1fefbf81ab63a2d9757d6ff1f4e61e0a7259,16380,451.126596,True,35,55
73.34198088067136,4cac60f4,94,-6.936990130588059,761641491588785,0.0,True,True,4cac60f4,1025,761641499544966,-4.936568986568987,101.52777777777777,-1.9534798534798534,1023.7499999999999,761641943246184,443.701218,1b37c7f30d760740fc0634e73d55bb0d8375d7a10ecc795db976f07c917a2653,16380,451.657399,True,36,53
97.85961216439237,ac32f994,95,-7.793274206768199,761641980236347,0.0,True,True,ac32f994,1025,761641995366210,-5.013736263736264,129.22063492063492,-2.4946886446886447,1023.7499999999999,761642431262644,435.896434,f0d89edc81657d384dcf991b78cc6f09dd5842d0fad2f3b8e10b802f61b344da,16380,451.026297,True,54,83
81.27701916181769,c37d88a3,96,-7.476323384399671,761642440259559,0.0,True,True,c37d88a3,1025,761642448293697,-3.9349206349206347,106.5952380952381,-3.136019536019536,1023.7499999999999,761642891274014,442.980317,dbffffa6e52172186d783fe522f6f513d5ae7bd8d6a32a2d9f4edb0e5efcd99a,16380,451.014455,True,36,54
19744.63520526313,0b5fa35b,97,-7.552486231644742,761642903918345,0.006043956043956044,True,True,0b5fa35b,1025,761642911415048,-3.366178266178266,19763.07844932845,-2.6668498168498167,1023.7499999999999,761643355270808,443.85576,37475bd1240c635d736e0ab5761155176f2e4a1bd9d7435ac16f5e7decdd2ffb,16380,451.352463,True,360,446
71.13203649287898,ccbb8c9d,98,-7.8311254632604665,761643366478136,0.0,True,True,ccbb8c9d,1025,761643375374872,-3.6634920634920634,86.83113553113553,-1.5092796092796092,1023.7499999999999,761643818270129,442.895257,da915a0f6185cffb1de9b62a4b248ce2a840ffa41c8e7277de110a9352db89bb,16380,451.791993,True,33,55
76.98294512874183,35749bb1,99,-7.409507040754714,761643823076312,0.0,True,True,35749bb1,1025,761643830470842,-4.414285714285715,103.53803418803419,-2.6587912087912087,1023.7499999999999,761644274259626,443.788784,0f47826ffe86b112385fb96ed75d12b1132384430d74620ff40305aa1acc588d,16380,451.183314,True,35,51
51963.04647464224,743b2f8c,100,32.49073011443198,761644281696065,0.0,True,True,743b2f8c,1025,761644289492634,-6.224053724053724,52013.196764346765,-3.378083028083028,1023.7499999999999,761644733280846,443.788212,53aacb3ec85426242349f1c93d64da07aa256f71843f19d0009a5aa34ef87584,16380,451.584781,True,494,803
74.03535201808096,8b596d05,101,-5.868444136660971,761644741155583,0.0,True,True,8b596d05,1025,761644748513123,-4.817277167277167,103.4997557997558,-2.5016483516483516,1023.7499999999999,761645192277170,443.764047,3639b8ede8f522f7b07426e0ca848e863d3ba67302b16ecc733e806815a487d7,16380,451.121587,True,31,53
78.1484359071264,353c9cb7,102,-6.784428029309073,761645204230607,0.0,True,True,353c9cb7,1025,761645211529606,-4.180830280830281,101.41153846153846,-2.404945054945055,1023.7499999999999,761645655280168,443.750562,510de0e2976bb873fbce7e683a67c0e12d15a9ec1d458ca56c9ef0741c2adcb6,16380,451.049561,True,34,56
70.99467941263728,3dcf17b8,103,-4.907960847411882,761645668802076,0.0,True,True,3dcf17b8,1025,761645677362507,-4.877228327228328,103.61214896214896,-2.9715506715506717,1023.7499999999999,761646120293170,442.930663,42131f9177bc7c8bb53340433e4fa393533b68e5e6959424fb21be46d7f85944,16380,451.491094,True,36,54
66.38405684737187,1d4825de,104,-6.097709304189273,761646132351084,0.0,True,True,1d4825de,1025,761646140689286,-4.880525030525031,95.23919413919414,-2.244017094017094,1023.7499999999999,761646584345379,443.656093,18f9ea30f44f9dad38fa88aee7cd9ddbd41cf6faac627a152fdc9d077dc71e62,16380,451.994295,True,33,50
77.87786814901284,6198a3d8,105,-5.962198762068995,761646592598059,0.0,True,True,6198a3d8,1025,761646600600778,-4.743711843711844,107.1467032967033,-2.6011599511599512,1023.7499999999999,761647044299311,443.698533,81f6ede46b72173f5dbfd63eb0b7a457f9d4c5a12d88b13701b8c0e022600d62,16380,451.701252,True,33,53
78.05277996186422,b496494e,106,-7.879939285248864,761647051169261,0.0,True,True,b496494e,1025,761647059574188,-4.414529914529915,102.78266178266178,-2.2894993894993894,1023.7499999999999,761647502290157,442.715969,8cff91e552681bef3e12f3e0495d64f430d59f98d43fd0a40060d4191d4f7c2b,16380,451.120896,True,35,53
79.58017183095022,ecc16ae8,107,-6.797813192026748,761647511478293,0.0,True,True,ecc16ae8,1025,761647520475819,-4.2114163614163616,107.4509768009768,-3.1835164835164833,1023.7499999999999,761647963303589,442.82777,c9015b9574bb35b282c8a53ae96a0379e5a90f0477fe0e392c877a2d0f09cdbc,16380,451.825296,True,35,53
150869.50881908758,18053c09,108,-7.581471556231529,761647969907767,0.05244200244200244,True,True,18053c09,1025,761647978387415,-3.5741147741147743,150888.62564102563,-2.5184371184371184,1023.7499999999999,761648421288964,442.901549,5292120b6deccf6eed59a1bdcdcda992f42721cdb80ed049f3cbbd2fed04f1da,16380,451.381197,True,585,989
8076.549441425486,a8ebafc0,109,-7.52787608085989,761648429816153,0.0,True,True,a8ebafc0,1025,761648437531859,-6.5556776556776555,8128.497802197802,-2.9952380952380953,1023.7499999999999,761648881294684,443.762825,8f2e1f3920db19383e28be90e2cdceb0bbb9a8fa01fe0c71a266e1af6380e275,16380,451.478531,True,334,442
5715.231076061369,3704df29,110,-6.700838663283943,761648889837011,3.0525030525030525e-05,True,True,3704df29,1025,761648897440806,-4.453235653235653,5744.080708180708,-3.003052503052503,1023.7499999999999,761649341353785,443.912979,1a53fa2429c8a9963a2c9ef6d69e2e94d741abf3febd5923b9a5bad508734b34,16380,451.516774,True,239,324
28361.58132354147,1a048000,111,-16.4025846873461,761649351976379,0.00805860805860806,True,True,1a048000,1025,761649359410514,-5.023809523809524,28391.643345543347,-2.1962148962148964,1023.7499999999999,761649803348219,443.937705,faf1097493ca16afc5fcb8cf0e87e96728bfbadb072057d6caef032039171f12,16380,451.37184,True,397,519
21748.3260531061,9c6b0eea,112,-7.003036848719944,761649812757322,0.0009157509157509158,True,True,9c6b0eea,1025,761649821456295,-5.00006105006105,21782.303235653235,-2.996092796092796,1023.7499999999999,761650264344890,442.888595,aa058b22fc3378d4a79180cff46750e48545f33fa5f59d7a030e89efaaa1735b,16380,451.587568,True,484,674
132862.74315806973,0434413c,113,-13.75057295251688,761650279136124,0.01746031746031746,True,True,0434413c,1025,761650286514293,-4.794749694749695,132889.0702075702,-1.8268620268620268,1023.7499999999999,761650730372418,443.858125,02fb3a12b451f7f6aada57eac42d4e0c9050a8518984862ba87424dbe478b1b0,16380,451.236294,True,585,1024
80.55621662186681,b2f90fd0,114,-6.934342261548817,761650741838114,0.0,True,True,b2f90fd0,1025,761650749476094,-4.777899877899878,110.44462759462759,-2.657081807081807,1023.7499999999999,761651193359557,443.883463,6f5843347b6510ed1b26ce1c2755a5a3805a3110dfc4d05911c89b99a29be36d,16380,451.521443,True,35,53
72.93103019928111,f564acbe,115,-7.187961865231115,761651199244266,0.0,True,True,f564acbe,1025,761651207455318,-5.289377289377289,111.00177045177045,-3.176984126984127,1023.7499999999999,761651651365882,443.910564,bd9d90e0b39b2a9322cd4b094f48b54b5a0847ae07726deb4c7f50d54d792bc9,16380,452.121616,True,33,52
103.04596258577944,6a734e1d,116,-5.513647778826267,761651661046267,0.0,True,True,6a734e1d,1025,761651668457920,-4.745421245421245,129.1968253968254,-1.9057387057387056,1023.7499999999999,761652112345681,443.887761,38d5b7833cb1a1d54fffbc05434256208cc276df688078c64b231b7df49feca5,16380,451.299414,True,45,68
80.6366605020268,4eeb4ecb,117,-5.5096353311450965,761652124988499,0.0,True,True,4eeb4ecb,1025,761652132498808,-4.464285714285714,104.70964590964591,-2.0354700854700853,1023.7499999999999,761652576383213,443.884405,63c145cef60a9b2eac9e28f5c624919e638969263e8d292574c243d7bb034a3b,16380,451.394714,True,33,53
59920.46686576516,f8d8dd61,118,-13.019410658665425,761652584141289,0.011355311355311355,True,True,f8d8dd61,1025,761652592580772,-6.716727716727717,59966.56318681319,-0.9909035409035409,1023.7499999999999,761653035385368,442.804596,fdb3aaabb07564c5cc7e9e979afe81af91ebd01afe37f084d2ad3a6299260eb8,16380,451.244079,True,570,930
20833.326864546383,d199869f,119,-2.6110761942486906,761653041462982,0.00021367521367521368,True,True,d199869f,1025,761653049390288,-4.766056166056166,20865.21514041514,-3.0286935286935286,1023.7499999999999,761653493379411,443.989123,29b5a1c035a49e566308bc77378862f772201f471ffb2881e5671801556fe7e2,16380,451.916429,True,497,719
70.89019975073089,cf70dc00,120,-3.4191834785170916,761653504769133,0.0,True,True,cf70dc00,1025,761653512431469,-4.291147741147741,92.65921855921856,-1.8316849816849816,1023.7499999999999,761653956399512,443.968043,b0f104fdb15b1d90971966d11de69eccc4b61d6f69d790446a50f7f9cd3f7aa9,16380,451.630379,True,34,53
80.07687009232795,94094783,121,-4.098063736837591,761653970055573,0.0,True,True,94094783,1025,761653977531096,-4.261660561660562,102.54969474969475,-2.0763125763125765,1023.7499999999999,761654421367590,443.836494,5c88ad1e4e75ad6ed9c4d6d8495db834a6b6b04fa5cb158a5c4a56010c315f5d,16380,451.312017,True,38,59
22872.979154288936,e88f449c,122,-8.089535266070252,761654432975825,0.002014652014652015,True,True,e88f449c,1025,761654443009217,-4.119413919413919,22898.01807081807,-2.840659340659341,1023.7499999999999,761654884367243,441.358026,7b01348a63672246076ddb04d2b0b69b042917a46a0ad4495d6f9a618c99b9b4,16380,451.391418,True,481,638
19203.995479343608,383670e0,123,-16.147548431482114,761654893122612,0.0004578754578754579,True,True,383670e0,1025,761654901807047,-4.664468864468865,19230.41391941392,-2.158974358974359,1023.7499999999999,761655345383842,443.576795,79ba8a3ab244ad425349de1af0e60c3182c74a8413742cfdea1738650281aa6a,16380,452.26123,True,525,851
27511.440339815526,7526df8e,124,-13.546631440522487,761655354026127,0.0028388278388278387,True,True,7526df8e,1025,761655362369629,-4.145848595848596,27537.898901098903,-3.0447496947496946,1023.7499999999999,761655805401906,443.032277,aabcddfc51b2fd2e03101dacafbc6dabc1c3410e14621fe2d34bafb7e8863c39,16380,451.375779,True,560,909
206.25034996071628,c9e69720,125,12.259545976507773,761655816780437,0.0,True,True,c9e69720,1025,761655826364491,-4.233333333333333,226.32185592185593,-1.4664224664224663,1023.7499999999999,761656268435422,442.070931,306c852c98bb88ee509d314c818f78360b33a9b4414dd9f4172e3ef60398143b,16380,451.654985,True,66,103
326.63376336355276,178d61da,126,16.121429665665566,761656274551268,0.0,True,True,178d61da,1025,761656283865192,-3.4154456654456653,341.62130647130647,-1.8227106227106227,1023.7499999999999,761656726391834,442.526642,05e53a548b449ab5554be645973fc67cdea0e1169bf755736a07c08143b84d48,16380,451.840566,True,60,95
327.97973834942695,33c132b8,127,17.817105959439438,761656734339799,0.0,True,True,33c132b8,1025,761656742553956,-5.003235653235653,361.65347985347984,-2.93962148962149,1023.7499999999999,761657186430467,443.876511,b25a7429bd5ad23415dde0a0ade8516963c1c05ca0549336d8a28c4b2b2deec4,16380,452.090668,True,60,95
76.02685216865619,3d68709a,128,-3.6557292963814096,761657198223931,0.0,True,True,3d68709a,1025,761657207313221,-3.95995115995116,95.48821733821734,-1.9442612942612942,1023.7499999999999,761657650432692,443.119471,c5473f53328fc8bd4173943a40e72f72454411b211c1b7ad3f44695eef85ca11,16380,452.208761,True,35,58
68.65507188849679,18220f9a,129,-1.7541059512894255,761657660431008,0.0,True,True,18220f9a,1025,761657668274225,-4.531807081807082,92.15482295482296,-1.7211843711843713,1023.7499999999999,761658112459508,444.185283,bf021ff207d7d14ac9de5da50ba1d58de295489c69985ce3fab89ba5bc539379,16380,452.0285,True,31,53
80.07221580786599,677a4284,130,-3.866237275584445,761658158136331,0.0,True,True,677a4284,1025,761658166296868,-4.199023199023199,104.7569597069597,-2.6557387057387056,1023.7499999999999,761658610442065,444.145197,c278f3d4ecc89cde37550d00efca29b086b3ad85c3b71519fdeebd1e82c59fa3,16380,452.305734,True,36,51
70.44360681375333,f9eef0a8,131,-2.035563470191768,761658621190217,0.0,True,True,f9eef0a8,1025,761658631680181,-3.4873015873015873,88.35433455433456,-2.3978021978021977,1023.7499999999999,761659073473548,441.793367,4ece1038b9aea7d258e368fe188ea4a2996d630169ed53b03fbb5092f5e5113a,16380,452.283331,True,35,51
76.4601646301738,4353a7d3,132,-2.7221195326761007,761659085108674,0.0,True,True,4353a7d3,1025,761659093292164,-3.096703296703297,88.92460317460318,-1.6955433455433455,1023.7499999999999,761659537508536,444.216372,5fe9a2059d02a29b966ca6e4408abc820867e98baea5d9f89e03452b4de11971,16380,452.399862,True,34,57
24232.372255468043,64e970ab,133,-13.910828693565998,761659549517488,0.003907203907203907,True,True,64e970ab,1025,761659557281285,-3.309035409035409,24249.64114774115,-2.5137973137973137,1023.7499999999999,761660001480124,444.198839,fb38942cd87b02b8b00b353f5e2a5a680b10ac248d6e8cbdeb53f092ff1d3ee5,16380,451.962636,True,532,852
79.48445189493725,89de01e0,134,-2.573015008078266,761660008784885,0.0,True,True,89de01e0,1025,761660016416072,-3.990781440781441,102.89859584859585,-2.7363858363858364,1023.7499999999999,761660460483873,444.067801,359277a2733db9ef4be785865e8e45285acdf2500f50d6c9abc8a704b1e8705b,16380,451.698988,True,36,53
321.56458386071944,5da84785,135,17.652848323749733,761660470710801,0.0,True,True,5da84785,1025,761660478258690,-4.211782661782662,344.3086691086691,-2.2371794871794872,1023.7499999999999,761660921544235,443.285545,751b77f3d3d8f684c79f42bdbb334592af7ee248ef42ad54662bfc47dcfa8018,16380,450.833434,True,57,95
76.69841348856,6409deae,136,-3.0368711360347085,761660933247590,0.0,True,True,6409deae,1025,761660941491604,-4.3619047619047615,100.4010989010989,-2.1625152625152624,1023.7499999999999,761661384569737,443.078133,8f225e6d32ea8b58103a60518b46d7904a016e29a12a4ed4de79aba6582833bb,16380,451.322147,True,34,54
78.96472191659922,ae665289,137,-1.6735029087793771,761661397174544,0.0,True,True,ae665289,1025,761661404627595,-4.08021978021978,101.44670329670329,-2.415323565323565,1023.7499999999999,761661848548579,443.920984,db2af34ca5ab1c3571b1a1782a76185b828848e5c25f301cd9d685a6e7fa5bb5,16380,451.374035,True,33,54
67.88345502720044,1328feb4,138,-2.281598684243915,761661861202639,0.0,True,True,1328feb4,1025,761661868676659,-3.831807081807082,89.01556776556777,-2.5395604395604394,1023.7499999999999,761662312610518,443.933859,62c94dee901bf9c228e7a0137e7d24b4cf84c478d384463737228eab6dcbf0bd,16380,451.407879,True,35,51
69.82686041302341,241f1b97,139,-1.576066847531471,761662325513327,0.0,True,True,241f1b97,1025,761662332676721,-3.3087301587301585,86.87527472527472,-2.46996336996337,1023.7499999999999,761662776586415,443.909694,be88484d4bc160fea79b94dd247dedbf886ca8c921d3866309532ae7536c86b6,16380,451.073088,True,33,52
129796.41503959683,0a8e1217,140,-12.371807073170562,761662790371820,0.01336996336996337,True,True,0a8e1217,1025,761662797794543,-3.6385225885225885,129812.93113553114,-1.8103174603174603,1023.7499999999999,761663241544095,443.749552,b4a20e0151eb4b9f3a51b308b3f69fda5bae6e8ea31ce5286dce4295368167b8,16380,451.172275,True,585,1022
75.33322339477103,380339fb,141,-2.04431289495594,761663254642813,0.0,True,True,380339fb,1025,761663262285672,-3.8553724053724054,94.48186813186813,-2.06996336996337,1023.7499999999999,761663705557702,443.27203,03c9b4edb030257cc307cd42c7a2c19b7fbf2eaf48bea7f091b8be993f3770bd,16380,450.914889,True,36,53
158.18137806908868,7ea73710,142,-2.643384037522278,761663714187144,0.0,True,True,7ea73710,1025,761663721742798,-3.6905372405372407,177.34749694749695,-2.355006105006105,1023.7499999999999,761664165583341,443.840543,6a58baccf9e52205ea5b04cf8a841cfcee5493785c650dc0a9b96e772b1ca0d3,16380,451.396197,True,55,88
80.79849930899381,e262e5a1,143,-1.6101045926251984,761664173878892,0.0,True,True,e262e5a1,1025,761664180716080,-3.9474358974358976,100.25934065934067,-1.9694139194139195,1023.7499999999999,761664624579557,443.863477,c159d8718ba3c171f9439e4670f83ffb96f35bd870d5fd11df493931c51b8ce3,16380,450.700665,True,32,55
21561.4702711547,f68de1ae,144,-11.196427133880338,761664632313578,0.003357753357753358,True,True,f68de1ae,1025,761664640451291,-4.223809523809524,21588.278632478632,-2.9946275946275946,1023.7499999999999,761665083578748,443.127457,ee1e9a6a6438deb6cf3123b7566ff4450a0f121e2c6680f3c7e1aa34337572d6,16380,451.26517,True,525,823
74.81363258671867,f0c254bf,145,-2.2280397741203086,761665095989879,0.0,True,True,f0c254bf,1025,761665104552304,-3.5650793650793653,90.50189255189255,-1.725824175824176,1023.7499999999999,761665547566377,443.014073,aaaa67828d94655f2b9948ca98baa0eceebcf61c021f2383a6bc629cbeec0d7c,16380,451.576498,True,33,56
73.46816242670639,a09b9801,146,-2.5150323699576442,761665555934114,0.0,True,True,a09b9801,1025,761665562711108,-3.357142857142857,87.97527472527473,-1.7990842490842491,1023.7499999999999,761666006593791,443.882683,047dba8c67889b4a7e1ca8e05cea6d11e0eb204749ff438fe2c08db3b4d8ed38,16380,450.659677,True,34,52
76969.49684289188,11022a95,147,-12.673503361754687,761666016840867,0.010134310134310135,True,True,11022a95,1025,761666023734451,-3.561355311355311,76989.13223443224,-2.6366910866910866,1023.7499999999999,761666467581296,443.846845,9868302aeacbf702cce129ee650a1f5783a5bc90716d0175d39d2fc28eaabde6,16380,450.740429,True,585,1015
71.54110814060448,43c5bbcd,148,-2.356432466940562,761666473819483,0.0,True,True,43c5bbcd,1025,761666480773171,-3.9714896214896216,93.02179487179487,-2.389133089133089,1023.7499999999999,761666927082455,446.309284,75c918a91f5e38a7b5ac9389c393613870a0f472cc8bdc75741a350a577df01a,16380,453.262972,True,34,54
72.89313540515921,df2889c4,149,-1.8950434814292285,761666939271036,0.0,True,True,df2889c4,1025,761666946765535,-3.61990231990232,92.20873015873016,-2.4923687423687424,1023.7499999999999,761667390640854,443.875319,fa66583cc0627f97ffd74aa04383db00b1a9f7ffb3b31eae81e8ba5657331d88,16380,451.369818,True,35,52
232863.98026446826,7f2a1012,150,-10.26441549765406,761667403834112,0.04633699633699634,True,True,7f2a1012,1025,761667410765006,-3.9525641025641027,232896.41953601953,-4.10079365079365,1023.7499999999999,761667854631389,443.866383,7d0331f642181067630434ca0924c12f74400b6015d6b02ea6d314c84fca785f,16380,450.797277,True,585,1016
21989.562296686152,30fadad6,151,-2.126023577277826,761667873041224,0.0008547008547008547,True,True,30fadad6,1025,761667880739017,-3.793345543345543,22007.496642246642,-1.8827838827838828,1023.7499999999999,761668324662517,443.9235,a106075539067590f86a5358bd4c0d896fa47c146988cdb006351d14caa34dab,16380,451.621293,True,467,667
88.8943042827475,85e915fd,152,-0.6100699710802867,761668330163723,0.0,True,True,85e915fd,1025,761668337712675,-4.138278388278389,110.08315018315018,-2.0158119658119658,1023.7499999999999,761668781698012,443.985337,b253992350b877c76c25ebcca0fc00e1121a662c401658921565b41e77db5862,16380,451.534289,True,40,59
21851.81227468129,5d9dbfd6,153,-1.7405025669136287,761668813421512,0.0010073260073260074,True,True,5d9dbfd6,1025,761668820738506,-4.16959706959707,21874.538766788766,-2.311050061050061,1023.7499999999999,761669264515229,443.776723,78372d9a3f17ce5750a85f8a942180bd1ef539e912e8735d77639cd5eab7232c,16380,451.093717,True,491,652
32557.022476739112,63e231bd,154,-10.625639519962942,761669272750677,0.007478632478632479,True,True,63e231bd,1025,761669280328252,-3.557142857142857,32582.009645909646,-3.511965811965812,1023.7499999999999,761669723644707,443.316455,e885d9076f5a255165657a03758801d6f49e43a5e97a7e251ee9daf731e473ca,16380,450.89403,True,552,865
70.9487293909455,58569c8f,155,-1.024114131754331,761669736917444,0.0,True,True,58569c8f,1025,761669744783945,-4.505921855921856,100.11013431013431,-2.9762515262515263,1023.7499999999999,761670188673281,443.889336,f25b19df8016d7c40541a6d7539e56cd4549fe6e0a8afa2f9f0a569a369757fe,16380,451.755837,True,34,53
24954.32220470481,3da70597,156,8.094835839379735,761670200218227,0.00467032967032967,True,True,3da70597,1025,761670207803577,-4.221855921855922,24978.667155067156,-2.5536019536019534,1023.7499999999999,761670651638310,443.834733,364d6ad9ccfddb1d706cf50ef722c82046b6e7e549a0b82b874866542ade8d31,16380,451.420083,True,439,577
77.38437707320492,6b1035c0,157,-1.6352394394722762,761670658069662,0.0,True,True,6b1035c0,1025,761670665817579,-3.7724053724053723,99.61416361416362,-2.8282051282051284,1023.7499999999999,761671109538337,443.720758,43e290e2e0f36ecad47cbdfff0833554a42917304dfbc5ce4bfdc278dc50da44,16380,451.468675,True,36,54
19379.518777608566,677db2a9,158,-0.5458283692201791,761671121234498,0.0,True,True,677db2a9,1025,761671128927461,-3.336691086691087,19398.280402930402,-2.761904761904762,1023.7499999999999,761671575114425,446.186964,e67026af9703ecd7ec9428d031700ea2624048970fc55b14fd4ba2bab88c5f7b,16380,453.879927,True,499,711
74.81195205147586,69619099,159,-0.9583101686231223,761671587938846,0.0,True,True,69619099,1025,761671596721166,-3.815873015873016,95.97692307692307,-2.56984126984127,1023.7499999999999,761672039652363,442.931197,80bb633111f8f6b567e115b13396ffe9978c1e915d9cc0732ea648ee14edaf76,16380,451.713517,True,31,52
72.92592794601953,cda48b3a,160,-1.0195299116630938,761672047108800,0.0,True,True,cda48b3a,1025,761672054791484,-4.283089133089133,96.9930402930403,-2.392124542124542,1023.7499999999999,761672498680420,443.888936,e177d189dabe781c8b1cc6f47afd471de07562e8f3504d46ae682e2392430d7e,16380,451.57162,True,34,55
71.56689057279716,ff465397,161,-1.5044440733317377,761672505469888,0.0,True,True,ff465397,1025,761672514572753,-4.509157509157509,102.89481074481074,-3.315934065934066,1023.7499999999999,761672956660177,442.087424,7e233304267296dd25aab7c2a254cb34e7b65209202580213325a30940cc6a97,16380,451.190289,True,33,53
320.38100200742144,fe49e3ad,162,14.618295660316978,761672966906010,0.0,True,True,fe49e3ad,1025,761672974851110,-4.091330891330891,340.21935286935286,-1.7605006105006105,1023.7499999999999,761673418681004,443.829894,ad28924307e11fe8b835964beb7e23f5ae71b21725133fabf042c1006ff108fb,16380,451.774994,True,59,94
176.39488514910676,e59423e4,163,0.16479457506952386,761673426729218,0.0,True,True,e59423e4,1025,761673433840423,-3.4927350427350428,197.95439560439561,-3.0594627594627593,1023.7499999999999,761673877663484,443.823061,6674ce796ed0053a6b5672cdab72184030c33b0ad051f40f857bc7b3e7091718,16380,450.934266,True,62,100
168.41850151917,42e54665,164,-0.3293436794353108,761673886058303,0.0,True,True,42e54665,1025,761673893815788,-4.740842490842491,197.74902319902318,-2.618192918192918,1023.7499999999999,761674337674056,443.858268,68f36c889c5fbf74cf0b4995415c878ff6d2d8b5b33a3bfe5510589aeb42dce8,16380,451.615753,True,65,100
12466.159948204353,b3598817,165,-0.7291719440302351,761674345404350,0.0,True,True,b3598817,1025,761674352828967,-3.7324175824175825,12486.13144078144,-2.457753357753358,1023.7499999999999,761674796693045,443.864078,3f48d5abd7ce3efe058670c9950336d36bca93496c138779578f6fa026db68ab,16380,451.288695,True,452,644
77.69945564813698,96ed036e,166,-0.6937812473908965,761674804497830,0.0,True,True,96ed036e,1025,761674813929907,-4.554578754578754,110.3019536019536,-3.443589743589744,1023.7499999999999,761675255695985,441.766078,a54a8111709307a55ee192842439f57cdb84c4fc933ccac817da22b3e7ab1b85,16380,451.198155,True,34,51
35909.537644108714,2e5e8498,167,-4.332688307372261,761675260857469,0.00995115995115995,True,True,2e5e8498,1025,761675268956699,-4.0456654456654455,35934.10463980464,-2.8634920634920635,1023.7499999999999,761675712678930,443.722231,dab8da3b507a9d94356fd8fa0669fb0e31fe7ee59c27308cb64a87ee36692464,16380,451.821461,True,505,702
71.02597118422209,aa6e10a7,168,-1.6655100571271177,761675717062917,0.0,True,True,aa6e10a7,1025,761675725021482,-4.404517704517705,97.25927960927962,-2.614102564102564,1023.7499999999999,761676168722413,443.700931,eb90a11380ce2095fd99a1334f50ebe21ca7c441be6336594bd4447eb3829283,16380,451.659496,True,32,52
77.27109695927463,a405d04c,169,-0.316095649552956,761676176500858,0.0,True,True,a405d04c,1025,761676183901960,-4.085653235653235,103.27100122100123,-3.0507936507936506,1023.7499999999999,761676627699153,443.797193,a6b54b4c316e6cfcf6033a5f9fcee21204e6a1ec286cdb87735ece58b3abaf29,16380,451.198295,True,34,54
68.89765785428791,db63255c,170,-0.9850958958123901,761676634663060,0.0,True,True,db63255c,1025,761676641916053,-4.124664224664224,98.63162393162393,-3.566666666666667,1023.7499999999999,761677085689050,443.772997,d665a6ad311160d76cd73d04bec3d5979163e8da95220bcbd3f2bbdd37683c6e,16380,451.02599,True,29,55
27405.495955336544,ec8796cb,171,-15.074042546957022,761677093628629,0.00753968253968254,True,True,ec8796cb,1025,761677100965790,-4.282112332112332,27426.100793650792,-1.506105006105006,1023.7499999999999,761677545039465,444.073675,c5b3461721d1cbc81fad56644abb9b245a48c33fb9dbe85939288271ba96b167,16380,451.410836,True,426,512
62.02933973501739,c8df0169,172,-0.5755186799014302,761677551276921,0.0,True,True,c8df0169,1025,761677558923467,-4.28009768009768,85.56581196581196,-2.284126984126984,1023.7499999999999,761678002709759,443.786292,7a6a6b72e6af25650cc9488fd16e2e12ab6d1d0cb615de4e7da9984fc3262b8b,16380,451.432838,True,30,50
75.97437372626017,254a1f9a,173,-1.0225614847597562,761678010215599,0.0,True,True,254a1f9a,1025,761678017898283,-3.9816239316239317,99.52307692307693,-2.774053724053724,1023.7499999999999,761678461723759,443.825476,5ea0354b8f414a78474cb9b8dccd005047a6f73b47a23293cd3ac1efb4a03662,16380,451.50816,True,35,54
79.46826627517105,be879838,174,-1.5819646676487762,761678468744664,0.0,True,True,be879838,1025,761678476904840,-4.29993894993895,101.306105006105,-1.8298534798534798,1023.7499999999999,761678920730326,443.825486,a639dd67f4e9e8c092e26ecd22736216e831144992b853151178436a30f08fa1,16380,451.985662,True,33,56
63.77106280403899,e3cc7f58,175,-1.1972773129201706,761678933340042,0.0,True,True,e3cc7f58,1025,761678940960348,-4.1139194139194135,84.30934065934066,-1.901037851037851,1023.7499999999999,761679384745298,443.78495,70fed9ba740e60d060c6f706e9decb6e93788d633a1a89f65674c4290f48c77b,16380,451.405256,True,33,51
42965.21999483796,22eb4b91,176,-8.981380674245692,761679396143206,0.011111111111111112,True,True,22eb4b91,1025,761679404008434,-4.698046398046398,42992.52142857143,-2.2868742368742367,1023.7499999999999,761679847744682,443.736248,3dd155fe786426e90cd65f6d711a2040d9d7dbb757d1daf12930e023f858c436,16380,451.601476,True,553,852
68.63071641762117,d9f04e6d,177,-0.5447838381030247,761679855928132,0.0,True,True,d9f04e6d,1025,761679865099456,-4.763308913308913,99.97484737484737,-2.941941391941392,1023.7499999999999,761680307750515,442.651059,45954b4ff105dffb21375ff545bae842003dda0c230703db7b85c1b7654bcb57,16380,451.822383,True,32,51
68.86482147516031,68946024,178,-0.17661882210459562,761680327264616,0.0,True,True,68946024,1025,761680337043497,-4.533699633699634,94.59835164835165,-2.2757631257631257,1023.7499999999999,761680780221892,443.178395,0cdcc0c4821791ccc9238a6ec2a6cc4eefe4d145d6591cd0b0740998ad4cc99c,16380,452.957276,True,32,54
68.64743140626841,bdac2488,179,-1.3197293237569996,761680785339925,0.0,True,True,bdac2488,1025,761680792921448,-4.051221001221001,93.0489010989011,-2.8264957264957267,1023.7499999999999,761681236765229,443.843781,e347d1244683538d1a789e3053207b7313305428b72039cddea4c03c69edd21d,16380,451.425304,True,32,49
70.85259820934729,15e8bbbe,180,-0.46487044756067875,761681242774614,0.0,True,True,15e8bbbe,1025,761681250879816,-4.746031746031746,96.86208791208792,-1.8667277167277168,1023.7499999999999,761681694794080,443.914264,573cc50435a533a32895067f987694b5599db11dcb8a8ada8554dfb1db04c763,16380,452.019466,True,34,52
75.6558084250575,1407cf38,181,-0.721701259632046,761681702843546,0.0,True,True,1407cf38,1025,761681712395098,-4.503968253968254,103.29133089133089,-2.711050061050061,1023.7499999999999,761682154773864,442.378766,a40385e69729de3cd11d496f8b839283a64972db714a83e843a31c1ed70a0dca,16380,451.930318,True,33,54
73.0226501056263,dcb3a0e1,182,-0.8285902780294339,761682165232178,0.0,True,True,dcb3a0e1,1025,761682172959687,-5.432478632478633,107.32704517704518,-2.1891941391941394,1023.7499999999999,761682616777258,443.817571,983f949b332bf20df51b5284b32012fd9e26254e5241e629ef802848494d762f,16380,451.54508,True,33,52
76.38074449394045,260fd19e,183,-0.2772997934600911,761682624161809,0.0,True,True,260fd19e,1025,761682631862638,-4.1932844932844935,100.03888888888889,-2.4646520146520148,1023.7499999999999,761683075776842,443.914204,35b858406e5040171d6de97510185fa79fc986657ccddd823f38a64aff510150,16380,451.615033,True,34,54
164453.14093126313,6bccc469,184,-15.233361939900444,761683081937523,0.0022283272283272282,True,True,6bccc469,1025,761683089872964,-5.801526251526251,164498.5457875458,-3.4274114774114772,1023.7499999999999,761683533787930,443.914966,4d6832be889f3153feb6dd6c68940fcc05dc352faf74b7ae6a50a63f08057cf6,16380,451.850407,True,585,1024
73.20331518976208,6580819e,185,-0.48492669026051327,761683545337294,0.0,True,True,6580819e,1025,761683552924137,-4.991086691086691,101.94945054945055,-1.9583638583638583,1023.7499999999999,761683996767317,443.84318,48907e1f24c282cfab5e97a4f7aaf0d30fa79d4a7890a508ef8b7e7468093d35,16380,451.430023,True,35,55
77.30841076031551,f4227d31,186,-0.704578548251374,761684004980623,0.0,True,True,f4227d31,1025,761684012914822,-4.8996336996337,104.71184371184371,-1.843101343101343,1023.7499999999999,761684457229061,444.314239,e03eda106ad591197341de88825e1f54dd72c26258993bf7b87cde86d5a1203d,16380,452.248438,True,36,55
60.78991117178847,8fcf516e,187,-0.8106653368800669,761684466681126,0.0,True,True,8fcf516e,1025,761684476910908,-4.954761904761905,92.27466422466422,-2.6334554334554334,1023.7499999999999,761684918832411,441.921503,10f00beeb554284832576c2f76d2e016e6109e3b5b95c8aab918f114920730ff,16380,452.151285,True,31,48
67.35989270023153,9090d2fe,188,0.10503961674316992,761684959014350,0.0,True,True,9090d2fe,1025,761684966963788,-4.096703296703296,90.15195360195361,-2.4513431013431015,1023.7499999999999,761685410833298,443.86951,9cdac7533c18897cc3d942a066ef0dd0bc5f3e036d01a430f3f5feef607aacc4,16380,451.818948,True,34,55
67.40759387471842,27848800,189,-0.48033346332592486,761685418435710,0.0,True,True,27848800,1025,761685425771029,-3.5575702075702074,86.49560439560439,-2.536080586080586,1023.7499999999999,761685869825508,444.054479,e93f9de4dd86a06be87b39e6b1b9a56e79ab2cee3fa846cfddb3c164b3aec03a,16380,451.389798,True,31,49
14010.279006427028,44d2b7fa,190,-11.605095758416773,761685877063983,0.0011904761904761906,True,True,44d2b7fa,1025,761685885680200,-3.975091575091575,14034.145543345543,-2.83992673992674,1023.7499999999999,761686328829911,443.149711,7f88c4c4fdbb41d244baa28027d2945b6a2cb997b6fa4029628ab0faae487249,16380,451.765928,True,502,783
65.41932437559727,32fc8b87,191,-0.8471038129070202,761686336641809,0.0,True,True,32fc8b87,1025,761686345087764,-3.342735042735043,79.69041514041514,-1.7598901098901099,1023.7499999999999,761686788823091,443.735327,a040a2b94d584d5125d2c0f65c403d58c60defee54547e1c6488065b1fdcb0e0,16380,452.181282,True,33,51
68.28262662110647,ee43cc76,192,-0.20408077687842363,761686797741809,0.0,True,True,ee43cc76,1025,761686806930516,-4.631562881562882,93.04004884004884,-1.8182539682539682,1023.7499999999999,761687249841887,442.911371,f99d5b7cf98d5c8170d000ad3fe2ca78a0af72ccc8798f3d09535d24d8308ff1,16380,452.100078,True,30,51
120340.10308537245,ec7022ea,193,-10.574318566798935,761687259049680,0.010256410256410256,True,True,ec7022ea,1025,761687266863542,-5.096703296703296,120375.13266178266,-3.008852258852259,1023.7499999999999,761687710845755,443.982213,910223cc00fe2d5a18e16e2465ce2214bce381164ea4838b0a2d3ed63958434a,16380,451.796075,True,585,1024
24037.6784012301,ea0abba6,194,-3.6892134052495758,761687718913206,0.004517704517704518,True,True,ea0abba6,1025,761687726719433,-4.5606837606837605,24065.352686202685,-2.621916971916972,1023.7499999999999,761688170854374,444.134941,06f6445896bb9d1afaba0990271049454a738548d9edadc0500111538e8be61a,16380,451.941168,True,431,562
18577.908002101347,1a5640e2,195,-2.5571741411861035,761688179215479,0.0,True,True,1a5640e2,1025,761688186745585,-4.005433455433455,18596.904945054946,-1.7185592185592184,1023.7499999999999,761688630838537,444.092952,634ece058f900b7a697a5047753bb063048774b22bcd76690ed79ec35fbfe245,16380,451.623058,True,470,643
8104.319479069296,2e386605,196,-15.47635851196571,761688637042971,0.0001221001221001221,True,True,2e386605,1025,761688644737698,-3.6223443223443224,8121.0,-1.8865689865689865,1023.7499999999999,761689088849686,444.111988,b781f1887b1ade0c8beae4709a9c72be99fe36dcf19b21a67c51acdded718e0f,16380,451.806715,True,477,690
67.14945582331113,549663d8,197,-0.7680934822508969,761689094582709,0.0,True,True,549663d8,1025,761689102703931,-3.4553113553113555,83.68858363858364,-2.1447496947496947,1023.7499999999999,761689546851386,444.147455,c93c7b1e3d45e0f4e03cf5e2c0ce1ac332888f5e59f4c4257b08d1fa2e59ac53,16380,452.268677,True,34,52
49255.847420497004,b13ff729,198,-3.835647858498412,761689549888229,0.014438339438339439,True,True,b13ff729,1025,761689557662406,-5.010622710622711,49283.73846153846,-1.6687423687423688,1023.7499999999999,761690002747371,445.084965,a70a038a3be621646637d0a7fe4996bcccaa6b6a040a0ccc64d1e2496276d2d3,16380,452.859142,True,513,714
117120.09356165238,871bb4ab,199,-12.632560490666656,761690008162194,0.0032967032967032967,True,True,871bb4ab,1025,761690015677943,-4.767032967032967,117153.68199023198,-3.296031746031746,1023.7499999999999,761690459814397,444.136454,89ec5b5b8a8894b12252e64ad642efc57bbde5f107ff68dda4cd4e63a148d251,16380,451.652203,True,585,1024
2947.4031220360157,a5ddce85,200,-0.5693494583511475,761690464429019,0.0,True,True,a5ddce85,1025,761690471629964,-4.40952380952381,2973.8931623931626,-2.6544566544566544,1023.7499999999999,761690915822374,444.19241,cf70de6633781c380991199fb8296db1ac85027492058c5f0042d4f9582380ee,16380,451.393355,True,277,354
10497.919360379477,83b80612,201,-0.5664576611183373,761690919474358,0.0036324786324786326,True,True,83b80612,1025,761690926621882,-5.452686202686203,10537.34536019536,-3.1135531135531136,1023.7499999999999,761691370837977,444.216095,aa5ac62e079cf1cf25bb08d887c430dcc8bedb473c5ee31d8ee6f746925e7445,16380,451.363619,True,216,286
982.1165932426004,7ca4ed79,202,-0.014133411491612128,761691374079306,0.0,True,True,7ca4ed79,1025,761691381712397,-3.908913308913309,1003.6908424908424,-2.508913308913309,1023.7499999999999,761691825875321,444.162924,a32f839e955f139dcec06cf6e059da0b87f24217bc8ef2c433b618c961e8d3ac,16380,451.796015,True,145,173
138205.86371949918,6a5b2f5e,203,-11.247532648833896,761691830167835,0.026678876678876678,True,True,6a5b2f5e,1025,761691837674467,-4.058424908424908,138234.55164835165,-3.4952991452991453,1023.7499999999999,761692281865504,444.191037,d99d5e1234edf7a8b1c7712f69e1904c6ad7f564dbe642beb48f95ca2d951567,16380,451.697669,True,585,1019
62.11937103528678,cae5eae8,204,-0.1621423389673498,761692284367297,0.0,True,True,cae5eae8,1025,761692291693589,-3.7697802197802197,80.60500610500611,-2.0674603174603177,1023.7499999999999,761692735859469,444.16588,2e81c8c7dfd2f39e61fa695250c257220615e450cf987ae06e6f9d7c097a1e16,16380,451.492172,True,33,51
22899.023022947076,4bb638d9,205,-6.395434541568353,761692739573601,0.002197802197802198,True,True,4bb638d9,1025,761692747716424,-3.7075091575091577,22918.267643467643,-2.344993894993895,1023.7499999999999,761693190949463,443.233039,f6909fb296948491dcb8eb5af30723fbf8ed40a3fc2becb0ecae1a278cffdb36,16380,451.375862,True,474,641
11073.825776748348,55849a84,206,0.11587586699218269,761693194667843,0.0,True,True,55849a84,1025,761693202690098,-3.9336385836385834,11092.755982905983,-1.8592185592185593,1023.7499999999999,761693645959956,443.269858,4aed826177675148c18e820da5779fd74516bb9de2ed278cbf1f934de323aae3,16380,451.292113,True,454,672
61.280516066825584,95301b12,207,-0.026658902206158422,761693648788086,0.0,True,True,95301b12,1025,761693656669435,-3.4643467643467645,77.59151404151405,-2.075885225885226,1023.7499999999999,761694099956085,443.28665,1a0d6b8da20616bc4acab7d59f0e1afbdb9583e99fb9c7b0b26f1b00bb7a3299,16380,451.167999,True,32,51
60.597141753918315,6c0bf61f,208,-0.1017330966962505,761694103967639,0.0,True,True,6c0bf61f,1025,761694111047044,-4.164713064713065,80.46654456654457,-1.5888888888888888,1023.7499999999999,761694555029358,443.982314,d4825989230173a7b51533af3482b7fc6a7ebc4613720d3106f3450f834e6b76,16380,451.061719,True,31,46
47682.86185160958,e42fbac4,209,-10.442260220089462,761694559880827,0.010409035409035408,True,True,e42fbac4,1025,761694566991641,-4.921550671550672,47716.00164835165,-2.9863247863247864,1023.7499999999999,761695010977101,443.98546,fc61681505e5819a677bb5abeea00d1cedf16120255c133a62db1834f97fef56,16380,451.096274,True,564,878
77035.0215188234,b898d5f5,210,-12.469393065633913,761695013564315,0.007264957264957265,True,True,b898d5f5,1025,761695021057031,-4.515018315018315,77060.6434065934,-2.288339438339438,1023.7499999999999,761695464952150,443.895119,de13117fb737d0eac5ded6ce35931f32e1ffd42ff78e36554fed1607c9adc103,16380,451.387835,True,583,1011
744.0537196930053,998042bd,211,-10.410989155029583,761695467783295,0.0,True,True,998042bd,1025,761695475148620,-4.063553113553113,770.6625152625153,-3.1774725274725273,1023.7499999999999,761695918980921,443.832301,e8b2d889d2be17295f54ddabcd30c6541b0f0db9a5d7f581239c09fd2d184b0e,16380,451.197626,True,147,225
72.93961138915351,3f4ce4e0,212,0.11466037453180701,761695922069672,0.0,True,True,3f4ce4e0,1025,761695929065900,-3.2807692307692307,90.26422466422467,-2.5614774114774113,1023.7499999999999,761696372983081,443.917181,c17055c3226707a73c9f4155c23955d93f5c45ff53734532a4d7f33088ee981d,16380,450.913409,True,34,51
66.64423599463893,d478eca9,213,-0.6829842577543387,761696376157464,0.0,True,True,d478eca9,1025,761696383044376,-4.2394383394383395,89.94871794871794,-2.309035409035409,1023.7499999999999,761696826986424,443.942048,6ff4f43f219d128e698d797a0eaefb0b935cd4f8eab9739fbaab9d4d43cf06b3,16380,450.82896,True,32,53
22857.991506195947,0f50868d,214,-3.5780226195621774,761696830019259,0.007081807081807082,True,True,0f50868d,1025,761696837057998,-4.12063492063492,22880.03144078144,-2.2495115995115995,1023.7499999999999,761697280998703,443.940705,c77aeaa687e7b83e0c598c41ad6ec1881b26533bf253c6ed37a9cedb4910461c,16380,450.979444,True,432,592
58.44143122513086,89703eaa,215,-0.5716001597528855,761697284984628,0.0,True,True,89703eaa,1025,761697292146990,-4.155555555555556,79.9998778998779,-2.0711843711843714,1023.7499999999999,761697736009508,443.862518,4c1daddc28e6f74913a2e08cdc079e837dabacee61364e97e54b1c2b005f74a3,16380,451.02488,True,31,48
66.51526719278552,37129525,216,-0.2704274003832471,761697739521839,0.0,True,True,37129525,1025,761697747058317,-4.456105006105006,95.92167277167277,-3.0902319902319904,1023.7499999999999,761698190992751,443.934434,b3294164b2eea16094734ef568ca97bb52746a59c34b7e35c1cec146c7fa5946,16380,451.470912,True,33,48
61.704745170038215,5fec87f5,217,-0.2792757467266441,761698194105537,0.0,True,True,5fec87f5,1025,761698201080345,-3.8564713064713065,86.19658119658119,-3.1015262515262516,1023.7499999999999,761698644997276,443.916931,d27ceaeb2519e7bf28f66871883e7a763df81f2fa035679fc2dde94d10b41c2b,16380,450.891739,True,30,47
50607.300303099764,fd976c64,218,-15.555193173453992,761698649055287,0.0,True,True,fd976c64,1025,761698656086942,-5.0356532356532355,50643.54206349207,-3.299084249084249,1023.7499999999999,761699100014292,443.92735,0d7b3ebad1caebe95be9bed694647afd992991e1164fa24e02ef9111e0387c21,16380,450.959005,True,380,615
347800.9391272711,e5b235e2,219,-3.3394227342101432,761699102969191,0.13760683760683762,True,True,e5b235e2,1025,761699110181637,-2.935042735042735,347817.3291208791,-2.7884615384615383,1023.7499999999999,761699553995113,443.813476,be284f6c5a171f371378d5c47332feb01d40e7be48f8d626aa5bdc447ea1d96a,16380,451.025922,True,584,765
36181.505798097234,d47f88da,220,-8.001337955313332,761699556579091,0.011385836385836385,True,True,d47f88da,1025,761699564096162,-4.218131868131868,36212.89822954823,-3.687789987789988,1023.7499999999999,761700008053980,443.957818,214a95eb0b9fe7defc4a68bb99a64d6cae753f7dcc23740f7ed9ac290dcc88d5,16380,451.474889,True,496,652
61.551903748130854,f1ec22df,221,-0.34882045922494964,761700011781127,0.0,True,True,f1ec22df,1025,761700019224579,-3.492063492063492,81.12503052503052,-2.7163614163614165,1023.7499999999999,761700463024349,443.79977,b983d6ff7e1b673339fe0c63bdd3d0a8e238ee92c08f7d3a7975040ed7449c8a,16380,451.243222,True,30,46
127526.19367496025,5acbcbf4,222,-12.67376802710354,761700465838943,0.006196581196581196,True,True,5acbcbf4,1025,761700473117654,-5.258852258852259,127568.71074481074,-3.855067155067155,1023.7499999999999,761700917050976,443.933322,2e39a30d1510850ab3c57fab6b3b9be48b88b6e0c2359f274fb8bbd4bbad78b7,16380,451.212033,True,585,1023
65.08268932600436,efc7d55c,223,0.26218872446024516,761700920700235,0.0,True,True,efc7d55c,1025,761700928137656,-3.7051892551892553,84.44029304029304,-2.3725885225885226,1023.7499999999999,761701372029971,443.892315,35bd6346ac68cd902862d69dce2a3d9a12c696565e7278b16c653b996f21daa2,16380,451.329736,True,31,52
66.21118893316697,848482db,224,-0.3089051198546621,761701375072535,0.0,True,True,848482db,1025,761701382460102,-4.871062271062271,97.51807081807083,-2.753113553113553,1023.7499999999999,761701826029106,443.569004,9e233136cc200da8b2ba8658f2c4404487fab70fbcbfc0cb00f8e9b1f967e5fc,16380,450.956571,True,30,46
63.47321976083881,6c876ca9,225,-0.16793161564170211,761701828722110,0.0,True,True,6c876ca9,1025,761701836131488,-3.793040293040293,84.75372405372406,-2.6255189255189255,1023.7499999999999,761702280070461,443.938973,742cb83c0bbcdc189836e4e45244c404d27121cb8a08bd6e78c3dfbe62ffe523,16380,451.348351,True,31,50
32612.916580343073,fcaa1c62,226,-3.38062909575402,761702283491610,0.005952380952380952,True,True,fcaa1c62,1025,761702291244967,-3.7704517704517704,32630.343284493283,-1.7917582417582418,1023.7499999999999,761702735419435,444.174468,cb6e263757e60d81ff7a07627b3e226c55d36b5a73738da74e5f39a5e6e77851,16380,451.927825,True,554,843
12193.886793906471,3de0e4be,227,-6.513244181236456,761702739806787,0.003083028083028083,True,True,3de0e4be,1025,761702748032186,-3.397008547008547,12210.681135531135,-2.292307692307692,1023.7499999999999,761703191073134,443.040948,b8e3ea40f0906810e6a537e5755298387b805c5df9ba128296e5f925b4413fd4,16380,451.266347,True,403,540
63.35985061370594,61a7dc37,228,-0.00236883623145047,761703196959366,0.0,True,True,61a7dc37,1025,761703204247586,-3.6336385836385836,81.82289377289378,-2.2934065934065933,1023.7499999999999,761703648056593,443.809007,f095a421971e488ecd7240a082790c8a75ec2b5bf96c2ccd61f1878052f21471,16380,451.097227,True,30,51
72632.08947520056,ec0708f7,229,-13.764277445332507,761703650937211,0.003083028083028083,True,True,ec0708f7,1025,761703658162462,-4.7987179487179485,72660.46263736264,-2.312026862026862,1023.7499999999999,761704102072210,443.909748,8ed9bf4d30b1f3eede83ea7a117e52b3fd3a603049545427202682b3152b56a4,16380,451.134999,True,585,1016
310.35408559829807,53372284,230,12.476387218458278,761704105076782,0.0,True,True,53372284,1025,761704112167138,-3.9623931623931625,330.43699633699634,-2.0934065934065935,1023.7499999999999,761704556081274,443.914136,87bedd60554156467bfa9110fd202115eb07df33d0c521d45fe6701c5a5646cc,16380,451.004492,True,59,92
116.48091008198153,3b0ed6db,231,-0.16700429423759966,761704559108128,0.0,True,True,3b0ed6db,1025,761704566248819,-4.079670329670329,140.18113553113554,-2.6564102564102563,1023.7499999999999,761705010057246,443.808427,3fb31bf97e5fd7ab4961fd0dd0da9e8364683b1558f4151b99802557e5418921,16380,450.949118,True,56,89
63.43609165559715,89eee048,232,-0.11753116672452797,761705013911832,0.0,True,True,89eee048,1025,761705021199331,-4.865750915750915,90.35360195360195,-1.8005494505494506,1023.7499999999999,761705465101494,443.902163,b82e91595bd467f9a5989a9ffc772fb290e9b1836d89f982cd0db60406e4bd2b,16380,451.189662,True,30,47
22701.541869440087,faa35f57,233,-7.952206560015559,761705469927715,0.008547008547008548,True,True,faa35f57,1025,761705477267041,-3.55018315018315,22718.782356532356,-2.153296703296703,1023.7499999999999,761705921081750,443.814709,e85d6c094bba26c63cd47dcf04d1fc72332ff90794115fdedd56a1b7e12ea5e0,16380,451.154035,True,293,370
64.92482220940096,ce170fec,234,-0.08119610190579624,761705924848140,0.0,True,True,ce170fec,1025,761705932220959,-2.915995115995116,77.68937728937729,-2.0643467643467646,1023.7499999999999,761706376100440,443.879481,02f48c1c4f08e01f1388f940a553b3395938cb76c23fb70d6a63dd3ab27ff224,16380,451.2523,True,30,48
65.02914199692587,9f463812,235,-0.3250528616578703,761706379302776,0.0,True,True,9f463812,1025,761706387202229,-4.038034188034188,85.95421245421245,-2.149267399267399,1023.7499999999999,761706831080017,443.877788,c1d15212238f4ea0b8d0af9184bf5cb201cd538efb1dbd7625e788b5080f2701,16380,451.777241,True,35,50
63.9146955920216,596a7422,236,-0.25250674561582737,761706833972037,0.0,True,True,596a7422,1025,761706841284181,-2.851770451770452,74.41452991452991,-1.5385836385836387,1023.7499999999999,761707285077038,443.792857,f12044a004d9ce505265a5d5612a2508a0ebc3313dfd7fe7e609d88005efb9c0,16380,451.105001,True,30,50
44094.298178956444,7951991b,237,-5.008826567216008,761707287917491,0.019261294261294262,True,True,7951991b,1025,761707295293176,-4.078327228327228,44118.040415140415,-2.666361416361416,1023.7499999999999,761707739083278,443.790102,4e5e815635cbccf0923cf8fdda9b392f340bdee5548254f9918e618c619e0f30,16380,451.165787,True,358,421
156594.5660429684,6cf01cdb,238,-11.945007633226385,761707742053134,0.008424908424908424,True,True,6cf01cdb,1025,761707749316186,-5.6712454212454215,156632.32728937728,-2.366056166056166,1023.7499999999999,761708193115526,443.79934,ccbd2bd051370e1e7e21801b26c44e01c5b9a01d8a577aac8b68d52bdfeca8ea,16380,451.062392,True,585,1024
43449.426167170575,30d5233d,239,-12.79690021670425,761708195993108,0.005250305250305251,True,True,30d5233d,1025,761708203472268,-3.352991452991453,43463.75305250305,-1.7562271062271062,1023.7499999999999,761708647113980,443.641712,939a220defeb9872bfe786a825b17885f87b952186d5c53f31f23d5346ea1bdb,16380,451.120872,True,577,969
58.1928572024909,74f3a0ce,240,-1.2466495894743297,761708649884000,0.0,True,True,74f3a0ce,1025,761708657282267,-4.008669108669109,75.21404151404151,-0.9755799755799756,1023.7499999999999,761709101111162,443.828895,9fe1d6ce6742cefe0c167599b6daa0e65f799c7c1d62f355fa88c954f9056b51,16380,451.227162,True,29,47
47448.55961419194,b843f0a4,241,-13.075379232824567,761709103924644,0.008577533577533578,True,True,b843f0a4,1025,761709111276003,-3.7495115995115995,47468.73516483516,-2.4731990231990233,1023.7499999999999,761709555118063,443.84206,b0fa52ecdb6c2bcc761c8ed66135daef5f49265e77b4c11fbe8bc66ef2ddb891,16380,451.193419,True,567,895
39269.189204672,c6c4e964,242,-12.772756485354076,761709557942676,0.00015262515262515263,True,True,c6c4e964,1025,761709565262595,-4.552197802197802,39297.00427350427,-2.663186813186813,1023.7499999999999,761710009102251,443.839656,e40a12dbbc63a0fefb80f07a8703fb7f25f142e222b76500ee04dbae39223721,16380,451.159575,True,528,859
46197.51652524147,ed030765,243,-8.016639641648116,761710012290861,0.010409035409035408,True,True,ed030765,1025,761710020257361,-3.1456043956043955,46221.82167277167,-3.796092796092796,1023.7499999999999,761710464119539,443.862178,ef7d5ccf0df7135dae2dd28de1950480b7f77c6fdeb105ec815ca2347669d65a,16380,451.828678,True,570,918
304.8214199804401,d62ee42b,244,14.68024256516748,761710467144550,0.0,True,True,d62ee42b,1025,761710474241999,-3.202930402930403,318.69041514041515,-1.90006105006105,1023.7499999999999,761710918132792,443.890793,0218aebb19cf299b7f61ffeabdd93e1a94a357d2f0c40f18717b05cefa62fe56,16380,450.988242,True,57,92
16584.782389010394,00f26927,245,-0.12894015751230933,761710920963075,0.0,True,True,00f26927,1025,761710928251455,-3.555250305250305,16598.93833943834,-1.2313186813186814,1023.7499999999999,761711372154340,443.902885,0a8f64fa8cfc36c690ab7c3cc012027fceda35ffc18af60cb75c90f7f65f85d0,16380,451.191265,True,500,693
65.68599243993016,36a4c6e7,246,-0.05735614824934989,761711375082127,0.0,True,True,36a4c6e7,1025,761711382359837,-2.7181318681318682,76.41098901098901,-1.8266788766788766,1023.7499999999999,761711826148897,443.78906,b02c1d7b92d8487a45fcc11429842ad2adfbb18bfd79f84f61fa701b88ae8723,16380,451.06677,True,31,47
42728.34553608141,d7d0720f,247,-2.03121929786189,761711830303150,0.010775335775335775,True,True,d7d0720f,1025,761711838379247,-2.8918192918192918,42737.88308913309,-1.0839438339438339,1023.7499999999999,761712282123473,443.744226,837f92b9f22d87b232a546ae8b56773a7a4950261810969a111d52e6838bd0d7,16380,451.820323,True,508,706
58.19919710597367,983e112d,248,-0.42129213239543994,761712284627280,0.0,True,True,983e112d,1025,761712292262104,-2.3532356532356533,68.93687423687423,-2.2803418803418802,1023.7499999999999,761712736139130,443.877026,a1867de31941e04a62bb31962670b21c66f34f6d3cae599a6282e34a5c3e966e,16380,451.51185,True,29,49
1139.6726363041382,5871c015,249,-25.82944592126679,761712738750030,0.0,True,True,5871c015,1025,761712746295254,-3.4195360195360194,1160.1416361416361,-2.9623931623931625,1023.7499999999999,761713190151201,443.855947,ca0f34777743089eb64a04a3720684b1d1a11f0ab18f8d5c31f999d5a51f3234,16380,451.401171,True,181,277
63.672096230997326,aeec1c3a,250,-0.4109542196324766,761713193148830,0.0,True,True,aeec1c3a,1025,761713201281183,-3.2673992673992673,80.03089133089134,-2.383882783882784,1023.7499999999999,761713645169051,443.887868,4e37fa3fa7ae089e9fa8a96ac80e9ae0cab4ef91a7d90f5207a282ff07875800,16380,452.020221,True,31,49
931.4584059896146,e30a7d9f,251,-26.37512158949377,761713648811758,0.0,True,True,e30a7d9f,1025,761713656317327,-3.583882783882784,948.9891330891331,-2.1648351648351647,1023.7499999999999,761714100142035,443.824708,6b4f76cfd307b047e16cd2ab4c21645827d036bd36264d2800ba7e1ef8a392f0,16380,451.330277,True,156,240
243572.9499172097,576dbfb1,252,-11.401545123895174,761714102925741,0.04471916971916972,True,True,576dbfb1,1025,761714110198651,-3.4555555555555557,243596.25854700856,-3.3716117216117216,1023.7499999999999,761714554177831,443.97918,d4f67cb7d2cb8a6eca0f14a92ef01014af749a6ca33ce4a20cf7a8b23e76fa33,16380,451.25209,True,585,1022
67.74335685512425,3ddcbddd,253,-0.14969499071671222,761714556846189,0.0,True,True,3ddcbddd,1025,761714564196285,-3.706898656898657,91.31141636141636,-3.1347985347985348,1023.7499999999999,761715008196985,444.0007,95ecfd464b9645ec39fc2efd6916cee4030aa0acaba645a501af12dbfea94b8c,16380,451.350796,True,32,48
59.68717110863631,67382a5e,254,-0.2597238760021827,761715012061922,0.0,True,True,67382a5e,1025,761715019301860,-3.3505494505494506,75.05177045177045,-2.034310134310134,1023.7499999999999,761715463211288,443.909428,a2a199858da12b827dd55b3240ebaf30c83c0f90affe6b3fe1a6e86c5dc050b9,16380,451.149366,True,28,44
61.223611465186565,78c31456,255,0.22524406200758368,761715466083280,0.0,True,True,78c31456,1025,761715473241504,-4.2344322344322345,81.85702075702076,-1.644078144078144,1023.7499999999999,761715917200606,443.959102,bdb47502065456e417a57578e6470137d4161a59880bcc737092beca3e677949,16380,451.117326,True,31,47
22590.10254509058,f5b3f08a,256,-23.156696775446925,761715919984412,0.001617826617826618,True,True,f5b3f08a,1025,761715927227155,-3.7252747252747254,22609.096153846152,-2.261843711843712,1023.7499999999999,761716371209611,443.982456,e05cda62cb018292a14a516cee808c2db2163909f4616e1c957e583d3ad34f41,16380,451.225199,True,476,640
40752.45020830817,09bd4736,257,-9.05964932333393,761716373733496,0.005708180708180708,True,True,09bd4736,1025,761716381247802,-3.511172161172161,40772.04383394383,-2.6954212454212456,1023.7499999999999,761716825223676,443.975874,879660b25013e8a938983efdd33f890e94cf2a1ec79802c3e8d1fa9fe866ef4e,16380,451.49018,True,570,921
62.46824365161361,23050857,258,-0.04051112288506481,761716828058047,0.0,True,True,23050857,1025,761716835242661,-2.5822954822954824,77.46031746031746,-2.885103785103785,1023.7499999999999,761717279212162,443.969501,1e7a3b182dd170d67317c426cb8d1e4529c33466537c004726db03f91006437c,16380,451.154115,True,29,49
22224.399255286164,efaa0b42,259,-0.11652055314249699,761717282570863,0.0020757020757020757,True,True,efaa0b42,1025,761717290179488,-3.4186202686202685,22242.21501831502,-2.4756410256410257,1023.7499999999999,761717734202711,444.023223,e3db4316b165ba6e886a79c092e43e223c2742135c39e6b394e0f9b55e597f72,16380,451.631848,True,491,652
95.63686989479115,2f45dcd5,260,0.16556113810358014,761717736849918,0.0,True,True,2f45dcd5,1025,761717744172493,-3.1204517704517705,108.62728937728937,-1.8036630036630037,1023.7499999999999,761718188222276,444.049783,ab8b198d05774fc42690a08e3f013f234f0c93133e964fc7f706fcf6a065d92c,16380,451.372358,True,55,81
65.8799892957402,4d0e091f,261,-0.14543819489868381,761718191230976,0.0,True,True,4d0e091f,1025,761718199174172,-4.013675213675214,87.22747252747253,-2.2886446886446885,1023.7499999999999,761718643279450,444.105278,b350f0577128cf14d5549ae2b585c553ab71641e10a0d0ab9089e0aa661b000b,16380,452.048474,True,32,47
63.63574253348063,539abc38,262,0.18027311645976127,761718646171260,0.0,True,True,539abc38,1025,761718654189447,-4.026495726495726,84.13290598290598,-2.06990231990232,1023.7499999999999,761719098242497,444.05305,5d625e3cd72b5219de19d7a74caa0f560221149846a32cce1334d803ada962a1,16380,452.071237,True,29,46
59.677514956892246,29b3bf92,263,-0.1991884030618677,761719102185581,0.0,True,True,29b3bf92,1025,761719110297736,-3.2838827838827838,73.88412698412698,-1.8500610500610501,1023.7499999999999,761719554227402,443.929666,c6ec65eecc4f53ac0be583891e8fec53aadde602084b5a2dbfe71cbb84f05ba7,16380,452.041821,True,29,42
168133.54067378317,88e1d47a,264,6.756780833637555,761719557567458,0.0322954822954823,True,True,88e1d47a,1025,761719565167226,9.988278388278388,168322.13412698414,-9.424847374847374,1023.7499999999999,761720009253939,444.086713,b335c9b720bb6facb7547ae87a952f2417a2c93541e7ff4232dbf2ee7edb24cb,16380,451.686481,True,585,1023
62.16734960365913,15ef4a1a,265,-0.2594132423681518,761720012281775,0.0,True,True,15ef4a1a,1025,761720020148697,-3.7944444444444443,86.60299145299145,-3.168253968253968,1023.7499999999999,761720464268272,444.119575,a7b32b8c4ac9dd3ecd237ea669a7224f79429daa5a24581e106c3993fc8d8da5,16380,451.986497,True,31,47
30405.167641436365,c01de7eb,266,-10.315737445137907,761720467658793,0.004761904761904762,True,True,c01de7eb,1025,761720475093209,-4.342063492063492,30432.989682539683,-2.9947496947496948,1023.7499999999999,761720919279290,444.186081,84a34902c5f364d66ffbf638a1cf3298ca61d8d23c6102fbd1549dcb77b536c7,16380,451.620497,True,570,919
64200.49115260131,8404f0c3,267,-10.592603291555358,761720922208490,0.014621489621489622,True,True,8404f0c3,1025,761720930121168,-3.7402930402930403,64223.38595848596,-2.984126984126984,1023.7499999999999,761721374244380,444.123212,1f7247a7b4618f3a142e30cc2d972cf03e99d293f7f1c6e348757b6eb76dffa4,16380,452.03589,True,579,971
28871.899317920244,871400a7,268,-16.80987532390818,761721376984012,0.0,True,True,871400a7,1025,761721384051084,-4.735775335775336,28904.15805860806,-3.1354700854700854,1023.7499999999999,761721828287761,444.236677,9b870eb1e2de3b198936d17ef2c17410b2875606bdc58de34ef1e1b344ea7c4a,16380,451.303749,True,299,484
61.201924165239184,42f364c9,269,0.14206777637433501,761721831459389,0.0,True,True,42f364c9,1025,761721839099633,-3.735836385836386,85.22991452991452,-3.1735653235653234,1023.7499999999999,761722283269503,444.16987,ad0ff2eb6071a50c617acac4a48c918cfb30ecffb640e643f8020fd053d02a1e,16380,451.810114,True,30,50
58.29601249550883,37c0d2f5,270,0.20921618190930721,761722285933683,0.0,True,True,37c0d2f5,1025,761722293053835,-3.480891330891331,77.00164835164836,-2.566910866910867,1023.7499999999999,761722737301602,444.247767,c04f925eaee8858e7dc2a5ae01db8057def1f072421eacaa1053232787b31375,16380,451.367919,True,31,46
63.79491242037029,24669d5b,271,-0.43020712940540823,761722742303175,0.0,True,True,24669d5b,1025,761722750081519,-4.1250305250305255,86.32783882783883,-2.348840048840049,1023.7499999999999,761723194270356,444.188837,8033f3fe499194a44609197ff10c3b9ce843dc4b53b0ee99029fb65719245f1c,16380,451.967181,True,30,46
61.175500931032076,8d45e469,272,0.3187166213936526,761723196993897,0.0,True,True,8d45e469,1025,761723205121632,-2.9308913308913307,76.83382173382174,-2.6586080586080585,1023.7499999999999,761723649299237,444.177605,8e83f90e51b0a5edd8bb6ac90b1b7249c2b611cf9ed86495d9b51e27dca28a12,16380,452.30534,True,33,46
60.29963843306334,80aa5990,273,0.06766020134159717,761723652011377,0.0,True,True,80aa5990,1025,761723660112632,-4.042918192918193,83.96617826617826,-2.705799755799756,1023.7499999999999,761724104277923,444.165291,422358c7732d55a43c55c2b1bb05940f90389ea73b3edb24bbe83d9b2494f594,16380,452.266546,True,30,46
65.0862155335507,1eff9be1,274,-0.07326638233908349,761724106914631,0.0,True,True,1eff9be1,1025,761724114130364,-3.532234432234432,80.07332112332112,-1.5844322344322344,1023.7499999999999,761724558324861,444.194497,2b2c05d8ca9eb31b9b5d4a069897f1ad90d9c9397ed34aad87afe5068cc47346,16380,451.41023,True,32,50
62.71270711550016,8196d657,275,-0.12157024722284723,761724561646041,0.0,True,True,8196d657,1025,761724569122516,-3.912026862026862,83.87258852258853,-2.4199023199023197,1023.7499999999999,761725013290643,444.168127,c66bbf6c93709c86aa7c79df0af43e0a3e41991fa67604de7ac9be2c3442a81d,16380,451.644602,True,32,47
56.601012338970214,5b18cedd,276,-0.16160210630298158,761725016878477,0.0,True,True,5b18cedd,1025,761725024121661,-3.343894993894994,72.01398046398046,-2.057020757020757,1023.7499999999999,761725467394488,443.272827,ffd39f39c68e1fbf69cbe751bb0df0425bab98e5cd50ff87dfd6117d80e8da27,16380,450.516011,True,29,45
63.249940701680636,8b479b6e,277,0.4747927284447323,761725470460707,0.0,True,True,8b479b6e,1025,761725477462245,-3.9126373626373625,86.21953601953602,-2.7678266178266178,1023.7499999999999,761725921375241,443.912996,441cd6568e15ea3f8866a637f33a0d0f7d24e7bea7d6ff8274367ec1bf8a08b5,16380,450.914534,True,30,48
59.1367261364331,72b1e1f7,278,0.29642829928750275,761725924397797,0.0,True,True,72b1e1f7,1025,761725931437097,-2.616849816849817,68.36654456654456,-1.5433455433455434,1023.7499999999999,761726375404866,443.967769,7bd71797c6bbcd6e576a76e7a336d430ca35fffe341fed8aca25a0a618552255,16380,451.007069,True,29,45
57.975157004506826,d36c47c1,279,0.030729325757326967,761726378488858,0.0,True,True,d36c47c1,1025,761726385420124,-3.467948717948718,79.52948717948718,-3.086691086691087,1023.7499999999999,761726829394786,443.974662,a2b59fb5cb7e31a102f07a8dba8d5a17773f68d13c4c33256bc7208b26a585c0,16380,450.905928,True,31,45
54.85554037876382,ba742d30,280,0.03095812580157533,761726831965750,0.0,True,True,ba742d30,1025,761726839440722,-2.9893772893772894,70.43748473748474,-2.577899877899878,1023.7499999999999,761727283394134,443.953412,b4e8eeedc7797591bec5d5261fa947c4cc5b2622590958105faccea193750cd0,16380,451.428384,True,28,41
51.638083247982514,568dfde3,281,-0.04395241584730361,761727285882091,0.0,True,True,568dfde3,1025,761727292451113,-2.674358974358974,61.716300366300366,-1.7105616605616605,1023.7499999999999,761727736383766,443.932653,68895060785f058d0ee6d61c7dfa8835b63818b620463256ee31948c58630fb0,16380,450.501675,True,28,44
36124.84193287549,dd5f2b8b,282,-12.502923796490307,761727739328114,0.006684981684981685,True,True,dd5f2b8b,1025,761727746451903,-3.7151404151404153,36145.38675213675,-2.5966422466422467,1023.7499999999999,761728190407329,443.955426,d0974b29575fa40c0830ce0b67caa87a749501126d6ca6169d5410be1874d6f5,16380,451.079215,True,560,923
32248.097518847997,e05f26f1,283,-10.550021498324522,761728193307054,3.0525030525030525e-05,True,True,e05f26f1,1025,761728200496567,-4.335653235653235,32273.163736263738,-2.5036630036630036,1023.7499999999999,761728644428659,443.932092,189cdbd399d3abefa9c6b49eecff9ab8341eca89417b73aa5e076d46e29c1782,16380,451.121605,True,574,939
58.20644950287808,7012a20b,284,0.22739890555871534,761728647187197,0.0,True,True,7012a20b,1025,761728654467822,-4.193956043956044,82.92344322344323,-2.6697802197802196,1023.7499999999999,761729098417437,443.949615,f8eddbe549dddb912086ccebdec5391963a2853e71d1d54b2f97ccafa5acf113,16380,451.23024,True,30,43
25570.376027303315,588982fd,285,-5.243210772666007,761729101759667,0.005860805860805861,True,True,588982fd,1025,761729108502046,-4.376556776556777,25596.00695970696,-2.5449328449328448,1023.7499999999999,761729552427495,443.925449,9b35c9999c048e790b806300dab797b0f48434dceb73baec2abebf443b27fa2e,16380,450.667828,True,449,569
53278.38159387248,1c50f3eb,286,-8.994232056947439,761729555131380,0.01804029304029304,True,True,1c50f3eb,1025,761729562578369,-4.078632478632478,53301.9561050061,-2.634249084249084,1023.7499999999999,761730006420181,443.841812,ec115f9a25bba28cc9ff680a86f83d355a24ac0f9f1ee5d4dbe4dfd5602c6154,16380,451.288801,True,539,797
60710.66657540838,5ff569b8,287,-11.21751367889474,761730009401549,0.01746031746031746,True,True,5ff569b8,1025,761730016528304,-3.6075702075702076,60732.380036630035,-2.9493894993894996,1023.7499999999999,761730460457611,443.929307,3ff6950a04bff5188d896418a1b091e8020c1d6a300643d80b571efd3d8b6490,16380,451.056062,True,558,873
22755.06301748313,22015baf,288,-1.6030645497403695,761730463255673,0.001984126984126984,True,True,22015baf,1025,761730470529135,-3.884981684981685,22781.539926739926,-3.373992673992674,1023.7499999999999,761730914459514,443.930379,e3e871343528e978adab9ba0cf6f173db570d23cf83ff4ab2f6d0fdf946d21a3,16380,451.203841,True,479,641
185.0599457556417,4cf7c3a1,289,21.21027487325364,761730917228181,0.0,True,True,4cf7c3a1,1025,761730924565212,-3.214835164835165,200.6092796092796,-2.2834554334554333,1023.7499999999999,761731368432522,443.86731,db66ef05534c64dfd2d407ce19c608e7cab3eaad466d126699b5e49f44438980,16380,451.204341,True,66,109
89.09236296534831,372a41b5,290,-0.11209655072875582,761731371733895,0.0,True,True,372a41b5,1025,761731378550434,-3.8084859584859583,110.63626373626374,-2.653174603174603,1023.7499999999999,761731822464653,443.914219,9faadf43a6d45341ab41bf1068808cdaa3fa8814627aa811b5f0bd15b90b4509,16380,450.730758,True,42,62
136357.6166007192,89cfe96c,291,-12.732321276795663,761731825013114,0.012484737484737485,True,True,89cfe96c,1025,761731832561154,-3.64010989010989,136385.7148962149,-3.8532967032967034,1023.7499999999999,761732276442530,443.881376,f40d253482d1321ea1517cac9d45757293da7b768531a8c7ae8ae7b789f1ba53,16380,451.429416,True,585,1024
269304.6409868307,6dd750d8,292,-3.053610158556615,761732279109355,0.10668498168498168,True,True,6dd750d8,1025,761732286538941,-4.008974358974359,269329.73925518926,-3.0043956043956044,1023.7499999999999,761732730459893,443.920952,095e5923f5708c93f549bad12f24c4c3be6b479fbf28538885c96dd750682bfc,16380,451.350538,True,583,748
21670.949243899842,edf857b1,293,0.3443668187162419,761732733682336,0.000641025641025641,True,True,edf857b1,1025,761732740537989,-4.222771672771673,21693.66843711844,-2.210744810744811,1023.7499999999999,761733184482034,443.944045,4cc54e4b5d72122d3d259101d830c3c557e334ecabf51b2f19aac59de03a288a,16380,450.799698,True,486,669
64.56041123440392,cdc25e13,294,0.2714187129849543,761733186959592,0.0,True,True,cdc25e13,1025,761733194553749,-4.314407814407814,90.73199023199024,-2.749084249084249,1023.7499999999999,761733638487364,443.933615,6f965f82c15bc64613fd2ced405889e9794c1afc492a4e9c0f6127872c424e7d,16380,451.527772,True,32,47
25668.030417894748,4c65230f,295,-5.425096671631774,761733640882876,0.005463980463980464,True,True,4c65230f,1025,761733648618621,-4.09993894993895,25692.29835164835,-2.731013431013431,1023.7499999999999,761734092484128,443.865507,a5418d7a2fc683cd0d9114735f3347db70980db603f2ffc162348681d4e4d0db,16380,451.601252,True,443,564
13195.753073441956,f4e97e5d,296,-0.11661459003060287,761734095394362,0.0,True,True,f4e97e5d,1025,761734102617528,-3.953663003663004,13221.728327228328,-3.2161782661782663,1023.7499999999999,761734546382195,443.764667,66bdc6cd9669122746c657b18a3fe56aba43016ddbf74c76d12757e835edf2d9,16380,450.987833,True,496,687
52.691004172872304,e9920f18,297,-0.0950846043195803,761734549477478,0.0,True,True,e9920f18,1025,761734556632156,-4.447619047619048,78.38986568986569,-2.4326007326007324,1023.7499999999999,761735000492593,443.860437,d85388c36c4f77ed0084e9e7d260a8c1b65153854d4353c908d200dbc67ea125,16380,451.015115,True,25,43
64.56990082533123,04f9be72,298,-0.24206764486367713,761735003941955,0.0,True,True,04f9be72,1025,761735011592879,-4.99993894993895,98.5619658119658,-2.998778998778999,1023.7499999999999,761735455394726,443.801847,5fd2a1184772894c89ef0867187c09f4385e6de68fca01b45d4c32f20dc1f2b2,16380,451.452771,True,30,51
46309.47102745614,7c3a77b3,299,-10.793236053158033,761735458636226,0.012118437118437119,True,True,7c3a77b3,1025,761735465622004,-3.7136141636141637,46339.982967032964,-4.089133089133089,1023.7499999999999,761735909496117,443.874113,0f7d8ed58c8e600e2fe0035de725e17ad8f31634d12d898c64b9caa58a010e7e,16380,450.859891,True,564,886
63.084101844770345,318460a9,300,-0.007613325789128558,761735912191105,0.0,True,True,318460a9,1025,761735919672680,-4.248717948717949,86.33705738705738,-2.2806471306471305,1023.7499999999999,761736363506036,443.833356,4f4bc9c27e3c6dce7b0bd76d59fabcb1eefc8484d64fceb8143c7983d7d05a23,16380,451.314931,True,30,50
53.442194164538485,d74ed18f,301,0.38133383497951984,761736366615045,0.0,True,True,d74ed18f,1025,761736373595274,-4.306227106227106,74.54188034188034,-1.5987789987789989,1023.7499999999999,761736817495727,443.900453,4b1765211e74881b3577854606939a535014c7f937c39b9828460516f1c8c4ba,16380,450.880682,True,26,43
65.976683423753,7b7167bd,302,-0.49722797153975623,761736820436008,0.0,True,True,7b7167bd,1025,761736827594252,-4.1671550671550674,94.56068376068376,-3.3494505494505495,1023.7499999999999,761737271505335,443.911083,feadf7b8b9979b16593d2a1169243f3be053d00a1e97c8c5e3ba7d971e61b46c,16380,451.069327,True,32,50
61.927942139599644,e770003d,303,0.038118592187394974,761737274492925,0.0,True,True,e770003d,1025,761737281628857,-4.336324786324786,86.1504884004884,-2.327838827838828,1023.7499999999999,761737725517117,443.88826,f8bd4f8d9f675007a1d382a0c0c9d280d801fc28be2aee3fa8ebbf6bfb34b3e8,16380,451.024192,True,31,47
63.72127729176264,cc73fe79,304,-0.007572426180272496,761737728516349,0.0,True,True,cc73fe79,1025,761737735634959,-4.175702075702076,89.00152625152626,-2.8006715506715505,1023.7499999999999,761738179542705,443.907746,ed2579d6bbfdfcf765fdf90fe85814fb74a38a4c56f180c025666e3f3b4f3baa,16380,451.026356,True,30,47
41880.7571156567,72d01ca3,305,-13.635352674619172,761738182259264,0.0029914529914529917,True,True,72d01ca3,1025,761738189610843,-4.861233211233211,41921.43431013431,-4.128632478632479,1023.7499999999999,761738633540431,443.929588,c28833ae1c5283cb847bf7ba65c09af260df961d0302d600657eaa9efc03d469,16380,451.281167,True,580,984
64.33903103340832,add1d4b6,306,0.06048155508061024,761738636591882,0.0,True,True,add1d4b6,1025,761738643618077,-4.155616605616606,86.3002442002442,-2.166117216117216,1023.7499999999999,761739087526515,443.908438,507b34eeffc3a47ce91ee39c04fd3f9e390b8027da4497ac78719dcfc6328c7f,16380,450.934633,True,31,48
16527.471991152586,9d2f1572,307,-11.625454263476758,761739090596581,0.0032661782661782663,True,True,9d2f1572,1025,761739097752260,-3.5266178266178265,16548.694566544567,-2.964041514041514,1023.7499999999999,761739541531294,443.779034,fe86f56ad48072d195bc8a7b13ef852dfd67af5f60e16007ed1cc093c7b3a386,16380,450.934713,True,454,711
64.36146009532456,a73aea1d,308,0.04687608706966806,761739544598846,0.0,True,True,a73aea1d,1025,761739551746359,-4.06013431013431,90.68498168498168,-3.1366910866910866,1023.7499999999999,761739995569046,443.822687,bb95a739075526409a312de44d8e284423bee5e8d6c12bdcec24145721d05676,16380,450.9702,True,31,48
55.78424960231737,b0197bc9,309,0.3236622191651619,761739998625186,0.0,True,True,b0197bc9,1025,761740005745949,-3.6513431013431012,77.26587301587301,-2.8547008547008548,1023.7499999999999,761740449564027,443.818078,ad071ef773e811f6c6505405aedbc092c37f0ab1a3bd9b6487648e3733d3b0b5,16380,450.938841,True,29,45
60.95071412172145,0548e604,310,0.09105216783349837,761740452592664,0.0,True,True,0548e604,1025,761740459731752,-4.336568986568986,87.30964590964591,-2.7482905982905983,1023.7499999999999,761740903538809,443.807057,15e9da674571d5c17d979accc75f213f5c98c75e65a972db4ab1979a211b179c,16380,450.946145,True,31,50
58.52173842471461,e98e6f1f,311,-0.0007960802028871025,761740906103421,0.0,True,True,e98e6f1f,1025,761740913728497,-4.239316239316239,83.17661782661783,-2.5851648351648353,1023.7499999999999,761741357530795,443.802298,474174bdb617466113fe0f6faa85232f06754020cf7e6580f0d2a85404cf18e1,16380,451.427374,True,27,44
68.98579142198189,ef7db158,312,0.27577292482062443,761741360345258,0.0,True,True,ef7db158,1025,761741367726573,-3.742979242979243,91.44822954822955,-2.907326007326007,1023.7499999999999,761741811555341,443.828768,5f4cace6d204d1b802d94f9fb7e50469573959c836c8de23b7de5d94a91f7f15,16380,451.210083,True,33,51
57.223381737310305,1fa62f23,313,0.16116589491418465,761741815351879,0.0,True,True,1fa62f23,1025,761741822722815,-5.022344322344322,92.841452991453,-3.223992673992674,1023.7499999999999,761742266562413,443.839598,b54018b5bd8b31a4a014635093f1612c04291e9e5e6cb9db428737bc924f5a52,16380,451.210534,True,32,47
10243.317573006629,967d2270,314,0.2131201144557707,761742269472537,0.0004884004884004884,True,True,967d2270,1025,761742276711003,-4.561233211233211,10269.002258852259,-2.209035409035409,1023.7499999999999,761742720548587,443.837584,90f6fb9287ec8f8f1d83257de41d7c4289e5e443fbfb5c3bbff701c0c304c2ce,16380,451.07605,True,446,608
65.93509756455727,ea4663c0,315,-0.01943657816821223,761742723220852,0.0,True,True,ea4663c0,1025,761742730731872,-4.4061660561660565,90.9401098901099,-2.3644688644688645,1023.7499999999999,761743174608982,443.87711,4ff4ad83662a8bef8580e2f705b263b921f1cfa80864b8edefce3c5f75d278c1,16380,451.38813,True,29,52
35354.95511680018,b54e7fc2,316,-11.618994190747882,761743177195956,0.00937118437118437,True,True,b54e7fc2,1025,761743184716945,-5.361172161172161,35386.86385836386,-1.7794871794871794,1023.7499999999999,761743628560832,443.843887,fd539f1c37ea9c85da09fd46a4bc913894a3293dc3d75a9f8e78b8af5efffc05,16380,451.364876,True,539,820
86182.89798904528,8a329f94,317,-13.642293823300962,761743631631399,0.007967032967032966,True,True,8a329f94,1025,761743639705542,-5.484615384615385,86221.99072039072,-3.001953601953602,1023.7499999999999,761744083590256,443.884714,f4454506cfedfcf3b5010f9850998746e82d37a970eadd05759be600913b228e,16380,451.958857,True,582,1011
87535.85414688318,ba15950d,318,-7.285027952242119,761744087545743,0.032692307692307694,True,True,ba15950d,1025,761744094747780,-4.207692307692308,87556.73083028082,-1.781013431013431,1023.7499999999999,761744538609110,443.86133,f77db54fe677ef0f530503152e687c744fc1120745556771bce867cf7fe96307,16380,451.063367,True,556,774
64.90474531912261,0d29b002,319,0.04239458899594993,761744541449382,0.0,True,True,0d29b002,1025,761744548716772,-4.318498168498168,87.82503052503053,-2.066605616605617,1023.7499999999999,761744992594463,443.877691,4508994668e14afe06dea67deb2b1cfa4e67deabfeb83a96b529be57efc3fe33,16380,451.145081,True,31,47
38279.42521101778,4328b66e,320,-2.9907349095645017,761744995478177,0.007936507936507936,True,True,4328b66e,1025,761745002727774,-4.1702075702075705,38302.01886446887,-2.281013431013431,1023.7499999999999,761745446614922,443.887148,e8d888ab47b0c309d976061ec5b606360dc720b251498e1e9ccca70241b9bc83,16380,451.136745,True,497,675
20483.473342408844,c5bab8b0,321,-8.758967470235646,761745449727498,0.007142857142857143,True,True,c5bab8b0,1025,761745457726309,-3.128205128205128,20499.143040293042,-2.4257020757020755,1023.7499999999999,761745901619710,443.893401,5a71057f34f54789d968c9d1921018bfd28cb5edfbf6b0644566c889ba0c3524,16380,451.892212,True,349,452
57.70510358756696,56edf724,322,-0.20975572468231068,761745904995944,0.0,True,True,56edf724,1025,761745912643462,-3.8813797313797314,78.83058608058609,-2.461782661782662,1023.7499999999999,761746356616913,443.973451,75648c09b56eefd64e29600e8ea83a089502d70163c341f0d687f632def056aa,16380,451.620969,True,31,46
66.82189078896955,3ec67cf8,323,0.4093152312493112,761746359508623,0.0,True,True,3ec67cf8,1025,761746366780732,-3.9156898656898655,86.36929181929182,-2.052991452991453,1023.7499999999999,761746810598459,443.817727,1dd9693ce795922b5e13dc1399e5b1b8eb9a1c1a38053d5177657eb233a1f65d,16380,451.089836,True,33,51
3403.788865333554,824d9525,324,0.34246132988878863,761746813977929,0.0,True,True,824d9525,1025,761746821646427,-3.2843711843711842,3415.473015873016,-0.9471306471306471,1023.7499999999999,761747265612775,443.966348,83c8e8febfbc57a9d4bf24214205a44983bef9a20c8bf090b14ca609914e5c37,16380,451.634846,True,304,417
65.35288700073498,487f7314,325,0.8334019313377143,761747268430354,0.0,True,True,487f7314,1025,761747275751526,-4.460927960927961,95.72814407814408,-3.2365689865689866,1023.7499999999999,761747719633746,443.88222,d87e1eab72b8dd68f571bea4d61df6601500393b1c8bd312a28b7c29ffcd08f7,16380,451.203392,True,31,53
56.793865706264974,67ac8ff2,326,0.26695227703185465,761747722536756,0.0,True,True,67ac8ff2,1025,761747729738933,-4.689072039072039,85.55555555555556,-2.602747252747253,1023.7499999999999,761748173650208,443.911275,8e0a7844be7165486333741f539ed44f61ea8618a06a33e025b37161026ddb59,16380,451.113452,True,29,43
24502.638617980174,79a79c85,327,-0.5470906692355564,761748176453380,0.0045482295482295486,True,True,79a79c85,1025,761748183656899,-4.156349206349207,24530.13003663004,-3.1962759462759465,1023.7499999999999,761748627654437,443.997538,76dfe2ac5334296448d297a8f023bf2898c03c866389b2a35a1d543a7e7696de,16380,451.201057,True,451,593
65.76864065591172,7ef2ea01,328,-0.3684257586014972,761748630464993,0.0,True,True,7ef2ea01,1025,761748637679313,-4.880647130647131,100.97277167277167,-3.373931623931624,1023.7499999999999,761749081659237,443.979924,dbe03c9219492f35c0e205cae44703de0d903f0fe8e11b57dcc26fd780f236b6,16380,451.194244,True,32,50
28056.996180647802,5b5e27dd,329,-10.884542372745674,761749084200144,0.00805860805860806,True,True,5b5e27dd,1025,761749091660779,-4.4734432234432235,28083.325824175823,-2.5135531135531135,1023.7499999999999,761749535639591,443.978812,02e17bd2ece4587ebea2dc54681aa85af27884e522c7ad7baac804978b5ed0c0,16380,451.439447,True,401,511
83657.12241325525,b9c84c03,330,-22.230984595849304,761749538709166,3.0525030525030525e-05,True,True,b9c84c03,1025,761749546576909,-5.064835164835165,83700.76282051283,-4.241208791208791,1023.7499999999999,761749990671901,444.094992,317d386b8bfad81d51ce80a878d7601308bbd60f34a2725f02160e167ff1b201,16380,451.962735,True,550,911
81437.15356495084,a537fd7c,331,-10.617213047206784,761749994087028,0.02042124542124542,True,True,a537fd7c,1025,761750001583040,-4.731257631257631,81466.70231990232,-2.6765567765567764,1023.7499999999999,761750445665688,444.082648,324d0e0ffa0c3e18c2fc058db20444a2c89d640c97aad9f7c98d87465ce0a1d4,16380,451.57866,True,564,822
60.366617822890724,c9642de7,332,-0.005262872627311791,761750448638260,0.0,True,True,c9642de7,1025,761750456575515,-4.869719169719169,89.78553113553113,-2.3884615384615384,1023.7499999999999,761750900671207,444.095692,7bba51bf538ff58d096aba56df83ab046260b9a9eb621dcb5922438148bd45b4,16380,452.032947,True,31,46
27176.13535616636,9085cddc,333,-0.8762820667321103,761750903288439,0.007173382173382173,True,True,9085cddc,1025,761750910565798,-3.8581807081807082,27196.294078144078,-2.296336996336996,1023.7499999999999,761751354647574,444.081776,7080eca3089c269866dabf3ae5762f870f1c4883afcb1c56e60b4ec674443e9d,16380,451.359135,True,407,519
66.66332427645614,8594e686,334,0.2209029211060034,761751357570031,0.0,True,True,8594e686,1025,761751365562340,-4.078571428571428,89.37619047619047,-2.4653846153846155,1023.7499999999999,761751809702707,444.140367,a5a35ae1144670c4a74290a31ba2d1313240e99564d87bfcc3682ee072a59a86,16380,452.132676,True,32,50
27094.760965671827,3f8d579d,335,-0.7179040877281575,761751812946301,0.007112332112332112,True,True,3f8d579d,1025,761751820567078,-4.7003052503052505,27124.81636141636,-2.821794871794872,1023.7499999999999,761752264675565,444.108487,22d8eac1541bac1bdb2fc377d4eb70a4920b830b2bb939c5a5a6e40e3f8d2dee,16380,451.729264,True,412,529
59.25395319271693,e2980d88,336,0.4714629217372141,761752268937051,0.0,True,True,e2980d88,1025,761752276663016,-4.294871794871795,84.70103785103785,-2.645970695970696,1023.7499999999999,761752720696602,444.033586,969ad7f97adb87b981e0eaf8079c2eb828beb56c8edf46da08cd2f8df9a4e27e,16380,451.759551,True,30,48
65.44446416458322,9846ddb3,337,0.1684129759778188,761752724088035,0.0,True,True,9846ddb3,1025,761752731543630,-4.579059829059829,97.20335775335775,-3.284981684981685,1023.7499999999999,761753175721619,444.177989,0dac200853773867395446e5235ecd870fb92bfa3b849948674a4e6e0d27a13c,16380,451.633584,True,32,48
1450.663556628218,8ddec2f7,338,-28.179076076390714,761753178645809,0.0,True,True,8ddec2f7,1025,761753186511148,-4.608302808302808,1477.0746642246643,-2.2747863247863247,1023.7499999999999,761753630704436,444.193288,319714d82cb24854d321594299180b86deeaee9f9686a0f0731716422c4dd503,16380,452.058627,True,198,306
121233.48071317132,72399730,339,-14.642960014982995,761753633686485,0.0002747252747252747,True,True,72399730,1025,761753641516187,-5.665689865689866,121278.22924297924,-3.5564713064713063,1023.7499999999999,761754085698634,444.182447,4eb30795ee6e02cae942be2487971a544f1442c49dd01dc16f396f47d0d33910,16380,452.012149,True,585,1022
28557.364504122932,a2bc1b7d,340,-0.3993856572591328,761754089641167,0.007844932844932845,True,True,a2bc1b7d,1025,761754097510774,-4.851037851037851,28589.487912087912,-2.931013431013431,1023.7499999999999,761754541703310,444.192536,e999d44f74ca38b6ed9cd93c7b947a12551d295575b0fad65781a2d3c6af5f0e,16380,452.062143,True,392,515
67.0232355190597,949c6aa2,341,0.366643740161287,761754544690089,0.0,True,True,949c6aa2,1025,761754552511204,-4.130769230769231,89.82014652014652,-2.3945054945054944,1023.7499999999999,761754996740139,444.228935,d1f82f4701f35f9dba8145b92587cb87f0589ec2443e7b84b136895be4cacaf0,16380,452.05005,True,33,50
68.50700955705534,61e6d334,342,0.03623148323278482,761754999519386,0.0,True,True,61e6d334,1025,761755007568632,-4.588400488400488,96.06978021978021,-2.551343101343101,1023.7499999999999,761755451715873,444.147241,066def2ab276372981e7093b846dbace5592c116fa24dc51006d249212626dce,16380,452.196487,True,30,47
16311.527901853267,4b7b8562,343,1.5542038037206969,761755454663487,9.157509157509158e-05,True,True,4b7b8562,1025,761755462557000,-4.27051282051282,16334.761416361416,-2.2352258852258853,1023.7499999999999,761755906730089,444.173089,be3f38994c80ac2209cae7b11dc0e1c350c09dcad6ad79cf5d53b9fb573ac99b,16380,452.066602,True,528,743
26216.18767811113,25f8cfa8,344,-15.21325207222092,761755910178980,0.006166056166056166,True,True,25f8cfa8,1025,761755917564824,-4.872649572649572,26246.5047008547,-2.5640415140415143,1023.7499999999999,761756361765355,444.200531,6e704fda8ed7ba3adb334e739dfcacf14de18fdd38f0083c9eb5908d52e7236a,16380,451.586375,True,443,554
15937.482518836814,065908f1,345,1.4960021437265891,761756364738488,3.0525030525030525e-05,True,True,065908f1,1025,761756372574522,-4.503846153846154,15969.14768009768,-3.3735042735042735,1023.7499999999999,761756816749625,444.175103,ce9e12da71a85684a458e4e04f93e6d421800352c39793de0f15d5e371c64022,16380,452.011137,True,526,773
53.612759265222635,105b0b81,346,0.016516160625408383,761756819286304,0.0,True,True,105b0b81,1025,761756826585735,-4.247741147741148,74.43241758241759,-1.6662393162393163,1023.7499999999999,761757270754977,444.169242,12decfeaf993c8aca9915c2bf565eac69eab2d9fa1f8eb9d261440fe220ff1b5,16380,451.468673,True,28,42
26388.500974069007,2d007cc6,347,-12.300082948410546,761757273649872,0.00637973137973138,True,True,2d007cc6,1025,761757281561669,-5.0236263736263735,26423.78956043956,-3.1704517704517703,1023.7499999999999,761757724819079,443.25741,4f3e77a83c0e9e69411c41e250f65a049482a3504537660727e2452a36a25274,16380,451.169207,True,436,551
57.98117153129058,7524b696,348,-0.12891787436351226,761757727344106,0.0,True,True,7524b696,1025,761757734552826,-4.844322344322344,86.99065934065933,-2.3541514041514042,1023.7499999999999,761758177839282,443.286456,36224a3d8f2ec8c39f28a7ff977c2235836c754f548474b99c30f6f36fda4014,16380,450.495176,True,29,44
59.48844480746495,7e999b3d,349,0.4634612653971005,761758182442923,0.0,True,True,7e999b3d,1025,761758189918396,-4.650793650793651,90.51715506715507,-3.065750915750916,1023.7499999999999,761758633838868,443.920472,d5f072be1dabfcf70d835ea3b3fa76fe2a1997ace9afe2c30aba15fb266fde42,16380,451.395945,True,32,46
4025.5635184812477,0aa925ea,350,0.21722056417764685,761758637258594,0.0005189255189255189,True,True,0aa925ea,1025,761758643866139,-4.555921855921856,4053.869352869353,-2.7476190476190476,1023.7499999999999,761759087850683,443.984544,c2ed14d13124884ec85ebee6ee62a1f343e9cdcf11c3941d96c933a25eb2ac38,16380,450.592089,True,261,338
180762.97687134464,921ecf64,351,-10.468641910866028,761759090567261,0.06114163614163614,True,True,921ecf64,1025,761759097909022,-3.1656898656898655,180783.7214896215,-3.2746031746031745,1023.7499999999999,761759541854301,443.945279,f5fbea26c2a90ea831fb7caea1bdd66a38ff396831729f5f014ef93ae6e82ca4,16380,451.28704,True,584,999
65.67816836026543,d757c5d9,352,0.2618973612471381,761759544851239,0.0,True,True,d757c5d9,1025,761759551894266,-4.717948717948718,93.52936507936508,-2.364774114774115,1023.7499999999999,761759995861026,443.96676,585a3c1408eec246564d72235dc6aba38343e762394214386a664bc5b4c4cd7c,16380,451.009787,True,32,48
58.10584508863813,415f15f1,353,-0.28175900329942544,761759998895044,0.0,True,True,415f15f1,1025,761760005958198,-4.857081807081807,91.7542735042735,-3.171306471306471,1023.7499999999999,761760449862140,443.903942,1c571eafaa255bb363376c2e347ffaeb8a438dbeeae566569b271edb2586826d,16380,450.967096,True,31,44
62.61206969397446,24f4b782,354,0.28265614277468704,761760453694425,0.0,True,True,24f4b782,1025,761760460966083,-4.878632478632479,95.79511599511599,-3.0630036630036632,1023.7499999999999,761760904866879,443.900796,2bdf4eb082d0155c95b123752a4fa759e07e2065aaf2f038f3b3ddaa9a32a4a3,16380,451.172454,True,30,47
41420.1009667676,9fb06835,355,-14.877004248692291,761760907947064,0.007814407814407814,True,True,9fb06835,1025,761760915069571,-5.828205128205128,41466.60866910867,-3.541147741147741,1023.7499999999999,761761358857804,443.788233,4fcd5a15ba0279d4d5af228202d4f4ee24afcc1b97752ffee136cb473fda12ef,16380,450.91074,True,573,960
349056.3874465272,fc203539,356,-5.286643001262176,761761361973186,0.1021062271062271,True,True,fc203539,1025,761761368934568,-4.216971916971917,349083.5904761905,-3.0692307692307694,1023.7499999999999,761761812877103,443.942535,b1b5fa1f2474929f16e0c4fd28d07bd344a1371d5ed9496fb3f295459c64ad91,16380,450.903917,True,585,843
58.96677907630288,9d33b93b,357,0.5909451822251018,761761815759414,0.0,True,True,9d33b93b,1025,761761822919271,-4.83052503052503,87.22600732600732,-2.2192918192918194,1023.7499999999999,761762266905007,443.985736,9ad9183d0a929b250f77191dc31e323b0fc702eb58000efa5d004559ce6b0f21,16380,451.145593,True,30,48
64.79411808006131,48b872b3,358,0.14111789296203334,761762270344811,0.0,True,True,48b872b3,1025,761762277949418,-4.283150183150183,92.6517094017094,-3.0841880341880343,1023.7499999999999,761762721878838,443.92942,c1a09db1d350d2680884288c604b7d9dea112775cbbb9b50a17dacddd276134c,16380,451.534027,True,31,47
70.01076419171659,70ff1849,359,0.4349271911360679,761762724643467,0.0,True,True,70ff1849,1025,761762731952206,-4.294383394383394,96.9021978021978,-2.9068376068376067,1023.7499999999999,761763175874252,443.922046,117382d99d9ca8c242b89079a698ac9754f572831b18c5492288cb1fabcdd381,16380,451.230785,True,33,52
67.46428543102535,f9662fb4,360,0.3445072630030391,761763178806327,0.0,True,True,f9662fb4,1025,761763185956105,-4.741758241758242,100.57106227106227,-3.259218559218559,1023.7499999999999,761763629897157,443.941052,359c3833a55df0736f1ca1ded40dc7c0bfa51c5c1a9de9e105a2434237008ec7,16380,451.09083,True,33,49
56.055165144514966,662d563e,361,0.33166232023036046,761763633042104,0.0,True,True,662d563e,1025,761763639970004,-4.840964590964591,83.63498168498168,-2.0358974358974358,1023.7499999999999,761764083874617,443.904613,2168cef1ede200e387bdc770a6348c213b282fa88a3861c742e163ccc6b6b82c,16380,450.832513,True,29,48
60.83082644190702,a5b166d4,362,0.49026672062616106,761764086868108,0.0,True,True,a5b166d4,1025,761764093965848,-4.267460317460317,84.68571428571428,-2.3756410256410256,1023.7499999999999,761764537898715,443.932867,3ab3c05600fb3b93f1999c09d22629e00ddadd0042a76e12f3a67a70f53bf446,16380,451.030607,True,30,48
66.22561507750152,e70a6632,363,-0.021147936078140764,761764540779473,0.0,True,True,e70a6632,1025,761764548061321,-4.253418803418803,94.5006105006105,-3.1911477411477414,1023.7499999999999,761764991933383,443.872062,c52c903ff7c6f1d3fb6f6348cac38048cf985225b71aa31c2458d0510abe9099,16380,451.15391,True,31,44
181144.57862821108,dc503697,364,-13.110222250598778,761764994640373,0.03705738705738706,True,True,dc503697,1025,761765002149610,-5.063431013431013,181178.7749084249,-2.925396825396825,1023.7499999999999,761765445907706,443.758096,a5a4c16003d1c152e7d90e5058c5790c7b42dbc736d4d786e142e55bf8833024,16380,451.267333,True,585,1014
57.601694813801046,f7f3f2c9,365,0.26441959498255785,761765448979235,0.0,True,True,f7f3f2c9,1025,761765456052860,-5.2535409035409035,89.62087912087912,-2.1022588522588523,1023.7499999999999,761765899916375,443.863515,06ef13c94db9449c3f1d8deadc13a4d4fa831cc1d3b1411df7f0921120347fbc,16380,450.93714,True,32,46
63.95881641523582,3abd91bb,366,1.0629132446545249,761765902640378,0.0,True,True,3abd91bb,1025,761765910043114,-4.714224664224664,92.26416361416362,-2.466056166056166,1023.7499999999999,761766353941425,443.898311,89531852aca1474822bc8b17201becf97cf3d3801a5172c018f8bcbeb9d8115e,16380,451.301047,True,30,49
7575.014593629477,9c0b6be9,367,-0.4686853643099971,761766356924717,0.0005494505494505495,True,True,9c0b6be9,1025,761766364025623,-5.062210012210012,7607.215811965812,-2.5642246642246644,1023.7499999999999,761766807824026,443.798403,51e3b153741153bb3c8a91a162c1c52ddce452a32af570efc90b6b43795aba44,16380,450.899309,True,401,552
67.09715366576174,395db798,368,0.4191265663649501,761766810969885,0.0,True,True,395db798,1025,761766818048559,-3.856043956043956,87.55982905982906,-2.365079365079365,1023.7499999999999,761767261819540,443.770981,e8d3132ff74ec2f6f84215a809e6c96a6b752761e63fe5b449293f5c9e26fc36,16380,450.849655,True,34,50
62.813744165209364,8991d8d1,369,0.13293625505796425,761767265113949,0.0,True,True,8991d8d1,1025,761767272051858,-4.955067155067155,90.97643467643468,-1.9,1023.7499999999999,761767715930332,443.878474,11f05f0847d25e4aa9eca0f5b39c0199a0250f9d06cb987b30b1d6f504e5a2bd,16380,450.816383,True,30,50
60.4248708258232,ca812928,370,0.2079027103029124,761767718945744,0.0,True,True,ca812928,1025,761767726025070,-5.184493284493285,92.03858363858365,-2.1759462759462758,1023.7499999999999,761768169922700,443.89763,c50096203bc04413a6938f6a4f9398b1c914c929d61f6439a65602e42d7e97d9,16380,450.976956,True,31,49
101031.99049227296,bd6049d8,371,-12.4670545793564,761768172706656,0.005280830280830281,True,True,bd6049d8,1025,761768180126824,-5.567521367521367,101084.31605616606,-4.618253968253968,1023.7499999999999,761768623952859,443.826035,f9e22d945b24d991774951c37a710496b9e152a82cefe721b60f11089b3debac,16380,451.246203,True,585,1023
61.156252044319814,d3b0f507,372,0.49887580210560006,761768627488575,0.0,True,True,d3b0f507,1025,761768635118269,-4.4563492063492065,86.19578754578754,-2.276068376068376,1023.7499999999999,761769079044754,443.926485,8e4b37eba5790094af640af69a17aa346bfa2fb6db18fc4801510e76b401a768,16380,451.556179,True,31,46
64.01452849822813,07bce0ac,373,0.2859391009213197,761769082585388,0.0,True,True,07bce0ac,1025,761769090107148,-4.215995115995116,90.61562881562881,-2.970940170940171,1023.7499999999999,761769533954554,443.847406,6b0f103223074ffd054d7be8fe9cc68cf1967b381301501ce24615ad4d9cd9f8,16380,451.369166,True,31,50
16180.026075122136,25d435db,374,-7.689928735897626,761769537446156,0.0044566544566544564,True,True,25d435db,1025,761769545204954,-3.405189255189255,16196.820512820514,-2.28015873015873,1023.7499999999999,761769988964123,443.759169,6dd3b460a62280c9452db70120d7c7aef736e3179aa118563a391b845a986a3b,16380,451.517967,True,484,701
28787.402267927773,d6152886,375,-1.5399381639744165,761769992534674,0.007783882783882784,True,True,d6152886,1025,761770000075630,-4.438461538461539,28817.651221001222,-3.247924297924298,1023.7499999999999,761770443991716,443.916086,a89e5b3e4c480be218bb68cf27289e65f3a0b258d05e4ac2bce7a30b8d4d476a,16380,451.457042,True,384,493
19023.660960237703,3f1b3c48,376,-11.146677672015922,761770447332182,0.0023504273504273503,True,True,3f1b3c48,1025,761770455060943,-4.930525030525031,19051.632722832725,-1.9135531135531136,1023.7499999999999,761770898971488,443.910545,1663a5b33225afd125ada59db2fdbf503ca5c9586f5bd105aeb5fe019ee285c3,16380,451.639306,True,535,802
94.70384568795741,e4e1a563,377,0.1318511544993338,761770901661176,0.0,True,True,e4e1a563,1025,761770909124196,-4.206532356532357,122.49004884004884,-3.1766788766788765,1023.7499999999999,761771352975689,443.851493,9f25cd4a1e4b2eac42ddadf658d18779d21940c503dc05a96bb7889b245eedea,16380,451.314513,True,42,66
17137.636353179445,934b11e3,378,2.52728551572774,761771355384136,0.0,True,True,934b11e3,1025,761771363095534,-3.9176434676434675,17163.588888888888,-3.2564713064713064,1023.7499999999999,761771807013103,443.917569,9d1655f451921f992b18d41e13a5f2274d2b91803da7ec979faf0e9b898eb48a,16380,451.628967,True,522,761
112409.67591919849,a7802136,379,-12.163258882221522,761771809926162,0.0035103785103785105,True,True,a7802136,1025,761771817074337,-5.785286935286935,112461.61446886447,-4.297557997557997,1023.7499999999999,761772260999630,443.925293,5d694ad66f6cf59b0c7d3a7de4bc7a206e41040091dce0f346bc3a0be50a06f9,16380,451.073468,True,585,1024
141561.65891767334,6bbe91bf,380,-13.778304312093637,761772264228045,0.00231990231990232,True,True,6bbe91bf,1025,761772272187091,-5.798229548229548,141612.5318070818,-4.153724053724054,1023.7499999999999,761772715999100,443.812009,d0da9e5669e3a0ef4dfb221766ea633b91ad4a1c25ca6bea4ead22982ff98334,16380,451.771055,True,585,1024
62.91230852345321,0047f1bf,381,0.43614834585568796,761772719326822,0.0,True,True,0047f1bf,1025,761772727239962,-3.756837606837607,84.07551892551892,-2.655067155067155,1023.7499999999999,761773170993801,443.753839,f7e15986de44f8fb1c8ca39f2ffc4b877e2832e467499184e0481e0839fbc6a6,16380,451.666979,True,31,49
71.01191006558223,4e5692c3,382,0.460086094401155,761773173683328,0.0,True,True,4e5692c3,1025,761773181165374,-4.271306471306471,96.9513431013431,-2.774053724053724,1023.7499999999999,761773624994726,443.829352,5c379c997dbd73e2b88beeaf86e922722e9e6dff81a1fd569dfd806a311c7311,16380,451.311398,True,35,52
71.12488251404002,d36daa19,383,0.788934690338396,761773627960284,0.0,True,True,d36daa19,1025,761773635161369,-4.264102564102564,96.56715506715507,-2.6943833943833946,1023.7499999999999,761774078995991,443.834622,013bab400bd041387d36615a1136b5b140659d09601560e15ed30260fed581d8,16380,451.035707,True,35,51
28514.462889967515,baf51d4e,384,-0.7537023929886342,761774082437939,0.007936507936507936,True,True,baf51d4e,1025,761774090167422,-4.271978021978022,28541.168070818072,-2.9078144078144077,1023.7499999999999,761774534022602,443.85518,bbf865187e5237aeafdd9d5a391e8aa55297370d911e35174614728bf8e54125,16380,451.584663,True,392,502
281900.9678115417,aa06ff3b,385,-10.64591025704714,761774537024450,0.05723443223443223,True,True,aa06ff3b,1025,761774544162736,-5.400549450549451,281941.1465811966,-3.3185592185592188,1023.7499999999999,761774988017807,443.855071,1a71fa3fa3c23d61bdf5b348ea6d44f105bc37c57b1413fcb2b0ddcd5e70fef5,16380,450.993357,True,585,1022
41752.748260106804,388c1a9e,386,-7.176502199447416,761774991112980,0.008424908424908424,True,True,388c1a9e,1025,761774999165883,-4.179120879120879,41778.413247863245,-2.8635531135531136,1023.7499999999999,761775443033107,443.867224,84c1c684c1a90e326b52c6c0e7c2a9a4935b784eb53067bfc3a77a18da33d472,16380,451.920127,True,558,843
91944.58160343251,722d73d6,387,-11.012182378895774,761775446458574,0.018467643467643468,True,True,722d73d6,1025,761775454193637,-4.081318681318681,91969.87045177045,-2.937973137973138,1023.7499999999999,761775898041494,443.847857,ff1e447864e2e1725d7aa44687dee2c7061020a4b74f48887eef3ad11388fe9e,16380,451.58292,True,585,947
145510.03613006347,d4c9ebed,388,-7.226210767038099,761775901148680,0.033455433455433455,True,True,d4c9ebed,1025,761775909160115,-4.5989010989010985,145541.31263736263,-3.182234432234432,1023.7499999999999,761776353022238,443.862123,5d6337cf11ed409f94ca68fbf803c4b0e9e918eb010a899b9228d9f0fc97bf92,16380,451.873558,True,584,891
70.84237404977331,fc8f6d91,389,0.012492291054593404,761776355907205,0.0,True,True,fc8f6d91,1025,761776363179805,-4.46947496947497,98.04542124542125,-2.6882783882783885,1023.7499999999999,761776807047810,443.868005,773f2705aacb0a176633dd64dd7a133e324aa1c5589279c14cf947ba89f61f5e,16380,451.140605,True,35,52
1384.4109470437306,5b32f3e0,390,-14.656348156909933,761776809880238,0.0,True,True,5b32f3e0,1025,761776817188825,-4.146764346764347,1406.9371184371184,-2.3087912087912086,1023.7499999999999,761777261077680,443.888855,2db945abd66f9be87d0dbc426da397c2234bc6897699f6bb679e0ce022cf5925,16380,451.197442,True,191,295
72.78420775432679,ed185df9,391,0.41978977565057185,761777264143979,0.0,True,True,ed185df9,1025,761777272158800,-4.126556776556777,92.86770451770452,-1.7478632478632479,1023.7499999999999,761777716070808,443.912008,50fb89910ae87b4e8fcf52e8dc913f3bdfeee55b949e54697701ded447886aa1,16380,451.926829,True,33,51
71.02264483921992,24f11b5a,392,0.6760438451225999,761777719555267,0.0,True,True,24f11b5a,1025,761777727105080,-4.565873015873016,97.65360195360195,-2.404945054945055,1023.7499999999999,761778171056583,443.951503,6a857aad6eef898a40dc5ac54366931d27026dd1e76f31b0dc51dc3dfeb0ec39,16380,451.501316,True,31,55
70.33538009440025,c95bccf7,393,0.35967622580069447,761778173936049,0.0,True,True,c95bccf7,1025,761778181189132,-4.292307692307692,92.40579975579976,-1.9095848595848597,1023.7499999999999,761778625065363,443.876231,9edeafa7b2b2a24f151a47f9df27a30bdf0f796628398258ca997e3c8158b161,16380,451.129314,True,31,52
71.39074105381796,1cc07d42,394,0.6880676361640327,761778627781621,0.0,True,True,1cc07d42,1025,761778635121518,-3.6717948717948716,92.68412698412699,-2.7948717948717947,1023.7499999999999,761779079072960,443.951442,0d8e51844022c5676b398612ff60c92c25c8c5003b8e0fc8cb1dffa53dc6cf2d,16380,451.291339,True,34,53
60.410125737781414,2e94a31a,395,0.43988888723664343,761779082590191,0.0,True,True,2e94a31a,1025,761779090126499,-4.503174603174603,86.17997557997558,-2.3433455433455435,1023.7499999999999,761779534076629,443.95013,39b537a803b11146300aa3874b079aae09a554080caa0d5cf48e5c226c633957,16380,451.486438,True,32,51
123777.90375817541,edc855fd,396,-14.707650766731676,761779536867788,0.0007020757020757021,True,True,edc855fd,1025,761779544092438,-6.220634920634921,123831.5355921856,-3.8646520146520147,1023.7499999999999,761779988072695,443.980257,f69d995d2510a1e2351f8644b02586a647c2101955192785299473514afc6f62,16380,451.204907,True,585,1024
84585.26883923632,e980c15e,397,-13.281105023462294,761779991232030,0.0005494505494505495,True,True,e980c15e,1025,761779999124029,-5.884188034188035,84640.81782661783,-4.574420024420024,1023.7499999999999,761780443097263,443.973234,d39b06499ca9090d03eb416839482ee374d3dec94c11808a02a1ca9327a7bdab,16380,451.865233,True,585,1023
70.32492039265848,1987440f,398,0.46964094383829014,761780446043295,0.0,True,True,1987440f,1025,761780454118821,-4.3760683760683765,94.66233211233211,-2.2775946275946275,1023.7499999999999,761780898076986,443.958165,3d5c93cc2e16123a8c505073db893420ee36c6457420b7035101b4825db975f0,16380,452.033691,True,32,54
64.04214322985385,af9f6f54,399,0.9313224441611669,761780900931004,0.0,True,True,af9f6f54,1025,761780908145565,-4.481990231990232,89.7990231990232,-2.380891330891331,1023.7499999999999,761781352088141,443.942576,96af84044c10e845c534c77adf9f9ec5a370685dac4f103c27a8449c809f33c5,16380,451.157137,True,31,51
66.70915981623858,960ed63d,400,0.31698754380434124,761781355170029,0.0,True,True,960ed63d,1025,761781363141809,-4.68986568986569,94.61056166056166,-2.43034188034188,1023.7499999999999,761781807098833,443.957024,30021eb83f4d2f71720121890b1eff5b42eeb9411251e7e86077cd460782ba23,16380,451.928804,True,35,49
26345.16215235755,154700e7,401,-12.089113281909452,761781809896615,0.005280830280830281,True,True,154700e7,1025,761781817011958,-4.363980463980464,26370.636324786326,-2.5357142857142856,1023.7499999999999,761782261113043,444.101085,fc9c8e76b0809562ff5aaab56f8e737aa4c3ebf27603f98f89d73a1e3d2a58bf,16380,451.216428,True,537,825
59992.327140557514,2a0f0560,402,-8.576056478504473,761782263945230,0.01452991452991453,True,True,2a0f0560,1025,761782271015028,-4.831929181929182,60027.43815628815,-3.4297924297924296,1023.7499999999999,761782715117175,444.102147,55bc02f1ac52306fba66a665ef00c1ececbff2d361ca739e634d241241bcd865,16380,451.171945,True,576,972
70.3081657960138,a28bbdf8,403,0.3173148450926153,761782717947418,0.0,True,True,a28bbdf8,1025,761782725997807,-4.250610500610501,96.06953601953602,-2.7737484737484737,1023.7499999999999,761783170092049,444.094242,d331dd73fa1eec207d34051d7707d752899bd8d7a00c62902bf3d059a7c6339d,16380,452.144631,True,31,51
273198.6337699829,4a985c1b,404,-3.596216698006496,761783173072346,0.08556166056166056,True,True,4a985c1b,1025,761783181017706,-4.461782661782662,273231.281990232,-3.5694139194139196,1023.7499999999999,761783625110606,444.0929,30eafe4baa02e2cda0ea01a61783f3005a40fa2e04d1e35f98e62e913488d878,16380,452.03826,True,585,806
106831.82350533202,542dbbbd,405,-9.766769509310919,761783628050897,0.03128815628815629,True,True,542dbbbd,1025,761783635989945,-2.7124542124542126,106846.6927960928,-2.740781440781441,1023.7499999999999,761784080121789,444.131844,3a25bcc935769c0488663502cd09eca95cdd060d8dbebb3d2d88f139f20066ff,16380,452.070892,True,583,966
14053.117982768825,e2d84b87,406,-2.5108380949747273,761784083147632,0.0,True,True,e2d84b87,1025,761784090989346,-3.7477411477411477,14074.339926739927,-2.6788766788766787,1023.7499999999999,761784535167748,444.178402,795253742d6b9139169f76db727945fdc41e3125dfce7e5ca67c5f440d2b4457,16380,452.020116,True,510,785
65.5182470917361,3015352e,407,0.483323834604653,761784537948508,0.0,True,True,3015352e,1025,761784545980000,-3.7613553113553113,82.17356532356533,-1.5835164835164834,1023.7499999999999,761784990154004,444.174004,458ee9abf29e05e246f50e55332c1209b98240adb55e5f62eb3c924a5389aff9,16380,452.205496,True,31,50
15311.29976675373,0ab0b9ba,408,0.0008080125926237044,761784992965792,0.00405982905982906,True,True,0ab0b9ba,1025,761785001016301,-3.5479242979242978,15328.438644688646,-2.1333333333333333,1023.7499999999999,761785445129880,444.113579,186a2a149328d47d3e5109ff7b25a235e176553c809e4db25c1c6c8e7b50bc08,16380,452.164088,True,373,512
67.95920239474269,7989171e,409,0.5190226518187989,761785447895481,0.0,True,True,7989171e,1025,761785455967210,-3.584004884004884,82.46379731379731,-1.2882173382173383,1023.7499999999999,761785900133719,444.166509,0f9963ac9f67c3b6b7dabb8bab9debfd30d84edaafd870605ee40fed681eab2e,16380,452.238238,True,32,50
8299.789284857048,8c35681f,410,5.6710078680723575,761785902456995,0.0006105006105006105,True,True,8c35681f,1025,761785910006298,-3.8804639804639804,8319.997802197802,-2.2694749694749694,1023.7499999999999,761786354148932,444.142634,afacfb9e0bd052ff0051ae7011ee2eb098dbaa5675fb8584c615fa5ed29e10ea,16380,451.691937,True,450,669
71.0061316586683,2072b45e,411,0.9187389211997781,761786357061060,0.0,True,True,2072b45e,1025,761786365012411,-3.5137362637362637,85.68601953601953,-1.5275946275946275,1023.7499999999999,761786809155997,444.143586,4ee2379994a7d3da3d4d137be8d2896befd5f136301aca77144fa64f7923a7d6,16380,452.094937,True,34,52
66.67314846495249,4630e355,412,0.500719311670976,761786812523475,0.0,True,True,4630e355,1025,761786819941710,-3.9194749694749693,88.71630036630036,-2.584737484737485,1023.7499999999999,761787264159566,444.217856,9cb674a01faea7bc800311bc872dd755bc47bfaa9301c15a7fda61ce3380f02d,16380,451.636091,True,33,50
61.23717916664803,56946944,413,0.46709500013451427,761787267618336,0.0,True,True,56946944,1025,761787274920582,-4.336691086691086,88.56312576312577,-2.9187423687423686,1023.7499999999999,761787719151994,444.231412,35c6d1f594fd794cb12b9261a5eb292cd511047994563ab85d6f81f8d5eb4d99,16380,451.533658,True,32,49
101.17939323768078,6e6e96b1,414,0.8401796151967299,761787722140887,0.0,True,True,6e6e96b1,1025,761787730024801,-4.790964590964591,129.7474358974359,-2.3695360195360196,1023.7499999999999,761788174147137,444.122336,c9f66764aebf80097b8dc43242251516d26f4f18936d93c65bed20248121e8a1,16380,452.00625,True,45,73
154392.381259998,7c1ad534,415,-15.697925018375763,761788176872542,0.019536019536019536,True,True,7c1ad534,1025,761788185019934,-4.647680097680098,154420.28357753358,-2.51025641025641,1023.7499999999999,761788629185442,444.165508,a514c02cddf5d59d3faf1faa82c20f145746e844fee35a67f6eb761c71e2826e,16380,452.3129,True,585,1024
26254.002734636473,fa2c3482,416,-4.605846205645456,761788633339003,0.00641025641025641,True,True,fa2c3482,1025,761788640999746,-3.9723443223443224,26274.480402930403,-2.1675213675213674,1023.7499999999999,761789085179200,444.179454,e5e9a8284218adcc3d85ec0dee818e6925d27567358fb56941f2d7011bf0bcc7,16380,451.840197,True,433,543
215.5328602438126,f556aeac,417,18.99859028317309,761789088037927,0.0,True,True,f556aeac,1025,761789096012051,-4.5547008547008545,241.15799755799756,-2.209035409035409,1023.7499999999999,761789540203889,444.191838,1c468eff1d7a383641653bcca999585016baedd70b3fda71a6d5220215b9108d,16380,452.165962,True,73,117
26917.70627063887,e81929ec,418,1.023187040583336,761789542858671,0.006684981684981685,True,True,e81929ec,1025,761789551116621,-4.577411477411477,26941.480463980464,-1.6797313797313798,1023.7499999999999,761789995198250,444.081629,773405757a8a4faf278fabc1557203fa6d6430d1d89af186f9098216f6696828,16380,452.339579,True,436,534
24735.97092963813,ce23c1ff,419,0.47081343315333596,761789997417220,0.004792429792429793,True,True,ce23c1ff,1025,761790005032617,-3.79029304029304,24756.80244200244,-2.5426739926739925,1023.7499999999999,761790448292835,443.260218,94146ca33e16edbadeb3f8af91de9f155fb5ae2b458919f64ce654b3611676b7,16380,450.875615,True,455,576
63.60111347409883,8d512d09,420,0.6908312413576401,761790451059208,0.0,True,True,8d512d09,1025,761790458399857,-4.0707570207570205,83.63772893772894,-1.8615995115995116,1023.7499999999999,761790902285997,443.88614,d1832f3cad14f6f86e6976995f090c0b1a880421823e44dbc010eae00ac31c16,16380,451.226789,True,33,50
90140.52672707566,b58cec8b,421,-14.9518036683203,761790905051899,0.0,True,True,b58cec8b,1025,761790912327865,-5.098412698412698,90177.35982905983,-3.292307692307692,1023.7499999999999,761791356266685,443.93882,88055c88201d838a7476c967f5f208f3c1f1bc0523eca629e8658c23402ff400,16380,451.214786,True,567,921
52382.265557967,04d1f554,422,-11.03192783743572,761791359163935,0.010561660561660562,True,True,04d1f554,1025,761791366324774,-4.098717948717948,52407.20042735043,-2.8522588522588523,1023.7499999999999,761791810286797,443.962023,4364a39f0723ae495c1e15fdcfcf3b0d1eea5d1e5af4313b48f785742c249572,16380,451.122862,True,582,980
92191.20369069609,c6a5a642,423,-9.336761737167281,761791813117001,0.007722832722832723,True,True,c6a5a642,1025,761791820346028,-5.3608669108669105,92231.31282051282,-3.371978021978022,1023.7499999999999,761792264288285,443.942257,b1c0b59c6d3084d3b7f6bdedcbc34e73f76ce0b3aeb0583651319ddc6f0c2219,16380,451.171284,True,582,1005
69.3335869221675,2a100c24,424,0.5546652249023628,761792267292376,0.0,True,True,2a100c24,1025,761792274359599,-3.5338827838827838,87.57429792429792,-2.3984126984126983,1023.7499999999999,761792718298479,443.93888,31859b64167f14a9db190e578f25f4b038ea54e2314926294ef5f7c564229af4,16380,451.006103,True,33,50
66750.97363092814,91155502,425,-13.389130671713719,761792721229202,0.0014041514041514042,True,True,91155502,1025,761792728372337,-5.167704517704518,66791.23675213676,-3.682112332112332,1023.7499999999999,761793172316087,443.94375,78ee379847191c29c8175751019acf669b2f00e5fb7a86e9564ed5d76c4b966f,16380,451.086885,True,573,941
14219.390490077689,71f0dbb2,426,0.6639855974689344,761793175161669,0.0,True,True,71f0dbb2,1025,761793182400946,-4.190659340659341,14240.330036630037,-1.8379120879120878,1023.7499999999999,761793626321171,443.920225,ba98bb206855de0ae771ec022bf61a28df452a4055f2838f02e02f10da871b37,16380,451.159502,True,525,749
1316.8081192071393,2bd65c95,427,-26.729362972640306,761793628934254,0.0,True,True,2bd65c95,1025,761793636372397,-4.574847374847375,1345.4009157509158,-2.7683150183150182,1023.7499999999999,761794080318300,443.945903,a9726473ddd414f7fc4cb0268fd5b30d5b9a1b4f6b0c2671955d483d5b564f44,16380,451.384046,True,182,281
59.06870700592313,6f9f1e77,428,0.39913879666151425,761794082977601,0.0,True,True,6f9f1e77,1025,761794090466780,-5.278266178266178,92.40805860805861,-2.340781440781441,1023.7499999999999,761794534313887,443.847107,f0e1f0d533ed755c2bb760ec29e4a39ef18a7a51e0175b5c424c3674aaf16c98,16380,451.336286,True,31,49
24502.521297701416,e4bc922d,429,-0.35283658458374134,761794536855385,0.0044566544566544564,True,True,e4bc922d,1025,761794544412853,-4.436385836385837,24531.693956043957,-3.080769230769231,1023.7499999999999,761794988332496,443.919643,d549415eb7af7aa7455f61b6ef0ff635fb3fc6fdd9de0b7153ac341c37a5e93f,16380,451.477111,True,441,569
56327.8650430444,8a1efbf3,430,-3.061195802492143,761794992317269,0.02097069597069597,True,True,8a1efbf3,1025,761794999388018,-4.677472527472528,56358.12973137973,-2.8958485958485958,1023.7499999999999,761795443343680,443.955662,c8c251516816f1d470988455a5e4e093f0bbbbde2565aeb63b4757a2c28e22ab,16380,451.026411,True,514,700
65.73756392738993,1967f2e8,431,0.5021953591472215,761795446120232,0.0,True,True,1967f2e8,1025,761795453396710,-4.779181929181929,94.83058608058609,-2.5004884004884005,1023.7499999999999,761795897327104,443.930394,ab6dd8a281b84f336142a6a32d5a4ff480a831b165490b297a5d47041d174816,16380,451.206872,True,32,49
64664.68572665972,19cb6334,432,-14.618134302329047,761795900371020,0.007173382173382173,True,True,19cb6334,1025,761795907428003,-5.694139194139194,64706.98266178266,-3.142246642246642,1023.7499999999999,761796351341836,443.913833,24b67ae509c680e77a835ded6410c700565348848818dca8298dabb1a4e8259f,16380,450.970816,True,583,1011
26240.847977617963,0b3267ce,433,-8.752692190881051,761796354276507,0.006196581196581196,True,True,0b3267ce,1025,761796361419192,-4.695787545787546,26268.09084249084,-2.2786935286935286,1023.7499999999999,761796805390674,443.971482,f62bdd2eaaa6de5f1d65e9aaac50eb2087ca437b08fbb040027d762e001d2b6f,16380,451.114167,True,430,541
64.34181954153566,1f3ca9ea,434,0.5226770748483052,761796808288104,0.0,True,True,1f3ca9ea,1025,761796815410069,-4.955616605616606,96.72423687423688,-2.797191697191697,1023.7499999999999,761797259339422,443.929353,6ce8ee578a6df8a749e6d5de26680589e2c236818c3e8e32122bb7e00a9d15dd,16380,451.051318,True,31,50
26078.391115456918,fe72c47b,435,-8.244261231881595,761797262304560,0.006349206349206349,True,True,fe72c47b,1025,761797269498541,-4.000671550671551,26101.750915750916,-2.711904761904762,1023.7499999999999,761797713344116,443.845575,77ed29aad7f40968a192f5b9927628e4302e8977eaa12839c459b9d204d6a86f,16380,451.039556,True,431,543
60.305337113368246,f07b1d2c,436,0.6603923449589557,761797716378935,0.0,True,True,f07b1d2c,1025,761797723447270,-3.657203907203907,78.6535409035409,-2.23003663003663,1023.7499999999999,761798167370480,443.92321,2ee2351a0b8eb80f35a343a231aeb7dcb1e2a2af8b5eccb673bc48537dd34560,16380,450.991545,True,31,48
216650.17815396993,acbb4269,437,-11.849942388470925,761798170441368,0.04300976800976801,True,True,acbb4269,1025,761798177482661,-4.852808302808302,216683.94798534797,-3.196886446886447,1023.7499999999999,761798621357060,443.874399,4bedee8e54e6d1d01e0737f41c7089ebd0da6704bdc3e5d1a0b21b3a8be79ac0,16380,450.915692,True,585,1024
71.59978956364488,fbf1e052,438,0.21570004160876438,761798625362061,0.0,True,True,fbf1e052,1025,761798632463739,-4.355311355311355,97.31361416361416,-2.5971306471306472,1023.7499999999999,761799076360119,443.89638,507cdabbbecdf7e8e32d54cb25d402aaa97d940e98ed84e015f4f571ca528e6f,16380,450.998058,True,34,51
63.43469596100548,c9dafd3f,439,0.3247473911785501,761799080616444,0.0,True,True,c9dafd3f,1025,761799087452701,-4.086324786324786,86.46697191697191,-2.5167887667887667,1023.7499999999999,761799531372996,443.920295,0405eeadd8eedea7bd38125313ed27d57e43b8fd21c772759b766938a7910f09,16380,450.756552,True,33,50
62.10858028045757,223b7602,440,0.4456938036643253,761799534249988,0.0,True,True,223b7602,1025,761799541480829,-3.675335775335775,85.82973137973138,-3.195787545787546,1023.7499999999999,761799985267382,443.786553,506b66c076141a0a2270125ff3513c1a78750c5d2d0d69c5e0a0ec254790d3a2,16380,451.017394,True,32,51
69.46475768194632,45c80aa3,441,0.594612374780536,761799987791277,0.0,True,True,45c80aa3,1025,761799995464513,-4.431440781440782,95.0479242979243,-2.4383394383394386,1023.7499999999999,761800439410067,443.945554,c33ac73b531b158b37904e9c575a290465fdc0805f630bf1dc4ace91ff02a1c7,16380,451.61879,True,33,52
75.10323934680163,77474346,442,0.6778867890677909,761800442353834,0.0,True,True,77474346,1025,761800449505546,-4.7294261294261295,100.39798534798535,-1.7109279609279608,1023.7499999999999,761800893407918,443.902372,5dbe8ad7201981aa8a611fb4500f327e498aac0ac43b12619c4399719dd86731,16380,451.054084,True,32,53
66.16209986865664,56713525,443,0.507707979330726,761800896471371,0.0,True,True,56713525,1025,761800903571205,-3.4661782661782663,81.82930402930403,-1.9112332112332113,1023.7499999999999,761801347378347,443.807142,9b68654f5510b1e7d07cf6188ee4f4e41cf32de6904ee1fba43de149b749fe86,16380,450.906976,True,32,49
69.0225101899186,23424f63,444,0.7861884525440411,761801350205775,0.0,True,True,23424f63,1025,761801357555180,-4.044810744810745,90.81862026862026,-2.3314407814407816,1023.7499999999999,761801801387921,443.832741,4c019ac647a7ed060de2c1584ef027575f4c417f5ecb855570573eb0c14814c2,16380,451.182146,True,32,49
72.57177860295992,46dd53e1,445,0.8178358604385998,761801804651592,0.0,True,True,46dd53e1,1025,761801812514386,-3.715934065934066,89.49200244200244,-1.764102564102564,1023.7499999999999,761802256415846,443.90146,31fa6fa6d7e04bff439c3a1fee1cb0c913fbf5cbc9f4b1daa098528a6c57d911,16380,451.764254,True,33,53
69.44099695346033,88929598,446,0.6931704277938912,761802259384080,0.0,True,True,88929598,1025,761802266505164,-4.067094017094017,92.49627594627594,-2.552258852258852,1023.7499999999999,761802710425751,443.920587,e6d003197ef5a35fcc3c800914cbb0d20bee918fedda0187547ba95e2d51fce2,16380,451.041671,True,32,52
2108.4048396634566,a2be03d7,447,0.7344610468122974,761802713263728,0.0,True,True,a2be03d7,1025,761802720531660,-4.5586691086691085,2134.6347374847373,-2.3341880341880343,1023.7499999999999,761803164393495,443.861835,3bbaf1c2973316d27449f63d6598d6c8a5d1769d94ffc34fe83f0d338ff94511,16380,451.129767,True,332,397
89073.26737256265,69b4126b,448,-11.043137612500216,761803167216234,0.015995115995115994,True,True,69b4126b,1025,761803174529882,-3.697863247863248,89095.01715506715,-2.841758241758242,1023.7499999999999,761803618416434,443.886552,e367327bd5985a58d59eb93164013ce47e222824fbea22cfd526285ab6181268,16380,451.2002,True,585,1015
67.83143084869275,1eded08b,449,0.6438306428094321,761803621521195,0.0,True,True,1eded08b,1025,761803628524437,-4.01971916971917,92.0568376068376,-2.8402930402930404,1023.7499999999999,761804072433602,443.909165,18a4d113a821011d40d6ce0c929254d47c5a74b977785630311c15d103f87f83,16380,450.912407,True,33,54
71.22144416192951,b7155f1b,450,0.5288827002808117,761804075374283,0.0,True,True,b7155f1b,1025,761804082683332,-4.371123321123321,99.5478021978022,-3.0363858363858363,1023.7499999999999,761804526427275,443.743943,cee7529e5a9ba87b5cf8ae8e4e1535bf7416ee9f33c66ed29faf495f7071820a,16380,451.052992,True,33,49
67.87753887002971,1232fe3f,451,0.4190078160434427,761804529114659,0.0,True,True,1232fe3f,1025,761804536710930,-3.4984126984126984,87.81282051282051,-2.774236874236874,1023.7499999999999,761804980428824,443.717894,14c1e173ab0de6d94d2373f86cdd1d442a42497007a5989f1c499735aef1663a,16380,451.314165,True,31,52
353019.6781514392,f331a792,452,-3.702388475772077,761804983634346,0.10763125763125764,True,True,f331a792,1025,761804991621074,-3.2626984126984127,353040.7320512821,-3.2262515262515263,1023.7499999999999,761805435427214,443.80614,8af5316bcb6cb9cc5a0fb87d86552361d5e97ce932a3bddbd9499942a3818ce2,16380,451.792868,True,585,829
76.72252780051316,15e7cdd8,453,0.9071915185597366,761805438427298,0.0,True,True,15e7cdd8,1025,761805445607804,-4.428815628815629,102.01343101343102,-2.3825396825396825,1023.7499999999999,761805889417521,443.809717,70361c5ee7e2374f7a9c9b813779a7f4f1fe53fb1c4cac71744c1a42158c56b9,16380,450.990223,True,35,54
72.16865038366869,c0e73074,454,0.5855457365831102,761805892207278,0.0,True,True,c0e73074,1025,761805899604293,-4.480708180708181,99.58559218559219,-2.7092796092796094,1023.7499999999999,761806343459025,443.854732,e263ede32e3bd52e9bce52a7cbe218b7388cace405aacf426a30740d36618118,16380,451.251747,True,34,51
20458.24953645188,e26cc128,455,-11.152725026747557,761806347223322,0.004487179487179487,True,True,e26cc128,1025,761806354589910,-3.8824175824175824,20480.097313797312,-2.602808302808303,1023.7499999999999,761806798459019,443.869109,e7cfbd85c60268bb4134ee4cdbe9aaa3465fd564aae178765c5e96e3bd77be90,16380,451.235697,True,484,752
147552.0274006017,662bf902,456,-9.004874189721935,761806801439817,0.01974969474969475,True,True,662bf902,1025,761806808628238,-4.823382173382173,147585.88986568985,-3.2553724053724054,1023.7499999999999,761807252473672,443.845434,9bc96f0f682f77d1a23ad3c3c02e8192f81aa8a83a1a4bd44721e9173d523385,16380,451.033855,True,585,1024
71.81473704866562,53217b70,457,0.6248305987315302,761807255687069,0.0,True,True,53217b70,1025,761807263583707,-3.941758241758242,96.56330891330892,-3.034981684981685,1023.7499999999999,761807707479467,443.89576,58b97332cce4b8f2561ef868267725d106f57ea456170de5d825484e7b467fe6,16380,451.792398,True,32,51
79.21679142049105,cef725bb,458,0.8659349237019895,761807710423425,0.0,True,True,cef725bb,1025,761807717576009,-4.2253968253968255,102.44761904761904,-2.318803418803419,1023.7499999999999,761808161454526,443.878517,a9e47c21997ee31ca7269f4e01c65af9a83c2897ae302be5b5ad65cd7af8f7c1,16380,451.031101,True,35,56
71.16539148444826,89e00ebd,459,0.8858767287400577,761808164857200,0.0,True,True,89e00ebd,1025,761808172630655,-4.531990231990232,98.91312576312576,-2.6849206349206347,1023.7499999999999,761808616473776,443.843121,617fa9d568779cfdbaee8a6597dd24f5450d8f2fe7930b98c015cf369c36556e,16380,451.616576,True,34,53
69503.73903129059,4e2f46d5,460,-14.043091613071418,761808619680289,0.0010683760683760685,True,True,4e2f46d5,1025,761808627613266,-5.1531135531135535,69541.17112332112,-3.298107448107448,1023.7499999999999,761809071482686,443.86942,baedf13a59e311ef9ec1a4d91cf41bd45398b84d91fbf5f6d7da8d196816b874,16380,451.802397,True,585,1019
39213.37743950528,8f1580d4,461,-10.870153335407931,761809075154569,0.008516483516483516,True,True,8f1580d4,1025,761809082610595,-4.095604395604395,39237.32844932845,-2.678998778998779,1023.7499999999999,761809526460388,443.849793,e899e81f0a69f826effb93b333279a1c2f49f7c6ddf09064fd7f993eaf9e7685,16380,451.305819,True,568,876
67.20531199637428,92596602,462,0.696504187713177,761809529177718,0.0,True,True,92596602,1025,761809536590633,-4.026984126984127,91.56495726495727,-2.8536019536019537,1023.7499999999999,761809980478278,443.887645,da16d457531d958eeaf748e22e53dcd8a68132a7527cb512c1c20078523d685c,16380,451.30056,True,31,56
31622.477493827904,e478068e,463,-5.430220686866646,761809983765123,0.009523809523809525,True,True,e478068e,1025,761809991636453,-3.8254578754578756,31646.149023199025,-3.006227106227106,1023.7499999999999,761810435492959,443.856506,b31baca03a8d7293fb639b287a8348ffa3ff275b812d3488f27243d071f8c199,16380,451.727836,True,473,683
187.7255098835502,944b84da,464,2.1305539885698783,761810438179201,0.0,True,True,944b84da,1025,761810445619858,-4.00030525030525,207.56385836385837,-1.9585470085470085,1023.7499999999999,761810889488958,443.8691,7d2015ce7edd35c9a74f78e7cd75265a7e3d2504ac504b27568734d633e44b61,16380,451.309757,True,64,102
98.26002470328478,639889ba,465,0.3814445550466188,761810892287872,0.0,True,True,639889ba,1025,761810899544632,-4.237606837606838,121.91013431013431,-2.385958485958486,1023.7499999999999,761811343507098,443.962466,27c0d4e098e3e3fd0583ce4ed38bb2ab479677bf2b35aa56397bcd2740c2e484,16380,451.219226,True,45,64
10677.804813748862,6a3d73ff,466,2.0191440846353244,761811346275004,0.0,True,True,6a3d73ff,1025,761811353554577,-3.983089133089133,10704.421245421245,-3.278937728937729,1023.7499999999999,761811797519187,443.96461,168881b71e81f4e8c26f1ef1b37bd62e59ea4b9d9a60e3c27cde31d3e13c2aa3,16380,451.244183,True,487,668
1066.5365985015526,d1876855,467,-19.880874919223793,761811799964463,0.0,True,True,d1876855,1025,761811807530888,-4.736202686202686,1097.1105616605616,-2.8534798534798536,1023.7499999999999,761812251534983,444.004095,d3b22e80833537f2dfe94bcf06f1fa2a769e13698bae4f53b3771bf60905754e,16380,451.57052,True,168,258
278858.4969282278,47f56d62,468,-1.208794192167788,761812254241332,0.09102564102564102,True,True,47f56d62,1025,761812261565339,-4.609218559218559,278893.7001221001,-3.736080586080586,1023.7499999999999,761812705534097,443.968758,4bf82bfab4eca3832d1a325870294a37b11dc699b323033bc6bbc8b2c0ab32c4,16380,451.292765,True,585,780
71.12178264314711,fb22be6c,469,0.37317920072150823,761812707968674,0.0,True,True,fb22be6c,1025,761812715571908,-4.726800976800977,106.31739926739927,-3.5851037851037852,1023.7499999999999,761813159542569,443.970661,c7cb1b5d453ef7a282ea04d3d614c647499ce487b4cb3f8058d28af4cdb324b4,16380,451.573895,True,33,54
13290.134272874393,3cbac4d6,470,0.5737287793172129,761813162485716,0.0,True,True,3cbac4d6,1025,761813170621686,-4.509096459096459,13318.025702075702,-2.7494505494505495,1023.7499999999999,761813614525752,443.904066,27ba1d2f6b64a550bf9b59c4ae375db769b5dab029a66a365834f52e60eacd0b,16380,452.040036,True,426,571
69.86614139387949,fa292333,471,1.2652525060740998,761813618579705,0.0,True,True,fa292333,1025,761813626562396,-4.539255189255189,100.87258852258853,-3.2251526251526252,1023.7499999999999,761814070541213,443.978817,186de84b7ac6f68b7a4644c6bc3c67dc2fa83f2cc41b1174d5c1da14ec77b005,16380,451.961508,True,32,51
15698.62560434715,cae6ce81,472,0.010210945731631074,761814073479761,0.0,True,True,cae6ce81,1025,761814081456991,-4.529242979242979,15726.676984126983,-2.7454212454212454,1023.7499999999999,761814525555354,444.098363,fe1f8de9c90d5b0a6c724458c9d8e26402bd58be554fa8ee089c59a2ecc004e9,16380,452.075593,True,491,655
67.11784419115006,69b08e45,473,0.05428613822692116,761814528095409,0.0,True,True,69b08e45,1025,761814535456446,-4.465873015873016,96.88882783882784,-3.1347985347985348,1023.7499999999999,761814979548457,444.092011,9990853c46652695c4f67873227672b47cdfc934c4a501af1e68dabf4f88756d,16380,451.453048,True,33,52
5760.255745649344,dcdad029,474,0.8530662051252611,761814982946502,0.0006715506715506716,True,True,dcdad029,1025,761814990601364,-3.6313186813186813,5781.261721611721,-2.796336996336996,1023.7499999999999,761815434565824,443.96446,22ad4ab330a0fecc6557df23982d27145e3782f089b9c1a2ca79d5904e3d6ea1,16380,451.619322,True,206,277
96.88692784762382,ffecb891,475,0.3685144488760129,761815437543466,0.0,True,True,ffecb891,1025,761815445437629,-4.205128205128205,120.54713064713064,-2.444810744810745,1023.7499999999999,761815889551311,444.113682,be5df3e937fe3d394f0f54e23c32c72a08b71a9700a245a100d9bc5410d04b0c,16380,452.007845,True,67,101
77.17411234403909,934c40af,476,0.8556143026640884,761815892413515,0.0,True,True,934c40af,1025,761815900431612,-3.623076923076923,96.14078144078144,-2.4166056166056165,1023.7499999999999,761816344544833,444.113221,246d7911b053958acaa76b1f21150fc8fbb20b28ed3839cb89b77b16f5feea99,16380,452.131318,True,35,53
15832.742371686785,b9c47eb2,477,0.45082182718979036,761816347186040,0.0,True,True,b9c47eb2,1025,761816354443611,-4.555006105006105,15863.422954822954,-3.1515873015873015,1023.7499999999999,761816798596307,444.152696,e0ed615ae379e00d9125ac17d6201cc7d277b44f31d8c93dd905657df26bbab2,16380,451.410267,True,498,681
150098.8971736543,60786a75,478,-6.195572124703132,761816801698423,0.031135531135531136,True,True,60786a75,1025,761816809420953,-3.595909645909646,150122.4836996337,-3.2643467643467643,1023.7499999999999,761817253566796,444.145843,8b2947b0d29370ad2c5d538dad086f09e69e9e6322f7272e5717a317d4da83d6,16380,451.868373,True,585,1012
14854.282251107323,672c104f,479,0.5229919652542919,761817257239569,0.0,True,True,672c104f,1025,761817264499726,-4.671489621489622,14889.939560439561,-3.7194749694749696,1023.7499999999999,761817708571168,444.071442,8de1b85290b6f35a9ad575f5d2f80064ec8028e9426ec7e676c2a71a94c1f8c6,16380,451.331599,True,485,660
75.74095070748001,7b498c40,480,0.7423007214177788,761817711590959,0.0,True,True,7b498c40,1025,761817719504499,-3.8462759462759464,97.03791208791209,-2.5501221001221,1023.7499999999999,761818163582604,444.078105,58bb9dadcfc67ec77f33683ba0a5e41ebeff3679fa45e49bd1950068ff0fd89b,16380,451.991645,True,35,52
77.80503226559088,6c77ca3d,481,1.0106895229726103,761818187617480,0.0,True,True,6c77ca3d,1025,761818195392288,-3.8461538461538463,99.72826617826618,-2.67026862026862,1023.7499999999999,761818639608424,444.216136,2c01878bd7673be140c1151271255e5554614b658166a04e6ea6232182c50094,16380,451.990944,True,33,54
71.34858743650867,0cb1a6ad,482,1.4236066142319257,761818642638965,0.0,True,True,0cb1a6ad,1025,761818650396461,-4.4272893772893775,100.18321123321124,-3.0387057387057386,1023.7499999999999,761819094601706,444.205245,7f4a859921ce96f4473ba27aef44accde2889747dbd8c0553e20ce9ab0124c29,16380,451.962741,True,35,52
61782.58741707925,05ca0188,483,-8.68512769856866,761819097474960,0.018986568986568985,True,True,05ca0188,1025,761819105394171,-5.303846153846154,61826.25854700855,-3.9421245421245423,1023.7499999999999,761819549605117,444.210946,2d7b0c628a7bc25ea59705e42fd86af38994056e5f1a636132ec58da2225a645,16380,452.130157,True,563,878
11715.177135026486,9f9e00fa,484,0.25293772998522807,761819552611042,0.0029914529914529917,True,True,9f9e00fa,1025,761819560398113,-4.726007326007326,11748.76343101343,-3.3542735042735043,1023.7499999999999,761820004635288,444.237175,3dcb0f8c645a465c09787002e750d6adcb70888696a7a161ac2cf22e07e6da91,16380,452.024246,True,393,540
75.54350893611883,e62feb33,485,1.1535948290805738,761820008972126,0.0,True,True,e62feb33,1025,761820016483376,-4.756410256410256,108.22606837606837,-3.1716117216117214,1023.7499999999999,761820460611796,444.12842,1313b7b4362ab7ac8963e8b6e7a6880e1ec5d095755733d0796f5d9933929bde,16380,451.63967,True,35,52
66.81627913295495,83b7a823,486,0.7461196306794938,761820463958966,0.0,True,True,83b7a823,1025,761820471491126,-4.723809523809524,95.02594627594628,-2.428021978021978,1023.7499999999999,761820915630126,444.139,a0fea169160a5b97f244378c5f30fa1b209ccca1c3fa8a398dfb73245b299ae5,16380,451.67116,True,32,50
69.4503949804774,cc4367f4,487,0.854644294393611,761820919674661,0.0,True,True,cc4367f4,1025,761820927450752,-5.0556776556776555,107.8479242979243,-3.582967032967033,1023.7499999999999,761821371639696,444.188944,485bff32b17d28ae091cb8d04b0a9fada277fb4623baa92b48e9cf404b30828a,16380,451.965035,True,33,49
68.50457295146856,f55b0301,488,0.3279411159660222,761821374482393,0.0,True,True,f55b0301,1025,761821382460155,-4.454761904761905,96.08113553113553,-2.7805860805860805,1023.7499999999999,761821826637627,444.177472,5339c9422c0d4777fe57fa4f18c72b02d9eeba16d2e5c13cb07a8f9f4be62972,16380,452.155234,True,35,53
64.3949984979747,ef2b5c4c,489,0.7597834377487902,761821829484231,0.0,True,True,ef2b5c4c,1025,761821837450271,-4.459157509157509,94.61935286935287,-3.2156288156288158,1023.7499999999999,761822280720290,443.270019,ffeb37ac765410f9c2c7d052b586eeeddeed0cb76adffd453384a4c2d8b2d568,16380,451.236059,True,31,46
66.12123168684525,f01ea8dc,490,0.9660410033246485,761822283609154,0.0,True,True,f01ea8dc,1025,761822290864041,-4.572405372405372,94.40641025641025,-2.7163003663003664,1023.7499999999999,761822734722561,443.85852,69d69c3f22a74fa18aadd6c405f88bf000f431f5875ce8f56f8daf94cbf567c1,16380,451.113407,True,32,48
68.96482299582117,2ca5abc1,491,0.6944392053988612,761822737627796,0.0,True,True,2ca5abc1,1025,761822744779288,-3.8332722832722834,90.20152625152625,-2.5578754578754577,1023.7499999999999,761823188723269,443.943981,112c12437caf8d05d626fa20fc1e77a189f0734a83ecc368c1e3588289faf9aa,16380,451.095473,True,33,53
138975.12361654153,2fbff961,492,-12.313250428493514,761823191564874,0.021825396825396824,True,True,2fbff961,1025,761823198784093,-4.217765567765568,139006.24725274724,-3.6515873015873015,1023.7499999999999,761823642724138,443.940045,dc564bd3f8a46e366de2be6d3d02b426dc72c61ccba760ed081d64c98b9c44fb,16380,451.159264,True,585,1023
67.8642384508044,8c5f8c2e,493,0.36189892082683356,761823645993590,0.0,True,True,8c5f8c2e,1025,761823652776226,-4.358974358974359,94.23522588522589,-2.714835164835165,1023.7499999999999,761824096736328,443.960102,8499bee4ab9dc6e79803e0204a93d03b6866590e72462ac2b6bb3616c0a92eed,16380,450.742738,True,31,54
62.74612285896169,e8628f67,494,0.7744351562129914,761824099332399,0.0,True,True,e8628f67,1025,761824106777154,-3.7084859584859586,87.79523809523809,-3.360989010989011,1023.7499999999999,761824550713853,443.936699,e8a6122db38a8759aab81d48ba6456cd6032a34bcde0a832f2ad4ddd9b651d24,16380,451.381454,True,33,50
74.94420725116697,14ac5fce,495,1.1785842526942942,761824553579513,0.0,True,True,14ac5fce,1025,761824560830763,-4.707081807081807,104.85286935286935,-2.784249084249084,1023.7499999999999,761825004742524,443.911761,dc22e4e6f5c80182ce767cad2b693609e970cafc2311070bbb21a85dfea5f586,16380,451.163011,True,35,52
73439.35710563822,ca19fa56,496,-5.680987254485379,761825007629394,0.024145299145299146,True,True,ca19fa56,1025,761825014823175,-4.2685592185592185,73464.95665445665,-2.7164224664224665,1023.7499999999999,761825458733073,443.909898,9da80214e95c562cd6767ba787b5e4e4e9636cf73dbe32d2385e271694a8bc1e,16380,451.103679,True,563,878
67.39628663190018,722ae3fb,497,0.6511921017911614,761825461510406,0.0,True,True,722ae3fb,1025,761825468878797,-4.488278388278388,94.56990231990233,-2.651221001221001,1023.7499999999999,761825912736466,443.857669,cb0ff3692620d6f385aa359169e679ddff2322004c9a0a7685344cfda6df9f66,16380,451.22606,True,33,50
70.34398473897558,742efb39,498,1.3303583128631093,761825915398202,0.0,True,True,742efb39,1025,761825922786520,-4.535775335775336,102.81300366300367,-3.449023199023199,1023.7499999999999,761826366742034,443.955514,c52080c81ee36b909a821f3cd8032177b6ff13dd9323dd3014572661a59efdc2,16380,451.343832,True,33,53
6700.906407822607,03bebd14,499,1.0891437406727553,761826369511863,0.0020757020757020757,True,True,03bebd14,1025,761826376842533,-3.745909645909646,6721.250366300366,-2.5123931623931623,1023.7499999999999,761826820759905,443.917372,0c4332c10683a1327f400bb357b9502cfc1cdb1e718785142b64709adbb58149,16380,451.248042,True,210,273
69.42892919385594,de71ef6d,500,0.47201864577176317,761826823769918,0.0,True,True,de71ef6d,1025,761826830846438,-4.404822954822955,98.05140415140416,-3.0364468864468863,1023.7499999999999,761827274773658,443.92722,34c07a450c973728e6cce11fdacab78a2c3f9eb4f5678d77b193a3efc9edb93c,16380,451.00374,True,29,53
67.25046648135476,bd23b9db,501,0.7705387172086291,761827277503462,0.0,True,True,bd23b9db,1025,761827284843800,-4.142185592185593,91.87527472527472,-2.7326007326007327,1023.7499999999999,761827728757345,443.913545,64bff7b0b09f97646c2b00c9fd67767386cdd3b96c1c93c8e44cd8bde6353a55,16380,451.253883,True,32,50
28885.17625599505,c0786d01,502,-7.320209527915541,761827731538115,0.007081807081807082,True,True,c0786d01,1025,761827738936021,-4.511904761904762,28909.640720390722,-2.0266178266178265,1023.7499999999999,761828182763203,443.827182,480f87d147c0b506418fdc4f0be0ff6aac64319e922d8450c00aecf6f7ed4ee6,16380,451.225088,True,507,724
67.96111740992693,4b27995a,503,1.316129465143889,761828185695078,0.0,True,True,4b27995a,1025,761828192909769,-4.293833943833944,91.29010989010989,-2.211782661782662,1023.7499999999999,761828636786204,443.876435,6acb057869696b7b366f9b2f7c85415d1df6658b2289c1ffccc5f1ec8143dd43,16380,451.091126,True,31,50
78.21350516428355,1d1b522e,504,0.9781221224300497,761828640720602,0.0,True,True,1d1b522e,1025,761828647863276,-4.444627594627595,104.42875457875458,-2.5417582417582416,1023.7499999999999,761829091776531,443.913255,4b1e3aa22ea8cbee8f1b28fcbc43a0ea9d3b8058b9e35f15afe20085d906c3c5,16380,451.055929,True,34,54
144679.1414559284,c1e1d584,505,-8.592043252691003,761829094605682,0.046123321123321126,True,True,c1e1d584,1025,761829101871069,-5.948473748473749,144717.7028083028,-1.7824175824175825,1023.7499999999999,761829545817365,443.946296,a28c5a6333c2a5e1a4673e54c7339ef5a6adee350d481f6f408a77756408cef7,16380,451.211683,True,585,980
170.04817116305213,ea9a8aaf,506,20.059313207585305,761829548520729,0.0,True,True,ea9a8aaf,1025,761829555876045,-5.063431013431013,201.21043956043957,-2.3503052503052504,1023.7499999999999,761829999785062,443.909017,4d4b2967b45e6a910c3a9affb29353cd9315e33c165f39a3c9b6e6db62665baa,16380,451.264333,True,62,97
89.02241198802552,c61bdfad,507,0.7403628817156602,761830002437259,0.0,True,True,c61bdfad,1025,761830009882645,-4.7755799755799755,119.49822954822955,-2.7694139194139193,1023.7499999999999,761830453808032,443.925387,ad326b2e13c92211f94895b9f8d09219b3b9badc2484646066dec769cf603563,16380,451.370773,True,47,68
224.8255478702548,d24a1be6,508,0.48485755799654945,761830456529420,0.0,True,True,d24a1be6,1025,761830463895857,-4.186996336996337,250.32039072039072,-2.8220390720390722,1023.7499999999999,761830907796999,443.901142,7e6384c49e9116ede92c1ebd157b6d842618443e4bed20e690ec6ddfddac2aa8,16380,451.267579,True,54,89
45784.60997032848,1aa21dcc,509,-11.944733255313583,761830911344226,0.005525030525030525,True,True,1aa21dcc,1025,761830918869473,-5.446214896214896,45822.62960927961,-2.891086691086691,1023.7499999999999,761831362709279,443.839806,73b2b7592d8377368c2c0a3e62c5893cbdb178b38d5a20a19a1ec6ecd72863cb,16380,451.365053,True,572,959
65.9895913857544,2f0960fe,510,0.8173188050987003,761831365633379,0.0,True,True,2f0960fe,1025,761831372890100,-4.666910866910867,98.20396825396826,-3.2302197802197803,1023.7499999999999,761831816710028,443.819928,223377320dfd55638f5d205a3ffc956887bf3792f4d12125c9b703b7061a8035,16380,451.076649,True,35,50
66.32905104798877,f0db3e7e,511,1.4798208147984557,761831819982887,0.0,True,True,f0db3e7e,1025,761831826937016,-4.645909645909646,100.4057387057387,-3.5344322344322343,1023.7499999999999,761832270707430,443.770414,549c68fc55a7a6c9f6d16943d7a5e15642db5a425157962c50d438bc1b9e5dd6,16380,450.724543,True,32,46
168992.8982209088,dafa1a2e,512,-11.626565945210501,761832273574503,0.026648351648351647,True,True,dafa1a2e,1025,761832280911605,-5.041330891330891,169030.25030525032,-3.455006105006105,1023.7499999999999,761832724722176,443.810571,7515691807a3a7f7ff130514e82c171955cfd09d985a1419d311454d88dc6bc2,16380,451.147673,True,585,1024
21233.52926561771,563a8935,513,-1.0301832512286502,761832727965760,0.0003357753357753358,True,True,563a8935,1025,761832734970304,-3.831807081807082,21256.160073260075,-2.8192307692307694,1023.7499999999999,761833178832823,443.862519,6bdf11315d99adee1971e35cff5b3a52a06680b68229a306de6eb0d85e37d216,16380,450.867063,True,494,683
26133.301237993113,95a0d776,514,-13.05766381445948,761833181374591,0.005372405372405372,True,True,95a0d776,1025,761833188917451,-3.899267399267399,26155.27918192918,-2.6026251526251527,1023.7499999999999,761833632839793,443.922342,4ef15e3f416538927539f0bdb74961802dc9858fdd9f4da351643e832203aa32,16380,451.465202,True,519,799
66.17684179610919,0770ad82,515,0.8330833851629829,761833635862921,0.0,True,True,0770ad82,1025,761833642939390,-3.506227106227106,87.01770451770452,-2.9235653235653234,1023.7499999999999,761834086825334,443.885944,6f1c7ab9b738d067c60cd6b74c0590dc6a3f9b5c0bc89101cdaa996823bc17d9,16380,450.962413,True,32,52
582.8092953786819,10d9a297,516,-4.607456758548743,761834089511555,0.0,True,True,10d9a297,1025,761834096925863,-3.8382173382173383,606.9812576312577,-3.0724664224664227,1023.7499999999999,761834540838366,443.912503,43e02cd922f354eb9cef2547c47392d8021e92218c2f303c2b7e3f3836014182,16380,451.326811,True,127,201
74.03644895872003,5c7d9ed8,517,0.8782250381098409,761834544141262,0.0,True,True,5c7d9ed8,1025,761834551960714,-4.711233211233211,103.01440781440782,-2.6042735042735043,1023.7499999999999,761834995835857,443.875143,acbeeb4b3a9cdef225ac62ab8845c7b3a95375ff91db34786c13701f4fc441bd,16380,451.694595,True,35,54
180.95888655944515,cffdc990,518,17.97695352388402,761834998529993,0.0,True,True,cffdc990,1025,761835006010686,-3.6905372405372407,199.8470695970696,-2.295238095238095,1023.7499999999999,761835449845383,443.834697,58a643ad357439fa948c189b13b4b79e8f718255ad568016a1f6487e64ab3243,16380,451.31539,True,61,103
20205.85870867194,34938c98,519,-14.072865797796428,761835452750367,0.0,True,True,34938c98,1025,761835459971901,-4.3147130647130645,20233.048412698412,-2.9279609279609278,1023.7499999999999,761835903853546,443.881645,e5b872f7623ff279010c6ff864a4554be48c6b5b308804098b2c753796582e19,16380,451.103179,True,491,692
68.36717934927643,ecad54a6,520,0.6179451697597007,761835907961622,0.0,True,True,ecad54a6,1025,761835915017292,-4.218742368742369,96.2601343101343,-3.177289377289377,1023.7499999999999,761836358872737,443.855445,49f5e753c3677d1006b7f6499a78fa6a4e948fa0c8e5e52325ff19384d9c9843,16380,450.911115,True,32,47
45663.42070650351,d7ff9e29,521,-11.124482597434039,761836362597069,0.005341880341880342,True,True,d7ff9e29,1025,761836370092850,-4.204945054945055,45691.33406593407,-3.198717948717949,1023.7499999999999,761836813854960,443.76211,428dd76f66f6c9ab512bc2c4bec238fe042d873f71bf2e7f31402c75b3dd19f5,16380,451.257891,True,577,972
9429.859084114909,08768b2c,522,1.069582067235477,761836816737943,0.0,True,True,08768b2c,1025,761836824078852,-4.686446886446887,9457.480341880342,-2.3787545787545787,1023.7499999999999,761837267873783,443.794931,9d7a9d37076e3d696c36587248aeaa6f4cb746ce4ae2dc0412b1b93ef0a29b8b,16380,451.13584,True,457,653
66.8486890263447,422b1ab1,523,0.7015247498103341,761837270623334,0.0,True,True,422b1ab1,1025,761837278085893,-4.727960927960928,101.11196581196582,-3.451037851037851,1023.7499999999999,761837721884000,443.798107,66cce1e46169915c0cf4dfe51c3a925e3f67c67de2fb2583ef1b2888cfba9a89,16380,451.260666,True,30,52
263.59944596883236,2e6e332b,524,1.3407368854171131,761837725024960,0.0,True,True,2e6e332b,1025,761837733159147,-4.366422466422466,293.5595238095238,-3.3006715506715505,1023.7499999999999,761838176873376,443.714229,dba620458fe0f592dbbf81d50ae73477b7135611cd6982ce35444efef82266cf,16380,451.848416,True,57,88
71.87932604161541,9031185f,525,0.9047888427573226,761838179457254,0.0,True,True,9031185f,1025,761838187079374,-4.233516483516484,96.41831501831501,-2.5722222222222224,1023.7499999999999,761838630868074,443.7887,bc4e3ed0abaf34d0cb4cb7b52e59fb20e3432255e4bae3d026b4b3cf6ced326c,16380,451.41082,True,33,52
97025.73128940114,8fb5cd03,526,-13.491266432461039,761838633791233,0.005402930402930403,True,True,8fb5cd03,1025,761838641062921,-4.70976800976801,97058.41428571429,-3.2405372405372406,1023.7499999999999,761839084915021,443.8521,b61ff4c3152b3ee64e373c9f05932dadbeb8eb71492b9d86b242e07b48287231,16380,451.123788,True,585,1019
76.15806255879515,07e6746a,527,1.1659611388879734,761839087566517,0.0,True,True,07e6746a,1025,761839095075163,-4.5085470085470085,103.81599511599512,-2.7075702075702077,1023.7499999999999,761839538909739,443.834576,d44526b33e6114eaa5de3db4b8791eefb67c3544371380f23354cb8063a398fe,16380,451.343222,True,34,52
283444.38536445925,c19b5f14,528,-11.013262251087063,761839541306845,0.06233211233211233,True,True,c19b5f14,1025,761839549064921,-4.453724053724054,283477.54664224666,-3.6504273504273503,1023.7499999999999,761839992885542,443.820621,53537f093950e6e753f9c5a52e86a330cdd3e4beb78c398589f4933d19759944,16380,451.578697,True,585,1022
66.74977792015336,36346080,529,0.5490871399192957,761839995759257,0.0,True,True,36346080,1025,761840003093093,-4.613675213675213,97.60909645909646,-3.094078144078144,1023.7499999999999,761840446929763,443.83667,4aa8c78f46b5329cced52613e8038656986e9a91fca623231eff6ce7b3eca745,16380,451.170506,True,33,50
287.3952438722585,ccffd4b8,530,4.548315911359505,761840450730899,0.0,True,True,ccffd4b8,1025,761840458069805,-5.104578754578754,323.0328449328449,-3.0952991452991454,1023.7499999999999,761840901913929,443.844124,3ab9f34cf8beb3fba637c527dc69b59b2c3995655a36465a03eff5ba265712f3,16380,451.18303,True,53,90
69.55430393239916,1612725f,531,1.04500079302893,761840904538975,0.0,True,True,1612725f,1025,761840912096954,-4.64004884004884,99.83699633699634,-2.9584859584859586,1023.7499999999999,761841355919638,443.822684,5d45c4c687e53fa81386ea00571091bad70dd9924b4744c5072e98d819b92e86,16380,451.380663,True,34,51
94686.00143290605,64345dae,532,-13.507084946230474,761841358871892,0.010317460317460317,True,True,64345dae,1025,761841366117311,-6.231318681318681,94733.41874236874,-2.9305250305250303,1023.7499999999999,761841809932781,443.81547,4c24a0f7b064a8719681aa846b428ccac0dbc5bf6f396ca4c32d34273dfe2abd,16380,451.060889,True,585,1023
9618.226948607624,1b829cb7,533,0.5541871391989588,761841812927355,0.0023504273504273503,True,True,1b829cb7,1025,761841820066002,-4.581013431013431,9648.418559218559,-3.034126984126984,1023.7499999999999,761842263924945,443.858943,89c75f3b981a18ec243203f7cec64caba150a15bf6b7685c040f4e22bc508da3,16380,450.99759,True,339,439
67.16541721641539,e2e93035,534,1.0902726675699346,761842266894341,0.0,True,True,e2e93035,1025,761842274058096,-4.47967032967033,92.95366300366301,-2.3918192918192918,1023.7499999999999,761842717945081,443.886985,7d228fbe535691e77ef9ba8bd0196c09217d91efbcd00aec568051fcfff75726,16380,451.05074,True,31,51
73.04460375230522,72a4ddbc,535,1.4624119733788732,761842722292799,0.0,True,True,72a4ddbc,1025,761842730064472,-4.571062271062271,100.67796092796092,-2.595909645909646,1023.7499999999999,761843173945637,443.881165,70996bd0e4e1c4a59652aec7be8de6a76bf781f7665120d1d79c5854424f1a55,16380,451.652838,True,31,52
68.92480944404937,8b52fca7,536,0.3403349957428019,761843176888623,0.0,True,True,8b52fca7,1025,761843184086311,-4.453540903540904,93.72863247863248,-2.2293040293040294,1023.7499999999999,761843627950724,443.864413,a943b75607f7fda9f42f64222a29b8e676a916ed8950fb313a2497e686295614,16380,451.062101,True,34,52
39079.553076874625,f40a17cc,537,-5.87289359353467,761843630586280,0.0028693528693528696,True,True,f40a17cc,1025,761843637989928,-4.604029304029304,39109.14352869353,-2.897130647130647,1023.7499999999999,761844081969088,443.97916,2e4489d2bd3fdc457c2c2672ea79e5283f1128f495c139ce65d8cdea85d7a302,16380,451.382808,True,566,919
161634.37488222704,aa897b45,538,-10.573487478161901,761844084367065,0.04783272283272283,True,True,aa897b45,1025,761844091996539,-4.217948717948718,161660.61532356532,-2.9067765567765567,1023.7499999999999,761844535957384,443.960845,fe01c74479775d4f89993d0bb4b1b383244ede558a79dc657f4657ccbd24617a,16380,451.590319,True,585,1017
76.12149265908424,889afdca,539,1.0992173013970357,761844538514852,0.0,True,True,889afdca,1025,761844545989514,-3.7105616605616607,96.19114774114774,-2.51025641025641,1023.7499999999999,761844989966800,443.977286,164be2ec06199cc308d80fbd3c8dac324252ab751d9092d5c42a7f26839d83c7,16380,451.451948,True,34,51
57987.380970968035,05672147,540,-8.220165315713272,761844992931698,0.020054945054945057,True,True,05672147,1025,761845001018455,-4.303235653235653,58013.39664224664,-2.7382173382173383,1023.7499999999999,761845444988337,443.969882,aea088b53d8c6233efdec157170b020b5e1e73ce4191d2e88e74abf9c3e6f616,16380,452.056639,True,522,743
75.56553457565363,807334ae,541,1.2776585665925762,761845447630205,0.0,True,True,807334ae,1025,761845455041307,-4.452625152625153,108.43461538461538,-3.6115384615384616,1023.7499999999999,761845898975942,443.934635,fe09dbde54877b7d70808d850d83b9062d7bd1dbceef1ebd0570d8b107e3fbc2,16380,451.345737,True,33,52
69.54301501950769,47825b19,542,1.3194947357343565,761845901467727,0.0,True,True,47825b19,1025,761845909027980,-4.121245421245421,96.65818070818071,-3.1828449328449326,1023.7499999999999,761846352970811,443.942831,199380d960ffb48c141bd9bcb0c20c51f08748da8be0900b9f136f224f86b317,16380,451.503084,True,32,51
102857.79717905111,30d27561,543,-8.744975840297474,761846355700505,0.022344322344322345,True,True,30d27561,1025,761846363059338,-4.786446886446886,102888.944993895,-2.87014652014652,1023.7499999999999,761846806999855,443.940517,9d3276ae56871c18e59fa4d874683421034a19d0dba9951dff3f15653c078e4b,16380,451.29935,True,582,926
133611.90043531897,92118645,544,-9.837500698636765,761846809922893,0.03913308913308913,True,True,92118645,1025,761846818026132,-5.559157509157509,133655.66507936508,-3.5861416361416363,1023.7499999999999,761847261983761,443.957629,b37a6a6952e796ae5ff211b92c660f2c07abbead2fa81e5daa561c13532ac3e6,16380,452.060868,True,585,992
142282.85336922912,cf062ac6,545,-9.308230109658634,761847264909384,0.01684981684981685,True,True,cf062ac6,1025,761847272907825,-6.132478632478633,142335.0705128205,-3.8222832722832725,1023.7499999999999,761847717013173,444.105348,76ee19fbcbfe387d59403ef7545d3e42df1c96e4a9473f0c41e0bf9e4f87ada4,16380,452.103789,True,585,1024
69.54240213354682,d8e955e2,546,1.209162416798271,761847719672955,0.0,True,True,d8e955e2,1025,761847726908705,-4.155982905982906,96.38980463980464,-3.0943833943833945,1023.7499999999999,761848170996500,444.087795,b1e963e9ff5cd60f28936a608a94122545717b3012db0ac9e16147aeee0c75c8,16380,451.323545,True,33,48
23762.64523092428,e817fc1f,547,-5.718848396986155,761848173411149,0.004395604395604396,True,True,e817fc1f,1025,761848180907131,-4.675824175824176,23796.849328449327,-3.512942612942613,1023.7499999999999,761848625027087,444.119956,25d3ae11b85683e293228dfb93ed149f0164fc182fb9d87624f52d2f5d13c1b0,16380,451.615938,True,530,849
4786.64635553871,561bda9d,548,0.1237084796952008,761848627931109,0.00042735042735042735,True,True,561bda9d,1025,761848635974915,-4.657936507936508,4820.348656898657,-3.464957264957265,1023.7499999999999,761849080016413,444.041498,6d778312b3160e751e11722d5581dffd4c15e427d03d26855bb0cbb1ad227e44,16380,452.085304,True,307,413
84337.4030280644,3d100e25,549,-13.457995732154407,761849082669783,0.007997557997557997,True,True,3d100e25,1025,761849089890274,-5.029548229548229,84371.82472527472,-3.0208180708180707,1023.7499999999999,761849534036420,444.146146,d9d408bf0ac302231728f0e1f8aa19f80daf07aaa6084a8183672729e803f8da,16380,451.366637,True,585,1018
75.92584561416064,7dc3653f,550,1.0268681601470022,761849537481073,0.0,True,True,7dc3653f,1025,761849544916451,-5.144200244200245,112.05702075702075,-3.1094017094017095,1023.7499999999999,761849989048810,444.132359,64ebb3806e107c47c8efaa877242a07a7f5f80ad3178eb14a68dca181403fe73,16380,451.567737,True,33,52
11274.040889210166,0dcfcdf7,551,0.6761825010538208,761849992435945,0.0,True,True,0dcfcdf7,1025,761849999839402,-4.902808302808303,11306.456227106228,-2.8944444444444444,1023.7499999999999,761850444050711,444.211309,551690233e03a23c93478bbe9c6b5c10575e7ffbef67d807cba6175327e5350d,16380,451.614766,True,378,497
50409.952080230505,15daf861,552,-10.19298245201658,761850446523349,0.009584859584859586,True,True,15daf861,1025,761850453831325,-4.3347985347985345,50439.16978021978,-3.229120879120879,1023.7499999999999,761850898035320,444.203995,8a0ba2add20ed9aa9ce09429333c268833439532d9fd16d1bb90d90cf8e3d41c,16380,451.511971,True,583,963
26283.42976596731,8c97e5b5,553,-12.283786109531217,761850900632634,0.005982905982905983,True,True,8c97e5b5,1025,761850907851753,-5.133821733821734,26325.597924297923,-3.9764346764346765,1023.7499999999999,761851352055618,444.203865,a00d1803ffcc09b67271457059b4fced6147df71126499e5a8e620b6ff871525,16380,451.422984,True,510,770
33198.01822639882,5283ea15,554,0.7566614416223407,761851354387751,0.005280830280830281,True,True,5283ea15,1025,761851361872531,-5.512881562881563,33238.9373015873,-3.2445665445665446,1023.7499999999999,761851806091063,444.218532,0ea4f0e774276580b26085c038d91a822544ffa620f18327942c23227cdb906a,16380,451.703312,True,548,875
14288.389999563928,6f044461,555,0.8242709039323738,761851808597906,0.0,True,True,6f044461,1025,761851815893319,-4.7445054945054945,14325.276373626373,-3.7915750915750914,1023.7499999999999,761852260051107,444.157788,5a90d3fa9c46dbe869098bbf3e378e7a2e29d43d506054cf019bc95627a20858,16380,451.453201,True,464,670
17971.666473583733,5d5b725f,556,-8.610527262638854,761852262561807,0.003235653235653236,True,True,5d5b725f,1025,761852269850788,-4.01971916971917,17994.695543345544,-2.6212454212454213,1023.7499999999999,761852714073929,444.223141,10d8579d558090fec92018c039bcbe3da7540dc7e5aea5996f0be3ca81c5704b,16380,451.512122,True,506,750
26635.4881998208,ee0477e8,557,-9.713873878130133,761852716503075,0.004792429792429793,True,True,ee0477e8,1025,761852724014997,-3.7012210012210014,26658.51172161172,-3.0536019536019534,1023.7499999999999,761853168063128,444.048131,c0cb2202f4cd47efaa58243ad8e475e29cc12e4599e7261a4e5a92ca82e018df,16380,451.560053,True,544,854
70.2533970072798,d0824c35,558,1.3115356859803238,761853170635865,0.0,True,True,d0824c35,1025,761853177897995,-4.2123321123321125,100.74700854700855,-3.570695970695971,1023.7499999999999,761853622043530,444.145535,dd344e3671628f074c5f87239767b90aa7df6d815d7c055429affacc7d99ecc1,16380,451.407665,True,33,51
48821.52893720714,f3f048fe,559,15.321633807593987,761853624582042,0.00015262515262515263,True,True,f3f048fe,1025,761853632021618,-12.127350427350427,49138.7590964591,-13.044444444444444,1023.7499999999999,761854076058377,444.036759,604588f747832cec80576e7401ddf2ca6fded2eb187ab11b97f6645382eeeafe,16380,451.476335,True,568,940
65.31206022338806,8c77265d,560,0.27389593844498994,761854078676299,0.0,True,True,8c77265d,1025,761854085881392,-4.007326007326007,90.40628815628816,-3.005921855921856,1023.7499999999999,761854530057895,444.176503,74f313a1b9edc2026904aff8bd0e10ed80e340d5921d3389b87da49465c2bd4b,16380,451.381596,True,33,50
69.14338152859216,0fc6c0ff,561,0.731417095626897,761854532672061,0.0,True,True,0fc6c0ff,1025,761854539235692,-4.971489621489622,103.00103785103785,-3.0235653235653235,1023.7499999999999,761854983174917,443.939225,1ae824022cda30746685034166b9963f5c0112e0aa239a6ba9ead95ecfb40768,16380,450.502856,True,32,49
70604.34050022288,43593437,562,-14.743458744957403,761854985791648,0.003968253968253968,True,True,43593437,1025,761854993312737,-4.4112332112332115,70636.48229548229,-3.561294261294261,1023.7499999999999,761855437158375,443.845638,ced1cd416119eb87cc5b70a7f9fa1bfd8dac561d768eb363b19a76f7413cfe71,16380,451.366727,True,584,1016
908.9826094354024,6cba9cf5,563,-24.89032444217113,761855440088758,0.0,True,True,6cba9cf5,1025,761855447290915,-4.2394993894993895,937.7583028083028,-3.2866910866910866,1023.7499999999999,761855891183793,443.892878,8fc4f783c57d7cf06b94835d30271c314a50c65a55a4546d299ced3eb62bf002,16380,451.095035,True,155,241
70.5420272496463,70278bab,564,1.1557655392386381,761855893779533,0.0,True,True,70278bab,1025,761855901235289,-3.7495726495726496,91.2041514041514,-2.56959706959707,1023.7499999999999,761856345153655,443.918366,dd48f7094fdc78ea69b43572e01574b89f82be0f013312c482b62c1be584f52b,16380,451.374122,True,34,52
70.85908618718143,c911b083,565,1.3019436763758394,761856347633597,0.0,True,True,c911b083,1025,761856354315211,-3.590964590964591,90.46910866910866,-2.5913308913308915,1023.7499999999999,761856798187230,443.872019,52e7270287d41b996743d2c8ab73bc857f8250203ac20e5ebbe13b98d7642b5e,16380,450.553633,True,34,54
137566.03847531014,676be3f1,566,-11.692347284950992,761856800721534,0.00583028083028083,True,True,676be3f1,1025,761856808249937,-4.79053724053724,137600.11593406592,-3.335897435897436,1023.7499999999999,761857252199643,443.949706,a8e74fa5090c5a7295b1b33c41162f5f3d12c6101f5a0f306b8114b704092965,16380,451.478109,True,585,1023
106607.10853734415,7976dfc2,567,-9.09003127683545,761857254715512,0.0300976800976801,True,True,7976dfc2,1025,761857262262360,-4.322466422466422,106641.56013431013,-3.970879120879121,1023.7499999999999,761857706200974,443.938614,26e172038190f86a777dea6155fb3747c912b08f93cc51b1a9fc24082ee34b1c,16380,451.485462,True,581,967
73.7634096310012,71b78f1c,568,0.9189889805052737,761857709165361,0.0,True,True,71b78f1c,1025,761857716247391,-4.548473748473748,99.26868131868132,-2.194688644688645,1023.7499999999999,761858160199551,443.95216,d2fbd6429f8305709e7679cd257a1d5437918e2b1ff8db0f114ead2974ee5dc0,16380,451.03419,True,35,54
67.23490144403148,17bf44ab,569,0.7603574879828733,761858162740117,0.0,True,True,17bf44ab,1025,761858170268721,-4.205433455433456,92.36367521367521,-2.7282051282051283,1023.7499999999999,761858614207816,443.939095,89d48714c213910c6554c5598c64e9babaa125985a6dfe05e4e0524755eea5d4,16380,451.467699,True,32,54
122735.429119474,e85b8008,570,-11.90996672291758,761858616743033,0.011111111111111112,True,True,e85b8008,1025,761858624247030,-4.922832722832723,122768.63083028083,-2.9945665445665446,1023.7499999999999,761859068206784,443.959754,a86d83a1160b44d7d7374f430af8fe92f3bd37a0560f3cdf9e83386b1e7e8fee,16380,451.463751,True,585,1023
76.98251999594491,20cae71b,571,1.2989276568949217,761859071010106,0.0,True,True,20cae71b,1025,761859078269321,-4.105555555555555,104.83919413919413,-3.316788766788767,1023.7499999999999,761859522205761,443.93644,f68a20ea0b73dc6aaeac63e8ba6e498f63d7d70dc0e8c175983377a0921fe4ea,16380,451.195655,True,34,53
179927.93014745566,152fdc2d,572,-10.104606711097748,761859524795040,0.04246031746031746,True,True,152fdc2d,1025,761859532267307,-3.9725274725274726,179956.05317460318,-3.513125763125763,1023.7499999999999,761859976234024,443.966717,1904260859ad34c68fed489c33564486a26c594edb12d479aee6b6169d9eebb4,16380,451.438984,True,585,977
74.19311684787877,f1c3734e,573,1.274049864265203,761859980349634,0.0,True,True,f1c3734e,1024,761859987292161,-5.1761904761904765,110.29340659340659,-3.0507936507936506,1023.7499999999999,761860431232769,443.940608,3a8972d8b1dafcfd33a9adec76609f0f2f7951bf8c33ab872231f016e8b33244,16380,450.883135,True,34,54
64.6768557615902,58c3a65a,574,1.2588797682007735,761860451931297,0.0,True,True,58c3a65a,1025,761860459315147,-3.4505494505494507,88.50250305250306,-3.4524420024420026,1023.7499999999999,761860903223223,443.908076,7bc852014b4d608c645a3dffb3e18bc9ddd8e624bf4c828c199d937a6affde30,16380,451.291926,True,32,51
69.4282284412779,d0325e03,575,0.5541010103309472,761860905917841,0.0,True,True,d0325e03,1025,761860913317180,-4.333699633699633,103.74230769230769,-3.9412087912087914,1023.7499999999999,761861357208064,443.890884,65c86301ba80a908d923ee3ce0c1f9a22689d2e0a93f4468705accbf987ec719,16380,451.290223,True,34,49
248.40902448860325,07a4706b,576,0.7291772140501661,761861359575043,0.0,True,True,07a4706b,1025,761861366325007,-4.754884004884005,279.6034188034188,-2.93009768009768,1023.7499999999999,761861810242371,443.917364,c634781197164610c3c46ae411c81f299a88d3930e2d550e2c7957a6625476fc,16380,450.667328,True,56,89
67.46104418339768,d3e8ee7a,577,0.9247198037667613,761861813058287,0.0,True,True,d3e8ee7a,1025,761861820323373,-3.923015873015873,89.41507936507936,-2.562026862026862,1023.7499999999999,761862264318755,443.995382,b7d6f9cf7552b785b05ffa3d00e97ec86e65271512d10303f5021bc9a26f2372,16380,451.260468,True,31,48
67.3065380291937,8d500c97,578,1.0692903761911525,761862267094545,0.0,True,True,8d500c97,1025,761862274308946,-4.049023199023199,90.74175824175825,-2.6534188034188033,1023.7499999999999,761862718234255,443.925309,240692c32a0465391f88f9671eb66f749a5e1ac512f4497b3a898cf17286c1b6,16380,451.13971,True,31,50
98802.90206749871,dd77d52c,579,-8.804817435449896,761862720868709,0.029273504273504274,True,True,dd77d52c,1025,761862728336988,-5.597680097680097,98841.30201465201,-2.658180708180708,1023.7499999999999,761863172244203,443.907215,b0a3e5fba4f1ee000edfc8b5fb5c8dda8a4de6dca0d600f0bf73c9c35d9ce0c8,16380,451.375494,True,584,973
71.84824558598368,8b8eeff4,580,0.6509519632333047,761863175124682,0.0,True,True,8b8eeff4,1025,761863182339513,-4.079426129426129,95.78260073260073,-2.7004884004884007,1023.7499999999999,761863626140708,443.801195,9016c0342735f42f6ec3883bff61a4393e8a8b722cbab8714cb1fc97efb663b2,16380,451.016026,True,33,50
71.86707482620486,10f39f33,581,1.0818259406688406,761863628803275,0.0,True,True,10f39f33,1025,761863636329794,-4.944444444444445,101.37380952380953,-2.2492673992673993,1023.7499999999999,761864080258640,443.928846,28c2bf0fb56c8e6703db7ba93fad7326aa76551c62e13d409dc9573f740557b4,16380,451.455365,True,33,54
64.28232962262267,a1f8fa97,582,1.0210217934645618,761864082853980,0.0,True,True,a1f8fa97,1025,761864090369709,-4.915995115995116,94.8956043956044,-2.538949938949939,1023.7499999999999,761864534259241,443.889532,52c77c317060b0cc5c20dcfac7a6738e6f3a67804d785f742c1ed5a14a516052,16380,451.405261,True,31,53
69.07329298364097,55417197,583,1.3616956666136004,761864537031645,0.0,True,True,55417197,1025,761864544340805,-4.386874236874237,95.45873015873016,-2.672222222222222,1023.7499999999999,761864988258239,443.917434,71922698c6e8bde22844a14a57c36b3ca61469c1c470a49a8ba5b52d45daea9e,16380,451.226594,True,31,52
303970.79595168395,149aef07,584,-7.628396335233019,761864990839583,0.07863247863247863,True,True,149aef07,1025,761864998361343,-5.04029304029304,304008.6302197802,-3.5255799755799755,1023.7499999999999,761865442280792,443.919449,8e8b983828e1cb492f76bc7cde267a2d172c0a4f859e066ad365d180ef8405a3,16380,451.441209,True,585,890
106452.4893428807,f6ce4865,585,-10.110023508684392,761865446205341,0.03315018315018315,True,True,f6ce4865,1025,761865453439128,-3.9802197802197803,106475.99877899878,-2.768986568986569,1023.7499999999999,761865897272153,443.833025,236b390231b608086b45d2471da0287d2b521288856cb45bab861dd8148944c3,16380,451.066812,True,582,969
273.88814044793895,4f917322,586,2.4634203777758423,761865900219969,0.0,True,True,4f917322,1025,761865907382872,-3.6347374847374847,297.48571428571427,-3.222771672771673,1023.7499999999999,761866351297321,443.914449,51fe5df6910a727853bb42bacb2745c849ca30c523336d2ee99f93fe51e1da32,16380,451.077352,True,54,90
70.25339293727573,97c3110f,587,1.319443240588861,761866354296473,0.0,True,True,97c3110f,1025,761866361385366,-4.4010989010989015,98.55360195360196,-2.9884004884004884,1023.7499999999999,761866805310936,443.92557,e3b339fc576a725ec64061d95c39a5995bce01de5f5170ed00d09fad20ec5fb1,16380,451.014463,True,34,50
74.41971684027544,0d30a4da,588,0.8796835666303167,761866808345305,0.0,True,True,0d30a4da,1025,761866815371160,-3.836080586080586,93.30799755799755,-2.0427350427350426,1023.7499999999999,761867259291780,443.92062,553f90d4b1795cd718db9ddef2e32e905314e854ca2dfa627d78366a06163f2f,16380,450.946475,True,35,56
67.9875714002454,76cdb077,589,0.9705845748162435,761867261985185,0.0,True,True,76cdb077,1025,761867269393572,-4.746153846153846,98.62735042735042,-2.8484737484737486,1023.7499999999999,761867713294446,443.900874,7301741762f2726752eb2e80225e2380f2086991ac78f04c151c91370c0e1bc9,16380,451.309261,True,31,48
22338.132320137123,ab48b2a9,590,0.814780908643286,761867716023408,0.001221001221001221,True,True,ab48b2a9,1025,761867723401958,-4.892307692307693,22373.410073260075,-3.367948717948718,1023.7499999999999,761868167323581,443.921623,9d7160463755e0bd94e24dda56258dae78228d56d29c2d6b55a90ad0ea2e4114,16380,451.300173,True,476,656
15279.218320579163,1cf49e9a,591,-7.688914558858113,761868169861502,0.0037545787545787547,True,True,1cf49e9a,1025,761868177413319,-4.086202686202686,15304.353724053724,-2.9048840048840048,1023.7499999999999,761868621308733,443.895414,16cb680dd4d3f9b321ce0ff49fad87737abb4ffadae002048ab0267a6f92672d,16380,451.447231,True,435,683
21380.014746604975,e43e5145,592,3.429804354073722,761868623858957,0.0007020757020757021,True,True,e43e5145,1025,761868631413880,-4.028388278388278,21405.21923076923,-2.996092796092796,1023.7499999999999,761869075310646,443.896766,d303ffc732cc73c619a30d96d2f54c652692bfcc8a8ed1db78126b2ba8c685b0,16380,451.451689,True,512,697
22453.477953481193,1b9b3998,593,1.2410046093031992,761869078441808,0.002136752136752137,True,True,1b9b3998,1025,761869085534589,-4.435714285714286,22482.880830280832,-3.118864468864469,1023.7499999999999,761869529322709,443.78812,5fbaba35d45ed4029018cd5de2da1252063cb97bf91ff07646fbcb02365815c1,16380,450.880901,True,472,640
78.38769050004399,cc2b979a,594,1.520743696305009,761869531907980,0.0,True,True,cc2b979a,1025,761869539502398,-5.058180708180708,116.01776556776557,-3.4705738705738707,1023.7499999999999,761869983330314,443.827916,a20add099bdd297444bf9aabc3bc4852f4cc91ea15406862eecbf32bac1aca05,16380,451.422334,True,34,55
3280.606749035797,b940264e,595,3.5311493210114424,761869987008398,0.0,True,True,b940264e,1025,761869994547341,-4.318681318681318,3308.457387057387,-3.033089133089133,1023.7499999999999,761870438338888,443.791547,2a86ecffda1b7e34f3a372796f40d5ad313fec4a0b73b78e7c8b98a895dd219b,16380,451.33049,True,283,433
73.26749404780541,cea0d140,596,1.1018997907351389,761870440837486,0.0,True,True,cea0d140,1025,761870448566888,-4.177472527472528,95.47399267399267,-2.1806471306471304,1023.7499999999999,761870892325273,443.758385,87e89c599ac3148f6ff222e881b2f6194e82d1b458d62b81fc3fbe340120a281,16380,451.487787,True,33,51
74.2241298763643,c4816262,597,1.3878140578185256,761870895258911,0.0,True,True,c4816262,1025,761870902591966,-4.342002442002442,107.38656898656899,-3.7827838827838827,1023.7499999999999,761871346312219,443.720253,75952a7dff80c3c7ca63e4ae1f39686afba383bf236bd79dec819955acc727d7,16380,451.053308,True,36,54
177206.72754108766,b63eadd5,598,-14.23943541633932,761871348813160,0.033577533577533576,True,True,b63eadd5,1025,761871356503208,-4.546092796092796,177240.4655067155,-3.6153846153846154,1023.7499999999999,761871800343508,443.8403,558da9aae64ff16e021845e2667c07a4480f2cfb45f834f3888bc1de2038db9b,16380,451.530348,True,585,1024
198060.2947652517,1c389467,599,-8.221958740001593,761871803073522,0.0076617826617826615,True,True,1c389467,1025,761871810478652,-5.418742368742369,198108.46971916972,-4.337301587301587,1023.7499999999999,761872254331085,443.852433,4abfe044e82c949d1d85cb3ce12a0293608d25a32234d7a2265d0de93a1b9ea1,16380,451.257563,True,585,1024
74.79472421622606,c430d40a,600,1.1099653862008483,761872256930512,0.0,True,True,c430d40a,1025,761872264469555,-4.15995115995116,97.54835164835166,-2.3341880341880343,1023.7499999999999,761872708359128,443.889573,20d046fc6a439f3dddd06cde7df69c0562218d61d7945e3ca4855909ff6cd817,16380,451.428616,True,32,54
24241.623829109776,779228bf,601,-12.238530438169477,761872712497842,0.004090354090354091,True,True,779228bf,1025,761872720552057,-4.334126984126984,24269.873687423686,-3.0765567765567767,1023.7499999999999,761873164367650,443.815593,56d44eb4c1be7102f34d62cc4a37c70dd8a37c8c496f50c780d7c9650cf078de,16380,451.869808,True,454,610
141818.26761540625,c3188f1a,602,-9.916360298647472,761873167228481,0.03946886446886447,True,True,c3188f1a,1025,761873174491914,-4.936202686202686,141862.71483516484,-4.481196581196581,1023.7499999999999,761873618346230,443.854316,f71964c3e877dbab0b811c5ee6fe6ed16240fac48d4c0e20d02719d0f09358af,16380,451.117749,True,585,1008
741.0510693190273,05913975,603,-16.534988012128238,761873621395337,0.0,True,True,05913975,1025,761873628492816,-4.802258852258852,776.8661172161172,-3.5711843711843714,1023.7499999999999,761874072366790,443.873974,f25ab4287205c3446be4a4509d39c49e8c23a9e9eea30233916ade397065ea1d,16380,450.971453,True,143,222
24144.004331252112,e5aed690,604,-0.5642654127591227,761874075739878,0.0037545787545787547,True,True,e5aed690,1025,761874083489960,-4.555860805860806,24175.300488400488,-3.2465811965811966,1023.7499999999999,761874527384993,443.895033,573df6bc401219b0fa86b4fbbbe249ff5e3f4071769273d7de97fbddacf7de36,16380,451.645115,True,442,610
89.69319183733103,2bf04503,605,1.3621464398148877,761874530297701,0.0,True,True,2bf04503,1025,761874537619354,-4.373015873015873,122.4135531135531,-3.687423687423687,1023.7499999999999,761874981381166,443.761812,165854318d6f5bf89404ca9ec7ca397d8382118c28c09fb1e98558fbe806242e,16380,451.083465,True,51,80
67.04339904973604,1beca705,606,1.8351424040310482,761874984523528,0.0,True,True,1beca705,1025,761874992424174,-4.881562881562882,102.81391941391941,-3.4555555555555557,1023.7499999999999,761875436406332,443.982158,97cb3b84ecccd9fca238ae474eb065f4ff5bb7a2eb8fb36cf1bdb490a084df87,16380,451.882804,True,31,50
16312.736874676673,640afed1,607,-14.379376719214259,761875439490264,0.0020451770451770453,True,True,640afed1,1025,761875447484927,-4.61056166056166,16345.737118437119,-3.4268009768009766,1023.7499999999999,761875891406661,443.921734,fedd05ba946811b4f963264a1611bb8803ce0f1ab7bb5f7a18e375c2939256ea,16380,451.916397,True,528,784
15355.297357531224,ea8ae32e,608,0.9474292204100598,761875894142526,0.0036324786324786326,True,True,ea8ae32e,1025,761875901428512,-4.545848595848596,15384.612087912088,-2.9410866910866913,1023.7499999999999,761876345398576,443.970064,33a50e14d88dee31952626a2b18ec592e41bb421d23a72606cd47abb893f6dfd,16380,451.25605,True,324,460
67.71374784013977,f8e2ac17,609,0.939227373846795,761876347781665,0.0,True,True,f8e2ac17,1025,761876355406721,-5.144383394383395,104.35250305250305,-3.18968253968254,1023.7499999999999,761876799409979,444.003258,74e6d681e79fa7593ef26b8e259ae793a329e5f31b5e77fc3f4867b94e9977f7,16380,451.628314,True,32,48
19288.339327793357,6940933b,610,-14.50428540131513,761876802157516,0.0,True,True,6940933b,1025,761876809436728,-4.942735042735043,19324.09536019536,-3.3653235653235654,1023.7499999999999,761877253416451,443.979723,88858488147da4f750ea3d7e0a68481d1bff474bde5f78fd916c52f1cf5bc755,16380,451.258935,True,504,700
18543.255965828364,3ee1fc8f,611,0.9840722022373243,761877256283124,0.0,True,True,3ee1fc8f,1025,761877263455925,-5.180769230769231,18579.76813186813,-3.10995115995116,1023.7499999999999,761877707427443,443.971518,b1083658ee707b8baacb536a8a7969668432d34cc5889f37229510f8c9524989,16380,451.144319,True,513,707
12299.42353741124,5b4442d6,612,0.32539717468771545,761877710032601,0.002777777777777778,True,True,5b4442d6,1025,761877717468279,-4.214285714285714,12327.607020757021,-3.2285103785103786,1023.7499999999999,761878161432213,443.963934,36d9f2b34de5ce5f3c7dce8f5afaf6cbfffaebb37ce8ac7482953607aed489c6,16380,451.399612,True,372,498
70.24218494739559,fd587d06,613,1.3764724746954704,761878163998748,0.0,True,True,fd587d06,1025,761878171476395,-4.5205738705738705,99.95757020757021,-3.046275946275946,1023.7499999999999,761878615439187,443.962792,041ea2f29e544c1a3a89931a27403fcc26796a357dfcb4db7cf7427cb32c38ea,16380,451.440439,True,34,54
72.23954827054644,39e8fdfc,614,1.7968174900717089,761878618267907,0.0,True,True,39e8fdfc,1025,761878625502225,-4.934859584859585,109.11568986568986,-3.5388278388278387,1023.7499999999999,761879069453254,443.951029,f11095b9526814ef6c77b1fbc5d6d1242caf7239a94f9e60458314ed9903d252,16380,451.185347,True,31,50
90664.36709958913,7d8a1484,615,-11.030270598981504,761879072495578,0.0024725274725274724,True,True,7d8a1484,1025,761879080486314,-5.107203907203907,90711.08540903541,-4.542551892551892,1023.7499999999999,761879524432914,443.9466,1c23f4917dbe8f363067be839c2d408b1cbec543f396b1437e5516707c2797a2,16380,451.937336,True,585,1020
72.63042077207828,840e1c14,616,0.7371938281158492,761879527303153,0.0,True,True,840e1c14,1025,761879535360886,-5.312087912087912,112.00177045177045,-3.3396214896214897,1023.7499999999999,761879979438925,444.078039,b0398e9f2696cca9def887140d46e5cd18bf732c80642ee3fc69ed98a610b87f,16380,452.135772,True,33,54
82368.70498339945,0db497a4,617,-10.063289719572799,761879983278914,0.010531135531135532,True,True,0db497a4,1026,761879990355053,-5.086324786324786,82406.67826617826,-3.478876678876679,1023.7499999999999,761880434439905,444.084852,8074111a1c46a29fea50da10eb73c7f17720c420a8b1e6cf019b09958b5e08d7,16380,451.160991,True,584,1002
27285.78974631426,c14a68c6,618,-4.099255210750173,761880437934403,0.007600732600732601,True,True,c14a68c6,1025,761880445396881,-5.623626373626373,27328.31056166056,-3.3008547008547007,1023.7499999999999,761880889435285,444.038404,177ad88ea601d9c5eefb53334d056272d40db5249bea39fc82b5a98d3f506754,16380,451.500882,True,467,633
77.33076363637718,11173908,619,1.069349551160946,761880892593147,0.0,True,True,11173908,1025,761880900419613,-4.881562881562882,109.91703296703297,-2.9591575091575093,1023.7499999999999,761881344450844,444.031231,d1ca859cd228ee3021ae5dcbaeaab31587f5ec6f69a74291204ac3b08a3f387b,16380,451.857697,True,34,53
76.33919776194502,668d0c35,620,0.7469554956826534,761881347198972,0.0,True,True,668d0c35,1025,761881354318373,-4.358241758241758,102.78656898656898,-2.73003663003663,1023.7499999999999,761881798480461,444.162088,57eea87e76fd737ea1f75e5bafc54c7de5a219aca46f0b5be6f38d35860d31f7,16380,451.281489,True,33,51
62.68439783320736,bfa7c137,621,0.653118124776665,761881801096579,0.0,True,True,bfa7c137,1025,761881808329705,-5.078327228327228,98.64554334554335,-3.1893162393162395,1023.7499999999999,761882252458640,444.128935,c7ddc31b930cc210d3ed4b5fcec9cc66a9a7242d2fd71ae851ce3c638d7aeadf,16380,451.362061,True,32,49
76.67202030231334,03e56488,622,0.6297445125330807,761882254758893,0.0,True,True,03e56488,1025,761882262280714,-4.396214896214897,110.64920634920635,-3.8275946275946278,1023.7499999999999,761882706508205,444.227491,5c1bc4798ba512c859c25401abc120a1250ce666b64269a66bee26ea4332ff4e,16380,451.749312,True,33,53
81.43188560083249,3cc4e1f5,623,1.4340635388566456,761882709534348,0.0,True,True,3cc4e1f5,1025,761882717298166,-4.674420024420025,113.93485958485958,-3.263858363858364,1023.7499999999999,761883161497474,444.199308,33f1b1ca94117f661fa860c97efd1abae6ff041c5093d19cd77bc73b321fa0a2,16380,451.963126,True,33,52
34251.870507639826,638214c7,624,-12.221736734298469,761883164234421,0.0,True,True,638214c7,1025,761883172294067,-5.824603174603174,34297.70659340659,-3.4510989010989013,1023.7499999999999,761883616489568,444.195501,f63153e3b82cd3db2b0d116ce6e500b582d2d0d5f3589a5e4d7aca3638e5dd34,16380,452.255147,True,388,626
73.73877612145012,d424d0c4,625,1.7127970664796341,761883619142546,0.0,True,True,d424d0c4,1025,761883626322993,-5.36019536019536,110.71978021978022,-2.872161172161172,1023.7499999999999,761884070504076,444.181083,5dea0d4125f1c4a675231de49fa6edb1842d3798cbe6b8c940b626fce1205975,16380,451.36153,True,34,49
73.5713772081263,fed0cf27,626,1.4087462986351975,761884073221637,0.0,True,True,fed0cf27,1025,761884080323866,-5.1892551892551895,110.42301587301587,-3.1501221001221,1023.7499999999999,761884524496794,444.172928,d43f1630f45bcb5befe5c1bfe26c50acd8d763b24b6741221d508b256cb2467d,16380,451.275157,True,33,49
78.35371056158603,a97b7cbb,627,0.968579987677032,761884526958221,0.0,True,True,a97b7cbb,1025,761884534277239,-5.592429792429792,121.90805860805861,-3.504151404151404,1023.7499999999999,761884978488770,444.211531,19b075e312d3e58977fdabaa2ac100dd6d07833b37d0be1d8d59a34e35abf955,16380,451.530549,True,34,52
70.27955665281674,9358f1f6,628,1.232657276471349,761884989372457,0.0,True,True,9358f1f6,1025,761884997363143,-5.494993894993895,106.47851037851038,-2.4503052503052505,1023.7499999999999,761885441495044,444.131901,f601295e5da69507c100d47e09fd4f08cc33df674a29f93e8a9be2405d2041a4,16380,452.122587,True,32,53
67.68859243083601,3d39d446,629,0.47913540531122767,761885443794075,0.0,True,True,3d39d446,1025,761885451341233,-5.118376068376068,107.96489621489621,-3.752136752136752,1023.7499999999999,761885895538928,444.197695,5cad8ec7f5619dca94cb05d968481914a13d7ecff7ac09aa61a813a49afdd38e,16380,451.744853,True,32,50
68.5894857296414,c3f0c4b4,630,0.723926282570204,761885898265376,0.0,True,True,c3f0c4b4,1025,761885906440951,-5.311294261294261,105.73424908424909,-2.989133089133089,1023.7499999999999,761886350524350,444.083399,d2034ed908124e712db01e8324fc416e9de37b8dd3e3fd9447999be10147e7dc,16380,452.258974,True,33,51
69.80314623986787,f55210cc,631,1.5780818132204648,761886353048065,0.0,True,True,f55210cc,1025,761886360457213,-5.382478632478633,105.72185592185592,-2.635836385836386,1023.7499999999999,761886803619243,443.16203,3c48a4e14acd8d2b7747b612f69e38129e6dc1e6c219316a0c86a528b5a137a2,16380,450.571178,True,31,49
65.14128725060043,3a5c93a2,632,0.6597148157096195,761886806679170,0.0,True,True,3a5c93a2,1025,761886814361714,-4.456959706959707,92.87246642246642,-2.8047619047619046,1023.7499999999999,761887257620907,443.259193,2c0b8cbcc517bcdd89aeb2d5ba3fe8824282820a93d126263b7e29f054d5dfb9,16380,450.941737,True,32,48
68.40147530193319,60db8099,633,0.9600870066370731,761887260981231,0.0,True,True,60db8099,1025,761887268379308,-5.157570207570208,101.68571428571428,-2.5852869352869354,1023.7499999999999,761887712528742,444.149434,9ca4afa25e13c4d12e57afa35ce365fb0d6d88b95d476e995ea0273858173162,16380,451.547511,True,32,49
65.96380534571927,f38ba43d,634,1.2362543387219436,761887716342673,0.0,True,True,f38ba43d,1025,761887723681799,-4.577899877899878,92.06013431013432,-2.266971916971917,1023.7499999999999,761888167607821,443.926022,b9a2f4a12923a20c2f4ec26048d9a8a5b8105a22ff16c65b69194f404d34421b,16380,451.265148,True,33,52
61.108350571216874,7e9fc625,635,0.9148396620624335,761888170243747,0.0,True,True,7e9fc625,1025,761888177694604,-4.915873015873016,93.70860805860806,-2.904212454212454,1023.7499999999999,761888621618823,443.924219,50831dd538271adf468b0c7dd55edc238c7aae8cf6f789ed1f03141860e01d4f,16380,451.375076,True,30,48
60678.00267788377,81038539,636,-10.795767869171367,761888624149160,0.0022283272283272282,True,True,81038539,1025,761888630697443,-6.195604395604396,60729.58131868132,-3.632234432234432,1023.7499999999999,761889074611954,443.914511,86f42b518ab00ca360e5ba9aa665950459ead47497a172bec6c226fa46a0a855,16380,450.462794,True,583,1008
182.17454832645308,efa7a25a,637,1.3592949791004774,761889077299979,0.0,True,True,efa7a25a,1025,761889084774710,-4.974725274725275,214.67924297924299,-2.785103785103785,1023.7499999999999,761889528629859,443.855149,63726b0f08f7fcd7f362b625e7ba1c1fda369a5fe57127d64915234d81bac333,16380,451.32988,True,90,123
74.25385816632154,51705dc2,638,1.1645213327356176,761889531041702,0.0,True,True,51705dc2,1025,761889537705022,-6.227777777777778,123.3456043956044,-3.2103785103785105,1023.7499999999999,761889981629342,443.92432,5269427f4ab5fe1221136d24cfa5e5f10c3e10f10a1926ba468db1fc5f6017f4,16380,450.58764,True,35,54
27398.237536167875,d1702cb5,639,-12.060897452344273,761889984038200,0.00753968253968254,True,True,d1702cb5,1025,761889990725785,-4.971062271062271,27434.630952380954,-3.4178876678876677,1023.7499999999999,761890434659492,443.933707,099f966f0ee6a5b6def5d5ecf8f4e39556a9d699474ff760503c0ed860f1fac6,16380,450.621292,True,418,533
4496.010227636967,34b97270,640,0.8800032440996141,761890437230887,0.0,True,True,34b97270,1025,761890444698896,-5.126617826617827,4530.533333333334,-2.8706959706959707,1023.7499999999999,761890888638444,443.939548,23048fb8ab7bb3ac36aabb201e1ec5d324f764ba2d1d04158fec19aed730d2bd,16380,451.407557,True,341,436
81.67145057255864,5c7e9fea,641,1.2432691847152975,761890891195031,0.0,True,True,5c7e9fea,1025,761890898739464,-5.420390720390721,122.5486568986569,-3.3906593406593406,1023.7499999999999,761891342654777,443.915313,96ba61058f64f906367a809cbe004bfc7b8ad4464ce4e5bad144a96e392557cf,16380,451.459746,True,37,53
28453.578231106163,08d2d40a,642,-3.632572609965777,761891345500599,0.008455433455433455,True,True,08d2d40a,1025,761891352711212,-3.911050061050061,28470.384981684983,-1.228998778998779,1023.7499999999999,761891796645932,443.93472,f2dd94e92c54c9018a32406f07a458582fb9e9ea046b9502c9e51244e35a3cdf,16380,451.145333,True,397,501
202.18713538428742,0f0d9925,643,22.15339389565783,761891799255198,0.0,True,True,0f0d9925,1025,761891806700604,-4.494688644688645,224.48956043956045,-1.4492063492063492,1023.7499999999999,761892250674217,443.973613,d8a4abd4340923fd6350566f8e7b77816821d1abc62cc2db5aa51334f6400ff0,16380,451.419019,True,68,105
70.67043441330073,79f0aa19,644,1.954922956952407,761892253058769,0.0,True,True,79f0aa19,1025,761892259718442,-4.303174603174603,97.6498778998779,-2.908974358974359,1023.7499999999999,761892703720307,444.001865,cc2084baa74cc93d48aeede0d6dcd53d66c9abc23cc8c088f52864899d8c93de,16380,450.661538,True,33,49
4959.807626076948,08d4ab80,645,1.0053157607959287,761892706694182,0.0,True,True,08d4ab80,1025,761892713763919,-4.767704517704518,4997.016239316239,-3.8049450549450547,1023.7499999999999,761893157672679,443.90876,be8774007a452734640f550d7464274d0a7d471ac61e78269b24944e451b062a,16380,450.978497,True,352,455
22158.698639586233,403b1c71,646,-2.221351388312043,761893160521788,0.00753968253968254,True,True,403b1c71,1025,761893167769321,-4.342918192918193,22182.204945054946,-2.155311355311355,1023.7499999999999,761893611692458,443.923137,5c25a724a597ef38b5761bd17b1ea041f3320900ca6c13d4977b4be4dd032ea8,16380,451.17067,True,331,416
25844.743986337904,5d6baca5,647,0.6832336943028046,761893614513725,0.0057692307692307696,True,True,5d6baca5,1025,761893621764734,-4.220634920634921,25868.304273504273,-2.397191697191697,1023.7499999999999,761894065680427,443.915693,f9ce325935051bf77cad1aafc01673b55944b8ef98a8d83b39272257a5317771,16380,451.166702,True,429,536
67.43398989356865,b35509b0,648,1.9249346622891004,761894068194514,0.0,True,True,b35509b0,1025,761894075755579,-4.368192918192918,92.56495726495727,-2.45964590964591,1023.7499999999999,761894519684477,443.928898,288608f3d4a8544ac726b58bb8486a9bd65b5b0464888f12a7b2ae00bfbeb46e,16380,451.489963,True,33,51
26408.53060723194,2e6f80dc,649,-12.818060432085957,761894523489601,0.006929181929181929,True,True,2e6f80dc,1025,761894530830119,-4.16965811965812,26433.437912087913,-2.7424908424908425,1023.7499999999999,761894974718431,443.888312,8683a23e3495beaf5c3961d55b660a1baa2e7fbc5c42d7a0034f4f6821a5e9da,16380,451.22883,True,431,543
45993.149916986076,dba4d707,650,-5.944484447169989,761894977197862,0.014072039072039072,True,True,dba4d707,1025,761894984788853,-4.8578754578754575,46023.39664224664,-2.5783272283272285,1023.7499999999999,761895428690921,443.902068,ff4b4d9d3f2f398e4a213267220edc743de42776e44b42206887ef2abb652bfb,16380,451.493059,True,540,777
73.64586488331909,99d5008a,651,0.8582802610206499,761895432416254,0.0,True,True,99d5008a,1025,761895439881778,-3.887240537240537,97.0954822954823,-2.8877289377289377,1023.7499999999999,761895883696120,443.814342,8ebc9548f8e169274f73cd6d3234d849e9850f1b465971ca16969b3956849496,16380,451.279866,True,33,49
66.4517669147431,4f1ad15e,652,1.4493382313133918,761895886308903,0.0,True,True,4f1ad15e,1025,761895893794586,-3.9815018315018316,93.52948717948718,-3.3504273504273505,1023.7499999999999,761896337716210,443.921624,adc1d661694b5c05897eb07cb264c8f2109d734ef5fe601d1b2a306f9a3929c1,16380,451.407307,True,31,47
94859.07182749145,74befde2,653,-12.179186148247227,761896340290240,0.007051282051282051,True,True,74befde2,1025,761896347809816,-4.462881562881563,94894.1800976801,-3.8975579975579975,1023.7499999999999,761896791709590,443.899774,ed7736e42fa5279a6706870c53bc04bc0b534e5a8ff57d3c0e10ec52546c26ae,16380,451.41935,True,585,1018
66.73884230001445,55d17ee3,654,0.570391657127769,761896794310460,0.0,True,True,55d17ee3,1025,761896801829115,-3.3426129426129427,87.0945054945055,-3.03028083028083,1023.7499999999999,761897245704873,443.875758,539de1edbd89b8a023823a99d53c8416c96a2efba8688e8f3625f9590cfadd7b,16380,451.394413,True,32,52
103494.71921852569,ed55a75b,655,-7.929901315593338,761897248649352,0.012576312576312577,True,True,ed55a75b,1025,761897255798118,-4.47014652014652,103532.90274725275,-4.266300366300366,1023.7499999999999,761897699706899,443.908781,0dd1bfc2e0b25120d2aff2825f74c3d4c37fc1748cc38c645129688176284e9d,16380,451.057547,True,585,1019
58.926147670332654,81f339a3,656,1.4088417763786114,761897702290096,0.0,True,True,81f339a3,1025,761897709836663,-3.9184981684981683,84.57319902319902,-3.2081807081807083,1023.7499999999999,761898153719104,443.882441,5e5056b30e7e6ffadc69145ae7b1e4617cd72fe17c84271452d387593955f620,16380,451.429008,True,31,49
66.05129563287072,1e3ec494,657,0.6985746620306836,761898156436614,0.0,True,True,1e3ec494,1025,761898163818821,-4.898901098901099,98.91550671550671,-2.9774114774114775,1023.7499999999999,761898607739815,443.920994,87fd419b7db4097612c6a154f9c3eecfdca49ecd7db4d61b9d7eb0d882d8495d,16380,451.303201,True,34,50
75.19534646096001,f5abbe1b,658,1.0599912912965794,761898610267848,0.0,True,True,f5abbe1b,1025,761898617836787,-4.138644688644689,105.35415140415141,-3.60976800976801,1023.7499999999999,761899061758222,443.921435,ee3631c6ee3422d1ed9e74845a08c8b39e19e92ebb88591f21ea56cd9a62107a,16380,451.490374,True,34,53
724.3705450041074,42f967f2,659,1.1465107161596346,761899064081788,0.0,True,True,42f967f2,1025,761899071877937,-4.170573870573871,750.0173992673992,-2.872832722832723,1023.7499999999999,761899515770717,443.89278,33e29dc7fedb34d28dd31bb3ee01111e95d554c9d988b505cf4423df8bfe6363,16380,451.688929,True,228,287
64.88908013062775,22824d2f,660,0.9999373739368358,761899518483499,0.0,True,True,22824d2f,1025,761899525914969,-4.258241758241758,93.38357753357754,-3.218986568986569,1023.7499999999999,761899969739661,443.824692,da359bdbb8842a0aa4067bc0ed6b172b4bc94f182d090fa1c5568818d9ccf6a8,16380,451.256162,True,33,49
68.08663359602004,a96be964,661,1.07602739246617,761899972514690,0.0,True,True,a96be964,1025,761899979865398,-3.6536019536019535,95.346336996337,-3.72973137973138,1023.7499999999999,761900423750183,443.884785,a31b92d79e887c35d089e01e65c7930659d160af595dc65a88df5375c4179c6d,16380,451.235493,True,32,52
63.97428027270518,85757aa5,662,0.7565887005746872,761900426167908,0.0,True,True,85757aa5,1025,761900433873595,-4.1330891330891335,88.42869352869353,-2.7151404151404153,1023.7499999999999,761900877752770,443.879175,ecdc5483be852538696d285ac1db7e416e8c18ccc09794763e055d808576c65f,16380,451.584862,True,34,48
31701.47456242611,f16bbc65,663,-11.098471083006817,761900880593233,0.0018315018315018315,True,True,f16bbc65,1025,761900887880400,-4.773382173382173,31736.546947496947,-3.5053113553113553,1023.7499999999999,761901331754315,443.873915,ccdd2d7951d4de5a0abb00c1afca61eda782678c7bf60433b2a8ff45f519f997,16380,451.161082,True,559,892
69.35959096831807,b520870a,664,1.523517996106695,761901334684748,0.0,True,True,b520870a,1025,761901341910840,-3.81984126984127,94.51129426129427,-3.2496947496947497,1023.7499999999999,761901785758085,443.847245,3bcb20d233a14168cdd736941d9bbdd5f9e57d91239b49788adea83082cede25,16380,451.073337,True,31,52
20369.016972897203,f4174500,665,-6.058929338293729,761901788369014,0.0027167277167277166,True,True,f4174500,1025,761901795881267,-4.777838827838828,20397.932173382174,-2.4672771672771674,1023.7499999999999,761902239768697,443.88743,140c00b88fc51cf91e460ab935f55c27954c34c0bc258b11047367b4db6efb51,16380,451.399683,True,530,831
74.32282058363562,f0e32041,666,1.0829214441922859,761902242525472,0.0,True,True,f0e32041,1025,761902250021804,-3.6504273504273503,94.33656898656899,-2.5861416361416363,1023.7499999999999,761902693789869,443.768065,0473ffa43b9371e13c07fd29a308d92cd2da7fd9bf9aa821928b1443c2f9f002,16380,451.264397,True,35,53
60781.07151980736,a668f0f9,667,-12.380920070746264,761902696791847,0.003876678876678877,True,True,a668f0f9,1025,761902703989295,-4.397435897435898,60812.32326007326,-3.451709401709402,1023.7499999999999,761903147794200,443.804905,5d1746e51612345557c7341b98562a9250d4b13a5e91fdd7754738ad7308905e,16380,451.002353,True,582,1001
57.937760047915724,fb95d5c7,668,1.6009976912196324,761903151304297,0.0,True,True,fb95d5c7,1025,761903158963717,-3.5206349206349206,77.5558608058608,-2.687606837606838,1023.7499999999999,761903602797486,443.833769,c443e8665af1aa2689d0104a954fa82f0189702872b4d6fff6d67a822784a3a0,16380,451.493189,True,30,50
66.72379586395155,71beb49b,669,0.714532943014982,761903605672204,0.0,True,True,71beb49b,1025,761903612961245,-3.822832722832723,89.8462148962149,-2.9169108669108668,1023.7499999999999,761904056787771,443.826526,c0eef0a77fa8905162894f73de3fdf5436999e1a7fa6c331162a22d555b4bd9a,16380,451.115567,True,32,50
72.43922827952132,f166f510,670,1.396651475921808,761904059535217,0.0,True,True,f166f510,1025,761904066955546,-3.877167277167277,98.68229548229549,-3.3482295482295483,1023.7499999999999,761904510802992,443.847446,941781a767f186cd523019b78d31ba21be11181e682077ac6fd745d1b5bbb490,16380,451.267775,True,32,54
73.59576871270095,0622968e,671,1.8934067999514126,761904514157074,0.0,True,True,0622968e,1025,761904521941841,-4.1902930402930405,97.42020757020757,-2.503174603174603,1023.7499999999999,761904965800147,443.858306,6111ae7cb360cf48c3816fd273ac92285dc85864f2152c747139426e7023e2e2,16380,451.643073,True,33,55
64.44969471242365,e9fd97e8,672,1.484968510084419,761904968738614,0.0,True,True,e9fd97e8,1025,761904976009141,-3.518864468864469,86.53125763125763,-3.1143467643467644,1023.7499999999999,761905419823814,443.814673,909888d4227388365064c214839ba3cf01490cc93c8b1cdd9b176bad184f31b8,16380,451.0852,True,30,46
152747.76875494776,712fe04b,673,-10.269294834293488,761905423308743,0.0478937728937729,True,True,712fe04b,1025,761905430923630,-2.0802197802197804,152764.21947496946,-3.481868131868132,1023.7499999999999,761905874807053,443.883423,4b1510268e483a1783a5a769eec91e58e9b3271e4abfc4bd4f0c3100d5d3da11,16380,451.49831,True,584,1003
66.0152760633072,6c3fd23b,674,0.5144868558036654,761905877680798,0.0,True,True,6c3fd23b,1025,761905884943650,-4.2033577533577535,90.68174603174603,-2.6454212454212453,1023.7499999999999,761906328810231,443.866581,533e6fdeec5b7f5377ca04db04574995e8a6b6c1dfaa6466985232523b849a61,16380,451.129433,True,34,53
65.98769527447182,08ff8576,675,0.9111659320914305,761906332354022,0.0,True,True,08ff8576,1025,761906339961103,-3.8244200244200246,92.36312576312577,-3.4277167277167275,1023.7499999999999,761906783795614,443.834511,7345f41fe68e6fd7ae688f9ab13bc7af9ffbbaebfa95da72cde8713068924c24,16380,451.441592,True,32,49
351.89494558792177,78e665ab,676,3.1459170488945714,761906786691081,0.0,True,True,78e665ab,1025,761906793957639,-3.802258852258852,370.6126373626374,-2.0641025641025643,1023.7499999999999,761907237812078,443.854439,1d5ea29bf50c84d930ed3ecac4e04d97d6e90d5e4d1b1d186443b2b46ff7273f,16380,451.120997,True,60,97
18768.98188354719,0e49aa5b,677,-4.669220799107213,761907240737751,0.0023504273504273503,True,True,0e49aa5b,1025,761907247980325,-4.172649572649573,18793.533333333333,-2.672161172161172,1023.7499999999999,761907691854871,443.874546,a325d51860d4c41e36fe716f84b5dd7463785eeb0296520e6c4ed966b3222df4,16380,451.11712,True,528,783
22710.389765318796,ce1790bf,678,1.8259902891983932,761907694945556,0.005647130647130647,True,True,ce1790bf,1025,761907702882791,-5.240720390720391,22750.798656898656,-3.597741147741148,1023.7499999999999,761908146852618,443.969827,d604aa844c01094bab90b58705b39b07c8b3a9ef9e448bac75a4cdbbb3ccfe44,16380,451.907062,True,384,503
173.97855361298582,8a3ede9e,679,1.3729723654840642,761908150684462,0.0,True,True,8a3ede9e,1025,761908157878865,-3.763125763125763,203.35824175824175,-3.901098901098901,1023.7499999999999,761908601842229,443.963364,3c239083250521b2e9dfc5ffeacf65f225499cf652203b0198f6f9a3e5e5b474,16380,451.157767,True,63,105
26045.09884313116,e4b0ae0c,680,0.8362909012332944,761908605280239,0.00641025641025641,True,True,e4b0ae0c,1025,761908612873245,-4.160378510378511,26072.02667887668,-3.1014652014652015,1023.7499999999999,761909056859983,443.986738,5d5ff4dfd08929d7e1257423939acc418777f82f442cccccd108d7a5684699f6,16380,451.579744,True,437,550
89.24943838043654,025d5cb9,681,0.9925845016633529,761909059674627,0.0,True,True,025d5cb9,1025,761909066910838,-4.192551892551893,117.2541514041514,-3.229120879120879,1023.7499999999999,761909510862070,443.951232,985e819d420339aac126afa255e46dfa8367b7abf1b97d1a37d6c0751370f593,16380,451.187443,True,62,90
26315.63291455526,81402c66,682,-12.502201324498438,761909513769148,0.006471306471306472,True,True,81402c66,1025,761909520899429,-4.704029304029304,26346.06984126984,-2.8825396825396825,1023.7499999999999,761909964856702,443.957273,2fc66ae57fe24fd55d6b4ac89b100877a48b3fdfa6dedfa879c0252622ff68c1,16380,451.087554,True,432,552
11935.765445650537,8ef312a5,683,4.431653391823397,761909967535269,0.0,True,True,8ef312a5,1025,761909974902438,-4.717216117216117,11970.029426129426,-3.465811965811966,1023.7499999999999,761910418887453,443.985015,6c1e89857e76cc0f896e9c28180e75f6bbe5c5dceafd2ffd3b1a31559f8da787,16380,451.352184,True,484,700
60.84275870988325,2e2755fd,684,0.8471214462279432,761910421312001,0.0,True,True,2e2755fd,1025,761910428915155,-4.813369963369963,89.37936507936507,-2.316910866910867,1023.7499999999999,761910872920739,444.005584,0b3dfb4d3eda50db8ced243dd773b36f9f9cf64e3667f49b31af7a1551a64ee4,16380,451.608738,True,31,49
66.55087096596255,ca2c8114,685,1.1403898868407283,761910875643960,0.0,True,True,ca2c8114,1025,761910882912463,-4.332478632478632,96.44456654456654,-3.3351648351648353,1023.7499999999999,761911326861850,443.949387,6dce22b9ca986458139d09da347f6aff66efbc2e8f857214cfc6f8f7f5d88ce7,16380,451.21789,True,32,53
72426.2826783124,9ea68a64,686,-11.335979572921591,761911329617573,0.0019536019536019536,True,True,9ea68a64,1025,761911336900974,-5.157448107448108,72473.63058608059,-4.555067155067155,1023.7499999999999,761911780892712,443.991738,5583381dd8dd6c2e270844155f0c7785ef2d4352db7620c9a19cbefc1284b165,16380,451.275139,True,575,981
64.56626655023175,a79f7366,687,2.228872437582075,761911783853522,0.0,True,True,a79f7366,1025,761911791812367,-4.947069597069597,99.439010989011,-3.224786324786325,1023.7499999999999,761912235898373,444.086006,8a6bf20e9722c5fd28cdc8a11e981c02d5e49d35c163e32ccc935ccef97c515c,16380,452.044851,True,33,50
69.21129309470886,f12d3f16,688,0.6186213348955258,761912238803558,0.0,True,True,f12d3f16,1025,761912246866380,-4.686630036630037,103.51227106227107,-3.5123321123321123,1023.7499999999999,761912690926868,444.060488,c5cd92f14c3b766e6bdc5f054c12297ab568265032efafa5989b59f6992ef940,16380,452.12331,True,32,53
45117.32469881224,d5fd0d30,689,-7.340034720838441,761912694057879,0.014194139194139194,True,True,d5fd0d30,1025,761912701805256,-3.419291819291819,45142.04139194139,-3.609035409035409,1023.7499999999999,761913145897063,444.091807,596e08c05212d06374e49f421737b3948817fb2dbe6a44d9e94dfb3cf0c38741,16380,451.839184,True,512,754
68.37750625781761,939fedc0,690,0.7429409228810008,761913148782761,0.0,True,True,939fedc0,1025,761913156780760,-4.373443223443223,102.41929181929181,-3.861965811965812,1023.7499999999999,761913600905519,444.124759,fa04e10e511a86d1fe62641d23fd2512ed28b225b7afc48fb7dc15a74a5098b4,16380,452.122758,True,34,55
95.05948105957263,ffdf4a18,691,0.836792246826841,761913603571713,0.0,True,True,ffdf4a18,1025,761913610779681,-4.691025641025641,129.44932844932845,-3.519108669108669,1023.7499999999999,761914054914540,444.134859,8da8b613bc678dda8fa1b822b7c0872ad5ca1b936c6a5eeada74178492f759d0,16380,451.342827,True,42,69
24113.963117071507,14b9b162,692,0.7725635786332198,761914057775882,0.004151404151404151,True,True,14b9b162,1025,761914065777869,-4.37081807081807,24143.877533577535,-3.2879120879120878,1023.7499999999999,761914509930751,444.152882,ffb0a557d151fea0c438fe9e7f2a29f91dd8498b93ff73da2f6ce4a14c47c2f7,16380,452.154869,True,461,602
98.76374399748941,3a4f3f8f,693,1.2001221032710703,761914513204792,0.0,True,True,3a4f3f8f,1025,761914520770646,-3.4275946275946274,117.82887667887668,-2.704945054945055,1023.7499999999999,761914964946843,444.176197,4c89c9e9d89b3ecae0a6c061fcb41782ebf350ad14c30ca3b88cc9dd03823c00,16380,451.742051,True,47,68
25822.25434398765,1400e6d2,694,1.3538482483139014,761914968068506,0.006013431013431014,True,True,1400e6d2,1025,761914975807226,-4.184371184371185,25849.801526251526,-3.168315018315018,1023.7499999999999,761915419942406,444.13518,023cf798e5b7264eef5f4e5b4b113f1f8f1b461f77326fe6b1d3e5f346b36fab,16380,451.8739,True,431,568
26817.967938587663,9b94d4bc,695,-5.338327947289669,761915422786094,0.007051282051282051,True,True,9b94d4bc,1025,761915430743587,-3.862820512820513,26844.658241758243,-3.4305860805860804,1023.7499999999999,761915874946785,444.203198,690356e02af073d31cea408c4b3741b8fe1757220346cc4a0b230b83af1daded,16380,452.160691,True,424,529
72.65890946999006,e8b3a80a,696,1.3263593550436095,761915877971625,0.0,True,True,e8b3a80a,1025,761915885794695,-3.8764957264957265,92.86300366300367,-2.275274725274725,1023.7499999999999,761916329938841,444.144146,bd6cb1d75e1becb245f235aa314655ee002ec885f8aba636e973a1ac9d359541,16380,451.967216,True,33,52
27586.469978457306,e6d084a0,697,-3.7421012903741433,761916332860226,0.007722832722832723,True,True,e6d084a0,1025,761916340743149,-3.618070818070818,27605.31807081807,-2.3995115995115994,1023.7499999999999,761916784973447,444.230298,d2b32babbe384c040296b90ca767251fb7fb7fdf91d614face0cf4919c61b006,16380,452.113221,True,416,529
375.8386359672074,0c71aa50,698,4.345170490358297,761916787811085,0.0,True,True,0c71aa50,1025,761916795750143,-3.479120879120879,400.1954822954823,-3.5003663003663004,1023.7499999999999,761917239946868,444.196725,7f6c360cf9904bf06bc2afe1f7f00138c198f45d0ba37dda2348e90d8fed69dc,16380,452.135783,True,63,100
27220.417448204356,d8bb9006,699,-8.887785123494334,761917242597813,0.007967032967032966,True,True,d8bb9006,1025,761917249722183,-3.4987179487179487,27239.25409035409,-2.5681929181929184,1023.7499999999999,761917693957531,444.235348,54b63265bebbebba50d384d44f68fe5f39adfae7b6588ba714f5c9eafde1138b,16380,451.359718,True,419,538
63.922098743069434,28674bc0,700,0.9089912863797177,761917696861935,0.0,True,True,28674bc0,1025,761917704797777,-3.7122710622710624,86.76874236874237,-3.010927960927961,1023.7499999999999,761918148977300,444.179523,b76303acc4ad7704dfa46ce670410e05146d140cf27bfa684fffc1fa16b8cdab,16380,452.115365,True,30,52
59.257286686315986,0d042c30,701,0.9029012524270286,761918151598298,0.0,True,True,0d042c30,1025,761918158804763,-3.6900488400488403,82.33406593406593,-3.075763125763126,1023.7499999999999,761918602957526,444.152763,cbf7f3b1d218d84db27cf44012f05d42a7d970785e54b7790c333a4d9962b0c6,16380,451.359228,True,30,50
66.79173605427269,61b09246,702,0.9664904599865924,761918606060454,0.0,True,True,61b09246,1025,761918613789165,-3.9751526251526252,92.30604395604395,-3.1164835164835165,1023.7499999999999,761919057992443,444.203278,b83bf1278109e02c279592961c3d1bad2dd867fd4462a459f00c6ecbfb338dbb,16380,451.931989,True,31,50
68.58316443189155,f6c74e34,703,0.8817626714669246,761919060668726,0.0,True,True,f6c74e34,1025,761919068783185,-3.848962148962149,95.77148962148962,-3.5176434676434676,1023.7499999999999,761919512968760,444.185575,da0b2d7b3f265d9a02a6a72029695c3eabbba74ccdbfb276fae9b5b915a5a67f,16380,452.300034,True,34,51
148051.882562444,c7fe67e8,704,-7.982003790361838,761919515727568,0.0307997557997558,True,True,c7fe67e8,1025,761919523792474,-5.403968253968254,148093.86147741147,-3.5743589743589745,1023.7499999999999,761919967984881,444.192407,a16ca5e6a020160947e5c315586bec0e37a518251d6acc3c2ffec403a12bb4a9,16380,452.257313,True,585,1023
66.88392673023625,019c1521,705,1.0484035128499782,761919970912368,0.0,True,True,019c1521,1025,761919978121308,-4.130525030525031,88.8576923076923,-2.2164224664224665,1023.7499999999999,761920422059045,443.937737,16b00f9cce62c55b3a16e5607efd3c55fb07bf6444d702259657a5751bcf1e5b,16380,451.146677,True,31,47
65.72339767815959,280fe5dd,706,0.7381012542727403,761920424584503,0.0,True,True,280fe5dd,1025,761920431179494,-4.18937728937729,93.78485958485959,-3.242002442002442,1023.7499999999999,761920875069720,443.890226,e619cc3e0abf83ca6816c9403ab220c1ecea7ec3daa591b6091d4103ef5181c0,16380,450.485217,True,31,52
66.37754144173559,dac7cace,707,1.2638002007926066,761920877774226,0.0,True,True,dac7cace,1025,761920885178185,-4.319474969474969,97.2986568986569,-3.501892551892552,1023.7499999999999,761921329063402,443.885217,0b233383b902cd2edff8c2aa5ed5db95c95fd3c24a988f52dcdebda3e4709da0,16380,451.289176,True,32,49
24212.56786133958,722affdf,708,-5.211451925007413,761921331675854,9.157509157509158e-05,True,True,722affdf,1025,761921339164512,-5.22954822954823,24245.115995115993,-2.2803418803418802,1023.7499999999999,761921783094885,443.930373,c62a11937fd39e760897ce002d5fe1e5fb0be52f54721e7dbc421426049bcc83,16380,451.419031,True,571,940
67.96589756261918,f36d68a5,709,2.621539381427555,761921785599804,0.0,True,True,f36d68a5,1026,761921792134972,-3.5308302808302807,90.49023199023199,-3.171367521367521,1023.7499999999999,761922236080794,443.945822,6641872efab13b0d9e494994d40d9b4920c9043e33a8a83f966cc061f7da7729,16380,450.48099,True,32,52
73.0687988083684,3c51e258,710,1.3319451976618084,761922238863718,0.0,True,True,3c51e258,1025,761922246177125,-3.252075702075702,91.21031746031746,-2.7505494505494505,1023.7499999999999,761922690108740,443.931615,afe6254add907aa8e24bdad9fcbfbf987f9822e50f513d0c314b9914c8b65c46,16380,451.245022,True,34,49
156898.596477896,00d34caf,711,-11.819235487757147,761922693475356,0.01733821733821734,True,True,00d34caf,1025,761922700139157,-5.5577533577533575,156943.494993895,-3.742979242979243,1023.7499999999999,761923144101440,443.962283,49e9dd5db7adbca0e3e8dba53e89a258dbfbfd5986cf2af13af2d2a9b83d993e,16380,450.626084,True,585,1024
69.10425984441552,097da820,712,0.903364348665304,761923146969465,0.0,True,True,097da820,1025,761923154196719,-3.6799145299145297,93.68968253968254,-3.3231990231990234,1023.7499999999999,761923598107205,443.910486,c7f1faf75d53cab0b79268607dc593bb0d34144f77c06c452358a67a2b3287d9,16380,451.13774,True,33,50
68.78506415474365,5ad92fe4,713,1.5435373717079668,761923600870331,0.0,True,True,5ad92fe4,1025,761923608145687,-3.8264957264957267,92.32741147741147,-2.9833333333333334,1023.7499999999999,761924052122828,443.977141,18f226ffcea97e6fb5d9668b9ad753355379948f6c1cb8217db4245bd98d3c18,16380,451.252497,True,33,50
74.0142051341685,f3f4bd20,714,1.4923879049997402,761924054979671,0.0,True,True,f3f4bd20,1025,761924062178623,-3.8746031746031746,94.85140415140415,-2.4134310134310133,1023.7499999999999,761924506113324,443.934701,234beb0f472ecb5c9aa180ba07c03a92cf9e92a3f010caa19e0184b42f2c0f07,16380,451.133653,True,35,51
63.74064812205838,65751995,715,1.1095566313677234,761924508810806,0.0,True,True,65751995,1025,761924516192482,-4.299572649572649,91.15787545787546,-2.9884615384615385,1023.7499999999999,761924960120010,443.927528,867e884439568989abc755265d22e9763659a1f5abac93a97a9ad7875dfd7bea,16380,451.309204,True,31,49
70.33774087566212,3a1be098,716,1.3540154307169991,761924963122418,0.0,True,True,3a1be098,1025,761924970233203,-3.565995115995116,88.8528083028083,-2.408058608058608,1023.7499999999999,761925414107881,443.874678,7d0ddc196a57abade4380bd46fcb62f1316ca6c07025cf733501f405199fdb96,16380,450.985463,True,32,52
69.35942794452868,65081de9,717,1.3061407007821635,761925416801256,0.0,True,True,65081de9,1025,761925424188522,-3.5335775335775335,87.18260073260073,-2.31019536019536,1023.7499999999999,761925868143391,443.954869,54a9c81aaf2c0ce7cec4de0e773af5545a6c9ac0125b521df80d71a4cd264261,16380,451.342135,True,35,50
56.20397213016261,1016545e,718,0.5205816932088859,761925871079795,0.0,True,True,1016545e,1025,761925878216198,-3.326739926739927,72.55555555555556,-2.2987789987789986,1023.7499999999999,761926322142784,443.926586,d9f78f17267f0a7b859216e6ce75b262e51490987fc69d7d86b84cc5f3755534,16380,451.062989,True,30,46
71.41910163232507,a54251fd,719,1.683219976049108,761926324944183,0.0,True,True,a54251fd,1025,761926332215190,-3.885958485958486,90.88986568986569,-2.0904761904761906,1023.7499999999999,761926776154350,443.93916,b43d912659d4f7f23a919fe9f255c0e790067ed2d6ee2f218e7d9d0928b982ed,16380,451.210167,True,34,54
73.55739067641083,c8940679,720,1.4773085323675748,761926779027073,0.0,True,True,c8940679,1025,761926786228419,-4.160439560439561,96.18223443223444,-2.3055555555555554,1023.7499999999999,761927230143543,443.915124,fe185d535a1ceb60dc4ff72694babdb15eb56a0a19ef0650e75b5ddd3fb1b64a,16380,451.11647,True,32,52
63.05126412388317,00f961b7,721,0.51656142956424,761927233199883,0.0,True,True,00f961b7,1025,761927240239614,-3.957692307692308,88.02454212454212,-3.051221001221001,1023.7499999999999,761927684182521,443.942907,73927efc6436bdd5212e488954989ecb4e1137bad4017af7847ccf66820c08ec,16380,450.982638,True,32,51
68.230104877147,f641ba87,722,1.8071835502696905,761927687131358,0.0,True,True,f641ba87,1025,761927694329998,-3.4424297924297926,87.88150183150184,-2.793040293040293,1023.7499999999999,761928138150414,443.820416,21fade19fea41a89dc0c8d61f4bbdb008e936fb8fb0961478ca5f1f018f24074,16380,451.019056,True,31,52
67.58134357841317,4de029d6,723,0.5842112399984326,761928140707582,0.0,True,True,4de029d6,1025,761928148275560,-4.24969474969475,92.51025641025642,-2.620879120879121,1023.7499999999999,761928592154195,443.878635,54a2ae81e581c6de29152856e32789c6751c0ef481aae6d693a1d8717f030972,16380,451.446613,True,33,52
71.37531549985762,5549baf8,724,1.3450527494304565,761928595120696,0.0,True,True,5549baf8,1025,761928602313004,-4.793284493284493,101.52661782661782,-2.6787545787545786,1023.7499999999999,761929046162655,443.849651,4222585ddc8d7efa82d5154ddc75bffad15c65710581155d08709858d2e53bdc,16380,451.041959,True,36,49
72.59723574790425,45401847,725,1.38437195705517,761929048984232,0.0,True,True,45401847,1025,761929056242826,-3.575030525030525,95.67442002442003,-3.208791208791209,1023.7499999999999,761929500056048,443.813222,ba6fae3d47b77b73f46c7fa5b86e2ea841ef05db792cbefcf6dde5e747776589,16380,451.071816,True,32,52
371504.7865402059,5f984c65,726,-1.0199070652640625,761929503049279,0.12307692307692308,True,True,5f984c65,1025,761929510315848,-3.9902930402930403,371553.73357753357,-5.746703296703297,1023.7499999999999,761929954150761,443.834913,795a27a688def5034aaaadbd67f84791da6bb8f6aa116383689f5e31355c6c7e,16380,451.101482,True,585,819
64.38048917572726,df35deda,727,0.6767917177092753,761929956617247,0.0,True,True,df35deda,1025,761929964275495,-3.6584859584859584,89.6974358974359,-3.4543345543345545,1023.7499999999999,761930408181573,443.906078,9d3b76d30ecb0a8759fd98b29ac372d271de8e7cfd8a29fb48f9d0781e5bfef3,16380,451.564326,True,31,48
878.547179975431,6d148010,728,-10.361358736097229,761930410575713,0.0,True,True,6d148010,1025,761930418292852,-3.81031746031746,900.4648962148963,-2.7201465201465203,1023.7499999999999,761930862171989,443.879137,082c8c7f879b36a6b146e06c78d6f9aa0572959aff25e26e9896daafa7fe6a58,16380,451.596276,True,154,238
25424.67297162104,fd08b654,729,-0.9207724026973976,761930864687037,0.005525030525030525,True,True,fd08b654,1025,761930872310750,-4.475152625152625,25453.43021978022,-2.954700854700855,1023.7499999999999,761931316174267,443.863517,9345394a1ba4673e3e7d13481f6003e30a1c3f4c81fd351b98856f6e0b9ebe74,16380,451.48723,True,444,579
135952.3976800604,36e8d611,730,-8.151063196741816,761931318953735,0.01916971916971917,True,True,36e8d611,1025,761931326522073,-4.592490842490842,135983.24188034187,-3.123015873015873,1023.7499999999999,761931770177217,443.655144,32ea68fb1ca4e58110e5c4bd4f96f6b2112ed3b780d965af23d2f355120b3071,16380,451.223482,True,585,1022
115604.65174744432,3d0e2666,731,-11.124240428837338,761931773177852,0.012881562881562881,True,True,3d0e2666,1025,761931780295540,-4.752869352869353,115642.20726495727,-3.8685592185592186,1023.7499999999999,761932224204983,443.909443,2a696a09d2d3c4528f0f81d3fe1a9148dfe8d0cd2be0f0a5f9c7f8c0cfbe7755,16380,451.027131,True,585,1019
165353.59181116673,7fc9b315,732,-10.22310656723832,761932227077046,0.026953601953601955,True,True,7fc9b315,1025,761932234311043,-4.241636141636142,165380.1905982906,-2.9338217338217336,1023.7499999999999,761932678205729,443.894686,0e46827dd8493ddec7c3ea1f3270c89beb4be2d7c766374bce914c5974ce0b61,16380,451.128683,True,585,1019
904.0701779135936,d79f80c9,733,-5.2657980160163165,761932680827379,0.0,True,True,d79f80c9,1025,761932688318291,-4.29004884004884,934.5484126984127,-3.474725274725275,1023.7499999999999,761933132209881,443.89159,e515a73e8faf2a16db1312f64f9edf66a2935a3e65ac6440da4dfa9c1f041b8e,16380,451.382502,True,150,232
67.6798847130349,67eb658f,734,1.666747281270098,761933134812805,0.0,True,True,67eb658f,1025,761933142303607,-3.2676434676434676,91.48229548229548,-3.622832722832723,1023.7499999999999,761933586222599,443.918992,1c2ec49204870920248d62d1b5a271c361aca1039968ac441ef59810cf5f607c,16380,451.409794,True,32,51
67.46437061785048,2f019875,735,0.617663544551699,761933588734622,0.0,True,True,2f019875,1025,761933596328148,-4.575702075702075,93.65665445665445,-2.2924297924297923,1023.7499999999999,761934040206333,443.878185,6cc5813d4f9e29adf681c23020fc0439a800c7d73c771085d72769b406b8ece1,16380,451.471711,True,34,50
26237.021326802693,a0995570,736,-0.7276759023740166,761934043205826,0.006654456654456654,True,True,a0995570,1025,761934050383597,-4.606288156288156,26269.256105006105,-3.3191697191697194,1023.7499999999999,761934494232146,443.848549,51b5e5aa3f83329cf5881cfd1eb3708dd357f438b2ef69d86024a206bde203fb,16380,451.02632,True,419,572
65.10483972309063,65b69141,737,1.078353802163037,761934496876999,0.0,True,True,65b69141,1025,761934504403649,-4.547069597069597,93.32472527472528,-2.7466422466422467,1023.7499999999999,761934948227191,443.823542,5af40e043fc888559133b645b7a1965ad324825201d2bca4548fa727e4882596,16380,451.350192,True,31,47
66.45476019029131,b0bf04f4,738,1.973607987674335,761934950919043,0.0,True,True,b0bf04f4,1025,761934958459569,-4.746642246642247,99.57765567765568,-3.2545787545787546,1023.7499999999999,761935402214080,443.754511,d7f351857088a643cb8c234112d6dbc75d5603530310c8f19345a0ef7d591c20,16380,451.295037,True,32,51
56922.791740895795,a5e89bf0,739,-4.520319818798907,761935405235495,0.02158119658119658,True,True,a5e89bf0,1025,761935412391545,-3.2647741147741147,56941.30793650794,-2.803113553113553,1023.7499999999999,761935856218353,443.826808,829cc84c1fa72f6a638f0bd52bbc2bd4eeec2d04a5cedadbbbfe5be20be94336,16380,450.982858,True,492,693
214.68512041919553,2e9a31a6,740,17.17158540948891,761935859973142,0.0,True,True,2e9a31a6,1025,761935867434137,-4.284432234432234,241.00848595848595,-2.8225885225885228,1023.7499999999999,761936311221170,443.787033,f277c0bb776371e2c9f41c7e859d70c35e903ac1656e53e0a666a8c7af8323e5,16380,451.248028,True,74,113
67.3736505662971,2ce94c8f,741,0.6186252212730671,761936314584811,0.0,True,True,2ce94c8f,1025,761936322406418,-4.426556776556777,92.03192918192919,-2.2503052503052503,1023.7499999999999,761936766237053,443.830635,676ff18d601056cc25a0650a0997bed6ec48549df610e3fa95f2bf5edb9a2bb4,16380,451.652242,True,31,50
25935.499727436447,ef16dcea,742,5.915318656561689,761936768627416,0.006074481074481075,True,True,ef16dcea,1025,761936776400401,-4.094566544566544,25957.366788766787,-2.2586691086691086,1023.7499999999999,761937220276672,443.876271,cf1d6ae34d452f46de9d03673a05dbe2d9b73dc81d1a44c90d4ddbf99700294f,16380,451.649256,True,427,554
79.4066327946914,fd06dc52,743,1.2384885981661022,761937222861402,0.0,True,True,fd06dc52,1025,761937230383012,-4.02051282051282,105.51636141636142,-3.1536019536019535,1023.7499999999999,761937674268742,443.88573,a7aa5cf5bd19f43ff164a7544674c05d7c27f1fd1580b96765b682b7815ba33a,16380,451.40734,True,35,55
64.7736018939682,b3bfcae3,744,1.066301838132751,761937676925918,0.0,True,True,b3bfcae3,1025,761937684463599,-4.451892551892552,95.18046398046398,-3.253846153846154,1023.7499999999999,761938128266482,443.802883,553916532fbb240302b0b5bac038bbed21cb3970960a46f137b6c171503f947e,16380,451.340564,True,30,50
88216.42279224271,2431c848,745,-11.357293189120035,761938131654678,0.00173992673992674,True,True,2431c848,1025,761938139467519,-5.747252747252747,88263.7626984127,-3.7827228327228326,1023.7499999999999,761938583262587,443.795068,a10a8b3f98be9cb1a25d0750d26dc6cb3a30a344cfdec3597c008d5f307f2f0e,16380,451.607909,True,585,1012
59.536110626586826,0467f2d3,746,1.3489424004874928,761938586920202,0.0,True,True,0467f2d3,1025,761938594392790,-3.708669108669109,85.66630036630036,-3.517948717948718,1023.7499999999999,761939038289460,443.89667,4e14389a136e7c7cc3a086d971da2d3f2ce4d8a744fc669e566e8a37b5151ef3,16380,451.369258,True,30,50
9164.376779937265,28e71c1a,747,-8.926671761369679,761939041052206,0.0011904761904761906,True,True,28e71c1a,1025,761939048431397,-4.777533577533577,9197.589438339439,-3.223015873015873,1023.7499999999999,761939492288843,443.857446,1be3a2d8060a7136eae72e46ad72f05c4c2d199e518b5dc2eccfb7b70b0dc2dc,16380,451.236637,True,433,638
89908.36183474815,feda5974,748,-12.77493676840055,761939495355543,9.157509157509158e-05,True,True,feda5974,1025,761939503415109,-5.640903540903541,89957.37576312576,-4.146581196581197,1023.7499999999999,761939947273697,443.858588,c40b7af986ba095fd7b8d2d5284d7358cf74f5326320e37ed1664dbf5e1731cd,16380,451.918154,True,585,1022
60833.00241805577,94365a1f,749,-14.111748712363521,761939950369282,0.0,True,True,94365a1f,1025,761939958344609,-5.592063492063492,60880.62667887668,-4.043894993894994,1023.7499999999999,761940402290953,443.946344,7af4611a23ea336dfccc3c0bfcafa61869ab6ed65ff15a99440c862669a982c7,16380,451.921671,True,561,928
68.12946968443305,414b11fa,750,1.4834450139814104,761940405392508,0.0,True,True,414b11fa,1025,761940413400537,-4.142429792429793,95.22246642246643,-3.1517094017094016,1023.7499999999999,761940857276077,443.87554,95f6aad271526e1682dacfd8eec62da59ad77a8f16567526adb682dc8d0c45f9,16380,451.883569,True,32,49
66.04490678498003,b45c92a3,751,0.6804102910639541,761940859981234,0.0,True,True,b45c92a3,1025,761940867438473,-4.836141636141636,99.23565323565323,-3.130891330891331,1023.7499999999999,761941311306750,443.868277,8cad23ec124bd79137266d118d9c3e5fd100461d8e73cc727c1b5205fbed6f69,16380,451.325516,True,31,48
70.15235460544068,949b6d6a,752,1.427920340721207,761941314184643,0.0,True,True,949b6d6a,1025,761941321390988,-4.999267399267399,97.88528693528694,-1.6553724053724053,1023.7499999999999,761941765295062,443.904074,2ecd7f96d49315cec9a2cf1c9ba4d00512847b86ca67262254df07a2c9923bf3,16380,451.110419,True,34,54
62278.970382498395,54e3fe58,753,-12.573725749317523,761941768517797,0.0012515262515262516,True,True,54e3fe58,1025,761941776341086,-5.236202686202686,62319.987545787546,-3.687728937728938,1023.7499999999999,761942220298592,443.957506,4e9a98916171c4c2a56f2b3767146922c432bb170648a7c1016f8b3adf761253,16380,451.780795,True,585,1011
70.39536778002895,d6439c88,754,0.8356823589178901,761942223363849,0.0,True,True,d6439c88,1025,761942231339226,-3.941819291819292,91.22948717948718,-2.301343101343101,1023.7499999999999,761942675304045,443.964819,00cc51378a26a960771b668fcb4b14f7392afcb8534935ca629c645a92ca478d,16380,451.940196,True,33,49
63.73320678676906,cf0bec49,755,-0.1351782774395593,761942678069686,0.0,True,True,cf0bec49,1025,761942685340693,-4.135653235653236,90.45781440781441,-3.101770451770452,1023.7499999999999,761943129332253,443.99156,3fd25ff2bc9a306754d9544df116c9f9bbd4d22ffaf25fa9595667b7df5bbf53,16380,451.262567,True,35,48
70.78868582103016,10ffe7f4,756,0.8131338429492262,761943132403351,0.0,True,True,10ffe7f4,1025,761943140367356,-3.854090354090354,92.52515262515263,-2.6234432234432234,1023.7499999999999,761943584332576,443.96522,254bf69186f267b31f3dd3b1a1d9357828b605deef73f1414d8d71c6982d5b0f,16380,451.929225,True,34,54
63.35300249641825,8fc33627,757,1.6799004005850544,761943587327260,0.0,True,True,8fc33627,1025,761943595409088,-3.925274725274725,90.16233211233211,-3.3766178266178266,1023.7499999999999,761944039317911,443.908823,9a3452d0b51fe65d683e05f0319243bd0e8924381c09cc202f622aaad8c0134b,16380,451.990651,True,32,50
70.16947800706959,cf0299e0,758,1.0166200521534479,761944042142764,0.0,True,True,cf0299e0,1025,761944049355201,-5.541025641025641,110.4525641025641,-3.0951770451770453,1023.7499999999999,761944493358372,444.003171,13dd947097bebe6f693599bd6ab9cc79a3d3d2e746af36f3eca8c91d4b94c494,16380,451.215608,True,35,54
74.01093818439055,135ad344,759,1.2512946438168158,761944495986043,0.0,True,True,135ad344,1025,761944503259044,-4.571367521367521,107.87185592185592,-3.6004884004884006,1023.7499999999999,761944947385909,444.126865,742da8476f673bafec8002e072607895dec4cd02b11b215a55e16ed1818320af,16380,451.399866,True,35,53
58.35068749897504,4a4fa75f,760,1.5481225501076878,761944951206192,0.0,True,True,4a4fa75f,1025,761944959268733,-4.75006105006105,87.3374236874237,-2.5344932844932844,1023.7499999999999,761945403350473,444.08174,b8b80c57fa2739ab6320fa9d38de3d8e117093fea0169d873263ba44169aadaf,16380,452.144281,True,33,50
69.15568084235667,8dfd0dc5,761,0.9198592757611829,761945407290161,0.0,True,True,8dfd0dc5,1025,761945415344207,-5.056593406593406,102.69871794871794,-2.823809523809524,1023.7499999999999,761945859347899,444.003692,daf8dce4ca9985eed34c08c431161eeab10388eb0d5ae405708c85e96d0cd582,16380,452.057738,True,34,50
13428.418695164895,463eafda,762,-9.381714922026221,761945862280085,0.0,True,True,463eafda,1025,761945870291450,-5.391269841269842,13468.133272283272,-3.263247863247863,1023.7499999999999,761946314370064,444.078614,6dacb7df7d9f5d2638299b54164d7db4d3abfeb6226628598eea81dab0c1fa4e,16380,452.089979,True,407,649
69.97763038548753,6f3dbf0b,763,1.619739069981593,761946317030507,0.0,True,True,6f3dbf0b,1025,761946324295783,-4.013736263736264,92.88681318681319,-2.6075091575091576,1023.7499999999999,761946768388664,444.092881,cc2cd77572a1583e6f3b4ba479abdc4b9b795376445d0b74206bda355dcd44a2,16380,451.358157,True,32,52
66.86390314508446,e200c7b9,764,1.3528936811574193,761946771277638,0.0,True,True,e200c7b9,1025,761946779220344,-5.413553113553114,106.50091575091575,-3.2141025641025642,1023.7499999999999,761947223374440,444.154096,af49a20e51adce925343210f84fb5ed008f31091bd06bcaed29dcc4fdc95158b,16380,452.096802,True,32,51
71.04006368140067,c5711079,765,1.0838010259964177,761947226148558,0.0,True,True,c5711079,1025,761947234216028,-4.72997557997558,101.66239316239316,-2.8722222222222222,1023.7499999999999,761947678369253,444.153225,27f6d3000d6f872f3ca137866f2d07fdbb813ae691d752efbb38079344ca874e,16380,452.220695,True,33,53
1181.9719275531822,5cfcbab9,766,-26.88486502808313,761947681148440,0.0,True,True,5cfcbab9,1025,761947689329556,-4.411782661782662,1209.2928571428572,-2.803052503052503,1023.7499999999999,761948133398341,444.068785,45001ae0f6887458c739bebd9536edab21c37f20bbad742906fc7ec0ab15bf5e,16380,452.249901,True,180,279
28485.851618605582,acf9fa14,767,7.396519799368846,761948136185453,0.008882783882783882,True,True,acf9fa14,1025,761948144237335,-4.543040293040293,28513.104334554333,-2.571672771672772,1023.7499999999999,761948588410748,444.173413,cb8e1dee4dd860405c51767f1c515e0677779e99f8d54fcb70bd19db6df5493a,16380,452.225295,True,422,527
1088.9974906114103,1209c6af,768,-26.346803358732707,761948591328266,0.0,True,True,1209c6af,1025,761948599264108,-4.6642246642246645,1124.4849816849817,-3.705738705738706,1023.7499999999999,761949043388569,444.124461,672eded6ef0a29edce773a58fde9fc5ce992faa3802b11ed01bbac6cf0deeaa2,16380,452.060303,True,169,262
75487.38781480663,f89b1e6e,769,-6.910977115646185,761949045759665,0.02164224664224664,True,True,f89b1e6e,1025,761949053193520,-4.925763125763126,75521.75427350428,-3.1785714285714284,1023.7499999999999,761949497483714,444.290194,132c13f66df124b62a88b5c58b04177f6ea07f79e8e75521d2921efcf7703588,16380,451.724049,True,564,855
200.8913324939882,2c8ef977,770,17.93570617432278,761949500794344,0.0,True,True,2c8ef977,1025,761949508201097,-4.541452991452991,228.82625152625153,-2.703724053724054,1023.7499999999999,761949952410619,444.209522,21272dcdcd4fdd9101275db2005f9c896b25233d2a29b4464f8ce13b25efc19f,16380,451.616275,True,72,112
27422.671055633076,93f01d93,771,1.2989164145431407,761949955589580,0.007264957264957265,True,True,93f01d93,1025,761949963165373,-4.536935286935287,27451.972832722833,-2.952625152625153,1023.7499999999999,761950407422805,444.257432,b35a72d7a34a20efe568236e32902051d0ccc93c925d572b99a77862b599b504,16380,451.833225,True,407,519
65.23487724390655,679ab4b4,772,0.8560540629768476,761950411506986,0.0,True,True,679ab4b4,1025,761950419276384,-4.468803418803419,95.8925518925519,-3.269169719169719,1023.7499999999999,761950863438706,444.162322,5fe04a7a006a4d8da2d1c6dbc55deeeec6441265bebdf60d5292bf83adb08432,16380,451.93172,True,32,51
68.09211365523637,054376e1,773,1.173182198567371,761950866449671,0.0,True,True,054376e1,1025,761950874252011,-4.476495726495727,99.82936507936508,-3.42026862026862,1023.7499999999999,761951318407170,444.155159,e8dc1aaa2dc1c874b06c302ea71ac6cdf565c5c7f0a8c1fdb5b7e5362d76e788,16380,451.957499,True,33,50
346.5052541777175,232bc037,774,2.2858010644259883,761951321014322,0.0,True,True,232bc037,1025,761951328240515,-5.999145299145299,393.5796703296703,-3.3293650793650795,1023.7499999999999,761951772448964,444.208449,d78d792f3b602a267117756ad6201031e7668b2cddbb5ac83800ab78a2b1b5e1,16380,451.434642,True,59,98
71.11303638330195,8c5b3e68,775,1.2680152645854117,761951775433128,0.0,True,True,8c5b3e68,1025,761951783237753,-5.237789987789988,110.28333333333333,-3.4257631257631256,1023.7499999999999,761952227436083,444.19833,96191e517f3c60d14d65f2a2e100d21ad45618b461a72b7d26bd50f35558291b,16380,452.002955,True,34,53
60.956204035416484,3b263c7e,776,0.9041607021241881,761952230333573,0.0,True,True,3b263c7e,1025,761952238254537,-4.846336996336996,90.59316239316239,-2.47991452991453,1023.7499999999999,761952681506952,443.252415,a19b0ef839906ebc1fb1b5041de2b605070d7c7117eba1f92b23bb4a152dc05d,16380,451.173379,True,31,51
27444.61556900297,397e5097,777,-9.426308120194943,761952684417677,0.007692307692307693,True,True,397e5097,1025,761952692247259,-4.977533577533578,27482.19365079365,-3.578021978021978,1023.7499999999999,761953135491799,443.24454,809b6f521804ce039af1928da708066267ab114d479830770624b632c8ecedb6,16380,451.074122,True,412,544
95.00699275524366,46a98652,778,1.1458800443222568,761953144599373,0.0,True,True,46a98652,1025,761953151589400,-5.735531135531136,137.7375457875458,-3.135958485958486,1023.7499999999999,761953595522310,443.93291,c11a93303cfc86afb4dbdde76ab35a9dd5e2c129a365cec54d0e520f637feccf,16380,450.922937,True,43,62
61.46719549138964,605c5292,779,1.1196133377529667,761953598855172,0.0,True,True,605c5292,1025,761953605568616,-4.52973137973138,88.596336996337,-2.5711233211233213,1023.7499999999999,761954049523457,443.954841,f7466c958e4fb8cb07ad38075371681cb98ff57d1cf90ec321595a1edfb32533,16380,450.668285,True,31,49
71.11605814142443,31068c74,780,1.699679018040432,761954052518992,0.0,True,True,31068c74,1025,761954059610431,-4.954884004884005,103.31428571428572,-2.7653846153846153,1023.7499999999999,761954503536948,443.926517,90640cbde066767ee47f956536a644bd0b722052267f408091ea1d3b0bca9473,16380,451.017956,True,32,50
26999.29025516913,ffa1b3e9,781,4.882827346825876,761954506267834,0.007173382173382173,True,True,ffa1b3e9,1025,761954513581001,-4.343772893772893,27020.59358974359,-1.5604395604395604,1023.7499999999999,761954957544377,443.963376,8f14e903afd4cbfaec83d8eb425a260349a78d3b58058608e50c931d86ab9e7b,16380,451.276543,True,423,521
202.0934624068782,70978019,782,20.168816953067076,761954960097668,0.0,True,True,70978019,1025,761954967580064,-5.015750915750916,235.80238095238096,-2.924236874236874,1023.7499999999999,761955411554602,443.974538,e5683d0fe126c572dcc67d59c97bca65a1b927dbda59b7789690ec58ba494930,16380,451.456934,True,67,110
26517.145896940194,625a9d8a,783,-13.723551100285423,761955414205457,0.006623931623931624,True,True,625a9d8a,1025,761955421617030,-3.937606837606838,26539.39065934066,-2.5961538461538463,1023.7499999999999,761955865537876,443.920846,80bac710b58174204228ff35f2f1d03b51deeb803dc0f9b8cce282f0bfbc3c19,16380,451.332419,True,417,535
123650.36315082047,5ae71e9b,784,-9.862139352213974,761955868100514,0.019474969474969475,True,True,5ae71e9b,1025,761955875650568,-5.758791208791209,123702.09566544567,-4.309157509157509,1023.7499999999999,761956319541949,443.891381,46b09223b8f7def05ce723e67697367b521e21e7e814034fedb6dfea1f2de7d4,16380,451.441435,True,585,1020
27792.758442914095,aece77ab,785,0.7495500845917059,761956322340503,0.0086996336996337,True,True,aece77ab,1025,761956329641667,-4.397741147741148,27816.96978021978,-2.2070818070818072,1023.7499999999999,761956773561081,443.919414,27516b8c63c857d98ff63bed5acd77d7a7c16b3b69c91ff26fb47f74f194cb14,16380,451.220578,True,425,534
28024.813567231846,9b265e8c,786,3.276161191948867,761956776472558,0.008302808302808303,True,True,9b265e8c,1025,761956783614802,-3.776312576312576,28047.810134310133,-2.955677655677656,1023.7499999999999,761957227573560,443.958758,9fe83a7a289e341407eed48aab8a3b1e18e0b7bae4eba669263153eb5edd8133,16380,451.101002,True,414,515
70.58607825663687,4a6d20a2,787,1.4936538826654646,761957231701824,0.0,True,True,4a6d20a2,1025,761957238612842,-4.783333333333333,100.36355311355311,-2.6262515262515262,1023.7499999999999,761957682583152,443.97031,f06deff6448abe94ae2a369ff45663ccb371fca9b7d984d1cc0e39cb29a07599,16380,450.881328,True,33,50
60.16649247645585,76e69664,788,1.5052946296376493,761957685020914,0.0,True,True,76e69664,1025,761957692651991,-4.098046398046398,88.41196581196581,-3.384004884004884,1023.7499999999999,761958136577417,443.925426,848fecb8bde8c27593d40f0ddb438a9b3e07542a8f3e108038c81af89f6bdf0f,16380,451.556503,True,30,50
67.65729613826683,bf566047,789,1.1554014280243428,761958139479436,0.0,True,True,bf566047,1025,761958146643822,-4.4001831501831505,96.98376068376068,-3.1567155067155066,1023.7499999999999,761958590585338,443.941516,cc525b20d3dfae8a8c8c7dd0f2b726da1aa15cf22db9f665add5e20809e454a0,16380,451.105902,True,33,51
67.1047007950671,fe3f7a71,790,0.7152368193491396,761958593833670,0.0,True,True,fe3f7a71,1025,761958600628278,-4.5,93.88681318681319,-2.5557997557997556,1023.7499999999999,761959044584812,443.956534,4a626d56b5aa6f0eeb4d3cb90eeb14c72512e6a84f1ea75876b135fafff7b55b,16380,450.751142,True,32,52
70.64859553179151,95e383e7,791,1.4561170383582323,761959047237460,0.0,True,True,95e383e7,1025,761959054744313,-4.241025641025641,103.3485347985348,-3.835836385836386,1023.7499999999999,761959498603734,443.859421,93c2ab2f6093d90f0c3cf7d1dacabbfe3dea565ec3560f0b7710b237d421cb5b,16380,451.366274,True,33,52
31360.82457589961,e7abba78,792,-12.375897676593164,761959501895288,0.001800976800976801,True,True,e7abba78,1025,761959508654138,-4.903357753357754,31394.54004884005,-3.11007326007326,1023.7499999999999,761959952591907,443.937769,22c566cbbfb35300c627cdea40ae68d7edb33661f7713274894742ba496c104b,16380,450.696619,True,579,977
61.45755095704729,c9c6c99a,793,0.21244869409317757,761959955576381,0.0,True,True,c9c6c99a,1025,761959962671016,-4.016788766788767,83.07368742368742,-2.3412698412698414,1023.7499999999999,761960406600639,443.929623,f7e4ef05f2337b3c8923051bb8300c4749bac299b0758efc353e18602e32dd20,16380,451.024258,True,31,50
59.27310737356525,ebd1bbe9,794,0.3227577359546051,761960409367022,0.0,True,True,ebd1bbe9,1025,761960416748808,-4.15964590964591,87.49035409035409,-3.3037240537240535,1023.7499999999999,761960860628518,443.87971,d345ea8124a6536cd8856aab4941d2f32b1ba7cb049aeeccc0b175673821d925,16380,451.261496,True,29,46
69.502433765529,b9cc7e76,795,1.541465293835318,761960863426079,0.0,True,True,b9cc7e76,1025,761960870677470,-4.394810744810745,96.77863247863247,-2.821672771672772,1023.7499999999999,761961314499921,443.822451,8c457fed724ab93f5c1010a1b66f45fd606929eebea1d67592a4e2c7a15eac37,16380,451.073842,True,32,52
23596.355811813002,f6d5dce6,796,0.15782823559792328,761961317257056,0.0039987789987789985,True,True,f6d5dce6,1025,761961324697203,-4.6280830280830285,23624.36807081807,-2.567704517704518,1023.7499999999999,761961768610275,443.913072,4da3f6f0e1172a8fd6a2b6d3f7d23b8e686455172ddc6401922337df8a940d6a,16380,451.353219,True,500,690
63.153623760922294,5068cc7a,797,1.7271553744536081,761961771459975,0.0,True,True,5068cc7a,1025,761961778745249,-4.558485958485958,88.23815628815629,-2.074786324786325,1023.7499999999999,761962222617204,443.871955,dcf7ee2fad3eaba25d1e014227a02d5d1297d69df0bb7be4715f43ae985cec40,16380,451.157229,True,30,51
68.91521070470705,749be525,798,1.5529251476856532,761962225375341,0.0,True,True,749be525,1025,761962232690121,-4.923748473748474,100.5590354090354,-2.7203907203907205,1023.7499999999999,761962676525607,443.835486,4d75eb7815b9a9d12402c05e7c370f4dd5b09b15a2c63bfa0d04b06aad2cf8bc,16380,451.150266,True,32,51
118765.45793957534,a42a3221,799,-2.156461335853389,761962679437304,0.04230769230769231,True,True,a42a3221,1025,761962686811075,-4.878144078144079,118790.61092796092,-1.1647741147741149,1023.7499999999999,761963130636793,443.825718,4f306d727e1f0975ae94f8d01223d13f1e84ea3c766f4bf4a281befaa91d0b70,16380,451.199489,True,549,684
65.45790042951214,9f8682d9,800,1.086649390158125,761963133404077,0.0,True,True,9f8682d9,1025,761963140709830,-4.195115995115995,91.55067155067155,-2.9144078144078143,1023.7499999999999,761963584640927,443.931097,db722386564e7823883924d3f4e917ab435262993c3687296836e0ae4a9c1ff5,16380,451.23685,True,35,50
161357.2312790957,ffca2f5f,801,-10.07277054612703,761963587686687,0.048534798534798536,True,True,ffca2f5f,1025,761963594765281,-4.9322344322344325,161388.17014652013,-2.5713675213675216,1023.7499999999999,761964038646193,443.880912,c32280ad6c58930981de599bb14a95fb610b6042e114fd28f3e9952b27737552,16380,450.959506,True,585,1004
63.850923633753304,66889452,802,0.7005877393188396,761964041637089,0.0,True,True,66889452,1025,761964048749056,-4.485164835164835,88.27515262515263,-2.0754578754578756,1023.7499999999999,761964492655867,443.906811,8621367989e06ada128dd01f281728a7291fd29edb1dfd34289348474370a2a5,16380,451.018778,True,30,48
102.98805143709905,b02d3b3b,803,1.3403248355807298,761964495490088,0.0,True,True,b02d3b3b,1025,761964502757468,-4.345909645909646,127.53345543345543,-2.3787545787545787,1023.7499999999999,761964946653007,443.895539,c0fc41710ea8672fd05905bfe6e92853ad4a6737270ffb3d3bf6d59c31125f82,16380,451.162919,True,53,83
61.399724305676685,4af8e906,804,0.8733888238471201,761964949786603,0.0,True,True,4af8e906,1025,761964956744289,-5.02020757020757,91.83870573870574,-2.288339438339438,1023.7499999999999,761965400652502,443.908213,03a8aade9b6c88f97b1e6d48b9421a1cb49a11b172d37b02704e0c572b5c5195,16380,450.865899,True,30,49
65.65809770544203,41ca45d7,805,2.198048359622631,761965403470723,0.0,True,True,41ca45d7,1025,761965410735689,-3.836935286935287,86.84163614163614,-2.541941391941392,1023.7499999999999,761965854674189,443.9385,17e00876d76832630b41fc2f02668a6012bb3df42e3cd88734cb098e29a2d46a,16380,451.203466,True,33,46
69.58125991224892,f654fedd,806,1.6980825960993124,761965858046967,0.0,True,True,f654fedd,1025,761965865812939,-3.5267399267399266,91.08962148962149,-3.0117216117216117,1023.7499999999999,761966309664666,443.851727,acf29435b01f9b2421c9bb8cccf2d410bededb41a52634ec519b26002292ce7c,16380,451.617699,True,33,53
65.69184048416649,160accb2,807,0.8662530961786703,761966312802980,0.0,True,True,160accb2,1025,761966319780684,-4.175518925518926,90.3021978021978,-2.6786935286935285,1023.7499999999999,761966763662417,443.881733,d5cde550a9660053c81310b5940eabd0d44de3cc8bb829564c81857a38cce5c5,16380,450.859437,True,33,50
67.21313506226508,2c37bfe2,808,1.3051424703079255,761966766674314,0.0,True,True,2c37bfe2,1025,761966773788645,-4.823931623931624,100.31385836385836,-3.1353479853479853,1023.7499999999999,761967217691839,443.903194,823f97c6c80e2a7b748b1a838ca39fddf9ff4dabb212ce4d02f4c6efb6593a28,16380,451.017525,True,34,52
64.44683784537264,ef0ceb11,809,1.8218958837994423,761967220538293,0.0,True,True,ef0ceb11,1025,761967227881276,-4.47020757020757,95.7969474969475,-3.3715506715506716,1023.7499999999999,761967671679522,443.798246,44df50ebea5b5584c21fec5e90c5d62df76914d063df8d55ee6c56636994fc18,16380,451.141229,True,31,47
39736.29971517053,a78e8c6e,810,-12.254455499795863,761967674402353,0.006318681318681319,True,True,a78e8c6e,1025,761967681876824,-4.2725885225885225,39760.63315018315,-2.4654456654456656,1023.7499999999999,761968125685239,443.808415,18daddcf2b030aeb6d93aa39354e7364bedd35dddefcc19f3159229350f74080,16380,451.282886,True,572,956
61.914663218344536,d6e5802f,811,0.5381460374163857,761968128243479,0.0,True,True,d6e5802f,1025,761968135855921,-3.779304029304029,84.77326007326008,-2.928388278388278,1023.7499999999999,761968579684945,443.829024,06f46e007f8737c5976d5577e69de060b67c0245e495ee21323489478a34d60f,16380,451.441466,True,31,48
97837.96385334717,466a0d03,812,-14.829231007156395,761968583120491,0.01105006105006105,True,True,466a0d03,1025,761968590899076,-5.097374847374847,97878.15372405373,-3.769169719169719,1023.7499999999999,761969034703163,443.804087,6400db83c47b9cd96dc1b5dba0e675fe1e0a3dfe6c7c8f41e859a30ac903ea72,16380,451.582672,True,585,1022
64.61384408902724,90734fd2,813,1.5246470350824992,761969037679092,0.0,True,True,90734fd2,1025,761969044851413,-4.451709401709402,93.35006105006104,-2.9863858363858364,1023.7499999999999,761969488698000,443.846587,47204dc9f5caf7c787fa95e35160e45a6fff640c044efa8979b49f54a65c54e1,16380,451.018908,True,31,48
301200.34012394125,40de38e5,814,-7.135686887279803,761969491471336,0.07322954822954823,True,True,40de38e5,1025,761969498826532,-3.5844322344322346,301227.9807081807,-3.846092796092796,1023.7499999999999,761969942700721,443.874189,dd1b5cbd834318b211cb6714fc15ec7666a82948916ac9bc7baeaea68b082264,16380,451.229385,True,585,1018
14236.042256537723,ee3a4b5c,815,-2.832796804746651,761969945873361,0.0007326007326007326,True,True,ee3a4b5c,1025,761969953841795,-4.2496336996337,14261.443162393163,-2.7095238095238097,1023.7499999999999,761970397708400,443.866605,fd49bce6f1d736a8de7be587ae9e0cf6a5841974bb9d9d2f0de52254e8b909bb,16380,451.835039,True,525,780
164.87928590809543,4656a277,816,1.7829333949044068,761970400650204,0.0,True,True,4656a277,1025,761970407837654,-4.217277167277167,190.95018315018314,-2.8784493284493284,1023.7499999999999,761970851726270,443.888616,ea4bb6ba184520c9375961047c26ce25df74bdf4f86e9e8d234d7b3523d6bd8e,16380,451.076066,True,62,99
25067.6652721722,3f1289b6,817,2.6768448816024843,761970855125227,0.004853479853479854,True,True,3f1289b6,1025,761970862875149,-4.671062271062271,25098.339987789986,-2.975885225885226,1023.7499999999999,761971306721065,443.845916,0d96c9855973c4bc781c49c57400863500427e556b7888f5919e0522203deeb9,16380,451.595838,True,460,620
189.04209592910144,492f3fb6,818,1.4577040255291485,761971309850904,0.0,True,True,492f3fb6,1025,761971317852039,-4.741391941391941,219.28003663003662,-2.785164835164835,1023.7499999999999,761971761724796,443.872757,a0ec6f50b2133eedc95b859e609bafd4ed8b71701dec91f726676a2de0500eca,16380,451.873892,True,67,103
92.51114970533469,06bb0f1e,819,-0.2775158579253346,761971764497220,0.0,True,True,06bb0f1e,1025,761971771898724,-3.948778998778999,116.97698412698412,-2.978754578754579,1023.7499999999999,761972215723650,443.824926,d32278d3b7e6af1d70aabd530437bf84ab8c62b37c873e488db6925a28345878,16380,451.22643,True,41,65
9396.508344611568,5ffb33a7,820,2.2953235514644392,761972218111779,0.0,True,True,5ffb33a7,1025,761972225877280,-3.903052503052503,9421.3,-3.0915750915750917,1023.7499999999999,761972669722875,443.845595,42cf4f1234ff93c89ca388050b52aebd0a09b2a139301b1eda046a4cc21cf5dd,16380,451.611096,True,456,650
961.0143570325347,dd10cc42,821,-19.808620136133865,761972672575852,0.0,True,True,dd10cc42,1025,761972679801473,-4.821855921855922,992.845115995116,-2.929242979242979,1023.7499999999999,761973123744072,443.942599,bb5e8e8c2f5dfbc71d31f69865792a0cc41dad8d7e8ee8d6ccb82be0471af621,16380,451.16822,True,164,254
143862.66783166435,7609af59,822,0.3601739598888689,761973126212663,0.04816849816849817,True,True,7609af59,1025,761973133787393,-3.7876068376068375,143891.34774114774,-3.786019536019536,1023.7499999999999,761973577731615,443.944222,4cbef6182cdddd31cd33975b9b50bc8c5e22bb84dbc2378a4514b05692bef4b1,16380,451.518952,True,572,734
68.73576913386437,bde905ac,823,1.193861475956031,761973580439207,0.0,True,True,bde905ac,1025,761973587885805,-4.4101343101343105,95.14395604395604,-2.637973137973138,1023.7499999999999,761974031758923,443.873118,8456517a2c3bff8756fa7448bcda11fa0cc5b33c3a16446766ad8f2f6199f7d5,16380,451.319716,True,31,54
27514.73304533209,8f291e22,824,-17.367405671885198,761974034462076,0.007478632478632479,True,True,8f291e22,1025,761974041789470,-4.230525030525031,27539.910500610502,-2.6981684981684984,1023.7499999999999,761974485779919,443.990449,d06f182a9c92274972238e06a9a34958dc4c9b7067ff9b96a19ab58c124e6d17,16380,451.317843,True,426,521
58.10470870399442,29acec77,825,0.931255304722744,761974488616344,0.0,True,True,29acec77,1025,761974495815967,-4.947802197802198,89.85470085470085,-2.6961538461538463,1023.7499999999999,761974939770859,443.954892,77ddf8ba2a4aae76b4ff474870a731cb3256a0cae3a2e7e4222afbf5fb6431a9,16380,451.154515,True,30,46
65.78647325947694,c6016d66,826,1.3552089787220798,761974942372681,0.0,True,True,c6016d66,1025,761974949822937,-3.3162393162393164,84.94090354090353,-2.856043956043956,1023.7499999999999,761975393778039,443.955102,909e4cde1991f369e87693a60fe6d7ec3413d768db910d6b39ed6b4eb7f70022,16380,451.405358,True,35,51
27272.79775517285,7ccca014,827,14.420807583380418,761975396741985,0.0064407814407814405,True,True,7ccca014,1025,761975404811489,-3.905921855921856,27300.715934065935,-3.558363858363858,1023.7499999999999,761975848795797,443.984308,be263f86a6b5df35a2630df9e99963c0347aa82a975bee7c591aac069130d1fc,16380,452.053812,True,454,564
172.47501525506104,9489090f,828,2.044337216072754,761975851342535,0.0,True,True,9489090f,1025,761975858793232,-5.266727716727717,211.35061050061051,-3.3372405372405374,1023.7499999999999,761976302773562,443.98033,fce66386a345716eba7fd9d1ec1386535ca8d00448ffb52accca111f6df701a5,16380,451.431027,True,66,104
244.38598006965222,86841d4e,829,0.9097750916687085,761976305504989,0.0,True,True,86841d4e,1025,761976312823726,-4.514163614163614,276.0484126984127,-3.3592796092796093,1023.7499999999999,761976756790540,443.966814,0bc5b7c153bf1039d8c33527254950bcb5befbb84302a220f56d64a865df5733,16380,451.285551,True,54,90
163711.7852528919,5106d151,830,-11.360766072577091,761976759691908,0.007631257631257631,True,True,5106d151,1025,761976767812970,-5.911782661782662,163764.3288156288,-4.194566544566545,1023.7499999999999,761977211782881,443.969911,015acedb9809214ac26a87d0df835aead7592f8e22b50d6eb7aa464c6f154256,16380,452.090973,True,585,1024
49163.880260789614,4e82657c,831,-3.7184662745908295,761977215500800,0.01733821733821734,True,True,4e82657c,1025,761977222783860,-5.191941391941392,49198.59297924298,-2.785042735042735,1023.7499999999999,761977666817811,444.033951,94338dbabc38db495f2c52507dabc08709ae44ec6047a23e3afda0989cd63504,16380,451.317011,True,519,795
59.29940664409529,9f09ed63,832,1.5854195102009994,761977670255451,0.0,True,True,9f09ed63,1025,761977677704675,-3.835653235653236,78.37203907203907,-2.0881562881562883,1023.7499999999999,761978121790504,444.085829,1ba61bbbb955ae3efac1e4fb77b3ad56c29162dba52c6f4417349b3e93d3858b,16380,451.535053,True,31,49
67.21540601644998,85df5402,833,1.2772652749874993,761978124689377,0.0,True,True,85df5402,1025,761978132699290,-4.369780219780219,89.48021978021978,-1.7804029304029303,1023.7499999999999,761978576817570,444.11828,b7bc29d89c17d1ca8ff3a3bd44793515affe0e62a1ce54eb34c09515a99b9e1a,16380,452.128193,True,31,52
68.71654890117344,ed03bba4,834,2.0268146657371933,761978579700864,0.0,True,True,ed03bba4,1025,761978587694816,-4.66996336996337,96.38724053724054,-2.421184371184371,1023.7499999999999,761979031818807,444.123991,b64e6c45ff67e0d8ccb6d7ee1db777b279cc708e8eea8c292d63add840c71911,16380,452.117943,True,34,52
59.145616363354456,3e446fb8,835,0.9452979153699652,761979034538883,0.0,True,True,3e446fb8,1025,761979041680045,-4.321306471306471,87.30555555555556,-3.07997557997558,1023.7499999999999,761979485814155,444.13411,c7afafb485693ce4a71d8303bc74df579bde8f16b36f3654639f6963a0d06be8,16380,451.275272,True,33,47
65.42631824151971,51fd1f75,836,1.961163138518868,761979488508803,0.0,True,True,51fd1f75,1025,761979495680913,-4.052747252747253,88.82673992673993,-2.641147741147741,1023.7499999999999,761979939836865,444.155952,7f90fb83b39daf1f433ff5acfcf19efef1d8bcb1c692924ee305ac7e474d8c21,16380,451.328062,True,31,49
64.37296467743356,6148dbb5,837,0.8746242153015367,761979942704770,0.0,True,True,6148dbb5,1025,761979950686308,-4.1239316239316235,90.55128205128206,-3.0284493284493283,1023.7499999999999,761980394841208,444.1549,ea007cc8df6fe22488334ce46c301dfc3c373d711130b6ffd398b4be17659dc1,16380,452.136438,True,31,47
58.95592885916145,209da6f5,838,0.8336788347231325,761980397957542,0.0,True,True,209da6f5,1025,761980405659052,-4.215262515262515,92.19884004884005,-3.9337606837606836,1023.7499999999999,761980849861301,444.202249,b1e8f995c95314c5f3e4d36916d543d3902599a6d4cf97d92538c554b39f5f01,16380,451.903759,True,29,51
107843.60414316723,3e43b5c4,839,-6.222482593701269,761980853897852,0.03199023199023199,True,True,3e43b5c4,1025,761980861722294,-3.3321733821733823,107860.99206349206,-2.506898656898657,1023.7499999999999,761981305840304,444.11801,4900434f62764ec1cb7d75075299ef4201f5597cb0293e6d84a58440f523d7dd,16380,451.942452,True,580,971
67.44496974332138,459160f6,840,1.10496620029544,761981308856368,0.0,True,True,459160f6,1025,761981316680961,-3.8765567765567766,90.92307692307692,-2.906959706959707,1023.7499999999999,761981760871648,444.190687,1617d0a9f4b9081d319b43ae4b291ea648a7179fd093a036ae94bb5c56944959,16380,452.01528,True,35,53
324.41236800812806,65e2cbcb,841,3.020404357867481,761981763882863,0.0,True,True,65e2cbcb,1025,761981771652111,-4.536202686202686,355.6933455433455,-3.2716727716727716,1023.7499999999999,761982215861634,444.209523,2a548f4bafef3736104f6cd7680743254f0b380b23dc0bd08daea0fc648cc133,16380,451.978771,True,59,93
58.437022631757074,d33687e6,842,1.5092262555664104,761982218626374,0.0,True,True,d33687e6,1025,761982226620476,-4.23974358974359,83.29554334554335,-2.6235653235653236,1023.7499999999999,761982670887097,444.266621,8bd45c6a827fdd74ba2908fe33c177412f1db426073cb9c74b67ef55a07ae598,16380,452.260723,True,30,47
59.05540291549449,9b131eb0,843,-0.03212132185345932,761982674187408,0.0,True,True,9b131eb0,1025,761982681724768,-4.461965811965812,85.8960927960928,-2.6327838827838828,1023.7499999999999,761983125874458,444.14969,b1cc48d0ff92f2af17d4f418d0d23cc1d5bc2709acbaec443576d5271153510a,16380,451.68705,True,32,47
35977.62429933687,10f23ad4,844,-4.484640252885908,761983128672110,0.015201465201465201,True,True,10f23ad4,1025,761983136722268,-5.130647130647131,36019.08601953602,-3.8907814407814407,1023.7499999999999,761983580876908,444.15464,dbaeebd75badd60b37a6ea1a0bb7b4a711c42f27c1e98e76de60bd529115ea46,16380,452.204798,True,335,439
61.01533773579561,6adb06c7,845,1.5509183873790962,761983584315420,0.0,True,True,6adb06c7,1025,761983591713988,-3.9464590964590966,81.99536019536019,-2.324969474969475,1023.7499999999999,761984035876051,444.162063,ab8eb567177fd9bbd1652119b15a26e5047d80c248949ff36958a7e047f38863,16380,451.560631,True,32,50
59.65309524182234,f2019c1d,846,1.041240688185149,761984039033122,0.0,True,True,f2019c1d,1025,761984046823790,-4.3002442002442,84.00555555555556,-2.4208180708180707,1023.7499999999999,761984490862280,444.03849,c2bc3246d14c95af8b3987aa1bb2fca5b78f5bb901d2d91f2f239df497fa8e67,16380,451.829158,True,30,49
61.60950603120933,c488bd6d,847,1.1449266343028333,761984493792823,0.0,True,True,c488bd6d,1025,761984501726341,-4.77967032967033,92.04346764346765,-2.7547619047619047,1023.7499999999999,761984945881963,444.155622,9317db5de03cf406435937102dfd045264077a5b9ac4303040e6168b07f06449,16380,452.08914,True,32,47
58.94617248170362,74ecc8e9,848,0.8165056722833905,761984948465410,0.0,True,True,74ecc8e9,1025,761984955705188,-4.240659340659341,86.15567765567765,-3.0374847374847374,1023.7499999999999,761985398980117,443.274929,d78ffda7b6cce4d9f215181a611f86cabede30c3bc6fb32e7ba55facfbc20d3f,16380,450.514707,True,31,47
57.61530796736841,795734ce,849,1.4974500494067131,761985401644918,0.0,True,True,795734ce,1025,761985409114160,-3.8065934065934064,80.87942612942614,-2.9620879120879122,1023.7499999999999,761985852962862,443.848702,83d24b77ddd8048443a4dd6dc8d4fd621bbe677a089df73ed16e7c40dd958f88,16380,451.317944,True,30,45
82.57946819731617,e54ee572,850,-0.08426543887430726,761985855516804,0.0,True,True,e54ee572,1025,761985863058772,-4.418986568986569,109.2467032967033,-2.672039072039072,1023.7499999999999,761986306969932,443.91116,c2a7d1e23d494e76df76deab90baf17349346fb61612a71dbc798c398d11b7dd,16380,451.453128,True,35,48
63.32358451818159,85754667,851,0.6413923378005554,761986343451267,0.0,True,True,85754667,1025,761986350025870,-4.134981684981685,84.49352869352869,-2.017887667887668,1023.7499999999999,761986793988066,443.962196,cd1cab42013712b19b6e4911e706f846c01bc352ecac715b1f1dc6def2a48058,16380,450.536799,True,32,50
172124.00888923177,b092736c,852,-8.919452592301862,761986796432651,0.011843711843711843,True,True,b092736c,1025,761986803042540,-5.493040293040293,172169.39047619049,-3.8997557997557997,1023.7499999999999,761987246999287,443.956747,aa4fbce926a384b938c5a874302b460338a5186537a6200202cf78f52e5f6625,16380,450.566636,True,585,1024
54.117386818852026,ed788277,853,0.46015293975365135,761987249948024,0.0,True,True,ed788277,1025,761987257085368,-4.65982905982906,85.06141636141636,-3.038095238095238,1023.7499999999999,761987700990056,443.904688,645b32f57a7217cdaae9d8218cf26b281eb204e2087581cb2c0e7370c1f76add,16380,451.042032,True,26,46
66.12781440408729,c501c95f,854,1.481655491275019,761987705701101,0.0,True,True,c501c95f,1025,761987713086213,-3.8988400488400488,91.16721611721611,-3.1366300366300366,1023.7499999999999,761988156980091,443.893878,36e33f7fb4919227a0c130cd0bd7f94b1a017dc424e0875efdba7d8b6830347c,16380,451.27899,True,31,52
24238.437443675914,929c4eec,855,7.712671553305025,761988159507923,0.0044566544566544564,True,True,929c4eec,1025,761988167158757,-3.6894993894993897,24260.147313797315,-2.8456043956043957,1023.7499999999999,761988611047145,443.888388,191773971d2e880aeede9cab3b77bac29c462343966970104f0615e968259151,16380,451.539222,True,454,575
25755.76394099762,6bfb3325,856,-22.419322095510484,761988615315443,0.005921855921855922,True,True,6bfb3325,1025,761988622068412,-4.302625152625152,25786.06514041514,-3.4334554334554332,1023.7499999999999,761989066017374,443.948962,30ff9af769872e59b73e92d2faf0de65fe2d240df7d08bcf8d16468febf60bc0,16380,450.701931,True,438,553
25147.536261581998,48cae919,857,7.6549287832489075,761989069514476,0.005372405372405372,True,True,48cae919,1025,761989077115496,-3.3887057387057387,25171.172771672773,-3.486141636141636,1023.7499999999999,761989521036936,443.92144,73e97f65461b1e7ee84fdec0f6b12b8ba491569d0bef1bbb28728b640a458afb,16380,451.52246,True,443,565
27362.14607144348,b0f925ef,858,0.799116881715039,761989524161575,0.00815018315018315,True,True,b0f925ef,1025,761989531102449,-3.0507936507936506,27373.622649572648,-1.472832722832723,1023.7499999999999,761989975043666,443.941217,8978439cbd0a2871da2f796e12d20e60a1ff81a056a399fef5c0421f105da677,16380,450.882091,True,414,539
60.874903579665485,2945e7bb,859,0.9343602734151066,761989977916530,0.0,True,True,2945e7bb,1025,761989985091796,-3.474847374847375,78.84920634920636,-2.4289377289377287,1023.7499999999999,761990429042301,443.950505,90333801e4d541f32c35b505d01ece287aeaf2826dc6427c2a0220c92046222a,16380,451.125771,True,32,48
59.68881559527164,ca0958c0,860,0.9704712710049335,761990432429596,0.0,True,True,ca0958c0,1025,761990439119216,-3.3393772893772895,74.80079365079365,-1.9901098901098901,1023.7499999999999,761990883029715,443.910499,b1f6cb9575f1f48e45276f95b707bddedb66e8e54b2c7c707c370d7f13a871cb,16380,450.600119,True,31,46
55.038437148254005,36345767,861,1.1761038128596044,761990885982048,0.0,True,True,36345767,1025,761990893101840,-3.6434676434676434,73.2050061050061,-2.211721611721612,1023.7499999999999,761991337052535,443.950695,5dc57966ff200bfc5959e6286610426178efe4352720e7328160fa3726014c90,16380,451.070487,True,31,48
60.22440516815974,6467aae2,862,0.9912565087376662,761991340309524,0.0,True,True,6467aae2,1025,761991347134990,-3.955738705738706,85.99267399267399,-3.181257631257631,1023.7499999999999,761991791019811,443.884821,80a7a406b62b5604cee13827adac9884c6da448dee79da9bab758f12179504f5,16380,450.710287,True,30,48
25879.793348431853,ace129fb,863,-3.7443461395284414,761991793761998,0.0062271062271062275,True,True,ace129fb,1025,761991801129618,-3.7666056166056165,25902.353174603173,-2.8935286935286935,1023.7499999999999,761992245037803,443.908185,dbdb5be585ae4dcf16fe09a1d7be58875acdbeec3900312a81d0a98b0049b30f,16380,451.275805,True,457,567
4003.587367821773,dfd872b4,864,0.5844221895159719,761992248053546,0.0003663003663003663,True,True,dfd872b4,1025,761992255144894,-4.114468864468864,4023.7054334554336,-1.785836385836386,1023.7499999999999,761992699058449,443.913555,c5c3c80bfc5daa93f45fc146d49815cbd02632654b8b5b26f3d82cb8b6b2c290,16380,451.004903,True,293,380
52.40286234217553,a03518a8,865,0.08161819919431303,761992702348320,0.0,True,True,a03518a8,1025,761992709132418,-4.13919413919414,72.92179487179487,-1.84010989010989,1023.7499999999999,761993153053457,443.921039,dc60876df72ce02f58bdf02a0370f9f067d03399a8285cbfc8b710880dc7307a,16380,450.705137,True,28,47
25863.365580974445,3b42753f,866,-0.9534255005209422,761993155933995,0.005921855921855922,True,True,3b42753f,1025,761993163188221,-4.185592185592186,25889.4663003663,-2.9294261294261292,1023.7499999999999,761993607065728,443.877507,0a7b8f80fe6d7f2685f181b810bafcd05e76bdea62f0113cfa7ebc25b5bece03,16380,451.131733,True,437,554
24850.644832950933,6955d0fb,867,7.949923700263258,761993609796133,0.004884004884004884,True,True,6955d0fb,1025,761993617214007,-3.9097069597069596,24873.571916971916,-2.7642857142857142,1023.7499999999999,761994061059173,443.845166,c59a7b0ad5f76e9312338680cc01958433d5c02fb98648592288e06581d0f859,16380,451.26304,True,464,593
105107.04226002259,369b8cc9,868,-7.947676013306511,761994063877013,0.029975579975579977,True,True,369b8cc9,1025,761994071134194,-2.4714896214896216,105119.57851037852,-2.5353479853479852,1023.7499999999999,761994515076393,443.942199,4f53b262203e522dc65604738556d6ea29d55bfaa52a3508bfd236b4e3e5de27,16380,451.19938,True,583,972
7184.636549702503,9c627a71,869,0.5809579036158481,761994517716718,0.0021672771672771674,True,True,9c627a71,1025,761994525142768,-3.304334554334554,7200.683272283272,-2.2645299145299145,1023.7499999999999,761994969088985,443.946217,3978e13dda6881c1a668da5c1411b3c55d13e6f2125455213e202ccc9762160a,16380,451.372267,True,217,266
405.8364863006347,371c940e,870,1.3011884884476321,761994973295476,0.0,True,True,371c940e,1025,761994980224568,-4.124725274725274,427.10885225885227,-2.063736263736264,1023.7499999999999,761995423972030,443.747462,cd886bb854ee2055355584371331f306de0d93d8e5cedaad93d7712aabd83e9d,16380,450.676554,True,147,220
57.626951056337504,5c6ad28e,871,0.6019129056441843,761995426747940,0.0,True,True,5c6ad28e,1025,761995434170985,-3.5227716727716727,77.92960927960928,-2.809401709401709,1023.7499999999999,761995878087465,443.91648,0cf97dd00fed9a66a5e8ed0c482edd7234cc1a8745c33d8d5fbb72cabdc0b84e,16380,451.339525,True,29,44
60.161670930480454,6340ffd8,872,1.3332531164168473,761995880993201,0.0,True,True,6340ffd8,1025,761995888211729,-3.4876068376068377,75.61648351648351,-1.8142246642246642,1023.7499999999999,761996332094927,443.883198,d8bb2d24ebf471d4f225217b0e979c08b7c1c11d16da0020f1bade923f0f0b2d,16380,451.101726,True,33,47
26308.051075420302,62bc5459,873,-22.721400303836962,761996334949587,0.006257631257631258,True,True,62bc5459,1025,761996342210685,-2.6153846153846154,26323.286446886446,-2.8974358974358974,1023.7499999999999,761996786084606,443.873921,e793675bee55460ab70e5ccae1b60c41cad99c265518b9c96f2042368c5826c1,16380,451.135019,True,423,548
62.17111422697503,9520760f,874,0.9313836285361965,761996788941980,0.0,True,True,9520760f,1025,761996796204050,-3.6615384615384614,83.34090354090354,-2.786202686202686,1023.7499999999999,761997240092558,443.888508,8584cab96470146a1c01f7701efa0bb90ec7dbbdac328bafc77bca12134b673f,16380,451.150578,True,29,47
59.55345745354903,3b9d5d16,875,0.24248932903083692,761997243024424,0.0,True,True,3b9d5d16,1025,761997250240226,-4.563431013431013,88.37606837606837,-2.828021978021978,1023.7499999999999,761997694088488,443.848262,54ebbc44b4020c10c50f1900d123b8870517d5f345556a67873a79db3355593a,16380,451.064064,True,31,45
3866.4994977868428,7ddca3c5,876,0.4084580293210789,761997696925605,0.001221001221001221,True,True,7ddca3c5,1025,761997704285670,-3.275030525030525,3884.290598290598,-2.658058608058608,1023.7499999999999,761998148101561,443.815891,2eecb5fbcd5676b928f49f6371bd0ad6c1df7628c1f44f82499271d76d166b6f,16380,451.175956,True,126,175
59.09225517732844,0cedf954,877,0.9437589851958815,761998150972491,0.0,True,True,0cedf954,1025,761998158214023,-3.9575702075702077,81.4978021978022,-2.596764346764347,1023.7499999999999,761998602131595,443.917572,cbb998f31ffd9193aaf254484e66002ac33c22bfdadba977cd577153ebb05a6b,16380,451.159104,True,28,48
60.74313842784539,f5d5f60c,878,0.9042426763527274,761998605527076,0.0,True,True,f5d5f60c,1025,761998613209610,-3.993833943833944,79.87020757020757,-1.7822344322344323,1023.7499999999999,761999057126842,443.917232,315ee28d428858d2447293c2dce31a374881ae26260db9ff0901b85a24d05b66,16380,451.599766,True,29,46
58.53765521549405,12370b4b,879,0.4757119735106557,761999059943149,0.0,True,True,12370b4b,1025,761999067233263,-4.652503052503053,83.41684981684982,-1.7981684981684982,1023.7499999999999,761999511115599,443.882336,8958488dcb0bb8b5b95ceb5eca45fb297d4f91b9608043f009b7782604e92bc7,16380,451.17245,True,29,48
55.08139005547431,8d823f6a,880,0.17850821829705993,761999513865501,0.0,True,True,8d823f6a,1025,761999521211620,-4.2585470085470085,78.35909645909646,-2.2677045177045176,1023.7499999999999,761999965131737,443.920117,6fe09951f54229f00fd44148e2419d347781175562ce8977415efca0fa7e9522,16380,451.266236,True,29,43
55.80033600641659,44548f44,881,0.9934520920842793,761999967782442,0.0,True,True,44548f44,1025,761999975376299,-4.423565323565324,81.95604395604396,-2.566666666666667,1023.7499999999999,762000419149148,443.772849,12fccaf5bd2ab3b0dc3d2ff0f287f15f840f02ad9cc7b21fc7d7f41da37b5bf2,16380,451.366706,True,29,48
55.886484992419064,d6d2638e,882,0.7807062464390156,762000422024787,0.0,True,True,d6d2638e,1025,762000429329027,-4.532967032967033,79.88461538461539,-1.8575091575091576,1023.7499999999999,762000873113599,443.784572,b47ea9447284258d7fa2669ef5df8bf415c2a956abff6ddcc3410356fb58a5d3,16380,451.088812,True,27,45
365982.3426768253,1754dc69,883,-0.4286778646686445,762000875547945,0.11565934065934066,True,True,1754dc69,1025,762000883310130,-3.644200244200244,366014.4567765568,-4.3398046398046395,1023.7499999999999,762001327132673,443.822543,fbdd8da79ca2eb4afbbabb0ce0f3442222a10b40db04d39e4e01874932924d51,16380,451.584728,True,585,776
54.982700451427554,41a3cd77,884,0.04922998846411332,762001330189865,0.0,True,True,41a3cd77,1025,762001337320287,-3.874114774114774,77.56269841269841,-2.7515873015873016,1023.7499999999999,762001781144964,443.824677,01fc1a2d93379e0b9702157c22dc68dd710f6abb1eb476918858eb67fe1e5903,16380,450.955099,True,27,48
55.77371757600695,e99c6f05,885,0.8823132981319276,762001784869576,0.0,True,True,e99c6f05,1025,762001792315003,-3.7956654456654455,77.13357753357754,-2.6368131868131868,1023.7499999999999,762002236138718,443.823715,f5512533ed4babae23caf57675b7a2bbcc6bc3aaec01eabf3e6d309e2370b66e,16380,451.269142,True,33,44
56.82505908587411,0d21b660,886,1.090775831814337,762002240256262,0.0,True,True,0d21b660,1025,762002247330969,-4.217704517704518,78.80958485958486,-2.048290598290598,1023.7499999999999,762002691164112,443.833143,ee1454a1186c5689b057a013c63c04cff331909ef7cc5d737eaa073653796f7f,16380,450.90785,True,30,44
53.56560492858112,52ca5495,887,0.06266033684153903,762002693937999,0.0,True,True,52ca5495,1025,762002701312292,-3.387851037851038,67.5587912087912,-1.586080586080586,1023.7499999999999,762003145156947,443.844655,653ab0f511b85880778d261a82cfbcd584234273419f00f90dcf7d194534fdb9,16380,451.218948,True,27,43
56.302193281213434,24526388,888,0.4295723618928485,762003148067211,0.0,True,True,24526388,1025,762003155294777,-3.2705738705738705,75.62802197802198,-2.9375457875457878,1023.7499999999999,762003599142688,443.847911,c6bc18f885211bb6ef4362f0154aa665ff1da1936e84380befed6d7f990ff55e,16380,451.075477,True,29,46
59.95175464882425,5bbc60d2,889,1.6990451360802892,762003601567937,0.0,True,True,5bbc60d2,1025,762003609285628,-4.421489621489622,84.72246642246643,-2.284981684981685,1023.7499999999999,762004053175839,443.890211,3c058eede4a27f0b4183cac871de50d306bb98ff2d0705db7d11709ded66b55f,16380,451.607902,True,31,48
63.50713350582399,401618a2,890,1.0354968121395873,762004056281192,0.0,True,True,401618a2,1025,762004064319167,-4.78052503052503,92.3424297924298,-2.445787545787546,1023.7499999999999,762004508176025,443.856858,35ac0a2350a7533acf3aa59cdeb4dc81bf8b70f9270555bd7896b0ab0c25dc8d,16380,451.894833,True,31,51
57.79926623268198,46affbd1,891,0.36450750468441195,762004511030715,0.0,True,True,46affbd1,1025,762004518306141,-4.708058608058608,83.87210012210012,-1.9766178266178267,1023.7499999999999,762004962158601,443.85246,1bd556948ca7e66e46815520c7f8836afc6a77907d1a14cf033c80f38a0d5225,16380,451.127886,True,31,42
58.84216520489414,b88840d0,892,0.4530346694609787,762004965166990,0.0,True,True,b88840d0,1025,762004972324173,-4.211294261294261,84.66837606837606,-2.8445054945054946,1023.7499999999999,762005416186962,443.862789,fbd72fe96e24d6abe47ae79b8e8ef3c5a55931f0a0cc81b9ca9f44bde1cba164,16380,451.019972,True,30,42
54.26265720577076,b486c3e1,893,1.2880594463692279,762005419847143,0.0,True,True,b486c3e1,1025,762005427310884,-4.925152625152625,86.02698412698413,-2.73992673992674,1023.7499999999999,762005871195966,443.885082,c14786d03fe439554468aa587a8f063827e8369a8c6360ddef406b583224c7d3,16380,451.348823,True,29,44
65.31348424774248,27239c4a,894,0.8017366868265519,762005874383814,0.0,True,True,27239c4a,1025,762005882256768,-4.394322344322345,92.8413308913309,-2.8666666666666667,1023.7499999999999,762006326211842,443.955074,e767749bc7336b4266e0959832b1778c9860d9af0aa1baa55c4b224a3acaaf80,16380,451.828028,True,30,47
64.09827663653672,caa42281,895,0.8631750873513032,762006329076490,0.0,True,True,caa42281,1025,762006336222221,-4.011660561660562,85.41758241758242,-2.286019536019536,1023.7499999999999,762006780185330,443.963109,aceefeb6932dcc01f104d6281761b1e6bcbf2cd90c42c00436715bf0f5c29934,16380,451.10884,True,33,50
54.021637285858894,519f162e,896,0.3316691478345008,762006782980718,0.0,True,True,519f162e,1025,762006790257696,-4.482356532356532,81.3485347985348,-2.68986568986569,1023.7499999999999,762007234186601,443.928905,fed0c1ac85634073de4dc0a554dd7ddad107e941b0f0a4e3fb9ec3783d3c811f,16380,451.205883,True,29,44
48.620391286911435,c361707c,897,0.39450694678691656,762007236988951,0.0,True,True,c361707c,1025,762007244301207,-5.492796092796093,84.22197802197802,-2.3304029304029306,1023.7499999999999,762007688216856,443.915649,e20f8763ed2829857b92efdde2c7041d6026bc5ae0d2cb4c8d59ca326614628b,16380,451.227905,True,27,41
53.825478206842675,abb55a2a,898,0.03446558060213484,762007690847252,0.0,True,True,abb55a2a,1025,762007698333276,-4.706288156288156,85.70384615384616,-3.119169719169719,1023.7499999999999,762008142205684,443.872408,424087673f2e3761e66944726468d5b1414ffe02ecce6aa9e86c76130e6f69dd,16380,451.358432,True,26,45
278566.3783455732,2889e395,899,-2.8304761837341785,762008145167846,0.07832722832722833,True,True,2889e395,1025,762008153247380,-4.931807081807082,278604.34908424906,-3.6943223443223445,1023.7499999999999,762008597226369,443.978989,a1fe511d13871be5af0d9079e4c4a03aac6490ff397ba75659249d79dc835bd4,16380,452.058523,True,584,858
62.14105758981218,2fc71e4a,900,0.9003649849967855,762008600176188,0.0,True,True,2fc71e4a,1025,762008608262144,-4.126862026862027,83.82478632478633,-2.157020757020757,1023.7499999999999,762009052239801,443.977657,95f39d7470e77d286f7a8f1ce0647eae07f79ec7ff95c6afac5e664de2795776,16380,452.063613,True,32,48
52.152676884911315,564d0464,901,1.182904651499694,762009054925200,0.0,True,True,564d0464,1025,762009062351090,-3.5457875457875456,72.01990231990231,-2.700854700854701,1023.7499999999999,762009506247333,443.896243,6baf573cb3a6bbd68c30754c7a7170f47447431bab7ace710aa84895924c50e5,16380,451.322133,True,29,45
24229.21104375478,09e55e33,902,13.41208977633553,762009509157798,0.0,True,True,09e55e33,1025,762009517258782,-6.2695970695970695,24289.732844932845,-4.6058608058608055,1023.7499999999999,762009961249624,443.990842,cb6ca03859beec6e92ab5e0830ed8b0ea3fb01b6b990b130c8185e4c4397aee2,16380,452.091826,True,345,561
57.837460298824766,1cf4afe8,903,1.2181868495229238,762009964509649,0.0,True,True,1cf4afe8,1025,762009972290458,-3.283211233211233,72.95695970695971,-2.0832722832722834,1023.7499999999999,762010416263987,443.973529,2ecb6cdfaafac7a56d2509e742dec41d3c28b6154f5752c8af1be3628f23e5a5,16380,451.754338,True,29,45
338.03896030776986,ad3d37f7,904,1.221813509104802,762010419120410,0.0,True,True,ad3d37f7,1025,762010427163605,-3.986752136752137,358.1501831501831,-2.0535409035409034,1023.7499999999999,762010871246441,444.082836,471188e902caab4bd1a0836506f6033325a36e328b46476340950e73f52f7f92,16380,452.126031,True,60,96
74985.51337388056,7c330d3d,905,-11.952534482236574,762010874528738,0.0,True,True,7c330d3d,1025,762010882189280,-5.410866910866911,75022.88345543346,-2.844749694749695,1023.7499999999999,762011326246447,444.057167,7839359ef74a61e1d8c486ca01cace20913f02289bd9e1d1af93ae5a21d262d7,16380,451.717709,True,524,840
21236.131858333298,77b9d0ec,906,0.49526478233318993,762011330566143,0.0005494505494505495,True,True,77b9d0ec,1025,762011338228469,-4.4322344322344325,21257.585897435896,-1.3451159951159952,1023.7499999999999,762011782260218,444.031749,bc04b8c43fc23ebaf27a629240ccde394e0178ff60af88c8f4db8f76ef0367f1,16380,451.694075,True,501,675
24935.625944363936,da5cb4be,907,-21.61252006931155,762011785443888,0.004853479853479854,True,True,da5cb4be,1025,762011793146941,-3.8423076923076924,24954.96855921856,-2.13992673992674,1023.7499999999999,762012237303095,444.156154,eb4105996d99ebe97e68a4a481ecad2674ef843bdd9a6e1f64afd9be26562416,16380,451.859207,True,459,599
21470.266914758016,b5af4273,908,1.3758258825212553,762012240803203,0.0007936507936507937,True,True,b5af4273,1025,762012248172296,-3.9963369963369964,21489.177655677657,-1.7146520146520146,1023.7499999999999,762012692283515,444.111219,826666ae5b638e888eba6f2ae58178b8591ca3783ad260c8370293b7c2142c94,16380,451.480312,True,493,680
24530.252426329942,96779c91,909,-22.44455493768021,762012695048735,0.004242979242979243,True,True,96779c91,1025,762012703135933,-3.542246642246642,24550.58431013431,-2.79004884004884,1023.7499999999999,762013147287819,444.151886,6282a86b74d0c112a60994f4ad840c80ce7adf1287e7cdb26550719a2e71b13b,16380,452.239084,True,448,600
11498.931901910664,25289312,910,0.34458193488582006,762013150175611,0.0037545787545787547,True,True,25289312,1025,762013158124388,-3.8393772893772895,11520.840598290599,-2.677289377289377,1023.7499999999999,762013602270613,444.146225,310c4a9f3303bb4278e106f3988644ef3e7f34b25b9139b27cdc53776a48c1c5,16380,452.095002,True,264,359
46.23949250925441,59c0214a,911,0.2739990499799954,762013604808535,0.0,True,True,59c0214a,1025,762013612126932,-4.447802197802198,75.12197802197802,-3.0165445665445665,1023.7499999999999,762014056319845,444.192913,b184420e777c875f150405cd1f940305da784941f2607fd36eb6d739ddf0dc0a,16380,451.51131,True,24,38
60.67653748130854,603afd6c,912,0.830351097174996,762014059495831,0.0,True,True,603afd6c,1025,762014067089758,-3.8235042735042737,80.93388278388278,-2.3744810744810745,1023.7499999999999,762014511313299,444.223541,5e40fc6afb8e6af0f07947091c93c815ca5d49725c3026e33bdb02b73c98c709,16380,451.817468,True,30,47
126730.7178650965,05361b50,913,-12.950060076529033,762014513840751,0.01623931623931624,True,True,05361b50,1025,762014521102932,-4.462759462759463,126759.33406593406,-2.9495726495726498,1023.7499999999999,762014965319891,444.216959,5251af1580450b837c733ddcf8148caa9b92a0dd2270705f0e956958fd0d2bcd,16380,451.47914,True,585,1022
130244.7956807119,14ae5b0e,914,-11.587994338973393,762014968400787,3.0525030525030525e-05,True,True,14ae5b0e,1025,762014976098400,-6.218559218559219,130302.4231990232,-4.353968253968254,1023.7499999999999,762015420344173,444.245773,e252c152c6b4682df1f4f8f1c6b73c21c9200af127664d9c4e21c61bc07e2051,16380,451.943386,True,585,993
58.92398390410295,fb07a159,915,0.5787845054651222,762015423307728,0.0,True,True,fb07a159,1025,762015431276693,-4.799023199023199,85.93192918192918,-1.9943223443223443,1023.7499999999999,762015875298564,444.021871,467ef41fec12326333c59e2d92c18e1ce3b8ef65d3b8270763115f283fc415dc,16380,451.990836,True,32,48
8189.449328702772,deb8ea42,916,1.033612124842168,762015878082610,0.0,True,True,deb8ea42,1025,762015886261100,-4.055921855921856,8214.532234432234,-2.9380952380952383,1023.7499999999999,762016330298119,444.037019,f7858a962b15c35fceaa174a1ba771077afcb8cc5816d96b64b689f174ed0579,16380,452.215509,True,437,612
32141.98606998245,75cdf6af,917,-12.671359507681913,762016333224765,0.001221001221001221,True,True,75cdf6af,1025,762016341157361,-5.031807081807082,32177.395665445667,-3.1765567765567764,1023.7499999999999,762016785341398,444.184037,1378b786c2873c8b29b65e77a1032b4b9a8b853852fdf20fb581d38a3e76f1d4,16380,452.116633,True,576,967
6604.035031367357,8cd01a8b,918,0.3005839568006582,762016788216306,0.0,True,True,8cd01a8b,1025,762016796132601,-3.221916971916972,6621.340903540903,-2.6315628815628815,1023.7499999999999,762017240334902,444.202301,563ea77357a6b3e4a44bed6a2badc48aa7787e2e172f73be11d7754fc69b0db0,16380,452.118596,True,382,547
716.1471844032375,b65ea1a4,919,-20.165772787556705,762017242810987,0.0,True,True,b65ea1a4,1025,762017250143480,-4.150549450549451,738.7332722832723,-2.314957264957265,1023.7499999999999,762017693418000,443.27452,be4915a1c6c51dd19b2ceb419f6db60ea7fc49afd233722d11ff406e389f2984,16380,450.607013,True,135,211
59.83259297648491,ca0f8220,920,1.1162563985320602,762017696026224,0.0,True,True,ca0f8220,1025,762017704159249,-3.714957264957265,80.03705738705739,-2.5305250305250304,1023.7499999999999,762018148336273,444.177024,8015a3631a688718bd7787504b89246acf34f1c8dd03a38c44296ad11ef5fe34,16380,452.310049,True,32,47
55.920600921937925,c4ee93fe,921,0.9906680101473104,762018151132442,0.0,True,True,c4ee93fe,1025,762018158488880,-4.543284493284493,82.14957264957265,-2.363797313797314,1023.7499999999999,762018602417465,443.928585,d592dd0e416c615b54df8d2fdaba6818362e40c1368c8142fed1e206a371dca6,16380,451.285023,True,29,44
34240.52111720121,7d34aef9,922,-6.813635429054619,762018606097783,0.005708180708180708,True,True,7d34aef9,1025,762018613483006,-4.316910866910867,34264.17985347985,-2.2412087912087912,1023.7499999999999,762019057433302,443.950296,7c7507ec676a2d1a7aa09bc1a8de218d0d58c85d50d34ba5160ee8979bbd2cb9,16380,451.335519,True,569,933
54.313741582322166,99953611,923,0.8109056305015583,762019060229811,0.0,True,True,99953611,1025,762019067503814,-3.524908424908425,74.18015873015872,-2.727899877899878,1023.7499999999999,762019511436617,443.932803,622bee31f50113bf477c74a986972bfce27612ae55a8c03fa095cd98275c5767,16380,451.206806,True,30,43
168929.35852021063,d26ab255,924,0.6821360851849814,762019513915717,0.054181929181929184,True,True,d26ab255,1025,762019520488496,-4.954639804639805,168962.5089133089,-2.9329059829059827,1023.7499999999999,762019964442589,443.954093,9a6aa48bbec2720fae17884d86c2b5d34eac68da5fa83092a309a029404cb52a,16380,450.526872,True,575,755
59.95129600185461,982c1869,925,1.6085283504436745,762019967063888,0.0,True,True,982c1869,1025,762019974568797,-4.78028083028083,84.38186813186813,-1.2567765567765568,1023.7499999999999,762020418432599,443.863802,438283ccfdaef933ac35caf78f4531b3ad71fd56c159b845b882356916769963,16380,451.368711,True,30,48
55.77719228607507,550c101b,926,1.2970653618094707,762020421682184,0.0,True,True,550c101b,1025,762020428509253,-4.872710622710622,84.52820512820513,-2.237789987789988,1023.7499999999999,762020872437958,443.928705,0c44332c5260531d7cd57c4d1b547508032fbcb482942c532369b079ecaf49e4,16380,450.755774,True,30,46
58.873082901361286,edbb5a8c,927,0.973900197890556,762020875124400,0.0,True,True,edbb5a8c,1025,762020882529200,-4.423321123321124,80.01282051282051,-1.2545787545787546,1023.7499999999999,762021326465169,443.935969,332aefedf621f83faee69b0074b97d15286ed5091cc3e87b5ad07aa2b7375401,16380,451.340769,True,29,44
63.63931939990548,b2ff1354,928,1.1874580446612053,762021329181327,0.0,True,True,b2ff1354,1025,762021336526153,-4.582173382173382,95.18266178266178,-3.2476190476190476,1023.7499999999999,762021780456261,443.930108,1fd3bed7119c8abdc20fc7b6db5ccd7086ba014e259f9232cdb49d4085f586af,16380,451.274934,True,32,46
65.14519350036748,44c7fc6c,929,1.954308197830066,762021783492954,0.0,True,True,44c7fc6c,1025,762021790489082,-4.593589743589743,95.07637362637362,-2.9715506715506717,1023.7499999999999,762022234454176,443.965094,02137b63ed4b5449abd44b7b06915a9c13eeaf52509d64dca1f06818856e0c35,16380,450.961222,True,33,48
56303.83570837824,88de3456,930,-10.525048256271038,762022237439983,0.0017704517704517705,True,True,88de3456,1025,762022244536170,-4.735714285714286,56334.60555555556,-2.8884004884004884,1023.7499999999999,762022688455067,443.918897,fa6a7ab7d510915610890c591568ac59cf8fc552e8b04da8bd803a476812e747,16380,451.015084,True,585,1012
61.01867350293174,0450556d,931,0.8385885951194588,762022691387994,0.0,True,True,0450556d,1025,762022698526191,-4.223809523809524,84.92472527472528,-2.462820512820513,1023.7499999999999,762023142496945,443.970754,9f7b92eb5f2e12ab0bd4f261133ae63ecde19767e21bb00f2ee219ee9096e33a,16380,451.108951,True,31,44
101495.29712149333,e69b85eb,932,-7.39466745133242,762023146369576,0.028327228327228327,True,True,e69b85eb,1025,762023153558308,-4.975946275946276,101532.97851037851,-3.5946275946275947,1023.7499999999999,762023597468649,443.910341,64081c9902632c31f822852c6dee2128ef616ca38854a4183c16c8d3853b8c0a,16380,451.099073,True,584,981
60.190904137241134,b16867c1,933,1.504657345676637,762023600200947,0.0,True,True,b16867c1,1025,762023607515066,-4.86068376068376,90.05677655677655,-2.497924297924298,1023.7499999999999,762024051495909,443.980843,a7cfff1670884d62df582f324b1c8e5c8b631887de1d055031e75f62e1680442,16380,451.294962,True,30,47
53.301066501332066,595810b7,934,1.4018142234760593,762024054320993,0.0,True,True,595810b7,1025,762024061571441,-4.733638583638584,83.3473137973138,-2.763858363858364,1023.7499999999999,762024505504204,443.932763,8de941e9503cc50646e16674d5b9bddf73c94b4e0785b12356c7d579fe53c493,16380,451.183211,True,30,43
21988.86016369094,39769d15,935,8.378314656110375,762024508371648,0.0,True,True,39769d15,1025,762024515677932,-6.905433455433456,22063.254761904762,-5.168131868131868,1023.7499999999999,762024959509393,443.831461,1d51f2ca0bc4a91dc09947cbab14df851b8a7df551b6188f3b77622262bdca63,16380,451.137745,True,326,526
61.452192025177375,55e000c1,936,1.1660992726134085,762024962205213,0.0,True,True,55e000c1,1025,762024969567542,-4.153052503052503,83.84639804639805,-2.2685592185592185,1023.7499999999999,762025413497430,443.929888,c14849d0449641b3b02625a2cad98f18a9b603475fc60e8fc7e36b701533c770,16380,451.292217,True,30,48
52.4804951018321,0e4a9bd6,937,0.3050317345724625,762025416267750,0.0,True,True,0e4a9bd6,1025,762025423546071,-3.8575702075702076,73.18864468864469,-2.413980463980464,1023.7499999999999,762025867486168,443.940097,bcd49971cb8ea45c8b6ac8c76373f1bbbd347b642748414fc8dfe56346126dad,16380,451.218418,True,26,44
57.12474409663054,91a60d1a,938,1.2609426623263627,762025869791360,0.0,True,True,91a60d1a,1025,762025876629931,-4.959279609279609,87.12979242979243,-2.3260683760683762,1023.7499999999999,762026320501217,443.871286,f4bd492d49a55f95d068920878f607ebab3d78de3037cac587eee8b62a58e278,16380,450.709857,True,31,45
59.75943672559973,50476af6,939,1.5110816716425657,762026323174555,0.0,True,True,50476af6,1025,762026330630421,-4.309279609279609,81.30653235653236,-1.7254578754578755,1023.7499999999999,762026774520934,443.890513,a72f96d30d2e31822456320ef9d9c96db329a4328b99ae8a8492cc452b74caf9,16380,451.346379,True,31,48
60.18725270998166,45e46263,940,1.2073878406352887,762026777585981,0.0,True,True,45e46263,1025,762026784613057,-4.601648351648351,87.81147741147741,-2.5394993894993894,1023.7499999999999,762027228509231,443.896174,1cef4570bf84c7362b4375a67d6d209ade7b0be26fccf91aed12d6b384915aea,16380,450.92325,True,30,45
53.03800825480313,8a21fb1e,941,0.6826796996307243,762027231117465,0.0,True,True,8a21fb1e,1025,762027238596115,-3.637179487179487,72.07435897435897,-2.4098290598290597,1023.7499999999999,762027682510793,443.914678,873bfe18653ca120ce9598593ddedc6bb4ef1aadf0d9caedb4c4cfed61a987de,16380,451.393328,True,26,43
55.17581715022191,ea3486fb,942,0.5441591420375333,762027685083861,0.0,True,True,ea3486fb,1025,762027692631681,-4.536691086691087,84.86318681318681,-3.0175824175824175,1023.7499999999999,762028136518808,443.887127,e6793c2d37ef60d873d7fc38835559aff297bda95289d8b9697369c29f4a8aee,16380,451.434947,True,29,43
8724.445563587476,44fb1070,943,1.0266213551469767,762028139307493,0.0,True,True,44fb1070,1025,762028146641178,-5.567155067155067,8761.432905982905,-2.4482905982905985,1023.7499999999999,762028590430010,443.788832,4764248980f508a1b0ff4b5851b6be9c7ac4a560c844a5c3379b28928b34b4f2,16380,451.122517,True,434,630
766.6743197278912,8837209b,944,-15.555666249552937,762028593642505,0.0,True,True,8837209b,1025,762028600625629,-5.192490842490843,797.0873015873016,-1.8576923076923078,1023.7499999999999,762029044528385,443.902756,8d113a0ce9e416d102b673a46525d5fd48ca73d4b3e570e8bc3b39c34ed4d46a,16380,450.88588,True,146,222
56.10115166952163,d9de9b18,945,0.5688699258779515,762029047093858,0.0,True,True,d9de9b18,1025,762029054708725,-4.244261294261294,80.95482295482296,-2.6153235653235654,1023.7499999999999,762029498527032,443.818307,6973a29ac3b70a142dbb84ca9e0cf8a1852e112dc66a1f2f59c75922f7035a51,16380,451.433174,True,29,44
151.74201692927883,d73cdf68,946,1.396024055117333,762029501013035,0.0,True,True,d73cdf68,1025,762029508638752,-5.124664224664224,184.07148962148963,-2.4631868131868133,1023.7499999999999,762029952532522,443.89377,4bb097e851234d481784059392f91e526296d244371f5b31e991bf466c7486a6,16380,451.519487,True,61,95
83951.28057843255,8c4a727e,947,-3.7508392130193524,762029956150192,0.026312576312576313,True,True,8c4a727e,1025,762029963643398,-3.4893772893772894,83974.4481074481,-3.3153846153846156,1023.7499999999999,762030407542808,443.89941,8388c9ee96e4a06ddf266cf9e1f13f52674e05310a01481adcd6e665949e54cc,16380,451.392616,True,561,784
54.6124970406747,aaada3d3,948,0.47431749494965986,762030410368653,0.0,True,True,aaada3d3,1025,762030417665590,-3.9674603174603176,78.53046398046398,-2.8595848595848596,1023.7499999999999,762030861543149,443.877559,69c948b9fb12d60841248275ffe7304a90dec9ae62080205289d485f8de7cc30,16380,451.174496,True,27,43
25735.817649468296,f79190ab,949,-11.020142869488861,762030864136915,0.006043956043956044,True,True,f79190ab,1025,762030871652164,-3.6012820512820514,25757.70757020757,-2.986752136752137,1023.7499999999999,762031315560140,443.907976,64254a396108840845390603330319fa3b2acbc3dcad573dcf25a4f9c2052e68,16380,451.423225,True,429,551
51.23825809416469,b3b7eded,950,0.34997039347737136,762031318134180,0.0,True,True,b3b7eded,1025,762031325683402,-3.7686813186813186,71.50579975579976,-2.4626373626373628,1023.7499999999999,762031769557885,443.874483,a2f765caec2a66bdae5d175659e7fca99abaed401f86b5e3e79c659676559787,16380,451.423705,True,26,41
58.68601429943005,c944e3e4,951,1.122568533322172,762031772402857,0.0,True,True,c944e3e4,1025,762031779733617,-4.314224664224664,88.82619047619048,-3.395238095238095,1023.7499999999999,762032223570639,443.837022,edc541946dbf7d6e0a724d28af555c1b8e2012ce5a13f362b70c06e476ba8e7f,16380,451.167782,True,28,43
55.129415358078354,b4127f17,952,0.33472174483953654,762032226125212,0.0,True,True,b4127f17,1025,762032233692949,-3.9613553113553115,80.18766788766789,-3.06037851037851,1023.7499999999999,762032677571691,443.878742,b2ae4777cf27d60c3a2427f6479785ca750ce8083fb710215f4ae2478053a417,16380,451.446479,True,29,46
56.26276141203797,8ad18c66,953,1.5210147948555601,762032680521400,0.0,True,True,8ad18c66,1025,762032687775875,-4.236324786324786,83.57026862026862,-3.0595848595848594,1023.7499999999999,762033131585997,443.810122,4233896493b351c7fc89aaba4e69835c6a7036014a3c3b96681f41eaafb008a2,16380,451.064597,True,28,43
19175.0765788075,86431743,954,-13.961806111988704,762033134273251,0.0009462759462759463,True,True,86431743,1025,762033141760306,-4.503235653235653,19202.37271062271,-2.648962148962149,1023.7499999999999,762033585596677,443.836371,a20b153e902d85d542400269b448014398bd1399330610c56b3f43a821126e80,16380,451.323426,True,540,850
7916.739182614971,263af1df,955,0.44524240135558824,762033589162088,0.0,True,True,263af1df,1025,762033596874549,-4.933821733821734,7948.721367521368,-2.763980463980464,1023.7499999999999,762034040593158,443.718609,e785a13557d3c1c48cf7f2e926110f0fac7b02c91f6814d269ebd1115cad6f71,16380,451.43107,True,416,608
800.5428162564608,e95c7c2c,956,-21.00653342863803,762034043324184,0.0,True,True,e95c7c2c,1025,762034050775552,-4.444017094017094,829.1494505494505,-2.976129426129426,1023.7499999999999,762034494585573,443.810021,7306b18e3b579e488b8571ae59d1c72cdb457c14c0c13365a4aa5958bc0bc5b7,16380,451.261389,True,147,232
25616.789024838952,62576944,957,1.112892637422741,762034497242299,0.0056776556776556774,True,True,62576944,1025,762034504752748,-4.278510378510378,25640.235775335776,-2.2673992673992673,1023.7499999999999,762034948595512,443.842764,cc7cadb14d9f48fc10bd8e46dcf5d4f548f13117a4964db0a6addaf17dc2b548,16380,451.353213,True,441,584
54.41722041084678,1159c7f0,958,0.5836360277348295,762034951340775,0.0,True,True,1159c7f0,1025,762034958723683,-3.849084249084249,70.76373626373626,-1.2373626373626374,1023.7499999999999,762035402599178,443.875495,07788aa8f1d30d44f4936322d8934cf5b03e0fc536d737754e8b2610eaec7cdf,16380,451.258403,True,30,45
59.1167565794672,2b9753c2,959,0.719036103898244,762035406503600,0.0,True,True,2b9753c2,1025,762035413818099,-4.015873015873016,83.78266178266178,-2.922100122100122,1023.7499999999999,762035857628301,443.810202,cf6676f6ebce02aa76ed730472cf5802796a6b0b0a4dd6a901e542054eb106cd,16380,451.124701,True,29,51
81681.7738079398,21468c8f,960,-8.770830594723913,762035860917250,0.0,True,True,21468c8f,1025,762035868775406,-5.351159951159951,81720.69761904761,-3.207631257631258,1023.7499999999999,762036312622277,443.846871,344634dfe6063014484b789e944f34e3f7d90cf82601bb62f54277fade13a0ab,16380,451.705027,True,533,867
26204.448590164753,30bd403e,961,-20.146298833011784,762036315389582,0.006623931623931624,True,True,30bd403e,1025,762036322738877,-4.1672161172161175,26224.057326007325,-1.4976800976800977,1023.7499999999999,762036766614022,443.875145,9e424fed990dbb0ffcba88bd429eb10a9dd139fdccefd5bd42955a597fa736ee,16380,451.22444,True,442,554
22287.536223446205,7fbbb1de,962,-12.289753304085743,762036770191095,0.0,True,True,7fbbb1de,1025,762036777797065,-5.132905982905983,22319.980952380953,-2.4694139194139195,1023.7499999999999,762037221598159,443.801094,c5b63cf7a3b389aa7e6b1b1fc70c7333bf5446b2cb692d8bf382d495aa6529cd,16380,451.407064,True,330,529
27546.283421069507,ead0d0f3,963,-10.931927092457553,762037224441968,0.008333333333333333,True,True,ead0d0f3,1025,762037231775323,-4.349084249084249,27571.085836385835,-2.4264957264957263,1023.7499999999999,762037675627094,443.851771,73b7afe881d4968ab35b63add2427a9fc16a4ec599b775e6af991fd586fbb77f,16380,451.185126,True,405,521
59.89144900717245,d59bce06,964,0.9335561788697571,762037678437330,0.0,True,True,d59bce06,1025,762037685754103,-3.7214285714285715,79.1564713064713,-2.3272283272283274,1023.7499999999999,762038129625340,443.871237,8c15130766de210b84cb097b0c968a10e8b7434d881c0e97f1490275c9dcce0f,16380,451.18801,True,29,48
61.56770718631524,4ee870dc,965,1.3678161680925813,762038132404297,0.0,True,True,4ee870dc,1025,762038139695072,-4.838339438339438,89.80757020757021,-2.197802197802198,1023.7499999999999,762038583632303,443.937231,1c8a30bdd1c90977050ff7da49590375a93d455026c35d25494e816c984accbf,16380,451.228006,True,31,47
52.23295342156148,06570dc1,966,1.1631292891359053,762038586165296,0.0,True,True,06570dc1,1025,762038593706573,-3.5545787545787544,72.62954822954823,-2.785958485958486,1023.7499999999999,762039037661609,443.955036,701cfe92f63341804b8d93bb53c58e84626123cbb2b5eaa524fb2692c0930bd7,16380,451.496313,True,29,46
63.399869543697385,344d9930,967,0.8893736789502105,762039041710503,0.0,True,True,344d9930,1025,762039049756944,-3.1307081807081807,83.35347985347985,-3.186263736263736,1023.7499999999999,762039493653028,443.896084,bc0373ffa684b160718b5fd882c6f3d205b8cf456c32490f71209c4ba8d3451a,16380,451.942525,True,31,47
60.375322562730986,a05cdd48,968,1.4182549472368222,762039496221978,0.0,True,True,a05cdd48,1025,762039503680169,-3.533943833943834,77.31752136752137,-2.1103174603174604,1023.7499999999999,762039947686191,444.006022,a8e3f331a6f72f313520fdb3cd07d2985c7107fe09a50b591ab22aa2225c4b38,16380,451.464213,True,30,47
53.70565549800898,cd8cfe1a,969,0.4606253137825512,762039951415021,0.0,True,True,cd8cfe1a,1025,762039958688012,-3.6322954822954823,72.09139194139195,-2.2786324786324785,1023.7499999999999,762040402672403,443.984391,cb96d455c968d8031c3ae636e6801b2d4be2f603ad5576de7a7750494bc3647e,16380,451.257382,True,27,45
50.504891619369644,60e4db3a,970,0.9849092250323827,762040405371438,0.0,True,True,60e4db3a,1025,762040412666671,-3.775091575091575,73.89188034188034,-3.0225274725274724,1023.7499999999999,762040856671591,444.00492,8617185cc94aef1f4f1686e8fed7d6ccabc70a5152fa7c5111e3c67b035aa95d,16380,451.300153,True,28,43
61873.48672747447,34d00a6c,971,-5.880289916984491,762040859288842,0.02020757020757021,True,True,34d00a6c,1025,762040866654799,-3.9294261294261292,61895.77661782662,-2.617155067155067,1023.7499999999999,762041310650571,443.995772,d90292118cfa804d26ef1c67d018c42674a263c640c657f117a82a1f3671aaba,16380,451.361729,True,558,843
56.4279206677192,a372c182,972,0.4772883177823143,762041313266871,0.0,True,True,a372c182,1025,762041320675698,-3.413247863247863,72.93296703296703,-2.2033577533577535,1023.7499999999999,762041764689475,444.013777,ffe4646a2f5705da3cfd417b8800f5e4efe6e122304aadaa354050386cdc739b,16380,451.422604,True,31,44
56.86963193671069,8e64f3e1,973,0.30858069516234066,762041768400070,0.0,True,True,8e64f3e1,1025,762041775835979,-4.776312576312576,82.73717948717949,-1.7476800976800977,1023.7499999999999,762042219687790,443.851811,36558f0d7e2056cf1703e38ba00b8fc8e2f3d01c5377e8d3669237ecfe8d9e69,16380,451.28772,True,29,47
57.242580874558904,130e70d2,974,0.08476978246647962,762042223472705,0.0,True,True,130e70d2,1025,762042230771405,-4.472527472527473,85.41562881562882,-2.8582417582417583,1023.7499999999999,762042674686125,443.91472,22616432f6ca41e5f1060eb117928eab364db0460ab27dee3dc8f63badc24b70,16380,451.21342,True,28,44
59.393245712705415,be8672a3,975,0.6570563701680383,762042677522540,0.0,True,True,be8672a3,1025,762042684700451,-3.862026862026862,83.0629426129426,-2.958791208791209,1023.7499999999999,762043128706734,444.006283,0bf3d9cbf4e97566f05abab44f64f000e74f43a4eaf31545864e52cf937a7cfb,16380,451.184194,True,30,47
54785.40911303729,7a58f6e7,976,-7.488558948451349,762043131963793,0.007631257631257631,True,True,7a58f6e7,1025,762043139649423,-4.956288156288156,54817.97264957265,-2.8282051282051284,1023.7499999999999,762043583722331,444.072908,d644b6581517bc8065a8f4615a4ba9fdbcf143407c902f3780d05bba145429b4,16380,451.758538,True,578,955
53.85993111555383,616e9515,977,0.6926197570681953,762043586773371,0.0,True,True,616e9515,1025,762043594765169,-4.348778998778998,81.22612942612943,-2.9076312576312575,1023.7499999999999,762044038721027,443.955858,0780ed6687e2503fb2bcc0ab7b26e84f4fdff4cf84043df2e306ec450f350855,16380,451.947656,True,28,41
62.41488550690932,ed037d59,978,0.7443213937826825,762044042712342,0.0,True,True,ed037d59,1025,762044050640119,-4.222039072039072,84.76404151404151,-2.126862026862027,1023.7499999999999,762044494686447,444.046328,de5cb9d2c1d49658007cbe2b0dab64b2fcba3e2ee9dd49a762644c61b3c192c4,16380,451.974105,True,32,49
381085.9816803526,1e291b9d,979,-0.6035434971342719,762044497858967,0.13635531135531134,True,True,1e291b9d,1025,762044505607496,-3.5067765567765568,381107.46361416363,-3.0305860805860805,1023.7499999999999,762044949742561,444.135065,7fcb453ee78b5ae455334dddc2a7e67f8cbc2c196733b5a55caca4b10253e955,16380,451.883594,True,585,764
56.40660821812836,c1baa503,980,1.01140835816899,762044953769264,0.0,True,True,c1baa503,1025,762044961607983,-4.506410256410256,81.35628815628816,-2.1545177045177044,1023.7499999999999,762045405707411,444.099428,5965b291f5381389f47feb4deaef1c1a47525a6ab090643ae7ebcbd432391591,16380,451.938147,True,31,46
59.273509219379186,82aed8e9,981,1.5390907560997145,762045409692094,0.0,True,True,82aed8e9,1025,762045417558505,-3.9852258852258853,79.8534188034188,-2.1674603174603173,1023.7499999999999,762045861737424,444.178919,68938d79ed4679e8330800abb3d7b035478e7e01f9b1b80c9596d1f58456f1e4,16380,452.04533,True,30,45
3455.248974075714,2d836214,982,0.5934935625146194,762045864633572,0.00115995115995116,True,True,2d836214,1025,762045872638184,-4.195970695970696,3477.1409035409038,-2.0702075702075704,1023.7499999999999,762046316769132,444.130948,cb658e2a17170b74918057b08cd52597d23e322f4eb556b682ff1a18bdabb90e,16380,452.13556,True,106,145
49.75562672099302,93790eaf,983,0.7324910251911009,762046320869654,0.0,True,True,93790eaf,1025,762046328550745,-3.7103174603174605,68.98620268620269,-2.3375457875457877,1023.7499999999999,762046772766253,444.215508,7befa0e63374b1afc3cf525fe7d04304df061a2408705ec1d80852fd54597743,16380,451.896599,True,28,40
55.69308298708482,5300b67b,984,0.7620626323679027,762046776633464,0.0,True,True,5300b67b,1025,762046784589374,-4.117826617826617,80.40128205128205,-2.784188034188034,1023.7499999999999,762047228743426,444.154052,2d305be0a14b5d385e26f6b872a21134f13271efdbb2df73aaea9998d492a6d2,16380,452.109962,True,29,43
59.321580618879146,8a879318,985,0.6409547001270782,762047232736104,0.0,True,True,8a879318,1025,762047240642791,-4.082356532356532,83.79920634920634,-2.794993894993895,1023.7499999999999,762047684757208,444.114417,8ca5ae1a864facd9bd04524fd72980838db3942644e9935be968d086ba358237,16380,452.021104,True,30,47
56.2960396288693,2690d47a,986,0.845392799799861,762047687806786,0.0,True,True,2690d47a,1025,762047695544304,-3.392124542124542,76.03083028083029,-2.8684981684981685,1023.7499999999999,762048139743060,444.198756,dd4b9b13114c1c8a3084b44e10bbb6b734b15805eed3c62776dbd7998a96490a,16380,451.936274,True,28,43
690.9157794616862,67093352,987,-18.50536517083596,762048142883078,0.0,True,True,67093352,1025,762048150613412,-4.208241758241758,712.6397435897436,-2.0036630036630036,1023.7499999999999,762048594794605,444.181193,3bf6afc3f9300e54397c50ad3f4f8cc1496b8858fa400f148cfca62c7846fd33,16380,451.911527,True,150,224
45722.82302360305,4cf591b5,988,-13.456527212032594,762048598692735,0.001984126984126984,True,True,4cf591b5,1025,762048606608289,-4.82997557997558,45752.17155067155,-2.4535409035409037,1023.7499999999999,762049050792468,444.184179,8c45db404cb8166a70a0a90a597857d3f9c3653a92ff02e27aa9d387cf8bcd22,16380,452.099733,True,582,972
102230.68835185336,dcc2941b,989,-6.9476875579136,762049054104040,0.02909035409035409,True,True,dcc2941b,1025,762049061589151,-5.365689865689865,102265.87234432234,-2.5285103785103784,1023.7499999999999,762049505745156,444.156005,0ab4196d7be8eb39c1c33af49025b6ca4c856a809341d4b4cfc05bac7a94dec4,16380,451.641116,True,581,984
57.444614605649406,b444004a,990,0.7518867255375281,762049509160284,0.0,True,True,b444004a,1025,762049516705539,-3.911233211233211,76.79798534798535,-2.013858363858364,1023.7499999999999,762049960825437,444.119898,a0a9e80237ca37c60523f658d59c78aeb8dcef1db99e9965bce0d5872d77d8d6,16380,451.665153,True,28,45
54.30360875930473,b4575c19,991,-0.0041049655241339675,762049964052910,0.0,True,True,b4575c19,1025,762049971640665,-4.144871794871795,79.54078144078144,-2.8385225885225887,1023.7499999999999,762050414882695,443.24203,8d8429bdbd028c7adc6d2edfd481ec69f88d7273164302421e33deb55754fe24,16380,450.829785,True,27,42
23610.06229397282,a7ed8dbc,992,5.649922415423287,762050417917314,0.0032661782661782663,True,True,a7ed8dbc,1025,762050425617973,-4.0697802197802195,23631.018498168498,-2.095970695970696,1023.7499999999999,762050869778627,444.160654,17b60ab0b403f6f3eb4a209c10ea6698923ad364578dc671e3114860e1c11133,16380,451.861313,True,471,624
62.4670131015369,98c788de,993,0.9434303914721085,762050873615962,0.0,True,True,98c788de,1025,762050881588854,-4.1933455433455435,84.0070818070818,-1.988949938949939,1023.7499999999999,762051324861582,443.272728,b0c353da5de9faf3baac61f24224e8f7b97a07e8bbee09715c2bbcb82cd8258b,16380,451.24562,True,31,49
26340.926415336464,85cc95fb,994,9.784242043895473,762051327665606,0.0064407814407814405,True,True,85cc95fb,1025,762051334917207,-3.7457264957264957,26359.20934065934,-2.062148962148962,1023.7499999999999,762051778867163,443.949956,79dd6f2b4532d419d9f77f412b96a07f68489ea93286aa1091d4f0b5e8f5ffcc,16380,451.201557,True,427,547
162.64608442873094,55153e8a,995,19.711696815367667,762051781510684,0.0,True,True,55153e8a,1025,762051788941122,-4.962271062271062,195.6508547008547,-2.894932844932845,1023.7499999999999,762052232902530,443.961408,42e6077541a8e62071cd67ae56c858aef62197b0ec080778b7f45daec9af0dec,16380,451.391846,True,63,100
113493.19580021796,ce10674e,996,-8.07911916126569,762052236624908,0.003937728937728938,True,True,ce10674e,1025,762052243972861,-5.424786324786325,113534.85445665446,-3.497191697191697,1023.7499999999999,762052687901667,443.928806,771ef8d2d140e771b67c71416c2e6b0e9f8fb2eb0e8c0ae38806a5be42303eb1,16380,451.276759,True,577,985
256574.2361741477,99e075f1,997,-1.9003722602427375,762052690463434,0.07606837606837606,True,True,99e075f1,1025,762052697917116,-4.890354090354091,256617.17954822956,-4.362087912087912,1023.7499999999999,762053141874186,443.95707,de58eb04937e5b198c2e7c10828dc0e7816e6b446bb16dbf46a0d85db19c2d97,16380,451.410752,True,585,961
26843.918685575038,24133927,998,-0.4845626239158376,762053144864151,0.007326007326007326,True,True,24133927,1025,762053151935862,-5.146336996336997,26877.393650793652,-2.643894993894994,1023.7499999999999,762053595890638,443.954776,7368ec8409cc4f05c288f7977693b233e46e2384ef3933fd089741c8a60866e8,16380,451.026487,True,424,525
157738.82769280713,e178fccb,999,-7.814665900182929,762053598730669,0.05048840048840049,True,True,e178fccb,1025,762053605965178,-3.033150183150183,157750.46971916972,-1.5626984126984127,1023.7499999999999,762054049909013,443.943835,5898362668b08e8c50db96f21878cc5a6b1deb005b5796b8968b80c4a65b1302,16380,451.178344,True,585,990
47.95518790597545,65903a05,1000,0.6301448337227872,762054053657790,0.0,True,True,65903a05,1025,762054060956800,-4.834493284493284,74.14798534798535,-1.6794261294261295,1023.7499999999999,762054504900766,443.943966,7b3d0db554007e63e20d7a081fce0219a6f0163c1930adc395888c2cd553ad59,16380,451.242976,True,24,38
62.68639628347504,29f1aef3,1001,1.7494395995230256,762054508351641,0.0,True,True,29f1aef3,1025,762054514992318,-4.184004884004884,83.89310134310135,-1.9237484737484738,1023.7499999999999,762054958911827,443.919509,b182448792acd4803d620e4bd0ae23a91de296c30d264cfc6dc6a6b2fb62198a,16380,450.560186,True,31,46
56.16855392606308,d30ba8a7,1002,0.8394484140828797,762054961830327,0.0,True,True,d30ba8a7,1025,762054968981879,-4.478876678876679,78.21978021978022,-1.410989010989011,1023.7499999999999,762055412900246,443.918367,05c61afd62b4cfc8ca37679f9d8dd01636dbd756d2b820247f68265c243a1652,16380,451.069919,True,27,42
71.91444481715544,93b41075,1003,-4.025003738849077,762055415767850,0.0,True,True,93b41075,1025,762055422986338,-5.234676434676435,101.53089133089134,-1.4881562881562882,1023.7499999999999,762055866929843,443.943505,54b4ab471af9adfbc990cd3c6b1e121a7dbe784f828dce40a69ab7c6d337c4c3,16380,451.161993,True,34,57
23091.631117484467,3e29b798,1004,5.036037999216257,762055871172222,0.0028693528693528696,True,True,3e29b798,1025,762055877981528,-4.721062271062271,23119.099755799754,-2.276007326007326,1023.7499999999999,762056321928309,443.946781,687c04ded7214fbba971c0922f0e4993c6f8518f36385b6f953db9277b1e13c2,16380,450.756087,True,473,630
31368.388118074094,f1b7a486,1005,-4.348961133875423,762056324977004,0.008455433455433455,True,True,f1b7a486,1025,762056331997509,-4.282844932844933,31389.907020757022,-1.7821733821733823,1023.7499999999999,762056775951804,443.954295,7080fc3fcf125d104c62161611eb121799a6b93722101cea0e0c2e9198ff3124,16380,450.9748,True,503,689
54.21246410793113,1dc280e8,1006,0.9542711690544008,762056778815180,0.0,True,True,1dc280e8,1025,762056786017477,-4.853113553113553,84.08772893772894,-2.5144688644688644,1023.7499999999999,762057229913773,443.896296,276b13480acbd83de98d8b14adb18aee57c02b5810179462bbe4851cdb0af396,16380,451.098593,True,28,43
874.7896012551415,da86b192,1007,-4.819356264442504,762057232725060,0.0,True,True,da86b192,1025,762057240104222,-4.221916971916972,898.3087301587302,-2.3863247863247863,1023.7499999999999,762057683951845,443.847623,5f912d3b3fd4e427b4019ee4eac54449aa7c8baffba3fc07eb42d85e66fe3a4d,16380,451.226785,True,159,248
26246.299557170885,5130a58e,1008,2.1301317103390884,762057687750587,0.0057692307692307696,True,True,5130a58e,1025,762057695065838,-5.345054945054945,26282.16147741148,-2.7004273504273506,1023.7499999999999,762058138936575,443.870737,c39339c0c644444f7882ab54486b83d441ae911a0ce8046de83f1892d14f2feb,16380,451.185988,True,422,541
55.879468122773986,577cc5b2,1009,1.1672382505586747,762058141890662,0.0,True,True,577cc5b2,1025,762058149074224,-4.819169719169719,88.49371184371185,-3.0642857142857145,1023.7499999999999,762058592954910,443.880686,6623eaa4a929e8e2c1ef6deca316d1668603f00a0bef0b25b47e8d72c64c5ef0,16380,451.064248,True,30,44
