kind,sequence,sample_index,samples_processed,ffts,flags,gain_code,crc32,received_relative_seconds,minimum_power_code,maximum_power_code,mean_power_code
spectrum,0,19360,4096,8,8,28,e0a49f3a,0.02193947695195675,2,106,36.6796875
spectrum,1,1856320,4096,8,8,60,f77edc33,0.04507788899354637,4,108,37.390625
spectrum,2,3615680,4096,8,8,60,abfb7895,0.0659480249742046,5,111,41.0234375
spectrum,3,5375440,4096,8,8,60,25b0c517,0.08829215599689633,2,93,34.37890625
spectrum,4,7136000,4096,8,8,60,751e8391,0.11087012989446521,8,131,43.44921875
spectrum,5,8895680,4096,8,8,53,d0783eb9,0.13289696094579995,1,133,37.015625
spectrum,6,10735680,4096,8,8,72,126f7ea7,0.155130703933537,7,129,45.6015625
spectrum,7,12495440,4096,8,8,60,2f6b4e50,0.1769920929800719,8,130,49.400390625
spectrum,8,14255440,4096,8,8,61,a4f54116,0.19992250192444772,1,91,34.10546875
spectrum,9,16015680,4096,8,8,61,bc8026d7,0.22195679799187928,2,128,38.353515625
spectrum,10,17775680,4096,8,8,35,6c825c44,0.2439524409128353,0,105,36.9765625
spectrum,11,19535680,4096,8,8,60,ebcb4cfb,0.2657849059905857,3,103,38.21484375
spectrum,12,21375680,4096,8,8,37,7379cf01,0.2880440059816465,1,107,38.494140625
spectrum,13,23135440,4096,8,8,60,0e827cfa,0.31100545392837375,1,104,38.09375
spectrum,14,24896000,4096,8,8,54,e8acc591,0.332129449932836,5,135,38.70703125
spectrum,15,26656000,4096,8,8,60,bf12a53e,0.354631288908422,0,95,35.0546875
spectrum,16,28415680,4096,8,8,61,c25cf617,0.37647540599573404,4,89,35.4453125
spectrum,17,30175680,4096,8,8,60,c200baaa,0.39826301496941596,4,88,33.9140625
spectrum,18,31935680,4096,8,8,40,81ec7126,0.42098884796723723,4,115,36.404296875
spectrum,19,33775680,4096,8,8,59,4715ef8e,0.44391902699135244,0,92,34.701171875
spectrum,20,35535680,4096,8,8,60,ea569cad,0.4649947009747848,12,144,68.890625
spectrum,21,37295440,4096,8,8,35,eee567c0,0.4869639939861372,6,132,51.251953125
spectrum,22,39055440,4096,8,8,60,dd8a9923,0.509935590904206,0,103,34.9765625
spectrum,23,40815680,4096,8,8,58,04aaaa91,0.5319422949105501,35,145,70.494140625
spectrum,24,42655680,4096,8,8,57,52a17406,0.5549686059821397,2,103,36.703125
spectrum,25,44416000,4096,8,8,62,857ba2dc,0.5760078609455377,3,98,34.578125
spectrum,26,46175440,4096,8,8,62,7d027c39,0.6002591359429061,4,102,37.322265625
spectrum,27,47951200,4096,8,8,40,7fcfeade,0.6213781629921868,3,119,36.720703125
spectrum,28,49775680,4096,8,8,61,5db7fae9,0.6431031739339232,4,87,33.357421875
spectrum,29,51536000,4096,8,8,60,da0cd19c,0.6650934969075024,12,137,58.642578125
spectrum,30,53295680,4096,8,8,38,6f7d8276,0.6869956828886643,16,135,60.34765625
spectrum,31,55055680,4096,8,8,60,47440d30,0.7090361409354955,4,112,39.96484375
spectrum,32,56815680,4096,8,8,59,fa837f44,0.7319009359925985,5,126,42.578125
spectrum,33,58575680,4096,8,8,37,9e1c5760,0.753978032968007,1,113,40.107421875
spectrum,34,60335680,4096,8,8,37,0f43964a,0.7749730949290097,14,144,65.546875
spectrum,35,62095440,4096,8,8,35,5cfb57bb,0.7969886149512604,3,129,42.263671875
spectrum,36,63855440,4096,8,8,60,f8fd7651,0.8199149169959128,3,110,39.57421875
spectrum,37,65616000,4096,8,8,63,759b5cca,0.8419689500005916,0,111,39.0078125
spectrum,38,67375680,4096,8,8,35,4fac3b3b,0.8639850309118629,4,116,39.640625
spectrum,39,69135680,4096,8,8,35,96dc5851,0.8849623999558389,4,132,39.048828125
spectrum,40,70895440,4096,8,8,35,76b78eeb,0.9069454988930374,4,132,41.166015625
spectrum,41,72656000,4096,8,8,35,94056c0f,0.9290929189883173,3,112,38.373046875
spectrum,42,74415680,4096,8,8,59,3fd50ae4,0.9519085809588432,4,131,40.298828125
spectrum,43,76175680,4096,8,8,59,13dbd9dc,0.9730717109050602,0,112,38.283203125
spectrum,44,77935440,4096,8,8,33,a4749fbb,0.9949626059969887,0,133,39.646484375
spectrum,45,79695440,4096,8,8,33,8f673b03,1.0179589199833572,5,129,41.533203125
spectrum,46,81455680,4096,8,8,63,1dcef53c,1.0389536009170115,4,119,41.40625
spectrum,47,83215440,4096,8,8,35,dfa1d008,1.0619225029367954,17,141,70.490234375
spectrum,48,85055680,4096,8,8,35,93525a3a,1.0839721879456192,4,111,39.037109375
spectrum,49,86815440,4096,8,8,34,9853ff7c,1.106889591901563,7,132,42.818359375
spectrum,50,88576000,4096,8,8,35,a59d9a6b,1.128910171915777,0,114,37.859375
spectrum,51,90335680,4096,8,8,35,85f5ab7f,1.15092297794763,1,112,38.580078125
spectrum,52,92096000,4096,8,8,35,3f1586c4,1.1721054539084435,4,127,38.126953125
spectrum,53,93855440,4096,8,8,35,38603241,1.1940078609623015,4,117,41.482421875
spectrum,54,95615440,4096,8,8,35,5f09b876,1.2159834859194234,1,112,37.826171875
spectrum,55,97376000,4096,8,8,33,9bc6a196,1.239000187953934,4,115,37.619140625
spectrum,56,99215680,4096,8,8,35,68358be5,1.2619838679675013,4,118,37.88671875
spectrum,57,100975680,4096,8,8,35,f9656744,1.2829628689214587,5,113,38.509765625
spectrum,58,102735440,4096,8,8,60,bf50b64a,1.304971546982415,6,132,41.29296875
spectrum,59,104495440,4096,8,8,34,c451ae21,1.3277118569239974,29,143,74.111328125
spectrum,60,106335680,4096,8,8,60,faeffc66,1.3500291269738227,0,126,39.044921875
spectrum,61,108095440,4096,8,8,34,d91899c4,1.3732806229963899,4,130,38.462890625
spectrum,62,109856000,4096,8,8,36,b3c7d1ff,1.3939960269490257,4,112,37.787109375
spectrum,63,111615440,4096,8,8,35,d85422a8,1.416160638909787,4,112,38.34765625
spectrum,64,113375440,4096,8,8,60,e6dde3b6,1.4390950159868225,0,117,38.1328125
spectrum,65,115215680,4096,8,8,36,812d3eb9,1.4610224399948493,4,114,38.275390625
spectrum,66,116976000,4096,8,8,59,5d4b0e1c,1.483143559889868,4,113,38.58203125
spectrum,67,118735680,4096,8,8,36,799b9a18,1.5053983218967915,2,134,38.587890625
spectrum,68,120495680,4096,8,8,36,c931fa8c,1.5279638819629326,11,142,67.44140625
spectrum,69,122255680,4096,8,8,35,716ef8d4,1.5493585489457473,9,133,54.83984375
spectrum,70,124015440,4096,8,8,60,0178ffe2,1.5730231559136882,9,132,51.96484375
spectrum,71,125775680,4096,8,8,61,efde8858,1.5963444239459932,2,111,39.369140625
spectrum,72,127535440,4096,8,8,35,01e3b7d4,1.6150609799660742,4,111,38.623046875
spectrum,73,129295440,4096,8,8,29,5e002acf,1.6379266469739377,8,132,47.974609375
spectrum,74,131056000,4096,8,8,33,83f7a768,1.6600323179736733,4,113,39.90625
spectrum,75,132815680,4096,8,8,33,fd456545,1.6819367778953165,4,132,40.470703125
spectrum,76,134575680,4096,8,8,34,8778d293,1.7030834569595754,2,114,39.9140625
spectrum,77,136335440,4096,8,8,33,077d5aa8,1.7250580999534577,2,113,39.564453125
spectrum,78,138096320,4096,8,8,35,aba02c63,1.7483114599017426,4,132,40.46875
spectrum,79,139855680,4096,8,8,35,46cde9b1,1.76918855891563,1,113,40.1171875
spectrum,80,141616000,4096,8,8,35,1ba7ffe5,1.7913414189824834,4,114,39.0
spectrum,81,143375680,4096,8,8,62,7b0857b6,1.8143187368987128,5,111,39.0703125
spectrum,82,145135680,4096,8,8,36,be505c70,1.8359550099121407,8,131,53.685546875
spectrum,83,146895680,4096,8,8,35,c00c3836,1.8573032699059695,4,133,39.126953125
spectrum,84,148735440,4096,8,8,34,6f390265,1.8800256559625268,4,115,39.81640625
spectrum,85,150495440,4096,8,8,34,16fc27f2,1.9020302359713241,12,143,63.830078125
spectrum,86,152255440,4096,8,8,34,0ea8bd14,1.9239941589767113,11,119,65.455078125
spectrum,87,154015440,4096,8,8,34,a9dcfe38,1.9469935179222375,8,147,67.21875
spectrum,88,155776320,4096,8,8,34,409b9637,1.9690094499383122,4,132,41.52734375
spectrum,89,157536000,4096,8,8,34,8af33852,1.9909435359295458,3,114,38.587890625
spectrum,90,159295680,4096,8,8,35,dcd3eb6a,2.016418973915279,4,131,40.783203125
spectrum,91,161055680,4096,8,8,33,df51c1b3,2.0343772378982976,4,114,38.6953125
spectrum,92,162816000,4096,8,8,32,f4d5647a,2.059178441995755,3,129,35.68359375
spectrum,93,164575680,4096,8,8,58,671ab513,2.0790699489880353,5,112,39.76953125
spectrum,94,166335680,4096,8,8,32,4257f0e3,2.1000521869864315,19,146,69.25
spectrum,95,168095440,4096,8,8,32,c2fbbc1d,2.122047929908149,22,138,66.650390625
spectrum,96,169855440,4096,8,8,60,d8a3569c,2.144030748982914,4,115,39.51953125
spectrum,97,171615440,4096,8,8,33,c14d36d8,2.1673772839130834,2,119,39.177734375
spectrum,98,173375440,4096,8,8,33,b305c78e,2.189027644926682,1,124,38.828125
spectrum,99,175216000,4096,8,8,32,0f1ad8cb,2.2119524729205295,4,131,39.568359375
spectrum,100,176975680,4096,8,8,32,69cad402,2.237338142003864,2,113,38.6640625
spectrum,101,178735440,4096,8,8,32,d4b713ae,2.257176417973824,2,120,36.328125
spectrum,102,180575680,4096,8,8,36,135b3342,2.2781599789159372,0,114,39.29296875
spectrum,103,182336320,4096,8,8,33,830fe106,2.301020285929553,6,124,41.78125
spectrum,104,184095680,4096,8,8,70,f9c257bd,2.322022089967504,23,139,72.6328125
spectrum,105,185855440,4096,8,8,33,a7aee7ba,2.3440498639829457,14,111,59.09375
spectrum,106,187616000,4096,8,8,38,16b4ef79,2.3669653149554506,0,113,38.83984375
spectrum,107,189375680,4096,8,8,34,96ba2438,2.3890436239307746,2,115,38.53515625
spectrum,108,191215680,4096,8,8,34,13bcb032,2.4110321529442444,4,114,38.96484375
spectrum,109,192975440,4096,8,8,33,a2ef72d0,2.433736785897054,1,114,39.095703125
spectrum,110,194735440,4096,8,8,33,38f4c71a,2.456456616986543,1,113,38.34375
spectrum,111,196496000,4096,8,8,34,e0a01839,2.4781710889656097,5,130,40.447265625
spectrum,112,198255440,4096,8,8,34,3cbd9824,2.500026636989787,1,112,38.822265625
spectrum,113,200015680,4096,8,8,34,6b4c6059,2.5210327199893072,5,114,38.03125
spectrum,114,201775440,4096,8,8,35,7e41c255,2.5430724259931594,0,113,38.560546875
spectrum,115,203535440,4096,8,8,60,80114fb3,2.5659633909817785,3,110,38.48828125
spectrum,116,205295680,4096,8,8,35,7fe153f8,2.5869874379131943,2,131,37.94921875
spectrum,117,207056000,4096,8,8,37,dfa683cd,2.6095652509247884,3,114,38.576171875
spectrum,118,208815680,4096,8,8,60,6f0c3b45,2.631093048956245,3,113,38.13671875
spectrum,119,210575680,4096,8,8,34,20f3bc25,2.6531836319481954,3,112,38.712890625
spectrum,120,212415680,4096,8,8,60,6bdaa9a4,2.676047464949079,4,111,39.177734375
spectrum,121,214175440,4096,8,8,35,db428be3,2.6980220979312435,2,116,37.1171875
spectrum,122,215935440,4096,8,8,35,5aa01cdb,2.720982233993709,3,114,38.203125
spectrum,123,217696000,4096,8,8,34,7d52857c,2.7421374178957194,4,126,38.841796875
spectrum,124,219455440,4096,8,8,34,915f5396,2.765039122896269,3,119,36.845703125
spectrum,125,221295680,4096,8,8,31,5c2cd8b4,2.789731150958687,0,120,37.3125
spectrum,126,223055680,4096,8,8,32,bdf36dba,2.8100317309144884,4,115,38.787109375
spectrum,127,224815680,4096,8,8,34,244064bb,2.8310335059650242,4,113,38.240234375
spectrum,128,226575440,4096,8,8,35,f42b28a6,2.853055007988587,7,116,38.912109375
spectrum,129,228336000,4096,8,8,33,5ed52fde,2.877309358911589,16,143,69.7890625
spectrum,130,230095680,4096,8,8,32,52dbd59f,2.8980123489163816,14,138,64.361328125
spectrum,131,231855680,4096,8,8,34,1385499c,2.9190246739890426,4,113,39.13671875
spectrum,132,233615440,4096,8,8,62,00d83f8d,2.941027609980665,0,111,39.517578125
spectrum,133,235375440,4096,8,8,34,c4ecdbd7,2.965339118964039,1,111,39.517578125
spectrum,134,237136000,4096,8,8,60,0dfe14fa,2.985985522973351,1,114,38.2109375
spectrum,135,238895680,4096,8,8,33,d9d8fa2a,3.0079662170028314,5,116,40.58203125
spectrum,136,240655680,4096,8,8,34,7ee8b2e4,3.028977128909901,4,114,37.80078125
spectrum,137,242415440,4096,8,8,34,f8cc7598,3.051051280926913,11,115,62.205078125
spectrum,138,244175440,4096,8,8,34,9757dacf,3.0739992229500785,5,114,39.31640625
spectrum,139,245935680,4096,8,8,33,eb00ccc7,3.0950494488934055,5,121,40.919921875
spectrum,140,247695440,4096,8,8,33,e3790f4a,3.118007229990326,4,108,38.810546875
spectrum,141,249535680,4096,8,8,60,53829fb6,3.1400949569651857,4,130,37.099609375
spectrum,142,251295440,4096,8,8,61,a42deaf5,3.16204347088933,14,147,56.0625
spectrum,143,253056000,4096,8,8,59,28a0f693,3.1848775879479945,3,107,36.01953125
spectrum,144,254895680,4096,8,8,60,ae36d5df,3.2099098688922822,5,126,37.234375
spectrum,145,256656000,4096,8,8,61,a50a3830,3.2291212609270588,0,115,40.4609375
spectrum,146,258416000,4096,8,8,63,f7f5b389,3.251750800991431,4,115,37.048828125
spectrum,147,260175680,4096,8,8,61,de9e19a5,3.27401046291925,4,118,41.830078125
spectrum,148,261935680,4096,8,8,60,adff9aa1,3.295962593983859,4,109,36.380859375
spectrum,149,263695680,4096,8,8,35,08f5bc9e,3.318005265900865,5,113,40.92578125
spectrum,150,265455680,4096,8,8,61,97668cce,3.340000236988999,5,100,36.4609375
spectrum,151,267215680,4096,8,8,60,2495a473,3.3620324889197946,5,113,36.33203125
spectrum,152,268975680,4096,8,8,60,f0bc3702,3.384157166001387,4,126,34.91796875
spectrum,153,270815680,4096,8,8,60,67a0d00b,3.407508550910279,3,97,34.396484375
spectrum,154,272576000,4096,8,8,63,ab248659,3.4280515279388055,2,103,37.205078125
spectrum,155,274335680,4096,8,8,60,acdfed6f,3.450360262999311,2,101,36.359375
spectrum,156,276095680,4096,8,8,61,fd71f62b,3.472176666953601,15,144,68.970703125
spectrum,157,277856000,4096,8,8,61,f0a44a2d,3.4949523539980873,3,113,39.228515625
spectrum,158,279615680,4096,8,8,60,e7c15a36,3.5169945949455723,11,129,57.83203125
spectrum,159,281375680,4096,8,8,60,17d57b45,3.5383230269653723,3,87,34.7578125
spectrum,160,283135680,4096,8,8,60,106e0da9,3.560063537908718,25,133,62.337890625
spectrum,161,284895440,4096,8,8,61,f840935a,3.583023812971078,4,129,41.3671875
spectrum,162,286735680,4096,8,8,30,9be2a951,3.607123301946558,4,129,39.724609375
spectrum,163,288575680,4096,8,8,62,3e0af8df,3.629004708956927,6,132,46.263671875
spectrum,164,290335680,4096,8,8,61,6c331344,3.650013346923515,0,103,40.064453125
spectrum,165,292095440,4096,8,8,60,27785576,3.673410036950372,25,144,68.271484375
spectrum,166,293855680,4096,8,8,63,3dc3619e,3.695001024985686,5,103,38.611328125
spectrum,167,295615680,4096,8,8,61,bdb37b65,3.7162177559221163,2,97,36.90234375
spectrum,168,297455680,4096,8,8,62,1a855317,3.739023178932257,4,107,38.333984375
spectrum,169,299215440,4096,8,8,60,002ed8ea,3.762227635947056,0,87,34.4609375
spectrum,170,300975440,4096,8,8,61,f877b9a8,3.7840064999181777,6,113,42.994140625
spectrum,171,302736000,4096,8,8,59,6f16ef56,3.8060689389239997,2,107,36.814453125
spectrum,172,304495680,4096,8,8,60,91099517,3.8279932469595224,1,127,39.1875
spectrum,173,306255680,4096,8,8,60,5b6a41ba,3.8504895359510556,4,125,36.541015625
spectrum,174,308015440,4096,8,8,59,50026653,3.8709441969403997,4,107,38.443359375
spectrum,175,309775440,4096,8,8,60,7c1ead44,3.8940535839647055,7,129,42.28515625
spectrum,176,311535680,4096,8,8,59,875dfbe8,3.916329165920615,0,111,37.28125
spectrum,177,313296000,4096,8,8,60,bfa81d1e,3.9370632849168032,4,88,34.876953125
spectrum,178,315055440,4096,8,8,61,3c1de6bf,3.9626200170023367,4,111,37.59375
spectrum,179,316815680,4096,8,8,59,27313ebf,3.9840245629893616,0,84,34.15234375
spectrum,180,318656000,4096,8,8,36,aabe0c63,4.004980139899999,1,122,35.470703125
spectrum,181,320496320,4096,8,8,60,a8323e0e,4.028046205989085,3,94,34.365234375
spectrum,182,322255680,4096,8,8,61,950a0f32,4.050548355909996,3,110,39.39453125
spectrum,183,324015440,4096,8,8,59,3116841f,4.07097691798117,4,98,37.62109375
spectrum,184,325775440,4096,8,8,72,d277d410,4.0931821869453415,3,107,39.767578125
spectrum,185,327535680,4096,8,8,63,a74915f3,4.116017084917985,1,119,36.74609375
spectrum,186,329295680,4096,8,8,60,c8e97a71,4.1380838729674,4,110,40.65234375
spectrum,187,331055680,4096,8,8,60,e99ee3d3,4.158991038915701,3,91,34.080078125
spectrum,188,332815440,4096,8,8,58,75c1b3e1,4.18100641889032,4,88,33.98828125
spectrum,189,334575440,4096,8,8,60,2413974d,4.20405621395912,3,117,38.591796875
spectrum,190,336416000,4096,8,8,62,8ed8c8a8,4.22605662595015,2,114,40.1171875
spectrum,191,338175680,4096,8,8,60,949d41e7,4.24824336997699,5,88,34.09765625
spectrum,192,340015440,4096,8,8,59,898a4ed8,4.272649917984381,3,85,33.462890625
spectrum,193,341776000,4096,8,8,60,39f63130,4.2933183329878375,1,104,36.69140625
spectrum,194,343535680,4096,8,8,63,f43ab86d,4.3159841019660234,1,106,38.416015625
spectrum,195,345295680,4096,8,8,72,cf816b47,4.3385965009219944,9,118,47.658203125
spectrum,196,347055680,4096,8,8,72,8a2d0c6a,4.359016495989636,1,104,37.201171875
spectrum,197,348815440,4096,8,8,61,94e741bb,4.381852175923996,4,100,35.0390625
spectrum,198,350575440,4096,8,8,62,1f2afc46,4.404139619902708,4,115,51.388671875
spectrum,199,352416000,4096,8,8,62,75bc36f9,4.426022269995883,2,93,35.990234375
spectrum,200,354175440,4096,8,8,33,760f241b,4.448472270974889,4,132,42.30859375
spectrum,201,355935680,4096,8,8,60,97b57c47,4.469940747949295,4,108,37.9921875
spectrum,202,357695440,4096,8,8,63,51f02263,4.492004198953509,4,97,35.724609375
spectrum,203,359456000,4096,8,8,36,b930abf0,4.515101823955774,3,110,38.60546875
spectrum,204,361295680,4096,8,8,62,902ec46d,4.538101473939605,4,127,42.375
spectrum,205,363056000,4096,8,8,35,0096cab4,4.558988652890548,5,119,39.689453125
spectrum,206,364815440,4096,8,8,59,3655b062,4.581065388978459,4,93,34.451171875
spectrum,207,366575440,4096,8,8,59,4d69374c,4.604739162954502,3,113,38.30859375
spectrum,208,368415680,4096,8,8,37,4677e5ef,4.626998974941671,6,129,42.689453125
spectrum,209,370175680,4096,8,8,60,7f59e952,4.6482292409054935,4,133,39.16796875
spectrum,210,371935680,4096,8,8,24,7a7c94a1,4.670308100990951,3,113,38.708984375
spectrum,211,373695440,4096,8,8,60,0a57e0af,4.692084339912981,19,137,63.24609375
spectrum,212,375455440,4096,8,8,63,ec92f87c,4.714224795927294,5,108,38.8046875
spectrum,213,377215680,4096,8,8,37,48a1c728,4.736166526912712,4,110,37.935546875
spectrum,214,378975680,4096,8,8,61,db2b824d,4.762828507926315,3,108,38.896484375
spectrum,215,380735440,4096,8,8,60,03d6e2a0,4.780062582925893,4,103,38.84375
spectrum,216,382495440,4096,8,8,63,51e29cf2,4.8035027359146625,12,134,63.916015625
spectrum,217,384256320,4096,8,8,34,245e17c4,4.824987703002989,9,121,47.220703125
spectrum,218,386095680,4096,8,8,62,eda86a28,4.847206888953224,3,114,40.609375
spectrum,219,387855680,4096,8,8,61,cf48210d,4.869697656948119,2,86,33.662109375
spectrum,220,389615680,4096,8,8,60,bd5a9c82,4.8911655829288065,4,89,33.4765625
spectrum,221,391375440,4096,8,8,37,22a43f47,4.9131810629041865,5,112,40.6484375
spectrum,222,393135680,4096,8,8,60,2b46f630,4.935978911933489,3,111,34.94140625
spectrum,223,394895680,4096,8,8,60,e4e28d63,4.957204268896021,2,104,37.548828125
spectrum,224,396655680,4096,8,8,60,d0b2cc4e,4.979174133972265,1,87,34.439453125
spectrum,225,398415680,4096,8,8,60,402a0f93,5.000984986894764,2,105,36.39453125
spectrum,226,400175440,4096,8,8,32,20081ff4,5.023232014966197,4,127,40.384765625
spectrum,227,401936000,4096,8,8,62,4e0c4a15,5.045026076957583,4,106,40.38671875
spectrum,228,403775680,4096,8,8,32,be66de0e,5.068052126909606,4,109,36.9921875
spectrum,229,405535440,4096,8,8,61,cd7f2ae3,5.090305636986159,3,103,36.435546875
spectrum,230,407295440,4096,8,8,60,20f30e09,5.112978028948419,13,153,64.109375
spectrum,231,409056000,4096,8,8,59,87c49aa4,5.134205319918692,0,106,35.6953125
spectrum,232,410815680,4096,8,8,36,02e1239c,5.156173019902781,4,103,36.49609375
spectrum,233,412575680,4096,8,8,61,7784e611,5.178954777889885,3,107,38.951171875
spectrum,234,414335680,4096,8,8,62,8e0eaf63,5.200019551906735,4,93,34.79296875
spectrum,235,416095440,4096,8,8,61,9aa5584d,5.223070218926296,0,117,37.890625
spectrum,236,417936000,4096,8,8,37,06ba8394,5.24596839689184,5,119,38.05078125
spectrum,237,419776000,4096,8,8,63,f1844064,5.268050262937322,1,94,33.974609375
spectrum,238,421535440,4096,8,8,63,a13bfd06,5.290560688939877,3,110,37.515625
spectrum,239,423295440,4096,8,8,62,992325b1,5.312069150968455,1,107,39.380859375
spectrum,240,425056000,4096,8,8,61,8ee14175,5.334989039925858,1,101,37.1328125
spectrum,241,426816000,4096,8,8,61,9f4b041e,5.356232441961765,0,104,37.51171875
spectrum,242,428575680,4096,8,8,72,265ae2bf,5.378011895925738,0,125,44.974609375
spectrum,243,430335440,4096,8,8,72,fd9776ac,5.400242191972211,5,122,49.52734375
spectrum,244,432095440,4096,8,8,62,f61c5b08,5.4231369339395314,3,133,42.5703125
spectrum,245,433935680,4096,8,8,61,dffd8db2,5.445186538971029,3,107,36.4140625
spectrum,246,435695680,4096,8,8,61,74d59e7b,5.467201387975365,5,104,40.19921875
spectrum,247,437455680,4096,8,8,62,f0532151,5.488974059931934,4,90,34.884765625
spectrum,248,439215440,4096,8,8,62,460c1275,5.51097487192601,0,103,37.75390625
spectrum,249,440975440,4096,8,8,62,689379be,5.533198475954123,8,136,42.865234375
spectrum,250,442735680,4096,8,8,61,0c8a9b6d,5.555116401985288,2,100,37.3671875
spectrum,251,444496000,4096,8,8,61,755b21e9,5.577486712951213,0,94,35.1796875
spectrum,252,446335680,4096,8,8,59,62bbef67,5.600034949951805,4,100,38.763671875
spectrum,253,448095680,4096,8,8,59,15279b3c,5.622311983956024,3,106,37.5859375
spectrum,254,449856000,4096,8,8,35,b437e263,5.644987501902506,3,118,35.91796875
spectrum,255,451695680,4096,8,8,61,d25737bb,5.667369975941256,4,102,36.83984375
spectrum,256,453455680,4096,8,8,59,91bb03e9,5.689070039894432,2,114,39.51171875
spectrum,257,455215440,4096,8,8,61,2686d8aa,5.7110471279593185,0,101,35.638671875
spectrum,258,456975440,4096,8,8,62,b046ac05,5.733182895928621,0,97,36.265625
spectrum,259,458735680,4096,8,8,60,27e24ef1,5.755231648916379,3,90,34.60546875
spectrum,260,460495680,4096,8,8,62,30a68c63,5.77718513191212,0,102,38.50390625
spectrum,261,462255680,4096,8,8,36,2673f1d3,5.799626327003352,4,104,37.94140625
spectrum,262,464015440,4096,8,8,62,3640bd97,5.821033838903531,2,95,35.39453125
spectrum,263,465776320,4096,8,8,34,ef9003ab,5.843224900891073,4,110,36.00390625
spectrum,264,467616000,4096,8,8,60,d09d43e6,5.86700467497576,8,120,50.01953125
spectrum,265,469376000,4096,8,8,60,2b576711,5.888005467946641,3,104,36.517578125
spectrum,266,471135440,4096,8,8,60,4e20772b,5.909986243001185,5,116,42.09375
spectrum,267,472895440,4096,8,8,60,5fc7f7d8,5.932191451895051,4,103,33.646484375
spectrum,268,474655680,4096,8,8,61,61440884,5.9541834079427645,0,105,36.576171875
spectrum,269,476415680,4096,8,8,61,dc93ce31,5.977108656894416,4,98,37.46875
spectrum,270,478255680,4096,8,8,72,2be3d27d,5.999089671997353,4,125,44.84375
spectrum,271,480015440,4096,8,8,63,14dadab8,6.021031242911704,4,93,35.986328125
spectrum,272,481775440,4096,8,8,61,071717f9,6.044107978930697,0,115,36.322265625
spectrum,273,483615680,4096,8,8,61,346e6bb3,6.0660418649204075,4,95,34.849609375
spectrum,274,485376000,4096,8,8,61,7af67a06,6.0884116649394855,0,97,34.025390625
spectrum,275,487135680,4096,8,8,60,277b5891,6.110109734931029,4,123,48.31640625
spectrum,276,488895680,4096,8,8,64,c2ba30f0,6.132091371924616,6,108,41.123046875
spectrum,277,490656000,4096,8,8,61,f1edd650,6.155042129918002,3,111,36.349609375
spectrum,278,492415680,4096,8,8,60,235631b3,6.176236858940683,3,107,41.44140625
spectrum,279,494175680,4096,8,8,60,51a3f1b0,6.199371774913743,4,114,40.044921875
spectrum,280,495935440,4096,8,8,62,9748bd2c,6.220026394003071,2,96,34.15234375
spectrum,281,497696000,4096,8,8,63,7cab6d2e,6.2430107849650085,1,111,37.37890625
spectrum,282,499535680,4096,8,8,61,beda0251,6.265190184931271,0,107,37.888671875
spectrum,283,501295680,4096,8,8,61,1ac4cb15,6.2880443698959425,4,108,38.5390625
spectrum,284,503055680,4096,8,8,15,ec676c27,6.308962867944501,3,109,38.048828125
spectrum,285,504815440,4096,8,8,60,f75c3ef9,6.331213361932896,4,89,35.509765625
spectrum,286,506575680,4096,8,8,63,f124f503,6.353217941941693,3,111,37.640625
spectrum,287,508336000,4096,8,8,59,7b452cad,6.378163298941217,12,116,67.234375
spectrum,288,510175680,4096,8,8,63,f676e4f6,6.398086725967005,2,91,35.8671875
spectrum,289,511935440,4096,8,8,60,4f51e6c2,6.419972550938837,2,90,34.7421875
spectrum,290,513695440,4096,8,8,63,6d40cf61,6.44230770599097,2,87,35.115234375
spectrum,291,515462800,4096,8,8,59,6ecde61e,6.464976199902594,4,104,36.97265625
spectrum,292,517215680,4096,8,8,60,3600f144,6.486226303968579,4,87,34.642578125
spectrum,293,518975680,4096,8,8,64,9ca9a13d,6.508059199899435,1,95,36.908203125
spectrum,294,520735440,4096,8,8,61,49a86936,6.529982705949806,3,90,34.8828125
spectrum,295,522495440,4096,8,8,64,cf205530,6.5521815629908815,4,96,35.572265625
spectrum,296,524255680,4096,8,8,60,a07ac26a,6.574194868910126,2,101,36.66015625
spectrum,297,526015680,4096,8,8,61,dbd78eac,6.59807494294364,4,108,38.26171875
spectrum,298,527775680,4096,8,8,63,db246fa4,6.618054616963491,4,101,37.93359375
spectrum,299,529535440,4096,8,8,61,4b41dd08,6.640111274900846,1,90,34.716796875
spectrum,300,531296640,4096,8,8,36,ba042d52,6.663243745919317,2,119,38.158203125
spectrum,301,533055680,4096,8,8,61,ac0d68d7,6.684120093937963,4,105,37.349609375
spectrum,302,534816000,4096,8,8,60,3dd5dadc,6.706441291957162,5,101,35.89453125
spectrum,303,536575680,4096,8,8,62,ef8dd759,6.728049061959609,4,104,36.869140625
spectrum,304,538335680,4096,8,8,63,f9302f35,6.7502323989756405,3,94,35.953125
spectrum,305,540095680,4096,8,8,62,e229597f,6.772205859888345,1,109,40.470703125
spectrum,306,541855680,4096,8,8,60,3ee76318,6.795081745949574,2,106,36.78515625
spectrum,307,543615680,4096,8,8,61,c0926b2e,6.816052482929081,0,121,40.642578125
spectrum,308,545375440,4096,8,8,61,2d782e18,6.838242071913555,4,124,43.806640625
spectrum,309,547135440,4096,8,8,72,621b663d,6.860243285889737,0,110,39.189453125
spectrum,310,548895680,4096,8,8,30,684e1f70,6.883010896970518,0,104,36.146484375
spectrum,311,550656000,4096,8,8,61,57e8d654,6.905240892898291,4,100,34.037109375
spectrum,312,552495680,4096,8,8,61,16ff8f66,6.927243037964217,4,116,38.052734375
spectrum,313,554256000,4096,8,8,15,ef878297,6.949440301978029,4,114,39.775390625
spectrum,314,556016000,4096,8,8,60,6a470f47,6.9720288049429655,4,104,36.0859375
spectrum,315,557775680,4096,8,8,62,1dac6eaa,6.993216490955092,3,90,35.287109375
spectrum,316,559535680,4096,8,8,60,42bdab6d,7.015161317889579,0,94,33.849609375
spectrum,317,561296000,4096,8,8,59,960fc1bf,7.037110322969966,5,109,38.783203125
spectrum,318,563055680,4096,8,8,63,22e1932e,7.061548060970381,4,108,38.138671875
spectrum,319,564895680,4096,8,8,60,ef0238d4,7.08301661699079,4,99,35.22265625
spectrum,320,566735680,4096,8,8,61,c36ec339,7.105218419921584,0,88,34.353515625
spectrum,321,568495680,4096,8,8,60,a795c78a,7.127015276928432,2,118,41.109375
spectrum,322,570255440,4096,8,8,72,f3e347ce,7.152311576995999,5,120,43.81640625
spectrum,323,572015680,4096,8,8,72,0b215af9,7.171229283907451,5,114,41.931640625
spectrum,324,573855680,4096,8,8,61,b2acd168,7.194091914920136,16,119,68.779296875
spectrum,325,575616320,4096,8,8,60,e7bbac3c,7.215988901909441,0,96,34.1953125
spectrum,326,577375680,4096,8,8,62,560181aa,7.238027645973489,4,104,36.681640625
spectrum,327,579135680,4096,8,8,62,01a8449b,7.260090455994941,1,91,35.267578125
spectrum,328,580896000,4096,8,8,34,eb57157a,7.283085225964896,0,115,37.783203125
spectrum,329,582735680,4096,8,8,36,a3fcdcea,7.305290304939263,2,110,38.076171875
spectrum,330,584495680,4096,8,8,62,0cf1b883,7.327085368917324,4,91,35.484375
spectrum,331,586255440,4096,8,8,62,7ce4d57b,7.349016709951684,4,90,35.169921875
spectrum,332,588015440,4096,8,8,72,d8fbdbd4,7.371607437962666,3,117,41.451171875
spectrum,333,589775680,4096,8,8,61,89e332a1,7.393261644989252,0,107,36.515625
spectrum,334,591535680,4096,8,8,61,1525d9c5,7.417631394928321,4,99,33.939453125
spectrum,335,593295680,4096,8,8,62,e6026fb9,7.437012827955186,1,93,36.80859375
spectrum,336,595055440,4096,8,8,62,d77b11b8,7.459053715923801,2,103,37.154296875
spectrum,337,596815440,4096,8,8,61,86c78076,7.485418103984557,0,119,36.71484375
spectrum,338,598656000,4096,8,8,60,56b8566c,7.506936945952475,4,115,41.1015625
spectrum,339,600416000,4096,8,8,62,750c3b77,7.526110686943866,4,121,45.943359375
spectrum,340,602175680,4096,8,8,60,694ff159,7.5480344239622355,4,109,38.181640625
spectrum,341,603935440,4096,8,8,61,90b23879,7.5701164699858055,5,118,42.14453125
spectrum,342,605695680,4096,8,8,60,997b9d4e,7.5957092999015,4,104,36.18359375
spectrum,343,607455680,4096,8,8,60,48a2e1c8,7.6142589409137145,4,94,35.189453125
spectrum,344,609215680,4096,8,8,60,3bd89c5e,7.636026613996364,4,96,33.740234375
spectrum,345,610975440,4096,8,8,72,f2f8f7fb,7.658229197957553,2,110,37.513671875
spectrum,346,612735680,4096,8,8,63,017934fb,7.681160097941756,3,114,37.48046875
spectrum,347,614576000,4096,8,8,60,af665d95,7.703060890897177,4,109,37.30859375
spectrum,348,616416640,4096,8,8,59,e7dda3c9,7.7260835549095646,4,116,35.7734375
spectrum,349,618175680,4096,8,8,36,a6e161a5,7.748046605964191,2,105,37.8359375
spectrum,350,619935680,4096,8,8,62,65c2a33a,7.770039533963427,2,91,35.15234375
spectrum,351,621695680,4096,8,8,72,282cbd09,7.793136587948538,4,115,40.306640625
spectrum,352,623535680,4096,8,8,64,06b700c9,7.815216479939409,0,92,35.865234375
spectrum,353,625295680,4096,8,8,59,249ab385,7.837085122941062,3,98,34.005859375
spectrum,354,627055440,4096,8,8,60,f90ece57,7.861727937939577,4,115,39.787109375
spectrum,355,628815680,4096,8,8,72,f00f0e20,7.883525225915946,0,119,43.73828125
spectrum,356,630575680,4096,8,8,61,942d535f,7.903204962960444,4,109,36.97265625
spectrum,357,632335680,4096,8,8,61,44dd7fb3,7.928227765951306,4,96,33.919921875
spectrum,358,634175680,4096,8,8,62,770f725c,7.949109203997068,2,105,37.029296875
spectrum,359,636015680,4096,8,8,60,7458dca3,7.971038069925271,4,93,33.90234375
spectrum,360,637775440,4096,8,8,60,981d8ac5,7.993201429955661,1,88,34.091796875
spectrum,361,639536320,4096,8,8,60,5b5ac95a,8.015011832932942,5,93,33.48828125
spectrum,362,641295680,4096,8,8,72,131e7451,8.03703985689208,2,118,40.37890625
spectrum,363,643055440,4096,8,8,63,c1b13cb4,8.05953561491333,4,110,37.884765625
spectrum,364,644816000,4096,8,8,60,df5d861c,8.082014410989359,1,119,39.27734375
spectrum,365,646575680,4096,8,8,60,b083ab19,8.103285384946503,2,108,38.369140625
spectrum,366,648335680,4096,8,8,61,1b25cb94,8.125874738907441,0,107,37.12109375
spectrum,367,650095680,4096,8,8,62,6e421b5a,8.147233428899199,5,92,35.4921875
spectrum,368,651855680,4096,8,8,64,7c9d12d2,8.169204454985447,1,93,35.18359375
spectrum,369,653615440,4096,8,8,61,66c181a4,8.191285909968428,3,90,34.4921875
spectrum,370,655375680,4096,8,8,30,d68bd776,8.213218002929352,3,110,38.177734375
spectrum,371,657135680,4096,8,8,63,448069e0,8.235263048904017,5,118,40.953125
spectrum,372,658975680,4096,8,8,63,0e93f22e,8.258925972972065,4,93,35.96875
spectrum,373,660736000,4096,8,8,61,d68420c1,8.28005309496075,2,89,35.326171875
spectrum,374,662496000,4096,8,8,36,8e004a14,8.303245107992552,4,120,32.8984375
spectrum,375,664335680,4096,8,8,64,cd36e9c7,8.327717320993543,4,97,37.458984375
spectrum,376,666095680,4096,8,8,64,034b8fe4,8.346988645964302,3,96,35.62109375
spectrum,377,667855440,4096,8,8,62,a4971541,8.371585753979161,0,104,37.158203125
spectrum,378,669615680,4096,8,8,61,b46183ea,8.393300335970707,2,110,36.5546875
spectrum,379,671375680,4096,8,8,65,2c3b10a8,8.414222269901074,0,110,39.80078125
spectrum,380,673135680,4096,8,8,72,07877081,8.435106412973255,4,121,41.98828125
spectrum,381,674895680,4096,8,8,60,698a10da,8.458167167962529,0,96,34.16015625
spectrum,382,676655440,4096,8,8,61,c58ceaf6,8.479186115902849,2,87,34.244140625
spectrum,383,678415680,4096,8,8,60,3bb0c67d,8.502384320949204,4,116,41.662109375
spectrum,384,680255680,4096,8,8,61,21071515,8.524062794982456,4,96,33.537109375
spectrum,385,682016320,4096,8,8,60,a12162ea,8.546124662971124,4,91,33.671875
spectrum,386,683775680,4096,8,8,60,d90098d0,8.568030595895834,0,91,33.765625
spectrum,387,685535440,4096,8,8,61,d0d33660,8.590081252972595,5,95,35.02734375
spectrum,388,687296000,4096,8,8,35,829345a0,8.613116439897567,1,121,33.431640625
spectrum,389,689136000,4096,8,8,36,614783e0,8.636108695995063,10,120,68.7578125
spectrum,390,690975680,4096,8,8,63,281172e0,8.658094410900958,5,104,39.728515625
spectrum,391,692735440,4096,8,8,72,27c4d516,8.680019430001266,5,125,45.154296875
spectrum,392,694495440,4096,8,8,59,8b04f9c7,8.703101435909048,1,109,38.044921875
spectrum,393,696335680,4096,8,8,28,dc769365,8.726081919972785,4,107,37.8125
spectrum,394,698175680,4096,8,8,59,fe8ff560,8.748253564932384,4,93,35.138671875
spectrum,395,699936000,4096,8,8,35,250fd2a5,8.76999973692,3,110,38.0
spectrum,396,701775680,4096,8,8,62,62172156,8.793054921901785,4,108,37.26953125
spectrum,397,703536000,4096,8,8,60,f16da5f9,8.816022931947373,3,106,35.642578125
spectrum,398,705375680,4096,8,8,62,5b352281,8.838162456988357,4,111,40.3125
spectrum,399,707135680,4096,8,8,61,0b641eb3,8.860092124901712,0,87,34.8203125
spectrum,400,708895440,4096,8,8,62,058b3fe0,8.881973401992582,2,105,38.015625
spectrum,401,710655440,4096,8,8,60,2b719087,8.904219457996078,0,110,39.1328125
spectrum,402,712415680,4096,8,8,62,863d138f,8.926093961927108,3,106,36.82421875
spectrum,403,714175680,4096,8,8,62,71ecc879,8.948079805937596,2,103,37.7109375
spectrum,404,715935680,4096,8,8,63,63933553,8.97007765294984,4,105,37.36328125
spectrum,405,717695440,4096,8,8,61,09ec0498,8.992080349940807,1,109,39.59765625
spectrum,406,719455440,4096,8,8,61,fc838686,9.015009425929748,3,117,37.49609375
spectrum,407,721215680,4096,8,8,62,47cdad31,9.036111931898631,4,114,39.6015625
spectrum,408,722976640,4096,8,8,66,ecb20d86,9.058041939977556,3,91,35.64453125
spectrum,409,724735680,4096,8,8,60,00eec971,9.080088529968634,4,118,40.015625
spectrum,410,726495680,4096,8,8,60,b87c41e8,9.10208961297758,2,119,39.845703125
spectrum,411,728255680,4096,8,8,72,e31d911d,9.124649311997928,4,111,39.646484375
spectrum,412,730015680,4096,8,8,65,4365ef4d,9.147036473965272,3,106,39.7265625
spectrum,413,731855680,4096,8,8,61,4a45d426,9.169126385939308,0,89,34.447265625
spectrum,414,733615680,4096,8,8,36,db97e72a,9.191049030981958,4,106,37.7421875
spectrum,415,735375440,4096,8,8,57,a8bf8ec0,9.214025245979428,4,122,43.296875
spectrum,416,737215680,4096,8,8,59,7f54ac9e,9.237014285987243,4,110,38.390625
spectrum,417,739055680,4096,8,8,61,8dd03ccc,9.259059943957254,3,117,40.54296875
spectrum,418,740815680,4096,8,8,61,2d074e16,9.281164071988314,2,88,34.6328125
spectrum,419,742575440,4096,8,8,62,9ebbe943,9.302833888912573,3,88,35.3359375
spectrum,420,744336640,4096,8,8,61,702f9f80,9.325206644949503,0,89,34.646484375
spectrum,421,746095680,4096,8,8,62,de6024d5,9.347220381954685,3,88,34.771484375
spectrum,422,747855680,4096,8,8,60,cab22d90,9.36921709694434,2,122,41.80859375
spectrum,423,749615680,4096,8,8,61,9af1bdef,9.39080638193991,0,108,38.68359375
spectrum,424,751375440,4096,8,8,59,ade52b90,9.413283313973807,3,121,41.916015625
spectrum,425,753135680,4096,8,8,38,5bca695c,9.43604191893246,3,116,38.689453125
spectrum,426,754975680,4096,8,8,61,8251fe98,9.458091362961568,1,108,38.140625
spectrum,427,756735680,4096,8,8,61,bd84aa6c,9.480044004973024,4,115,42.025390625
spectrum,428,758495440,4096,8,8,60,388c9b4c,9.502117504947819,2,100,35.57421875
spectrum,429,760255440,4096,8,8,60,5b1cd118,9.52425364300143,4,116,41.478515625
spectrum,430,762017520,4096,8,8,61,007000cf,9.54618451395072,3,125,35.732421875
spectrum,431,763775440,4096,8,8,32,97cbe040,9.56806733389385,4,101,37.31640625
spectrum,432,765615680,4096,8,8,61,db83ec68,9.591044771950692,0,123,43.984375
spectrum,433,767375440,4096,8,8,59,4e796d00,9.61307461897377,2,118,40.9296875
spectrum,434,769136320,4096,8,8,38,b566b130,9.636045304941945,4,114,38.85546875
spectrum,435,770975680,4096,8,8,61,59a4853f,9.658095189952292,0,101,34.48046875
spectrum,436,772735680,4096,8,8,62,3a5107f3,9.680024527944624,2,93,35.310546875
spectrum,437,774495440,4096,8,8,60,04107dc7,9.702101233997382,4,97,34.912109375
spectrum,438,776255680,4096,8,8,60,a9e1e322,9.724075455917045,4,114,39.384765625
spectrum,439,778015680,4096,8,8,62,afdeefe0,9.746165757998824,0,110,38.494140625
spectrum,440,779775680,4096,8,8,61,1aedd3b3,9.76865399198141,0,98,36.619140625
spectrum,441,781535680,4096,8,8,64,433d93e1,9.790216255933046,0,94,36.509765625
spectrum,442,783295440,4096,8,8,61,be504ce3,9.812051545944996,2,94,36.169921875
spectrum,443,785055440,4096,8,8,64,6edc7dda,9.834319924004376,0,112,39.4296875
spectrum,444,786895680,4096,8,8,72,b446a8fa,9.859128591953777,5,122,45.45703125
spectrum,445,788656320,4096,8,8,62,7fc74c26,9.879111090907827,5,112,39.166015625
spectrum,446,790415680,4096,8,8,61,4fd7f0dc,9.901169171906076,1,102,34.498046875
spectrum,447,792175680,4096,8,8,61,4094155d,9.923334054998122,3,100,34.3828125
spectrum,448,793935680,4096,8,8,61,d041d929,9.945266047958285,2,106,36.517578125
spectrum,449,795695680,4096,8,8,72,ecda54f8,9.96731708489824,3,120,42.080078125
spectrum,450,797455680,4096,8,8,72,9eb9b950,9.989390955888666,4,124,41.8046875
spectrum,451,799215680,4096,8,8,63,9ec15d49,10.011122148949653,2,102,34.494140625
spectrum,452,800975680,4096,8,8,59,5e9fac09,10.03318174299784,4,104,37.0625
spectrum,453,802735680,4096,8,8,64,449fdfe0,10.055127020925283,4,112,36.0625
spectrum,454,804495680,4096,8,8,62,f0d48a26,10.077116721891798,0,109,37.224609375
spectrum,455,806255680,4096,8,8,63,8660ecf9,10.098942624987103,2,92,36.16015625
spectrum,456,808015440,4096,8,8,62,d0c4a315,10.12122843589168,1,105,36.8515625
spectrum,457,809775440,4096,8,8,32,a32ef84d,10.143279132898897,4,107,36.900390625
spectrum,458,811536320,4096,8,8,37,2e9524b9,10.165868507931009,4,105,37.111328125
spectrum,459,813295680,4096,8,8,61,109e0c5f,10.187065461999737,4,91,34.33984375
spectrum,460,815055440,4096,8,8,63,83a9d463,10.209094777936116,4,87,34.54296875
spectrum,461,816815440,4096,8,8,35,54e49464,10.2321823539678,4,107,38.158203125
spectrum,462,818576000,4096,8,8,60,0623118e,10.25328126293607,1,98,36.830078125
spectrum,463,820415680,4096,8,8,59,5a18b9c8,10.276300739962608,4,94,33.849609375
spectrum,464,822175680,4096,8,8,61,ff2cd712,10.298137141973712,4,118,39.8125
spectrum,465,823935440,4096,8,8,63,d4c7694f,10.324482123949565,5,100,38.951171875
spectrum,466,825695440,4096,8,8,63,60af7fbf,10.342671413905919,4,92,35.53515625
spectrum,467,827455680,4096,8,8,29,ef650cb9,10.36629049491603,1,104,36.416015625
spectrum,468,829295680,4096,8,8,33,fd08ea25,10.38828663888853,1,116,41.107421875
spectrum,469,831056000,4096,8,8,60,aca83842,10.41047191992402,4,91,34.63671875
spectrum,470,832815440,4096,8,8,61,7ee66ffe,10.431185870897025,4,89,34.681640625
spectrum,471,834576000,4096,8,8,35,0515d9df,10.455194356967695,0,119,39.37109375
spectrum,472,836415680,4096,8,8,61,be91dbf8,10.476139584905468,4,115,39.13671875
spectrum,473,838175680,4096,8,8,60,f6710080,10.49799024395179,5,119,38.142578125
spectrum,474,839936000,4096,8,8,61,39b903ce,10.520179312909022,2,87,34.19921875
spectrum,475,841695680,4096,8,8,64,896059a3,10.54596447700169,1,92,36.685546875
spectrum,476,843455680,4096,8,8,61,3bded25e,10.564107278943993,17,122,75.1953125
spectrum,477,845215680,4096,8,8,63,ee001eb7,10.586254387977533,4,106,37.162109375
spectrum,478,846975680,4096,8,8,64,9cf864d6,10.608135354937986,3,99,35.84375
spectrum,479,848735440,4096,8,8,62,f8fc50a9,10.630102613940835,7,114,44.05859375
spectrum,480,850575680,4096,8,8,72,f4806e4e,10.65414051595144,3,117,40.216796875
spectrum,481,852416000,4096,8,8,72,d1db0a0b,10.676320526981726,5,126,43.818359375
spectrum,482,854176000,4096,8,8,61,964ec6ae,10.697981807985343,2,102,34.375
spectrum,483,855935680,4096,8,8,61,1660e783,10.722087167901918,4,122,43.75390625
spectrum,484,857695680,4096,8,8,61,c387b1dd,10.742093871929683,3,100,34.689453125
spectrum,485,859455680,4096,8,8,61,e1e22ebb,10.764275827910751,2,104,36.470703125
spectrum,486,861215680,4096,8,8,60,78d51538,10.786143578938209,0,107,37.6484375
spectrum,487,862975680,4096,8,8,60,6c02e678,10.808094917912968,0,106,37.212890625
spectrum,488,864735440,4096,8,8,61,addcd484,10.830120917991735,4,91,35.501953125
spectrum,489,866496320,4096,8,8,72,afc4437d,10.853075432940386,2,115,39.1171875
spectrum,490,868335680,4096,8,8,60,cf6aa9a6,10.875114397960715,2,110,38.970703125
spectrum,491,870095680,4096,8,8,61,2b11cec7,10.897104449919425,0,95,35.001953125
spectrum,492,871935680,4096,8,8,63,8907cbf3,10.920137723907828,2,114,39.556640625
spectrum,493,873696000,4096,8,8,72,babd574a,10.94210701691918,0,118,41.6484375
spectrum,494,875456000,4096,8,8,59,17dd720f,10.964300663908944,0,102,34.171875
spectrum,495,877215680,4096,8,8,66,b256298d,10.986145120928995,4,98,39.0546875
spectrum,496,878975680,4096,8,8,62,109614fb,11.008106499910355,3,95,35.166015625
spectrum,497,880735440,4096,8,8,61,15d5fdea,11.030130575993098,4,93,34.59765625
spectrum,498,882495440,4096,8,8,72,a532dd4f,11.053129113977775,1,119,42.12890625
spectrum,499,884335680,4096,8,8,35,880d4655,11.077343839919195,27,143,75.158203125
spectrum,500,886175680,4096,8,8,62,6cad9ad1,11.098329103901051,5,108,38.62109375
spectrum,501,887935680,4096,8,8,59,03267fb1,11.120091485907324,4,98,34.162109375
spectrum,502,889695440,4096,8,8,61,0baa9832,11.142158623901196,5,92,35.138671875
spectrum,503,891455440,4096,8,8,62,22b1633f,11.164157843915746,3,94,34.4921875
spectrum,504,893295680,4096,8,8,61,9240d917,11.187878957949579,4,94,34.791015625
spectrum,505,895056320,4096,8,8,60,bb3b42cf,11.209119753912091,3,92,35.0546875
spectrum,506,896815680,4096,8,8,61,da97346d,11.231127579929307,1,94,34.64453125
spectrum,507,898575680,4096,8,8,37,8194d8fd,11.253147328970954,2,105,37.232421875
spectrum,508,900335680,4096,8,8,34,539f4d51,11.275331066921353,2,114,39.72265625
spectrum,509,902176320,4096,8,8,60,ec7668d7,11.299331898917444,0,105,36.962890625
spectrum,510,903935680,4096,8,8,60,6d214e30,11.320185583899729,0,87,34.0703125
spectrum,511,905695440,4096,8,8,60,920ba24f,11.343553669983521,4,125,43.71484375
spectrum,512,907455440,4096,8,8,63,165ac18b,11.364420359954238,3,90,36.341796875
spectrum,513,909215680,4096,8,8,72,53545d9b,11.38616433693096,5,107,38.8125
spectrum,514,910975680,4096,8,8,61,72c9a3fd,11.410016778972931,0,97,34.037109375
spectrum,515,912735680,4096,8,8,60,62356a24,11.429917853907682,5,95,35.6640625
spectrum,516,914496640,4096,8,8,61,04bfda7e,11.452415595995262,13,125,71.109375
spectrum,517,916255680,4096,8,8,60,c995ae7c,11.475298725999892,0,103,36.009765625
spectrum,518,918096320,4096,8,8,61,93083761,11.497203305945732,0,91,34.546875
spectrum,519,919855680,4096,8,8,27,7804a449,11.51911597198341,0,106,39.1484375
spectrum,520,921615440,4096,8,8,61,41a09b66,11.541162130888551,11,113,63.0390625
spectrum,521,923375440,4096,8,8,63,04a50d5b,11.563170398003422,0,103,40.296875
spectrum,522,925135680,4096,8,8,61,84686e74,11.58512115594931,4,106,38.81640625
spectrum,523,926895680,4096,8,8,72,7d513c3e,11.607189617003314,0,105,37.3515625
spectrum,524,928655440,4096,8,8,63,b4125ab0,11.629130535991862,4,114,38.58203125
spectrum,525,930415440,4096,8,8,62,f66f8c41,11.651536613935605,6,106,38.654296875
spectrum,526,932175440,4096,8,8,61,a1f3ba1f,11.674104378907941,4,117,37.060546875
spectrum,527,934015680,4096,8,8,30,3f71233a,11.696897507994436,4,105,37.05859375
spectrum,528,935856640,4096,8,8,61,54e78e6f,11.718994191964157,2,88,34.84765625
spectrum,529,937615680,4096,8,8,59,4e241a33,11.74128183699213,5,90,34.986328125
spectrum,530,939375440,4096,8,8,60,f1863922,11.7631445589941,4,95,34.076171875
spectrum,531,941135680,4096,8,8,60,e8588b4a,11.785385975963436,1,103,35.66796875
spectrum,532,942895680,4096,8,8,61,b1f5da29,11.809343525907025,4,105,40.14453125
spectrum,533,944655680,4096,8,8,64,cc79cd93,11.829299264936708,4,90,34.208984375
spectrum,534,946415440,4096,8,8,62,6d26261c,11.852826250949875,0,91,35.619140625
spectrum,535,948175440,4096,8,8,61,2254695f,11.873289798968472,5,113,39.40234375
spectrum,536,949935680,4096,8,8,35,9837cfe1,11.896176445996389,3,116,38.15234375
spectrum,537,951776000,4096,8,8,60,05884abc,11.918171116965823,0,107,37.6640625
spectrum,538,953535680,4096,8,8,60,ea911384,11.940101435990073,0,89,35.380859375
spectrum,539,955295440,4096,8,8,60,75b0b876,11.962143316981383,3,95,34.552734375
spectrum,540,957055440,4096,8,8,62,c7f818df,11.986134820966981,7,112,39.96484375
spectrum,541,958816000,4096,8,8,61,1d2d366c,12.006014204933308,4,111,39.31640625
spectrum,542,960576000,4096,8,8,60,28a4f8e4,12.028034704970196,5,93,36.5078125
spectrum,543,962335680,4096,8,8,64,74dc5cce,12.050122611923143,4,93,37.33203125
spectrum,544,964095680,4096,8,8,64,544130fa,12.072183237993158,4,89,35.296875
spectrum,545,965855680,4096,8,8,60,1eecdf8c,12.094193167984486,2,104,36.267578125
spectrum,546,967615680,4096,8,8,62,cd7d11b9,12.11754738795571,3,90,35.330078125
spectrum,547,969375680,4096,8,8,60,7c8ca515,12.138126263977028,4,124,44.50390625
spectrum,548,971135440,4096,8,8,62,9e7de2a6,12.160139780957252,3,103,36.732421875
spectrum,549,972895440,4096,8,8,61,f6faf516,12.182316495920531,0,96,34.45703125
spectrum,550,974655680,4096,8,8,62,f39380ba,12.204352634958923,1,113,35.787109375
spectrum,551,976415680,4096,8,8,61,6be24e33,12.226184137980454,1,92,33.9765625
spectrum,552,978255680,4096,8,8,61,b998c988,12.249693069956265,4,114,39.634765625
spectrum,553,980015440,4096,8,8,62,92a2d54c,12.271180662908591,5,115,39.529296875
spectrum,554,981775440,4096,8,8,72,747995c9,12.294096133904532,0,114,38.20703125
spectrum,555,983616320,4096,8,8,32,066541d0,12.315962963970378,2,112,35.873046875
spectrum,556,985375680,4096,8,8,60,1f2a45c0,12.338037375942804,3,90,34.41796875
spectrum,557,987135440,4096,8,8,72,515c4444,12.360248074983247,0,112,41.701171875
spectrum,558,988895440,4096,8,8,60,f36a7d71,12.382101909955963,2,112,39.505859375
spectrum,559,990655440,4096,8,8,60,565fb5b9,12.40419591893442,4,112,39.162109375
spectrum,560,992415680,4096,8,8,61,03949a09,12.426208794931881,7,113,51.892578125
spectrum,561,994175680,4096,8,8,60,bacf53f4,12.448256435920484,0,90,34.171875
spectrum,562,995935440,4096,8,8,63,c3061246,12.471296972944401,4,109,39.0546875
spectrum,563,997775680,4096,8,8,64,659bb212,12.494134626933374,2,118,37.130859375
spectrum,564,999615680,4096,8,8,35,b527a1e8,12.517118987976573,4,115,42.357421875
spectrum,565,1001456320,4096,8,8,60,69dfeb1f,12.539156660903245,2,109,38.37109375
spectrum,566,1003216000,4096,8,8,34,7e58daef,12.561186207924038,4,114,36.328125
spectrum,567,1004975680,4096,8,8,60,3e079275,12.583291276940145,4,106,37.681640625
spectrum,568,1006735680,4096,8,8,39,cd26c86f,12.605247946921736,4,114,38.865234375
spectrum,569,1008495680,4096,8,8,61,a91f3e63,12.627189286984503,2,105,39.01953125
spectrum,570,1010255680,4096,8,8,35,d0c18636,12.649105850956403,4,107,37.466796875
spectrum,571,1012015440,4096,8,8,61,aa767a4a,12.67111481889151,3,103,39.673828125
spectrum,572,1013775440,4096,8,8,61,013dea9c,12.694134416989982,0,110,36.4921875
spectrum,573,1015615680,4096,8,8,64,fe259ce2,12.716109430999495,1,107,37.990234375
spectrum,574,1017375680,4096,8,8,62,3f31290b,12.738113238941878,3,97,35.71875
spectrum,575,1019135680,4096,8,8,59,2fc2d065,12.760013891966082,4,121,43.611328125
spectrum,576,1020895440,4096,8,8,61,2e7f6a09,12.782162313931622,0,93,34.859375
spectrum,577,1022656000,4096,8,8,59,c7478d79,12.804193093907088,4,107,36.728515625
spectrum,578,1024415680,4096,8,8,72,8f5f4028,12.826323340996169,0,107,39.58203125
spectrum,579,1026176000,4096,8,8,60,87a441a5,12.848184789996594,2,87,34.00390625
spectrum,580,1027935680,4096,8,8,60,1d263ec3,12.870179591001943,1,122,43.052734375
spectrum,581,1029695680,4096,8,8,60,242333dd,12.892198237939738,4,120,43.625
spectrum,582,1031455680,4096,8,8,35,dfa6f271,12.915233554900624,0,115,38.61328125
spectrum,583,1033295680,4096,8,8,59,d8077ef9,12.937129058991559,2,95,33.625
spectrum,584,1035055680,4096,8,8,61,eda93e3f,12.960240770946257,4,88,34.75
spectrum,585,1036815440,4096,8,8,61,84ed3276,12.981220063986257,2,95,36.912109375
spectrum,586,1038576320,4096,8,8,60,e160bc02,13.00319794297684,1,93,33.775390625
spectrum,587,1040335680,4096,8,8,60,29ca5fc7,13.025201830896549,3,104,36.861328125
spectrum,588,1042175680,4096,8,8,61,fb74c72a,13.048122872947715,1,91,34.103515625
spectrum,589,1043936000,4096,8,8,61,2b1fe45c,13.070890594972298,2,87,34.38671875
spectrum,590,1045695440,4096,8,8,61,4b8c3ac9,13.092147792922333,4,87,34.19140625
spectrum,591,1047456320,4096,8,8,34,030275ca,13.115103539894335,3,118,36.55078125
spectrum,592,1049295680,4096,8,8,60,e15bac5b,13.13719272997696,0,113,34.03125
spectrum,593,1051055680,4096,8,8,60,4cbdfc15,13.15914763591718,0,108,37.3359375
spectrum,594,1052815440,4096,8,8,61,c6648979,13.181177222984843,5,87,34.6640625
spectrum,595,1054575440,4096,8,8,61,5c73f921,13.203191059990786,5,98,37.087890625
spectrum,596,1056335680,4096,8,8,62,9bfc0397,13.225326125975698,4,116,40.49609375
spectrum,597,1058175680,4096,8,8,72,383d73bd,13.248053982970305,1,116,38.404296875
spectrum,598,1059935680,4096,8,8,36,5467d9f4,13.270136208971962,10,127,52.240234375
spectrum,599,1061695440,4096,8,8,60,aa62e4fd,13.29197817191016,3,108,39.357421875
spectrum,600,1063455440,4096,8,8,62,570b558f,13.31512015091721,4,109,38.08203125
spectrum,601,1065296000,4096,8,8,60,05edc63f,13.337334066978656,1,112,36.93359375
spectrum,602,1067055680,4096,8,8,64,bf2343ba,13.359185105888173,3,91,35.962890625
spectrum,603,1068815680,4096,8,8,60,098ffe0b,13.381122097955085,3,121,43.154296875
spectrum,604,1070575440,4096,8,8,60,b579aa29,13.40313032490667,10,142,56.267578125
spectrum,605,1072336000,4096,8,8,60,6c74b6e7,13.425145985907875,1,108,35.939453125
spectrum,606,1074095680,4096,8,8,58,b95ad19d,13.44720456795767,4,109,38.73046875
spectrum,607,1075855680,4096,8,8,50,e3624efa,13.469108096905984,4,111,41.138671875
spectrum,608,1077615440,4096,8,8,62,18025256,13.49118789890781,2,123,42.37109375
spectrum,609,1079375440,4096,8,8,72,31b68a5c,13.513345617917366,4,118,41.384765625
spectrum,610,1081135680,4096,8,8,35,6013d250,13.536064687999897,1,117,39.451171875
spectrum,611,1082975680,4096,8,8,61,b0aa740b,13.558209542999975,5,134,42.234375
spectrum,612,1084815680,4096,8,8,61,a989bf80,13.581140793976374,1,88,34.873046875
spectrum,613,1086575440,4096,8,8,60,07b0304d,13.60406244697515,5,109,36.875
spectrum,614,1088335440,4096,8,8,32,76a28fca,13.625466350931674,5,115,40.40234375
spectrum,615,1090096320,4096,8,8,64,bf5c68ae,13.64713519695215,4,118,51.73046875
spectrum,616,1091855680,4096,8,8,62,b9640898,13.66920386790298,1,88,35.15234375
spectrum,617,1093615440,4096,8,8,62,fd2c5182,13.691166036995128,3,92,34.314453125
spectrum,618,1095375440,4096,8,8,60,14541d7d,13.713200974976644,1,104,39.25390625
spectrum,619,1097135680,4096,8,8,60,0b48f21d,13.735197318950668,4,105,36.830078125
spectrum,620,1098895680,4096,8,8,63,b4f3c29a,13.757220323896036,2,103,37.642578125
spectrum,621,1100655680,4096,8,8,60,dc459ba4,13.779186560888775,5,98,35.576171875
spectrum,622,1102415440,4096,8,8,61,f08decdb,13.80114092596341,2,88,34.5546875
spectrum,623,1104175440,4096,8,8,61,c90623a0,13.823324323981069,3,88,34.94921875
spectrum,624,1106015680,4096,8,8,30,c4562abd,13.846323332982138,2,107,38.353515625
spectrum,625,1107856000,4096,8,8,33,169782fe,13.870194879942574,0,111,38.9609375
spectrum,626,1109695680,4096,8,8,61,f31a633f,13.892169803963043,1,90,34.29296875
spectrum,627,1111455440,4096,8,8,60,98cf73e8,13.914218416903168,0,105,36.609375
spectrum,628,1113216320,4096,8,8,33,b751227a,13.937352801905945,1,117,37.826171875
spectrum,629,1115055680,4096,8,8,62,27ab47ad,13.959204502985813,3,100,35.77734375
spectrum,630,1116815680,4096,8,8,61,2d1f5aec,13.98187755595427,1,91,34.98046875
spectrum,631,1118575680,4096,8,8,72,55751fec,14.003415663959458,4,110,38.919921875
spectrum,632,1120415680,4096,8,8,63,ada6b358,14.02616422995925,4,96,35.419921875
spectrum,633,1122175680,4096,8,8,62,d8a6c650,14.048218282987364,5,107,36.25390625
spectrum,634,1123935680,4096,8,8,60,9e6003b3,14.070170022896491,4,105,37.986328125
spectrum,635,1125695680,4096,8,8,61,6ad4a596,14.093270794954151,2,103,37.224609375
spectrum,636,1127455440,4096,8,8,60,9f8bc32b,14.114525927929208,1,93,34.712890625
spectrum,637,1129215440,4096,8,8,72,95784356,14.13634452689439,1,112,37.861328125
spectrum,638,1130976320,4096,8,8,62,1b03361a,14.15917732194066,0,88,35.578125
spectrum,639,1132735680,4096,8,8,59,e5fb2415,14.180147756938823,5,100,37.25
spectrum,640,1134495440,4096,8,8,72,a21c04c8,14.202506686910056,0,116,41.353515625
spectrum,641,1136255680,4096,8,8,63,ce3558cb,14.224213052890263,3,91,36.48828125
spectrum,642,1138015680,4096,8,8,60,58f43d65,14.246207663905807,4,105,38.63671875
spectrum,643,1139775680,4096,8,8,62,c3bca0f6,14.268284089979716,3,89,34.6484375
spectrum,644,1141535680,4096,8,8,60,64bf01e1,14.290159254916944,1,91,33.626953125
spectrum,645,1143295440,4096,8,8,60,d20c5a77,14.312212095945142,3,87,34.375
spectrum,646,1145055440,4096,8,8,63,1d6d7c17,14.334811349981464,4,120,38.041015625
spectrum,647,1146816000,4096,8,8,33,51d9208f,14.357377209933475,5,110,38.373046875
spectrum,648,1148655680,4096,8,8,61,a1b8e4b0,14.379169378895313,4,116,40.69140625
spectrum,649,1150416000,4096,8,8,62,37b5a505,14.401174328988418,0,92,35.39453125
spectrum,650,1152175440,4096,8,8,61,e185fb03,14.424310927977785,3,88,34.4375
spectrum,651,1153936320,4096,8,8,35,89a08a87,14.445136559894308,2,108,39.564453125
spectrum,652,1155695680,4096,8,8,61,e173d78e,14.467169413925149,3,92,35.23828125
spectrum,653,1157455680,4096,8,8,61,9ca59681,14.489158223965205,4,94,34.142578125
spectrum,654,1159215440,4096,8,8,60,156fc07a,14.511872934992425,3,108,37.76953125
spectrum,655,1160975680,4096,8,8,60,e6d089d8,14.533104414003901,5,96,37.701171875
spectrum,656,1162735680,4096,8,8,62,cb4ffb56,14.556165830930695,5,119,39.98828125
spectrum,657,1164495680,4096,8,8,61,b8e2b7c3,14.577143540955149,2,99,36.58984375
spectrum,658,1166255680,4096,8,8,72,1d09c204,14.599175932933576,9,129,51.673828125
spectrum,659,1168015440,4096,8,8,61,4f5295ed,14.620903218979947,4,91,34.42578125
spectrum,660,1169775440,4096,8,8,61,c800b26a,14.645277345902286,3,101,37.162109375
spectrum,661,1171536000,4096,8,8,30,cb588585,14.666014852002263,4,116,42.310546875
spectrum,662,1173295680,4096,8,8,60,54c83623,14.687160718953237,2,96,34.69921875
spectrum,663,1175055680,4096,8,8,61,317b7f8f,14.709242173936218,4,89,34.4453125
spectrum,664,1176815440,4096,8,8,61,dcb52d05,14.73181401588954,2,97,34.314453125
spectrum,665,1178575680,4096,8,8,34,0ff5c961,14.753292281995527,5,121,42.6171875
spectrum,666,1180416000,4096,8,8,62,ce4ffadc,14.777032771962695,4,97,34.3515625
spectrum,667,1182175680,4096,8,8,63,dd827a5b,14.798198896925896,0,105,37.134765625
spectrum,668,1183935440,4096,8,8,63,a367219e,14.820505857933313,4,103,40.125
spectrum,669,1185695440,4096,8,8,60,75cc7ad5,14.842272187932394,4,106,37.662109375
spectrum,670,1187455680,4096,8,8,60,88580938,14.864942455897108,2,107,36.947265625
spectrum,671,1189215680,4096,8,8,60,48e04218,14.88617395493202,0,90,35.107421875
spectrum,672,1191055680,4096,8,8,36,150a6ec2,14.909268503892235,3,105,37.9375
spectrum,673,1192815440,4096,8,8,62,2797d637,14.93142951990012,5,90,35.35546875
spectrum,674,1194575440,4096,8,8,62,99c0e22c,14.953347174916416,2,113,38.166015625
spectrum,675,1196416000,4096,8,8,61,e61cbf13,14.976199636934325,2,88,34.94921875
spectrum,676,1198176000,4096,8,8,61,34bba86a,15.001186512992717,4,87,34.8671875
spectrum,677,1199935680,4096,8,8,61,c4bd2f70,15.020157008897513,24,116,63.830078125
spectrum,678,1201695680,4096,8,8,60,69e5c2f4,15.042506219935603,4,89,33.349609375
spectrum,679,1203455680,4096,8,8,62,1a7e814e,15.064265516935848,4,113,40.73828125
spectrum,680,1205215680,4096,8,8,37,110be86f,15.086224179947749,2,105,38.236328125
spectrum,681,1206975680,4096,8,8,61,bfd621d4,15.108168465900235,4,109,39.150390625
spectrum,682,1208735440,4096,8,8,60,1b686d19,15.130310675944202,0,93,35.79296875
spectrum,683,1210495440,4096,8,8,36,4fd22c09,15.152219383977354,1,107,39.52734375
spectrum,684,1212335680,4096,8,8,72,121d088f,15.175241576973349,1,110,37.984375
spectrum,685,1214096000,4096,8,8,61,1ea0c119,15.197158091003075,0,92,34.7109375
spectrum,686,1215855680,4096,8,8,61,5ef2f716,15.219254844938405,6,114,40.517578125
spectrum,687,1217615680,4096,8,8,63,140f9acf,15.241200833930634,1,91,35.6875
spectrum,688,1219375440,4096,8,8,60,c4a8d56f,15.263198600965552,2,86,34.240234375
spectrum,689,1221136000,4096,8,8,72,7a2046e4,15.286305462941527,7,117,41.423828125
spectrum,690,1222895680,4096,8,8,60,8bdd289c,15.307262092945166,1,107,36.935546875
spectrum,691,1224655440,4096,8,8,62,56422e53,15.329196980921552,5,94,34.2265625
spectrum,692,1226415440,4096,8,8,60,4ff9fb7a,15.351198034943081,4,105,39.44921875
spectrum,693,1228175680,4096,8,8,60,c611e5cf,15.373225667979568,5,108,37.51953125
spectrum,694,1229935680,4096,8,8,61,eab690d6,15.396015421953052,4,107,37.728515625
spectrum,695,1231695680,4096,8,8,61,53856736,15.417485571932048,4,108,38.482421875
spectrum,696,1233535680,4096,8,8,58,b382c0aa,15.44024801289197,5,104,36.970703125
spectrum,697,1235295440,4096,8,8,60,c887dd27,15.462184955948032,4,122,40.1640625
spectrum,698,1237056000,4096,8,8,30,75de6faf,15.484221164952032,4,128,41.259765625
spectrum,699,1238815680,4096,8,8,60,f9433521,15.506378372898325,2,91,34.59375
spectrum,700,1240655680,4096,8,8,61,a5faf731,15.529225034988485,4,112,39.2421875
spectrum,701,1242415440,4096,8,8,60,d8340eb4,15.55113077792339,2,94,34.82421875
spectrum,702,1244176320,4096,8,8,34,72ddd3a8,15.574167066952214,3,117,38.30859375
spectrum,703,1246015680,4096,8,8,59,6b32a1d8,15.59737057192251,0,95,35.4296875
spectrum,704,1247775680,4096,8,8,61,71c2e16c,15.618199470918626,15,138,65.376953125
spectrum,705,1249535440,4096,8,8,39,fbfc7dd4,15.640260607004166,1,104,33.796875
spectrum,706,1251295440,4096,8,8,61,a646d5a4,15.662166800932027,3,107,37.45703125
spectrum,707,1253055680,4096,8,8,63,10ad24e7,15.68426670099143,15,130,61.0390625
spectrum,708,1254895680,4096,8,8,60,fb25cda7,15.708467360935174,0,97,37.115234375
spectrum,709,1256656000,4096,8,8,60,972d7bde,15.729200608911924,2,101,35.34375
spectrum,710,1258416000,4096,8,8,60,cc7d936d,15.75133969297167,3,92,34.888671875
spectrum,711,1260175680,4096,8,8,61,e8773d57,15.77337146399077,1,114,36.466796875
spectrum,712,1262015680,4096,8,8,62,20acddc1,15.796856119995937,4,104,37.1640625
spectrum,713,1263775680,4096,8,8,65,cd4a9d02,15.818758496898226,4,138,38.482421875
spectrum,714,1265535440,4096,8,8,39,c76d104d,15.840220631915145,0,134,38.48828125
spectrum,715,1267295440,4096,8,8,72,724294b9,15.862234148895368,3,109,37.59765625
spectrum,716,1269056000,4096,8,8,61,5d4cfdeb,15.884239259990864,4,111,38.251953125
spectrum,717,1270815680,4096,8,8,60,bb890a5a,15.90620302199386,0,117,39.365234375
spectrum,718,1272575680,4096,8,8,63,bc8647f0,15.928499633911997,5,129,37.1015625
spectrum,719,1274335440,4096,8,8,39,e5a6fd2d,15.950227821944281,5,138,35.3359375
spectrum,720,1276175680,4096,8,8,62,203db0e1,15.973273869953118,11,142,61.5703125
spectrum,721,1277936000,4096,8,8,177,42019ea6,15.995138144004159,10,140,58.8671875
spectrum,722,1279695680,4096,8,8,60,75b81989,16.017364512896165,10,133,53.005859375
spectrum,723,1281455680,4096,8,8,70,942ac3a7,16.039137715939432,1,130,41.2578125
spectrum,724,1283215680,4096,8,8,72,23d07273,16.0612309029093,4,104,37.455078125
spectrum,725,1284982720,4096,8,8,60,5c275da1,16.08321289997548,2,89,34.01171875
spectrum,726,1286735680,4096,8,8,62,d1be73af,16.105197301949374,0,90,35.51171875
spectrum,727,1288496000,4096,8,8,61,e8fe4fb8,16.127234002924524,3,107,38.4140625
spectrum,728,1290255680,4096,8,8,60,9adb3e51,16.14944134594407,3,87,34.455078125
spectrum,729,1292015680,4096,8,8,60,5ce59cf9,16.172316039912403,5,88,41.6796875
spectrum,730,1293776000,4096,8,8,72,6fef830e,16.193239175947383,3,111,39.49609375
spectrum,731,1295535680,4096,8,8,59,86203a6e,16.215049789985642,1,107,35.923828125
spectrum,732,1297295440,4096,8,8,62,906f2f6f,16.237136965966783,4,102,36.888671875
spectrum,733,1299055440,4096,8,8,72,f3d691aa,16.259558703983203,34,147,73.794921875
spectrum,734,1300816000,4096,8,8,60,c66f5bc2,16.281260320916772,0,87,33.734375
spectrum,735,1302575680,4096,8,8,30,37ded988,16.304379396955483,5,105,36.0546875
spectrum,736,1304336000,4096,8,8,62,5c719a8b,16.326122722937725,5,105,35.103515625
spectrum,737,1306175680,4096,8,8,61,5c0df5a9,16.348203426925465,2,110,36.12890625
spectrum,738,1307935680,4096,8,8,35,bc6cdcb8,16.37074593291618,2,129,38.984375
spectrum,739,1309696000,4096,8,8,33,24f0dbba,16.392463039956056,8,143,58.330078125
spectrum,740,1311535680,4096,8,8,60,d32aaf7b,16.415130702895112,2,115,37.28515625
spectrum,741,1313295680,4096,8,8,72,3d1a7349,16.437248836969957,4,132,43.580078125
spectrum,742,1315055680,4096,8,8,62,b75675b7,16.459223449928686,4,111,36.9296875
spectrum,743,1316815440,4096,8,8,60,bde019c0,16.481407989980653,5,93,34.8125
spectrum,744,1318655680,4096,8,8,59,674bfb71,16.50435598299373,14,143,67.513671875
spectrum,745,1320496000,4096,8,8,72,68519819,16.527665949892253,5,132,40.4453125
spectrum,746,1322255680,4096,8,8,32,458a85c6,16.54929158289451,3,116,39.125
spectrum,747,1324015440,4096,8,8,60,4c55ccfe,16.57119523291476,5,116,38.66796875
spectrum,748,1325775440,4096,8,8,63,970cc28b,16.594227775000036,1,121,35.80859375
spectrum,749,1327615680,4096,8,8,60,650d1532,16.616269594989717,5,108,42.083984375
spectrum,750,1329376000,4096,8,8,60,3d63ce49,16.638236022903584,5,128,39.50390625
spectrum,751,1331135680,4096,8,8,34,16bfc888,16.660218660952523,11,146,62.4609375
spectrum,752,1332895680,4096,8,8,61,d02c4d72,16.682229422964156,2,95,34.78125
spectrum,753,1334655680,4096,8,8,60,e2dba08d,16.704273668001406,2,109,37.859375
spectrum,754,1336415680,4096,8,8,61,1d5d264f,16.726264040917158,4,87,33.912109375
spectrum,755,1338175680,4096,8,8,62,adc82c25,16.74835681694094,4,128,38.447265625
spectrum,756,1339935440,4096,8,8,34,0cdf189c,16.770202306914143,7,127,35.111328125
spectrum,757,1341695440,4096,8,8,60,40646da2,16.79234537796583,1,106,37.685546875
spectrum,758,1343456000,4096,8,8,61,9ad5344f,16.814204192953184,8,147,61.396484375
spectrum,759,1345215680,4096,8,8,61,e6184cd8,16.83717588998843,2,86,34.27734375
spectrum,760,1346975680,4096,8,8,63,3564dad9,16.860193884931505,1,132,40.8359375
spectrum,761,1348735440,4096,8,8,39,976fd25a,16.88026015192736,5,131,37.130859375
spectrum,762,1350495440,4096,8,8,59,b272761a,16.90224549593404,5,92,34.703125
spectrum,763,1352256000,4096,8,8,59,18ab3cd4,16.92478936491534,5,118,40.056640625
spectrum,764,1354015680,4096,8,8,62,36bea700,16.946314447908662,2,95,36.279296875
spectrum,765,1355775440,4096,8,8,60,dabef7a4,16.96877230494283,11,130,52.21875
spectrum,766,1357535440,4096,8,8,39,c74cf6d1,16.990291336900555,2,137,36.90234375
spectrum,767,1359296000,4096,8,8,60,5e25745a,17.01225061097648,0,108,37.767578125
spectrum,768,1361135680,4096,8,8,59,2c724224,17.035107701900415,4,128,40.71875
spectrum,769,1362896000,4096,8,8,62,4048f1d7,17.05738031899091,1,124,41.8125
spectrum,770,1364655440,4096,8,8,59,7e31da6b,17.0792064309353,3,103,37.4140625
spectrum,771,1366415440,4096,8,8,60,ed293a5b,17.1011372419307,5,108,37.1796875
spectrum,772,1368175680,4096,8,8,30,de2efbe0,17.12322621094063,2,106,37.341796875
spectrum,773,1369935680,4096,8,8,60,0b977233,17.145083772949874,6,112,42.0078125
spectrum,774,1371695680,4096,8,8,61,e4231088,17.16716092999559,0,92,34.71875
spectrum,775,1373455440,4096,8,8,64,44f77b89,17.189248626935296,3,107,37.365234375
spectrum,776,1375216000,4096,8,8,33,506f8f63,17.213143207947724,0,121,36.36328125
spectrum,777,1377135680,4096,8,8,62,aaf4b314,17.23523138591554,2,93,35.572265625
spectrum,778,1378895680,4096,8,8,60,900d6a67,17.257214234909043,4,113,42.40625
spectrum,779,1380655440,4096,8,8,62,3ce4494f,17.279062599991448,9,117,67.345703125
spectrum,780,1382415440,4096,8,8,60,59758ee3,17.301164312986657,3,92,33.62109375
spectrum,781,1384176000,4096,8,8,60,4f29e1c9,17.323127464973368,4,113,38.78125
spectrum,782,1385935680,4096,8,8,60,c28ef4f3,17.345225781900808,2,110,39.779296875
spectrum,783,1387695680,4096,8,8,60,1f39b15b,17.367247093003243,2,113,37.3359375
spectrum,784,1389455440,4096,8,8,64,f320333f,17.389110295916907,3,106,36.796875
spectrum,785,1391215440,4096,8,8,60,1801e025,17.412188684917055,1,118,35.728515625
spectrum,786,1393056320,4096,8,8,34,c566d993,17.436367733986117,0,124,32.396484375
spectrum,787,1394896000,4096,8,8,60,0b194928,17.457198194926605,3,107,37.6328125
spectrum,788,1396655680,4096,8,8,62,d0ba542a,17.479240535991266,0,107,37.09375
spectrum,789,1398415680,4096,8,8,60,f20dd13a,17.50122852495406,1,109,36.7890625
spectrum,790,1400175680,4096,8,8,60,3e6e000f,17.52318237896543,1,111,38.681640625
spectrum,791,1401935680,4096,8,8,64,23b819d0,17.545193570898846,4,118,39.603515625
spectrum,792,1403775680,4096,8,8,63,3ea06213,17.56844217190519,4,130,36.21875
spectrum,793,1405535440,4096,8,8,39,024b5a5f,17.590269987937063,2,138,37.478515625
spectrum,794,1407295440,4096,8,8,61,944b2a70,17.61318751296494,2,113,39.173828125
spectrum,795,1409136000,4096,8,8,30,db22628e,17.63506832893472,2,106,37.052734375
spectrum,796,1410895680,4096,8,8,60,b0bab66d,17.659109506988898,5,94,34.19921875
spectrum,797,1412655680,4096,8,8,62,2b610424,17.679240776924416,5,86,34.82421875
spectrum,798,1414415440,4096,8,8,60,0733a23c,17.701640983927064,4,86,34.3359375
spectrum,799,1416175680,4096,8,8,60,6b7fdb48,17.723229016992263,4,110,40.87890625
spectrum,800,1418015680,4096,8,8,60,e898e9fb,17.7472221449716,3,105,36.029296875
spectrum,801,1419855680,4096,8,8,61,56eedfb7,17.769733451888897,4,88,34.291015625
spectrum,802,1421615440,4096,8,8,60,ce2ab396,17.791281068930402,4,91,34.27734375
spectrum,803,1423375440,4096,8,8,60,1421f235,17.813989938935265,1,114,44.09375
spectrum,804,1425215680,4096,8,8,34,0d8e8e47,17.837213301914744,2,119,36.5859375
spectrum,805,1427056000,4096,8,8,59,cbc590ce,17.859256514930166,4,134,41.443359375
spectrum,806,1428815680,4096,8,8,60,fe930cbc,17.881233722902834,4,89,34.23046875
spectrum,807,1430575440,4096,8,8,60,c0a2a05c,17.903350705979392,6,132,40.4609375
spectrum,808,1432335440,4096,8,8,33,102b90cc,17.92524529795628,2,126,35.671875
spectrum,809,1434096000,4096,8,8,58,8f4e75fd,17.947260216926225,0,112,39.7734375
spectrum,810,1435855680,4096,8,8,34,a1a44598,17.96920525492169,3,115,39.392578125
spectrum,811,1437616000,4096,8,8,37,35476437,17.991256512934342,5,117,40.732421875
spectrum,812,1439375680,4096,8,8,61,d715715e,18.01323737797793,15,137,63.681640625
spectrum,813,1441135680,4096,8,8,33,fabc6951,18.03622045693919,1,133,33.21875
spectrum,814,1442975680,4096,8,8,60,5a36ece2,18.059313973993994,14,134,60.544921875
spectrum,815,1444735680,4096,8,8,35,43c5f3ad,18.080124226980843,10,127,51.28515625
spectrum,816,1446495440,4096,8,8,33,397325ed,18.102305460954085,0,118,38.990234375
spectrum,817,1448255440,4096,8,8,36,2d59ddeb,18.124209810979664,18,141,69.59375
spectrum,818,1450016000,4096,8,8,33,214d2a8c,18.146181979915127,3,117,40.33984375
spectrum,819,1451775440,4096,8,8,33,a1a766cf,18.168265969958156,1,115,38.24609375
spectrum,820,1453535680,4096,8,8,33,fb3aa835,18.190206578932703,3,124,39.068359375
spectrum,821,1455295440,4096,8,8,61,2d0f0e91,18.212323701940477,0,113,39.44140625
spectrum,822,1457056320,4096,8,8,33,9a15c911,18.235226758988574,0,131,32.70703125
spectrum,823,1458896000,4096,8,8,28,245b4cf6,18.257267206907272,3,117,36.48046875
spectrum,824,1460735680,4096,8,8,37,f891f3ba,18.280319415964186,4,129,54.271484375
spectrum,825,1462495440,4096,8,8,33,0fcd5762,18.30229994095862,4,115,38.951171875
spectrum,826,1464255440,4096,8,8,33,219213f1,18.32420050399378,3,127,38.935546875
spectrum,827,1466015680,4096,8,8,33,bc69894a,18.346298530930653,2,116,38.322265625
spectrum,828,1467855680,4096,8,8,33,cf6c032c,18.3692695669597,1,116,40.34765625
spectrum,829,1469615440,4096,8,8,62,5037ebbc,18.391261281911284,1,113,38.4609375
spectrum,830,1471375440,4096,8,8,33,93c6efdd,18.413279277971014,5,129,38.912109375
spectrum,831,1473135440,4096,8,8,33,e2ba4bf5,18.435384336975403,4,127,39.462890625
spectrum,832,1474976000,4096,8,8,32,701e142b,18.458242078893818,5,117,38.4375
spectrum,833,1476736000,4096,8,8,36,0c975573,18.480639551999047,3,127,38.603515625
spectrum,834,1478495680,4096,8,8,33,a783a8a1,18.50245924189221,3,115,39.005859375
spectrum,835,1480255680,4096,8,8,65,3aa6fd22,18.524249897920527,3,113,39.1875
spectrum,836,1482015680,4096,8,8,33,88473ecc,18.546290595899336,0,118,39.92578125
spectrum,837,1483775440,4096,8,8,33,b50cc3c7,18.5682582159061,0,112,38.517578125
spectrum,838,1485535680,4096,8,8,34,b0fe1cde,18.59030822198838,15,143,66.228515625
spectrum,839,1487295440,4096,8,8,33,a51294e6,18.61209513992071,1,115,39.009765625
spectrum,840,1489055440,4096,8,8,58,2313d95b,18.63425898097921,5,117,38.072265625
spectrum,841,1490896000,4096,8,8,33,f580d4b8,18.65720757492818,3,119,37.953125
spectrum,842,1492655440,4096,8,8,33,bc8a06ac,18.67922481894493,0,127,38.7890625
spectrum,843,1494415680,4096,8,8,33,9d16390e,18.701364203938283,4,115,38.30859375
spectrum,844,1496175680,4096,8,8,33,2e5e4dd8,18.723225532914512,4,125,39.4609375
spectrum,845,1497935440,4096,8,8,32,b7647125,18.74527556798421,2,129,38.822265625
spectrum,846,1499695680,4096,8,8,62,a389797c,18.767319061909802,4,115,39.3046875
spectrum,847,1501455680,4096,8,8,33,bbb01291,18.7892289229203,1,115,38.451171875
spectrum,848,1503215440,4096,8,8,33,fa6978b4,18.81129418790806,5,115,39.919921875
spectrum,849,1504975440,4096,8,8,33,838d8f1d,18.833999701892026,2,127,38.083984375
spectrum,850,1506735680,4096,8,8,31,5ead699f,18.85620736493729,3,125,33.68359375
spectrum,851,1508575680,4096,8,8,58,f8db9082,18.878188330912963,11,125,53.205078125
spectrum,852,1510415680,4096,8,8,33,94a70ed5,18.901223768945783,3,113,38.828125
spectrum,853,1512175440,4096,8,8,33,e84e2b28,18.923193442984484,2,128,39.80078125
spectrum,854,1513935440,4096,8,8,33,147fc684,18.947659352910705,32,143,76.990234375
spectrum,855,1515776000,4096,8,8,32,37fcb8bd,18.96841665590182,2,115,37.2890625
spectrum,856,1517616000,4096,8,8,32,88754635,18.99202434590552,3,113,38.466796875
spectrum,857,1519375440,4096,8,8,33,94d71338,19.013205549912527,3,129,39.953125
spectrum,858,1521135440,4096,8,8,33,6538635d,19.03575692290906,12,138,65.880859375
spectrum,859,1522896000,4096,8,8,32,60429eba,19.057246368960477,4,115,39.24609375
spectrum,860,1524655680,4096,8,8,33,1ad7241d,19.079258302925155,4,115,38.970703125
spectrum,861,1526415680,4096,8,8,33,0d03d5b0,19.101290224934928,3,114,39.49609375
spectrum,862,1528175440,4096,8,8,33,d9b4a1c1,19.123224841896445,1,119,38.126953125
spectrum,863,1529935440,4096,8,8,33,12b428d9,19.145204875967465,0,128,38.6015625
spectrum,864,1531775680,4096,8,8,33,0d659abe,19.168325243983418,0,119,39.517578125
spectrum,865,1533535440,4096,8,8,33,12f0a3c5,19.19027403893415,5,118,39.546875
spectrum,866,1535296000,4096,8,8,33,fbc16b7f,19.212273698998615,4,116,38.560546875
spectrum,867,1537055440,4096,8,8,33,0a698178,19.234259794000536,6,117,38.439453125
spectrum,868,1538815440,4096,8,8,60,74bf03fa,19.257218296988867,0,123,35.7890625
spectrum,869,1540655680,4096,8,8,33,4ce02cf9,19.27927724889014,3,119,40.14453125
spectrum,870,1542416000,4096,8,8,32,b870fe62,19.301265748916194,5,119,38.677734375
spectrum,871,1544175680,4096,8,8,36,242c6eb4,19.323237526929006,2,129,38.75
spectrum,872,1545935680,4096,8,8,33,cf6fd020,19.345268896897323,4,127,38.58984375
spectrum,873,1547695680,4096,8,8,32,6f4322e7,19.367237007943913,2,115,38.787109375
spectrum,874,1549455440,4096,8,8,32,a6c5ab8e,19.389410797972232,4,120,39.24609375
spectrum,875,1551215680,4096,8,8,33,5859d595,19.411246077972464,4,114,39.54296875
spectrum,876,1552975440,4096,8,8,33,3f88bbb5,19.433217474957928,4,116,39.173828125
spectrum,877,1554735440,4096,8,8,33,24685ac2,19.45521998091135,1,129,43.19140625
spectrum,878,1556576000,4096,8,8,31,9efccf1f,19.478330450947396,5,129,39.927734375
spectrum,879,1558335440,4096,8,8,33,38c90661,19.50028787192423,3,122,39.6875
spectrum,880,1560095680,4096,8,8,60,58badf3c,19.52224106399808,4,114,38.93359375
spectrum,881,1561855440,4096,8,8,36,9ff7502e,19.544276712927967,13,118,67.70703125
spectrum,882,1563616000,4096,8,8,33,c0e372f3,19.566239384002984,10,117,70.0390625
spectrum,883,1565375680,4096,8,8,32,dcdcdbbf,19.588207233930007,2,115,38.388671875
spectrum,884,1567135680,4096,8,8,32,fe0106b5,19.61026730888989,4,122,41.314453125
spectrum,885,1568895440,4096,8,8,33,8a43c81c,19.632287337910384,2,112,39.1015625
spectrum,886,1570655440,4096,8,8,33,0d18b292,19.654224069905467,0,114,40.623046875
spectrum,887,1572415680,4096,8,8,31,91b174f1,19.676514970953576,5,122,32.564453125
spectrum,888,1574255680,4096,8,8,31,1c0b9f73,19.699216827983037,8,131,68.2734375
spectrum,889,1576016000,4096,8,8,33,af4546ca,19.721214975928888,3,115,38.861328125
spectrum,890,1577775440,4096,8,8,60,369eaf93,19.743284578900784,4,117,39.064453125
spectrum,891,1579535440,4096,8,8,33,d23985da,19.765243421890773,14,134,57.673828125
spectrum,892,1581376000,4096,8,8,33,b4224f37,19.788230287958868,5,130,42.236328125
spectrum,893,1583136320,4096,8,8,35,a6bd37d5,19.81088537699543,17,143,68.076171875
spectrum,894,1584895680,4096,8,8,32,40926680,19.83242171292659,4,116,39.494140625
spectrum,895,1586655680,4096,8,8,33,6f4f5234,19.854293691925704,4,115,39.953125
spectrum,896,1588415680,4096,8,8,32,ec84e131,19.876225613988936,2,114,39.759765625
spectrum,897,1590175680,4096,8,8,33,d3d2474d,19.898240723996423,4,128,39.916015625
spectrum,898,1591935680,4096,8,8,33,dad43a5b,19.92025902995374,3,129,41.583984375
spectrum,899,1593695440,4096,8,8,33,fa39fba4,19.942171365953982,0,115,39.09375
spectrum,900,1595535680,4096,8,8,33,f269f652,19.965339373913594,2,131,39.818359375
spectrum,901,1597296000,4096,8,8,33,f6c09a11,19.987263100920245,5,120,40.005859375
spectrum,902,1599055440,4096,8,8,33,b4c4ee72,20.009333585971035,4,120,38.90625
spectrum,903,1600815680,4096,8,8,32,44dd07b7,20.031285876990296,5,116,38.572265625
spectrum,904,1602575440,4096,8,8,33,f77be697,20.05322255799547,5,116,39.0859375
spectrum,905,1604335440,4096,8,8,33,de378e07,20.07528052898124,1,126,37.5625
spectrum,906,1606175680,4096,8,8,33,08352695,20.098276000935584,5,129,44.703125
spectrum,907,1607936000,4096,8,8,33,1428e85b,20.12028955796268,3,126,41.9609375
spectrum,908,1609695680,4096,8,8,33,95f93d3c,20.144121300894767,2,115,38.427734375
spectrum,909,1611455680,4096,8,8,36,ef3fd830,20.164677373948507,3,115,40.10546875
spectrum,910,1613215440,4096,8,8,33,9c8acaa0,20.186234207940288,5,127,41.8984375
spectrum,911,1614975680,4096,8,8,33,efc3be4b,20.208008772926405,2,128,41.076171875
spectrum,912,1616735440,4096,8,8,33,a9c2a57e,20.230220153927803,3,127,40.04296875
spectrum,913,1618495440,4096,8,8,33,0fb8fad0,20.25218974694144,5,114,38.798828125
spectrum,914,1620255440,4096,8,8,32,638f9b72,20.274268256966025,0,122,37.19921875
spectrum,915,1622096000,4096,8,8,32,11f3d6d1,20.297682279953733,10,144,66.12109375
spectrum,916,1623935680,4096,8,8,61,99a38b1f,20.32026164594572,19,132,65.451171875
spectrum,917,1625695680,4096,8,8,32,5071608e,20.342281093937345,5,113,39.076171875
spectrum,918,1627455440,4096,8,8,33,2b1e8e58,20.364260746981017,4,114,39.091796875
spectrum,919,1629216000,4096,8,8,60,d35f80bd,20.386792121920735,5,112,41.08203125
spectrum,920,1630975680,4096,8,8,33,a808e024,20.409018761944026,4,114,39.11328125
spectrum,921,1632735680,4096,8,8,33,f715c1be,20.431320091942325,3,124,44.498046875
spectrum,922,1634495440,4096,8,8,33,85ef1579,20.45224694593344,3,116,37.876953125
spectrum,923,1636255440,4096,8,8,32,ef203803,20.474198575946502,7,118,54.1875
spectrum,924,1638095680,4096,8,8,33,c2f5867d,20.497288876911625,1,115,38.693359375
spectrum,925,1639936000,4096,8,8,33,b59fffbc,20.520209298003465,4,119,40.564453125
spectrum,926,1641695680,4096,8,8,33,d2e21cd9,20.542296503903344,5,116,39.798828125
spectrum,927,1643455440,4096,8,8,61,5e66fc21,20.564203158952296,4,103,34.5234375
spectrum,928,1645215440,4096,8,8,60,14aec772,20.586298189940862,3,121,41.734375
spectrum,929,1646976000,4096,8,8,60,1e49f6e3,20.60832043294795,3,126,38.15625
spectrum,930,1648736000,4096,8,8,36,8505cfd6,20.630203472916037,3,126,39.146484375
spectrum,931,1650495680,4096,8,8,60,fa9a205c,20.65217470994685,4,113,37.28125
spectrum,932,1652255680,4096,8,8,62,0d743481,20.674191282945685,4,101,36.236328125
spectrum,933,1654015680,4096,8,8,60,2306e36f,20.696239404962398,0,113,37.5234375
spectrum,934,1655775680,4096,8,8,63,f1c1dabc,20.718242321978323,0,100,35.623046875
spectrum,935,1657535680,4096,8,8,63,c677fbdf,20.740087279933505,6,129,38.171875
spectrum,936,1659295440,4096,8,8,62,2ba0402a,20.762216154951602,5,108,39.158203125
spectrum,937,1661055440,4096,8,8,64,6f4caf2e,20.784222799004056,0,115,36.658203125
spectrum,938,1662896000,4096,8,8,56,d1555bac,20.807163987890817,0,107,36.26953125
spectrum,939,1664655680,4096,8,8,62,89501021,20.829250572947785,4,119,40.494140625
spectrum,940,1666415680,4096,8,8,58,08a6989c,20.85124166798778,1,89,34.708984375
spectrum,941,1668175680,4096,8,8,34,84991779,20.873268429888412,3,113,40.57421875
spectrum,942,1669935680,4096,8,8,61,1679f6c5,20.895267378888093,0,95,34.748046875
spectrum,943,1671696000,4096,8,8,60,035b624e,20.917262720991857,2,118,40.302734375
spectrum,944,1673455680,4096,8,8,60,aa48a377,20.93926464591641,0,88,34.259765625
spectrum,945,1675216000,4096,8,8,35,0676e46d,20.962333656963892,0,109,37.94140625
spectrum,946,1676975680,4096,8,8,61,c1dd2b86,20.983319471939467,3,132,41.830078125
spectrum,947,1678735680,4096,8,8,32,cce42833,21.005451863980852,0,120,36.4453125
spectrum,948,1680575680,4096,8,8,58,837564b3,21.029279908980243,5,130,39.236328125
spectrum,949,1682416000,4096,8,8,60,127f6b73,21.051212853984907,5,108,34.447265625
spectrum,950,1684175680,4096,8,8,62,6aec5648,21.073283167905174,1,103,36.73046875
spectrum,951,1685935440,4096,8,8,62,a5ceafdc,21.09523775288835,2,97,35.95703125
spectrum,952,1687695680,4096,8,8,30,0dc95394,21.117286776890978,3,102,36.5546875
spectrum,953,1689455680,4096,8,8,62,5a4b0aee,21.13935280300211,2,125,38.39453125
spectrum,954,1691215680,4096,8,8,61,b4b5659b,21.16231024393346,2,109,34.7578125
spectrum,955,1692976320,4096,8,8,60,7168436d,21.18330153892748,18,150,66.39453125
spectrum,956,1694735680,4096,8,8,33,c71c329b,21.205258348956704,4,113,37.623046875
spectrum,957,1696495680,4096,8,8,61,e0947ba0,21.227330585941672,2,104,39.634765625
spectrum,958,1698335680,4096,8,8,62,8eab05cc,21.250276664970443,11,131,61.57421875
spectrum,959,1700095440,4096,8,8,60,f3015d86,21.272289059939794,0,113,39.986328125
spectrum,960,1701855440,4096,8,8,60,c4458b4e,21.29424294398632,4,104,38.466796875
spectrum,961,1703616000,4096,8,8,61,41b3702d,21.316239718929864,2,130,39.578125
spectrum,962,1705375680,4096,8,8,62,d32b338c,21.338285526959226,4,100,38.55078125
spectrum,963,1707135680,4096,8,8,64,f1ef50b8,21.36067202896811,4,129,36.13671875
spectrum,964,1708895440,4096,8,8,33,2bdb7971,21.382281381986104,2,103,36.431640625
spectrum,965,1710655440,4096,8,8,58,3d3e3a2c,21.404290700913407,0,119,40.22265625
spectrum,966,1712495680,4096,8,8,60,5eee79fd,21.427262938930653,4,97,36.078125
spectrum,967,1714256000,4096,8,8,62,af74cf42,21.44925718999002,3,94,34.888671875
spectrum,968,1716015680,4096,8,8,59,506f182b,21.47126252099406,2,107,37.32421875
spectrum,969,1717775680,4096,8,8,64,e216d10a,21.493282980984077,3,90,34.8515625
spectrum,970,1719535680,4096,8,8,60,09822a61,21.515737991896458,5,111,38.08984375
spectrum,971,1721297680,4096,8,8,22,5f072cd2,21.537292761960998,1,111,39.33984375
spectrum,972,1723135680,4096,8,8,62,978bec4f,21.561101610888727,0,129,36.041015625
spectrum,973,1724895440,4096,8,8,60,7e08c13f,21.58274773391895,4,98,35.3671875
spectrum,974,1726656000,4096,8,8,61,c74cbe8f,21.60427984094713,1,117,36.6796875
spectrum,975,1728415680,4096,8,8,34,0541f02c,21.62783780589234,4,126,33.318359375
spectrum,976,1730255680,4096,8,8,60,32ff7e13,21.649326771963388,13,152,65.943359375
spectrum,977,1732015680,4096,8,8,59,ff5f2a1b,21.671271147904918,4,93,34.744140625
spectrum,978,1733775440,4096,8,8,62,d043e8de,21.6934724599123,4,100,36.142578125
spectrum,979,1735535440,4096,8,8,62,60b6488a,21.715379474917427,4,112,36.990234375
spectrum,980,1737296320,4096,8,8,61,d43a405f,21.737321857945062,3,96,35.314453125
spectrum,981,1739055680,4096,8,8,60,11b55244,21.759317560936324,4,90,34.72265625
spectrum,982,1740815440,4096,8,8,60,4b3571c5,21.781277485890314,4,87,33.841796875
spectrum,983,1742575440,4096,8,8,62,66589910,21.803012256976217,4,96,34.904296875
spectrum,984,1744415680,4096,8,8,33,5d7d3700,21.827069684979506,0,118,36.833984375
spectrum,985,1746256000,4096,8,8,61,f42ef339,21.849296134896576,5,92,34.611328125
spectrum,986,1748015680,4096,8,8,62,acb3b6f2,21.8712604889879,5,91,35.416015625
spectrum,987,1749775440,4096,8,8,62,4f921d1a,21.89325561095029,1,88,34.806640625
spectrum,988,1751535440,4096,8,8,60,3db0d537,21.915292751975358,4,107,37.369140625
spectrum,989,1753296000,4096,8,8,60,0237cd00,21.937261634971946,4,113,38.0078125
spectrum,990,1755055440,4096,8,8,35,2b26c34d,21.95931386493612,4,110,39.23828125
spectrum,991,1756895680,4096,8,8,61,f5889176,21.982247198931873,2,90,35.466796875
spectrum,992,1758655440,4096,8,8,61,41d63f9d,22.004254173953086,2,92,35.810546875
spectrum,993,1760416000,4096,8,8,60,4ff04cc7,22.026297907927074,1,107,36.357421875
spectrum,994,1762175680,4096,8,8,63,dfa42dea,22.048251811997034,4,103,37.619140625
spectrum,995,1764015680,4096,8,8,61,8fd950e4,22.071037186891772,4,89,34.908203125
spectrum,996,1765775440,4096,8,8,63,cf7e10a0,22.09323644498363,4,97,36.109375
spectrum,997,1767535440,4096,8,8,61,c8c51527,22.115380838979036,5,137,39.728515625
spectrum,998,1769296000,4096,8,8,62,22f9cd4e,22.13735419989098,0,107,37.41796875
spectrum,999,1771055680,4096,8,8,60,5160deaa,22.1593744099373,1,93,34.46484375
spectrum,1000,1772815680,4096,8,8,60,4132bf4c,22.18124198098667,2,92,33.6640625
spectrum,1001,1774575440,4096,8,8,63,29a1471d,22.203237704001367,5,95,35.787109375
spectrum,1002,1776335440,4096,8,8,60,2d687a0e,22.22602529299911,1,111,39.798828125
spectrum,1003,1778175680,4096,8,8,60,ef24cd91,22.248250599950552,4,127,35.49609375
spectrum,1004,1779936000,4096,8,8,64,5706ce7b,22.270276209921576,3,114,41.115234375
spectrum,1005,1781695680,4096,8,8,62,fec36fe1,22.292325023910962,2,92,35.275390625
spectrum,1006,1783455440,4096,8,8,60,6a81fb8f,22.31429593998473,2,111,40.98828125
spectrum,1007,1785215680,4096,8,8,59,1b0efc98,22.33622710092459,4,105,36.626953125
spectrum,1008,1787055680,4096,8,8,61,4a3502c8,22.3593026449671,2,105,37.75
spectrum,1009,1788816000,4096,8,8,60,847d0b33,22.381444333936088,4,101,37.591796875
spectrum,1010,1790575440,4096,8,8,62,824b51c1,22.403254456003197,4,93,34.107421875
spectrum,1011,1792335440,4096,8,8,60,e4293410,22.425270938896574,5,117,39.673828125
spectrum,1012,1794175680,4096,8,8,30,e2b16447,22.44827081891708,4,115,38.166015625
spectrum,1013,1795936000,4096,8,8,60,d29ae44b,22.470268275937997,5,106,38.81640625
spectrum,1014,1797696000,4096,8,8,61,e394a7f8,22.49226932891179,3,90,35.220703125
spectrum,1015,1799455680,4096,8,8,60,3c22394a,22.51429353596177,4,88,33.857421875
spectrum,1016,1801216000,4096,8,8,61,88208789,22.536250786972232,4,104,36.298828125
spectrum,1017,1802975680,4096,8,8,62,784d86f8,22.56081609497778,4,103,37.955078125
spectrum,1018,1804735680,4096,8,8,60,f90e93f7,22.580266217933968,0,110,38.23828125
spectrum,1019,1806495440,4096,8,8,60,cd790920,22.602292448980734,5,87,33.986328125
spectrum,1020,1808255440,4096,8,8,60,d3c85b70,22.627182330936193,1,109,35.421875
spectrum,1021,1810016000,4096,8,8,72,11017ced,22.64697180595249,1,137,43.259765625
spectrum,1022,1811775680,4096,8,8,60,33a7828a,22.66933791898191,5,110,38.392578125
spectrum,1023,1813535680,4096,8,8,72,818e6ffa,22.69028234493453,11,129,56.626953125
spectrum,1024,1815295440,4096,8,8,63,b7edae4d,22.713506749947555,0,90,34.849609375
spectrum,1025,1817135680,4096,8,8,72,c354f670,22.73597927391529,2,115,43.201171875
spectrum,1026,1818895680,4096,8,8,62,fff2cbab,22.7573105719639,3,88,34.74609375
spectrum,1027,1820656320,4096,8,8,62,81c96fae,22.779260067967698,2,87,34.8203125
spectrum,1028,1822415680,4096,8,8,60,7005c121,22.80143023096025,4,109,37.66015625
spectrum,1029,1824175680,4096,8,8,59,a2d18da6,22.82325402891729,3,93,35.056640625
spectrum,1030,1825936320,4096,8,8,61,25abd097,22.84558375296183,4,106,36.662109375
spectrum,1031,1827695680,4096,8,8,61,87718ce2,22.867177055915818,4,106,38.625
spectrum,1032,1829535680,4096,8,8,59,cc089cc1,22.890312472940423,4,127,35.484375
spectrum,1033,1831295440,4096,8,8,59,b6602890,22.91227946197614,5,109,38.052734375
spectrum,1034,1833055440,4096,8,8,63,cfd57e91,22.93453117890749,4,110,38.033203125
spectrum,1035,1834816000,4096,8,8,60,5679f168,22.957609356963076,3,118,41.39453125
spectrum,1036,1836575680,4096,8,8,62,09f4cd86,22.978335891966708,1,101,37.4609375
spectrum,1037,1838335680,4096,8,8,60,f82ce629,23.000289725954644,13,145,62.412109375
spectrum,1038,1840095440,4096,8,8,60,63173438,23.022295037982985,4,105,36.15625
spectrum,1039,1841855440,4096,8,8,61,8f5e3511,23.04527744499501,1,128,36.8984375
spectrum,1040,1843695680,4096,8,8,60,8189aa53,23.06743153790012,0,97,34.2421875
spectrum,1041,1845456000,4096,8,8,60,93a1758d,23.089350665919483,5,91,34.931640625
spectrum,1042,1847215680,4096,8,8,60,bc6732da,23.111329296953045,23,141,66.84765625
spectrum,1043,1848975680,4096,8,8,60,9d761bc3,23.133276688982733,2,98,36.962890625
spectrum,1044,1850815680,4096,8,8,60,42699700,23.156423306907527,3,108,37.953125
spectrum,1045,1852576000,4096,8,8,61,ef547660,23.178491747938097,5,104,37.2421875
spectrum,1046,1854335680,4096,8,8,60,ea2e8088,23.20101017889101,11,145,66.01171875
spectrum,1047,1856095440,4096,8,8,58,ad896d05,23.22235490195453,17,145,67.70703125
spectrum,1048,1857855440,4096,8,8,60,cbc635f0,23.24430365592707,4,118,37.72265625
spectrum,1049,1859695680,4096,8,8,29,d08acc46,23.267305329907686,2,112,38.44140625
spectrum,1050,1861455680,4096,8,8,60,e07c4a55,23.289313947898336,1,105,36.68359375
spectrum,1051,1863215680,4096,8,8,37,6a2ef2c1,23.311251009930857,5,103,38.2890625
spectrum,1052,1864976000,4096,8,8,60,871a4ddb,23.33334015996661,8,135,59.537109375
spectrum,1053,1866735680,4096,8,8,62,5f003dab,23.35524807695765,4,131,39.2890625
spectrum,1054,1868495680,4096,8,8,61,bf5e2f05,23.37825432990212,4,87,34.513671875
spectrum,1055,1870335680,4096,8,8,59,2040a120,23.40015990298707,16,145,66.36328125
spectrum,1056,1872175440,4096,8,8,60,7480a6f0,23.423517138930038,4,88,34.154296875
spectrum,1057,1874022400,4096,8,8,59,a3252af5,23.447328191949055,3,109,36.947265625
spectrum,1058,1875855680,4096,8,8,64,2e216b4f,23.469328503939323,4,102,37.265625
spectrum,1059,1877695680,4096,8,8,62,f331dd1c,23.49254058592487,6,116,45.9609375
spectrum,1060,1879455680,4096,8,8,65,ad9f44d3,23.514338163891807,4,100,38.15234375
spectrum,1061,1881215680,4096,8,8,61,3b8bf56e,23.53807097999379,4,98,34.6171875
spectrum,1062,1882975440,4096,8,8,31,9f56e664,23.558325903955847,4,115,36.62890625
spectrum,1063,1884736000,4096,8,8,60,6d18ed2b,23.58132325997576,14,127,73.8203125
spectrum,1064,1886495680,4096,8,8,62,0822712d,23.60226552200038,3,87,34.171875
spectrum,1065,1888255440,4096,8,8,62,6517ed1f,23.62424910289701,4,112,37.896484375
spectrum,1066,1890015440,4096,8,8,60,3b24a3f0,23.64611034200061,4,88,34.3984375
spectrum,1067,1891775680,4096,8,8,60,33b2b7fb,23.668278299970552,1,107,38.142578125
spectrum,1068,1893615680,4096,8,8,60,d0b6e621,23.69139491196256,20,143,64.5234375
spectrum,1069,1895376000,4096,8,8,60,58f0a15e,23.713347903918475,4,101,35.78515625
spectrum,1070,1897135680,4096,8,8,60,a48222b4,23.73540573497303,8,140,65.25
spectrum,1071,1898895440,4096,8,8,60,ed6e5e94,23.757325563929044,13,146,68.900390625
spectrum,1072,1900655680,4096,8,8,30,b13306fb,23.77931228093803,0,105,36.7890625
spectrum,1073,1902415680,4096,8,8,60,6947d6ab,23.801552284974605,20,142,70.03515625
spectrum,1074,1904175680,4096,8,8,60,48335edd,23.82325142796617,2,88,34.361328125
spectrum,1075,1905935440,4096,8,8,61,9a27fcf1,23.845434314920567,0,125,34.38671875
spectrum,1076,1907702560,4096,8,8,33,df31118f,23.867442932911217,3,117,36.912109375
spectrum,1077,1909535680,4096,8,8,60,c9f74bc0,23.89032005192712,30,143,72.51953125
spectrum,1078,1911375680,4096,8,8,60,26ea01de,23.9133056049468,3,86,33.791015625
spectrum,1079,1913135440,4096,8,8,59,b9273c8f,23.935280829900876,1,128,33.453125
spectrum,1080,1914895440,4096,8,8,61,f004e43b,23.95733116590418,17,135,58.154296875
spectrum,1081,1916656000,4096,8,8,62,c8eb88da,23.979311709990725,0,105,36.39453125
spectrum,1082,1918415680,4096,8,8,63,ee661d3f,24.00128042290453,4,108,38.796875
spectrum,1083,1920175680,4096,8,8,60,8d63257d,24.02332164195832,2,87,34.31640625
spectrum,1084,1921935440,4096,8,8,62,414de226,24.045299540972337,8,133,52.3203125
spectrum,1085,1923695440,4096,8,8,60,a86738ed,24.06730912090279,4,120,35.6796875
spectrum,1086,1925536000,4096,8,8,62,ee108667,24.090304171899334,1,126,33.736328125
spectrum,1087,1927295680,4096,8,8,63,57d30ba9,24.112302239984274,3,107,37.265625
spectrum,1088,1929055440,4096,8,8,61,25644875,24.134288344997913,4,110,37.0390625
spectrum,1089,1930815680,4096,8,8,60,aeeac1ef,24.156343069975264,6,108,38.341796875
spectrum,1090,1932576000,4096,8,8,57,8374d378,24.178313725977205,5,112,38.234375
spectrum,1091,1934335680,4096,8,8,60,d118dba6,24.20080094691366,0,103,37.587890625
spectrum,1092,1936175680,4096,8,8,60,096da045,24.223259224905632,4,87,34.59765625
spectrum,1093,1938016000,4096,8,8,60,99f3d84a,24.246304692002013,4,85,34.263671875
spectrum,1094,1939775440,4096,8,8,63,2a0d550d,24.268266339902766,4,117,36.24609375
spectrum,1095,1941536000,4096,8,8,34,2b6c448f,24.29023578390479,3,129,34.26953125
spectrum,1096,1943375680,4096,8,8,34,ac5e2535,24.31434400891885,4,117,40.58203125
spectrum,1097,1945215680,4096,8,8,60,6db99e34,24.336224233964458,4,91,34.58203125
spectrum,1098,1946975440,4096,8,8,59,385ec04a,24.358326728921384,3,116,39.287109375
spectrum,1099,1948736000,4096,8,8,62,2eb67f47,24.38024718000088,8,130,53.91796875
spectrum,1100,1950495680,4096,8,8,61,46ac7121,24.402249645907432,1,92,34.623046875
spectrum,1101,1952255680,4096,8,8,61,aa39df8c,24.424242312903516,5,85,33.7109375
spectrum,1102,1954015440,4096,8,8,63,67ab2b41,24.446308058919385,1,92,34.94140625
spectrum,1103,1955775440,4096,8,8,61,2ccebd48,24.468348626978695,1,93,34.169921875
spectrum,1104,1957615680,4096,8,8,60,38bed4ab,24.491370538948104,16,136,61.7578125
spectrum,1105,1959376000,4096,8,8,58,36a7b77a,24.51326993992552,5,134,42.49609375
spectrum,1106,1961135680,4096,8,8,62,4d668f33,24.5354281909531,16,139,63.505859375
spectrum,1107,1962895680,4096,8,8,60,a95f33b6,24.55732362391427,2,129,34.013671875
spectrum,1108,1964656000,4096,8,8,70,61819355,24.579321290948428,0,123,38.388671875
spectrum,1109,1966415680,4096,8,8,60,789c60e8,24.60127424390521,4,88,34.326171875
spectrum,1110,1968180560,4096,8,8,61,f2f63dd2,24.623317596968263,8,151,63.169921875
spectrum,1111,1969935680,4096,8,8,64,eec009e8,24.645330503000878,5,131,45.30859375
spectrum,1112,1971695680,4096,8,8,60,55e6721e,24.667876244988292,5,127,35.12109375
spectrum,1113,1973455680,4096,8,8,33,dc9c9dbd,24.689386521000415,3,119,36.6640625
spectrum,1114,1975295680,4096,8,8,60,359f89ca,24.7124220689293,3,127,36.33203125
spectrum,1115,1977055680,4096,8,8,59,7c8f6283,24.73430993896909,4,111,36.537109375
spectrum,1116,1978815440,4096,8,8,60,f134c8d9,24.756286274990998,0,92,35.546875
spectrum,1117,1980575440,4096,8,8,61,d05cdffe,24.77832722396124,4,113,38.10546875
spectrum,1118,1982336000,4096,8,8,61,11f18ef3,24.800336642889306,3,104,36.3828125
spectrum,1119,1984095680,4096,8,8,60,a9ecaea3,24.82233502098825,11,143,66.57421875
spectrum,1120,1985855680,4096,8,8,60,e4431dec,24.844261302961968,4,90,33.4375
spectrum,1121,1987615440,4096,8,8,62,50c4bc6f,24.866337417974137,0,132,35.31640625
spectrum,1122,1989375680,4096,8,8,61,4ad17903,24.888271484989673,1,138,40.580078125
spectrum,1123,1991216000,4096,8,8,60,db3afacd,24.91134090698324,0,109,37.115234375
spectrum,1124,1992975680,4096,8,8,59,cbdd7f3f,24.933290552929975,4,90,34.57421875
spectrum,1125,1994735440,4096,8,8,58,e8a87eeb,24.95535069797188,4,119,37.3515625
spectrum,1126,1996495440,4096,8,8,60,d007b7d8,24.97733934794087,14,140,61.53515625
spectrum,1127,1998255680,4096,8,8,60,1df942a6,24.99936647096183,4,90,34.41015625
spectrum,1128,2000095680,4096,8,8,62,b0a63566,25.02228827390354,14,139,66.533203125
spectrum,1129,2001856000,4096,8,8,61,0c349176,25.046339069958776,5,108,36.685546875
spectrum,1130,2003615440,4096,8,8,60,239b89ae,25.066313423914835,0,89,34.681640625
spectrum,1131,2005375440,4096,8,8,62,5175db29,25.089806475909427,1,108,36.619140625
spectrum,1132,2007226720,4096,8,8,61,3c953452,25.11132495792117,4,103,37.546875
spectrum,1133,2008975440,4096,8,8,32,2393d76d,25.13347524299752,1,129,37.28515625
spectrum,1134,2010735680,4096,8,8,62,39f57a96,25.155278091900982,5,123,37.849609375
spectrum,1135,2012495440,4096,8,8,61,81a645cb,25.177336413995363,5,133,36.259765625
spectrum,1136,2014255680,4096,8,8,61,8543f6d5,25.1993097839877,0,109,35.75390625
spectrum,1137,2016015680,4096,8,8,60,12eb6de2,25.22133260895498,2,100,35.60546875
spectrum,1138,2017775680,4096,8,8,63,79f0b5a4,25.243367726914585,0,128,34.482421875
spectrum,1139,2019535680,4096,8,8,60,f30cc958,25.264476543990895,2,110,34.73828125
spectrum,1140,2021295440,4096,8,8,60,70dc7a23,25.287392836995423,15,149,67.876953125
spectrum,1141,2023056320,4096,8,8,34,3bc7f923,25.31007319292985,4,122,36.54296875
spectrum,1142,2024895680,4096,8,8,61,4720420e,25.333331842906773,3,100,37.373046875
spectrum,1143,2026655680,4096,8,8,62,efa8fec7,25.354315924923867,0,91,35.103515625
spectrum,1144,2028415440,4096,8,8,64,1aa626ff,25.375500735943206,5,104,38.701171875
spectrum,1145,2030175440,4096,8,8,62,6f52af68,25.398314584977925,2,114,37.48046875
spectrum,1146,2031935680,4096,8,8,60,1a409b9b,25.420321979909204,5,119,42.712890625
spectrum,1147,2033696000,4096,8,8,61,eceb55e2,25.442325688898563,4,86,34.26171875
spectrum,1148,2035455680,4096,8,8,63,bbbeba3f,25.46386449795682,5,104,37.568359375
spectrum,1149,2037215680,4096,8,8,60,27dcf0e2,25.486287929932587,4,122,43.25
spectrum,1150,2038975680,4096,8,8,34,8549929d,25.510220722993836,0,122,36.150390625
spectrum,1151,2040816000,4096,8,8,58,3d4bbfa0,25.53129455493763,12,120,64.357421875
spectrum,1152,2042655680,4096,8,8,62,bff69cd4,25.554315033950843,4,106,38.2109375
spectrum,1153,2044415440,4096,8,8,62,c3fea0d5,25.576305246911943,4,106,39.53125
spectrum,1154,2046176000,4096,8,8,62,d6326998,25.59837780497037,0,90,35.78125
spectrum,1155,2047935680,4096,8,8,61,cac9da4e,25.62048451800365,4,117,47.6875
spectrum,1156,2049695680,4096,8,8,60,10e3a062,25.642349564936012,5,115,39.279296875
spectrum,1157,2051455680,4096,8,8,60,7bccf95f,25.663556717918254,4,123,44.068359375
spectrum,1158,2053215440,4096,8,8,72,3cc0dfbc,25.685554534895346,5,119,42.603515625
spectrum,1159,2054975440,4096,8,8,62,12e4d3ed,25.70834567095153,3,101,35.15234375
spectrum,1160,2056736000,4096,8,8,61,0a9ca77c,25.73071773594711,2,99,34.357421875
spectrum,1161,2058495680,4096,8,8,62,e746cd5e,25.752288425923325,3,97,35.62890625
spectrum,1162,2060255440,4096,8,8,62,a46fa7c5,25.7734829649562,2,92,34.908203125
spectrum,1163,2062015440,4096,8,8,64,052089f7,25.79609747696668,4,100,34.513671875
spectrum,1164,2063855680,4096,8,8,62,75515771,25.819319918984547,0,106,36.98046875
spectrum,1165,2065616000,4096,8,8,61,b945acf1,25.842176237958483,0,96,33.810546875
spectrum,1166,2067375680,4096,8,8,60,d3ba2447,25.86326970695518,0,103,36.728515625
spectrum,1167,2069135440,4096,8,8,62,729b08ea,25.884497317951173,4,92,35.140625
spectrum,1168,2070895440,4096,8,8,62,23441b83,25.907338508986868,1,95,34.291015625
spectrum,1169,2072655680,4096,8,8,31,233abcc3,25.929372584912926,2,104,38.015625
spectrum,1170,2074415680,4096,8,8,36,1ae12a80,25.951328572933562,1,118,42.048828125
spectrum,1171,2076175680,4096,8,8,61,11c5b7d3,25.97246938094031,0,92,36.11328125
spectrum,1172,2077935440,4096,8,8,59,0aa23eec,25.994503546971828,2,87,34.697265625
spectrum,1173,2079696320,4096,8,8,60,337aa765,26.017359595978633,0,91,34.02734375
spectrum,1174,2081455680,4096,8,8,36,e7ea6ab4,26.039323608973064,3,106,37.724609375
spectrum,1175,2083216000,4096,8,8,61,bc7a8d6a,26.06113310996443,0,91,34.3046875
spectrum,1176,2085055680,4096,8,8,61,eeee56d3,26.085406737984158,11,120,66.8203125
spectrum,1177,2086815680,4096,8,8,72,d26cbc2b,26.10631277190987,4,112,39.296875
spectrum,1178,2088576000,4096,8,8,60,de25130d,26.128312872955576,4,116,38.0703125
spectrum,1179,2090336320,4096,8,8,60,95b5baad,26.15039149299264,4,108,40.828125
spectrum,1180,2092108960,4096,8,8,60,6658332e,26.17380686895922,0,104,38.572265625
spectrum,1181,2093855440,4096,8,8,63,7c643c00,26.194323456962593,2,96,34.796875
spectrum,1182,2095615440,4096,8,8,61,dcd9da3c,26.21638784999959,5,96,33.916015625
spectrum,1183,2097376000,4096,8,8,61,fa24d345,26.23881798493676,9,109,48.783203125
spectrum,1184,2099135440,4096,8,8,60,a604b3d6,26.260315385996364,0,94,33.546875
spectrum,1185,2100895680,4096,8,8,63,b1436b23,26.281494896975346,2,90,36.103515625
spectrum,1186,2102655440,4096,8,8,60,2d129ad2,26.30375063198153,4,122,38.16796875
spectrum,1187,2104416320,4096,8,8,61,8f3d0943,26.326131271896884,5,106,36.494140625
spectrum,1188,2106255680,4096,8,8,61,cda6aa64,26.35005899600219,2,106,37.560546875
spectrum,1189,2108016000,4096,8,8,63,eef49a15,26.37128414295148,5,110,39.3984375
spectrum,1190,2109775440,4096,8,8,63,ae4494ad,26.392508408986032,1,96,36.1640625
spectrum,1191,2111535440,4096,8,8,63,b850632f,26.41537044895813,0,88,35.818359375
spectrum,1192,2113295680,4096,8,8,60,e64f52cb,26.437381941941567,2,110,38.607421875
spectrum,1193,2115055680,4096,8,8,61,1ce7fdcd,26.459302172996104,4,107,36.88671875
spectrum,1194,2116895680,4096,8,8,61,89b85243,26.48153943195939,1,116,40.88671875
spectrum,1195,2118655440,4096,8,8,60,7f33c471,26.50411915895529,2,95,35.0546875
spectrum,1196,2120495680,4096,8,8,62,80dfc34b,26.527363861911,2,122,35.515625
spectrum,1197,2122336000,4096,8,8,65,10708f1d,26.550315140979365,3,96,37.068359375
spectrum,1198,2124095680,4096,8,8,63,bd246440,26.573903433978558,3,92,36.3515625
spectrum,1199,2125855440,4096,8,8,61,f7eeb49b,26.593537353910506,6,85,33.85546875
spectrum,1200,2127615440,4096,8,8,63,53a8b7f8,26.616331465891562,4,92,35.978515625
spectrum,1201,2129376000,4096,8,8,60,9518f554,26.638329964946024,2,117,38.392578125
spectrum,1202,2131135680,4096,8,8,61,5c408337,26.660422109998763,1,102,37.759765625
spectrum,1203,2132895680,4096,8,8,61,c0d871db,26.68155759794172,3,88,34.916015625
spectrum,1204,2134655440,4096,8,8,61,fbdc414f,26.703510990948416,4,120,43.2890625
spectrum,1205,2136415440,4096,8,8,72,dfffb3ba,26.726817831979133,0,121,43.689453125
spectrum,1206,2138255680,4096,8,8,30,ba0bb8a8,26.752368832938373,0,105,36.283203125
spectrum,1207,2140015680,4096,8,8,62,f350e170,26.771319040912203,2,106,37.20703125
spectrum,1208,2141776000,4096,8,8,60,c7adeb3a,26.794128191890195,4,91,34.37890625
spectrum,1209,2143535680,4096,8,8,60,9f312691,26.815319995977916,3,94,34.236328125
spectrum,1210,2145296000,4096,8,8,62,4b78c899,26.837364029954188,2,104,35.837890625
spectrum,1211,2147055680,4096,8,8,60,8c40e715,26.859233154915273,3,120,44.94140625
spectrum,1212,2148895680,4096,8,8,72,d97b0294,26.882402385002933,4,121,45.541015625
spectrum,1213,2150655440,4096,8,8,63,f2b378bb,26.904076120001264,3,93,35.9765625
spectrum,1214,2152415440,4096,8,8,63,d15c2ebc,26.927104504895397,2,105,38.169921875
spectrum,1215,2154176000,4096,8,8,60,46d5fc7d,26.94842053297907,4,108,35.24609375
spectrum,1216,2155935680,4096,8,8,63,36a0b99b,26.970322068897076,3,106,38.748046875
spectrum,1217,2157695680,4096,8,8,62,c9a6861d,26.991630482953042,4,95,34.3828125
spectrum,1218,2159455440,4096,8,8,72,5835bcfc,27.013683524914086,1,122,45.0
spectrum,1219,2161215440,4096,8,8,62,4f62de31,27.035535856964998,2,102,34.3984375
spectrum,1220,2162976000,4096,8,8,62,7d62a173,27.064762844936922,3,97,36.21484375
spectrum,1221,2164735680,4096,8,8,36,b5c8fcf0,27.08032963995356,3,110,37.255859375
spectrum,1222,2166495680,4096,8,8,61,febf2d76,27.101523296907544,4,88,35.63671875
spectrum,1223,2168256000,4096,8,8,61,b3570611,27.12421820196323,0,98,34.65234375
spectrum,1224,2170095680,4096,8,8,33,22ba11cb,27.148392410948873,1,117,36.939453125
spectrum,1225,2171936000,4096,8,8,62,4cd5e3c2,27.170357566908933,4,105,37.904296875
spectrum,1226,2173695680,4096,8,8,61,4ee24e8d,27.19232780195307,3,119,41.884765625
spectrum,1227,2175455440,4096,8,8,72,cb6f7e99,27.21349456894677,4,119,42.470703125
spectrum,1228,2177215440,4096,8,8,63,b1041c38,27.236326050944626,4,108,37.998046875
spectrum,1229,2178975680,4096,8,8,60,c881c30d,27.258345238980837,5,116,41.79296875
spectrum,1230,2180735680,4096,8,8,64,c2649656,27.280432294937782,4,104,38.32421875
spectrum,1231,2182495680,4096,8,8,64,d9f2f4d5,27.301483442890458,4,94,36.935546875
spectrum,1232,2184255440,4096,8,8,60,69a24916,27.32355613191612,4,109,39.44140625
spectrum,1233,2186015440,4096,8,8,61,5528b5d4,27.347538268892094,4,121,40.44921875
spectrum,1234,2187856000,4096,8,8,62,05f030c5,27.36933398398105,2,88,35.005859375
spectrum,1235,2189615680,4096,8,8,60,f3b06086,27.39152733096853,0,106,37.22265625
spectrum,1236,2191456000,4096,8,8,60,33cb1563,27.414543381892145,4,90,33.2421875
spectrum,1237,2193215680,4096,8,8,60,d605333e,27.43635097995866,3,110,36.169921875
spectrum,1238,2194976000,4096,8,8,59,3f661797,27.458499120897613,0,108,38.669921875
spectrum,1239,2196735680,4096,8,8,64,8aa6b7d3,27.480372783960775,3,91,36.513671875
spectrum,1240,2198495680,4096,8,8,64,e9f4cf91,27.501513210940175,1,109,39.552734375
spectrum,1241,2200255440,4096,8,8,72,2c7a065d,27.523527558892965,1,124,45.05078125
spectrum,1242,2202015440,4096,8,8,33,8aac5e79,27.54630373697728,4,117,37.875
spectrum,1243,2203856000,4096,8,8,58,caa02d71,27.570764417992905,0,98,35.201171875
spectrum,1244,2205615440,4096,8,8,33,438f6f3b,27.59139355889056,2,125,40.73828125
spectrum,1245,2207375680,4096,8,8,62,58acc316,27.61255373293534,0,89,35.224609375
spectrum,1246,2209135440,4096,8,8,59,2a092cfe,27.634577148943208,1,98,35.82421875
spectrum,1247,2210896000,4096,8,8,61,9b61d64d,27.657243328983895,1,106,36.96484375
spectrum,1248,2212735680,4096,8,8,61,43d2e7fa,27.68037611094769,2,106,37.177734375
spectrum,1249,2214496000,4096,8,8,61,69033972,27.70235467189923,3,89,35.52734375
spectrum,1250,2216255440,4096,8,8,63,799c4ed3,27.723546174936928,0,89,35.583984375
spectrum,1251,2218015440,4096,8,8,60,70decac3,27.74712124292273,3,110,36.6015625
spectrum,1252,2219856000,4096,8,8,62,8b1c1058,27.769363511935808,3,106,36.896484375
spectrum,1253,2221615680,4096,8,8,62,b9fbab26,27.791372079984285,1,99,35.796875
spectrum,1254,2223375680,4096,8,8,60,b231e203,27.81252728495747,4,87,34.265625
spectrum,1255,2225135440,4096,8,8,36,4b538d40,27.83449555595871,4,109,39.78125
spectrum,1256,2226895440,4096,8,8,62,d44cd65d,27.85734769690316,1,104,36.75
spectrum,1257,2228655680,4096,8,8,60,eb8a8d35,27.879336577956565,1,103,36.7421875
spectrum,1258,2230416000,4096,8,8,59,4ae17dc5,27.901315448922105,1,93,34.552734375
spectrum,1259,2232175680,4096,8,8,63,f1465504,27.922496642917395,4,91,35.892578125
spectrum,1260,2233935680,4096,8,8,60,761dda95,27.944573218934238,3,89,35.046875
spectrum,1261,2235696000,4096,8,8,60,75f34b65,27.967353324987926,1,105,38.744140625
spectrum,1262,2237455680,4096,8,8,37,428bc73c,27.98941429099068,4,111,41.013671875
spectrum,1263,2239215680,4096,8,8,72,b3267ff4,28.01057465595659,4,123,45.32421875
spectrum,1264,2240976000,4096,8,8,60,ee56c412,28.033335945918225,0,108,38.94140625
spectrum,1265,2242735680,4096,8,8,63,6b7a437d,28.055703220888972,4,91,36.94921875
spectrum,1266,2244495680,4096,8,8,62,af5ffffe,28.077624373952858,2,109,38.236328125
spectrum,1267,2246335680,4096,8,8,62,2f6f14e7,28.100376545917243,4,110,36.48046875
spectrum,1268,2248095680,4096,8,8,61,d61e1818,28.122378460946493,2,108,39.037109375
spectrum,1269,2249855680,4096,8,8,62,83d3cf95,28.143499962985516,3,103,36.087890625
spectrum,1270,2251615440,4096,8,8,32,025f39e9,28.166408379911445,5,116,38.20703125
spectrum,1271,2253456000,4096,8,8,60,af5722e0,28.189352996996604,4,93,34.173828125
spectrum,1272,2255295680,4096,8,8,62,f17ffa9e,28.2123063999461,0,95,37.28515625
spectrum,1273,2257055440,4096,8,8,59,e0270105,28.23352219897788,3,104,39.4765625
spectrum,1274,2258815440,4096,8,8,63,c1d36e80,28.25629568193108,0,107,37.041015625
spectrum,1275,2260576000,4096,8,8,61,2bcbcb2e,28.27841496898327,2,106,36.013671875
spectrum,1276,2262335680,4096,8,8,62,1468afa8,28.30034969688859,4,109,37.791015625
spectrum,1277,2264095680,4096,8,8,60,331ff9ba,28.321521803969517,0,89,34.837890625
spectrum,1278,2265855440,4096,8,8,62,e5824ed2,28.343572189914994,3,93,34.984375
spectrum,1279,2267615440,4096,8,8,59,47e1a255,28.36736769392155,2,121,36.337890625
spectrum,1280,2269455680,4096,8,8,59,5bb57086,28.38932809093967,3,91,33.8125
spectrum,1281,2271216320,4096,8,8,62,35ded563,28.411373557988554,4,98,36.998046875
spectrum,1282,2272975680,4096,8,8,63,c6e6bb76,28.432541416957974,5,105,37.419921875
spectrum,1283,2274735680,4096,8,8,63,558fca13,28.454567597946152,3,108,37.701171875
spectrum,1284,2276495680,4096,8,8,60,9a673938,28.47738728800323,4,106,36.01953125
spectrum,1285,2278256000,4096,8,8,61,251e5ca5,28.499411875964142,2,110,37.50390625
spectrum,1286,2280015680,4096,8,8,60,c850cd36,28.521448876941577,20,126,72.017578125
spectrum,1287,2281775440,4096,8,8,72,0ea7b220,28.542532327002846,4,127,45.03515625
spectrum,1288,2283535440,4096,8,8,62,40d99b0f,28.56534136692062,3,118,36.365234375
spectrum,1289,2285295680,4096,8,8,59,3a605e8e,28.587381212972105,0,108,37.49609375
spectrum,1290,2287055680,4096,8,8,60,e22ebe9b,28.6093513679225,4,109,39.119140625
spectrum,1291,2288815680,4096,8,8,72,5a4cd656,28.630519988946617,3,111,39.779296875
spectrum,1292,2290575440,4096,8,8,61,09b7cf12,28.652576647000387,5,108,37.134765625
spectrum,1293,2292335440,4096,8,8,61,aa8c4aa6,28.675377260893583,3,90,34.283203125
spectrum,1294,2294095680,4096,8,8,61,0315ee87,28.697328149923123,4,95,35.083984375
spectrum,1295,2295856000,4096,8,8,62,47e4a884,28.719365200959146,0,93,35.248046875
spectrum,1296,2297695680,4096,8,8,61,042e0138,28.74158890498802,0,104,37.265625
spectrum,1297,2299455680,4096,8,8,61,29ca8c02,28.764685097965412,4,102,37.28125
spectrum,1298,2301226000,4096,8,8,60,4c766c27,28.786339595913887,3,112,40.587890625
spectrum,1299,2302975680,4096,8,8,60,18056bc0,28.80837777990382,4,106,39.03125
spectrum,1300,2304815680,4096,8,8,61,1f4fd20f,28.830495593952946,5,106,36.88671875
spectrum,1301,2306575440,4096,8,8,61,e707f2a6,28.852516624960117,3,85,34.19921875
spectrum,1302,2308335440,4096,8,8,64,8ef1ef4e,28.875403862912208,4,101,36.197265625
spectrum,1303,2310095680,4096,8,8,35,3bd730e8,28.9002031639684,1,110,39.810546875
spectrum,1304,2311855680,4096,8,8,60,4fc62e8c,28.919418562902138,5,110,36.74609375
spectrum,1305,2313615680,4096,8,8,62,871738fe,28.940563027979806,0,87,35.03125
spectrum,1306,2315375440,4096,8,8,62,5e94d595,28.964504898991436,3,92,35.4375
spectrum,1307,2317135440,4096,8,8,72,cf1fcb90,28.985605179914273,4,116,39.33984375
spectrum,1308,2318976000,4096,8,8,36,1f4083d7,29.00877011299599,5,106,38.1796875
spectrum,1309,2320736000,4096,8,8,60,f96f7e5c,29.030433366890065,0,110,37.029296875
spectrum,1310,2322495440,4096,8,8,61,39ef03d1,29.052363776951097,4,94,35.36328125
spectrum,1311,2324255680,4096,8,8,60,9dca1f10,29.074363888939843,3,111,37.2578125
spectrum,1312,2326016000,4096,8,8,62,68fdbe88,29.096373197971843,3,104,37.41796875
spectrum,1313,2327775680,4096,8,8,61,8b04ec0f,29.11836680700071,3,110,36.9921875
spectrum,1314,2329615680,4096,8,8,60,69e61e21,29.14050169289112,4,95,33.677734375
spectrum,1315,2331375440,4096,8,8,72,07f26933,29.16259262699168,4,111,39.625
spectrum,1316,2333135440,4096,8,8,62,9c194890,29.186585763935,0,119,36.4375
spectrum,1317,2334976000,4096,8,8,72,478f15a8,29.2086708759889,2,124,45.205078125
spectrum,1318,2336736320,4096,8,8,60,851b2423,29.23036983900238,3,117,41.98046875
spectrum,1319,2338495680,4096,8,8,62,be87b919,29.25174016994424,2,99,35.068359375
spectrum,1320,2340255680,4096,8,8,61,2f9fe3a0,29.273512532003224,4,94,34.6328125
spectrum,1321,2342016000,4096,8,8,63,f1ac0356,29.29647275689058,5,110,40.015625
spectrum,1322,2343775680,4096,8,8,37,1dee44ae,29.318378139985725,5,116,41.564453125
spectrum,1323,2345535680,4096,8,8,62,26f2fb26,29.339596123900265,1,97,34.744140625
spectrum,1324,2347295440,4096,8,8,60,bd2180f2,29.361543384962715,4,114,41.705078125
spectrum,1325,2349055440,4096,8,8,63,d4ab5ba1,29.384401617920958,3,112,37.8125
spectrum,1326,2350895680,4096,8,8,63,f916a0a6,29.40738759294618,3,111,36.478515625
spectrum,1327,2352655680,4096,8,8,60,16c08b6d,29.429413813981228,0,110,37.0
spectrum,1328,2354415680,4096,8,8,72,1938623c,29.4505697399145,1,122,42.509765625
spectrum,1329,2356175440,4096,8,8,60,376031e4,29.47256095497869,2,100,34.197265625
spectrum,1330,2357935440,4096,8,8,62,0b531c7f,29.495456086937338,0,94,34.78515625
spectrum,1331,2359695680,4096,8,8,63,ff480677,29.517413457971998,4,118,42.359375
spectrum,1332,2361536000,4096,8,8,60,42c5150e,29.540352273965254,8,125,50.857421875
spectrum,1333,2363295680,4096,8,8,72,c836f344,29.563228940940462,4,117,43.966796875
spectrum,1334,2365056000,4096,8,8,63,affcba87,29.58361078496091,0,104,34.705078125
spectrum,1335,2366816000,4096,8,8,59,77b5bcb5,29.606355453957804,0,106,35.849609375
spectrum,1336,2368575680,4096,8,8,60,34107f9d,29.628348471946083,4,105,34.630859375
spectrum,1337,2370335680,4096,8,8,60,1890d1ce,29.649527170928195,3,107,37.361328125
spectrum,1338,2372095440,4096,8,8,35,83401d15,29.671555385924876,2,105,37.140625
spectrum,1339,2373855440,4096,8,8,60,bf41ca4c,29.69437991490122,4,110,37.55859375
spectrum,1340,2375615680,4096,8,8,60,5368404f,29.71635227499064,4,103,37.521484375
spectrum,1341,2377375680,4096,8,8,63,374d6ccc,29.738327348954044,3,91,36.08203125
spectrum,1342,2379135680,4096,8,8,72,ef777d8c,29.75973535096273,1,103,37.51171875
spectrum,1343,2380895440,4096,8,8,62,d4f0a7a0,29.781548048951663,2,101,36.625
spectrum,1344,2382655440,4096,8,8,60,ad690e08,29.80446067498997,0,122,35.951171875
spectrum,1345,2384496320,4096,8,8,62,3ad16f6b,29.82670218194835,2,89,35.53125
spectrum,1346,2386255680,4096,8,8,60,aa56a39c,29.848912370973267,4,107,37.533203125
spectrum,1347,2388015440,4096,8,8,61,a33e36c8,29.872120033949614,4,105,36.91796875
spectrum,1348,2389775680,4096,8,8,61,e1c941b1,29.896266701980494,1,87,34.03125
spectrum,1349,2391535680,4096,8,8,61,6aa2bace,29.915399094927125,5,113,38.982421875
spectrum,1350,2393295680,4096,8,8,62,fb824a74,29.937371623935178,2,87,34.708984375
spectrum,1351,2395055680,4096,8,8,61,8a487535,29.958552186959423,1,88,34.654296875
spectrum,1352,2396815440,4096,8,8,63,d3c11b91,29.98136713798158,4,89,35.865234375
spectrum,1353,2398575680,4096,8,8,58,b83e2e1a,30.00342090090271,3,89,34.267578125
spectrum,1354,2400415680,4096,8,8,29,2416d1e3,30.026780060958117,0,106,36.630859375
spectrum,1355,2402175680,4096,8,8,63,c093e55a,30.049993705935776,4,90,34.552734375
spectrum,1356,2404016000,4096,8,8,60,619d8229,30.070583712891676,0,90,33.6953125
spectrum,1357,2405775680,4096,8,8,60,484c0457,30.092413862934336,4,87,35.205078125
spectrum,1358,2407536000,4096,8,8,60,b04b713c,30.11540739191696,3,112,37.404296875
spectrum,1359,2409375680,4096,8,8,62,890eca65,30.13838718389161,6,122,43.076171875
spectrum,1360,2411135680,4096,8,8,63,932587c2,30.1595491518965,5,115,41.30078125
spectrum,1361,2412895440,4096,8,8,72,4718fedd,30.182190986932255,4,123,43.51171875
spectrum,1362,2414655440,4096,8,8,61,5db372ae,30.204921397962607,0,106,37.947265625
spectrum,1363,2416415680,4096,8,8,60,35ea7aa2,30.226367812952958,4,109,40.130859375
spectrum,1364,2418175680,4096,8,8,72,4b0e6066,30.24836027994752,5,116,40.6953125
spectrum,1365,2419935680,4096,8,8,61,4b82ffa8,30.26941846194677,0,92,34.572265625
spectrum,1366,2421695440,4096,8,8,60,9a1f27bf,30.291814301977865,5,97,33.923828125
spectrum,1367,2423455440,4096,8,8,72,2126db98,30.31493073294405,3,115,39.189453125
spectrum,1368,2425295680,4096,8,8,62,db40e167,30.336570512969047,4,91,35.3125
spectrum,1369,2427056320,4096,8,8,61,179206c4,30.359435258898884,3,92,34.740234375
spectrum,1370,2428815680,4096,8,8,61,58e523d8,30.38058815896511,3,88,34.498046875
spectrum,1371,2430575680,4096,8,8,61,b8be9d91,30.40245656191837,5,94,34.5625
spectrum,1372,2432335680,4096,8,8,61,2080a228,30.42540157889016,2,108,36.376953125
spectrum,1373,2434095680,4096,8,8,62,3901d01a,30.447454810957424,4,113,39.673828125
spectrum,1374,2435855680,4096,8,8,62,11a1b368,30.470295820967294,0,101,37.52734375
spectrum,1375,2437615680,4096,8,8,62,cb50d652,30.491380402934738,4,110,39.38671875
spectrum,1376,2439375680,4096,8,8,64,da5b3b3c,30.513595410971902,3,91,35.8671875
spectrum,1377,2441135680,4096,8,8,36,6615540a,30.53535705199465,3,112,39.3203125
spectrum,1378,2442895680,4096,8,8,60,526d45b4,30.557402658974752,3,123,45.662109375
spectrum,1379,2444655680,4096,8,8,62,60854064,30.57958103797864,5,93,35.447265625
spectrum,1380,2446416000,4096,8,8,62,0e927efc,30.60059215989895,4,87,35.521484375
spectrum,1381,2448175680,4096,8,8,62,cc82d18b,30.623680988908745,3,117,36.744140625
spectrum,1382,2450016320,4096,8,8,61,a5902d6d,30.64640387694817,4,120,40.291015625
spectrum,1383,2451775680,4096,8,8,60,46267161,30.668347250903025,2,117,42.205078125
spectrum,1384,2453535440,4096,8,8,63,8559544b,30.68946344195865,0,103,39.021484375
spectrum,1385,2455295440,4096,8,8,60,fc6b4bbb,30.712332936935127,2,90,34.13671875
spectrum,1386,2457055680,4096,8,8,64,a249004a,30.734500043909065,2,108,40.083984375
spectrum,1387,2458815680,4096,8,8,61,e874eb57,30.756423119921237,3,102,37.271484375
spectrum,1388,2460575680,4096,8,8,61,9e84f9ae,30.777509604929946,2,88,34.390625
spectrum,1389,2462335440,4096,8,8,61,e4b2f681,30.799461594899185,3,86,34.173828125
spectrum,1390,2464095440,4096,8,8,61,8ad21fdd,30.82238329795655,2,107,37.740234375
spectrum,1391,2465855680,4096,8,8,31,4eeff38b,30.844285304890946,1,110,38.81640625
spectrum,1392,2467695680,4096,8,8,64,7175e615,30.86743184295483,8,125,50.486328125
spectrum,1393,2469456640,4096,8,8,60,c8b17868,30.88937438488938,1,99,35.0078125
spectrum,1394,2471215680,4096,8,8,36,f218d889,30.910506646963768,4,120,41.927734375
spectrum,1395,2472975680,4096,8,8,60,394ecb35,30.93346885696519,3,107,35.259765625
spectrum,1396,2474815680,4096,8,8,60,e9f55c59,30.956371643929742,1,97,33.818359375
spectrum,1397,2476575680,4096,8,8,62,b399bbae,30.97835625591688,1,87,35.310546875
spectrum,1398,2478335680,4096,8,8,60,54c8f7fb,30.99995713296812,1,113,38.333984375
spectrum,1399,2480095440,4096,8,8,60,3ef20ccc,31.022609546897,0,120,47.55859375
spectrum,1400,2481855680,4096,8,8,35,b8f0d49b,31.044621901935898,2,120,35.23828125
spectrum,1401,2483695680,4096,8,8,61,2562c9d8,31.067375176935457,4,105,36.8359375
spectrum,1402,2485455680,4096,8,8,62,552afbf8,31.08841568499338,0,90,35.15234375
spectrum,1403,2487215440,4096,8,8,60,5e3d9328,31.110428640968166,1,96,34.095703125
spectrum,1404,2488975440,4096,8,8,60,dfdf5d5b,31.133389337919652,0,91,33.70703125
spectrum,1405,2490816000,4096,8,8,61,ab432571,31.155633399961516,3,91,34.63671875
spectrum,1406,2492576000,4096,8,8,61,250fdd45,31.1776016819058,4,92,33.69921875
spectrum,1407,2494335680,4096,8,8,36,32d788bc,31.200408286997117,4,112,39.478515625
spectrum,1408,2496095680,4096,8,8,34,62ed0299,31.221472489996813,4,98,36.638671875
spectrum,1409,2497856000,4096,8,8,35,7d4ae617,31.24448156892322,1,112,37.32421875
spectrum,1410,2499695680,4096,8,8,63,331c6ec1,31.268024635966867,3,90,35.21875
spectrum,1411,2501535680,4096,8,8,64,e56418c7,31.290374226984568,5,113,44.529296875
spectrum,1412,2503375680,4096,8,8,61,7957b057,31.312450081924908,3,119,40.107421875
spectrum,1413,2505135440,4096,8,8,72,ad5f7a1c,31.33542363299057,4,121,41.748046875
spectrum,1414,2506895680,4096,8,8,30,cd72c1aa,31.35909297899343,4,120,42.05859375
spectrum,1415,2508655680,4096,8,8,36,622096a6,31.379250097903423,5,112,39.14453125
spectrum,1416,2510495680,4096,8,8,60,647fbea5,31.401479502907023,4,99,33.56640625
spectrum,1417,2512255440,4096,8,8,60,79d10afc,31.4234351599589,4,93,33.935546875
spectrum,1418,2514016320,4096,8,8,60,60d30605,31.446346773998812,3,114,41.373046875
spectrum,1419,2515775680,4096,8,8,62,551aa6f4,31.468328651972115,0,97,34.427734375
spectrum,1420,2517535680,4096,8,8,62,910375e8,31.48956183390692,3,89,35.216796875
spectrum,1421,2519295440,4096,8,8,62,1621a5af,31.511454071966,4,93,35.775390625
spectrum,1422,2521055440,4096,8,8,64,edc69319,31.53436328098178,0,105,36.6328125
spectrum,1423,2522815680,4096,8,8,60,a6149244,31.55635278299451,0,107,37.328125
spectrum,1424,2524575680,4096,8,8,62,2664935e,31.578397117904387,3,90,34.60546875
spectrum,1425,2526335680,4096,8,8,59,720cb688,31.59941769798752,4,90,33.248046875
spectrum,1426,2528095440,4096,8,8,62,257a75e4,31.62244252592791,0,119,40.7265625
spectrum,1427,2529855680,4096,8,8,60,29ed168a,31.644390248926356,2,118,36.734375
spectrum,1428,2531695680,4096,8,8,62,212c8f9a,31.666643559001386,4,90,35.220703125
spectrum,1429,2533456320,4096,8,8,62,c13082c6,31.688585500931367,5,93,37.482421875
spectrum,1430,2535215680,4096,8,8,62,8a499c09,31.710406382917427,5,112,41.630859375
spectrum,1431,2536975680,4096,8,8,61,127ccabc,31.732451068935916,4,88,34.29296875
spectrum,1432,2538735680,4096,8,8,60,ce0defe7,31.755394352949224,5,108,36.349609375
spectrum,1433,2540495680,4096,8,8,61,a40b36e2,31.777422457933426,1,110,39.81640625
spectrum,1434,2542255680,4096,8,8,60,e1c59a5c,31.79847452789545,0,90,33.994140625
spectrum,1435,2544015440,4096,8,8,60,857e4071,31.82073081296403,6,95,33.892578125
spectrum,1436,2545775440,4096,8,8,60,a6bc1116,31.843390300986357,4,122,42.38671875
spectrum,1437,2547535680,4096,8,8,60,6a7d579e,31.86539918894414,3,113,37.92578125
spectrum,1438,2549295680,4096,8,8,60,aecb9dc3,31.887380755972117,2,94,34.150390625
spectrum,1439,2551055680,4096,8,8,62,b2ae122c,31.90843662293628,0,102,37.900390625
spectrum,1440,2552815440,4096,8,8,61,408c4cdc,31.930477050947957,1,85,33.859375
spectrum,1441,2554575440,4096,8,8,72,57be500c,31.953517838963307,2,121,40.935546875
spectrum,1442,2556336000,4096,8,8,61,69e54b24,31.97530155093409,2,100,36.45703125
spectrum,1443,2558096000,4096,8,8,64,6542ee72,31.99682434089482,4,97,36.48046875
spectrum,1444,2559855680,4096,8,8,61,db173cba,32.018446467933245,2,92,34.10546875
spectrum,1445,2561615680,4096,8,8,60,f430a10e,32.04238948097918,4,115,41.400390625
spectrum,1446,2563375680,4096,8,8,34,77b7d163,32.06574369198643,1,114,36.400390625
spectrum,1447,2565215680,4096,8,8,61,360d0dbc,32.08635200292338,1,94,35.6875
spectrum,1448,2566975680,4096,8,8,63,dd3e05f5,32.1074239409063,5,89,36.251953125
spectrum,1449,2568735440,4096,8,8,60,4d5511e0,32.12969296099618,3,95,34.822265625
spectrum,1450,2570495440,4096,8,8,62,cbdcc0d3,32.152369530987926,3,86,34.744140625
spectrum,1451,2572255680,4096,8,8,62,4119a918,32.17462857090868,3,114,37.744140625
spectrum,1452,2574095680,4096,8,8,72,db618aed,32.19741855491884,3,113,40.798828125
spectrum,1453,2575856000,4096,8,8,61,4ea61d1c,32.21946688799653,0,107,36.1171875
spectrum,1454,2577615440,4096,8,8,63,1a3e4810,32.241098673897795,3,100,35.791015625
spectrum,1455,2579376320,4096,8,8,34,c7cd6628,32.26438410393894,4,115,36.375
spectrum,1456,2581215680,4096,8,8,60,501300e2,32.28649615694303,0,88,34.52734375
spectrum,1457,2582975680,4096,8,8,63,9e26dbfd,32.307585908914916,0,88,35.765625
spectrum,1458,2584735440,4096,8,8,62,24e32eb2,32.33084760396741,5,106,37.521484375
spectrum,1459,2586495680,4096,8,8,61,1c102594,32.352375122951344,4,93,35.828125
spectrum,1460,2588255680,4096,8,8,60,58fb54e7,32.374397495994344,3,106,37.03125
spectrum,1461,2590015680,4096,8,8,60,dfd40850,32.39641975995619,4,107,39.984375
spectrum,1462,2591775680,4096,8,8,63,4763ced3,32.41749516397249,0,92,36.298828125
spectrum,1463,2593535440,4096,8,8,72,a70f7501,32.44085668795742,5,119,41.486328125
spectrum,1464,2595375680,4096,8,8,62,1039dbef,32.46452012297232,4,88,35.31640625
spectrum,1465,2597136320,4096,8,8,63,d81c3882,32.48544023290742,2,97,37.970703125
spectrum,1466,2598896000,4096,8,8,62,1aaf179a,32.506582313915715,4,92,35.685546875
spectrum,1467,2600655440,4096,8,8,60,fcc38928,32.53027826990001,4,114,38.3671875
spectrum,1468,2602415680,4096,8,8,61,3797fac8,32.55232741392683,4,92,34.796875
spectrum,1469,2604176000,4096,8,8,34,11f46cdb,32.57338804996107,2,124,32.791015625
spectrum,1470,2606015680,4096,8,8,61,be15514a,32.59646318294108,2,96,36.447265625
spectrum,1471,2607775680,4096,8,8,60,b6319f5a,32.61748658888973,4,90,34.97265625
spectrum,1472,2609535440,4096,8,8,62,4ca444c4,32.63947583991103,5,101,36.087890625
spectrum,1473,2611295440,4096,8,8,61,f044fab1,32.66336230689194,4,86,34.376953125
spectrum,1474,2613055680,4096,8,8,60,3b71df4c,32.68449348595459,0,106,37.16796875
spectrum,1475,2614815680,4096,8,8,60,31aa6879,32.7063332949765,3,89,35.041015625
spectrum,1476,2616655680,4096,8,8,61,ed735109,32.728699026978575,12,144,59.01171875
spectrum,1477,2618415440,4096,8,8,64,491e0762,32.752423667931,3,92,35.263671875
spectrum,1478,2620175440,4096,8,8,72,706fcd90,32.773435551906005,0,118,40.517578125
spectrum,1479,2622016320,4096,8,8,63,b8d46fae,32.79682090098504,0,95,36.49609375
spectrum,1480,2623775680,4096,8,8,61,a7f2e43b,32.81848914490547,2,91,34.07421875
spectrum,1481,2625535440,4096,8,8,60,70152699,32.83944922196679,2,105,37.396484375
spectrum,1482,2627295440,4096,8,8,61,cd29c347,32.86258197389543,0,100,35.697265625
spectrum,1483,2629055680,4096,8,8,60,9c45965e,32.88450537994504,7,104,38.208984375
spectrum,1484,2630815680,4096,8,8,61,39cbc913,32.906450086971745,3,104,39.017578125
spectrum,1485,2632575680,4096,8,8,60,5dca4675,32.92748152790591,0,92,33.896484375
spectrum,1486,2634335440,4096,8,8,62,f95c195d,32.94948965497315,4,90,35.55078125
spectrum,1487,2636095440,4096,8,8,60,c8488c74,32.9722589799203,2,104,34.953125
spectrum,1488,2637935680,4096,8,8,31,7a801eca,32.99539651093073,1,111,39.138671875
spectrum,1489,2639696000,4096,8,8,60,62553e07,33.01745346991811,4,87,34.7890625
spectrum,1490,2641455680,4096,8,8,60,e48b1eff,33.03859843593091,3,116,43.064453125
spectrum,1491,2643216000,4096,8,8,60,12a9cfcd,33.06157857889775,8,120,49.84375
spectrum,1492,2644976000,4096,8,8,62,fc72eac2,33.08361002989113,2,110,36.96484375
spectrum,1493,2646735680,4096,8,8,62,2a1ffeb8,33.10540710797068,4,89,34.939453125
spectrum,1494,2648495680,4096,8,8,60,80c2e3ec,33.126612607971765,4,115,39.728515625
spectrum,1495,2650255440,4096,8,8,42,d62f4ea3,33.14843530394137,2,108,37.2890625
spectrum,1496,2652015440,4096,8,8,72,aec991a0,33.17135892098304,3,114,39.35546875
spectrum,1497,2653856000,4096,8,8,34,0c7ce119,33.19447885896079,1,120,35.826171875
spectrum,1498,2655695680,4096,8,8,56,4a187455,33.21747883991338,7,111,61.623046875
spectrum,1499,2657455680,4096,8,8,32,4dbfbded,33.238597765914164,5,108,35.73046875
spectrum,1500,2659215440,4096,8,8,61,1c450153,33.26059686590452,0,93,34.734375
spectrum,1501,2660975440,4096,8,8,59,bcfb470d,33.283172554918565,2,95,34.78125
spectrum,1502,2662736320,4096,8,8,61,efb70106,33.307603499968536,0,106,36.697265625
spectrum,1503,2664495680,4096,8,8,43,ab21dbde,33.3266747869784,1,107,38.16796875
spectrum,1504,2666255440,4096,8,8,60,23f33fe6,33.348543870961294,0,106,38.615234375
spectrum,1505,2668015440,4096,8,8,61,c68d4523,33.370671332930215,0,104,36.8046875
spectrum,1506,2669776320,4096,8,8,34,45eea499,33.395991477998905,4,109,41.8359375
spectrum,1507,2671615680,4096,8,8,59,f30f8f2d,33.416424738941714,3,109,36.505859375
spectrum,1508,2673375680,4096,8,8,59,8592378e,33.4402552699903,0,100,37.673828125
spectrum,1509,2675135680,4096,8,8,42,c9169d24,33.45958151889499,5,109,42.990234375
spectrum,1510,2676895440,4096,8,8,63,4a9923ef,33.48241096793208,4,95,36.140625
spectrum,1511,2678655680,4096,8,8,61,abf92724,33.50354438088834,4,116,41.41796875
spectrum,1512,2680415440,4096,8,8,60,7016eec9,33.526417612913065,4,92,34.62890625
spectrum,1513,2682176000,4096,8,8,63,6289cf1c,33.54753479594365,2,91,36.044921875
spectrum,1514,2683935440,4096,8,8,72,61bff9ce,33.56950657395646,3,122,43.865234375
spectrum,1515,2685695440,4096,8,8,61,3d7e6076,33.59247932396829,1,119,37.6015625
spectrum,1516,2687536000,4096,8,8,60,cbad98ef,33.61462856689468,3,94,35.3515625
spectrum,1517,2689295680,4096,8,8,60,c6cc6d9f,33.63663780596107,2,95,35.5546875
spectrum,1518,2691056000,4096,8,8,60,12ac833d,33.658625834970735,1,97,33.6796875
spectrum,1519,2692815680,4096,8,8,72,63e512e3,33.680600377963856,4,125,45.0390625
spectrum,1520,2694575680,4096,8,8,59,5f221b59,33.703444483922794,0,109,36.19921875
spectrum,1521,2696335680,4096,8,8,62,dfe65bf1,33.725435970001854,0,106,37.57421875
spectrum,1522,2698095680,4096,8,8,72,fc2f734c,33.746598417987116,3,111,39.3984375
spectrum,1523,2699855440,4096,8,8,61,38af113b,33.768556830938905,3,109,35.84765625
spectrum,1524,2701615440,4096,8,8,61,08aab378,33.79143253690563,2,117,38.26171875
spectrum,1525,2703456000,4096,8,8,28,28a438aa,33.81446949800011,2,119,42.091796875
spectrum,1526,2705215680,4096,8,8,60,091fb485,33.83642751991283,2,89,35.224609375
spectrum,1527,2707055680,4096,8,8,59,f89b4529,33.85942547698505,4,100,33.712890625
spectrum,1528,2708815680,4096,8,8,60,36edd829,33.880482847918756,1,120,42.92578125
spectrum,1529,2710576000,4096,8,8,62,e9897631,33.90341572195757,3,106,36.76953125
spectrum,1530,2712335680,4096,8,8,72,9776fb9e,33.92548317089677,5,110,38.751953125
spectrum,1531,2714095680,4096,8,8,61,845603a5,33.946668311953545,1,92,34.4296875
spectrum,1532,2715855440,4096,8,8,61,8e334e4a,33.968500946997665,3,91,36.681640625
spectrum,1533,2717615440,4096,8,8,64,fc635b10,33.991482793935575,2,97,36.703125
spectrum,1534,2719375680,4096,8,8,62,b519e6bc,34.014971317956224,2,106,36.8359375
spectrum,1535,2721135680,4096,8,8,60,4e624f6e,34.03557511093095,4,95,34.99609375
spectrum,1536,2722975680,4096,8,8,61,2602163f,34.05798772198614,2,86,34.5234375
spectrum,1537,2724735440,4096,8,8,61,9fee1681,34.079469243995845,2,93,34.515625
spectrum,1538,2726495440,4096,8,8,63,27ecd280,34.10243217495736,3,104,37.353515625
spectrum,1539,2728256000,4096,8,8,63,4aa423f4,34.123638596967794,0,106,38.689453125
spectrum,1540,2730016320,4096,8,8,62,56616079,34.14648762193974,1,89,35.091796875
spectrum,1541,2731775680,4096,8,8,61,28bfb220,34.167472184984945,4,100,38.359375
spectrum,1542,2733535440,4096,8,8,63,c0735a1a,34.19081278995145,3,107,37.82421875
spectrum,1543,2735296000,4096,8,8,61,a3acda86,34.21244785096496,2,105,36.517578125
spectrum,1544,2737055680,4096,8,8,60,3e2f390d,34.23480650992133,2,102,39.236328125
spectrum,1545,2738815680,4096,8,8,62,2f7dc6d8,34.25546192098409,8,123,48.580078125
spectrum,1546,2740575440,4096,8,8,72,4029f515,34.2784530549543,1,115,39.5625
spectrum,1547,2742335680,4096,8,8,61,426323ae,34.30043453199323,3,122,41.412109375
spectrum,1548,2744175680,4096,8,8,58,b292476d,34.32348946691491,4,111,38.00390625
spectrum,1549,2745936000,4096,8,8,60,4d9732fa,34.34544903191272,0,95,34.609375
spectrum,1550,2747695680,4096,8,8,62,5b37dbcd,34.36649828590453,1,89,35.529296875
spectrum,1551,2749455440,4096,8,8,60,9d77f4b4,34.38854707998689,10,124,51.1953125
spectrum,1552,2751215440,4096,8,8,72,be41d800,34.41147505491972,4,120,39.2265625
spectrum,1553,2753055680,4096,8,8,58,71ae854f,34.43444089090917,4,95,35.1796875
spectrum,1554,2754816000,4096,8,8,35,12d1da67,34.45598588290159,0,105,37.173828125
spectrum,1555,2756575680,4096,8,8,62,84124e26,34.477594023919664,0,93,35.404296875
spectrum,1556,2758335440,4096,8,8,60,60b066cf,34.4996471159393,3,99,34.30859375
spectrum,1557,2760095680,4096,8,8,60,00d87338,34.5224494029535,3,95,33.416015625
spectrum,1558,2761935680,4096,8,8,64,2e7337de,34.54564541392028,0,107,38.615234375
spectrum,1559,2763695680,4096,8,8,60,b94fc776,34.56656543491408,3,93,34.96484375
spectrum,1560,2765455440,4096,8,8,63,8b6429b8,34.588435521000065,0,93,36.193359375
spectrum,1561,2767215440,4096,8,8,61,e8c7064f,34.611841338919476,4,116,39.642578125
spectrum,1562,2769056000,4096,8,8,31,3637076a,34.634749836986884,0,109,36.50390625
spectrum,1563,2770815680,4096,8,8,62,25674d41,34.65643890097272,4,105,36.673828125
spectrum,1564,2772575680,4096,8,8,62,7e9dc904,34.67843659792561,5,88,34.63671875
spectrum,1565,2774335680,4096,8,8,61,cb1f0899,34.699445145903155,4,91,34.57421875
spectrum,1566,2776096000,4096,8,8,62,f0a1aa2d,34.722466056002304,4,111,38.55859375
spectrum,1567,2777935680,4096,8,8,72,80e42324,34.74547684798017,4,115,39.724609375
spectrum,1568,2779695680,4096,8,8,61,854f4a3b,34.76644805492833,3,98,34.115234375
spectrum,1569,2781455440,4096,8,8,61,26ff8eb7,34.78842185693793,3,92,34.224609375
spectrum,1570,2783215440,4096,8,8,60,4b3e7a40,34.81142443290446,4,112,37.931640625
spectrum,1571,2784975680,4096,8,8,38,5cab3445,34.83347622200381,5,110,38.259765625
spectrum,1572,2786815680,4096,8,8,36,a9ba6de2,34.85645237797871,5,108,41.248046875
spectrum,1573,2788576000,4096,8,8,62,ad361e4d,34.87753803189844,1,94,35.1484375
spectrum,1574,2790335440,4096,8,8,62,4d8c0175,34.89947567495983,1,90,35.451171875
spectrum,1575,2792095440,4096,8,8,62,e939cc70,34.92251579195727,0,92,35.166015625
spectrum,1576,2793855680,4096,8,8,63,b0495635,34.94369993195869,3,92,36.576171875
spectrum,1577,2795616000,4096,8,8,60,e38337bd,34.96551805990748,4,86,33.8046875
spectrum,1578,2797375680,4096,8,8,61,5dfa825d,34.9873722048942,3,103,38.0390625
spectrum,1579,2799135680,4096,8,8,65,b325df46,35.00950005790219,2,98,37.59375
spectrum,1580,2800895680,4096,8,8,32,14ef3661,35.03245917195454,4,116,36.638671875
spectrum,1581,2802735680,4096,8,8,62,31979d22,35.055453041917644,0,107,37.78515625
spectrum,1582,2804495680,4096,8,8,72,e22726ea,35.07647664798424,1,127,45.189453125
spectrum,1583,2806256000,4096,8,8,61,b194f456,35.098508007940836,4,94,34.3046875
spectrum,1584,2808095680,4096,8,8,72,23d3bd2d,35.12246578896884,3,118,40.126953125
spectrum,1585,2809856000,4096,8,8,61,18b453de,35.144408131949604,4,106,38.630859375
spectrum,1586,2811615680,4096,8,8,63,84bda36e,35.166447046911344,0,103,36.234375
spectrum,1587,2813375680,4096,8,8,59,39adc98b,35.187547608977184,1,97,34.15234375
spectrum,1588,2815135440,4096,8,8,61,6dda9386,35.20959614193998,1,93,34.69921875
spectrum,1589,2816895440,4096,8,8,29,89b940c1,35.23249093396589,1,117,36.5703125
spectrum,1590,2818736000,4096,8,8,57,10dd1fc3,35.255747098941356,0,95,34.8359375
spectrum,1591,2820495680,4096,8,8,60,79c37f1c,35.27648383297492,1,121,43.744140625
spectrum,1592,2822255440,4096,8,8,60,e7bef315,35.29846729291603,1,99,37.744140625
spectrum,1593,2824015440,4096,8,8,50,2d53d904,35.32063582295086,7,141,60.43359375
spectrum,1594,2825775680,4096,8,8,36,4a18cf97,35.343436527997255,2,127,42.1171875
spectrum,1595,2827535680,4096,8,8,62,615f7021,35.36560926493257,4,93,34.6328125
spectrum,1596,2829375680,4096,8,8,33,9df34152,35.387398658902384,16,144,65.083984375
spectrum,1597,2831135440,4096,8,8,60,06df9c1a,35.40946166892536,4,89,34.1640625
spectrum,1598,2832895440,4096,8,8,60,2e5f8f3b,35.43146666989196,3,85,34.158203125
spectrum,1599,2834656640,4096,8,8,60,c825a48c,35.45349087694194,3,89,34.525390625
spectrum,1600,2836415680,4096,8,8,32,cd8c8f09,35.4764172489522,4,108,37.326171875
spectrum,1601,2838175680,4096,8,8,33,ea175142,35.49741099891253,6,130,47.65625
spectrum,1602,2839935440,4096,8,8,62,920deba7,35.51950773294084,1,89,34.560546875
spectrum,1603,2841696000,4096,8,8,60,9dcb424d,35.54241913696751,5,108,38.4140625
spectrum,1604,2843455680,4096,8,8,61,e868ece0,35.56450464995578,5,125,38.611328125
spectrum,1605,2845215680,4096,8,8,60,23196d02,35.58546963590197,10,129,47.306640625
spectrum,1606,2846975440,4096,8,8,31,49c4a267,35.607467923895456,15,146,68.49609375
spectrum,1607,2848735440,4096,8,8,61,604718c7,35.630345442914404,4,106,36.71875
spectrum,1608,2850575680,4096,8,8,34,71e74739,35.65403877396602,13,141,64.439453125
spectrum,1609,2852336000,4096,8,8,60,d5db16af,35.67544253892265,1,106,37.3515625
spectrum,1610,2854095680,4096,8,8,60,13379944,35.69746676599607,7,124,44.611328125
spectrum,1611,2855855680,4096,8,8,60,63f904a1,35.71849187591579,1,113,39.41015625
spectrum,1612,2857615440,4096,8,8,62,53cf8acf,35.74178913794458,2,90,34.21875
spectrum,1613,2859375680,4096,8,8,36,63601d4e,35.76253216492478,21,137,63.814453125
spectrum,1614,2861136000,4096,8,8,60,00f272f0,35.78622790996451,4,88,34.689453125
spectrum,1615,2862895680,4096,8,8,60,cbd44479,35.81025126494933,6,89,34.521484375
spectrum,1616,2864655440,4096,8,8,61,0c1c48f3,35.82933003595099,0,88,34.125
spectrum,1617,2866416000,4096,8,8,32,99a06134,35.851636135950685,2,120,36.603515625
spectrum,1618,2868255680,4096,8,8,60,5161b712,35.87553018692415,5,111,40.486328125
spectrum,1619,2870015680,4096,8,8,60,faa9e407,35.89679136197083,4,101,37.0078125
spectrum,1620,2871855680,4096,8,8,60,b5e4dacc,35.91952380689327,3,109,37.10546875
spectrum,1621,2873616000,4096,8,8,60,3e3a3775,35.94148278096691,1,89,35.255859375
spectrum,1622,2875375680,4096,8,8,34,a7b64db8,35.96354386792518,14,130,52.548828125
spectrum,1623,2877215680,4096,8,8,60,3d82c349,35.98567206191365,7,112,44.154296875
spectrum,1624,2878975680,4096,8,8,31,22f6e2f4,36.008115821983665,13,135,53.77734375
spectrum,1625,2880735440,4096,8,8,60,a7560547,36.03191133600194,6,88,34.01171875
spectrum,1626,2882496320,4096,8,8,33,a627f826,36.05227305192966,2,122,33.29296875
spectrum,1627,2884335680,4096,8,8,60,4183d3ae,36.074794908985496,3,103,37.263671875
spectrum,1628,2886095680,4096,8,8,58,9abccd1e,36.09653865697328,4,94,35.51171875
spectrum,1629,2887855440,4096,8,8,38,b3cad888,36.11848040798213,16,98,54.91015625
spectrum,1630,2889615440,4096,8,8,62,2bd8df20,36.14060887193773,4,108,38.51171875
spectrum,1631,2891375440,4096,8,8,72,d07115d5,36.1642615259625,15,143,62.54296875
spectrum,1632,2893215680,4096,8,8,60,966a5cfb,36.186470622895285,4,87,34.017578125
spectrum,1633,2894976000,4096,8,8,31,d2f564b8,36.207503846962936,5,128,43.11328125
spectrum,1634,2896735440,4096,8,8,61,255247e1,36.22950575198047,0,90,33.9375
spectrum,1635,2898495440,4096,8,8,61,91f8673d,36.25366225896869,11,129,63.12890625
spectrum,1636,2900255680,4096,8,8,42,1bc1d1e0,36.27479337796103,5,112,37.80859375
spectrum,1637,2902016320,4096,8,8,60,e3203f31,36.295520654995926,7,129,40.87109375
spectrum,1638,2903775680,4096,8,8,71,dd72e8c3,36.31754603399895,10,135,64.546875
spectrum,1639,2905535680,4096,8,8,62,6faeaf68,36.33949165290687,5,109,39.01953125
spectrum,1640,2907295680,4096,8,8,61,9a718fc6,36.36312467989046,2,125,34.60546875
spectrum,1641,2909055680,4096,8,8,15,8f3a24ab,36.384505560970865,4,106,37.474609375
spectrum,1642,2910895680,4096,8,8,61,0ef3779e,36.40748630592134,13,138,63.384765625
spectrum,1643,2912655680,4096,8,8,72,6faa5a65,36.428608608897775,4,112,41.326171875
spectrum,1644,2914415440,4096,8,8,60,682c7d18,36.451536112930626,2,109,35.931640625
spectrum,1645,2916176000,4096,8,8,34,ac693989,36.473428109893575,4,124,36.2109375
spectrum,1646,2917935680,4096,8,8,59,9f0d80a9,36.494654118898325,1,88,34.048828125
spectrum,1647,2919695680,4096,8,8,58,a53caf6e,36.51692861889023,4,91,34.86328125
spectrum,1648,2921455440,4096,8,8,32,fb61ddc6,36.53848349000327,4,100,36.63671875
spectrum,1649,2923215440,4096,8,8,61,58c06509,36.56056178896688,4,86,33.693359375
spectrum,1650,2924976000,4096,8,8,64,6dc1c5f0,36.58330561593175,6,131,52.326171875
spectrum,1651,2926735680,4096,8,8,64,3a2acf7e,36.60449453489855,2,92,34.43359375
spectrum,1652,2928495440,4096,8,8,60,947f1929,36.62647750391625,0,91,34.2734375
spectrum,1653,2930255440,4096,8,8,61,fde18c05,36.64850881497841,0,88,34.986328125
spectrum,1654,2932016000,4096,8,8,32,9ab382fd,36.671483897953294,2,112,36.9140625
spectrum,1655,2933855680,4096,8,8,61,47c8bebf,36.693656214978546,3,132,48.341796875
spectrum,1656,2935695680,4096,8,8,59,dda26c87,36.71661010896787,4,90,34.62109375
spectrum,1657,2937455440,4096,8,8,59,a186d2bc,36.73841635498684,3,96,35.634765625
spectrum,1658,2939215440,4096,8,8,60,48f53015,36.76066173997242,4,105,36.9375
spectrum,1659,2940976000,4096,8,8,30,51bcf3bb,36.7826652379008,2,106,36.6328125
spectrum,1660,2942736000,4096,8,8,60,66df66fd,36.804623129894026,4,106,38.732421875
spectrum,1661,2944495680,4096,8,8,60,5de3c70c,36.82660422497429,1,86,34.638671875
spectrum,1662,2946255440,4096,8,8,63,c43e1000,36.8493023859337,9,127,47.232421875
spectrum,1663,2948016000,4096,8,8,32,5dca3c8d,36.87185231689364,0,122,36.439453125
spectrum,1664,2949855680,4096,8,8,61,6a50dffa,36.89361669297796,4,91,34.107421875
spectrum,1665,2951615680,4096,8,8,61,900b85c2,36.91555289400276,28,143,72.583984375
spectrum,1666,2953375440,4096,8,8,61,116c89a1,36.938277032924816,26,142,71.1640625
spectrum,1667,2955135440,4096,8,8,61,1ce67f24,36.96045536198653,0,87,34.025390625
spectrum,1668,2956975680,4096,8,8,60,399e47ad,36.982663255999796,4,125,37.669921875
spectrum,1669,2958736000,4096,8,8,62,e4f8a72f,37.00467785494402,0,90,34.369140625
spectrum,1670,2960495680,4096,8,8,60,6bc4a0dd,37.026548812980764,1,112,37.173828125
spectrum,1671,2962255440,4096,8,8,60,c2900576,37.04856139793992,4,117,40.0546875
spectrum,1672,2964015440,4096,8,8,60,8da4ec15,37.07142345793545,0,117,35.693359375
spectrum,1673,2965775680,4096,8,8,34,178d1f84,37.09260729700327,0,123,34.5703125
spectrum,1674,2967537840,4096,8,8,59,6d2980f6,37.11610494891647,4,111,35.830078125
spectrum,1675,2969295680,4096,8,8,63,9b02090e,37.136591139947996,3,90,34.869140625
spectrum,1676,2971055680,4096,8,8,62,dc2f40b5,37.16274664294906,1,88,34.333984375
spectrum,1677,2972815680,4096,8,8,60,8c5ca411,37.181930623948574,7,127,43.3046875
spectrum,1678,2974575680,4096,8,8,70,07d1cb9b,37.20268646394834,13,130,50.54296875
spectrum,1679,2976335680,4096,8,8,62,d255bd8f,37.22445589990821,2,89,33.806640625
spectrum,1680,2978096000,4096,8,8,60,d2ef42d1,37.247578872949816,0,90,35.81640625
spectrum,1681,2979855680,4096,8,8,61,8f5fd980,37.26863201498054,4,127,36.30859375
spectrum,1682,2981616000,4096,8,8,39,5e62b924,37.292534290929325,4,131,32.939453125
spectrum,1683,2983455680,4096,8,8,60,6c296c77,37.31388949393295,0,89,33.505859375
spectrum,1684,2985215680,4096,8,8,61,785ae69c,37.33550991793163,2,89,34.583984375
spectrum,1685,2986975440,4096,8,8,63,721d52d9,37.36127819097601,18,135,62.40234375
spectrum,1686,2988735440,4096,8,8,61,ea1aad34,37.38053456693888,5,89,34.267578125
spectrum,1687,2990495680,4096,8,8,59,5ec19623,37.401515352888964,5,89,34.513671875
spectrum,1688,2992256000,4096,8,8,62,e737a645,37.42346341593657,3,104,37.6953125
spectrum,1689,2994015680,4096,8,8,60,b571c22a,37.445635903975926,1,87,34.08984375
spectrum,1690,2995775680,4096,8,8,60,fd7ff73b,37.46754084492568,5,130,34.837890625
spectrum,1691,2997535680,4096,8,8,59,d1f55166,37.490469781914726,4,107,36.2734375
spectrum,1692,2999375680,4096,8,8,60,8533cf32,37.5149757489562,18,131,59.64453125
spectrum,1693,3001136000,4096,8,8,60,eae143dd,37.5347076948965,4,88,34.375
spectrum,1694,3002895680,4096,8,8,62,4a17afa0,37.55648264090996,0,89,34.51171875
spectrum,1695,3004655440,4096,8,8,60,7b16ac9b,37.579678701935336,4,135,40.017578125
spectrum,1696,3006415680,4096,8,8,60,cc7b3257,37.60069097694941,0,108,37.85546875
spectrum,1697,3008175680,4096,8,8,60,5c028c36,37.62349199189339,1,113,38.26171875
spectrum,1698,3010015680,4096,8,8,60,f335c753,37.64551394490991,3,86,33.84375
spectrum,1699,3011775440,4096,8,8,60,3c3ca8d7,37.66770563891623,3,111,37.736328125
spectrum,1700,3013548480,4096,8,8,37,ad467dfc,37.69055641791783,2,136,34.251953125
spectrum,1701,3015375680,4096,8,8,70,29813478,37.71254604996648,12,139,65.595703125
spectrum,1702,3017136000,4096,8,8,30,1c7fdc31,37.73453479993623,4,113,36.34375
spectrum,1703,3018895680,4096,8,8,60,66c2fa08,37.75962001096923,7,129,63.021484375
spectrum,1704,3020735680,4096,8,8,62,354064db,37.77971519296989,4,85,34.298828125
spectrum,1705,3022496000,4096,8,8,62,45d91308,37.80168055894319,4,112,36.517578125
spectrum,1706,3024255680,4096,8,8,59,a61a5fd1,37.82473829889204,8,120,47.404296875
spectrum,1707,3026015680,4096,8,8,60,3f314409,37.84553785191383,19,145,68.205078125
spectrum,1708,3027775440,4096,8,8,60,6853c750,37.86769047193229,12,132,51.806640625
spectrum,1709,3029535680,4096,8,8,72,e13a9d47,37.89050729689188,0,116,38.205078125
spectrum,1710,3031376000,4096,8,8,59,f9281cd6,37.91328156192321,4,124,38.771484375
spectrum,1711,3033136320,4096,8,8,59,29cdad1c,37.93454958999064,4,89,34.505859375
spectrum,1712,3034895680,4096,8,8,60,3799cfc0,37.95651607797481,4,92,34.677734375
spectrum,1713,3036655680,4096,8,8,61,12558b5d,37.97852258197963,4,106,37.734375
spectrum,1714,3038415680,4096,8,8,60,cd691ebf,38.00151082093362,13,142,64.751953125
spectrum,1715,3040175680,4096,8,8,62,3f46930c,38.02269221493043,3,127,42.443359375
spectrum,1716,3042015680,4096,8,8,62,5600fc69,38.04552275594324,4,104,38.451171875
spectrum,1717,3043776320,4096,8,8,61,8ec4e679,38.067512748995796,5,104,37.046875
spectrum,1718,3045535680,4096,8,8,60,3af1843b,38.090487451991066,0,123,37.982421875
spectrum,1719,3047375680,4096,8,8,60,890416dd,38.11398593499325,5,126,39.939453125
spectrum,1720,3049215680,4096,8,8,61,c3e48971,38.13568946591113,1,86,34.259765625
spectrum,1721,3050975680,4096,8,8,60,bb48a683,38.157956411945634,26,146,71.060546875
spectrum,1722,3052735440,4096,8,8,62,3979cf29,38.17941514996346,5,109,36.943359375
spectrum,1723,3054510960,4096,8,8,60,f49bfe1a,38.20263207098469,3,115,41.552734375
spectrum,1724,3056335680,4096,8,8,61,b59075e8,38.225467661977746,3,88,34.21875
spectrum,1725,3058175680,4096,8,8,62,fa50dee5,38.24753737496212,1,115,40.36328125
spectrum,1726,3059936000,4096,8,8,60,c5640252,38.26948181097396,1,89,34.015625
spectrum,1727,3061695680,4096,8,8,60,2bca2d7c,38.29174862697255,1,108,38.306640625
spectrum,1728,3063535680,4096,8,8,37,2e08ad57,38.315559058915824,0,117,37.32421875
spectrum,1729,3065376000,4096,8,8,60,6e9e293f,38.33770072797779,10,150,57.798828125
spectrum,1730,3067135680,4096,8,8,27,b975402e,38.35951228393242,1,104,35.654296875
spectrum,1731,3068895440,4096,8,8,62,1ba2749e,38.38163665996399,4,92,34.96875
spectrum,1732,3070655680,4096,8,8,62,872dea88,38.40365491597913,13,141,65.51953125
spectrum,1733,3072415680,4096,8,8,34,3435d86e,38.42565958597697,5,114,40.828125
spectrum,1734,3074176000,4096,8,8,61,1015465d,38.447598051978275,5,94,35.392578125
spectrum,1735,3075935680,4096,8,8,60,79522de1,38.46965027193073,2,107,35.921875
spectrum,1736,3077695680,4096,8,8,60,658cad2e,38.49136818991974,3,91,34.69140625
spectrum,1737,3079456000,4096,8,8,60,ba97ac1b,38.51423862599768,1,110,38.916015625
spectrum,1738,3081215680,4096,8,8,62,0174ed25,38.535669501987286,1,106,36.44921875
spectrum,1739,3082975680,4096,8,8,61,5c16ef53,38.557516895001754,2,104,36.576171875
spectrum,1740,3084815440,4096,8,8,60,32f244da,38.58062935899943,2,89,35.150390625
spectrum,1741,3086576000,4096,8,8,60,be658047,38.60267447598744,8,135,49.357421875
spectrum,1742,3088335680,4096,8,8,61,162f86dd,38.62462058500387,2,114,40.181640625
spectrum,1743,3090095680,4096,8,8,60,da6839f6,38.64664108492434,1,87,34.083984375
spectrum,1744,3091855680,4096,8,8,60,08edca47,38.668497514910996,4,91,33.46484375
spectrum,1745,3093615440,4096,8,8,60,415ab28b,38.69044055894483,2,87,34.556640625
spectrum,1746,3095375440,4096,8,8,60,0269af70,38.71353815495968,3,110,39.21484375
spectrum,1747,3097216000,4096,8,8,61,0c360537,38.73554314591456,3,116,39.546875
spectrum,1748,3098975680,4096,8,8,64,d101924c,38.75748903490603,2,105,37.83984375
spectrum,1749,3100735440,4096,8,8,62,a16e9bbe,38.781323943985626,0,110,36.548828125
spectrum,1750,3102495680,4096,8,8,59,28e66f1c,38.801701969932765,4,101,36.892578125
spectrum,1751,3104256000,4096,8,8,72,2994e09a,38.8252880689688,0,116,41.763671875
spectrum,1752,3106095680,4096,8,8,59,a70da3cd,38.84764724900015,1,104,34.0078125
spectrum,1753,3107856000,4096,8,8,63,25ed920d,38.86849708692171,2,91,35.94921875
spectrum,1754,3109616000,4096,8,8,60,a7bd30ad,38.8904965169495,6,133,42.36328125
spectrum,1755,3111375680,4096,8,8,60,632ac8af,38.91296145692468,4,117,39.76953125
spectrum,1756,3113135680,4096,8,8,31,8751351d,38.93466101097874,2,108,37.701171875
spectrum,1757,3114895680,4096,8,8,59,f28043de,38.956679837894626,5,88,33.94140625
spectrum,1758,3116655680,4096,8,8,63,e3be2a8f,38.97850445797667,1,108,38.064453125
spectrum,1759,3118415440,4096,8,8,59,13865acb,39.00048690591939,4,118,41.22265625
spectrum,1760,3120176320,4096,8,8,59,e3599c61,39.02283599693328,4,113,39.626953125
spectrum,1761,3121935680,4096,8,8,59,625095c9,39.04459045489784,5,90,33.916015625
spectrum,1762,3123695680,4096,8,8,60,f57255d3,39.070713556953706,3,127,34.77734375
spectrum,1763,3125455680,4096,8,8,60,c70fc72e,39.08840646990575,5,91,34.376953125
spectrum,1764,3127215440,4096,8,8,60,6d2d05d7,39.11069558793679,4,102,36.365234375
spectrum,1765,3128976000,4096,8,8,62,1eb5797f,39.13309791893698,3,104,36.236328125
spectrum,1766,3130735680,4096,8,8,61,f31524b7,39.15526545699686,3,106,38.34765625
spectrum,1767,3132495680,4096,8,8,61,4548cc66,39.17648204800207,2,92,34.193359375
spectrum,1768,3134255440,4096,8,8,60,218d53dd,39.198537784977816,4,113,39.630859375
spectrum,1769,3136015440,4096,8,8,62,1d892c15,39.22231781994924,3,115,38.55078125
spectrum,1770,3137855680,4096,8,8,30,a49619b3,39.2441632199334,12,138,60.224609375
spectrum,1771,3139616320,4096,8,8,62,935d4e08,39.26893517898861,5,105,37.31640625
spectrum,1772,3141376320,4096,8,8,57,3dc4c1b7,39.28753445390612,4,109,38.96484375
spectrum,1773,3143135680,4096,8,8,63,049ec66c,39.30952832393814,4,93,35.763671875
spectrum,1774,3144895680,4096,8,8,59,e3f713b6,39.331716811982915,5,106,38.4140625
spectrum,1775,3146655680,4096,8,8,61,90eca923,39.35360799799673,1,106,37.76953125
spectrum,1776,3148495680,4096,8,8,59,19435d1d,39.3765462419251,0,87,34.0234375
spectrum,1777,3150255440,4096,8,8,72,b4dd4a1b,39.399110448895954,4,116,40.76953125
spectrum,1778,3152015440,4096,8,8,60,2d45be62,39.42147604189813,0,116,37.4765625
spectrum,1779,3153856000,4096,8,8,61,94223ec9,39.44577218196355,5,120,47.21484375
spectrum,1780,3155615680,4096,8,8,60,1d17942d,39.46587266388815,3,110,39.265625
spectrum,1781,3157375680,4096,8,8,63,2d896b4d,39.487511111889035,4,113,38.91796875
spectrum,1782,3159135440,4096,8,8,60,e448b92f,39.51258073397912,3,117,33.54296875
spectrum,1783,3160895440,4096,8,8,62,d696ab9e,39.531679072999395,3,114,40.029296875
spectrum,1784,3162656000,4096,8,8,63,e9d28e0f,39.553544509923086,0,88,34.82421875
spectrum,1785,3164415680,4096,8,8,59,8c0d4059,39.57555019191932,3,100,36.134765625
spectrum,1786,3166175440,4096,8,8,61,b14ce856,39.59766931796912,2,100,37.53125
spectrum,1787,3167935440,4096,8,8,60,4bfda0d9,39.61954819096718,7,131,46.88671875
spectrum,1788,3169776320,4096,8,8,38,8d14b357,39.643708023941144,4,115,37.37890625
spectrum,1789,3171535680,4096,8,8,59,17f52425,39.66494263894856,2,109,38.818359375
spectrum,1790,3173295680,4096,8,8,63,3463cebe,39.68647313292604,4,97,35.05078125
spectrum,1791,3175055440,4096,8,8,60,114dd374,39.70955019991379,2,88,34.244140625
spectrum,1792,3176815440,4096,8,8,60,7a3c5084,39.730694052996114,0,92,34.275390625
spectrum,1793,3178575680,4096,8,8,30,d7635cb8,39.75275307591073,4,105,35.7890625
spectrum,1794,3180335680,4096,8,8,63,167650b9,39.77642765198834,4,108,39.572265625
spectrum,1795,3182096000,4096,8,8,64,7be324b6,39.79675935092382,5,109,38.001953125
spectrum,1796,3183855440,4096,8,8,60,34eee068,39.81941245694179,3,118,40.603515625
spectrum,1797,3185616320,4096,8,8,35,4e21b6d7,39.84148296096828,3,120,36.0234375
spectrum,1798,3187455680,4096,8,8,64,3011a40d,39.864581928937696,23,132,57.951171875
spectrum,1799,3189295680,4096,8,8,61,41c59ab2,39.886635481962,1,87,33.646484375
spectrum,1800,3191135440,4096,8,8,72,a17ad519,39.909523360896856,13,144,64.89453125
spectrum,1801,3192895440,4096,8,8,60,cb8a1b78,39.93173020391259,3,102,37.78125
spectrum,1802,3194656000,4096,8,8,62,cc88c7cd,39.95452588889748,5,129,41.84765625
spectrum,1803,3196495680,4096,8,8,60,38d272af,39.976664481917396,5,112,37.49609375
spectrum,1804,3198255680,4096,8,8,59,288a4e5a,39.99848316097632,2,90,34.03515625
spectrum,1805,3200015440,4096,8,8,60,a10f9b31,40.020512006944045,3,87,33.705078125
spectrum,1806,3201775440,4096,8,8,60,9658f4cc,40.0426925990032,4,111,37.14453125
spectrum,1807,3203535680,4096,8,8,60,b21907bc,40.06520452792756,3,88,33.71875
spectrum,1808,3205296000,4096,8,8,61,1a2fc1a3,40.08666945795994,4,92,35.4296875
spectrum,1809,3207055680,4096,8,8,60,031056dc,40.108458370901644,4,107,36.64453125
spectrum,1810,3208816000,4096,8,8,60,cc5211ed,40.13073120790068,4,129,36.876953125
spectrum,1811,3210575680,4096,8,8,59,a4048f5b,40.1526723979041,2,126,38.033203125
spectrum,1812,3212415680,4096,8,8,60,58c4786f,40.176472580991685,5,120,40.779296875
spectrum,1813,3214256000,4096,8,8,62,bde9466f,40.19855057995301,4,92,34.30078125
spectrum,1814,3216015440,4096,8,8,61,01ab3e5c,40.220522878924385,0,125,44.994140625
spectrum,1815,3217775440,4096,8,8,72,d760b720,40.24507265898865,0,122,39.4296875
spectrum,1816,3219615680,4096,8,8,30,1cb1c6d7,40.26589417294599,0,129,36.626953125
spectrum,1817,3221375680,4096,8,8,60,e0dc3b83,40.287745693931356,0,113,38.109375
spectrum,1818,3223135680,4096,8,8,60,d376b596,40.30951465899125,15,144,68.048828125
spectrum,1819,3224895440,4096,8,8,72,26a6756a,40.33131345990114,1,108,37.490234375
spectrum,1820,3226656000,4096,8,8,62,2daa7e35,40.35468364099506,2,113,41.7421875
spectrum,1821,3228495680,4096,8,8,60,9132d9cf,40.376672009937465,3,92,34.353515625
spectrum,1822,3230255680,4096,8,8,60,6a250c5d,40.40029403695371,2,115,38.8828125
spectrum,1823,3232015440,4096,8,8,60,46120b28,40.420363369979896,3,91,35.208984375
spectrum,1824,3233775440,4096,8,8,71,83c9bca5,40.44269398599863,2,118,39.28125
spectrum,1825,3235536000,4096,8,8,59,cd6e8117,40.4649198949337,1,110,35.54296875
spectrum,1826,3237295680,4096,8,8,62,f1d0645f,40.48700587893836,0,89,34.40625
spectrum,1827,3239055680,4096,8,8,60,5c086ebb,40.50858942291234,0,90,35.080078125
spectrum,1828,3240815440,4096,8,8,60,e415f09e,40.53116862894967,4,88,33.78125
spectrum,1829,3242575440,4096,8,8,60,502a476b,40.55403821391519,0,116,40.3203125
spectrum,1830,3244335680,4096,8,8,62,d42ca358,40.57467401691247,4,90,33.951171875
spectrum,1831,3246096320,4096,8,8,61,01ff4af5,40.596499799983576,3,87,34.921875
spectrum,1832,3247855680,4096,8,8,61,71b1a051,40.6185469198972,3,118,37.361328125
spectrum,1833,3249615440,4096,8,8,60,52ac5a56,40.64036299393047,4,91,34.59765625
spectrum,1834,3251376000,4096,8,8,61,d575b5b5,40.6627122949576,11,136,61.14453125
spectrum,1835,3253135680,4096,8,8,62,9a9b9ae4,40.686145674902946,14,135,60.134765625
spectrum,1836,3254975680,4096,8,8,60,77aca8d6,40.707535553956404,33,141,71.453125
spectrum,1837,3256735440,4096,8,8,60,ac9586d0,40.7295534289442,8,129,42.373046875
spectrum,1838,3258495440,4096,8,8,58,b7d321c9,40.752338814898394,2,113,36.80078125
spectrum,1839,3260256000,4096,8,8,60,3e11d24b,40.77368119393941,22,143,69.330078125
spectrum,1840,3262015680,4096,8,8,60,1398c24e,40.79562117194291,4,85,33.63671875
spectrum,1841,3263775680,4096,8,8,58,5634c6ab,40.81735566095449,2,127,38.865234375
spectrum,1842,3265535440,4096,8,8,62,cc55db7d,40.83956850494724,12,132,45.447265625
spectrum,1843,3267295440,4096,8,8,61,e4f9b453,40.861604774952866,3,88,34.669921875
spectrum,1844,3269055680,4096,8,8,60,ae125869,40.883581642992795,2,85,34.369140625
spectrum,1845,3270816000,4096,8,8,60,ac6a6c30,40.906298518995754,8,145,65.482421875
spectrum,1846,3272575680,4096,8,8,61,f06adcaa,40.927611531922594,4,124,34.328125
spectrum,1847,3274335680,4096,8,8,63,fd7ee052,40.94945314398501,6,141,45.59765625
spectrum,1848,3276095680,4096,8,8,37,fce74df6,40.97173401596956,12,142,67.439453125
spectrum,1849,3277856000,4096,8,8,31,11dea74a,40.994958160910755,5,111,36.41015625
spectrum,1850,3279615680,4096,8,8,60,a4788f7c,41.015358749893494,1,105,37.7578125
spectrum,1851,3281375440,4096,8,8,60,7d69491c,41.037547477986664,15,152,63.962890625
spectrum,1852,3283135440,4096,8,8,64,e5701fa7,41.060574650997296,15,143,63.853515625
spectrum,1853,3284975680,4096,8,8,58,ac1ad4f9,41.0827968219528,3,103,36.173828125
spectrum,1854,3286735680,4096,8,8,60,dcea982c,41.1046118439408,3,127,38.447265625
spectrum,1855,3288495680,4096,8,8,59,45a37cc0,41.126512186951004,2,85,34.337890625
spectrum,1856,3290255440,4096,8,8,34,ff1c19fd,41.148689052904956,1,106,37.1484375
spectrum,1857,3292015440,4096,8,8,60,feca5b18,41.171531315892935,13,139,64.873046875
spectrum,1858,3293776000,4096,8,8,62,16619b0e,41.192527349921875,5,136,44.38671875
spectrum,1859,3295535680,4096,8,8,59,ace60a31,41.21460419695359,4,109,38.751953125
spectrum,1860,3297375440,4096,8,8,60,22afae69,41.23750125290826,8,134,58.390625
spectrum,1861,3299135440,4096,8,8,60,ec197301,41.2595690729795,23,143,69.142578125
spectrum,1862,3300896000,4096,8,8,59,16879713,41.28174947493244,4,110,35.205078125
spectrum,1863,3302655680,4096,8,8,60,ba486424,41.303534259903245,11,141,64.947265625
spectrum,1864,3304415680,4096,8,8,60,6532d418,41.32559564698022,1,86,33.904296875
spectrum,1865,3306175440,4096,8,8,60,11c53b59,41.34770036698319,3,128,37.197265625
spectrum,1866,3307935440,4096,8,8,59,c2392253,41.36963722889777,8,134,50.306640625
spectrum,1867,3309695680,4096,8,8,30,5fe79299,41.39168613299262,0,103,36.06640625
spectrum,1868,3311455680,4096,8,8,61,9d96f188,41.41358537389897,10,136,62.55078125
spectrum,1869,3313215680,4096,8,8,35,aed9758b,41.43561303790193,3,111,39.458984375
spectrum,1870,3314975440,4096,8,8,60,edc4af9a,41.45759740995709,4,118,35.70703125
spectrum,1871,3316736000,4096,8,8,57,b1290922,41.479759777896106,2,86,34.14453125
spectrum,1872,3318575680,4096,8,8,60,c2394d9e,41.5035587688908,1,125,34.18359375
spectrum,1873,3320416000,4096,8,8,64,e3805406,41.525730023975484,0,110,38.72265625
spectrum,1874,3322175680,4096,8,8,62,fbff3af2,41.54760856588837,4,125,35.958984375
spectrum,1875,3323935440,4096,8,8,60,1ba625c2,41.56974570592865,4,129,38.404296875
spectrum,1876,3325695680,4096,8,8,55,71424d3c,41.591856356943026,4,107,36.08984375
spectrum,1877,3327455680,4096,8,8,62,39d5b81d,41.613663523923606,9,132,49.537109375
spectrum,1878,3329215680,4096,8,8,57,0a2572ee,41.635584605974145,4,105,36.65234375
spectrum,1879,3330975440,4096,8,8,59,beba4123,41.657559860963374,2,87,33.828125
spectrum,1880,3332735440,4096,8,8,60,c4499e96,41.67970552796032,10,140,53.5625
spectrum,1881,3334495680,4096,8,8,61,df195831,41.702303969999775,2,94,35.455078125
spectrum,1882,3336256320,4096,8,8,60,e6375d38,41.72355571691878,3,94,35.046875
spectrum,1883,3338015680,4096,8,8,60,40d2b37a,41.74535127298441,5,86,34.634765625
spectrum,1884,3339775680,4096,8,8,61,7ac4f8ad,41.77300522790756,11,142,54.638671875
spectrum,1885,3341536000,4096,8,8,60,87c99662,41.789715443970636,4,106,36.1640625
spectrum,1886,3343295680,4096,8,8,60,ed610fc8,41.81158039998263,2,89,34.669921875
spectrum,1887,3345055680,4096,8,8,60,4e588966,41.833553149946965,3,85,34.3984375
spectrum,1888,3346815440,4096,8,8,61,8cddc3b3,41.855598155991174,3,87,35.001953125
spectrum,1889,3348575440,4096,8,8,61,4097dea9,41.87928629794624,0,110,36.72265625
spectrum,1890,3350335680,4096,8,8,60,1067dde6,41.899712044978514,4,106,35.482421875
spectrum,1891,3352095680,4096,8,8,60,74e6a157,41.92528497695457,5,114,37.94921875
spectrum,1892,3353855680,4096,8,8,60,018ed9ed,41.94363373890519,7,106,38.037109375
spectrum,1893,3355615440,4096,8,8,60,c2523009,41.96560543694068,4,88,34.52734375
spectrum,1894,3357375440,4096,8,8,62,b55ba70f,41.98774588399101,3,84,33.619140625
spectrum,1895,3359135680,4096,8,8,62,32f3ac0d,42.01055977400392,3,89,34.248046875
spectrum,1896,3360896000,4096,8,8,57,895e2651,42.03154036891647,2,87,33.865234375
spectrum,1897,3362655680,4096,8,8,62,e33a777d,42.053650227957405,4,109,38.103515625
spectrum,1898,3364415680,4096,8,8,58,41ab61fe,42.07685888290871,3,116,41.12890625
spectrum,1899,3366176000,4096,8,8,57,6c50c729,42.09760707896203,6,132,44.2421875
spectrum,1900,3367935440,4096,8,8,58,46faaa03,42.119635684997775,4,131,42.42578125
spectrum,1901,3369695680,4096,8,8,59,840b8591,42.143496361910366,4,114,40.1328125
spectrum,1902,3371455440,4096,8,8,33,1108cc96,42.163574471953325,4,116,40.25
spectrum,1903,3373215440,4096,8,8,32,dab6c4cd,42.18567202799022,5,118,39.78125
spectrum,1904,3374975680,4096,8,8,60,d548f960,42.20781219389755,0,114,38.98828125
spectrum,1905,3376735680,4096,8,8,32,02310943,42.23137937695719,4,125,39.076171875
spectrum,1906,3378495680,4096,8,8,35,d692893a,42.25157506891992,3,115,38.71484375
spectrum,1907,3380255440,4096,8,8,33,576e8719,42.27483245590702,2,113,39.048828125
spectrum,1908,3382015440,4096,8,8,33,680a47ca,42.29655795893632,2,120,42.44140625
spectrum,1909,3383856000,4096,8,8,61,fa412a9b,42.31859710498247,4,112,38.8125
spectrum,1910,3385616000,4096,8,8,34,05115664,42.34054625988938,1,115,39.306640625
spectrum,1911,3387375680,4096,8,8,33,282d6c5b,42.3626110838959,1,112,37.91796875
spectrum,1912,3389135680,4096,8,8,34,2f8149f9,42.38465866493061,4,113,38.421875
spectrum,1913,3390895680,4096,8,8,60,c97a82cd,42.40655203489587,14,110,53.849609375
spectrum,1914,3392656000,4096,8,8,35,94d7a157,42.429473106982186,0,114,39.841796875
spectrum,1915,3394415680,4096,8,8,35,811a38ef,42.45060751296114,4,114,39.283203125
spectrum,1916,3396175440,4096,8,8,35,0ef869d8,42.47395262599457,3,115,40.435546875
spectrum,1917,3397935440,4096,8,8,35,6634b04a,42.49712535389699,6,128,42.390625
spectrum,1918,3399775680,4096,8,8,32,1b09137e,42.51761096389964,4,115,39.376953125
spectrum,1919,3401535680,4096,8,8,33,96e1c965,42.539631703984924,7,119,42.615234375
spectrum,1920,3403375680,4096,8,8,33,49506b1a,42.56263683491852,4,116,40.7578125
spectrum,1921,3405135440,4096,8,8,33,914d2c33,42.584578585927375,8,126,45.142578125
spectrum,1922,3406896320,4096,8,8,60,63abe9d7,42.606557778897695,2,112,39.87890625
spectrum,1923,3408655680,4096,8,8,32,8bf7fe87,42.62955404294189,3,115,43.0078125
spectrum,1924,3410415680,4096,8,8,32,7a06e9a1,42.651000006939285,3,116,39.482421875
spectrum,1925,3412175440,4096,8,8,60,3e225518,42.67258528491948,4,117,38.900390625
spectrum,1926,3413935440,4096,8,8,32,34d55d79,42.69463509100024,7,121,42.130859375
spectrum,1927,3415695680,4096,8,8,60,e922fa14,42.71681552298833,3,113,39.59375
spectrum,1928,3417455680,4096,8,8,60,c4d35549,42.7386022110004,7,115,42.2890625
spectrum,1929,3419215680,4096,8,8,31,6c4bdeb9,42.76055664697196,2,116,40.07421875
spectrum,1930,3420976000,4096,8,8,62,d7091a04,42.78284654591698,6,127,43.4296875
spectrum,1931,3422735680,4096,8,8,61,0490d655,42.80468083394226,0,121,40.28125
spectrum,1932,3424575680,4096,8,8,31,0565b37c,42.8276407700032,18,123,72.720703125
spectrum,1933,3426335440,4096,8,8,36,fa34c509,42.84957743098494,5,123,42.912109375
spectrum,1934,3428095440,4096,8,8,31,5efd1d9f,42.87155546096619,2,115,39.373046875
spectrum,1935,3429855440,4096,8,8,31,fa39cdfc,42.89359859493561,4,116,38.517578125
spectrum,1936,3431615440,4096,8,8,31,a376b548,42.915598154999316,3,113,39.646484375
spectrum,1937,3433375440,4096,8,8,61,c6cf0f5e,42.938003542949446,0,117,40.63671875
spectrum,1938,3435136000,4096,8,8,31,07bd2cde,42.96035981690511,3,114,42.34765625
spectrum,1939,3436895440,4096,8,8,31,bdadacaf,42.98156378499698,5,118,41.822265625
spectrum,1940,3438655440,4096,8,8,31,074e1bd3,43.00378323090263,4,116,38.400390625
spectrum,1941,3440495680,4096,8,8,31,61d4c5f2,43.0266139319865,2,114,39.583984375
spectrum,1942,3442255440,4096,8,8,31,8d11034f,43.05008024396375,1,118,38.333984375
spectrum,1943,3444095680,4096,8,8,32,45e20af9,43.071459953906015,4,115,39.8828125
spectrum,1944,3445855440,4096,8,8,31,bd2cabc1,43.09361830400303,5,116,40.478515625
spectrum,1945,3447615440,4096,8,8,31,f8a4ebf6,43.116563360905275,3,114,38.82421875
spectrum,1946,3449456320,4096,8,8,61,55095211,43.13860521197785,1,103,34.82421875
spectrum,1947,3451215680,4096,8,8,60,ab55bea7,43.16056895488873,4,120,39.69921875
spectrum,1948,3452975440,4096,8,8,62,e548011c,43.18370817892719,5,96,34.708984375
spectrum,1949,3454735440,4096,8,8,60,24e6e895,43.20454102498479,1,131,38.375
spectrum,1950,3456495680,4096,8,8,63,c6136519,43.226614274899475,3,108,37.1328125
spectrum,1951,3458255680,4096,8,8,62,983f6c61,43.248601551982574,3,116,40.5234375
spectrum,1952,3460015680,4096,8,8,60,febe686a,43.27064063795842,3,105,35.90625
spectrum,1953,3461775440,4096,8,8,62,e507c847,43.29261670389678,4,113,37.177734375
spectrum,1954,3463535440,4096,8,8,32,a6745c0b,43.31555093091447,3,125,38.53125
spectrum,1955,3465375680,4096,8,8,30,0832e911,43.33772189496085,3,111,36.587890625
spectrum,1956,3467215680,4096,8,8,31,d4970223,43.360658606979996,7,144,41.841796875
spectrum,1957,3468976000,4096,8,8,59,2d18d271,43.38254967192188,1,88,34.0234375
spectrum,1958,3470735440,4096,8,8,60,538719f2,43.404575802967884,23,137,69.703125
spectrum,1959,3472496000,4096,8,8,32,a1505937,43.42693859990686,1,106,37.3828125
spectrum,1960,3474255680,4096,8,8,60,c9e754c4,43.44871124194469,4,85,33.830078125
spectrum,1961,3476015680,4096,8,8,60,5e8f4d62,43.47071004100144,5,120,40.169921875
spectrum,1962,3477775440,4096,8,8,60,bc8ecc8f,43.49262108490802,4,107,38.05859375
spectrum,1963,3479535440,4096,8,8,58,9c87b6ac,43.514610415906645,11,142,54.107421875
spectrum,1964,3481295680,4096,8,8,60,8588c6fd,43.536907307920046,4,106,36.974609375
spectrum,1965,3483055680,4096,8,8,61,ef02cd69,43.558682945906185,4,111,37.951171875
spectrum,1966,3484815680,4096,8,8,32,8a04e374,43.58060267590918,11,138,62.857421875
spectrum,1967,3486575680,4096,8,8,60,469d633f,43.60248057695571,4,92,35.240234375
spectrum,1968,3488335440,4096,8,8,61,790254b5,43.624627264915034,4,107,37.796875
spectrum,1969,3490096000,4096,8,8,60,cbd3d580,43.646573495003395,0,88,33.6953125
spectrum,1970,3491856320,4096,8,8,60,0d9ab8ac,43.66857836593408,1,88,34.3203125
spectrum,1971,3493615680,4096,8,8,60,6e195561,43.69062525592744,3,87,35.09375
spectrum,1972,3495375680,4096,8,8,59,96c325c8,43.71258856798522,1,86,34.888671875
spectrum,1973,3497136000,4096,8,8,62,12a7a0b0,43.73460029193666,3,111,38.65625
spectrum,1974,3498895680,4096,8,8,60,8eceae20,43.75658227899112,3,105,38.251953125
spectrum,1975,3500655680,4096,8,8,60,20aadc21,43.78039069799706,1,102,37.427734375
spectrum,1976,3502415440,4096,8,8,60,00492f6f,43.801294457982294,21,137,63.998046875
spectrum,1977,3504175680,4096,8,8,60,a9a36914,43.82264089398086,4,105,37.6171875
spectrum,1978,3505935680,4096,8,8,59,502448e4,43.84488033794332,4,114,43.353515625
spectrum,1979,3507695680,4096,8,8,59,1bc225ae,43.87051191192586,4,103,39.873046875
spectrum,1980,3509535680,4096,8,8,60,5132e56b,43.88965190888848,4,127,37.416015625
spectrum,1981,3511295440,4096,8,8,60,568ff719,43.91158689791337,4,103,36.4921875
spectrum,1982,3513055440,4096,8,8,62,d1362507,43.93459594598971,4,119,36.962890625
spectrum,1983,3514896000,4096,8,8,60,7048c4dc,43.956575287971646,4,93,33.119140625
spectrum,1984,3516656000,4096,8,8,60,3e10e896,43.978530564927496,2,89,34.3515625
spectrum,1985,3518415680,4096,8,8,60,aecca0e7,44.0015914819669,5,90,35.25390625
spectrum,1986,3520175680,4096,8,8,62,398bd1c4,44.02261005889159,4,90,35.154296875
spectrum,1987,3521935680,4096,8,8,62,85f7ef57,44.04460663290229,3,111,36.126953125
spectrum,1988,3523695680,4096,8,8,62,498d4e11,44.06839481391944,1,104,37.14453125
spectrum,1989,3525535680,4096,8,8,60,f3e6e229,44.08965390489902,12,135,62.599609375
spectrum,1990,3527295680,4096,8,8,55,2154b975,44.11159765091725,3,106,37.68359375
spectrum,1991,3529055680,4096,8,8,61,30926ccb,44.13377724098973,1,119,36.892578125
spectrum,1992,3530895680,4096,8,8,34,89ae3bbc,44.15658841596451,4,120,41.75
spectrum,1993,3532656000,4096,8,8,60,3ce0e085,44.17858854692895,2,86,34.251953125
spectrum,1994,3534415680,4096,8,8,59,73503e5f,44.20065817097202,3,90,33.69140625
spectrum,1995,3536175440,4096,8,8,61,4bdb616a,44.2227839299012,3,89,34.6875
spectrum,1996,3537936000,4096,8,8,61,403876b6,44.24552033294458,0,108,36.09375
spectrum,1997,3539775680,4096,8,8,60,fb1b7793,44.268297061906196,2,90,35.03515625
spectrum,1998,3541535680,4096,8,8,60,19c11ea5,44.28963610390201,1,128,34.9296875
spectrum,1999,3543295680,4096,8,8,56,69438f0d,44.31156958988868,4,93,34.337890625
spectrum,2000,3545055440,4096,8,8,60,20a7491f,44.33466967998538,0,105,36.935546875
spectrum,2001,3546895680,4096,8,8,61,b6028677,44.35661984793842,3,109,35.20703125
spectrum,2002,3548655680,4096,8,8,41,3498ebbd,44.37861868692562,4,108,38.181640625
spectrum,2003,3550415680,4096,8,8,60,59f9ae05,44.40042721689679,2,90,35.044921875
spectrum,2004,3552175440,4096,8,8,61,e8a28e39,44.42260459298268,2,85,34.142578125
spectrum,2005,3553935440,4096,8,8,62,437cf85e,44.444628569995984,5,88,34.68359375
spectrum,2006,3555696000,4096,8,8,62,37b3f80d,44.466588174924254,0,113,37.083984375
spectrum,2007,3557456000,4096,8,8,59,d67131f2,44.49024060892407,3,94,35.6796875
spectrum,2008,3559215680,4096,8,8,61,db317bab,44.511794767924584,0,85,34.068359375
spectrum,2009,3560975680,4096,8,8,61,253b9d2d,44.5347761339508,4,105,35.8203125
spectrum,2010,3562735680,4096,8,8,60,513745a6,44.554610744002275,3,121,38.43359375
spectrum,2011,3564495680,4096,8,8,62,e09a71e1,44.576595846912824,0,91,34.978515625
spectrum,2012,3566255680,4096,8,8,63,fea784fd,44.598577443975955,2,93,35.3046875
spectrum,2013,3568015680,4096,8,8,60,c42a502c,44.6207068299409,4,118,42.259765625
spectrum,2014,3569775440,4096,8,8,61,34afac82,44.64257217699196,3,92,34.716796875
spectrum,2015,3571535680,4096,8,8,60,822cd261,44.66462931595743,2,107,35.8046875
spectrum,2016,3573375680,4096,8,8,60,a5f7c9d5,44.68762614089064,1,96,34.634765625
spectrum,2017,3575136000,4096,8,8,60,886b0f4c,44.70958108792547,4,142,39.751953125
spectrum,2018,3576895440,4096,8,8,39,7ae99de0,44.73164769494906,0,129,34.8515625
spectrum,2019,3578655440,4096,8,8,59,ef7d46a3,44.75461166794412,0,116,37.423828125
spectrum,2020,3580495680,4096,8,8,60,12c584eb,44.776787972892635,0,87,33.998046875
spectrum,2021,3582256000,4096,8,8,61,fb0475a2,44.79860950692091,0,87,35.40625
spectrum,2022,3584015680,4096,8,8,60,bccdda37,44.82066112593748,5,115,40.873046875
spectrum,2023,3585775680,4096,8,8,61,88cb817a,44.84257690794766,0,84,33.8984375
spectrum,2024,3587535680,4096,8,8,59,70e5b246,44.865164549904875,5,123,37.482421875
spectrum,2025,3589295440,4096,8,8,60,0a0512d1,44.88666857499629,4,122,39.63671875
spectrum,2026,3591055680,4096,8,8,60,0d1119d8,44.908577633905225,4,92,34.7421875
spectrum,2027,3592815680,4096,8,8,59,a0661b68,44.93059117090888,1,116,39.671875
spectrum,2028,3594575440,4096,8,8,63,35edc394,44.953588576987386,4,116,36.6953125
spectrum,2029,3596416000,4096,8,8,30,068f31cc,44.97577380889561,3,105,38.515625
spectrum,2030,3598175680,4096,8,8,72,ff2ff2d9,44.997599350987,5,110,37.583984375
spectrum,2031,3599935680,4096,8,8,63,b07894da,45.02235344692599,6,138,40.474609375
spectrum,2032,3601695440,4096,8,8,39,9393f752,45.04170150693972,1,130,34.775390625
spectrum,2033,3603456000,4096,8,8,62,d0fab054,45.06354591390118,2,89,34.044921875
spectrum,2034,3605215680,4096,8,8,62,0276edba,45.08566289697774,4,87,34.69140625
spectrum,2035,3606976000,4096,8,8,61,8219b5db,45.10761011892464,2,88,35.234375
spectrum,2036,3608735680,4096,8,8,62,bfc383a4,45.12960065191146,2,127,45.318359375
spectrum,2037,3610495680,4096,8,8,39,66ccaf26,45.15161343791988,3,130,38.892578125
spectrum,2038,3612255680,4096,8,8,61,f16b704b,45.17360906093381,5,112,40.1484375
spectrum,2039,3614015680,4096,8,8,59,fd047441,45.19566217297688,3,106,36.0
spectrum,2040,3615855680,4096,8,8,60,4a5a1d3d,45.220407431945205,4,94,33.98828125
spectrum,2041,3617616000,4096,8,8,61,bcf95055,45.2406105279224,2,91,34.875
spectrum,2042,3619375440,4096,8,8,62,693c3ab6,45.26264964300208,3,89,33.966796875
spectrum,2043,3621136000,4096,8,8,63,e3282b40,45.284620389924385,8,130,39.017578125
spectrum,2044,3622895440,4096,8,8,32,5988b45b,45.30656635889318,2,108,39.587890625
spectrum,2045,3624655680,4096,8,8,72,afd909e9,45.32861080393195,3,116,39.435546875
spectrum,2046,3626415440,4096,8,8,72,374e9a89,45.3507395288907,0,120,42.734375
spectrum,2047,3628176000,4096,8,8,57,937d42d5,45.37262362195179,1,105,35.87109375
spectrum,2048,3629935680,4096,8,8,60,c2a03adb,45.39463044598233,2,89,33.513671875
spectrum,2049,3631695680,4096,8,8,60,573587c3,45.41815532895271,4,123,42.44140625
spectrum,2050,3633455440,4096,8,8,61,2858c6df,45.438666446949355,4,107,38.310546875
spectrum,2051,3635215440,4096,8,8,60,5f658d89,45.4606379349716,3,111,36.26953125
spectrum,2052,3637055680,4096,8,8,72,c2c35189,45.48757392296102,4,113,39.978515625
spectrum,2053,3638816000,4096,8,8,65,752eac1f,45.505974692991,1,103,38.8984375
spectrum,2054,3640575680,4096,8,8,62,d576ec66,45.527631415985525,4,87,35.990234375
spectrum,2055,3642335440,4096,8,8,62,d27c44ca,45.550292747910134,4,87,35.23828125
spectrum,2056,3644095440,4096,8,8,61,67a3be67,45.57320526288822,4,116,37.669921875
spectrum,2057,3645935680,4096,8,8,60,810f2d5a,45.5946504259482,2,89,34.041015625
spectrum,2058,3647696000,4096,8,8,59,9128b23d,45.616377661935985,3,89,34.1015625
spectrum,2059,3649455680,4096,8,8,60,81b1c0cf,45.63862517196685,3,94,33.755859375
spectrum,2060,3651215680,4096,8,8,60,eabe0952,45.66252171690576,4,88,34.177734375
spectrum,2061,3652975680,4096,8,8,62,72e29568,45.68261712894309,4,110,36.3046875
spectrum,2062,3654735680,4096,8,8,60,47a87895,45.70464787899982,2,107,36.974609375
spectrum,2063,3656495680,4096,8,8,61,5838f5cf,45.72705216391478,5,119,41.625
spectrum,2064,3658255440,4096,8,8,72,4c7442be,45.74861676292494,5,128,45.490234375
spectrum,2065,3660015440,4096,8,8,61,d1177476,45.7715888019884,4,116,36.3359375
spectrum,2066,3661856000,4096,8,8,62,9a4cf3a1,45.79370321892202,0,108,35.3984375
spectrum,2067,3663615680,4096,8,8,60,ce69a35b,45.81562187697273,1,91,35.87890625
spectrum,2068,3665375680,4096,8,8,72,05d6c0ab,45.83775376796257,2,122,41.86328125
spectrum,2069,3667135680,4096,8,8,62,5a0d12fc,45.859619965893216,2,97,35.51953125
spectrum,2070,3668895440,4096,8,8,32,7c4499a3,45.88168404891621,2,105,36.828125
spectrum,2071,3670656000,4096,8,8,60,2b2e49a5,45.90370673290454,4,128,44.521484375
spectrum,2072,3672415680,4096,8,8,60,f39f2e3f,45.92566567694303,0,101,34.67578125
spectrum,2073,3674175440,4096,8,8,63,574567ab,45.94778535491787,5,91,36.29296875
spectrum,2074,3675935440,4096,8,8,63,7b97f3a8,45.96965578198433,4,108,40.044921875
spectrum,2075,3677695680,4096,8,8,62,91621d6c,45.99541659990791,1,111,35.69921875
spectrum,2076,3679535680,4096,8,8,63,1f3e0f08,46.014585130964406,4,93,35.640625
spectrum,2077,3681296000,4096,8,8,61,94db0c42,46.03683255997021,1,93,34.486328125
spectrum,2078,3683055440,4096,8,8,61,b732267c,46.06070205394644,4,97,34.068359375
spectrum,2079,3684815440,4096,8,8,60,649aead4,46.08059427200351,5,106,36.546875
spectrum,2080,3686575680,4096,8,8,31,9bce26da,46.102676999988034,4,105,37.41015625
spectrum,2081,3688335680,4096,8,8,63,424f293c,46.12462091597263,0,90,35.68359375
spectrum,2082,3690095680,4096,8,8,60,c359e896,46.14662813092582,0,96,34.224609375
spectrum,2083,3691855440,4096,8,8,60,99f9da2b,46.16864343092311,4,92,34.271484375
spectrum,2084,3693616320,4096,8,8,34,0c699079,46.19150513096247,3,116,36.6953125
spectrum,2085,3695455680,4096,8,8,61,b6875a69,46.21401012688875,3,87,34.1171875
spectrum,2086,3697215680,4096,8,8,62,94d06130,46.235650888993405,4,87,35.42578125
spectrum,2087,3698975440,4096,8,8,62,427d3d2e,46.25752370094415,4,94,35.416015625
spectrum,2088,3700735440,4096,8,8,62,b8a63905,46.2815288209822,2,109,37.359375
spectrum,2089,3702576000,4096,8,8,60,69219532,46.302620976930484,5,103,36.044921875
spectrum,2090,3704335680,4096,8,8,63,2b9a1218,46.32519300899003,2,107,37.509765625
spectrum,2091,3706095680,4096,8,8,62,328dfe6c,46.34667860891204,5,87,35.12890625
spectrum,2092,3707855440,4096,8,8,62,37eeae57,46.36864801298361,2,91,35.21875
spectrum,2093,3709615440,4096,8,8,62,05b9e192,46.390644627972506,5,92,34.90234375
spectrum,2094,3711375680,4096,8,8,63,9f1e6618,46.41264699399471,4,90,36.240234375
spectrum,2095,3713136000,4096,8,8,59,45cf1ba9,46.436319164931774,4,87,34.16796875
spectrum,2096,3714895680,4096,8,8,61,67713879,46.45669843396172,1,106,37.22265625
spectrum,2097,3716655440,4096,8,8,63,c552832e,46.47863370296545,3,94,36.224609375
spectrum,2098,3718416000,4096,8,8,61,4678164d,46.50102172791958,3,107,38.5390625
spectrum,2099,3720175680,4096,8,8,60,8bd8ad0c,46.523251833976246,4,92,34.931640625
spectrum,2100,3722015680,4096,8,8,61,34fdc124,46.5456123969052,5,119,43.740234375
spectrum,2101,3723775440,4096,8,8,61,18ce5b05,46.56762978096958,4,92,34.53515625
spectrum,2102,3725536000,4096,8,8,60,25118224,46.58966432791203,4,113,38.08203125
spectrum,2103,3727296000,4096,8,8,36,2e516d61,46.612644952954724,3,119,35.818359375
spectrum,2104,3729135680,4096,8,8,61,012be375,46.63473207899369,2,90,34.6328125
spectrum,2105,3730895680,4096,8,8,62,72125c2e,46.656954129925,5,91,35.388671875
spectrum,2106,3732655440,4096,8,8,62,d2d92f19,46.67868164589163,5,88,35.880859375
spectrum,2107,3734415440,4096,8,8,32,6e216bd8,46.70065230189357,1,104,37.052734375
spectrum,2108,3736176000,4096,8,8,60,89c2498d,46.72263698489405,3,125,43.5859375
spectrum,2109,3737935680,4096,8,8,60,4f92f93b,46.74473615398165,3,101,35.7578125
spectrum,2110,3739695440,4096,8,8,63,e8aa1a9a,46.76665306894574,0,94,35.748046875
spectrum,2111,3741455440,4096,8,8,60,8045a256,46.78942639089655,0,119,43.091796875
spectrum,2112,3743295680,4096,8,8,63,78b9d279,46.81180142099038,0,107,37.205078125
spectrum,2113,3745056000,4096,8,8,72,032d03ba,46.83469372894615,5,116,41.365234375
spectrum,2114,3746815680,4096,8,8,60,c6790134,46.85567016596906,2,101,34.017578125
spectrum,2115,3748575440,4096,8,8,72,fa6989aa,46.87813337298576,1,114,40.98046875
spectrum,2116,3750335440,4096,8,8,60,d44373c3,46.89961716893595,7,106,37.568359375
spectrum,2117,3752095680,4096,8,8,31,9e53c00b,46.92160735197831,1,105,36.359375
spectrum,2118,3753855680,4096,8,8,61,17ce8417,46.943658229894936,2,102,37.3828125
spectrum,2119,3755615680,4096,8,8,62,e49a8707,46.96564133896027,2,95,35.603515625
spectrum,2120,3757376000,4096,8,8,59,eca2d161,46.98794515489135,2,89,34.9140625
spectrum,2121,3759135680,4096,8,8,36,2c941021,47.01302812190261,2,117,36.7265625
spectrum,2122,3760975680,4096,8,8,61,ae80d3bc,47.03332198993303,4,118,40.935546875
spectrum,2123,3762815680,4096,8,8,60,3b0927df,47.05543152790051,2,95,33.94921875
spectrum,2124,3764576000,4096,8,8,61,24bf6e21,47.07864576391876,4,111,38.125
spectrum,2125,3766416000,4096,8,8,62,932049d5,47.10067786590662,13,118,67.31640625
spectrum,2126,3768255680,4096,8,8,61,77642e0c,47.12466219696216,4,105,37.20703125
spectrum,2127,3770095680,4096,8,8,61,74085b99,47.147256872965954,4,92,35.15625
spectrum,2128,3771855680,4096,8,8,64,1e9a954c,47.168675204971805,2,93,36.896484375
spectrum,2129,3773616000,4096,8,8,60,176deb66,47.19069326098543,4,96,34.30078125
spectrum,2130,3775375680,4096,8,8,32,fc42076e,47.21383724396583,4,116,37.244140625
spectrum,2131,3777215680,4096,8,8,72,da107806,47.23567798396107,3,125,45.818359375
spectrum,2132,3778976000,4096,8,8,60,7f0fb0f5,47.25770953600295,1,110,37.23046875
spectrum,2133,3780735680,4096,8,8,61,d8d40e36,47.279898162931204,3,116,38.818359375
spectrum,2134,3782495680,4096,8,8,62,06b24a51,47.30151513090823,5,91,34.970703125
spectrum,2135,3784255680,4096,8,8,61,b6e6c1f7,47.32367076689843,4,107,37.3515625
spectrum,2136,3786095680,4096,8,8,60,ed61775a,47.3466698959237,4,105,36.65625
spectrum,2137,3787856000,4096,8,8,60,4d261b4e,47.36868992599193,3,96,34.224609375
spectrum,2138,3789615440,4096,8,8,63,2cf362ef,47.3927175689023,4,90,35.939453125
spectrum,2139,3791376800,4096,8,8,20,e04a8b3f,47.41366083291359,2,117,36.16015625
spectrum,2140,3793216000,4096,8,8,31,e46b27fb,47.435680080903694,4,106,36.427734375
spectrum,2141,3794976320,4096,8,8,62,45b5bfbe,47.45761533989571,3,86,34.458984375
spectrum,2142,3796735680,4096,8,8,61,e7cf9582,47.479593459982425,3,87,34.421875
spectrum,2143,3798495440,4096,8,8,61,1f0866d0,47.501611104933545,4,89,34.30078125
spectrum,2144,3800256000,4096,8,8,61,eb0a3131,47.52411044994369,1,106,37.701171875
spectrum,2145,3802015680,4096,8,8,62,9a5c2eff,47.54569140996318,4,102,38.88671875
spectrum,2146,3803775680,4096,8,8,60,4bf404a5,47.567665943992324,1,90,35.58984375
spectrum,2147,3805535440,4096,8,8,64,993c0341,47.58951055095531,4,94,36.865234375
spectrum,2148,3807295440,4096,8,8,60,6211fcbc,47.611666507902555,0,109,40.166015625
spectrum,2149,3809056000,4096,8,8,62,87773bc8,47.6336323749274,3,106,36.185546875
spectrum,2150,3810815680,4096,8,8,60,53577b2d,47.65574601094704,4,125,43.8046875
spectrum,2151,3812575680,4096,8,8,63,426614c8,47.681397371925414,4,89,35.916015625
spectrum,2152,3814335440,4096,8,8,63,2224202b,47.69971799093764,0,89,36.341796875
spectrum,2153,3816095440,4096,8,8,60,7b8d43f8,47.72154107899405,1,94,35.439453125
spectrum,2154,3817855680,4096,8,8,60,5b564e8f,47.74583327199798,2,115,41.193359375
spectrum,2155,3819775680,4096,8,8,61,43ac0750,47.7696973659331,2,110,37.8515625
spectrum,2156,3821535680,4096,8,8,72,c56a5bc5,47.789655448985286,3,113,40.40625
spectrum,2157,3823295680,4096,8,8,60,0172d2eb,47.811634170939215,1,124,44.052734375
spectrum,2158,3825055680,4096,8,8,36,7ea09bdf,47.83372272900306,1,112,36.548828125
spectrum,2159,3826815680,4096,8,8,72,f068b4d5,47.85697297391016,3,120,43.5078125
spectrum,2160,3828655680,4096,8,8,62,303b6ae7,47.878648721962236,3,100,34.591796875
spectrum,2161,3830415440,4096,8,8,61,032513fd,47.90064343390986,4,101,34.5703125
spectrum,2162,3832176000,4096,8,8,72,e52bdb81,47.92264989798423,4,112,39.552734375
spectrum,2163,3833935680,4096,8,8,31,32b45a63,47.94461495289579,3,105,37.21875
spectrum,2164,3835695680,4096,8,8,62,c421c9cd,47.966685848892666,5,103,38.078125
spectrum,2165,3837455680,4096,8,8,63,860b6efa,47.98862462397665,3,90,36.177734375
spectrum,2166,3839215440,4096,8,8,63,403d076a,48.01075736689381,0,106,36.697265625
spectrum,2167,3840976320,4096,8,8,35,3c57962c,48.03285554389004,4,118,36.630859375
spectrum,2168,3842815680,4096,8,8,62,68222126,48.055622093961574,5,89,35.46484375
spectrum,2169,3844575680,4096,8,8,61,9128adc6,48.07764624094125,3,91,35.98828125
spectrum,2170,3846335440,4096,8,8,63,cc65cfad,48.09964692394715,2,96,36.365234375
spectrum,2171,3848095440,4096,8,8,59,4135c9bb,48.12167896598112,1,97,33.822265625
spectrum,2172,3849935680,4096,8,8,61,bf5127e5,48.14464376994874,3,109,36.177734375
spectrum,2173,3851696000,4096,8,8,60,7dfc28d9,48.167335107922554,4,92,33.90234375
spectrum,2174,3853455680,4096,8,8,62,2dcc8648,48.18945314292796,2,89,34.96875
spectrum,2175,3855215440,4096,8,8,72,ca799a93,48.21063498791773,4,123,42.66015625
spectrum,2176,3856975440,4096,8,8,60,2b9a856d,48.23366994492244,4,115,35.884765625
spectrum,2177,3858815680,4096,8,8,61,e33e0159,48.25564751389902,0,86,34.91796875
spectrum,2178,3860576000,4096,8,8,60,4419884d,48.27871911099646,1,114,37.94921875
spectrum,2179,3862335680,4096,8,8,63,d1d6a706,48.2996538389707,0,93,36.21484375
spectrum,2180,3864095680,4096,8,8,63,df3bc27d,48.32168358692434,2,90,35.8125
spectrum,2181,3865855680,4096,8,8,60,5dfe6491,48.343912310898304,1,106,36.4921875
spectrum,2182,3867615680,4096,8,8,60,c5c8d62e,48.365602716919966,1,88,33.6953125
spectrum,2183,3869375680,4096,8,8,60,20c23142,48.3873818119755,1,113,37.59375
spectrum,2184,3871135440,4096,8,8,63,3f477e06,48.409643927938305,4,88,36.0703125
spectrum,2185,3872895440,4096,8,8,63,2a490383,48.432377164950594,0,113,37.634765625
spectrum,2186,3874656000,4096,8,8,60,8e1ee512,48.45366862800438,2,108,37.275390625
spectrum,2187,3876415680,4096,8,8,63,95c3866f,48.47572489595041,4,95,34.90234375
spectrum,2188,3878175680,4096,8,8,60,00fb26c5,48.49767713691108,3,87,34.001953125
spectrum,2189,3879935440,4096,8,8,62,142eb630,48.51967334095389,3,93,34.224609375
spectrum,2190,3881695440,4096,8,8,60,37a302cd,48.54173205397092,3,89,33.5390625
spectrum,2191,3883535680,4096,8,8,64,d0559e40,48.564696747926064,0,91,35.6328125
spectrum,2192,3885375680,4096,8,8,61,197c77a4,48.58769613795448,3,87,34.265625
spectrum,2193,3887135440,4096,8,8,72,9ccdbc3d,48.60966191499028,5,126,43.068359375
spectrum,2194,3888895440,4096,8,8,64,c817ffef,48.63167784688994,4,115,39.19921875
spectrum,2195,3890655680,4096,8,8,60,5aa02d7c,48.65383749990724,4,120,40.494140625
spectrum,2196,3892495680,4096,8,8,62,6d5b9966,48.67665438493714,2,106,36.8984375
spectrum,2197,3894256000,4096,8,8,61,c15fc306,48.69865025894251,0,89,34.638671875
spectrum,2198,3896015440,4096,8,8,61,340cb06f,48.720663755899295,0,98,34.302734375
spectrum,2199,3897775440,4096,8,8,61,96a1f470,48.7440403989749,2,111,39.109375
spectrum,2200,3899535680,4096,8,8,31,4bae41fb,48.7647436899133,4,112,37.173828125
spectrum,2201,3901375680,4096,8,8,63,9f29dfdb,48.78763128898572,3,99,33.96484375
spectrum,2202,3903135680,4096,8,8,72,f0ec73bb,48.80967224796768,2,121,45.220703125
spectrum,2203,3904896000,4096,8,8,60,f8c7e468,48.83167300093919,3,108,37.60546875
spectrum,2204,3906655680,4096,8,8,36,a49d87aa,48.85466758091934,2,118,36.3046875
spectrum,2205,3908495680,4096,8,8,61,c0a3e3a7,48.877002615947276,4,93,36.3828125
spectrum,2206,3910335680,4096,8,8,60,6478008c,48.89964535192121,0,92,34.28515625
spectrum,2207,3912096000,4096,8,8,62,2515586f,48.921533040935174,5,95,35.0078125
spectrum,2208,3913936000,4096,8,8,62,2f1bfd17,48.94471326295752,3,92,34.955078125
spectrum,2209,3915695680,4096,8,8,62,42be2233,48.966638021986,3,115,40.677734375
spectrum,2210,3917455680,4096,8,8,72,9926fdda,48.9890280009713,4,113,40.662109375
spectrum,2211,3919215680,4096,8,8,60,02f651c0,49.01204759895336,4,110,39.01171875
spectrum,2212,3920975440,4096,8,8,60,cd46caf8,49.032638457953,3,94,35.587890625
spectrum,2213,3922735440,4096,8,8,72,d66e6673,49.05574361793697,1,117,40.14453125
spectrum,2214,3924575680,4096,8,8,61,15a34117,49.07768721296452,4,97,34.076171875
spectrum,2215,3926335680,4096,8,8,63,57a15d1a,49.09964662697166,1,94,34.052734375
spectrum,2216,3928095680,4096,8,8,62,3bf6f7e8,49.121645476901904,4,90,35.453125
spectrum,2217,3929855440,4096,8,8,20,8eb6f98a,49.14761165296659,4,116,40.36328125
spectrum,2218,3931615680,4096,8,8,60,9f4aef4a,49.16567583696451,4,107,36.37890625
spectrum,2219,3933375680,4096,8,8,62,692819b2,49.18780567392241,4,94,35.15625
spectrum,2220,3935215680,4096,8,8,72,d6c96e48,49.21067481790669,4,121,44.3515625
spectrum,2221,3936975440,4096,8,8,60,a72a5b81,49.23271267092787,4,90,35.53515625
spectrum,2222,3938735440,4096,8,8,63,2148f031,49.25568037095945,4,117,36.984375
spectrum,2223,3940576640,4096,8,8,36,870d917e,49.278661706950516,4,117,36.76171875
spectrum,2224,3942418960,4096,8,8,63,adf74b40,49.30065011593979,0,92,34.49609375
spectrum,2225,3944175680,4096,8,8,61,4813972e,49.322700112941675,1,96,34.447265625
spectrum,2226,3945935680,4096,8,8,72,f6334a9a,49.34521789196879,4,109,37.181640625
spectrum,2227,3947696000,4096,8,8,60,2a3de09e,49.36869982397184,4,106,36.375
spectrum,2228,3949455680,4096,8,8,61,f1459522,49.392394577967934,4,88,34.080078125
spectrum,2229,3951215680,4096,8,8,61,29970320,49.411067522945814,4,88,34.525390625
spectrum,2230,3952975440,4096,8,8,63,4307f73b,49.43398767290637,2,95,36.388671875
spectrum,2231,3954735440,4096,8,8,63,0dc5d1cb,49.45466093788855,4,98,35.30859375
spectrum,2232,3956575680,4096,8,8,59,879bc86f,49.477632193942554,3,106,37.58984375
spectrum,2233,3958336000,4096,8,8,63,07d3bbe9,49.49971371993888,2,120,41.126953125
spectrum,2234,3960095680,4096,8,8,62,eb57b320,49.521653527976014,3,123,37.62890625
spectrum,2235,3961855440,4096,8,8,60,1d1ae815,49.543638320988975,4,90,34.1171875
spectrum,2236,3963615440,4096,8,8,64,a557d60d,49.56569546996616,3,96,34.6484375
spectrum,2237,3965375680,4096,8,8,61,efd9248a,49.58767746796366,2,113,37.453125
spectrum,2238,3967136000,4096,8,8,62,dec4d12c,49.60968611598946,3,117,41.625
spectrum,2239,3968895680,4096,8,8,61,47e2ed66,49.63153288792819,5,115,40.193359375
spectrum,2240,3970655680,4096,8,8,63,578c9366,49.653695305925794,4,89,36.076171875
spectrum,2241,3972416320,4096,8,8,72,5d3835fc,49.675666542956606,4,117,41.5078125
spectrum,2242,3974255680,4096,8,8,61,d96e0fda,49.700119950925,1,96,34.31640625
spectrum,2243,3976015680,4096,8,8,72,58de6228,49.72056617599446,1,115,39.451171875
spectrum,2244,3977775440,4096,8,8,72,777e6c2d,49.742504370980896,3,111,39.2421875
spectrum,2245,3979536000,4096,8,8,60,ae7a0cd1,49.76472593098879,1,95,33.482421875
spectrum,2246,3981295680,4096,8,8,60,4cb9bbb9,49.78672580199782,3,107,36.357421875
spectrum,2247,3983055680,4096,8,8,63,940aa89e,49.808632076950744,1,89,34.677734375
spectrum,2248,3984815680,4096,8,8,61,81a68671,49.830638149986044,0,87,34.578125
spectrum,2249,3986575440,4096,8,8,62,cb428d1a,49.852713663945906,2,89,35.1640625
spectrum,2250,3988335440,4096,8,8,62,0b96264e,49.87466470291838,4,96,34.240234375
spectrum,2251,3990096000,4096,8,8,61,422ecbe5,49.896678039920516,2,89,34.599609375
spectrum,2252,3991855680,4096,8,8,60,730df2cf,49.92074429593049,5,115,43.67578125
spectrum,2253,3993615440,4096,8,8,61,f1018e17,49.940699763945304,3,88,34.50390625
spectrum,2254,3995375440,4096,8,8,61,bf41b6b2,49.96301586297341,2,101,37.556640625
spectrum,2255,3997135680,4096,8,8,60,15f39edf,49.98468829493504,0,97,34.146484375
spectrum,2256,3998975680,4096,8,8,61,f458ef2b,50.00762612896506,2,107,37.259765625
spectrum,2257,4000736000,4096,8,8,60,f75db146,50.031286156969145,4,90,33.5703125
spectrum,2258,4002496000,4096,8,8,62,6dc91b2c,50.05174291296862,0,90,35.21875
spectrum,2259,4004255680,4096,8,8,61,f7bd225c,50.07389014190994,4,116,37.46875
spectrum,2260,4006095680,4096,8,8,60,4aa3a3af,50.10261047293898,3,86,33.744140625
spectrum,2261,4007855680,4096,8,8,60,1be61994,50.11861316196155,5,92,35.697265625
spectrum,2262,4009615680,4096,8,8,62,bee25f5e,50.140682864934206,1,112,38.328125
spectrum,2263,4011375440,4096,8,8,62,9ba46ec6,50.16264728899114,4,88,35.103515625
spectrum,2264,4013135680,4096,8,8,60,35d97b33,50.1846342459321,1,117,38.39453125
spectrum,2265,4014895680,4096,8,8,60,26ffe26e,50.206667029997334,2,90,33.861328125
spectrum,2266,4016655680,4096,8,8,60,710182f8,50.22965213295538,2,91,33.509765625
spectrum,2267,4018415440,4096,8,8,60,bebefc21,50.25063650496304,3,91,34.31640625
spectrum,2268,4020175440,4096,8,8,72,86a4add5,50.274223805987276,4,134,50.02734375
spectrum,2269,4021936000,4096,8,8,59,aeb112cf,50.29466844792478,1,103,36.544921875
spectrum,2270,4023695680,4096,8,8,62,2519347a,50.31661079090554,4,105,38.732421875
spectrum,2271,4025455680,4096,8,8,63,9072d648,50.33868350996636,3,94,36.6328125
spectrum,2272,4027215440,4096,8,8,64,fff81c9e,50.36068891198374,2,93,36.59375
spectrum,2273,4028975440,4096,8,8,62,841db573,50.382652063970454,0,94,35.642578125
spectrum,2274,4030736000,4096,8,8,62,e4dfa275,50.404675709898584,0,92,35.3515625
spectrum,2275,4032495440,4096,8,8,32,a9ecc81f,50.42664167692419,4,102,38.6015625
spectrum,2276,4034255680,4096,8,8,63,9d5d33b9,50.44868657295592,0,107,37.517578125
spectrum,2277,4036015680,4096,8,8,61,386b1fb0,50.47066819993779,0,89,34.421875
spectrum,2278,4037776000,4096,8,8,62,6d33d781,50.49293179996312,4,112,35.47265625
spectrum,2279,4039535680,4096,8,8,72,1951786f,50.5152869829908,2,116,40.94140625
spectrum,2280,4041375680,4096,8,8,60,6d2d14f3,50.53760529588908,4,117,40.12890625
spectrum,2281,4043136000,4096,8,8,72,2cfe065a,50.55969304300379,5,121,45.4609375
spectrum,2282,4044895440,4096,8,8,72,2e4e8cea,50.58161241200287,2,122,44.431640625
spectrum,2283,4046655680,4096,8,8,61,48881f39,50.60368425899651,4,108,36.69140625
spectrum,2284,4048415680,4096,8,8,62,d1de320d,50.62656279094517,3,110,37.541015625
spectrum,2285,4050175680,4096,8,8,61,119f6f22,50.64772654196713,5,89,34.11328125
spectrum,2286,4051935440,4096,8,8,61,ad9a48bb,50.66970073489938,4,91,34.7734375
spectrum,2287,4053695440,4096,8,8,61,6088188b,50.69444434100296,3,88,35.015625
spectrum,2288,4055455680,4096,8,8,61,a57cb384,50.71366968995426,3,107,38.486328125
spectrum,2289,4057216000,4096,8,8,61,abddd8b2,50.73572576697916,2,90,34.080078125
spectrum,2290,4058975680,4096,8,8,61,6c723e73,50.75769608293194,0,88,34.671875
spectrum,2291,4060735680,4096,8,8,61,ffd1a0c1,50.78286534291692,4,125,35.865234375
spectrum,2292,4062575680,4096,8,8,34,d3d0db93,50.803741009905934,0,123,32.978515625
spectrum,2293,4064416640,4096,8,8,36,1701f0f4,50.8256944429595,0,103,36.96875
spectrum,2294,4066175680,4096,8,8,60,826a3443,50.847700355923735,3,120,41.673828125
spectrum,2295,4067935440,4096,8,8,62,e331c1b3,50.870977309998125,1,89,35.111328125
spectrum,2296,4069695440,4096,8,8,62,7951483f,50.89168766490184,4,104,37.984375
spectrum,2297,4071455680,4096,8,8,60,ad38f53b,50.913711521890946,2,112,35.103515625
spectrum,2298,4073215680,4096,8,8,63,810e8603,50.93690198299009,5,95,37.58203125
spectrum,2299,4074975680,4096,8,8,65,904f6235,50.957703859894536,2,97,36.578125
spectrum,2300,4076735440,4096,8,8,63,7e50bb13,50.979695205925964,4,107,37.931640625
spectrum,2301,4078500960,4096,8,8,31,37ddfae3,51.001714603975415,0,104,37.1328125
spectrum,2302,4080256000,4096,8,8,62,0885706f,51.02368942799512,3,94,34.712890625
spectrum,2303,4082015680,4096,8,8,63,2ca915b1,51.04570983792655,2,96,34.3203125
spectrum,2304,4083855440,4096,8,8,60,c5004528,51.06860037194565,0,96,33.837890625
spectrum,2305,4085616000,4096,8,8,72,33382db5,51.09073429694399,2,109,39.29296875
spectrum,2306,4087375680,4096,8,8,59,be08216f,51.11274319491349,0,111,35.599609375
spectrum,2307,4089135680,4096,8,8,64,5001d0b6,51.13470479391981,4,93,36.30078125
spectrum,2308,4090895680,4096,8,8,61,e7cb6f62,51.15664187690709,1,86,34.74609375
spectrum,2309,4092655440,4096,8,8,61,f365bb73,51.178834050893784,4,87,34.537109375
spectrum,2310,4094415680,4096,8,8,59,5def866c,51.20171195198782,0,112,37.6171875
spectrum,2311,4096256000,4096,8,8,62,c45de54c,51.22367169696372,3,89,35.33984375
spectrum,2312,4098015440,4096,8,8,32,2492740c,51.24926315492485,0,107,37.373046875
spectrum,2313,4099775680,4096,8,8,61,36ec9ab1,51.26748792291619,4,117,37.482421875
spectrum,2314,4101535680,4096,8,8,61,2c6bd05c,51.2896687759785,5,88,34.552734375
spectrum,2315,4103296000,4096,8,8,58,aed0faf1,51.311698573990725,3,114,37.40625
spectrum,2316,4105135680,4096,8,8,60,1cb35c3e,51.33471962495241,0,106,37.201171875
spectrum,2317,4106896000,4096,8,8,62,970a7ab8,51.356712212902494,0,97,35.54296875
spectrum,2318,4108655440,4096,8,8,62,352e0b4f,51.37865781097207,1,94,35.65234375
spectrum,2319,4110415440,4096,8,8,62,9cbb4359,51.402864903910086,4,95,34.962890625
spectrum,2320,4112175680,4096,8,8,62,b76dd3ae,51.422591548995115,5,104,36.7265625
spectrum,2321,4113935680,4096,8,8,63,a006cbe2,51.44474571198225,4,108,38.32421875
spectrum,2322,4115695680,4096,8,8,61,b7bc8404,51.46671869291458,2,105,37.57421875
spectrum,2323,4117455440,4096,8,8,65,4f6c94b9,51.48866755794734,5,108,37.373046875
spectrum,2324,4119215440,4096,8,8,65,4bee158f,51.510670914896764,3,90,35.1015625
spectrum,2325,4120975680,4096,8,8,72,aa996228,51.53424368891865,4,111,38.853515625
spectrum,2326,4122736000,4096,8,8,61,4fff7217,51.554676428902894,4,88,34.57421875
spectrum,2327,4124495680,4096,8,8,60,6d435326,51.576566622941755,0,93,34.57421875
spectrum,2328,4126255680,4096,8,8,61,c80c49d8,51.598683324991725,0,84,34.109375
spectrum,2329,4128016000,4096,8,8,34,571277af,51.621666093938984,2,116,41.603515625
spectrum,2330,4129855680,4096,8,8,62,bfc499b0,51.64367316896096,1,90,35.037109375
spectrum,2331,4131615680,4096,8,8,60,e071fde1,51.665703727980144,5,105,37.08203125
spectrum,2332,4133376000,4096,8,8,30,c3501fed,51.68766285199672,3,107,40.240234375
spectrum,2333,4135135680,4096,8,8,61,cb2e7389,51.70979764894582,5,110,38.92578125
spectrum,2334,4136895680,4096,8,8,60,5350ef38,51.73177875392139,24,120,68.92578125
spectrum,2335,4138655680,4096,8,8,64,ec5dddfa,51.75373914092779,2,89,35.49609375
spectrum,2336,4140415680,4096,8,8,72,d9501aaa,51.7756635498954,2,128,45.099609375
spectrum,2337,4142175440,4096,8,8,62,8e159821,51.797656517941505,3,93,34.974609375
spectrum,2338,4143935440,4096,8,8,62,6b7f4ef0,51.81981282494962,3,113,36.580078125
spectrum,2339,4145776000,4096,8,8,61,4bdae57b,51.84252198599279,1,92,34.373046875
spectrum,2340,4147615680,4096,8,8,72,cf12e12c,51.865677611902356,4,128,44.859375
spectrum,2341,4149376320,4096,8,8,62,c6c68bc8,51.887759657925926,2,103,34.994140625
spectrum,2342,4151135680,4096,8,8,61,209b8955,51.90969790297095,4,100,35.2734375
spectrum,2343,4152895680,4096,8,8,60,52a3cab2,51.931687374948524,4,105,36.900390625
spectrum,2344,4154655680,4096,8,8,63,08bfdb70,51.95375155797228,4,99,34.7578125
spectrum,2345,4156415680,4096,8,8,62,455ab64a,51.97567624691874,3,121,43.294921875
spectrum,2346,4158175440,4096,8,8,72,c73eb15f,51.997782117919996,5,124,44.4453125
spectrum,2347,4159935440,4096,8,8,60,f5baf171,52.0208850139752,1,109,36.83203125
spectrum,2348,4161695680,4096,8,8,34,1513a33a,52.04168969695456,3,123,44.83984375
spectrum,2349,4163455680,4096,8,8,61,a32b8fb8,52.0637159779435,1,109,38.44140625
spectrum,2350,4165215680,4096,8,8,49,0cebcda9,52.0857111599762,8,135,56.291015625
spectrum,2351,4166975440,4096,8,8,62,40414deb,52.107575695961714,1,104,35.15234375
spectrum,2352,4168736000,4096,8,8,60,34c4230a,52.13099458895158,2,111,36.66015625
spectrum,2353,4170496000,4096,8,8,60,57b5c522,52.15180336893536,0,107,34.06640625
spectrum,2354,4172256000,4096,8,8,62,1aee2300,52.17841147899162,4,95,34.986328125
spectrum,2355,4174015680,4096,8,8,60,23a373dc,52.19578021892812,3,105,33.30859375
spectrum,2356,4175775680,4096,8,8,60,597ab531,52.21768468990922,2,116,41.916015625
spectrum,2357,4177535680,4096,8,8,32,11bd8b4a,52.24077466095332,2,117,36.935546875
spectrum,2358,4179375680,4096,8,8,61,4f40f557,52.26268440193962,4,96,34.625
spectrum,2359,4181135680,4096,8,8,57,e1d41641,52.284713367931545,5,117,38.68359375
spectrum,2360,4182895440,4096,8,8,72,288c853f,52.3067271359032,3,120,39.388671875
spectrum,2361,4184655440,4096,8,8,61,94737e35,52.3287531969836,3,91,35.802734375
spectrum,2362,4186415680,4096,8,8,62,08c66620,52.350704004988074,4,100,34.443359375
spectrum,2363,4188176320,4096,8,8,61,91a8caa4,52.37259900895879,1,92,34.474609375
spectrum,2364,4190015680,4096,8,8,72,05e755c0,52.395752399927005,3,110,40.833984375
spectrum,2365,4191776320,4096,8,8,60,b1628ce8,52.41774839395657,4,100,34.03515625
spectrum,2366,4193535680,4096,8,8,32,bd370955,52.43973235494923,3,113,37.109375
spectrum,2367,4195375680,4096,8,8,61,a8c7b632,52.46441627794411,4,111,39.8125
spectrum,2368,4197135680,4096,8,8,63,f9889e85,52.48666225397028,1,96,34.6484375
spectrum,2369,4198895680,4096,8,8,60,dd6d0ed0,52.506668247981,4,97,33.974609375
spectrum,2370,4200655440,4096,8,8,62,36b7eb24,52.52871908596717,2,93,34.25
spectrum,2371,4202415680,4096,8,8,60,9b248c04,52.550701152998954,3,108,36.291015625
spectrum,2372,4204175680,4096,8,8,62,83c28e2c,52.57436990796123,2,91,35.03515625
spectrum,2373,4206015680,4096,8,8,61,77bf3597,52.595665638917126,4,86,33.802734375
spectrum,2374,4207775440,4096,8,8,60,086dd0c5,52.61953041399829,5,107,37.83203125
spectrum,2375,4209535680,4096,8,8,59,b0e4ed5f,52.639536216971464,2,107,40.56640625
spectrum,2376,4211376000,4096,8,8,63,ece4ca42,52.66267222596798,4,96,35.064453125
spectrum,2377,4213136000,4096,8,8,60,55bd8ff3,52.684787514968775,2,92,34.263671875
spectrum,2378,4214895680,4096,8,8,61,771d8ba0,52.7067585819168,1,97,36.287109375
spectrum,2379,4216655440,4096,8,8,60,7750327f,52.72868607589044,3,90,34.677734375
spectrum,2380,4218415680,4096,8,8,61,35a07a61,52.75049766199663,4,110,41.2265625
spectrum,2381,4220175680,4096,8,8,61,102429d0,52.77275625197217,1,113,41.416015625
spectrum,2382,4221935680,4096,8,8,63,4f6ec772,52.79572602594271,4,90,35.599609375
spectrum,2383,4223695440,4096,8,8,62,bbda49f0,52.8166977239307,0,89,34.875
spectrum,2384,4225455440,4096,8,8,59,0ff5a2ec,52.838935865904205,2,112,36.400390625
spectrum,2385,4227295680,4096,8,8,33,a4b949ff,52.86177494295407,5,107,36.84765625
spectrum,2386,4229055680,4096,8,8,61,ae605908,52.88733675493859,4,114,39.21875
spectrum,2387,4230815680,4096,8,8,72,59440210,52.90559349290561,3,112,39.43359375
spectrum,2388,4232575440,4096,8,8,60,210b56ef,52.927694294950925,3,95,33.640625
spectrum,2389,4234336320,4096,8,8,61,e6cec0b1,52.95320756593719,4,110,38.8984375
spectrum,2390,4236095680,4096,8,8,62,784f31ac,52.971739443950355,4,108,37.326171875
spectrum,2391,4237855680,4096,8,8,63,a4969ecd,52.99372910591774,4,105,38.53515625
spectrum,2392,4239615680,4096,8,8,72,e7b04938,53.01586808997672,3,105,38.001953125
spectrum,2393,4241375680,4096,8,8,60,7aa9a439,53.037728527910076,5,108,35.6640625
spectrum,2394,4243215680,4096,8,8,30,c6d9fb91,53.06167987699155,4,117,36.943359375
spectrum,2395,4245055680,4096,8,8,62,04e35960,53.08376964798663,2,103,37.50390625
spectrum,2396,4246815680,4096,8,8,62,17775dc3,53.1056831459282,1,127,38.41015625
spectrum,2397,4248575440,4096,8,8,64,a45fe7ed,53.12775179697201,4,97,36.984375
spectrum,2398,4250335440,4096,8,8,64,ea9f8469,53.14969614392612,0,111,38.9921875
spectrum,2399,4252095680,4096,8,8,60,3dbfd05d,53.17161341896281,3,93,33.87890625
spectrum,2400,4253936000,4096,8,8,63,a256479b,53.19474075094331,4,88,34.265625
spectrum,2401,4255695680,4096,8,8,64,febb696e,53.216701337951235,4,93,35.34375
spectrum,2402,4257455680,4096,8,8,62,5ac96ad2,53.238677173969336,4,92,35.572265625
spectrum,2403,4259216000,4096,8,8,31,d8b55856,53.261851794901304,0,118,35.583984375
spectrum,2404,4261055680,4096,8,8,61,bbaad257,53.28382096788846,1,103,37.818359375
spectrum,2405,4262815680,4096,8,8,61,a5946930,53.30571787490044,4,90,34.34375
spectrum,2406,4264575440,4096,8,8,59,837843c1,53.32778867997695,0,88,34.046875
spectrum,2407,4266335440,4096,8,8,60,301cfd62,53.35185009695124,5,113,37.51171875
spectrum,2408,4268095680,4096,8,8,64,b08e76e3,53.37173590390012,1,96,36.384765625
spectrum,2409,4269855680,4096,8,8,62,42d0cc06,53.39373323996551,1,87,34.873046875
spectrum,2410,4271615680,4096,8,8,61,87a9b045,53.41573043598328,3,87,34.361328125
spectrum,2411,4273375680,4096,8,8,63,b4ae8c51,53.43759701598901,2,91,36.333984375
spectrum,2412,4275216640,4096,8,8,32,a670b1c6,53.46070324792527,3,116,37.900390625
spectrum,2413,4277055680,4096,8,8,61,2e65fb1a,53.483701605931856,4,88,35.009765625
spectrum,2414,4278815680,4096,8,8,59,d6c27141,53.50574212393258,3,91,35.8125
spectrum,2415,4280575440,4096,8,8,60,b1ad0c4b,53.52771968289744,1,88,34.359375
spectrum,2416,4282336000,4096,8,8,61,bbc53e43,53.54974514292553,4,115,40.76953125
spectrum,2417,4284095680,4096,8,8,60,0c626e19,53.57170774391852,4,110,38.951171875
spectrum,2418,4285855680,4096,8,8,61,1d1059c5,53.59378187498078,5,108,39.134765625
spectrum,2419,4287615680,4096,8,8,60,77ba926f,53.6157081379788,4,92,34.263671875
spectrum,2420,4289375440,4096,8,8,62,ed4531da,53.63769297092222,4,109,38.416015625
spectrum,2421,4291135440,4096,8,8,50,8f0dcf0d,53.65970951295458,4,115,39.76171875
spectrum,2422,4292896000,4096,8,8,60,b5e3cd13,53.681749249924906,1,106,38.802734375
spectrum,2423,4294655440,4096,8,8,62,3a233bc8,53.70365022390615,0,89,34.783203125
spectrum,2424,4296495680,4096,8,8,60,f002efbe,53.72679518989753,8,115,69.998046875
spectrum,2425,4298255440,4096,8,8,62,7734eb8c,53.74869268690236,4,109,38.984375
spectrum,2426,4300016000,4096,8,8,61,2e8d87e7,53.7707397879567,5,113,40.048828125
spectrum,2427,4301775680,4096,8,8,61,2da8d53d,53.79273922799621,1,108,39.486328125
spectrum,2428,4303535680,4096,8,8,61,256d51d1,53.8147287099855,1,90,33.71875
spectrum,2429,4305295440,4096,8,8,61,f302a2b5,53.838431098964065,0,92,34.6171875
spectrum,2430,4307055680,4096,8,8,61,0622053b,53.85871201194823,1,115,36.9609375
spectrum,2431,4308816320,4096,8,8,60,a7b8c571,53.880799959995784,4,105,36.15234375
spectrum,2432,4310575680,4096,8,8,60,7c6524f1,53.90272820589598,4,107,37.40625
spectrum,2433,4312335680,4096,8,8,62,7f4e19c2,53.92471937998198,2,95,35.125
spectrum,2434,4314095440,4096,8,8,61,525a7ceb,53.946756802964956,3,87,34.392578125
spectrum,2435,4315855440,4096,8,8,61,d2619c80,53.968636636971496,0,88,34.365234375
spectrum,2436,4317695680,4096,8,8,61,388e3d43,53.991793634952046,2,105,36.94140625
spectrum,2437,4319456320,4096,8,8,60,f88e13fd,54.013822881970555,4,85,33.42578125
spectrum,2438,4321215680,4096,8,8,72,572cd5ed,54.035737671889365,4,124,42.798828125
spectrum,2439,4322975680,4096,8,8,61,4102486f,54.05906022293493,3,88,34.138671875
spectrum,2440,4324735680,4096,8,8,58,7d8b8aa5,54.07975967694074,3,105,36.6328125
spectrum,2441,4326495680,4096,8,8,62,de08d785,54.10173610399943,2,107,37.958984375
spectrum,2442,4328255680,4096,8,8,60,3a32f774,54.12370627897326,2,120,43.279296875
spectrum,2443,4330015440,4096,8,8,60,3e8cb56a,54.145766233908944,0,120,37.333984375
spectrum,2444,4331775440,4096,8,8,60,31af7007,54.16782022791449,2,94,35.875
spectrum,2445,4333535680,4096,8,8,62,23f55513,54.18975710996892,4,106,37.14453125
spectrum,2446,4335295680,4096,8,8,60,7f7cece1,54.211666891002096,1,108,38.91015625
spectrum,2447,4337135680,4096,8,8,60,504aa6d3,54.234519583988,3,119,39.845703125
spectrum,2448,4338895440,4096,8,8,62,c59db37c,54.25722299492918,4,91,35.396484375
spectrum,2449,4340655440,4096,8,8,32,412a5817,54.27966739598196,0,115,37.849609375
spectrum,2450,4342496000,4096,8,8,61,7100d346,54.3017150479136,4,89,34.375
spectrum,2451,4344256000,4096,8,8,61,2f2e2583,54.323718304978684,3,124,42.57421875
spectrum,2452,4346015680,4096,8,8,60,6d80a83a,54.34571677399799,21,125,76.669921875
spectrum,2453,4347775680,4096,8,8,61,e796e94a,54.36775147099979,0,108,37.66796875
spectrum,2454,4349535680,4096,8,8,62,c8e1a624,54.3897118679015,4,109,37.23828125
spectrum,2455,4351295680,4096,8,8,61,8251da32,54.41279096889775,2,113,36.798828125
spectrum,2456,4353055680,4096,8,8,60,491a46b9,54.43391284090467,2,93,33.787109375
spectrum,2457,4354815440,4096,8,8,72,9442bb16,54.455758950905874,1,105,38.794921875
spectrum,2458,4356575440,4096,8,8,64,8f51286b,54.477778469910845,2,116,38.78125
spectrum,2459,4358416000,4096,8,8,61,9b018c87,54.5006307719741,3,93,34.619140625
spectrum,2460,4360256640,4096,8,8,59,27504756,54.5237376249861,5,114,37.15234375
spectrum,2461,4362015680,4096,8,8,72,8e86b408,54.54569577798247,5,114,39.37109375
spectrum,2462,4363775680,4096,8,8,60,e4d48d14,54.5677730148891,0,94,33.50390625
spectrum,2463,4365535680,4096,8,8,63,54bc86d0,54.59040951996576,3,111,35.96484375
spectrum,2464,4367295680,4096,8,8,60,b2411114,54.61174011591356,3,104,36.927734375
spectrum,2465,4369055680,4096,8,8,60,b3774bf2,54.63375691999681,2,92,33.6171875
spectrum,2466,4370815440,4096,8,8,60,9138153d,54.655739287962206,0,87,34.0078125
spectrum,2467,4372575440,4096,8,8,60,88a966d2,54.67779182898812,5,112,40.5703125
spectrum,2468,4374335680,4096,8,8,61,25fdc4f8,54.69980522594415,0,106,35.595703125
spectrum,2469,4376095680,4096,8,8,61,9b2e6a95,54.72172125894576,2,125,43.185546875
spectrum,2470,4377855680,4096,8,8,72,ab0e602c,54.74412346992176,2,125,45.21875
spectrum,2471,4379615440,4096,8,8,37,d2cf1c19,54.76576060592197,1,103,34.22265625
spectrum,2472,4381375440,4096,8,8,72,b4f31989,54.787787227891386,1,111,40.125
spectrum,2473,4383136000,4096,8,8,59,f2004cb1,54.809741031960584,3,105,36.796875
spectrum,2474,4384896000,4096,8,8,59,87c2f440,54.8317321469076,4,118,40.291015625
spectrum,2475,4386655680,4096,8,8,72,d92d5f5d,54.85374919092283,5,114,40.8671875
spectrum,2476,4388415680,4096,8,8,62,d1f0049b,54.87570662191138,2,99,35.787109375
spectrum,2477,4390175680,4096,8,8,61,1ceb88aa,54.89768841897603,2,106,35.875
spectrum,2478,4392015680,4096,8,8,60,4df4ae03,54.92080228496343,3,118,42.8984375
spectrum,2479,4393855680,4096,8,8,60,94882736,54.94431117794011,3,98,34.04296875
spectrum,2480,4395615680,4096,8,8,61,d929712a,54.96751432295423,4,98,34.671875
spectrum,2481,4397375680,4096,8,8,61,1701e11e,54.98779288190417,2,106,37.201171875
spectrum,2482,4399135680,4096,8,8,61,30bf5a68,55.00975435099099,4,110,36.12890625
spectrum,2483,4400895680,4096,8,8,61,88fa117a,55.03154191095382,4,96,34.650390625
spectrum,2484,4402735680,4096,8,8,60,85d9bbef,55.05472050898243,3,91,33.93359375
spectrum,2485,4404495440,4096,8,8,62,5dec7b8f,55.07760714599863,4,89,35.654296875
spectrum,2486,4406256320,4096,8,8,32,3d49fd73,55.09872733592056,2,108,36.3046875
spectrum,2487,4408095680,4096,8,8,61,3e702b68,55.121760198962875,0,87,34.1953125
spectrum,2488,4409855680,4096,8,8,62,a93cbc9b,55.14377062988933,2,113,37.052734375
spectrum,2489,4411615440,4096,8,8,60,11465234,55.16572087793611,4,87,34.013671875
spectrum,2490,4413375440,4096,8,8,61,80c3ad3f,55.187730537960306,1,90,34.298828125
spectrum,2491,4415135680,4096,8,8,61,35e5e445,55.211910527898,3,104,36.58984375
spectrum,2492,4416895680,4096,8,8,62,47d11322,55.23181321693119,2,107,37.73046875
spectrum,2493,4418735680,4096,8,8,62,1bf1c427,55.25477803195827,3,88,35.326171875
spectrum,2494,4420495440,4096,8,8,62,39fa1979,55.27669323293958,3,89,35.177734375
spectrum,2495,4422256000,4096,8,8,60,7175faad,55.298893442959525,0,119,37.388671875
spectrum,2496,4424095680,4096,8,8,62,f35f642d,55.321741736959666,2,88,34.978515625
spectrum,2497,4425856320,4096,8,8,60,4edcd099,55.3437390839681,4,87,34.232421875
spectrum,2498,4427615680,4096,8,8,58,8cdf8848,55.36579317797441,15,144,66.61328125
spectrum,2499,4429375440,4096,8,8,60,cf38db84,55.3877783609787,0,91,34.474609375
spectrum,2500,4431136000,4096,8,8,60,c9679d06,55.409728979924694,5,136,39.447265625
spectrum,2501,4432895680,4096,8,8,60,9f0b71cd,55.43180030595977,5,88,33.798828125
spectrum,2502,4434655680,4096,8,8,61,7429c258,55.45377118198667,3,91,35.029296875
spectrum,2503,4436415440,4096,8,8,61,182c2d4c,55.47572764195502,4,133,40.97265625
spectrum,2504,4438175440,4096,8,8,63,e72f5b3e,55.4977722679032,4,126,38.005859375
spectrum,2505,4440015680,4096,8,8,60,ea33b915,55.520750447991304,2,106,36.236328125
spectrum,2506,4441775680,4096,8,8,60,87e35036,55.54314154793974,17,142,67.3046875
spectrum,2507,4443615680,4096,8,8,60,4e5fb3b4,55.56579307094216,4,132,44.400390625
spectrum,2508,4445375440,4096,8,8,60,81ad1281,55.587757244938985,2,128,32.939453125
spectrum,2509,4447216320,4096,8,8,61,605c6536,55.61339373793453,3,87,34.412109375
spectrum,2510,4448976000,4096,8,8,61,a075caa1,55.632756275939755,3,110,36.787109375
spectrum,2511,4450735680,4096,8,8,61,dd935787,55.65478160500061,4,84,34.296875
spectrum,2512,4452495440,4096,8,8,60,53ce0e92,55.67674603895284,3,119,41.533203125
spectrum,2513,4454255440,4096,8,8,63,156209dc,55.698779423953965,4,107,36.931640625
spectrum,2514,4456095680,4096,8,8,60,af153e08,55.72333657799754,2,107,35.94140625
spectrum,2515,4457855680,4096,8,8,60,0654db38,55.743779546930455,2,103,38.509765625
spectrum,2516,4459615680,4096,8,8,60,1ae462ed,55.7683258599136,4,138,39.626953125
spectrum,2517,4461375680,4096,8,8,65,457b6a56,55.788186518941075,2,102,37.517578125
spectrum,2518,4463135440,4096,8,8,62,f780722f,55.80975980497897,4,86,33.837890625
spectrum,2519,4464896000,4096,8,8,58,badbd0e9,55.83165972691495,0,91,34.55078125
spectrum,2520,4466736640,4096,8,8,62,39c91c36,55.85476038791239,0,90,34.79296875
spectrum,2521,4468495680,4096,8,8,61,abf1a56f,55.8777534669498,5,88,34.666015625
spectrum,2522,4470255680,4096,8,8,35,6097f8b5,55.89874560397584,2,113,39.3515625
spectrum,2523,4472015680,4096,8,8,60,2aec069e,55.92080634995364,4,111,40.08203125
spectrum,2524,4473775680,4096,8,8,71,e26565ec,55.943265899899416,2,108,38.978515625
spectrum,2525,4475535680,4096,8,8,59,91f3650c,55.96475461497903,4,88,33.484375
spectrum,2526,4477295440,4096,8,8,61,36cd7784,55.98679303994868,0,88,34.921875
spectrum,2527,4479055440,4096,8,8,72,758342cb,56.00876813393552,2,114,36.76953125
spectrum,2528,4480815440,4096,8,8,37,91507001,56.03133154998068,0,110,39.6796875
spectrum,2529,4482575680,4096,8,8,72,d49b2e34,56.054212446906604,6,105,40.58203125
spectrum,2530,4484335680,4096,8,8,59,961ed7fc,56.07471896591596,1,89,34.1875
spectrum,2531,4486095440,4096,8,8,62,f2749b0d,56.09748475498054,3,87,34.615234375
spectrum,2532,4487855440,4096,8,8,61,11c45bae,56.11894757091068,0,121,36.798828125
spectrum,2533,4489696000,4096,8,8,60,905156cd,56.14174563100096,3,84,34.400390625
spectrum,2534,4491456000,4096,8,8,59,d41dab4b,56.16371610597707,7,131,47.125
spectrum,2535,4493215680,4096,8,8,60,99af79f9,56.18574526289012,5,135,43.486328125
spectrum,2536,4494976000,4096,8,8,62,97a6a14f,56.207775491988286,2,125,38.515625
spectrum,2537,4496735680,4096,8,8,60,0b51f17f,56.22976113599725,3,136,39.744140625
spectrum,2538,4498495680,4096,8,8,60,be8c249a,56.25183467695024,2,103,37.76953125
spectrum,2539,4500335680,4096,8,8,61,598fc5a0,56.274766639922746,2,104,37.658203125
spectrum,2540,4502095440,4096,8,8,61,3d6e400a,56.29677164088935,5,92,35.734375
spectrum,2541,4503855680,4096,8,8,61,b779b9ac,56.31880583695602,3,126,38.728515625
spectrum,2542,4505695680,4096,8,8,30,10de3e75,56.34174872993026,7,134,42.623046875
spectrum,2543,4507455680,4096,8,8,60,ee08389b,56.36366047488991,3,93,34.033203125
spectrum,2544,4509295680,4096,8,8,62,db22bfde,56.38681237294804,4,111,39.044921875
spectrum,2545,4511056320,4096,8,8,59,8085e5be,56.40874545800034,7,142,65.259765625
spectrum,2546,4512815680,4096,8,8,59,5d8d8002,56.43074710294604,4,142,40.685546875
spectrum,2547,4514575680,4096,8,8,61,2fd751c8,56.45411803491879,4,94,34.9375
spectrum,2548,4516335680,4096,8,8,62,4a5c443c,56.47670824197121,7,132,44.80078125
spectrum,2549,4518095680,4096,8,8,61,c2233d01,56.49674983299337,0,89,34.287109375
spectrum,2550,4519855680,4096,8,8,60,5cf74f55,56.51874465495348,2,136,38.474609375
spectrum,2551,4521695680,4096,8,8,60,3ee50372,56.54180279595312,4,132,38.294921875
spectrum,2552,4523455680,4096,8,8,62,b595e104,56.56379099492915,3,87,34.650390625
spectrum,2553,4525215680,4096,8,8,62,eaf987d4,56.58581785694696,7,132,42.9453125
spectrum,2554,4526975440,4096,8,8,61,fcc52ea2,56.60773366992362,12,142,63.708984375
spectrum,2555,4528735440,4096,8,8,60,eedba5ef,56.629940531915054,0,114,39.75390625
spectrum,2556,4530575680,4096,8,8,60,be0c5b3f,56.65273000590969,3,111,34.73046875
spectrum,2557,4532336320,4096,8,8,59,f143c52f,56.67600059800316,4,92,34.400390625
spectrum,2558,4534095680,4096,8,8,60,0cd2338b,56.696750647970475,3,85,34.357421875
spectrum,2559,4535855680,4096,8,8,64,99003b3a,56.71876469592098,3,89,34.015625
spectrum,2560,4537615680,4096,8,8,62,d67aa6d3,56.74083440890536,17,133,63.865234375
spectrum,2561,4539455680,4096,8,8,60,cde43698,56.76379572798032,5,88,34.76953125
spectrum,2562,4541215680,4096,8,8,61,d007f078,56.785801048972644,5,119,40.578125
spectrum,2563,4542975440,4096,8,8,61,9528ee90,56.807770091923885,4,129,34.978515625
spectrum,2564,4544735440,4096,8,8,61,bef86eb2,56.82985494390596,0,89,34.697265625
spectrum,2565,4546495680,4096,8,8,36,500c2ccc,56.85180298797786,15,141,68.486328125
spectrum,2566,4548255680,4096,8,8,60,e64c4530,56.873798961983994,4,87,33.68359375
spectrum,2567,4550015680,4096,8,8,62,62fd6489,56.895801747916266,7,132,44.953125
spectrum,2568,4551775440,4096,8,8,60,d185d3b9,56.917804635944776,4,129,37.072265625
spectrum,2569,4553536000,4096,8,8,60,ced9df1a,56.93982391397003,0,120,36.451171875
spectrum,2570,4555375680,4096,8,8,60,ce7bb9fe,56.962767818942666,2,110,39.12890625
spectrum,2571,4557136000,4096,8,8,15,ee223adc,56.98473218292929,2,126,39.138671875
spectrum,2572,4558895680,4096,8,8,60,130376eb,57.00692271499429,4,91,35.021484375
spectrum,2573,4560655680,4096,8,8,61,898b44a2,57.028746091993526,2,85,33.943359375
spectrum,2574,4562415680,4096,8,8,59,5a370662,57.050801738980226,8,142,41.3984375
spectrum,2575,4564175680,4096,8,8,61,89bc9f6d,57.07279984699562,16,148,60.6875
spectrum,2576,4565935680,4096,8,8,59,ab527a4a,57.09476687689312,4,90,33.751953125
spectrum,2577,4567695440,4096,8,8,59,e4db5a8f,57.11682454694528,2,91,34.6953125
spectrum,2578,4569455680,4096,8,8,58,cd7a42e7,57.14047495694831,4,118,36.8984375
spectrum,2579,4571295680,4096,8,8,33,3180caa8,57.161844286951236,3,114,39.58984375
spectrum,2580,4573135680,4096,8,8,60,2feb4524,57.18482285796199,4,94,35.07421875
spectrum,2581,4574896000,4096,8,8,62,cfebe7ed,57.20677493896801,4,89,34.0859375
spectrum,2582,4576655440,4096,8,8,59,7c45ddf8,57.228168684989214,1,85,33.82421875
spectrum,2583,4578416000,4096,8,8,60,b2585232,57.25078555196524,6,136,40.21484375
spectrum,2584,4580175680,4096,8,8,61,af1521e5,57.27280406898353,4,112,37.98828125
spectrum,2585,4581935680,4096,8,8,60,a5d34f05,57.2947807359742,3,90,35.244140625
spectrum,2586,4583695440,4096,8,8,60,f49de251,57.317872169893235,5,114,37.37109375
spectrum,2587,4585455440,4096,8,8,59,f349ee2f,57.338837296003476,4,111,36.44140625
spectrum,2588,4587295680,4096,8,8,60,3c080e01,57.361776371952146,10,135,59.943359375
spectrum,2589,4589055680,4096,8,8,61,c908c3cd,57.38377933995798,2,90,34.890625
spectrum,2590,4590815680,4096,8,8,60,55df7f6d,57.405778719927184,1,91,34.90234375
spectrum,2591,4592575680,4096,8,8,60,753e2f79,57.42782119195908,4,126,42.130859375
spectrum,2592,4594335440,4096,8,8,63,d6125c8e,57.449826192925684,1,87,34.908203125
spectrum,2593,4596096000,4096,8,8,60,667c5845,57.47234254993964,0,86,34.330078125
spectrum,2594,4597856320,4096,8,8,60,961621f3,57.493853998952545,7,125,43.369140625
spectrum,2595,4599615680,4096,8,8,60,5d70118b,57.51576209696941,7,129,41.16015625
spectrum,2596,4601375680,4096,8,8,61,5a7d8f1b,57.53773356392048,5,130,43.048828125
spectrum,2597,4603136000,4096,8,8,32,49b83400,57.55983584898058,4,115,39.439453125
spectrum,2598,4604975680,4096,8,8,61,e60eb284,57.582774163922295,4,123,39.322265625
spectrum,2599,4606735680,4096,8,8,59,ecf868b3,57.60478116897866,3,96,35.265625
spectrum,2600,4608496000,4096,8,8,60,36484194,57.62679340399336,0,87,34.7578125
spectrum,2601,4610255680,4096,8,8,62,2c07549d,57.648822249961086,4,91,35.845703125
spectrum,2602,4612015680,4096,8,8,61,f5cd3569,57.6713413419202,3,109,37.072265625
spectrum,2603,4613775680,4096,8,8,61,25ab4ba2,57.69267887191381,2,133,37.87890625
spectrum,2604,4615615680,4096,8,8,72,3dafc7fa,57.71686668798793,7,126,44.654296875
spectrum,2605,4617375440,4096,8,8,60,c4ffd2e6,57.737785675912164,7,129,45.078125
spectrum,2606,4619135440,4096,8,8,60,6a2e324e,57.75980599690229,6,128,39.1484375
spectrum,2607,4620896320,4096,8,8,60,dfdacd25,57.78180105891079,3,85,34.064453125
spectrum,2608,4622655680,4096,8,8,60,d3715c13,57.80378573096823,5,102,37.896484375
spectrum,2609,4624415440,4096,8,8,61,814ccff7,57.825786864967085,7,132,43.6640625
spectrum,2610,4626175440,4096,8,8,61,5205a8c1,57.847794941975735,5,130,41.08203125
spectrum,2611,4627935680,4096,8,8,60,71d42109,57.869786246912554,1,135,40.0625
spectrum,2612,4629695680,4096,8,8,72,d791451b,57.891743437969126,4,127,48.19140625
spectrum,2613,4631535680,4096,8,8,61,26d93f39,57.91477969789412,1,89,34.845703125
spectrum,2614,4633295440,4096,8,8,35,f19aea76,57.93599192099646,5,103,38.9375
spectrum,2615,4635055440,4096,8,8,61,17a1c3ce,57.96027916390449,13,145,67.724609375
spectrum,2616,4636896000,4096,8,8,60,565040ae,57.9822497399291,3,94,34.07421875
spectrum,2617,4638656000,4096,8,8,72,18bf9ff5,58.00376949389465,8,131,47.609375
spectrum,2618,4640415680,4096,8,8,60,e6239fa3,58.02697044494562,5,94,34.01953125
spectrum,2619,4642175680,4096,8,8,59,2a79c48d,58.04782286891714,2,126,33.67578125
spectrum,2620,4643936000,4096,8,8,61,d144acd0,58.06982120696921,4,112,39.16796875
spectrum,2621,4645695680,4096,8,8,36,07287286,58.091787514975294,1,117,40.666015625
spectrum,2622,4647456000,4096,8,8,36,6205297c,58.11388086294755,3,118,42.095703125
spectrum,2623,4649215680,4096,8,8,37,9ae47ff7,58.13768902095035,4,129,41.66015625
spectrum,2624,4650975680,4096,8,8,34,40dd4ba8,58.15785117994528,9,144,68.03125
spectrum,2625,4652735680,4096,8,8,35,b3daf4b6,58.17978917399887,4,116,40.478515625
spectrum,2626,4654495680,4096,8,8,34,1c22783f,58.201778916991316,3,116,39.37890625
spectrum,2627,4656255680,4096,8,8,34,344d8412,58.2229859699728,4,115,39.625
spectrum,2628,4658015440,4096,8,8,34,ad26fbcb,58.2449458258925,3,118,38.919921875
spectrum,2629,4659776320,4096,8,8,34,5d7489ff,58.26779011194594,4,114,39.96875
spectrum,2630,4661535680,4096,8,8,34,c133e20c,58.289828946930356,5,131,39.19921875
spectrum,2631,4663295680,4096,8,8,35,e8764312,58.31182317796629,2,114,45.263671875
spectrum,2632,4665055680,4096,8,8,33,88293782,58.33297304296866,4,107,42.365234375
spectrum,2633,4666815440,4096,8,8,34,3910c33a,58.355012899963185,0,114,39.33203125
spectrum,2634,4668576320,4096,8,8,32,1873db2c,58.377991480985656,4,130,33.34375
spectrum,2635,4670416000,4096,8,8,31,00858b68,58.40084391296841,4,118,38.796875
spectrum,2636,4672175680,4096,8,8,36,71abc51d,58.422790904995054,4,112,39.328125
spectrum,2637,4673935440,4096,8,8,58,bbe8f9cc,58.44396333291661,3,112,39.51953125
spectrum,2638,4675695440,4096,8,8,63,eed51fd8,58.466050849994645,3,113,39.830078125
spectrum,2639,4677455440,4096,8,8,33,03614b2b,58.489240188966505,4,116,38.87109375
spectrum,2640,4679295680,4096,8,8,33,c10b6d4d,58.51179699192289,4,123,39.736328125
spectrum,2641,4681136000,4096,8,8,34,5e2d2e5a,58.53479832597077,3,115,40.779296875
spectrum,2642,4682895440,4096,8,8,34,a6a209be,58.55856238096021,5,113,40.013671875
spectrum,2643,4684655440,4096,8,8,34,e168742d,58.578801334952004,10,144,66.78515625
spectrum,2644,4686415680,4096,8,8,33,65b3a9c0,58.60077162995003,5,129,38.154296875
spectrum,2645,4688176000,4096,8,8,34,3782831c,58.62281268998049,2,114,39.08203125
spectrum,2646,4689935680,4096,8,8,34,1b766a8a,58.64483507396653,0,117,38.751953125
spectrum,2647,4691695680,4096,8,8,62,9a0b5363,58.66751731396653,1,111,40.783203125
spectrum,2648,4693455680,4096,8,8,59,63f99826,58.68882683094125,4,114,39.853515625
spectrum,2649,4695215680,4096,8,8,33,0cbccd98,58.71003648999613,0,116,38.705078125
spectrum,2650,4696975440,4096,8,8,34,a59c45aa,58.73198971292004,0,127,49.201171875
spectrum,2651,4698735440,4096,8,8,59,d0573653,58.75397273199633,2,116,40.13671875
spectrum,2652,4700495440,4096,8,8,40,63cad0d3,58.77722047199495,4,116,39.416015625
spectrum,2653,4702256000,4096,8,8,60,aad6df22,58.79884159693029,5,110,38.091796875
spectrum,2654,4704015680,4096,8,8,33,43b1c690,58.82083197089378,5,125,41.9921875
spectrum,2655,4705775440,4096,8,8,61,b6e18bb1,58.84198415989522,4,127,39.849609375
spectrum,2656,4707535440,4096,8,8,58,d430c57b,58.8639986589551,4,111,39.232421875
spectrum,2657,4709295440,4096,8,8,33,d543359c,58.88679064693861,4,128,39.455078125
spectrum,2658,4711055680,4096,8,8,34,e469829f,58.907966661965474,3,119,40.44921875
spectrum,2659,4712815440,4096,8,8,34,caed8725,58.92998854489997,6,111,39.17578125
spectrum,2660,4714575440,4096,8,8,60,8c023742,58.9520077429479,5,130,40.12109375
spectrum,2661,4716335440,4096,8,8,34,3858c5d9,58.97528453695122,4,115,39.09375
spectrum,2662,4718095680,4096,8,8,60,e13c1882,58.99689850897994,2,100,34.701171875
spectrum,2663,4719855440,4096,8,8,39,e5843a49,59.02035955199972,1,113,40.232421875
spectrum,2664,4721695680,4096,8,8,58,2a9bf085,59.042506961966865,5,111,38.69140625
spectrum,2665,4723455440,4096,8,8,42,09f36e83,59.06301519495901,2,115,41.373046875
spectrum,2666,4725215440,4096,8,8,34,9278607e,59.08583308197558,1,112,39.650390625
spectrum,2667,4726976000,4096,8,8,33,3d697973,59.10780109290499,7,138,42.068359375
spectrum,2668,4728735680,4096,8,8,34,355eaf14,59.12980943999719,2,114,39.173828125
spectrum,2669,4730495680,4096,8,8,60,b6f2452d,59.15100592293311,2,113,40.8515625
spectrum,2670,4732255440,4096,8,8,33,296ba31b,59.17296954593621,5,113,39.001953125
spectrum,2671,4734016000,4096,8,8,33,97fdc997,59.195853988989256,0,121,36.357421875
spectrum,2672,4735856000,4096,8,8,60,9305a7d8,59.219782424974255,4,117,38.705078125
spectrum,2673,4737695680,4096,8,8,34,5f974bae,59.24186937091872,3,116,39.79296875
spectrum,2674,4739456000,4096,8,8,36,495bbaa4,59.26382846490014,3,114,39.9375
spectrum,2675,4741215680,4096,8,8,33,b7c405cc,59.285728697897866,2,114,39.01953125
spectrum,2676,4743056320,4096,8,8,34,74b5ad1f,59.308768083923496,4,127,41.314453125
spectrum,2677,4744815440,4096,8,8,34,cc66917c,59.330826164921746,1,115,39.099609375
spectrum,2678,4746655680,4096,8,8,34,95ed8344,59.353794766939245,3,113,39.763671875
spectrum,2679,4748415680,4096,8,8,33,33f7dbf6,59.37582988489885,3,123,39.47265625
spectrum,2680,4750175440,4096,8,8,34,4f73339f,59.39882135996595,4,120,36.03125
spectrum,2681,4752016320,4096,8,8,34,64d6894f,59.42146298394073,4,128,40.408203125
spectrum,2682,4753775680,4096,8,8,34,946d122e,59.44283184292726,4,115,39.537109375
spectrum,2683,4755535440,4096,8,8,34,e5db851f,59.46400731697213,1,114,39.4921875
spectrum,2684,4757295440,4096,8,8,60,9e7388da,59.4867837249767,10,119,67.0703125
spectrum,2685,4759055680,4096,8,8,34,56453a67,59.508861233945936,2,114,39.51953125
spectrum,2686,4760815680,4096,8,8,33,f3797a5a,59.530873808893375,17,141,68.44140625
spectrum,2687,4762575680,4096,8,8,34,526ddb35,59.551992945955135,12,135,60.9765625
spectrum,2688,4764335440,4096,8,8,33,a0dd281c,59.57409202493727,4,112,39.466796875
spectrum,2689,4766095440,4096,8,8,34,c4d52322,59.59698341100011,4,113,38.9609375
spectrum,2690,4767936000,4096,8,8,30,66c43d7a,59.619838347891346,4,113,38.919921875
spectrum,2691,4769695680,4096,8,8,34,91ea504c,59.64183447195683,3,119,39.787109375
spectrum,2692,4771455680,4096,8,8,60,90d9f104,59.664213720941916,2,112,40.03515625
spectrum,2693,4773215440,4096,8,8,34,fabdd227,59.68947552598547,5,113,39.994140625
spectrum,2694,4774975680,4096,8,8,34,98c718dc,59.70701424696017,14,134,62.18359375
spectrum,2695,4776735440,4096,8,8,33,9bf9e5c2,59.728996224934235,2,116,40.23046875
spectrum,2696,4778496000,4096,8,8,33,801abb26,59.7532842499204,4,113,40.236328125
spectrum,2697,4780255680,4096,8,8,32,e21492bd,59.77299545693677,3,118,39.623046875
spectrum,2698,4782015680,4096,8,8,34,729b80e1,59.79501644789707,2,113,39.505859375
spectrum,2699,4783775680,4096,8,8,58,39e65c07,59.81772528891452,1,116,39.48828125
spectrum,2700,4785615680,4096,8,8,60,1bc9a2e3,59.843604159890674,6,114,39.990234375
spectrum,2701,4787376000,4096,8,8,33,ca8dc085,59.861988849937916,4,129,40.904296875
spectrum,2702,4789135440,4096,8,8,58,4d9c5e55,59.88394667196553,4,114,39.53515625
spectrum,2703,4790895440,4096,8,8,33,1b66ea00,59.90684994996991,13,149,68.380859375
spectrum,2704,4792655680,4096,8,8,59,2aceb5c4,59.928003943990916,4,114,39.947265625
spectrum,2705,4794416000,4096,8,8,33,0249e4b7,59.95082219096366,3,126,40.828125
spectrum,2706,4796175680,4096,8,8,34,dcc980fc,59.9719740699511,4,130,40.369140625
spectrum,2707,4797935680,4096,8,8,33,08dbc1ca,59.99658846191596,4,112,39.07421875
spectrum,2708,4799695680,4096,8,8,31,73cd695e,60.0168538459111,4,119,37.68359375
