kind,sequence,sample_index,samples_processed,ffts,flags,gain_code,crc32,received_relative_seconds,minimum_power_code,maximum_power_code,mean_power_code
spectrum,0,19040,4096,8,8,60,dcb9a1ce,0.022114568040706217,5,102,39.05859375
spectrum,1,1777280,4096,8,8,60,ca0344ce,0.04394809505902231,0,103,38.65625
spectrum,2,3535440,4096,8,8,59,9a9ef496,0.06590529601089656,14,117,64.876953125
spectrum,3,5295440,4096,8,8,60,90410477,0.08802275906782597,5,96,37.37109375
spectrum,4,7055680,4096,8,8,64,483f7058,0.11233467608690262,3,100,37.595703125
spectrum,5,8815120,4096,8,8,64,a5b98edd,0.13203308207448572,1,106,40.0
spectrum,6,10575440,4096,8,8,61,84afb299,0.1539173850324005,3,108,42.08984375
spectrum,7,12335120,4096,8,8,72,941dac7e,0.17598806007299572,3,96,37.103515625
spectrum,8,14095120,4096,8,8,61,c7134d9c,0.19808116799686104,0,108,36.046875
spectrum,9,15855440,4096,8,8,61,5b4700b4,0.21970313508063555,0,93,34.912109375
spectrum,10,17615120,4096,8,8,61,6ce13f47,0.2420279000652954,2,106,43.3671875
spectrum,11,19375440,4096,8,8,60,b1f25d8f,0.26370222703553736,5,105,42.490234375
spectrum,12,21135120,4096,8,8,59,fd6eb236,0.28602141106966883,1,98,35.39453125
spectrum,13,22895120,4096,8,8,60,410efd13,0.3088784710271284,0,118,36.82421875
spectrum,14,24735680,4096,8,8,61,ef1c8373,0.33087728009559214,2,90,34.685546875
spectrum,15,26495680,4096,8,8,62,ba6984a1,0.3528698480222374,4,98,38.12109375
spectrum,16,28255440,4096,8,8,72,3655cbaa,0.3749045650474727,4,99,39.275390625
spectrum,17,30015440,4096,8,8,62,68cc1c54,0.3988691261038184,3,96,35.05859375
spectrum,18,31775440,4096,8,8,62,8c28101b,0.4188855430111289,2,90,35.951171875
spectrum,19,33535120,4096,8,8,62,62676498,0.4409499859903008,3,103,37.583984375
spectrum,20,35295440,4096,8,8,60,36cee66f,0.46389367908705026,2,88,35.03515625
spectrum,21,37055120,4096,8,8,60,f763fb75,0.4849277070024982,18,144,60.833984375
spectrum,22,38815120,4096,8,8,62,35f3a50a,0.5080309819895774,0,111,37.158203125
spectrum,23,40655440,4096,8,8,30,f6cd3f1e,0.5309067170601338,0,108,37.080078125
spectrum,24,42495440,4096,8,8,63,86054472,0.5535524680744857,2,109,38.24609375
spectrum,25,44255680,4096,8,8,61,11d8b1e6,0.5749022820964456,3,102,36.892578125
spectrum,26,46015120,4096,8,8,62,9aa4dc38,0.5969172019977123,3,91,35.642578125
spectrum,27,47779600,4096,8,8,61,4eced430,0.6189145480748266,0,89,34.861328125
spectrum,28,49535440,4096,8,8,61,09616eb9,0.6409203209914267,2,95,34.599609375
spectrum,29,51295680,4096,8,8,61,e49b24a9,0.6628691660007462,4,89,34.947265625
spectrum,30,53055440,4096,8,8,61,046705dc,0.6849134010262787,1,89,34.697265625
spectrum,31,54815440,4096,8,8,61,7d5a4040,0.7072483249939978,2,89,34.484375
spectrum,32,56575440,4096,8,8,63,4d6a7369,0.7312953120563179,5,87,34.154296875
spectrum,33,58335120,4096,8,8,60,a7b9ac22,0.7532226460753009,6,103,39.36328125
spectrum,34,60095440,4096,8,8,63,3101c87a,0.7728987300070003,0,91,36.09765625
spectrum,35,61855120,4096,8,8,61,4172f59b,0.7948611309984699,3,89,35.09375
spectrum,36,63615120,4096,8,8,61,c4e65fab,0.8171363120200112,3,108,36.173828125
spectrum,37,65375680,4096,8,8,61,b644d77b,0.8389512141002342,2,86,34.818359375
spectrum,38,67135120,4096,8,8,61,2e163b39,0.8618774840142578,0,88,34.42578125
spectrum,39,68895440,4096,8,8,61,980a2b44,0.882974541047588,5,88,35.125
spectrum,40,70655120,4096,8,8,62,49d6a60d,0.904903679038398,4,86,34.943359375
spectrum,41,72416640,4096,8,8,60,fd578b92,0.9278868470573798,4,111,38.30859375
spectrum,42,74255440,4096,8,8,59,ae6bc04a,0.9499103630660102,4,89,34.287109375
spectrum,43,76015440,4096,8,8,72,f7356738,0.9718994940631092,3,113,43.150390625
spectrum,44,77775680,4096,8,8,60,b3dc900b,0.9938370280433446,2,88,33.99609375
spectrum,45,79535120,4096,8,8,60,f603c872,1.0160716430982575,4,104,36.6484375
spectrum,46,81295440,4096,8,8,61,3c8b37cf,1.037894159089774,0,87,34.75
spectrum,47,83055120,4096,8,8,61,c7fbb88e,1.0599641730077565,0,88,35.158203125
spectrum,48,84895440,4096,8,8,61,92fc40e7,1.082924677990377,0,93,35.966796875
spectrum,49,86655120,4096,8,8,63,0d65871e,1.1049290780210868,5,89,36.19140625
spectrum,50,88415120,4096,8,8,63,fa61fc3a,1.1279174260562286,0,118,37.91015625
spectrum,51,90255680,4096,8,8,61,033d1efd,1.1500014960765839,0,95,34.73046875
spectrum,52,92015680,4096,8,8,60,6d24ed01,1.1719647489953786,4,84,34.130859375
spectrum,53,93775440,4096,8,8,60,c2db2819,1.1949249230092391,3,99,39.2578125
spectrum,54,95535440,4096,8,8,60,8fe55721,1.2163076690630987,5,87,38.1328125
spectrum,55,97295680,4096,8,8,61,7b1b4e51,1.237973459996283,4,91,35.96484375
spectrum,56,99055440,4096,8,8,64,a2a07250,1.2599092100281268,0,88,35.029296875
spectrum,57,100815440,4096,8,8,60,8892ad3d,1.2819047740194947,0,113,35.990234375
spectrum,58,102575120,4096,8,8,60,61ae949a,1.3039086119970307,5,103,41.365234375
spectrum,59,104335120,4096,8,8,61,e6a775e7,1.3259484390728176,2,113,37.359375
spectrum,60,106176000,4096,8,8,30,f56d428e,1.3489423780702055,4,108,36.1015625
spectrum,61,107935440,4096,8,8,60,356ef05e,1.3709257780574262,2,84,34.00390625
spectrum,62,109695440,4096,8,8,62,8e99f6e4,1.3929817050229758,1,90,36.021484375
spectrum,63,111455440,4096,8,8,61,9ab89360,1.4150618080748245,3,88,34.87890625
spectrum,64,113215120,4096,8,8,29,579ad8ef,1.4372298270463943,2,111,37.291015625
spectrum,65,114975440,4096,8,8,63,645c5236,1.4589250930584967,0,89,36.001953125
spectrum,66,116735680,4096,8,8,61,7ac6c350,1.4808472680160776,4,89,34.771484375
spectrum,67,118495440,4096,8,8,60,06962fe2,1.5029424090171233,2,97,38.89453125
spectrum,68,120255440,4096,8,8,60,3b5a419c,1.524965274031274,3,87,34.783203125
spectrum,69,122015680,4096,8,8,30,3e3a75bf,1.547878310084343,5,118,36.068359375
spectrum,70,123855440,4096,8,8,60,9f7927a8,1.5699600559892133,3,87,34.623046875
spectrum,71,125615440,4096,8,8,63,6a49671a,1.5916956079890952,4,89,36.052734375
spectrum,72,127375120,4096,8,8,63,21458904,1.6138879830250517,1,90,36.51953125
spectrum,73,129135120,4096,8,8,61,912b7f06,1.6369227190734819,12,123,62.486328125
spectrum,74,130975680,4096,8,8,61,55b6c1ec,1.6589792770100757,4,94,34.759765625
spectrum,75,132735120,4096,8,8,61,96453130,1.6812218769919127,5,118,45.359375
spectrum,76,134495440,4096,8,8,61,9d2806f8,1.703217240050435,3,107,42.830078125
spectrum,77,136255120,4096,8,8,72,e4b28603,1.7248869580216706,1,96,37.818359375
spectrum,78,138015680,4096,8,8,62,0d927f81,1.7469061650335789,3,107,36.41015625
spectrum,79,139775440,4096,8,8,60,35b16a09,1.768985587055795,0,91,34.24609375
spectrum,80,141535440,4096,8,8,62,a8515226,1.7909446409903467,5,94,35.4765625
spectrum,81,143295120,4096,8,8,63,256dcf26,1.8132498890627176,0,100,38.7734375
spectrum,82,145055120,4096,8,8,61,17bfe395,1.8350678579881787,0,110,36.59765625
spectrum,83,146815440,4096,8,8,61,071e7707,1.8568077980307862,4,91,35.390625
spectrum,84,148575120,4096,8,8,64,cb0ad0a6,1.87892270705197,2,106,39.3984375
spectrum,85,150335680,4096,8,8,62,fbe59a9a,1.9015871030278504,0,93,36.314453125
spectrum,86,152095120,4096,8,8,63,c2cf3f16,1.9235542020760477,4,97,36.42578125
spectrum,87,153855120,4096,8,8,30,b805e4ba,1.9459881430957466,2,116,36.8046875
spectrum,88,155695440,4096,8,8,61,024953b3,1.967925286036916,4,85,34.34375
spectrum,89,157456640,4096,8,8,61,d02941aa,1.989887877018191,3,89,34.83203125
spectrum,90,159215440,4096,8,8,61,6da218df,2.013919515069574,0,90,35.025390625
spectrum,91,160975440,4096,8,8,61,6c3bf99a,2.0339481140254065,3,88,34.953125
spectrum,92,162735440,4096,8,8,59,0f5ceee2,2.0559169070329517,2,88,34.498046875
spectrum,93,164495120,4096,8,8,62,ab32bda8,2.0781149830436334,3,103,37.701171875
spectrum,94,166255440,4096,8,8,62,f6868dba,2.100677216076292,0,88,35.80078125
spectrum,95,168015120,4096,8,8,61,2787163e,2.121849835035391,1,90,34.630859375
spectrum,96,169775120,4096,8,8,61,2809521c,2.1456172440666705,1,104,37.255859375
spectrum,97,171615680,4096,8,8,61,5a99014e,2.1669004930881783,4,85,34.63671875
spectrum,98,173375120,4096,8,8,61,e78920b2,2.1892835980979726,3,89,35.189453125
spectrum,99,175135440,4096,8,8,61,5acbfdce,2.211398216080852,2,87,34.671875
spectrum,100,176895120,4096,8,8,61,7fa05294,2.235467896098271,5,91,34.45703125
spectrum,101,178655440,4096,8,8,59,1f669ac5,2.25498003908433,4,106,37.16015625
spectrum,102,180415440,4096,8,8,61,0be874fb,2.278861474012956,3,86,34.66015625
spectrum,103,182175440,4096,8,8,62,721bec8d,2.3008816740475595,0,87,34.48046875
spectrum,104,183935120,4096,8,8,62,3f011761,2.321640031062998,4,87,35.927734375
spectrum,105,185695120,4096,8,8,62,b4fba743,2.346408320008777,5,108,41.140625
spectrum,106,187455440,4096,8,8,72,b3dcd943,2.364980028010905,5,114,47.255859375
spectrum,107,189215120,4096,8,8,72,7419b178,2.3871500100940466,4,105,39.857421875
spectrum,108,191055440,4096,8,8,60,fc527fb3,2.4102025700267404,3,106,42.267578125
spectrum,109,192816000,4096,8,8,72,0a90681a,2.4326274130726233,2,113,44.498046875
spectrum,110,194575440,4096,8,8,60,75f65f03,2.454893477028236,4,111,37.533203125
spectrum,111,196415440,4096,8,8,62,2fec5df9,2.4773407540051267,3,89,35.236328125
spectrum,112,198175120,4096,8,8,62,69752ca8,2.4989488350693136,2,108,39.701171875
spectrum,113,199935440,4096,8,8,62,e7cb670e,2.520956411026418,1,91,35.427734375
spectrum,114,201695680,4096,8,8,60,a802a718,2.5429656500928104,0,91,36.25
spectrum,115,203455680,4096,8,8,30,b4acf69f,2.567335467087105,1,120,36.138671875
spectrum,116,205295440,4096,8,8,60,91f18d9f,2.5881260350579396,4,85,33.759765625
spectrum,117,207055440,4096,8,8,60,d3cbc2b3,2.6097769771004096,5,109,45.28125
spectrum,118,208815120,4096,8,8,72,c5ca63f0,2.631960155093111,5,117,45.30859375
spectrum,119,210575120,4096,8,8,36,c1afbe76,2.6542234040098265,5,103,37.65625
spectrum,120,212415440,4096,8,8,59,e94adfb5,2.6769928080029786,0,84,34.34765625
spectrum,121,214175120,4096,8,8,60,1b694569,2.6989909360418096,4,87,34.625
spectrum,122,215935680,4096,8,8,61,debb0d2d,2.722763134050183,2,95,34.603515625
spectrum,123,217695120,4096,8,8,61,66ec9e49,2.7437950380844995,4,91,34.3828125
spectrum,124,219455120,4096,8,8,29,a470b1a7,2.7659499720903113,0,112,37.3203125
spectrum,125,221295440,4096,8,8,61,19e76088,2.787967427051626,1,112,39.208984375
spectrum,126,223055440,4096,8,8,61,60a3ed18,2.8099795310990885,2,124,41.900390625
spectrum,127,224815120,4096,8,8,60,2d889ae3,2.83193371607922,2,89,34.818359375
spectrum,128,226575680,4096,8,8,60,87aec66a,2.854007407091558,5,109,39.677734375
spectrum,129,228335440,4096,8,8,60,d6c0624c,2.875992351095192,0,89,35.716796875
spectrum,130,230095120,4096,8,8,60,0f0848c3,2.897958258050494,2,84,34.365234375
spectrum,131,231855440,4096,8,8,61,45f3c7bf,2.9197957530850545,2,87,35.1640625
spectrum,132,233615120,4096,8,8,60,267fb9c8,2.9419949509901926,0,86,34.109375
spectrum,133,235375120,4096,8,8,60,2e23bba4,2.9649316710419953,4,113,37.314453125
spectrum,134,237216000,4096,8,8,62,69a8920b,2.9869100319920108,3,98,37.5703125
spectrum,135,238975120,4096,8,8,60,3bb72ef5,3.0089407310588285,4,111,38.734375
spectrum,136,240735440,4096,8,8,60,a4ad61b3,3.032445524004288,2,89,34.775390625
spectrum,137,242495120,4096,8,8,61,1bfb72b5,3.052956855040975,1,89,34.916015625
spectrum,138,244255680,4096,8,8,31,7af7c533,3.0751316470559686,3,118,37.205078125
spectrum,139,246015440,4096,8,8,72,691e1e99,3.096936700050719,3,115,43.29296875
spectrum,140,247775680,4096,8,8,63,b5b4e88f,3.1189710770267993,4,90,36.607421875
spectrum,141,249535440,4096,8,8,63,807990bc,3.1410218650707975,0,116,42.63671875
spectrum,142,251295440,4096,8,8,72,8318a60e,3.1630107150413096,5,112,44.1171875
spectrum,143,253055440,4096,8,8,61,bb9d6a49,3.1848959900671616,4,96,34.947265625
spectrum,144,254895120,4096,8,8,61,4b9d7342,3.208202618989162,1,103,37.716796875
spectrum,145,256655680,4096,8,8,61,92a3702b,3.230022359988652,4,101,38.19921875
spectrum,146,258415440,4096,8,8,61,e0a97aa1,3.2519595640478656,4,92,36.576171875
spectrum,147,260175120,4096,8,8,63,59428828,3.2744099760893732,1,109,36.984375
spectrum,148,262015440,4096,8,8,61,13ae5ab9,3.2969473520061,2,91,34.83984375
spectrum,149,263775120,4096,8,8,72,96190e3d,3.31920855701901,3,104,40.625
spectrum,150,265535440,4096,8,8,60,1ccb4fc4,3.3409469350008294,1,85,33.947265625
spectrum,151,267295120,4096,8,8,60,76c9b328,3.362954661017284,5,98,37.529296875
spectrum,152,269055680,4096,8,8,60,66588425,3.385951525066048,3,115,36.919921875
spectrum,153,270895440,4096,8,8,59,01724180,3.4079667450860143,6,112,43.046875
spectrum,154,272655440,4096,8,8,60,5cb50a14,3.430067226057872,0,85,34.333984375
spectrum,155,274415120,4096,8,8,61,49437db9,3.452914117020555,4,111,42.380859375
spectrum,156,276175120,4096,8,8,72,c2855ff3,3.4741302389884368,3,111,41.99609375
spectrum,157,277935680,4096,8,8,60,b95ccb99,3.496012067073025,4,115,43.2109375
spectrum,158,279695120,4096,8,8,60,e1e47624,3.5180381380487233,4,106,41.4609375
spectrum,159,281455440,4096,8,8,72,4be3fc05,3.540026467991993,4,110,43.677734375
spectrum,160,283215440,4096,8,8,60,2d2d5626,3.5619788500480354,1,102,36.599609375
spectrum,161,284975120,4096,8,8,30,544c5dd6,3.5843620650703087,7,132,45.568359375
spectrum,162,286815440,4096,8,8,62,30851192,3.60697649710346,2,102,35.505859375
spectrum,163,288575680,4096,8,8,36,82fbfba8,3.6289455400547013,1,102,37.6484375
spectrum,164,290335440,4096,8,8,62,9e0e0455,3.650948237045668,5,95,35.861328125
spectrum,165,292095440,4096,8,8,62,f3eb1a33,3.6746552120894194,20,118,71.310546875
spectrum,166,293855440,4096,8,8,63,be856146,3.6949322600848973,2,94,36.19140625
spectrum,167,295615120,4096,8,8,61,1df6bdd3,3.717092834995128,0,88,34.45703125
spectrum,168,297455440,4096,8,8,60,26fd549c,3.7399895100388676,2,101,37.611328125
spectrum,169,299215120,4096,8,8,72,a6f85ec2,3.762950236094184,4,115,45.40234375
spectrum,170,300976960,4096,8,8,24,766ce875,3.785021261079237,5,115,39.361328125
spectrum,171,302820880,4096,8,8,30,b431975f,3.8070211830781773,4,118,45.037109375
spectrum,172,304575440,4096,8,8,72,ae0e28d8,3.829159736051224,2,106,39.3984375
spectrum,173,306415440,4096,8,8,72,3defe7c5,3.852086508064531,7,119,40.615234375
spectrum,174,308175440,4096,8,8,62,fba4f5e4,3.874380234046839,4,95,36.673828125
spectrum,175,309935680,4096,8,8,61,777fd273,3.8963561001000926,4,92,34.123046875
spectrum,176,311775440,4096,8,8,60,7257c014,3.9208530170144513,3,91,34.927734375
spectrum,177,313535440,4096,8,8,59,4008681f,3.9410682290326804,0,94,35.76171875
spectrum,178,315295120,4096,8,8,64,0a1f40e8,3.962948414031416,3,107,38.7578125
spectrum,179,317055120,4096,8,8,72,a71a2b09,3.98578768002335,4,115,44.0390625
spectrum,180,318895440,4096,8,8,61,fbb59a13,4.00804921600502,0,91,34.609375
spectrum,181,320655120,4096,8,8,72,921727d4,4.029899665038101,0,107,41.9921875
spectrum,182,322415680,4096,8,8,61,493d2577,4.054544100072235,2,97,34.880859375
spectrum,183,324175120,4096,8,8,61,0dc286ee,4.074468142003752,10,107,47.666015625
spectrum,184,325935440,4096,8,8,29,c92f541c,4.096112683066167,2,110,41.546875
spectrum,185,327703040,4096,8,8,24,2942c05c,4.118947861017659,1,107,38.13671875
spectrum,186,329535680,4096,8,8,61,cb4e2a93,4.14101704407949,3,94,34.810546875
spectrum,187,331295440,4096,8,8,72,220db1e7,4.163036321988329,2,105,40.78515625
spectrum,188,333055440,4096,8,8,72,bc0b8b73,4.187313153059222,0,107,39.6328125
spectrum,189,334815440,4096,8,8,30,13be9716,4.206993433996104,4,114,36.91015625
spectrum,190,336575440,4096,8,8,72,9ec03aa4,4.22894170798827,4,113,40.45703125
spectrum,191,338335440,4096,8,8,62,af38033b,4.250795644009486,0,96,35.525390625
spectrum,192,340095120,4096,8,8,60,7b4dc9e6,4.272978351102211,2,93,34.748046875
spectrum,193,341855680,4096,8,8,62,16c64636,4.2965429570758715,3,112,36.85546875
spectrum,194,343695440,4096,8,8,63,f6d4f285,4.318153563071974,2,96,35.513671875
spectrum,195,345455120,4096,8,8,61,e2f19c08,4.3399766710354015,4,104,37.5390625
spectrum,196,347215440,4096,8,8,60,46789075,4.362113361014053,2,124,34.9375
spectrum,197,348975440,4096,8,8,59,fc1bf854,4.384075271082111,1,100,37.53515625
spectrum,198,350735680,4096,8,8,61,ab0282eb,4.40699000004679,4,119,36.904296875
spectrum,199,352575440,4096,8,8,60,982e0e61,4.429013656103052,1,85,33.900390625
spectrum,200,354335680,4096,8,8,60,700a9de3,4.451947550987825,2,88,34.271484375
spectrum,201,356175440,4096,8,8,62,9e765cf3,4.473955066991039,3,92,35.86328125
spectrum,202,357935120,4096,8,8,62,a233dada,4.496936121024191,3,107,37.373046875
spectrum,203,359775440,4096,8,8,62,536c624d,4.518886880017817,4,92,35.87109375
spectrum,204,361535120,4096,8,8,62,940056ad,4.5414231640752405,3,111,37.896484375
spectrum,205,363375680,4096,8,8,60,e9a1a3b7,4.563996909069829,4,90,34.19140625
spectrum,206,365135440,4096,8,8,59,d2f49964,4.586069989018142,4,111,39.30078125
spectrum,207,366895680,4096,8,8,30,56633acb,4.609029823099263,11,113,53.98046875
spectrum,208,368735440,4096,8,8,60,30dffde5,4.630971956066787,1,87,34.341796875
spectrum,209,370495680,4096,8,8,60,793313ce,4.653761138091795,3,99,38.080078125
spectrum,210,372255440,4096,8,8,33,1bddb30c,4.674962040036917,4,109,42.69921875
spectrum,211,374015440,4096,8,8,63,ddea73de,4.697458098991774,1,110,37.9453125
spectrum,212,375775440,4096,8,8,63,e6310630,4.719051793101244,1,90,35.685546875
spectrum,213,377535120,4096,8,8,72,bec22976,4.741079166997224,0,116,44.1484375
spectrum,214,379295440,4096,8,8,64,dbdbb7c8,4.763008976005949,5,95,37.412109375
spectrum,215,381055120,4096,8,8,59,d467d5ac,4.784900433034636,5,92,33.59375
spectrum,216,382815120,4096,8,8,60,5347665e,4.8079377030953765,2,113,37.0390625
spectrum,217,384655680,4096,8,8,61,756c54f9,4.830043785041198,0,94,35.015625
spectrum,218,386415120,4096,8,8,61,848a6d9c,4.852022927021608,4,100,37.439453125
spectrum,219,388175440,4096,8,8,60,02ed2f78,4.873982623103075,4,89,34.60546875
spectrum,220,389935120,4096,8,8,60,8d48e707,4.895947448094375,3,85,34.044921875
spectrum,221,391695680,4096,8,8,61,8cd74bd8,4.91796636604704,2,86,34.927734375
spectrum,222,393455440,4096,8,8,62,748009b2,4.9404818310867995,3,91,34.767578125
spectrum,223,395215680,4096,8,8,63,fdf9fa5c,4.961972310091369,0,90,35.841796875
spectrum,224,396975440,4096,8,8,72,300b8bd1,4.983985136030242,4,108,42.869140625
spectrum,225,398735440,4096,8,8,72,532be13a,5.005984817049466,0,114,42.51953125
spectrum,226,400495440,4096,8,8,30,6b2ece59,5.029634835082106,3,118,36.939453125
spectrum,227,402335440,4096,8,8,62,ba054a01,5.050942139001563,0,93,35.564453125
spectrum,228,404175440,4096,8,8,62,c78e7d18,5.073998195002787,4,90,35.69921875
spectrum,229,405935680,4096,8,8,60,71a02747,5.096208041999489,3,84,33.947265625
spectrum,230,407695120,4096,8,8,60,da7eadd0,5.118183247046545,2,103,36.54296875
spectrum,231,409535440,4096,8,8,62,00b17e1f,5.141004540026188,3,94,35.890625
spectrum,232,411295120,4096,8,8,28,9853a7a4,5.1630076370202005,1,105,36.0625
spectrum,233,413055440,4096,8,8,61,1a2d15bb,5.184984746039845,4,95,34.482421875
spectrum,234,414815120,4096,8,8,60,a8f42336,5.2069687970215455,5,87,34.529296875
spectrum,235,416575680,4096,8,8,30,18a78c6b,5.229005869012326,3,116,37.1015625
spectrum,236,418335440,4096,8,8,60,a54f35c7,5.250888239010237,4,89,33.966796875
spectrum,237,420095440,4096,8,8,62,4f363f38,5.272961068083532,0,88,35.544921875
spectrum,238,421855120,4096,8,8,62,ad31465c,5.2949464520206675,2,90,35.63671875
spectrum,239,423615120,4096,8,8,61,1377c0f6,5.318001586012542,3,105,36.6171875
spectrum,240,425455440,4096,8,8,61,2e94f9f2,5.340016175992787,3,86,34.123046875
spectrum,241,427215120,4096,8,8,72,0490bbd0,5.3621300420491025,2,106,43.298828125
spectrum,242,429055680,4096,8,8,60,33c9160a,5.384959110058844,4,98,37.09765625
spectrum,243,430815120,4096,8,8,60,e1541819,5.4073070579906926,1,101,41.02734375
spectrum,244,432576640,4096,8,8,60,6df6f11d,5.429946367046796,4,112,38.62109375
spectrum,245,434415440,4096,8,8,72,2610b56a,5.452004679013044,5,97,38.296875
spectrum,246,436175680,4096,8,8,60,e54f9f58,5.4740057029994205,5,106,43.0078125
spectrum,247,437935440,4096,8,8,72,53cdeb6f,5.495959016028792,1,108,45.138671875
spectrum,248,439695440,4096,8,8,61,b8862e4e,5.517998472088948,2,107,36.9921875
spectrum,249,441455440,4096,8,8,61,1d6dfdfa,5.539983506081626,1,93,34.478515625
spectrum,250,443215120,4096,8,8,61,6bcff9c6,5.561993467039429,2,104,37.841796875
spectrum,251,444975440,4096,8,8,60,5005b9b8,5.583882358041592,3,88,35.466796875
spectrum,252,446735120,4096,8,8,63,27d02d78,5.605951781035401,4,103,41.37890625
spectrum,253,448495120,4096,8,8,60,54e83853,5.62895769206807,4,116,36.958984375
spectrum,254,450335680,4096,8,8,61,d4d2338f,5.651228606002405,2,111,40.52734375
spectrum,255,452095120,4096,8,8,72,5701f852,5.67316457699053,4,103,37.8984375
spectrum,256,453855440,4096,8,8,60,ace6446e,5.696869498002343,4,85,33.955078125
spectrum,257,455615120,4096,8,8,60,a3f6c806,5.71770987007767,5,91,36.322265625
spectrum,258,457375680,4096,8,8,61,aa7a01ab,5.739124216022901,0,119,36.25390625
spectrum,259,459215440,4096,8,8,59,b09362be,5.761981636052951,0,86,34.3515625
spectrum,260,460975680,4096,8,8,61,9642f1c8,5.783955088001676,2,89,34.6328125
spectrum,261,462735440,4096,8,8,60,a3df776e,5.806072702049278,3,101,37.890625
spectrum,262,464495440,4096,8,8,62,0cfebd0d,5.828020285000093,3,106,36.8046875
spectrum,263,466255440,4096,8,8,61,1922b6be,5.849877747008577,4,86,34.630859375
spectrum,264,468015120,4096,8,8,62,4e3022b6,5.8719048500061035,1,91,35.9921875
spectrum,265,469775680,4096,8,8,60,0d6a6016,5.893982428009622,4,113,43.470703125
spectrum,266,471535120,4096,8,8,61,23d0873b,5.9159408720443025,1,96,34.701171875
spectrum,267,473295120,4096,8,8,61,4ad73c65,5.938131794100627,3,111,36.498046875
spectrum,268,475135440,4096,8,8,62,29d6f955,5.961096317041665,3,86,34.599609375
spectrum,269,476902480,4096,8,8,60,b3e9c36f,5.983090598019771,4,90,34.447265625
spectrum,270,478735440,4096,8,8,61,3edc6b40,6.005989897996187,0,88,34.40234375
spectrum,271,480495120,4096,8,8,72,c3abb552,6.028047108091414,4,112,45.30859375
spectrum,272,482255440,4096,8,8,63,d6000740,6.049996684072539,5,91,34.697265625
spectrum,273,484015120,4096,8,8,72,ca566f14,6.072069323039614,2,109,44.94921875
spectrum,274,485775440,4096,8,8,60,0935f72c,6.093980667064898,0,88,33.880859375
spectrum,275,487535120,4096,8,8,62,63ed79f8,6.115774430101737,4,93,36.71484375
spectrum,276,489295120,4096,8,8,64,41ff5386,6.138144911034033,4,110,37.59375
spectrum,277,491135680,4096,8,8,59,f6d9435e,6.160993886063807,1,116,35.921875
spectrum,278,492895120,4096,8,8,61,fbccb020,6.183050104067661,1,85,34.2578125
spectrum,279,494655440,4096,8,8,60,900516bf,6.204923306009732,1,101,36.83203125
spectrum,280,496415120,4096,8,8,61,ac552173,6.226924971095286,4,104,37.892578125
spectrum,281,498175680,4096,8,8,59,b11f573a,6.24896192306187,4,89,35.646484375
spectrum,282,499935440,4096,8,8,62,79f89282,6.271005236078054,0,89,34.458984375
spectrum,283,501695440,4096,8,8,61,c53c8af7,6.293051365064457,1,92,34.451171875
spectrum,284,503455120,4096,8,8,72,0b36982d,6.315062156994827,4,110,44.458984375
spectrum,285,505215120,4096,8,8,62,bed0d4df,6.337099630036391,0,106,37.169921875
spectrum,286,506975440,4096,8,8,30,0e0d498d,6.359011024003848,0,117,36.4765625
spectrum,287,508735440,4096,8,8,72,2697f8e1,6.380946494056843,2,114,43.978515625
spectrum,288,510575440,4096,8,8,62,0ecf4fc2,6.404617291060276,3,92,34.7734375
spectrum,289,512335120,4096,8,8,62,cf343bf2,6.425948680029251,3,114,39.8046875
spectrum,290,514095120,4096,8,8,72,73b13432,6.449127117055468,4,106,38.84375
spectrum,291,515935680,4096,8,8,60,622cf527,6.470988687011413,1,90,34.609375
spectrum,292,517695120,4096,8,8,62,3fc0e9ce,6.493014347041026,2,90,34.8984375
spectrum,293,519455440,4096,8,8,61,859cf0c5,6.514989292016253,2,90,34.859375
spectrum,294,521215120,4096,8,8,61,aff50089,6.537031954037957,4,89,34.900390625
spectrum,295,522975680,4096,8,8,60,0c573044,6.559988963068463,3,121,36.513671875
spectrum,296,524815440,4096,8,8,62,f0f1e722,6.581975068082102,4,93,36.09765625
spectrum,297,526575440,4096,8,8,63,b6319eb0,6.605695479083806,4,89,36.298828125
spectrum,298,528335120,4096,8,8,62,68df3667,6.6260033251019195,4,91,36.0078125
spectrum,299,530095120,4096,8,8,62,0e068ca7,6.648120819008909,3,109,36.326171875
spectrum,300,531935440,4096,8,8,60,26b7e0bb,6.6710259900428355,1,88,33.80078125
spectrum,301,533695120,4096,8,8,62,3fffaac2,6.693061499041505,4,91,35.501953125
spectrum,302,535455680,4096,8,8,60,74dc8bc5,6.715036562993191,1,89,34.033203125
spectrum,303,537215120,4096,8,8,60,7cef24c6,6.737764850025997,3,118,44.341796875
spectrum,304,538975120,4096,8,8,32,9e7f4ba2,6.759270188049413,4,107,36.6796875
spectrum,305,540815440,4096,8,8,60,35430d5e,6.7820723140612245,4,85,34.72265625
spectrum,306,542575680,4096,8,8,60,bbdec082,6.804036237997934,1,105,41.4921875
spectrum,307,544335440,4096,8,8,60,59d70a0d,6.826016593025997,1,88,34.123046875
spectrum,308,546095120,4096,8,8,60,04edf36d,6.848026233026758,4,112,40.845703125
spectrum,309,547855440,4096,8,8,62,b4ed77a7,6.870002570096403,4,92,35.7734375
spectrum,310,549615120,4096,8,8,60,52a3b24a,6.892068877001293,4,87,34.99609375
spectrum,311,551375440,4096,8,8,61,28336fe7,6.913929906091653,4,104,39.171875
spectrum,312,553135120,4096,8,8,62,87d9af35,6.935978219029494,3,89,35.474609375
spectrum,313,554895120,4096,8,8,62,b5777b1d,6.95807891106233,1,110,35.689453125
spectrum,314,556735680,4096,8,8,63,9fe13d1d,6.981011383002624,3,90,36.412109375
spectrum,315,558495120,4096,8,8,63,24657109,7.002964326064102,2,105,38.203125
spectrum,316,560255440,4096,8,8,72,3911b2c0,7.024993944098242,1,106,42.546875
spectrum,317,562015120,4096,8,8,61,e2b36228,7.047025886015035,4,94,35.4765625
spectrum,318,563775680,4096,8,8,60,a4decae8,7.069007312995382,5,97,38.23828125
spectrum,319,565535440,4096,8,8,62,c945311d,7.091050035087392,3,89,35.673828125
spectrum,320,567295680,4096,8,8,61,45419188,7.113139696069993,4,91,34.66796875
spectrum,321,569055440,4096,8,8,60,40c8ca77,7.135011957027018,1,88,34.0390625
spectrum,322,570815440,4096,8,8,61,8358d622,7.15702924109064,4,104,36.53515625
spectrum,323,572575440,4096,8,8,30,d587911b,7.179082994000055,2,118,36.326171875
spectrum,324,574415440,4096,8,8,60,c33e0f01,7.201973097049631,5,110,39.349609375
spectrum,325,576175680,4096,8,8,63,abb91c49,7.223984651034698,1,92,36.47265625
spectrum,326,577935120,4096,8,8,63,99a7b54a,7.245999070000835,1,91,35.97265625
spectrum,327,579695120,4096,8,8,61,2208bac4,7.269213084015064,1,103,36.1171875
spectrum,328,581535440,4096,8,8,59,469cff86,7.291021353099495,4,109,42.486328125
spectrum,329,583295120,4096,8,8,61,4254a766,7.313004874042235,5,95,34.94921875
spectrum,330,585055440,4096,8,8,63,c0f4cb57,7.336067922995426,1,85,34.166015625
spectrum,331,586815120,4096,8,8,60,d7da8ea4,7.357036838075146,4,112,42.39453125
spectrum,332,588575680,4096,8,8,30,1084d56b,7.379022201988846,3,110,38.533203125
spectrum,333,590335440,4096,8,8,62,7381bd9d,7.401503683067858,4,87,35.34765625
spectrum,334,592095440,4096,8,8,60,23d20463,7.423079153057188,4,94,36.974609375
spectrum,335,593855120,4096,8,8,60,e68ffe37,7.444960641092621,2,88,34.7890625
spectrum,336,595615120,4096,8,8,60,b329b087,7.46811261808034,0,88,34.345703125
spectrum,337,597375680,4096,8,8,72,0e8e3cec,7.489042179076932,2,98,37.916015625
spectrum,338,599135120,4096,8,8,59,7c7fd096,7.511011703056283,31,139,76.634765625
spectrum,339,600895440,4096,8,8,59,0635ba94,7.535326024051756,3,89,34.587890625
spectrum,340,602655120,4096,8,8,60,3fd32ff7,7.555231642094441,3,105,40.05078125
spectrum,341,604495440,4096,8,8,62,9eb4652e,7.578185745049268,3,119,35.8984375
spectrum,342,606335440,4096,8,8,60,c760be3d,7.600968354032375,2,127,35.853515625
spectrum,343,608095440,4096,8,8,61,b979e956,7.6230179000413045,4,96,35.728515625
spectrum,344,609855120,4096,8,8,60,5bcc4dc2,7.645037208101712,19,130,62.6171875
spectrum,345,611615120,4096,8,8,39,0b73de00,7.667673982097767,1,128,36.802734375
spectrum,346,613455440,4096,8,8,60,6e534771,7.690047729993239,3,130,35.455078125
spectrum,347,615215120,4096,8,8,64,869dc1f9,7.712335174088366,11,129,56.189453125
spectrum,348,617055440,4096,8,8,58,5ee5ecde,7.735059053055011,8,139,61.28125
spectrum,349,618815120,4096,8,8,34,43af9062,7.757045339094475,6,130,43.439453125
spectrum,350,620575120,4096,8,8,62,0cbd9dd2,7.780037153046578,0,130,36.384765625
spectrum,351,622415680,4096,8,8,35,b6386471,7.801988293067552,3,109,34.861328125
spectrum,352,624175120,4096,8,8,60,d6062a59,7.824060982093215,1,104,37.93359375
spectrum,353,625935440,4096,8,8,63,5bd3c6a7,7.84605468204245,0,99,37.310546875
spectrum,354,627695120,4096,8,8,59,d06ba5ab,7.868041880079545,4,86,33.810546875
spectrum,355,629456000,4096,8,8,60,abfd5557,7.891386309987865,4,119,38.96484375
spectrum,356,631295440,4096,8,8,59,990e4e39,7.913003238034435,4,90,34.9296875
spectrum,357,633055440,4096,8,8,30,59208019,7.935040210024454,4,127,38.671875
spectrum,358,634815120,4096,8,8,36,5d793957,7.956969699007459,8,136,55.888671875
spectrum,359,636575440,4096,8,8,60,375454e6,7.979077504016459,4,106,36.166015625
spectrum,360,638421440,4096,8,8,56,5a5b0386,8.002471658051945,1,82,33.712890625
spectrum,361,640175120,4096,8,8,62,6fc5a0ac,8.02395362209063,1,89,34.57421875
spectrum,362,641935440,4096,8,8,60,669515f6,8.045962230069563,2,86,33.732421875
spectrum,363,643695120,4096,8,8,61,e03876b6,8.06844239810016,4,90,34.73046875
spectrum,364,645455120,4096,8,8,30,24b16ee6,8.09062997403089,0,106,36.802734375
spectrum,365,647295440,4096,8,8,60,58106475,8.113039729068987,4,83,33.802734375
spectrum,366,649055680,4096,8,8,60,b632899a,8.134987713070586,4,126,34.66015625
spectrum,367,650815440,4096,8,8,38,8da15e72,8.157091811066493,10,133,57.859375
spectrum,368,652575440,4096,8,8,61,ef59cf88,8.17910503805615,1,102,37.10546875
spectrum,369,654335440,4096,8,8,60,2e62e729,8.20101560105104,16,121,70.259765625
spectrum,370,656095120,4096,8,8,60,983fbeaa,8.225917331990786,0,128,37.953125
spectrum,371,657935440,4096,8,8,62,42f39bfa,8.245959076099098,2,89,34.6796875
spectrum,372,659695120,4096,8,8,61,a8e3c18b,8.26804691401776,1,85,34.140625
spectrum,373,661455680,4096,8,8,59,defaa55b,8.290199584094808,11,145,66.025390625
spectrum,374,663295440,4096,8,8,59,2d15a1e8,8.313033831072971,5,104,37.03515625
spectrum,375,665055680,4096,8,8,60,0fb858b5,8.334906963049434,4,127,35.06640625
spectrum,376,666815440,4096,8,8,40,e0d9ad04,8.357050165068358,34,144,80.873046875
spectrum,377,668575440,4096,8,8,61,8c914dd4,8.379051660071127,4,88,33.908203125
spectrum,378,670335440,4096,8,8,29,232ae767,8.401039078016765,2,101,37.763671875
spectrum,379,672095440,4096,8,8,59,bcdb10a4,8.423035633051768,4,107,37.79296875
spectrum,380,673855680,4096,8,8,60,1de8afd1,8.446151331998408,1,128,35.765625
spectrum,381,675615440,4096,8,8,41,41f5385e,8.467014407040551,7,127,39.91015625
spectrum,382,677375440,4096,8,8,60,7fb04200,8.490292432019487,4,85,34.16796875
spectrum,383,679135440,4096,8,8,60,02ffa2a3,8.51095458806958,3,89,33.884765625
spectrum,384,680975120,4096,8,8,61,50c1c06d,8.533937235013582,5,85,34.71875
spectrum,385,682735680,4096,8,8,61,5482eb0c,8.556085246033035,4,86,34.666015625
spectrum,386,684495120,4096,8,8,60,708972b0,8.57800226204563,4,86,34.51953125
spectrum,387,686255120,4096,8,8,60,00238392,8.601046916097403,2,119,37.365234375
spectrum,388,688095440,4096,8,8,60,463e73dd,8.622991533018649,4,87,34.537109375
spectrum,389,689855120,4096,8,8,28,c813fecb,8.64496256003622,4,102,37.1171875
spectrum,390,691615440,4096,8,8,40,9807a610,8.666886007995345,13,139,65.71484375
spectrum,391,693375440,4096,8,8,60,697e570f,8.689013420022093,4,88,34.455078125
spectrum,392,695135680,4096,8,8,60,e5e68784,8.711075930041261,4,86,33.9296875
spectrum,393,696896640,4096,8,8,60,fb74a8b7,8.732977927080356,1,88,34.6875
spectrum,394,698655440,4096,8,8,60,d52843e9,8.75492065004073,4,133,43.943359375
spectrum,395,700415440,4096,8,8,39,d9969374,8.776786509086378,15,138,65.216796875
spectrum,396,702175120,4096,8,8,58,7611b0ac,8.798997158999555,4,112,37.39453125
spectrum,397,704015680,4096,8,8,31,bcabead9,8.822049798094667,4,116,36.705078125
spectrum,398,705775440,4096,8,8,61,a4e4e235,8.844069377053529,10,118,51.724609375
spectrum,399,707535440,4096,8,8,61,f769565a,8.86604142608121,2,89,34.830078125
spectrum,400,709295120,4096,8,8,61,a482b032,8.94452621601522,4,89,34.68359375
spectrum,401,711055440,4096,8,8,60,1eae040e,8.9445855980739,5,99,38.72265625
spectrum,402,712815440,4096,8,8,60,d017cabd,8.944621496018954,12,146,62.2265625
spectrum,403,714575680,4096,8,8,60,5b2a9d3c,8.953986409003846,4,100,38.55859375
spectrum,404,716335440,4096,8,8,60,f73d2359,8.976005556993186,0,88,34.84765625
spectrum,405,718095440,4096,8,8,60,7fc9d9f5,8.99797440005932,1,128,36.001953125
spectrum,406,719855440,4096,8,8,31,92967025,9.021010168013163,3,117,37.44921875
spectrum,407,721695680,4096,8,8,65,21de774f,9.043042581062764,4,101,37.59375
spectrum,408,723535440,4096,8,8,59,6539afbe,9.065954605001025,4,84,34.302734375
spectrum,409,725295120,4096,8,8,60,b3fcdb1f,9.088403805042617,3,86,34.060546875
spectrum,410,727055680,4096,8,8,60,a32eba9c,9.110190003062598,4,112,36.091796875
spectrum,411,728895440,4096,8,8,58,d73ddd40,9.132994814077392,3,97,37.41796875
spectrum,412,730655680,4096,8,8,60,a5fca535,9.154947787988931,3,109,38.607421875
spectrum,413,732415440,4096,8,8,64,647f49a9,9.176971805049106,5,128,47.345703125
spectrum,414,734175120,4096,8,8,60,e20d4452,9.19897133600898,4,87,34.4609375
spectrum,415,735936000,4096,8,8,24,1f8f152a,9.22099744703155,11,137,64.947265625
spectrum,416,737695440,4096,8,8,58,01301f40,9.243009010097012,3,85,34.21875
spectrum,417,739455680,4096,8,8,62,1c3ddd5b,9.265032156021334,11,138,57.966796875
spectrum,418,741215440,4096,8,8,72,2b7735f2,9.287000247044489,11,134,59.65625
spectrum,419,742975440,4096,8,8,59,0cf9d504,9.309019836015068,0,108,37.689453125
spectrum,420,744815440,4096,8,8,41,7634aeb5,9.332030106103048,9,138,59.505859375
spectrum,421,746575120,4096,8,8,60,84dc1719,9.354354189010337,2,107,38.3359375
spectrum,422,748335680,4096,8,8,62,b0ec63dd,9.37748865399044,1,86,35.451171875
spectrum,423,750095120,4096,8,8,60,e9b1e2d8,9.398044719011523,1,88,35.044921875
spectrum,424,751855120,4096,8,8,60,16755d52,9.420992350089364,0,119,35.96875
spectrum,425,753695440,4096,8,8,58,9e147b61,9.442998954094946,4,86,34.666015625
spectrum,426,755456640,4096,8,8,60,56b015f0,9.465042518102564,27,137,70.92578125
spectrum,427,757215440,4096,8,8,39,6f33d048,9.48700629209634,11,142,62.755859375
spectrum,428,758975440,4096,8,8,59,bc8f685c,9.509010020992719,2,86,34.62109375
spectrum,429,760735440,4096,8,8,60,6f04b73a,9.530981629039161,4,115,36.509765625
spectrum,430,762495120,4096,8,8,61,99633a80,9.553038969053887,3,91,35.00390625
spectrum,431,764255440,4096,8,8,60,9e102a39,9.57482785207685,8,143,65.95703125
spectrum,432,766015120,4096,8,8,30,a7f929e5,9.597085320041515,4,128,38.0546875
spectrum,433,767775120,4096,8,8,61,b997d169,9.619310116046108,1,113,37.001953125
spectrum,434,769615680,4096,8,8,41,a22f4936,9.642049915040843,10,136,59.6484375
spectrum,435,771375120,4096,8,8,60,d6d2a316,9.664045398007147,3,87,34.34765625
spectrum,436,773135440,4096,8,8,59,3023281e,9.685959096997976,4,88,34.150390625
spectrum,437,774895120,4096,8,8,60,e82d5c9a,9.70802010409534,0,88,33.966796875
spectrum,438,776656640,4096,8,8,60,14c46c82,9.72998694400303,4,120,33.87109375
spectrum,439,778415440,4096,8,8,40,27762b0c,9.751987216062844,10,143,64.85546875
spectrum,440,780175680,4096,8,8,59,75a0d69c,9.774051830056123,4,102,37.087890625
spectrum,441,781935440,4096,8,8,60,928b5804,9.796008008997887,1,90,34.708984375
spectrum,442,783695120,4096,8,8,60,a41bc90a,9.818058226024732,2,83,34.08984375
spectrum,443,785456000,4096,8,8,62,1b9c1f54,9.841084315092303,0,87,35.0
spectrum,444,787295440,4096,8,8,45,fdefb510,9.864078805083409,4,109,36.732421875
spectrum,445,789135680,4096,8,8,64,949f01dd,9.886073727044277,1,97,37.658203125
spectrum,446,790895120,4096,8,8,60,3b52e7e2,9.90814587508794,3,86,34.166015625
spectrum,447,792655120,4096,8,8,60,7db6d6df,9.930046970024705,4,109,36.052734375
spectrum,448,794495440,4096,8,8,60,b6fb4908,9.954063359065913,2,86,33.939453125
spectrum,449,796255120,4096,8,8,60,a2591557,9.975020312005654,1,87,34.099609375
spectrum,450,798015440,4096,8,8,60,94563cdc,9.997031064005569,10,127,59.54296875
spectrum,451,799775120,4096,8,8,62,5874f8c3,10.019009425072,0,88,34.755859375
spectrum,452,801535680,4096,8,8,27,7e98f7c7,10.04096281901002,2,129,36.1328125
spectrum,453,803295440,4096,8,8,61,cfa98f92,10.063084961031564,4,88,34.357421875
spectrum,454,805135440,4096,8,8,60,dbe23175,10.086042160051875,4,94,35.201171875
spectrum,455,806895120,4096,8,8,60,2e64e8a9,10.107926803990267,4,88,34.251953125
spectrum,456,808655680,4096,8,8,60,e6756469,10.130021495046094,2,129,41.455078125
spectrum,457,810415680,4096,8,8,60,f72c1065,10.15199270308949,4,104,37.984375
spectrum,458,812175120,4096,8,8,60,6560784e,10.174204745097086,0,86,33.990234375
spectrum,459,813935440,4096,8,8,60,19dbf01a,10.196093216072768,1,88,34.69921875
spectrum,460,815695120,4096,8,8,60,e45231ad,10.220945834065787,1,83,33.95703125
spectrum,461,817455120,4096,8,8,30,b1b33e8c,10.240275975083932,0,113,38.3828125
spectrum,462,819295440,4096,8,8,61,dab84d1b,10.263034459087066,0,90,34.583984375
spectrum,463,821055680,4096,8,8,60,7ee3e572,10.285124059999362,14,135,60.13671875
spectrum,464,822815440,4096,8,8,60,d3476a90,10.30704666604288,3,129,36.8203125
spectrum,465,824575440,4096,8,8,61,6019b68b,10.329036178067327,4,114,38.65234375
spectrum,466,826335440,4096,8,8,59,730af603,10.351066827075556,0,88,34.232421875
spectrum,467,828095120,4096,8,8,60,0a9559d9,10.372930492041633,5,91,35.037109375
spectrum,468,829935440,4096,8,8,60,370fecc1,10.395990034099668,5,109,38.6015625
spectrum,469,831696000,4096,8,8,60,76dbd60a,10.418186177033931,4,105,37.064453125
spectrum,470,833455440,4096,8,8,58,f27c5fde,10.441051072091796,1,118,36.373046875
spectrum,471,835295440,4096,8,8,61,69fa3066,10.463080128072761,4,85,34.349609375
spectrum,472,837055440,4096,8,8,60,dc1a4b19,10.485128241009079,4,86,34.92578125
spectrum,473,838815440,4096,8,8,60,7e4738be,10.507068981067277,4,130,40.375
spectrum,474,840575120,4096,8,8,59,e4b2b586,10.529041360015981,4,109,37.634765625
spectrum,475,842335680,4096,8,8,63,f6910b25,10.551001828047447,8,135,47.306640625
spectrum,476,844095440,4096,8,8,60,3527c400,10.573093693004921,5,87,34.31640625
spectrum,477,845855680,4096,8,8,60,7b302aa9,10.595068668015301,13,136,60.0
spectrum,478,847615440,4096,8,8,60,5aad427b,10.617119495058432,9,145,62.67578125
spectrum,479,849375440,4096,8,8,61,82f6a792,10.639066597097553,4,107,36.744140625
spectrum,480,851215440,4096,8,8,62,ed6f53ee,10.663926600012928,2,90,36.11328125
spectrum,481,852975120,4096,8,8,60,f70a6db2,10.684181977063417,3,86,34.408203125
spectrum,482,854735680,4096,8,8,60,bf6e43cb,10.708178038010374,3,103,36.43359375
spectrum,483,856495440,4096,8,8,60,c776572b,10.728203181060962,4,89,34.861328125
spectrum,484,858255120,4096,8,8,61,58d481a2,10.750275589991361,1,106,36.642578125
spectrum,485,860095440,4096,8,8,61,44696b98,10.774103222996928,0,91,35.427734375
spectrum,486,861855120,4096,8,8,60,037acc55,10.799304079031572,0,86,34.1015625
spectrum,487,863615440,4096,8,8,60,c20d1024,10.817081978078932,15,145,64.12109375
spectrum,488,865375120,4096,8,8,64,1154e9a0,10.839134067995474,2,98,37.087890625
spectrum,489,867136000,4096,8,8,29,ef33483c,10.861183533095755,5,136,42.16015625
spectrum,490,868895440,4096,8,8,62,c9bdb47d,10.883087975089438,3,103,37.533203125
spectrum,491,870655440,4096,8,8,60,115ebaaa,10.905412980006076,4,131,38.298828125
spectrum,492,872495440,4096,8,8,63,73fc9b23,10.92810802499298,3,88,34.98046875
spectrum,493,874255120,4096,8,8,61,3e46f74d,10.950099840993062,3,110,39.763671875
spectrum,494,876095680,4096,8,8,60,63e528b9,10.97306114807725,11,134,66.140625
spectrum,495,877855120,4096,8,8,31,008b9d61,10.995087380055338,3,106,35.708984375
spectrum,496,879615440,4096,8,8,60,96bb527b,11.017064208048396,7,129,37.80859375
spectrum,497,881375120,4096,8,8,61,3c8e5434,11.039039904018864,4,88,34.384765625
spectrum,498,883135120,4096,8,8,59,41c15da2,11.061096852994524,2,110,37.42578125
spectrum,499,884975440,4096,8,8,61,aab15760,11.084223982994445,4,89,34.0546875
spectrum,500,886735680,4096,8,8,60,99bbfae9,11.10609056300018,4,91,34.58984375
spectrum,501,888495440,4096,8,8,60,6828974b,11.128107677097432,0,107,37.87890625
spectrum,502,890255120,4096,8,8,61,33e37e0a,11.150076711084694,1,103,36.888671875
spectrum,503,892015440,4096,8,8,63,92411b41,11.173862024093978,2,89,35.65234375
spectrum,504,893855440,4096,8,8,60,ebfb3224,11.195073407026939,4,92,35.787109375
spectrum,505,895615680,4096,8,8,60,f48da9d2,11.21709465899039,17,146,63.71875
spectrum,506,897375440,4096,8,8,60,d2308311,11.239092595991679,3,89,35.294921875
spectrum,507,899135120,4096,8,8,62,4ef62d59,11.262651021010242,4,114,37.140625
spectrum,508,900975440,4096,8,8,31,923b7acd,11.284977058996446,10,123,52.71875
spectrum,509,902735440,4096,8,8,60,5e1db332,11.306993291014805,3,93,35.236328125
spectrum,510,904495440,4096,8,8,60,2bf09cf7,11.328145612031221,4,87,34.28515625
spectrum,511,906255120,4096,8,8,61,2975bfae,11.350091763073578,3,87,35.037109375
spectrum,512,908015680,4096,8,8,61,6218bed8,11.372173509094864,5,89,34.908203125
spectrum,513,909775440,4096,8,8,61,36d6d0cc,11.394156669033691,0,100,38.125
spectrum,514,911535680,4096,8,8,60,b46435a6,11.416056671994738,0,99,37.232421875
spectrum,515,913295440,4096,8,8,60,94bce1ec,11.43803130602464,5,106,38.3125
spectrum,516,915055440,4096,8,8,61,a0c4bd67,11.460131276049651,2,111,35.3046875
spectrum,517,916895680,4096,8,8,60,468152e3,11.483123801997863,1,107,36.685546875
spectrum,518,918655120,4096,8,8,60,1ccd0289,11.505410765996203,4,86,34.28125
spectrum,519,920415440,4096,8,8,60,ca8b7e25,11.527083951048553,2,126,35.236328125
spectrum,520,922175440,4096,8,8,63,f10772ef,11.549094852991402,4,90,34.94921875
spectrum,521,923935120,4096,8,8,30,e4f852c5,11.571063707000576,2,109,35.703125
spectrum,522,925775440,4096,8,8,61,8262761b,11.594077984103933,3,124,35.84375
spectrum,523,927536640,4096,8,8,60,d54e9d41,11.616698437021114,2,85,34.181640625
spectrum,524,929295440,4096,8,8,60,b10b60b5,11.63819552899804,5,115,41.822265625
spectrum,525,931055440,4096,8,8,60,57129658,11.660054555046372,3,111,35.607421875
spectrum,526,932815440,4096,8,8,31,3c129cf3,11.682120801997371,2,113,36.923828125
spectrum,527,934575440,4096,8,8,62,bb2b6163,11.703967244015075,4,105,38.14453125
spectrum,528,936415440,4096,8,8,60,0d928309,11.727048217086121,5,130,38.314453125
spectrum,529,938175120,4096,8,8,61,35542838,11.749213842093013,1,86,33.66015625
spectrum,530,939935120,4096,8,8,37,b0118db7,11.771144913043827,2,106,38.04296875
spectrum,531,941775680,4096,8,8,61,b3c5ad6d,11.794252056046389,4,89,34.599609375
spectrum,532,943535120,4096,8,8,60,ade983cd,11.81741401203908,4,87,35.134765625
spectrum,533,945295440,4096,8,8,60,469f4b08,11.838718019076623,5,108,40.857421875
spectrum,534,947055120,4096,8,8,58,c5f09f83,11.860056372010149,1,109,37.533203125
spectrum,535,948815680,4096,8,8,60,96d6de7a,11.882093684049323,2,85,34.33203125
spectrum,536,950575440,4096,8,8,72,5ea62186,11.90400641108863,3,107,38.37890625
spectrum,537,952335680,4096,8,8,60,a53311c2,11.926009619026445,3,86,33.7578125
spectrum,538,954095440,4096,8,8,60,25049df3,11.948220239020884,2,89,33.958984375
spectrum,539,955855440,4096,8,8,59,bf427be0,11.96995371801313,0,107,37.205078125
spectrum,540,957696000,4096,8,8,63,05e10768,11.993060089065693,4,90,34.720703125
spectrum,541,959455120,4096,8,8,60,44caa665,12.015416974085383,4,102,38.109375
spectrum,542,961215440,4096,8,8,60,4705d161,12.037228681030683,20,146,60.521484375
spectrum,543,962975120,4096,8,8,60,6f0d3251,12.059508120059036,4,87,33.5
spectrum,544,964735120,4096,8,8,72,c3b5d901,12.081088319071569,4,108,37.8984375
spectrum,545,966575440,4096,8,8,60,ae8a24c7,12.104065677034669,1,112,36.576171875
spectrum,546,968335120,4096,8,8,60,77c1c68e,12.12607699004002,6,87,34.755859375
spectrum,547,970095440,4096,8,8,60,3d77f70a,12.148048778995872,0,86,33.9609375
spectrum,548,971855120,4096,8,8,60,019f8286,12.170054560992867,3,87,34.001953125
spectrum,549,973615680,4096,8,8,32,207c4e12,12.192140795988962,4,108,38.966796875
spectrum,550,975375440,4096,8,8,60,d7326edd,12.21405233105179,5,87,34.58203125
spectrum,551,977135440,4096,8,8,60,ed1eada9,12.235893924022093,4,88,34.40625
spectrum,552,978975440,4096,8,8,61,b4e08ca8,12.259267199086025,3,105,37.654296875
spectrum,553,980735120,4096,8,8,60,051ab8e7,12.281066211056896,2,103,36.5390625
spectrum,554,982575680,4096,8,8,61,d5a8b213,12.304025715100579,4,107,40.0078125
spectrum,555,984335120,4096,8,8,60,63cec518,12.32612768909894,3,103,36.830078125
spectrum,556,986095440,4096,8,8,60,5a0e51fe,12.348103175056167,4,89,34.314453125
spectrum,557,987855120,4096,8,8,72,62af5a78,12.37004742200952,4,113,42.62109375
spectrum,558,989615120,4096,8,8,63,99ca0bb6,12.392081347061321,4,107,37.69140625
spectrum,559,991455440,4096,8,8,60,548af6d3,12.415006867027842,4,87,34.8515625
spectrum,560,993215680,4096,8,8,60,a4db4c8d,12.437047315062955,5,91,34.45703125
spectrum,561,994975440,4096,8,8,59,a1cdae36,12.459022490074858,3,93,34.033203125
spectrum,562,996735440,4096,8,8,62,d37acfff,12.481068429071456,0,101,36.353515625
spectrum,563,998495440,4096,8,8,62,412cf4e4,12.502831133082509,4,93,34.6953125
spectrum,564,1000335120,4096,8,8,60,91bf8eb9,12.52606647706125,3,114,37.015625
spectrum,565,1002095680,4096,8,8,60,8b6755e6,12.54803200403694,1,86,34.70703125
spectrum,566,1003855120,4096,8,8,60,f99d4e6c,12.570252122008242,1,95,35.337890625
spectrum,567,1005615120,4096,8,8,60,a9de80c5,12.592261371086352,1,119,36.8515625
spectrum,568,1007455440,4096,8,8,62,e0d7ab37,12.615094105014578,10,129,55.607421875
spectrum,569,1009215120,4096,8,8,60,f8d8beea,12.637070803088136,13,138,64.76953125
spectrum,570,1010975120,4096,8,8,59,5cae8ff6,12.659060796024278,3,91,34.287109375
spectrum,571,1012735120,4096,8,8,60,1e8cfa83,12.681018558098003,1,89,34.1328125
spectrum,572,1014496640,4096,8,8,57,7a4ae065,12.703051152057014,11,130,52.853515625
spectrum,573,1016255440,4096,8,8,60,248487c7,12.725061814067885,3,85,34.951171875
spectrum,574,1018015680,4096,8,8,59,f15c7dea,12.747060874011368,2,127,34.099609375
spectrum,575,1019775440,4096,8,8,59,cc05757c,12.768843315076083,2,91,34.115234375
spectrum,576,1021535440,4096,8,8,60,deba6e97,12.791067871032283,3,110,35.900390625
spectrum,577,1023375680,4096,8,8,60,563ae4e9,12.814201442990452,0,89,33.728515625
spectrum,578,1025142960,4096,8,8,18,00a5ae4e,12.836084775044583,2,104,36.29296875
spectrum,579,1026975440,4096,8,8,61,14b8b311,12.859124901005998,4,93,34.529296875
spectrum,580,1028735440,4096,8,8,60,1a98e780,12.881230552098714,2,114,37.111328125
spectrum,581,1030576320,4096,8,8,62,af08e4f3,12.904056514031254,1,86,33.994140625
spectrum,582,1032335440,4096,8,8,60,b9084a95,12.926073818001896,2,126,34.025390625
spectrum,583,1034095440,4096,8,8,60,ab682291,12.948010391090065,2,87,34.509765625
spectrum,584,1035855120,4096,8,8,60,6ec50d99,12.970061148051172,3,83,33.677734375
spectrum,585,1037615120,4096,8,8,60,19bf734d,12.99201264907606,15,133,56.501953125
spectrum,586,1039375440,4096,8,8,60,a2dd061a,13.014038780005649,4,85,34.77734375
spectrum,587,1041135440,4096,8,8,62,52ba7f89,13.036162405041978,4,92,34.380859375
spectrum,588,1042975440,4096,8,8,61,698a31b6,13.05908542999532,1,90,34.125
spectrum,589,1044735120,4096,8,8,60,cf36a8ac,13.08214586507529,2,85,33.767578125
spectrum,590,1046495680,4096,8,8,60,b9d58f45,13.104619581019506,9,133,49.404296875
spectrum,591,1048335440,4096,8,8,61,915b24fe,13.126002608099952,0,83,33.587890625
spectrum,592,1050095120,4096,8,8,60,57e2d695,13.148235750035383,30,141,68.44140625
spectrum,593,1051935440,4096,8,8,60,290a5f54,13.171266168006696,1,89,35.0859375
spectrum,594,1053695120,4096,8,8,60,e20c1ee0,13.193070791079663,2,100,38.02734375
spectrum,595,1055456000,4096,8,8,28,ebe17a59,13.215054622036405,3,118,36.525390625
spectrum,596,1057215440,4096,8,8,61,498f380c,13.23710685200058,4,106,37.244140625
spectrum,597,1058975440,4096,8,8,62,c30d0b0f,13.259117074077949,3,85,34.208984375
spectrum,598,1060735120,4096,8,8,60,8cc76955,13.281088582007214,3,85,33.8203125
spectrum,599,1062495120,4096,8,8,61,039c34d6,13.303127297083847,20,136,68.3046875
spectrum,600,1064335440,4096,8,8,62,02ee144e,13.326065269997343,4,89,35.263671875
spectrum,601,1066095680,4096,8,8,59,f31677c2,13.348151625017636,4,104,39.90234375
spectrum,602,1067935440,4096,8,8,60,4f0f35f6,13.371168807032518,4,105,37.08984375
spectrum,603,1069695680,4096,8,8,60,286bfc70,13.393464848049916,3,111,39.05078125
spectrum,604,1071455440,4096,8,8,29,23aceed4,13.415351637057029,1,128,36.833984375
spectrum,605,1073295440,4096,8,8,60,8c4ec086,13.438118977006525,1,105,37.501953125
spectrum,606,1075055680,4096,8,8,60,c2f7e107,13.460046802996658,0,126,34.37890625
spectrum,607,1076815440,4096,8,8,60,92b13f6f,13.482029633014463,2,122,34.8203125
spectrum,608,1078581440,4096,8,8,59,bd13877b,13.504081863095053,4,101,38.310546875
spectrum,609,1080335680,4096,8,8,62,ccb55fc7,13.52604229003191,3,109,39.26171875
spectrum,610,1082095440,4096,8,8,72,4513da4a,13.548109309049323,0,100,37.29296875
spectrum,611,1083935440,4096,8,8,60,67f91837,13.571103768073954,4,86,35.0546875
spectrum,612,1085695120,4096,8,8,59,f31a95fe,13.593140069046058,1,88,34.119140625
spectrum,613,1087456000,4096,8,8,60,cc2cc317,13.620382981025614,3,126,35.853515625
spectrum,614,1089295440,4096,8,8,60,ed6282de,13.638163966010325,0,127,43.30859375
spectrum,615,1091055440,4096,8,8,60,5b33837e,13.660540188080631,4,85,33.802734375
spectrum,616,1092815440,4096,8,8,60,16e95efd,13.682084590080194,17,146,62.87890625
spectrum,617,1094575120,4096,8,8,60,1fbbcc00,13.704042563098483,3,128,35.2578125
spectrum,618,1096335680,4096,8,8,30,4cd13b2e,13.726343282032758,0,111,38.904296875
spectrum,619,1098095440,4096,8,8,59,bca22366,13.74810009507928,0,85,34.318359375
spectrum,620,1099855680,4096,8,8,60,11622739,13.77008998801466,9,126,47.9375
spectrum,621,1101615440,4096,8,8,60,062a7f18,13.792103865998797,18,143,62.9765625
spectrum,622,1103375440,4096,8,8,62,85c77841,13.81411191308871,3,128,35.77734375
spectrum,623,1105135440,4096,8,8,28,3888fd77,13.837100773002021,4,107,35.7890625
spectrum,624,1106975440,4096,8,8,37,73b83cac,13.859186485991813,2,125,37.66015625
spectrum,625,1108735680,4096,8,8,60,0b65c679,13.881112659000792,3,85,34.294921875
spectrum,626,1110495120,4096,8,8,58,69af61a3,13.903153388062492,5,109,36.0625
spectrum,627,1112255120,4096,8,8,60,bab62b9d,13.92510802403558,0,114,37.736328125
spectrum,628,1114095440,4096,8,8,59,501433df,13.94989912607707,1,85,34.16796875
spectrum,629,1115855120,4096,8,8,29,e24e4254,13.970088739995845,0,129,37.39453125
spectrum,630,1117615440,4096,8,8,60,3c9a861a,13.992136081098579,13,142,63.677734375
spectrum,631,1119375120,4096,8,8,60,48bc14d5,14.014226414030418,9,131,54.30859375
spectrum,632,1121135680,4096,8,8,28,89d2b9fd,14.036156554007903,4,119,36.580078125
spectrum,633,1122975440,4096,8,8,59,c13d4f08,14.059094797004946,18,140,62.3515625
spectrum,634,1124735440,4096,8,8,60,f33236f1,14.08124607510399,5,90,34.685546875
spectrum,635,1126495120,4096,8,8,59,b997cfe7,14.103942241054028,5,85,33.84375
spectrum,636,1128256960,4096,8,8,60,d49a3471,14.125109110027552,2,108,36.646484375
spectrum,637,1130095440,4096,8,8,62,85a4c284,14.148099702084437,3,88,34.365234375
spectrum,638,1131855120,4096,8,8,46,ecd6f7a6,14.170247133006342,6,127,46.09765625
spectrum,639,1133615440,4096,8,8,72,3b5a2772,14.192105096997693,4,124,41.2578125
spectrum,640,1135375120,4096,8,8,60,6832c1a1,14.214083758066408,4,133,38.3515625
spectrum,641,1137135680,4096,8,8,60,b0b63d3d,14.236110861063935,14,145,64.638671875
spectrum,642,1138895440,4096,8,8,60,8a2c8fb3,14.258348131086677,3,82,33.8125
spectrum,643,1140655680,4096,8,8,60,994001f1,14.280058867065236,4,114,45.341796875
spectrum,644,1142415440,4096,8,8,60,7d0770c2,14.30282276100479,25,143,73.158203125
spectrum,645,1144175440,4096,8,8,58,2ac77aad,14.325742360088043,3,113,36.404296875
spectrum,646,1145935440,4096,8,8,60,c8ac4571,14.346175303100608,5,85,34.224609375
spectrum,647,1147695120,4096,8,8,62,373dc781,14.368307955097407,4,103,37.521484375
spectrum,648,1149535440,4096,8,8,60,79d3f929,14.391120471060276,4,108,38.62109375
spectrum,649,1151295680,4096,8,8,60,8d5569bd,14.413359625032172,5,124,48.947265625
spectrum,650,1153055440,4096,8,8,60,41745732,14.43617013702169,5,127,36.1640625
spectrum,651,1154975440,4096,8,8,61,4c45d547,14.460096988012083,9,128,49.048828125
spectrum,652,1156735120,4096,8,8,60,430cb9ef,14.481088696047664,3,106,37.3984375
spectrum,653,1158495440,4096,8,8,61,48d18504,14.503140405053273,4,94,37.83984375
spectrum,654,1160255120,4096,8,8,60,90f1d137,14.52505011705216,0,86,34.515625
spectrum,655,1162015680,4096,8,8,60,31b06a3a,14.547120131086558,16,140,64.265625
spectrum,656,1163775440,4096,8,8,60,82d5fe09,14.569190885988064,3,125,42.01171875
spectrum,657,1165535440,4096,8,8,60,a46b491d,14.591103914077394,5,87,34.4921875
spectrum,658,1167295120,4096,8,8,60,a2b45a0e,14.613104948075488,1,86,34.2734375
spectrum,659,1169055120,4096,8,8,60,a4750c18,14.635153081035241,7,129,54.94140625
spectrum,660,1170895440,4096,8,8,60,1fc44e4f,14.65812147106044,3,86,34.677734375
spectrum,661,1172655120,4096,8,8,60,46a76979,14.68010860902723,4,91,34.3359375
spectrum,662,1174415680,4096,8,8,60,6f147800,14.70228184806183,11,130,51.44921875
spectrum,663,1176175120,4096,8,8,60,70aa44f6,14.72409663000144,10,140,71.443359375
spectrum,664,1177935120,4096,8,8,29,98396e82,14.746257486054674,1,124,37.416015625
spectrum,665,1179775440,4096,8,8,59,23ebd3af,14.769099127035588,1,128,33.248046875
spectrum,666,1181535680,4096,8,8,57,2095cd74,14.79111264506355,3,89,34.205078125
spectrum,667,1183295440,4096,8,8,63,8387f929,14.813108238042332,1,91,35.095703125
spectrum,668,1185055440,4096,8,8,60,0055d42a,14.835124570992775,4,107,36.203125
spectrum,669,1186815440,4096,8,8,29,8c5dac77,14.857135985046625,3,113,36.837890625
spectrum,670,1188575440,4096,8,8,59,1b9fa195,14.879237899091095,15,140,63.0234375
spectrum,671,1190335440,4096,8,8,60,1f3f6cc7,14.901160355075262,0,85,34.09375
spectrum,672,1192095120,4096,8,8,59,06a0dd2b,14.923102147062309,6,86,34.716796875
spectrum,673,1193855120,4096,8,8,60,f44b0b71,14.945732930093072,7,121,41.185546875
spectrum,674,1195615680,4096,8,8,60,cb16e8f1,14.967130704084411,18,139,62.380859375
spectrum,675,1197375120,4096,8,8,59,cc2435a4,14.991810717037879,11,137,63.421875
spectrum,676,1199135440,4096,8,8,60,20fa66a6,15.01108657498844,1,86,34.28515625
spectrum,677,1200895120,4096,8,8,60,b904cea0,15.033984472043812,1,87,34.8203125
spectrum,678,1202656640,4096,8,8,60,3292cf1d,15.05510217801202,4,114,37.40234375
spectrum,679,1204415440,4096,8,8,60,12fb6e02,15.07713460107334,20,135,64.35546875
spectrum,680,1206175680,4096,8,8,60,96f3f7cc,15.099365559988655,4,87,34.591796875
spectrum,681,1207935440,4096,8,8,60,062ad15b,15.12366786901839,5,88,34.501953125
spectrum,682,1209695440,4096,8,8,61,41970939,15.143133736099117,3,106,37.4140625
spectrum,683,1211455440,4096,8,8,60,87bc0857,15.165059547987767,0,86,34.2109375
spectrum,684,1213215120,4096,8,8,63,f85f47e6,15.18710388301406,4,89,35.8046875
spectrum,685,1214975680,4096,8,8,60,0f43531b,15.209078918094747,11,141,65.36328125
spectrum,686,1216735120,4096,8,8,62,b9627918,15.231092836009338,1,86,34.80859375
spectrum,687,1218495120,4096,8,8,60,4276a8b3,15.254137411015108,1,107,38.060546875
spectrum,688,1220335440,4096,8,8,60,96ccd026,15.276219588005915,4,101,37.734375
spectrum,689,1222095120,4096,8,8,61,04240128,15.298140831058845,6,104,38.03125
spectrum,690,1223855440,4096,8,8,60,2183c1fa,15.320093173068017,1,107,38.02734375
spectrum,691,1225615120,4096,8,8,60,75b2d903,15.342127550044097,3,90,34.228515625
spectrum,692,1227375680,4096,8,8,60,3e99ed86,15.36408279708121,3,88,34.00390625
spectrum,693,1229135440,4096,8,8,60,e05aafd6,15.386091937078163,4,87,34.728515625
spectrum,694,1230895440,4096,8,8,61,b86eb4a0,15.408075057086535,4,87,34.443359375
spectrum,695,1232655120,4096,8,8,60,59c6ef89,15.430184285040013,5,101,37.04296875
spectrum,696,1234415120,4096,8,8,63,3d03a699,15.452205928042531,4,107,36.255859375
spectrum,697,1236175680,4096,8,8,29,f3261347,15.47432668809779,0,117,36.115234375
spectrum,698,1238015440,4096,8,8,61,b412a2bd,15.497101883054711,4,93,36.681640625
spectrum,699,1239775440,4096,8,8,60,993e1a09,15.519971257075667,6,116,35.87109375
spectrum,700,1241535120,4096,8,8,60,ac345f83,15.544046688009985,1,89,34.404296875
spectrum,701,1243295120,4096,8,8,59,20be1862,15.563100667088293,3,106,36.5390625
spectrum,702,1245135440,4096,8,8,58,9733d4d4,15.586130975047126,2,86,34.564453125
spectrum,703,1246895120,4096,8,8,61,f60d13ee,15.608121569035575,3,101,35.458984375
spectrum,704,1248655440,4096,8,8,60,e0791731,15.630145175033249,2,86,34.46484375
spectrum,705,1250415120,4096,8,8,60,85b855fd,15.6521220440045,0,90,34.759765625
spectrum,706,1252177440,4096,8,8,59,e7a03720,15.67409754905384,3,108,40.69921875
spectrum,707,1253935440,4096,8,8,61,59adc95c,15.695885802037083,0,92,34.76171875
spectrum,708,1255775440,4096,8,8,60,34dde12b,15.760015245061368,3,90,34.09375
spectrum,709,1257535120,4096,8,8,59,13886d8d,15.760057715000585,2,93,35.751953125
spectrum,710,1259295120,4096,8,8,61,5e43dce4,15.76300767599605,2,130,39.654296875
spectrum,711,1261135680,4096,8,8,59,984408ba,15.786098387092352,5,86,34.234375
spectrum,712,1262895120,4096,8,8,59,d04fd011,15.8082556060981,3,100,35.30078125
spectrum,713,1264655440,4096,8,8,61,8d6bc21f,15.830068815033883,4,85,34.5078125
spectrum,714,1266415120,4096,8,8,62,7391ff1a,15.85215515003074,4,110,39.51171875
spectrum,715,1268176640,4096,8,8,59,abce5b67,15.874485546024516,3,88,34.845703125
spectrum,716,1269935440,4096,8,8,62,84a4dfc5,15.896185541059822,2,89,34.923828125
spectrum,717,1271695680,4096,8,8,60,4ca3946c,15.918939307099208,0,90,35.6953125
spectrum,718,1273455440,4096,8,8,72,22ad243b,15.940303648007102,4,110,40.716796875
spectrum,719,1275215440,4096,8,8,62,b0c03d4c,15.962082823039964,1,112,37.998046875
spectrum,720,1277055440,4096,8,8,60,3c240e2a,15.98506364703644,5,96,34.333984375
spectrum,721,1278815120,4096,8,8,60,07ef96da,16.007145954994485,3,85,33.0234375
spectrum,722,1280575680,4096,8,8,60,974e58fa,16.029079321073368,2,121,35.876953125
spectrum,723,1282335120,4096,8,8,61,dde5df2b,16.051083441008814,4,88,34.46484375
spectrum,724,1284095120,4096,8,8,60,5d5a761e,16.07302885001991,4,112,35.966796875
spectrum,725,1285935440,4096,8,8,61,9cf07dc0,16.096130672027357,3,90,35.166015625
spectrum,726,1287695120,4096,8,8,61,ec61010a,16.118253245018423,5,102,38.458984375
spectrum,727,1289455440,4096,8,8,59,07f28f80,16.140077766031027,3,89,34.267578125
spectrum,728,1291215120,4096,8,8,59,372a3fc4,16.16208820801694,1,104,40.345703125
spectrum,729,1292975680,4096,8,8,62,a1745c80,16.184186245081946,1,85,33.6953125
spectrum,730,1294735440,4096,8,8,61,b053d5cc,16.205300935078412,0,90,34.220703125
spectrum,731,1296495680,4096,8,8,62,674b76ef,16.22884850902483,4,126,38.849609375
spectrum,732,1298335440,4096,8,8,62,83822f96,16.25116634205915,3,88,34.869140625
spectrum,733,1300095440,4096,8,8,60,61bd0b62,16.273152217036113,16,129,61.919921875
spectrum,734,1301935680,4096,8,8,61,4e0431dc,16.29606403107755,4,89,34.650390625
spectrum,735,1303695120,4096,8,8,61,7053ed23,16.318138744099997,0,104,36.814453125
spectrum,736,1305535440,4096,8,8,60,f94c8ce4,16.3410992390709,2,84,34.734375
spectrum,737,1307295440,4096,8,8,72,51faaab1,16.363476844038814,1,101,38.658203125
spectrum,738,1309055120,4096,8,8,28,4118155e,16.384986210032366,5,136,40.888671875
spectrum,739,1310895440,4096,8,8,62,c5596df6,16.408206636086106,3,108,39.755859375
spectrum,740,1312655680,4096,8,8,60,ec119877,16.430375257041305,2,90,34.341796875
spectrum,741,1314415440,4096,8,8,61,8de903f3,16.45205275004264,4,87,34.005859375
spectrum,742,1316255440,4096,8,8,60,dae44e37,16.475055435090326,1,107,36.728515625
spectrum,743,1318096960,4096,8,8,30,8081574c,16.499027892015874,1,121,37.708984375
spectrum,744,1320015440,4096,8,8,60,4bab4230,16.52210644003935,3,100,36.7734375
spectrum,745,1321775680,4096,8,8,64,26beb456,16.544125829008408,32,146,77.05859375
spectrum,746,1323535120,4096,8,8,61,15071aaa,16.565297567052767,2,111,39.03125
spectrum,747,1325295120,4096,8,8,63,79103d07,16.58809951308649,1,107,36.626953125
spectrum,748,1327135440,4096,8,8,60,f23002be,16.611140130087733,13,117,61.38671875
spectrum,749,1328899280,4096,8,8,60,70013f41,16.633070390089415,2,109,37.69921875
spectrum,750,1330655440,4096,8,8,60,e33b4d0b,16.654279879992828,3,104,38.802734375
spectrum,751,1332415440,4096,8,8,61,939fdafd,16.677112373989075,4,107,40.404296875
spectrum,752,1334175440,4096,8,8,62,eb2327e2,16.699163612094708,4,107,38.998046875
spectrum,753,1335935440,4096,8,8,62,f2442e21,16.721232454059646,5,89,36.037109375
spectrum,754,1337695440,4096,8,8,60,5154eb76,16.74317532905843,6,121,41.1796875
spectrum,755,1339455120,4096,8,8,61,4047df46,16.76516736508347,4,87,35.46484375
spectrum,756,1341215120,4096,8,8,61,b9036e2a,16.7870937990956,3,110,37.859375
spectrum,757,1343055680,4096,8,8,60,a9c036ed,16.81007736804895,4,111,37.955078125
spectrum,758,1344815120,4096,8,8,65,0cbdcf72,16.832075817044824,2,90,35.0546875
spectrum,759,1346575440,4096,8,8,61,9f906591,16.854079426033422,8,125,42.255859375
spectrum,760,1348335120,4096,8,8,50,bc7671e2,16.875254550017416,2,88,35.126953125
spectrum,761,1350096640,4096,8,8,63,b343e08f,16.898288474068977,3,119,40.892578125
spectrum,762,1351935440,4096,8,8,60,eaf6abd2,16.92026725609321,1,89,35.619140625
spectrum,763,1353695120,4096,8,8,62,25d2f54c,16.9425893870648,0,91,36.296875
spectrum,764,1355455120,4096,8,8,57,8f99068e,16.964919041027315,1,91,34.654296875
spectrum,765,1357215120,4096,8,8,57,16cd7552,16.988128717057407,2,105,36.30859375
spectrum,766,1358975440,4096,8,8,60,a804c7ea,17.00913873000536,3,86,34.240234375
spectrum,767,1360735120,4096,8,8,62,b022e2bd,17.03103239100892,4,89,34.267578125
spectrum,768,1362575440,4096,8,8,59,f79c13a7,17.054102354100905,8,141,62.3203125
spectrum,769,1364335120,4096,8,8,60,b031e79b,17.07530470902566,3,88,34.58984375
spectrum,770,1366095120,4096,8,8,60,d38117dd,17.098336670082062,4,115,37.287109375
spectrum,771,1367935680,4096,8,8,60,edcbd4e9,17.12152893305756,0,87,35.376953125
spectrum,772,1369695120,4096,8,8,60,0e89c626,17.146354741067626,0,87,34.818359375
spectrum,773,1371455440,4096,8,8,60,433502fe,17.164386029005982,2,87,34.59765625
spectrum,774,1373215120,4096,8,8,60,d4230b8b,17.186297815060243,1,108,35.58984375
spectrum,775,1374975680,4096,8,8,58,3cd7fdbc,17.209105672081932,0,109,37.28515625
spectrum,776,1376735440,4096,8,8,59,7b05243d,17.2313751130132,2,100,37.1484375
spectrum,777,1378495440,4096,8,8,62,aba68785,17.253266259096563,2,106,40.2265625
spectrum,778,1380255120,4096,8,8,60,388d1f38,17.274347396101803,4,99,38.884765625
spectrum,779,1382015120,4096,8,8,60,ec44f495,17.29714589600917,4,110,36.447265625
spectrum,780,1383855440,4096,8,8,61,f610a124,17.32012053800281,1,86,34.36328125
spectrum,781,1385615120,4096,8,8,60,c79db32a,17.342129758093506,5,105,38.787109375
spectrum,782,1387375680,4096,8,8,61,1ab12acc,17.36333124199882,4,128,39.30078125
spectrum,783,1389135120,4096,8,8,51,a96debfe,17.38528827310074,2,87,33.4765625
spectrum,784,1390895120,4096,8,8,29,649afcf3,17.40816585207358,0,106,36.41015625
spectrum,785,1392735440,4096,8,8,63,465b0f3d,17.4304536980344,4,90,35.4375
spectrum,786,1394496640,4096,8,8,60,ee4a430e,17.45316888007801,4,101,37.52734375
spectrum,787,1396255440,4096,8,8,60,66b5b038,17.474307656055316,2,91,34.60546875
spectrum,788,1398015440,4096,8,8,60,0691e220,17.4971884310944,0,108,36.037109375
spectrum,789,1399775440,4096,8,8,60,390552ea,17.519155721063726,5,104,37.56640625
spectrum,790,1401535120,4096,8,8,72,e11dec7b,17.541160282096826,4,118,43.400390625
spectrum,791,1403295440,4096,8,8,72,be69a323,17.563173679052852,4,97,37.44921875
spectrum,792,1405055120,4096,8,8,59,cea25d13,17.585155046079308,4,103,41.390625
spectrum,793,1406815120,4096,8,8,60,5e41270e,17.607210132060573,4,109,35.580078125
spectrum,794,1408655680,4096,8,8,60,05d78c1c,17.629331032047048,1,99,37.697265625
spectrum,795,1410415120,4096,8,8,72,65ab440a,17.652222177013755,3,101,37.7578125
spectrum,796,1412175440,4096,8,8,62,8d32d9f5,17.67329767299816,3,94,35.607421875
spectrum,797,1413935120,4096,8,8,62,e56085f7,17.695345135056414,2,95,34.640625
spectrum,798,1415695680,4096,8,8,61,1bd0fd51,17.718213847023435,4,119,37.119140625
spectrum,799,1417535440,4096,8,8,60,820abc4e,17.74032302608248,4,87,34.5234375
spectrum,800,1419295680,4096,8,8,60,779e96b3,17.763200174085796,4,88,34.072265625
spectrum,801,1421055440,4096,8,8,72,c3b7ed87,17.785137969069183,1,103,37.0390625
spectrum,802,1422815440,4096,8,8,60,4d298882,17.809342223103158,4,109,41.19921875
spectrum,803,1424575440,4096,8,8,61,e8647b0f,17.828993700095452,4,91,35.017578125
spectrum,804,1426415120,4096,8,8,61,87c8e223,17.85584768804256,4,101,38.115234375
spectrum,805,1428175680,4096,8,8,61,fed67119,17.873343985993415,3,86,34.7890625
spectrum,806,1429935120,4096,8,8,62,5fa96834,17.89717160910368,0,89,35.427734375
spectrum,807,1431695440,4096,8,8,62,db272f1b,17.918218261096627,2,117,37.849609375
spectrum,808,1433535440,4096,8,8,62,5036b68c,17.941152826999314,3,91,35.498046875
spectrum,809,1435295680,4096,8,8,60,a04c7775,17.963156456011347,3,88,35.771484375
spectrum,810,1437055440,4096,8,8,61,a6e2905a,17.98433659004513,0,108,38.716796875
spectrum,811,1438815120,4096,8,8,72,88247cd7,18.006337704020552,4,121,45.369140625
spectrum,812,1440575680,4096,8,8,60,f8b45880,18.02938379207626,13,145,62.328125
spectrum,813,1442335440,4096,8,8,60,03affe0c,18.051761777023785,0,88,34.39453125
spectrum,814,1444095440,4096,8,8,59,a6259a8c,18.07318682409823,1,97,37.29296875
spectrum,815,1445855440,4096,8,8,60,2493b49e,18.094316322007217,4,115,41.423828125
spectrum,816,1447615120,4096,8,8,62,3d20f560,18.1172187080374,1,109,36.953125
spectrum,817,1449455680,4096,8,8,61,64ec932a,18.139361700043082,4,94,35.1015625
spectrum,818,1451215120,4096,8,8,61,b77878e4,18.162150041083805,3,87,34.4609375
spectrum,819,1452975440,4096,8,8,63,d0dfc23e,18.18336701404769,4,95,36.8203125
spectrum,820,1454735120,4096,8,8,63,e6e3b35a,18.206167708034627,4,89,35.0234375
spectrum,821,1456495440,4096,8,8,32,5828ca40,18.229286974063143,5,106,37.0390625
spectrum,822,1458335440,4096,8,8,61,06194ad0,18.25415207608603,1,92,34.689453125
spectrum,823,1460095440,4096,8,8,60,e592ef69,18.273268072050996,3,93,33.865234375
spectrum,824,1461855120,4096,8,8,60,70eac4da,18.29434146406129,2,90,34.572265625
spectrum,825,1463615120,4096,8,8,60,ca1e6737,18.317124093999155,0,109,38.212890625
spectrum,826,1465375440,4096,8,8,60,9f9ce980,18.33914146909956,3,85,34.5
spectrum,827,1467135680,4096,8,8,61,5534b005,18.362702889018692,3,89,34.47265625
spectrum,828,1468975440,4096,8,8,60,2a81f35c,18.38418289006222,5,87,33.900390625
spectrum,829,1470735680,4096,8,8,60,507e670a,18.405886893044226,4,89,33.986328125
spectrum,830,1472495120,4096,8,8,60,2e010f21,18.428182693081908,2,106,36.515625
spectrum,831,1474335440,4096,8,8,60,b591a7e0,18.45259377802722,2,91,34.595703125
spectrum,832,1476095120,4096,8,8,61,40be2696,18.473176764091477,4,114,43.296875
spectrum,833,1477855440,4096,8,8,60,00fe0411,18.494361898046918,2,85,34.267578125
spectrum,834,1479615120,4096,8,8,60,6528db64,18.517089644097723,6,86,34.25
spectrum,835,1481375680,4096,8,8,60,2e24b198,18.53921626508236,1,116,37.125
spectrum,836,1483215440,4096,8,8,62,70071b87,18.561303632101044,2,93,35.791015625
spectrum,837,1484975680,4096,8,8,60,a68a64b1,18.586788665037602,5,117,41.56640625
spectrum,838,1486735440,4096,8,8,60,902337ba,18.606162708019838,2,87,34.212890625
spectrum,839,1488495120,4096,8,8,60,b7a9d751,18.62811415910255,4,106,37.6171875
spectrum,840,1490335440,4096,8,8,61,593e5856,18.651306953048334,5,114,39.126953125
spectrum,841,1492095120,4096,8,8,61,3820e8b3,18.67309112707153,1,90,35.291015625
spectrum,842,1493935680,4096,8,8,61,07180fe6,18.69620729703456,0,91,34.111328125
spectrum,843,1495695120,4096,8,8,60,e2cbcf37,18.718328027054667,0,93,34.4453125
spectrum,844,1497455440,4096,8,8,30,285adb79,18.740242317086086,4,116,36.935546875
spectrum,845,1499295440,4096,8,8,61,daccc4cf,18.76321219105739,3,102,36.978515625
spectrum,846,1501055440,4096,8,8,60,9d9f9f0d,18.785164843080565,3,84,34.513671875
spectrum,847,1502815440,4096,8,8,60,e293f91e,18.806312596076168,5,108,42.35546875
spectrum,848,1504575120,4096,8,8,59,afe79d37,18.829160269000567,0,107,36.033203125
spectrum,849,1506337440,4096,8,8,61,5f248036,18.85207911604084,5,95,34.87890625
spectrum,850,1508095120,4096,8,8,61,4c05f2ae,18.873369288048707,2,89,35.33203125
spectrum,851,1509855440,4096,8,8,62,7743c683,18.89511989906896,4,90,35.021484375
spectrum,852,1511615120,4096,8,8,60,9b0dfb70,18.9163213330321,0,84,34.1328125
spectrum,853,1513375120,4096,8,8,60,b7f42605,18.939294893061742,4,110,37.98828125
spectrum,854,1515215680,4096,8,8,60,bf200de4,18.96131727809552,5,88,34.349609375
spectrum,855,1516975120,4096,8,8,63,98f9208d,18.98416198499035,2,107,37.435546875
spectrum,856,1518735440,4096,8,8,60,dc5d6764,19.007006311090663,4,87,34.236328125
spectrum,857,1520495440,4096,8,8,59,2c0f7b6a,19.02814004709944,3,107,39.302734375
spectrum,858,1522255440,4096,8,8,62,b92d65af,19.050223016063683,2,89,35.220703125
spectrum,859,1524015440,4096,8,8,60,6e12ad42,19.07217279309407,5,116,43.833984375
spectrum,860,1525775680,4096,8,8,60,73693180,19.09606726304628,2,86,33.998046875
spectrum,861,1527536640,4096,8,8,63,eb9172cf,19.11620223300997,0,94,36.404296875
spectrum,862,1529295440,4096,8,8,63,9e228467,19.138218646054156,0,104,37.751953125
spectrum,863,1531055440,4096,8,8,62,64bae30c,19.16022977908142,4,92,35.162109375
spectrum,864,1532895440,4096,8,8,60,60603de4,19.18424114899244,4,108,36.89453125
spectrum,865,1534655680,4096,8,8,61,5b6c8d0e,19.20434059307445,5,91,35.150390625
spectrum,866,1536415120,4096,8,8,63,615e9258,19.22632992407307,5,100,38.1484375
spectrum,867,1538175120,4096,8,8,64,16a7e346,19.249173730029725,5,110,36.34375
spectrum,868,1540015440,4096,8,8,60,c0fb2184,19.271352800074965,5,85,34.126953125
spectrum,869,1541775120,4096,8,8,60,9f8ce3c0,19.294157672091387,4,87,34.1953125
spectrum,870,1543535440,4096,8,8,63,98e7f2e0,19.3153478250606,10,136,47.56640625
spectrum,871,1545295120,4096,8,8,60,f6e5b8a9,19.33731184899807,0,87,33.958984375
spectrum,872,1547055680,4096,8,8,29,bbde42a2,19.3602183930343,3,120,36.810546875
spectrum,873,1548895440,4096,8,8,61,9451df59,19.38317474105861,3,94,35.142578125
spectrum,874,1550655440,4096,8,8,62,7a694a78,19.405177838052623,5,88,34.845703125
spectrum,875,1552415440,4096,8,8,59,4ffcc7ef,19.428463107091375,4,113,37.48828125
spectrum,876,1554256320,4096,8,8,60,d7e2b7f7,19.450200934079476,5,109,37.423828125
spectrum,877,1556095440,4096,8,8,62,5156de05,19.472851996077225,4,93,36.744140625
spectrum,878,1557855120,4096,8,8,61,e05973f7,19.495411153999157,2,92,35.138671875
spectrum,879,1559615440,4096,8,8,62,8ecd21e2,19.516434882069007,0,89,35.1171875
spectrum,880,1561375120,4096,8,8,60,b51565d6,19.53834861202631,1,103,36.943359375
spectrum,881,1563135680,4096,8,8,58,1b3facca,19.561180895077996,4,113,39.30859375
spectrum,882,1564975440,4096,8,8,61,cbc1661d,19.583331532077864,2,90,35.001953125
spectrum,883,1566735680,4096,8,8,63,dbdd4679,19.606106858002022,2,91,36.20703125
spectrum,884,1568495440,4096,8,8,63,4d87aff3,19.62736305501312,0,89,36.130859375
spectrum,885,1570255440,4096,8,8,63,8ce24174,19.650135296047665,3,102,37.6953125
spectrum,886,1572015440,4096,8,8,60,89f33f8f,19.672770237084478,1,107,40.103515625
spectrum,887,1573775680,4096,8,8,61,3e25eaed,19.694699315004982,2,91,34.5078125
spectrum,888,1575616000,4096,8,8,60,feec728b,19.718590838019736,0,88,34.404296875
spectrum,889,1577375120,4096,8,8,61,963f39b5,19.739134501083754,4,87,34.42578125
spectrum,890,1579135440,4096,8,8,61,5e07b1fb,19.76113332004752,2,112,38.279296875
spectrum,891,1580975440,4096,8,8,72,188eabb3,19.783337478060275,5,117,43.99609375
spectrum,892,1582735120,4096,8,8,60,871645b8,19.80615060601849,0,107,38.609375
spectrum,893,1584495440,4096,8,8,61,241ed8fc,19.827322464087047,4,91,34.7265625
spectrum,894,1586255120,4096,8,8,60,bba68d3c,19.849407286033966,0,92,34.541015625
spectrum,895,1588015680,4096,8,8,29,ff1a9fba,19.872232997091487,0,104,36.841796875
spectrum,896,1589775440,4096,8,8,60,ab93fe1b,19.89446499699261,5,88,34.158203125
spectrum,897,1591535440,4096,8,8,61,f7d4393a,19.91618251602631,2,92,34.779296875
spectrum,898,1593295440,4096,8,8,38,63288625,19.93810478108935,4,102,37.51953125
spectrum,899,1595055120,4096,8,8,60,b2ed809e,19.959929803037085,5,106,36.810546875
spectrum,900,1596896080,4096,8,8,30,73f1d5e5,19.98317407502327,1,120,36.771484375
spectrum,901,1598735440,4096,8,8,61,d934cc83,20.006471857079305,14,107,64.99609375
spectrum,902,1600495440,4096,8,8,62,0391acac,20.02733525307849,1,90,35.650390625
spectrum,903,1602255120,4096,8,8,72,682dae25,20.050133232027292,4,112,41.49609375
spectrum,904,1604022080,4096,8,8,63,a7feff2d,20.072105913073756,1,123,44.369140625
spectrum,905,1605775440,4096,8,8,63,475825a4,20.093311454053037,4,95,36.68359375
spectrum,906,1607535680,4096,8,8,63,16b933a6,20.116096309036948,0,90,36.578125
spectrum,907,1609295440,4096,8,8,63,4abf8143,20.13748098909855,2,89,36.158203125
spectrum,908,1611055440,4096,8,8,72,2b6bc651,20.160877909045666,2,109,43.939453125
spectrum,909,1612815440,4096,8,8,62,2bca10d7,20.181345327058807,3,91,35.7734375
spectrum,910,1614575120,4096,8,8,60,e559c4bd,20.204188951989636,0,88,34.71875
spectrum,911,1616335440,4096,8,8,61,759df188,20.225316186086275,0,89,34.78125
spectrum,912,1618095120,4096,8,8,72,f9644f6e,20.247358989086933,0,106,39.154296875
spectrum,913,1619855120,4096,8,8,61,fb17852e,20.270290930988267,3,111,38.060546875
spectrum,914,1621695680,4096,8,8,61,08259f44,20.292407823028043,1,88,34.744140625
spectrum,915,1623455120,4096,8,8,60,8e6ccbaf,20.315132033079863,3,101,38.466796875
spectrum,916,1625215440,4096,8,8,62,c3861487,20.336338286055252,3,109,39.8359375
spectrum,917,1626975120,4096,8,8,62,1a3e2801,20.35818622109946,4,84,34.271484375
spectrum,918,1628735680,4096,8,8,62,6a1d9111,20.38645330700092,0,85,34.3671875
spectrum,919,1630495440,4096,8,8,63,c3149664,20.402795736095868,4,91,35.8515625
spectrum,920,1632255680,4096,8,8,60,11840750,20.42440419900231,3,84,34.173828125
spectrum,921,1634015440,4096,8,8,72,a35cec85,20.44635042909067,1,97,37.345703125
spectrum,922,1635775440,4096,8,8,60,fcd86f69,20.46915625303518,4,106,36.505859375
spectrum,923,1637535440,4096,8,8,62,6293f045,20.49035568407271,4,90,35.9453125
spectrum,924,1639295120,4096,8,8,62,92ee3804,20.513121071038768,4,88,34.8828125
spectrum,925,1641055680,4096,8,8,72,08cf9b93,20.534354766015895,0,121,44.9453125
spectrum,926,1642815120,4096,8,8,60,72d0602a,20.55712294904515,0,96,33.990234375
spectrum,927,1644575440,4096,8,8,59,7299bbd0,20.58015844610054,4,115,37.16796875
spectrum,928,1646415440,4096,8,8,62,49b13ec9,20.602099978015758,5,114,36.666015625
spectrum,929,1648175120,4096,8,8,60,39f1d8b1,20.624244202044792,0,105,37.828125
spectrum,930,1649935440,4096,8,8,60,5affec98,20.64537547400687,4,86,34.171875
spectrum,931,1651695120,4096,8,8,72,dd7cd38c,20.667318258085288,2,112,39.953125
spectrum,932,1653456000,4096,8,8,61,d6b2f1af,20.72098328208085,2,107,37.232421875
spectrum,933,1655215440,4096,8,8,60,fd902adf,20.721081828000024,6,112,41.841796875
spectrum,934,1656975440,4096,8,8,61,32443615,20.734133764053695,3,89,34.380859375
spectrum,935,1658735120,4096,8,8,60,5b31f967,20.75532711308915,5,100,37.095703125
spectrum,936,1660495120,4096,8,8,72,e4032e5c,20.7781766790431,5,117,43.673828125
spectrum,937,1662255680,4096,8,8,29,be4ea06b,20.800531802000478,3,112,37.40234375
spectrum,938,1664095440,4096,8,8,59,5196d026,20.823125855997205,3,93,34.6171875
spectrum,939,1665855440,4096,8,8,63,07339362,20.844159122090787,3,91,36.205078125
spectrum,940,1667615120,4096,8,8,60,3ae1504e,20.866326871095225,3,106,39.21484375
spectrum,941,1669375120,4096,8,8,72,79e85f8b,20.889185795094818,1,104,39.888671875
spectrum,942,1671215440,4096,8,8,59,590f7d09,20.91118301206734,2,88,33.95703125
spectrum,943,1672980400,4096,8,8,59,097b5e33,20.934188002021983,4,93,34.00390625
spectrum,944,1674735440,4096,8,8,60,97ebc859,20.955209566047415,2,106,37.1796875
spectrum,945,1676495440,4096,8,8,60,2b2da43f,20.978230996988714,4,92,33.791015625
spectrum,946,1678255440,4096,8,8,27,da0e1e54,21.000279711093754,5,116,39.966796875
spectrum,947,1680015440,4096,8,8,60,e1000961,21.022064747055992,3,90,35.53515625
spectrum,948,1681855440,4096,8,8,63,2ed8a9ac,21.0443561100401,0,94,36.0234375
spectrum,949,1683615120,4096,8,8,58,1023a614,21.066231316071935,4,87,34.896484375
spectrum,950,1685375120,4096,8,8,63,80ee2442,21.090410603093915,2,109,36.71484375
spectrum,951,1687215680,4096,8,8,72,8aa48348,21.112032441073097,5,121,42.76953125
spectrum,952,1688975120,4096,8,8,63,720887f9,21.134205189999193,2,91,35.0703125
spectrum,953,1690735440,4096,8,8,60,d7d1c85a,21.155202819034457,5,92,35.26171875
spectrum,954,1692495120,4096,8,8,62,f32f0b76,21.177210475085303,4,88,35.2734375
spectrum,955,1694255680,4096,8,8,62,34c6626c,21.200210876995698,4,97,35.62109375
spectrum,956,1696095440,4096,8,8,61,aa3e974b,21.222199838026427,0,95,34.638671875
spectrum,957,1697855680,4096,8,8,60,4aaf1ee3,21.244373838067986,3,85,34.35546875
spectrum,958,1699615440,4096,8,8,60,a71b8ccd,21.26715991506353,2,90,35.01171875
spectrum,959,1701375440,4096,8,8,62,02c20856,21.28906497801654,3,114,42.80078125
spectrum,960,1703215440,4096,8,8,60,5ba3511a,21.31139039399568,5,86,34.857421875
spectrum,961,1704975120,4096,8,8,59,8d382f65,21.334374284022488,4,88,34.044921875
spectrum,962,1706815680,4096,8,8,62,4e57d55a,21.356408972060308,4,92,35.138671875
spectrum,963,1708575120,4096,8,8,61,7af11f2d,21.37823577702511,3,89,34.90234375
spectrum,964,1710335120,4096,8,8,61,f8f4b9e2,21.40125643601641,1,112,37.326171875
spectrum,965,1712175440,4096,8,8,56,ddfc37e5,21.423347741016187,4,94,35.634765625
spectrum,966,1713936640,4096,8,8,60,54247609,21.445353674003854,1,99,39.0859375
spectrum,967,1715695440,4096,8,8,60,98a58c40,21.468173384084366,1,89,34.12890625
spectrum,968,1717455440,4096,8,8,60,d1147b32,21.49015250708908,1,94,36.216796875
spectrum,969,1719215440,4096,8,8,60,f115445b,21.511413002037443,2,107,39.3515625
spectrum,970,1720975120,4096,8,8,72,9a382b62,21.53419044299517,5,112,41.017578125
spectrum,971,1722735440,4096,8,8,72,89f3f11f,21.555350649054162,1,117,44.9609375
spectrum,972,1724495120,4096,8,8,72,7f3a5ef7,21.577211478026584,5,112,45.23828125
spectrum,973,1726255120,4096,8,8,61,eb41f37a,21.60023048403673,4,109,36.6640625
spectrum,974,1728096000,4096,8,8,29,83e21dcf,21.623216559062712,4,122,35.78515625
spectrum,975,1729935440,4096,8,8,60,2852c66f,21.64648285205476,4,90,33.626953125
spectrum,976,1731695440,4096,8,8,60,f91ed474,21.6673468190711,1,104,37.037109375
spectrum,977,1733455680,4096,8,8,72,0a0ae6d2,21.68943222204689,4,115,45.421875
spectrum,978,1735215440,4096,8,8,62,667f91f6,21.713188350084238,2,98,35.330078125
spectrum,979,1736975440,4096,8,8,61,a085986b,21.733247386990115,2,95,36.3046875
spectrum,980,1738735680,4096,8,8,59,cd65e759,21.756082025007345,0,92,33.68359375
spectrum,981,1740495440,4096,8,8,60,993c0d72,21.77769720100332,4,92,33.732421875
spectrum,982,1742255440,4096,8,8,61,10249276,21.800386294024065,1,106,36.654296875
spectrum,983,1744015440,4096,8,8,30,ab850a88,21.822290215059184,2,108,35.853515625
spectrum,984,1745855440,4096,8,8,60,745371e9,21.84517515799962,4,88,34.5390625
spectrum,985,1747615680,4096,8,8,59,58cdb6ca,21.867152367020026,32,136,77.75390625
spectrum,986,1749375440,4096,8,8,60,a91cac7d,21.88838920800481,0,85,34.40625
spectrum,987,1751135120,4096,8,8,64,ed8bbe7d,21.91126784903463,3,112,38.85546875
spectrum,988,1752975440,4096,8,8,61,991b7180,21.933310502092354,2,85,34.3828125
spectrum,989,1754735120,4096,8,8,60,bf1e2eda,21.956161190988496,4,88,34.921875
spectrum,990,1756495440,4096,8,8,72,65c46ce7,21.97728809399996,4,108,40.68359375
spectrum,991,1758255120,4096,8,8,61,95a4ed9c,21.999236348085105,1,110,42.701171875
spectrum,992,1760015680,4096,8,8,62,cd079f2f,22.02286152902525,4,106,39.26171875
spectrum,993,1761775440,4096,8,8,60,de92e21e,22.043290044064634,5,84,34.234375
spectrum,994,1763535680,4096,8,8,60,ba170703,22.065394453005865,5,86,34.1875
spectrum,995,1765295440,4096,8,8,61,f0aadc89,22.087717646034434,1,114,42.2109375
spectrum,996,1767055440,4096,8,8,60,9fcfcb89,22.110297042061575,4,110,40.576171875
spectrum,997,1768895680,4096,8,8,72,b9d8556a,22.132280122023076,4,120,44.978515625
spectrum,998,1770655120,4096,8,8,60,b3e0bb65,22.155180705012754,4,89,34.640625
spectrum,999,1772415440,4096,8,8,62,8cca103b,22.177847245009616,0,89,35.501953125
spectrum,1000,1774175120,4096,8,8,62,fa046de2,22.19821053708438,2,106,37.857421875
spectrum,1001,1775935120,4096,8,8,30,841764ee,22.221217359998263,4,117,36.568359375
spectrum,1002,1777775440,4096,8,8,62,2cda9d56,22.24322281300556,3,92,35.3984375
spectrum,1003,1779536640,4096,8,8,59,8c5e8c50,22.265632739057764,0,110,37.353515625
spectrum,1004,1781295440,4096,8,8,61,c0b64b62,22.287218128098175,1,89,34.451171875
spectrum,1005,1783055440,4096,8,8,62,fdd18e4e,22.30925473908428,3,108,39.83203125
spectrum,1006,1784815440,4096,8,8,61,7bbd53b6,22.331376822083257,3,107,39.4375
spectrum,1007,1786575120,4096,8,8,60,5417683a,22.354237970081158,0,109,42.134765625
spectrum,1008,1788415440,4096,8,8,59,d0317c04,22.376385361072607,4,90,34.44921875
spectrum,1009,1790175120,4096,8,8,36,bfe6c977,22.398751103086397,3,113,35.728515625
spectrum,1010,1791935120,4096,8,8,61,4693218f,22.421250348095782,4,113,36.8515625
spectrum,1011,1793775680,4096,8,8,62,454bdea7,22.443375106086023,4,105,37.98828125
spectrum,1012,1795535120,4096,8,8,62,a260f978,22.466231645084918,5,101,48.6171875
spectrum,1013,1797295440,4096,8,8,62,93bd462b,22.488207392045297,2,112,40.349609375
spectrum,1014,1799055440,4096,8,8,63,e14a6486,22.509659569012,10,113,67.12890625
spectrum,1015,1800815680,4096,8,8,62,a72a8a16,22.53223210305441,2,102,37.591796875
spectrum,1016,1802575440,4096,8,8,60,a5072d53,22.55322129605338,5,107,40.12890625
spectrum,1017,1804335680,4096,8,8,60,fe6111ce,22.57537489803508,1,112,41.5703125
spectrum,1018,1806095440,4096,8,8,62,54f828fa,22.59726384107489,5,86,34.68359375
spectrum,1019,1807855440,4096,8,8,61,8f0cff79,22.620882379007526,4,110,38.3359375
spectrum,1020,1809695440,4096,8,8,62,e478268c,22.642458821064793,3,90,35.0390625
spectrum,1021,1811455120,4096,8,8,62,37db9820,22.664314491092227,1,109,38.53515625
spectrum,1022,1813215120,4096,8,8,60,1295787b,22.68621430406347,4,87,34.46484375
spectrum,1023,1814975120,4096,8,8,61,7fe1cca1,22.708250855095685,2,111,43.482421875
spectrum,1024,1816735120,4096,8,8,61,1ceac116,22.731204658048227,4,106,36.521484375
spectrum,1025,1818575680,4096,8,8,61,55ef7815,22.753180144005455,0,97,34.546875
spectrum,1026,1820335120,4096,8,8,36,d31a89f3,22.776147603057325,0,102,36.947265625
spectrum,1027,1822095440,4096,8,8,60,fb87b655,22.797220905078575,1,101,37.40234375
spectrum,1028,1823855120,4096,8,8,60,75bb1e79,22.819226518040523,0,102,36.6015625
spectrum,1029,1825615680,4096,8,8,59,af059bfa,22.841354211093858,4,117,44.716796875
spectrum,1030,1827375440,4096,8,8,61,2f23783f,22.864570630015805,3,97,35.353515625
spectrum,1031,1829135440,4096,8,8,60,5da001f5,22.885439717094414,3,89,34.220703125
spectrum,1032,1830895120,4096,8,8,59,1fadb0fa,22.907249450101517,4,91,33.833984375
spectrum,1033,1832655120,4096,8,8,60,d2122fbc,22.930351162096485,0,114,36.669921875
spectrum,1034,1834495680,4096,8,8,72,27db376d,22.95227498107124,2,113,43.638671875
spectrum,1035,1836255120,4096,8,8,72,76c8fdff,22.97517897002399,4,113,42.462890625
spectrum,1036,1838015440,4096,8,8,72,4f113dc2,22.99623169307597,0,131,47.201171875
spectrum,1037,1839775120,4096,8,8,72,7c098caa,23.018268936080858,2,113,43.296875
spectrum,1038,1841535120,4096,8,8,32,4adc4809,23.041190328076482,4,120,36.857421875
spectrum,1039,1843375440,4096,8,8,62,2882617c,23.063244641991332,0,97,35.36328125
spectrum,1040,1845135680,4096,8,8,61,1a3832ba,23.085424744989723,1,95,33.939453125
spectrum,1041,1846895440,4096,8,8,60,e53b59d7,23.107220281031914,4,111,43.107421875
spectrum,1042,1848655440,4096,8,8,62,fcf18e56,23.13013339706231,0,107,39.16015625
spectrum,1043,1850415440,4096,8,8,61,38d96dab,23.151398421032354,2,96,35.46875
spectrum,1044,1852255120,4096,8,8,60,b0c50fe8,23.17514895903878,5,117,40.08984375
spectrum,1045,1854015680,4096,8,8,61,571fd238,23.196203285013326,1,99,34.75
spectrum,1046,1855775120,4096,8,8,61,516032ee,23.2182315409882,3,103,34.796875
spectrum,1047,1857535120,4096,8,8,61,f96e92c4,23.24117152800318,3,111,36.005859375
spectrum,1048,1859375440,4096,8,8,61,69c90b46,23.263204613002017,2,96,34.5390625
spectrum,1049,1861135120,4096,8,8,61,69daddbb,23.286147185019217,1,86,34.041015625
spectrum,1050,1862895440,4096,8,8,60,bb46c7df,23.307190601015463,1,107,42.0390625
spectrum,1051,1864655120,4096,8,8,62,58bc2bdc,23.330832152045332,2,89,35.162109375
spectrum,1052,1866415680,4096,8,8,60,ae6d3aca,23.352295281016268,13,123,76.328125
spectrum,1053,1868255440,4096,8,8,60,590631a2,23.37467785505578,3,111,43.95703125
spectrum,1054,1870015680,4096,8,8,64,be456c9b,23.39638664701488,2,92,35.314453125
spectrum,1055,1871776640,4096,8,8,60,094e658c,23.418407699093223,0,105,37.3515625
spectrum,1056,1873615440,4096,8,8,60,d32eba81,23.441981153097004,2,100,36.330078125
spectrum,1057,1875455680,4096,8,8,30,43b9ecfe,23.4651697690133,3,121,34.716796875
spectrum,1058,1877296000,4096,8,8,60,cb047cc7,23.488186531001702,0,108,37.125
spectrum,1059,1879135440,4096,8,8,61,0e7b686d,23.510305979056284,2,88,34.369140625
spectrum,1060,1880895120,4096,8,8,60,81dc21c3,23.53225215000566,4,104,38.80859375
spectrum,1061,1882655680,4096,8,8,62,b45b7752,23.554367439006455,4,87,34.873046875
spectrum,1062,1884415440,4096,8,8,72,876c04d8,23.57670033001341,5,113,44.0546875
spectrum,1063,1886175440,4096,8,8,63,e04e305a,23.598522907006554,5,93,36.447265625
spectrum,1064,1887935120,4096,8,8,63,aafa617d,23.620418101083487,2,92,36.37890625
spectrum,1065,1889695120,4096,8,8,60,2a479693,23.643295460031368,2,108,36.697265625
spectrum,1066,1891455440,4096,8,8,62,90551d85,23.664386416086927,2,92,34.912109375
spectrum,1067,1893215120,4096,8,8,61,a08ccc6d,23.687180638080463,2,114,39.84375
spectrum,1068,1895055440,4096,8,8,72,fbd95834,23.709223150042817,2,103,39.490234375
spectrum,1069,1896815120,4096,8,8,61,b99461c1,23.73121317406185,4,92,34.1171875
spectrum,1070,1898575120,4096,8,8,61,4f34ddd2,23.754187736078165,5,112,36.544921875
spectrum,1071,1900415680,4096,8,8,60,974220e3,23.776358200004324,1,89,34.7109375
spectrum,1072,1902175120,4096,8,8,62,dc6892d8,23.79915522702504,3,111,39.3828125
spectrum,1073,1903935440,4096,8,8,33,978e268b,23.82042217499111,5,115,39.908203125
spectrum,1074,1905695120,4096,8,8,63,9e853a75,23.842248980072327,4,92,36.984375
spectrum,1075,1907456000,4096,8,8,61,f7aa8a6a,23.86435402103234,2,91,34.568359375
spectrum,1076,1909215440,4096,8,8,63,ddb39cee,23.886196485022083,4,102,40.34375
spectrum,1077,1910975440,4096,8,8,62,4dc9cd11,23.908358704065904,0,95,34.64453125
spectrum,1078,1912735120,4096,8,8,61,8f528b34,23.930214885040186,3,87,34.48828125
spectrum,1079,1914495120,4096,8,8,72,2cae16b6,23.952958531095646,3,110,40.044921875
spectrum,1080,1916335440,4096,8,8,62,ab89877f,23.97534953104332,0,96,35.142578125
spectrum,1081,1918095120,4096,8,8,63,df61b223,23.998154363012873,1,104,38.01953125
spectrum,1082,1919855680,4096,8,8,61,9fc82afa,24.019225091091357,2,88,35.015625
spectrum,1083,1921615120,4096,8,8,62,cd871581,24.041209654067643,3,89,35.427734375
spectrum,1084,1923375120,4096,8,8,30,6e85b9ad,24.064185469062068,3,106,35.826171875
spectrum,1085,1925215440,4096,8,8,60,4be6d60e,24.086233391077258,1,115,40.919921875
spectrum,1086,1926976640,4096,8,8,64,ca609545,24.10847034107428,3,93,36.80859375
spectrum,1087,1928735440,4096,8,8,64,0c9c4dfc,24.130600529024377,2,95,37.2109375
spectrum,1088,1930495440,4096,8,8,62,e17bb043,24.153481124085374,5,106,39.94140625
spectrum,1089,1932255440,4096,8,8,60,dce17d86,24.174388573039323,1,104,37.31640625
spectrum,1090,1934015120,4096,8,8,61,696fc9e8,24.19721555709839,0,102,37.83984375
spectrum,1091,1935775440,4096,8,8,63,a9bc307c,24.218382215010934,4,91,35.203125
spectrum,1092,1937615120,4096,8,8,64,d07728fb,24.24127913103439,2,94,37.021484375
spectrum,1093,1939375120,4096,8,8,64,959ee135,24.264195614028722,2,106,36.830078125
spectrum,1094,1941215680,4096,8,8,62,0cb7a073,24.28623481001705,4,87,34.755859375
spectrum,1095,1942975120,4096,8,8,60,24007768,24.30920442310162,5,102,36.99609375
spectrum,1096,1944735440,4096,8,8,60,5a5d0d22,24.330249241087586,4,103,37.935546875
spectrum,1097,1946495120,4096,8,8,62,a4f1ef1f,24.353459589066915,1,91,35.470703125
spectrum,1098,1948255680,4096,8,8,60,c543ba90,24.375127384089865,4,116,38.466796875
spectrum,1099,1950095440,4096,8,8,62,292e5cdb,24.397279473021626,0,92,35.576171875
spectrum,1100,1951855680,4096,8,8,60,29448a2d,24.41923964000307,4,87,34.263671875
spectrum,1101,1953615440,4096,8,8,60,64d4eeca,24.441393523011357,3,104,42.720703125
spectrum,1102,1955375440,4096,8,8,60,d9f62ee3,24.46420346503146,2,104,35.701171875
spectrum,1103,1957135440,4096,8,8,62,82827696,24.48575516010169,4,97,35.638671875
spectrum,1104,1958975120,4096,8,8,72,0259115d,24.50943644705694,5,107,40.916015625
spectrum,1105,1960735680,4096,8,8,61,190781cd,24.530251311021857,1,91,34.705078125
spectrum,1106,1962495120,4096,8,8,62,748e2cf6,24.55326848407276,4,104,37.271484375
spectrum,1107,1964335440,4096,8,8,30,29bfacba,24.577368482016027,1,120,36.568359375
spectrum,1108,1966175680,4096,8,8,61,72b98170,24.5987730800407,3,90,35.53125
spectrum,1109,1967936640,4096,8,8,59,fb62eb9e,24.620671971002594,1,113,38.83984375
spectrum,1110,1969695440,4096,8,8,61,d379aaea,24.642290082061663,4,110,37.275390625
spectrum,1111,1971455440,4096,8,8,60,30dabcc8,24.664547651074827,0,109,35.859375
spectrum,1112,1973215440,4096,8,8,60,7b803275,24.687313840026036,2,89,34.30078125
spectrum,1113,1974975120,4096,8,8,61,3c8acbeb,24.708539299084805,1,108,37.703125
spectrum,1114,1976735440,4096,8,8,71,816e3b62,24.731249723001383,3,117,39.4609375
spectrum,1115,1978495440,4096,8,8,63,a310c03e,24.75366867601406,3,85,34.892578125
spectrum,1116,1980255120,4096,8,8,60,bc7d7388,24.77526583801955,4,117,35.212890625
spectrum,1117,1982095680,4096,8,8,61,381b271f,24.797460948000662,1,88,34.927734375
spectrum,1118,1983855120,4096,8,8,61,462ec8e7,24.82017377601005,4,90,35.3828125
spectrum,1119,1985615440,4096,8,8,60,529eaac3,24.841539451037534,3,83,33.744140625
spectrum,1120,1987375120,4096,8,8,60,71a3e9e3,24.86328388005495,5,107,40.955078125
spectrum,1121,1989135680,4096,8,8,60,97166f7d,24.886282528052106,5,108,37.291015625
spectrum,1122,1990895440,4096,8,8,61,9396dffa,24.908001290052198,3,86,34.435546875
spectrum,1123,1992655680,4096,8,8,60,0f09d004,24.930586587055586,2,119,43.703125
spectrum,1124,1994415440,4096,8,8,61,9cb066da,24.951971999020316,5,93,34.740234375
spectrum,1125,1996175440,4096,8,8,61,b00fc94e,24.97384980006609,0,88,33.900390625
spectrum,1126,1997935440,4096,8,8,72,1297a72f,24.995279796072282,0,119,41.376953125
spectrum,1127,1999695120,4096,8,8,60,58bc47a9,25.018252404988743,2,102,37.712890625
spectrum,1128,2001535440,4096,8,8,64,3aab7521,25.040239653084427,2,93,36.3359375
spectrum,1129,2003295120,4096,8,8,60,a4eed146,25.06231379508972,3,85,33.73828125
spectrum,1130,2005055120,4096,8,8,60,65b9f7dd,25.085296262055635,0,114,38.30859375
spectrum,1131,2006895680,4096,8,8,60,f9d9435a,25.107267670100555,0,111,42.509765625
spectrum,1132,2008655120,4096,8,8,64,f5890dfb,25.13016028807033,3,101,38.357421875
spectrum,1133,2010415440,4096,8,8,62,e6e0459f,25.151261092047207,2,89,35.484375
spectrum,1134,2012175120,4096,8,8,62,d233ea02,25.173199999029748,4,110,41.18359375
spectrum,1135,2013935680,4096,8,8,59,c8d13812,25.1962715650443,4,117,38.56640625
spectrum,1136,2015775440,4096,8,8,59,dd3656da,25.218389440095052,4,112,38.302734375
spectrum,1137,2017535440,4096,8,8,61,d7a91df1,25.24029689701274,4,90,35.333984375
spectrum,1138,2019295120,4096,8,8,60,4c9cb5c8,25.26479572802782,2,84,34.013671875
spectrum,1139,2021055120,4096,8,8,60,14d75daa,25.28500652103685,0,107,35.78515625
spectrum,1140,2022895440,4096,8,8,60,7295e0d6,25.307581028086133,3,104,40.88671875
spectrum,1141,2024655120,4096,8,8,72,aeceef18,25.330221440060996,3,110,39.66796875
spectrum,1142,2026415680,4096,8,8,61,5da8fe64,25.35123680299148,0,96,34.8359375
spectrum,1143,2028175120,4096,8,8,61,7f3e88b1,25.3731970700901,1,93,33.84375
spectrum,1144,2029935120,4096,8,8,31,56f56367,25.39618619007524,3,122,36.427734375
spectrum,1145,2031775440,4096,8,8,59,81177e9e,25.418271102011204,3,86,33.87109375
spectrum,1146,2033535680,4096,8,8,62,a53c5e6c,25.440253511071205,2,95,35.666015625
spectrum,1147,2035295440,4096,8,8,60,b7970578,25.462764398078434,4,108,43.587890625
spectrum,1148,2037055440,4096,8,8,61,0ea2db7d,25.484369885060005,3,106,36.56640625
spectrum,1149,2038815440,4096,8,8,60,9075ac1f,25.506270620040596,5,118,36.39453125
spectrum,1150,2040575120,4096,8,8,60,0b226a40,25.529282894101925,5,90,34.103515625
spectrum,1151,2042335440,4096,8,8,62,d513aef1,25.550459451042116,4,90,35.169921875
spectrum,1152,2044095120,4096,8,8,62,0fb1bae3,25.57223774504382,4,88,35.296875
spectrum,1153,2045855120,4096,8,8,61,e214b889,25.595259647001512,3,114,42.099609375
spectrum,1154,2047695680,4096,8,8,60,6dd08c70,25.617258527083322,4,104,39.6875
spectrum,1155,2049455120,4096,8,8,60,1779bdd6,25.640183555078693,2,120,44.568359375
spectrum,1156,2051215440,4096,8,8,72,2998eaf9,25.662393745034933,4,110,40.154296875
spectrum,1157,2052975440,4096,8,8,62,4ad7a660,25.683256129035726,4,92,35.755859375
spectrum,1158,2054735680,4096,8,8,63,e5253b79,25.706193801015615,2,92,37.1796875
spectrum,1159,2056495440,4096,8,8,64,6c1e38db,25.727238780003972,2,92,34.73828125
spectrum,1160,2058255680,4096,8,8,62,46483897,25.749251677072607,3,91,36.01171875
spectrum,1161,2060015440,4096,8,8,62,18eaa213,25.771380993071944,1,110,39.451171875
spectrum,1162,2061775440,4096,8,8,64,5b494432,25.794176727999,4,108,38.15234375
spectrum,1163,2063535680,4096,8,8,60,a05870eb,25.815387941082008,3,95,34.38671875
spectrum,1164,2065376320,4096,8,8,61,59e64f40,25.839155541034415,4,103,37.37109375
spectrum,1165,2067135440,4096,8,8,61,40a910b5,25.86115333903581,1,92,35.48828125
spectrum,1166,2068895440,4096,8,8,63,90f1213c,25.882227894035168,0,98,36.392578125
spectrum,1167,2070655120,4096,8,8,63,b945cf64,25.905186836025678,2,89,34.794921875
spectrum,1168,2072495440,4096,8,8,63,ada2ccde,25.92723680299241,4,97,36.59765625
spectrum,1169,2074255120,4096,8,8,63,52816df5,25.949384965002537,4,112,40.771484375
spectrum,1170,2076015440,4096,8,8,60,41b70c49,25.971155564067885,3,90,34.72265625
spectrum,1171,2077775120,4096,8,8,61,c2f350d8,25.99315713904798,3,88,33.84765625
spectrum,1172,2079535680,4096,8,8,62,dadd2fb8,26.016191925038584,4,118,38.814453125
spectrum,1173,2081375440,4096,8,8,60,71d28697,26.038401553058065,4,85,34.060546875
spectrum,1174,2083135440,4096,8,8,72,775f02de,26.06025642203167,5,114,44.90625
spectrum,1175,2084895120,4096,8,8,62,1dd1d845,26.082231006002985,2,96,35.28515625
spectrum,1176,2086656960,4096,8,8,61,f0724e82,26.105308954021893,4,110,37.455078125
spectrum,1177,2088495440,4096,8,8,72,0ba9a572,26.127263149013743,5,119,44.4609375
spectrum,1178,2090255120,4096,8,8,59,5dab3f2c,26.150226541096345,0,100,37.572265625
spectrum,1179,2092015440,4096,8,8,63,5f3eef1b,26.171250550076365,5,105,41.025390625
spectrum,1180,2093775120,4096,8,8,72,a543e9d5,26.193251454038545,4,112,45.50390625
spectrum,1181,2095535120,4096,8,8,62,4af3a9d1,26.216222660033964,1,119,36.953125
spectrum,1182,2097375440,4096,8,8,59,b3bc41ba,26.238245846005157,3,95,35.546875
spectrum,1183,2099135680,4096,8,8,61,23a7f6a1,26.260356657090597,1,99,34.716796875
spectrum,1184,2100895440,4096,8,8,61,34816de5,26.282248886069283,2,98,34.958984375
spectrum,1185,2102655440,4096,8,8,62,5fe92569,26.304393411031924,1,106,37.0859375
spectrum,1186,2104415440,4096,8,8,61,cf50bea6,26.327188163995743,0,84,34.0390625
spectrum,1187,2106175440,4096,8,8,60,2f002758,26.34928548010066,2,91,34.419921875
spectrum,1188,2108015440,4096,8,8,60,10b60721,26.371470692101866,2,117,44.142578125
spectrum,1189,2109776000,4096,8,8,61,4b8aad19,26.394233054015785,4,94,35.423828125
spectrum,1190,2111535440,4096,8,8,60,32b58534,26.416249687084928,0,106,37.828125
spectrum,1191,2113375440,4096,8,8,72,0ed57a05,26.438229511026293,4,109,40.76953125
spectrum,1192,2115135680,4096,8,8,63,4b531c6c,26.4612192530185,7,110,44.240234375
spectrum,1193,2116975440,4096,8,8,61,88e40631,26.48326365905814,0,92,34.650390625
spectrum,1194,2118735680,4096,8,8,61,703f0213,26.5052682190435,1,95,34.34765625
spectrum,1195,2120496240,4096,8,8,34,0e86bdb0,26.527278381050564,4,109,37.7421875
spectrum,1196,2122255120,4096,8,8,60,1037dcb0,26.549287360045128,4,107,40.861328125
spectrum,1197,2124015680,4096,8,8,60,a926f9cb,26.571245243074372,2,103,37.083984375
spectrum,1198,2125775440,4096,8,8,60,4fdd3b96,26.59325005405117,3,106,42.849609375
spectrum,1199,2127535440,4096,8,8,60,944fc683,26.61613208206836,2,107,35.91015625
spectrum,1200,2129375440,4096,8,8,60,1097c159,26.638248724048026,0,92,34.361328125
spectrum,1201,2131135120,4096,8,8,72,3885ab82,26.661286605987698,1,109,42.6328125
spectrum,1202,2132895680,4096,8,8,64,968e2b2f,26.682312568998896,1,91,34.474609375
spectrum,1203,2134655120,4096,8,8,60,d6b960e2,26.705672680051066,3,114,44.376953125
spectrum,1204,2136415120,4096,8,8,27,72946d58,26.727228353032842,2,112,37.20703125
spectrum,1205,2138255440,4096,8,8,60,6f6a4e44,26.74923588905949,1,89,35.404296875
spectrum,1206,2140015680,4096,8,8,28,0b85d75b,26.771237084059976,10,128,66.1484375
spectrum,1207,2141775440,4096,8,8,60,4a661281,26.793336583999917,2,129,41.8828125
spectrum,1208,2143535440,4096,8,8,61,93b2f651,26.815397632075474,1,107,36.451171875
spectrum,1209,2145295440,4096,8,8,30,981daa56,26.83887653599959,1,115,36.62890625
spectrum,1210,2147135440,4096,8,8,61,0a271466,26.86042676900979,4,113,43.064453125
spectrum,1211,2148895440,4096,8,8,62,9da7a9a9,26.88226103899069,0,116,43.2421875
spectrum,1212,2150656960,4096,8,8,60,168fdf26,26.905383841018192,2,96,37.306640625
spectrum,1213,2152415440,4096,8,8,61,4f9b1416,26.927390967030078,3,94,34.33984375
spectrum,1214,2154255440,4096,8,8,60,70dcb794,26.950281641096808,3,92,34.201171875
spectrum,1215,2156015440,4096,8,8,61,d2c5a37c,26.972864162991755,1,95,34.744140625
spectrum,1216,2157855440,4096,8,8,59,ba965f27,26.995029998011887,2,109,44.0078125
spectrum,1217,2159615120,4096,8,8,64,1335717c,27.016279273084365,2,98,36.81640625
spectrum,1218,2161375680,4096,8,8,60,c61da70a,27.03925337502733,5,116,37.125
spectrum,1219,2163215440,4096,8,8,60,e608f5f6,27.0615741830552,1,86,34.21484375
spectrum,1220,2164975440,4096,8,8,61,73aa24c0,27.08364009903744,0,90,34.18359375
spectrum,1221,2166735120,4096,8,8,63,f500faf4,27.106669856002554,2,90,36.126953125
spectrum,1222,2168495120,4096,8,8,63,c62d6915,27.128267168067396,5,105,38.017578125
spectrum,1223,2170255440,4096,8,8,33,aa09794d,27.14982361206785,7,115,43.72265625
spectrum,1224,2172015120,4096,8,8,62,cbb1b213,27.172254278091714,4,87,35.060546875
spectrum,1225,2173775680,4096,8,8,63,bf08cfc4,27.19345109409187,2,91,36.611328125
spectrum,1226,2175535120,4096,8,8,63,d9436b45,27.215283660101704,0,92,34.51171875
spectrum,1227,2177295120,4096,8,8,72,18cd9400,27.238218758022413,5,97,37.443359375
spectrum,1228,2179135440,4096,8,8,61,7b13c4cb,27.260582096059807,4,111,52.13671875
spectrum,1229,2180900160,4096,8,8,60,6a5bbfca,27.284658038057387,4,108,42.03125
spectrum,1230,2182655440,4096,8,8,60,1335d31c,27.30443148605991,2,123,34.36328125
spectrum,1231,2184415440,4096,8,8,63,048243d7,27.32706814003177,3,93,36.103515625
spectrum,1232,2186175440,4096,8,8,63,40da9f02,27.348278591991402,4,109,38.119140625
spectrum,1233,2187935120,4096,8,8,62,00d3c987,27.370448946021497,0,90,35.78125
spectrum,1234,2189695440,4096,8,8,62,089dac43,27.392516305088066,3,92,35.4296875
spectrum,1235,2191455120,4096,8,8,62,d5c306a2,27.415251766098663,1,94,35.115234375
spectrum,1236,2193215120,4096,8,8,60,8fdf9e9e,27.437303817016073,4,109,40.779296875
spectrum,1237,2195055680,4096,8,8,60,c4db6a26,27.45964171702508,5,89,35.69140625
spectrum,1238,2196815120,4096,8,8,61,d789ad8c,27.48142941808328,4,83,33.775390625
spectrum,1239,2198575440,4096,8,8,60,47b4438a,27.503304955083877,4,103,37.40625
spectrum,1240,2200335120,4096,8,8,60,92a0a057,27.52536394901108,0,86,34.328125
spectrum,1241,2202096640,4096,8,8,60,ec51a496,27.548256927053444,3,113,42.63671875
spectrum,1242,2203855440,4096,8,8,60,c00b3e03,27.56932232505642,17,141,61.91015625
spectrum,1243,2205615680,4096,8,8,62,ca934624,27.592253766022623,1,95,34.98046875
spectrum,1244,2207375440,4096,8,8,60,8d28b096,27.61323782999534,3,87,33.841796875
spectrum,1245,2209135440,4096,8,8,60,f362f39c,27.635499967029318,3,105,38.4921875
spectrum,1246,2210895440,4096,8,8,29,7afcbfe1,27.65831525903195,1,112,37.953125
spectrum,1247,2212655440,4096,8,8,60,009af253,27.679935684078373,7,138,63.390625
spectrum,1248,2214495440,4096,8,8,61,e4294644,27.702289635082707,4,108,36.38671875
spectrum,1249,2216255120,4096,8,8,60,9c936778,27.72962625406217,4,144,40.244140625
spectrum,1250,2218015680,4096,8,8,45,a488849a,27.747254310990684,3,114,39.37109375
spectrum,1251,2219855440,4096,8,8,60,7b2a7acf,27.77098831802141,4,133,36.453125
spectrum,1252,2221615120,4096,8,8,60,e0cb93c9,27.791465194080956,4,84,33.513671875
spectrum,1253,2223375440,4096,8,8,60,5e3ef7e7,27.813247375073843,4,97,38.224609375
spectrum,1254,2225135120,4096,8,8,62,0596cb85,27.83545864606276,2,107,38.53125
spectrum,1255,2226895440,4096,8,8,60,24352e63,27.858305867994204,3,115,36.798828125
spectrum,1256,2228735440,4096,8,8,61,73d90792,27.88028370810207,4,86,34.732421875
spectrum,1257,2230495680,4096,8,8,61,390f0da6,27.902297527063638,5,132,52.81640625
spectrum,1258,2232255440,4096,8,8,39,65f52c10,27.925295463064685,2,131,39.830078125
spectrum,1259,2234015120,4096,8,8,60,fbf4898c,27.947261772002093,0,109,38.869140625
spectrum,1260,2235855440,4096,8,8,60,461d6232,27.969267786014825,4,109,36.67578125
spectrum,1261,2237615120,4096,8,8,62,7a38fcc1,27.991668114089407,3,90,35.0546875
spectrum,1262,2239375680,4096,8,8,60,7ffce10c,28.013281775987707,2,102,37.431640625
spectrum,1263,2241135120,4096,8,8,60,7eab6550,28.038068150053732,4,85,34.3671875
spectrum,1264,2242895120,4096,8,8,29,79ee5774,28.059157002018765,3,112,38.158203125
spectrum,1265,2244735440,4096,8,8,60,3c40a415,28.08068945107516,0,90,35.5234375
spectrum,1266,2246496640,4096,8,8,60,437cc517,28.102286813082173,4,134,38.333984375
spectrum,1267,2248255440,4096,8,8,60,c3cd4718,28.124301714007743,34,145,74.822265625
spectrum,1268,2250015440,4096,8,8,60,1ee0b9a2,28.148358740028925,4,131,38.716796875
spectrum,1269,2251855440,4096,8,8,61,b8b76220,28.169344026013277,1,111,36.82421875
spectrum,1270,2253615120,4096,8,8,61,007ebec8,28.19231481209863,3,93,34.451171875
spectrum,1271,2255375440,4096,8,8,60,671c1cb7,28.214268926996738,0,87,34.91796875
spectrum,1272,2257215440,4096,8,8,60,59f4d37c,28.23643666598946,3,86,34.40625
spectrum,1273,2258975680,4096,8,8,59,36cceda9,28.25928586209193,0,117,36.240234375
spectrum,1274,2260815440,4096,8,8,29,5358fb44,28.281588205019943,5,112,36.912109375
spectrum,1275,2262575440,4096,8,8,61,35361914,28.30587457504589,7,140,38.76953125
spectrum,1276,2264335440,4096,8,8,60,5adb5cfb,28.325242357095703,1,86,35.212890625
spectrum,1277,2266095120,4096,8,8,62,0fdb06ea,28.34727885806933,0,105,37.171875
spectrum,1278,2267855120,4096,8,8,30,7c348a04,28.370351606048644,1,110,39.01953125
spectrum,1279,2269615440,4096,8,8,60,e1c34ea6,28.391337343025953,4,87,34.57421875
spectrum,1280,2271375680,4096,8,8,64,bd83d699,28.413458474096842,4,107,37.873046875
spectrum,1281,2273135440,4096,8,8,60,50c10427,28.43522892310284,4,85,33.80859375
spectrum,1282,2274895440,4096,8,8,60,c69654e3,28.458252428099513,0,104,36.205078125
spectrum,1283,2276655440,4096,8,8,59,f70eeeac,28.480430165072903,5,103,38.169921875
spectrum,1284,2278575440,4096,8,8,60,aec46a60,28.50451033608988,0,111,37.193359375
spectrum,1285,2280423760,4096,8,8,60,eafd5554,28.526455604005605,3,90,34.51171875
spectrum,1286,2282175680,4096,8,8,63,cddff1e3,28.548392247059382,2,87,35.8671875
spectrum,1287,2283935440,4096,8,8,30,ce9f2193,28.570971122011542,12,132,59.34375
spectrum,1288,2285695440,4096,8,8,60,d8dd2baf,28.592264280072413,2,86,34.59375
spectrum,1289,2287456640,4096,8,8,39,28203c1b,28.61432609905023,3,127,38.537109375
spectrum,1290,2289215440,4096,8,8,60,88b936ae,28.636803122004494,2,86,34.021484375
spectrum,1291,2290975440,4096,8,8,61,f28fafdb,28.65864539600443,3,107,38.6015625
spectrum,1292,2292735440,4096,8,8,62,e85b0a73,28.68030037707649,4,93,35.693359375
spectrum,1293,2294495120,4096,8,8,60,a9750e6f,28.70248320500832,5,102,37.48046875
spectrum,1294,2296255440,4096,8,8,29,c5d06153,28.724264424061403,0,127,37.244140625
spectrum,1295,2298015120,4096,8,8,60,07a8e303,28.746224631089717,4,91,34.5234375
spectrum,1296,2299775120,4096,8,8,58,7bc63c22,28.769246222102083,4,106,36.87890625
spectrum,1297,2301615680,4096,8,8,60,1487284b,28.791412058053538,4,106,38.328125
spectrum,1298,2303375440,4096,8,8,60,ebc559fe,28.81524226604961,2,114,39.515625
spectrum,1299,2305215440,4096,8,8,60,1d8dd494,28.836612128070556,2,85,33.6484375
spectrum,1300,2306975120,4096,8,8,61,aded9653,28.858425228041597,3,99,36.9765625
spectrum,1301,2308735440,4096,8,8,63,2c26e2f4,28.881224259035662,1,131,38.28125
spectrum,1302,2310575440,4096,8,8,60,4a3bfd5f,28.904560805065557,4,103,37.310546875
spectrum,1303,2312415440,4096,8,8,61,fa513e1c,28.927253775997087,0,125,35.748046875
spectrum,1304,2314176000,4096,8,8,61,438259e9,28.94925298599992,3,88,35.435546875
spectrum,1305,2315935440,4096,8,8,59,ac421369,28.97170780808665,1,107,36.439453125
spectrum,1306,2317775440,4096,8,8,60,02aa8834,28.9932462280849,2,85,34.240234375
spectrum,1307,2319535120,4096,8,8,60,31610c05,29.01608497404959,4,85,34.56640625
spectrum,1308,2321375440,4096,8,8,59,8f158b07,29.038224240066484,1,88,34.435546875
spectrum,1309,2323135120,4096,8,8,63,7f73ee4b,29.06046975508798,4,131,37.05859375
spectrum,1310,2324895680,4096,8,8,30,8058b191,29.083450039033778,5,141,41.6875
spectrum,1311,2326735440,4096,8,8,60,0649b70c,29.105325396056287,0,84,34.419921875
spectrum,1312,2328495680,4096,8,8,60,e6389dff,29.127273350022733,7,140,44.8828125
spectrum,1313,2330255440,4096,8,8,61,3fb8467f,29.149310131091624,14,142,62.349609375
spectrum,1314,2332015440,4096,8,8,60,f2475a59,29.171337375068106,4,107,36.056640625
spectrum,1315,2333775440,4096,8,8,60,3cf28505,29.193288726033643,4,113,41.1171875
spectrum,1316,2335535120,4096,8,8,60,e71673b2,29.21544265805278,0,89,34.994140625
spectrum,1317,2337295440,4096,8,8,60,d3b67be8,29.23755361000076,6,88,35.728515625
spectrum,1318,2339055120,4096,8,8,59,490f0629,29.259210744989105,4,144,39.978515625
spectrum,1319,2340815120,4096,8,8,60,96c97223,29.28218752203975,2,116,36.5390625
spectrum,1320,2342655440,4096,8,8,60,ae65e608,29.305263857007958,4,89,35.6015625
spectrum,1321,2344415680,4096,8,8,60,76d7d5bc,29.327269149012864,2,137,39.57421875
spectrum,1322,2346255440,4096,8,8,60,e6735140,29.349515536101535,24,151,68.021484375
spectrum,1323,2348015440,4096,8,8,60,48e8bdc1,29.371329868095927,3,86,34.330078125
spectrum,1324,2349775680,4096,8,8,60,a5b671b5,29.39329643698875,4,86,34.876953125
spectrum,1325,2351535440,4096,8,8,60,6705a81e,29.415320725063793,4,98,37.6171875
spectrum,1326,2353295680,4096,8,8,58,e3805e4b,29.437847963068634,8,140,43.6953125
spectrum,1327,2355055440,4096,8,8,60,4f3975bc,29.459303277079016,6,144,40.939453125
spectrum,1328,2356815440,4096,8,8,62,049fd110,29.482244276092388,2,112,37.70703125
spectrum,1329,2358575680,4096,8,8,29,f0dc0c54,29.503694490063936,4,109,41.052734375
spectrum,1330,2360335440,4096,8,8,60,c6df8e2e,29.525478544994257,3,143,42.384765625
spectrum,1331,2362095440,4096,8,8,60,1a40c1a0,29.54717347107362,6,88,35.373046875
spectrum,1332,2363855120,4096,8,8,61,070f60b9,29.56926050700713,7,141,41.98828125
spectrum,1333,2365615120,4096,8,8,60,7d2dfbd0,29.59225354506634,5,105,38.064453125
spectrum,1334,2367455680,4096,8,8,62,42a3002b,29.61423966102302,26,131,61.666015625
spectrum,1335,2369215120,4096,8,8,62,d497daef,29.63650069606956,1,104,36.744140625
spectrum,1336,2370975440,4096,8,8,61,9e0965f3,29.65822298405692,0,87,34.833984375
spectrum,1337,2372735680,4096,8,8,62,edfde9c6,29.680244276998565,1,92,34.53125
spectrum,1338,2374496960,4096,8,8,29,0aaa56a6,29.70588830008637,5,118,37.001953125
spectrum,1339,2376255440,4096,8,8,62,0c92b6fa,29.725248958100565,4,85,34.392578125
spectrum,1340,2378015440,4096,8,8,63,c0c9f9ec,29.746227261028253,1,98,37.947265625
spectrum,1341,2379775120,4096,8,8,62,bc1b7277,29.768227444030344,4,88,34.76171875
spectrum,1342,2381535120,4096,8,8,62,63a3995a,29.7912761970656,3,106,37.810546875
spectrum,1343,2383295440,4096,8,8,60,da57c76b,29.81249665701762,16,147,69.142578125
spectrum,1344,2385055120,4096,8,8,34,02913fca,29.83443161600735,4,108,40.697265625
spectrum,1345,2386815680,4096,8,8,60,f7c95be7,29.857068171026185,3,86,34.302734375
spectrum,1346,2388575680,4096,8,8,60,3a3cf65d,29.87829602509737,0,90,33.708984375
spectrum,1347,2390335440,4096,8,8,30,0e0bf5c0,29.901316174073145,11,142,65.966796875
spectrum,1348,2392175440,4096,8,8,61,c7050a5f,29.92420780006796,4,85,34.234375
spectrum,1349,2393936640,4096,8,8,59,9689580c,29.94527355802711,5,90,34.5078125
spectrum,1350,2395695440,4096,8,8,60,e535bfe7,29.967449071002193,1,84,34.587890625
spectrum,1351,2397455440,4096,8,8,63,6a97f63a,29.991299999062903,6,140,44.814453125
spectrum,1352,2399215440,4096,8,8,60,44b6d6c6,30.011799808009528,1,86,34.359375
spectrum,1353,2400975120,4096,8,8,72,198087a2,30.033494825009257,4,108,39.1171875
spectrum,1354,2402735440,4096,8,8,60,8f812a99,30.056793719995767,4,106,39.091796875
spectrum,1355,2404495120,4096,8,8,59,37ba840e,30.07745663705282,1,101,37.033203125
spectrum,1356,2406255120,4096,8,8,63,ef000a2d,30.100267591071315,3,106,36.43359375
spectrum,1357,2408095680,4096,8,8,61,2ccaaacd,30.122281540068798,3,106,37.12109375
spectrum,1358,2409855120,4096,8,8,60,baee63df,30.144456622074358,5,129,38.673828125
spectrum,1359,2411615440,4096,8,8,61,3d240996,30.166277947020717,3,90,34.59375
spectrum,1360,2413375120,4096,8,8,59,3836f17a,30.18831747409422,4,87,34.453125
spectrum,1361,2415135680,4096,8,8,60,a866474b,30.210885960026644,0,127,37.611328125
spectrum,1362,2416895440,4096,8,8,61,a81a61a7,30.232339390087873,4,87,34.6640625
spectrum,1363,2418655680,4096,8,8,60,2c6bb96c,30.254257097025402,15,141,61.826171875
spectrum,1364,2420415440,4096,8,8,61,a45595e7,30.27628947107587,0,95,35.525390625
spectrum,1365,2422175440,4096,8,8,61,cb21336a,30.298476786003448,3,114,37.185546875
spectrum,1366,2423935440,4096,8,8,60,b1a46799,30.320333458017558,4,87,34.21875
spectrum,1367,2425695120,4096,8,8,61,32427c60,30.342704782029614,0,99,36.80859375
spectrum,1368,2427535440,4096,8,8,63,8a55ae24,30.365489135030657,13,127,47.77734375
spectrum,1369,2429295680,4096,8,8,63,f0c1f3c2,30.387356437044218,1,107,38.3828125
spectrum,1370,2431055120,4096,8,8,35,c2ad6d48,30.410336440079845,3,108,37.544921875
spectrum,1371,2432895440,4096,8,8,63,e8977437,30.43254617799539,2,89,34.14453125
spectrum,1372,2434655120,4096,8,8,60,0c0aa3b0,30.455306716030464,5,86,34.1796875
spectrum,1373,2436415440,4096,8,8,61,1c1620e9,30.47633323003538,4,104,37.728515625
spectrum,1374,2438175120,4096,8,8,61,da05d9d3,30.498283769004047,3,103,37.220703125
spectrum,1375,2439936000,4096,8,8,27,6d96d16c,30.52165600308217,2,121,35.625
spectrum,1376,2441775440,4096,8,8,72,690b183e,30.543434146093205,3,109,39.458984375
spectrum,1377,2443535440,4096,8,8,60,fef336b4,30.56565418408718,5,91,34.619140625
spectrum,1378,2445295120,4096,8,8,60,a64c89c2,30.587421606993303,4,112,37.94140625
spectrum,1379,2447055120,4096,8,8,60,d3b6ccbe,30.610334393102676,4,108,36.6640625
spectrum,1380,2448895440,4096,8,8,62,246d1d55,30.632307994994335,3,86,34.162109375
spectrum,1381,2450655120,4096,8,8,61,8f1f708d,30.654492105008103,5,87,35.171875
spectrum,1382,2452415680,4096,8,8,60,54a15f5b,30.67636719206348,4,128,35.958984375
spectrum,1383,2454175120,4096,8,8,62,91dbb807,30.69828212307766,15,113,65.94921875
spectrum,1384,2455935120,4096,8,8,30,b11e02ee,30.722261273069307,2,107,37.048828125
spectrum,1385,2457775440,4096,8,8,59,58c68564,30.7431973060593,4,85,33.927734375
spectrum,1386,2459535680,4096,8,8,60,7b024ff6,30.765298490063287,3,83,33.841796875
spectrum,1387,2461295440,4096,8,8,62,b0df60c8,30.787112810998224,2,88,34.763671875
spectrum,1388,2463055440,4096,8,8,62,d0c71792,30.80941464402713,4,126,35.560546875
spectrum,1389,2464815440,4096,8,8,60,eee46b8b,30.831270193099044,1,105,36.888671875
spectrum,1390,2466575120,4096,8,8,60,d8ca8abe,30.853352180100046,4,93,35.466796875
spectrum,1391,2468335440,4096,8,8,60,d197a832,30.8754432850983,1,87,34.255859375
spectrum,1392,2470095120,4096,8,8,61,747ef14a,30.89725207607262,1,107,37.623046875
spectrum,1393,2471855120,4096,8,8,59,6a20809c,30.92030944500584,2,114,37.337890625
spectrum,1394,2473696000,4096,8,8,62,9e6259b6,30.942546966020018,12,139,58.00390625
spectrum,1395,2475455440,4096,8,8,72,d203db49,30.964491563034244,5,106,40.572265625
spectrum,1396,2477215440,4096,8,8,60,3aeb65b6,30.98648492305074,17,146,64.39453125
spectrum,1397,2478975440,4096,8,8,62,94d2e701,31.009157916065305,2,88,35.3828125
spectrum,1398,2480735680,4096,8,8,60,470651d9,31.030498714069836,12,141,61.5
spectrum,1399,2482495440,4096,8,8,60,8bfd359b,31.052310170023702,4,106,37.654296875
spectrum,1400,2484255680,4096,8,8,60,97a9ecee,31.074480534065515,10,135,60.818359375
spectrum,1401,2486015440,4096,8,8,59,903630dd,31.096235534059815,13,142,62.681640625
spectrum,1402,2487775120,4096,8,8,60,d83c4c9d,31.119322078069672,4,106,36.326171875
spectrum,1403,2489535440,4096,8,8,30,a40381d7,31.14056662400253,1,116,36.412109375
spectrum,1404,2491375440,4096,8,8,60,b8c97f72,31.16347819706425,4,105,36.947265625
spectrum,1405,2493135680,4096,8,8,60,2491d98a,31.18538162705954,1,86,35.04296875
spectrum,1406,2494895120,4096,8,8,60,775fb5ec,31.207381189102307,1,86,34.056640625
spectrum,1407,2496655120,4096,8,8,62,45818024,31.229340354097076,5,110,38.75390625
spectrum,1408,2498415440,4096,8,8,60,0f632266,31.25121218408458,3,128,33.408203125
spectrum,1409,2500175120,4096,8,8,56,b91d755a,31.273341551073827,0,101,37.16015625
spectrum,1410,2501935440,4096,8,8,60,18de1325,31.29536139103584,0,85,34.80078125
spectrum,1411,2503695120,4096,8,8,61,79b11f07,31.318002423038706,0,87,33.58203125
spectrum,1412,2505456000,4096,8,8,29,e2e6174b,31.340369890094735,2,128,32.76953125
spectrum,1413,2507295440,4096,8,8,60,874c5605,31.362410669098608,3,110,35.896484375
spectrum,1414,2509055440,4096,8,8,58,9ccdb5dd,31.3843405690277,13,141,64.080078125
spectrum,1415,2510815120,4096,8,8,60,b2547578,31.406317057088017,5,128,39.087890625
spectrum,1416,2512575120,4096,8,8,60,c08cc4d9,31.428585916990414,3,108,35.919921875
spectrum,1417,2514335680,4096,8,8,60,e3ecc44e,31.45099761709571,3,90,34.576171875
spectrum,1418,2516095120,4096,8,8,61,d90f74d4,31.47234141000081,3,95,34.92578125
spectrum,1419,2517855440,4096,8,8,62,7133792b,31.494349598069675,5,125,39.11328125
spectrum,1420,2519615120,4096,8,8,60,6b1cc3da,31.516401808010414,0,85,34.37890625
spectrum,1421,2521375120,4096,8,8,59,041acbbe,31.540142707992345,4,127,36.712890625
spectrum,1422,2523215440,4096,8,8,60,de3f9f7e,31.561353640048765,11,133,60.876953125
spectrum,1423,2524976640,4096,8,8,58,0dcd00d6,31.585518741048872,1,92,35.302734375
spectrum,1424,2526735440,4096,8,8,60,880d1fce,31.605737650068477,11,129,48.4140625
spectrum,1425,2528495440,4096,8,8,58,36b713ba,31.627459447016008,4,88,33.466796875
spectrum,1426,2530255440,4096,8,8,63,ce9cbc86,31.649252629023977,21,138,67.537109375
spectrum,1427,2532015120,4096,8,8,72,a9ef0018,31.67149492900353,11,129,52.427734375
spectrum,1428,2533855440,4096,8,8,60,6e4ced98,31.694316392065957,16,131,61.81640625
spectrum,1429,2535615120,4096,8,8,64,5622160f,31.716436612070538,13,130,60.92578125
spectrum,1430,2537375680,4096,8,8,60,6ab4b9e3,31.73931709700264,4,107,36.068359375
spectrum,1431,2539135440,4096,8,8,60,191581bc,31.760249934042804,4,83,34.06640625
spectrum,1432,2540895120,4096,8,8,61,69f3f59a,31.782305250992067,7,144,63.94921875
spectrum,1433,2542655440,4096,8,8,60,dc25fa1b,31.804236894007772,15,144,65.990234375
spectrum,1434,2544415120,4096,8,8,62,335e8c72,31.82636477809865,25,143,73.70703125
spectrum,1435,2546176640,4096,8,8,62,b9b2f008,31.84846084099263,17,131,73.7109375
spectrum,1436,2547935440,4096,8,8,60,5f1c64b5,31.870332391001284,4,114,39.529296875
spectrum,1437,2549695680,4096,8,8,61,f09732bf,31.8923431240255,4,124,40.228515625
spectrum,1438,2551455440,4096,8,8,60,68af429e,31.91429905302357,9,126,55.568359375
spectrum,1439,2553215440,4096,8,8,61,637078db,31.93634891009424,27,143,75.787109375
spectrum,1440,2555055440,4096,8,8,29,d29779f9,31.959484676015563,5,110,37.326171875
spectrum,1441,2556815680,4096,8,8,60,5cfa6843,31.981320078019053,2,126,35.39453125
spectrum,1442,2558575440,4096,8,8,58,45424c92,32.003288942039944,2,86,34.564453125
spectrum,1443,2560335120,4096,8,8,72,a3ddefd2,32.02541260700673,2,108,40.791015625
spectrum,1444,2562095120,4096,8,8,59,9335eab4,32.048277112073265,0,105,36.67578125
spectrum,1445,2563935440,4096,8,8,60,de315461,32.07008803798817,0,85,34.525390625
spectrum,1446,2565695120,4096,8,8,60,0972be5c,32.09232273302041,4,83,33.5546875
spectrum,1447,2567455440,4096,8,8,60,d84aa573,32.114091669092886,0,126,34.798828125
spectrum,1448,2569215120,4096,8,8,61,acb23cbe,32.13642371899914,10,144,65.32421875
spectrum,1449,2570976000,4096,8,8,60,c08a83d0,32.15842239803169,4,91,35.0
spectrum,1450,2572736640,4096,8,8,59,095544d9,32.18026095605455,3,89,34.57421875
spectrum,1451,2574495440,4096,8,8,60,87764e73,32.20233919599559,2,97,37.15625
spectrum,1452,2576335120,4096,8,8,60,52e0f6f3,32.22511326998938,1,85,34.662109375
spectrum,1453,2578095120,4096,8,8,60,7f10fc35,32.2482649970334,2,103,36.470703125
spectrum,1454,2579935680,4096,8,8,60,c681fc98,32.2705043409951,5,89,33.07421875
spectrum,1455,2581695440,4096,8,8,58,0b5885fb,32.293289516004734,4,102,36.859375
spectrum,1456,2583535440,4096,8,8,60,e3745c19,32.315466353087686,11,136,60.03125
spectrum,1457,2585295440,4096,8,8,60,7799ea54,32.337780208094046,4,88,34.091796875
spectrum,1458,2587055440,4096,8,8,37,1357dddd,32.36036127700936,2,129,34.515625
spectrum,1459,2588895680,4096,8,8,60,b5bcd095,32.38234929705504,4,111,37.41015625
spectrum,1460,2590655440,4096,8,8,59,a6c5caf4,32.40449064609129,3,127,32.900390625
spectrum,1461,2592415120,4096,8,8,62,d8bf3022,32.42637465905864,12,136,61.19921875
spectrum,1462,2594175120,4096,8,8,62,71b70cab,32.44833660009317,0,105,36.73828125
spectrum,1463,2595935440,4096,8,8,60,c456de82,32.47034151107073,3,88,34.140625
spectrum,1464,2597775120,4096,8,8,60,95e44049,32.49334877601359,0,85,34.009765625
spectrum,1465,2599535680,4096,8,8,60,486182b9,32.51534129399806,2,88,35.0625
spectrum,1466,2601295120,4096,8,8,57,7ee0ede9,32.53730979701504,4,87,34.41796875
spectrum,1467,2603055120,4096,8,8,60,feae7da0,32.56030890601687,1,108,36.7421875
spectrum,1468,2604895440,4096,8,8,59,d7497762,32.58232346607838,1,85,34.123046875
spectrum,1469,2606655120,4096,8,8,61,9791d646,32.60434788407292,4,86,34.2734375
spectrum,1470,2608415440,4096,8,8,58,55cea45e,32.62675310205668,5,127,43.55859375
spectrum,1471,2610175120,4096,8,8,64,a844d396,32.64831223199144,3,106,38.376953125
spectrum,1472,2611935680,4096,8,8,60,5688ebbf,32.67038957006298,8,106,44.162109375
spectrum,1473,2613695440,4096,8,8,72,66861cd6,32.69234156201128,5,109,38.935546875
spectrum,1474,2615455680,4096,8,8,62,e11b7a1d,32.715886792051606,13,137,62.734375
spectrum,1475,2617215440,4096,8,8,20,37c2b271,32.736340505070984,2,110,37.927734375
spectrum,1476,2619055440,4096,8,8,59,7f86277b,32.760337287094444,3,111,36.52734375
spectrum,1477,2620896000,4096,8,8,27,31eaaa23,32.7828827900812,0,106,38.138671875
spectrum,1478,2622655120,4096,8,8,64,728f3c98,32.80434229201637,4,93,36.509765625
spectrum,1479,2624415440,4096,8,8,60,e450eb52,32.826462321099825,4,126,36.724609375
spectrum,1480,2626175440,4096,8,8,59,49365f5f,32.84831195906736,0,86,33.30078125
spectrum,1481,2627935120,4096,8,8,30,14113c0a,32.87239562603645,4,106,37.58203125
spectrum,1482,2629775440,4096,8,8,61,c7254a20,32.89333510608412,5,108,39.568359375
spectrum,1483,2631536640,4096,8,8,60,19923201,32.915423796046525,3,88,34.009765625
spectrum,1484,2633295440,4096,8,8,61,392dd948,32.93733885802794,4,92,34.828125
spectrum,1485,2635055440,4096,8,8,59,510b54fa,32.95938439609017,2,108,38.298828125
spectrum,1486,2636815440,4096,8,8,29,7a2667e8,32.981439653085545,0,116,36.62109375
spectrum,1487,2638575440,4096,8,8,60,1464d84e,33.00337080506142,4,120,42.0859375
spectrum,1488,2640415440,4096,8,8,60,b9d82e1e,33.02719940000679,10,145,56.62109375
spectrum,1489,2642175120,4096,8,8,62,5b75a677,33.048328478005715,4,89,35.236328125
spectrum,1490,2643935120,4096,8,8,60,5a0b8c69,33.07353914307896,4,106,36.70703125
spectrum,1491,2645775680,4096,8,8,60,6074a26f,33.09335381910205,4,85,33.9609375
spectrum,1492,2647535440,4096,8,8,61,c48bda02,33.11632887204178,5,86,34.33984375
spectrum,1493,2649375440,4096,8,8,57,1d40819a,33.13863779802341,0,114,39.875
spectrum,1494,2651135680,4096,8,8,59,78bbf901,33.16222080006264,4,107,38.345703125
spectrum,1495,2652895440,4096,8,8,59,e82adc24,33.18629316508304,5,115,37.88671875
spectrum,1496,2654735440,4096,8,8,60,62f22e2f,33.20620833104476,4,110,38.994140625
spectrum,1497,2656495680,4096,8,8,60,20bb8c29,33.22729438706301,3,110,39.73828125
spectrum,1498,2658255440,4096,8,8,60,38f79976,33.24939897703007,2,109,36.7578125
spectrum,1499,2660015440,4096,8,8,61,abcb6f6a,33.27151600108482,5,137,42.595703125
spectrum,1500,2661855440,4096,8,8,61,5e435980,33.294432474067435,8,136,61.455078125
spectrum,1501,2663615120,4096,8,8,62,d0203c56,33.31635737407487,10,139,46.58203125
spectrum,1502,2665375680,4096,8,8,61,1bc97db8,33.33832207007799,1,92,33.89453125
spectrum,1503,2667135120,4096,8,8,61,a347a222,33.36036361102015,4,88,35.541015625
spectrum,1504,2668895120,4096,8,8,30,a9be8246,33.38236309203785,9,142,62.392578125
spectrum,1505,2670655440,4096,8,8,62,7ae5c365,33.4043812090531,2,96,35.7734375
spectrum,1506,2672415120,4096,8,8,59,0625e15c,33.4263960190583,4,93,34.083984375
spectrum,1507,2674175440,4096,8,8,61,585db25b,33.44876703200862,0,85,34.7265625
spectrum,1508,2675935120,4096,8,8,61,71384db1,33.47035253199283,4,88,35.06640625
spectrum,1509,2677695440,4096,8,8,60,37b45f88,33.492312999092974,4,90,34.701171875
spectrum,1510,2679455120,4096,8,8,60,4b4a54aa,33.5143681660993,4,125,37.65625
spectrum,1511,2681215440,4096,8,8,60,de7dc4d0,33.536248212098144,0,120,37.341796875
spectrum,1512,2682975120,4096,8,8,60,a87478bd,33.558586353086866,4,108,37.939453125
spectrum,1513,2684735680,4096,8,8,60,110d2557,33.58132575103082,3,108,38.0625
spectrum,1514,2686575440,4096,8,8,29,6c215768,33.603386859060265,1,114,36.78125
spectrum,1515,2688335440,4096,8,8,59,22c74bfe,33.625398834003136,6,143,40.8203125
spectrum,1516,2690095440,4096,8,8,64,921a2136,33.64737066300586,4,90,34.8828125
spectrum,1517,2691855120,4096,8,8,61,6d073de0,33.66933792398777,2,91,34.458984375
spectrum,1518,2693616640,4096,8,8,61,4eb4498f,33.69143500900827,0,89,34.498046875
spectrum,1519,2695375440,4096,8,8,72,631f3eed,33.71380559098907,4,96,37.421875
spectrum,1520,2697135680,4096,8,8,60,a189039b,33.735316039063036,1,86,34.435546875
spectrum,1521,2698895440,4096,8,8,60,c60dcffc,33.757342061027884,5,104,37.2890625
spectrum,1522,2700655440,4096,8,8,62,9eb81e41,33.779468051041476,4,105,36.62890625
spectrum,1523,2702415440,4096,8,8,59,ab18f2ae,33.801311338087544,5,83,33.36328125
spectrum,1524,2704255120,4096,8,8,61,b47860c5,33.825281550060026,5,102,37.060546875
spectrum,1525,2706015680,4096,8,8,60,51b29baf,33.84640533803031,4,130,38.15625
spectrum,1526,2707775120,4096,8,8,58,f64578a3,33.86883974110242,1,100,37.39453125
spectrum,1527,2709535120,4096,8,8,59,f7c0db92,33.890586235094815,3,116,38.091796875
spectrum,1528,2711375440,4096,8,8,62,03e2cbb3,33.91363937605638,0,86,34.048828125
spectrum,1529,2713135120,4096,8,8,37,14525ccb,33.93542888108641,13,118,58.078125
spectrum,1530,2714895440,4096,8,8,60,e10dc628,33.95733970508445,4,88,34.48828125
spectrum,1531,2716655120,4096,8,8,60,63b256cc,33.97934704099316,5,86,33.693359375
spectrum,1532,2718415680,4096,8,8,60,a7eb6df4,34.00135412707459,2,89,34.580078125
spectrum,1533,2720175440,4096,8,8,61,e8e6a09a,34.02338154101744,8,131,46.779296875
spectrum,1534,2721935680,4096,8,8,65,f1c50bc1,34.045254233060405,4,94,35.150390625
spectrum,1535,2723695440,4096,8,8,60,7f23a2a1,34.06722735404037,3,89,34.66015625
spectrum,1536,2725455440,4096,8,8,60,01222eed,34.08950180502143,4,107,38.451171875
spectrum,1537,2727295680,4096,8,8,72,8acca8e7,34.112298762076534,5,114,44.021484375
spectrum,1538,2729055120,4096,8,8,63,0e50beab,34.13435686402954,3,108,39.38671875
spectrum,1539,2730815440,4096,8,8,60,5225bb99,34.15636255801655,7,127,38.732421875
spectrum,1540,2732575440,4096,8,8,61,0c45a437,34.178371417103335,4,112,42.5703125
spectrum,1541,2734335120,4096,8,8,62,eb4df3e4,34.20172116800677,0,122,36.36328125
spectrum,1542,2736175440,4096,8,8,72,80311ddb,34.22385147609748,4,105,41.041015625
spectrum,1543,2737935120,4096,8,8,29,eebf984b,34.24587944103405,8,103,51.171875
spectrum,1544,2739695440,4096,8,8,60,13d30f4b,34.26750229205936,0,93,34.984375
spectrum,1545,2741455120,4096,8,8,60,422cf6d2,34.28935480606742,4,92,34.791015625
spectrum,1546,2743215680,4096,8,8,60,4f68778c,34.311825726996176,0,102,37.66796875
spectrum,1547,2744975440,4096,8,8,60,0ff86aa8,34.33339215104934,1,88,34.93359375
spectrum,1548,2746815440,4096,8,8,60,092b7c79,34.35628048109356,17,147,64.744140625
spectrum,1549,2748575120,4096,8,8,58,062b5215,34.37832361506298,3,114,44.763671875
spectrum,1550,2750335120,4096,8,8,61,9721c46c,34.400509698083624,4,114,42.71484375
spectrum,1551,2752176000,4096,8,8,61,58170425,34.42329486308154,2,106,37.455078125
spectrum,1552,2753935120,4096,8,8,60,5775408d,34.445378183037974,2,89,34.990234375
spectrum,1553,2755695440,4096,8,8,59,0f37348e,34.46735323802568,4,100,38.26171875
spectrum,1554,2757455120,4096,8,8,62,9515e931,34.48935326107312,0,91,34.681640625
spectrum,1555,2759215680,4096,8,8,59,c03acea4,34.51134166109841,0,89,35.81640625
spectrum,1556,2760975440,4096,8,8,61,131bc700,34.533313199994154,0,90,34.775390625
spectrum,1557,2762735680,4096,8,8,60,0ccd4b80,34.55531238100957,5,89,35.3515625
spectrum,1558,2764495440,4096,8,8,60,1f0ec2ab,34.5773618160747,4,86,35.873046875
spectrum,1559,2766255440,4096,8,8,59,8a1a1639,34.599388539092615,1,107,35.509765625
spectrum,1560,2768095440,4096,8,8,60,76af8c9b,34.622382909059525,5,102,37.201171875
spectrum,1561,2769855120,4096,8,8,72,94777272,34.644326625042595,1,112,38.357421875
spectrum,1562,2771615680,4096,8,8,60,9dccb977,34.666340414085425,17,146,61.640625
spectrum,1563,2773375120,4096,8,8,57,33af2222,34.689367184997536,4,111,39.861328125
spectrum,1564,2775215440,4096,8,8,62,a551d94e,34.7132490510121,2,107,39.677734375
spectrum,1565,2777055440,4096,8,8,62,ebc978cd,34.734351909020916,2,85,34.87890625
spectrum,1566,2778815440,4096,8,8,59,ba1cce90,34.75634192302823,4,87,34.26171875
spectrum,1567,2780575680,4096,8,8,60,e29e9b9c,34.77835864701774,4,98,37.525390625
spectrum,1568,2782335440,4096,8,8,60,4381fae2,34.80032817204483,4,115,39.818359375
spectrum,1569,2784095440,4096,8,8,30,723bbbbc,34.82332834310364,0,110,38.40234375
spectrum,1570,2785935440,4096,8,8,61,62586d7f,34.84535167901777,1,87,34.8828125
spectrum,1571,2787695440,4096,8,8,61,326b2079,34.867115796078,4,110,36.689453125
spectrum,1572,2789455120,4096,8,8,60,023198e9,34.88933578401338,0,113,40.748046875
spectrum,1573,2791215120,4096,8,8,60,9362ece4,34.911492011044174,5,133,39.181640625
spectrum,1574,2793055680,4096,8,8,62,90eaaa52,34.93438920809422,5,105,38.107421875
spectrum,1575,2794815120,4096,8,8,60,6dd0f01e,34.95657504105475,1,103,37.99609375
spectrum,1576,2796575440,4096,8,8,62,31315afb,34.97831500309985,0,97,35.15625
spectrum,1577,2798335120,4096,8,8,60,6f4ded9c,35.00033437204547,1,94,35.001953125
spectrum,1578,2800096640,4096,8,8,60,b8f58478,35.02431790006813,2,115,37.74609375
spectrum,1579,2802015440,4096,8,8,65,3984a057,35.04632943402976,25,144,70.501953125
spectrum,1580,2803775680,4096,8,8,60,490cdece,35.06830834608991,1,93,34.029296875
spectrum,1581,2805535440,4096,8,8,59,478f9265,35.090283221099526,2,88,35.52734375
spectrum,1582,2807295120,4096,8,8,60,f92eeeb6,35.11232455202844,4,107,36.41796875
spectrum,1583,2809055440,4096,8,8,62,15521df9,35.13422693009488,15,140,64.224609375
spectrum,1584,2810895120,4096,8,8,61,61677263,35.15750280208886,3,108,37.681640625
spectrum,1585,2812655680,4096,8,8,60,a8a4186a,35.179426991031505,2,128,34.279296875
spectrum,1586,2814415120,4096,8,8,30,46ea48d7,35.20152189210057,15,139,64.72265625
spectrum,1587,2816175120,4096,8,8,39,8ad8134f,35.225101878051646,1,127,37.3671875
spectrum,1588,2818015440,4096,8,8,60,242fdf07,35.24634859804064,28,139,69.46484375
spectrum,1589,2819775120,4096,8,8,35,14bc7417,35.26830809400417,5,103,33.828125
spectrum,1590,2821535440,4096,8,8,60,bcd8897c,35.290305211092345,1,87,34.443359375
spectrum,1591,2823295120,4096,8,8,60,e0c22bc4,35.31231991108507,2,88,34.37109375
spectrum,1592,2825055680,4096,8,8,60,de283058,35.33427727303933,14,151,62.51171875
spectrum,1593,2826815440,4096,8,8,60,50e78bde,35.357324694050476,13,141,62.716796875
spectrum,1594,2828655440,4096,8,8,61,7fbbefab,35.379346267087385,4,125,33.583984375
spectrum,1595,2830415120,4096,8,8,60,e883b99d,35.40150399703998,4,128,40.568359375
spectrum,1596,2832255440,4096,8,8,62,297a7e48,35.4253649530001,24,132,63.865234375
spectrum,1597,2834095680,4096,8,8,60,1effd345,35.4473705959972,4,84,34.36328125
spectrum,1598,2835855120,4096,8,8,60,ceeb840d,35.46938288200181,0,86,34.537109375
spectrum,1599,2837615440,4096,8,8,60,d61f816f,35.49242219701409,4,132,34.759765625
spectrum,1600,2839375120,4096,8,8,37,777f2467,35.51342375401873,14,142,64.509765625
spectrum,1601,2841135680,4096,8,8,60,1999b4bb,35.53648848703597,15,144,69.712890625
spectrum,1602,2842975440,4096,8,8,47,71c32436,35.55847080599051,2,94,36.91015625
spectrum,1603,2844735440,4096,8,8,60,b0e00b00,35.58016634301748,0,100,38.048828125
spectrum,1604,2846495120,4096,8,8,61,9fd54d61,35.60238209308591,2,86,35.04296875
spectrum,1605,2848255120,4096,8,8,60,4ed5e7ed,35.6246187830111,2,107,39.66796875
spectrum,1606,2850015440,4096,8,8,63,d0783184,35.646135212038644,0,128,34.162109375
spectrum,1607,2851775120,4096,8,8,64,3faf1a3e,35.66842483100481,7,118,42.798828125
spectrum,1608,2853615440,4096,8,8,72,7bf8d489,35.691380348056555,4,133,38.095703125
spectrum,1609,2855375120,4096,8,8,36,59e8ccf0,35.71336592303123,4,129,37.640625
spectrum,1610,2857135120,4096,8,8,60,73c07297,35.73636514204554,3,117,36.826171875
spectrum,1611,2858975680,4096,8,8,64,a61c24b6,35.75841685303021,0,87,34.93359375
spectrum,1612,2860735120,4096,8,8,60,c999587d,35.78049529308919,1,88,34.068359375
spectrum,1613,2862495440,4096,8,8,60,879b8d90,35.80238057905808,4,106,38.072265625
spectrum,1614,2864255120,4096,8,8,60,bb84813b,35.82437702501193,1,108,36.884765625
spectrum,1615,2866015680,4096,8,8,62,6badb258,35.84638881904539,0,89,34.87109375
spectrum,1616,2867775440,4096,8,8,41,84f0968c,35.868395454017445,7,145,64.060546875
spectrum,1617,2869535440,4096,8,8,60,94bebfa0,35.89040607702918,2,85,34.560546875
spectrum,1618,2871295120,4096,8,8,62,765e672c,35.91240803303663,1,87,34.328125
spectrum,1619,2873055440,4096,8,8,60,6de59855,35.93439042207319,2,109,36.037109375
spectrum,1620,2874895440,4096,8,8,60,f5ed2892,35.95739430002868,4,88,34.67578125
spectrum,1621,2876655680,4096,8,8,60,0a503edf,35.980441059102304,0,88,34.34765625
spectrum,1622,2878415440,4096,8,8,60,a5b7a0d6,36.00173203309532,13,128,57.87890625
spectrum,1623,2880175440,4096,8,8,37,f72277a5,36.02336842799559,4,129,33.85546875
spectrum,1624,2881935120,4096,8,8,29,6afaf0d4,36.04636437201407,2,109,37.36328125
spectrum,1625,2883775680,4096,8,8,59,f41cdc6b,36.06842216302175,0,90,33.779296875
spectrum,1626,2885535440,4096,8,8,60,74e15f03,36.09042215603404,0,93,35.373046875
spectrum,1627,2887295120,4096,8,8,60,ab46f70c,36.112735480070114,1,86,34.416015625
spectrum,1628,2889055120,4096,8,8,61,552d415c,36.14075965702068,3,105,36.021484375
spectrum,1629,2890815440,4096,8,8,21,3e067156,36.156428956077434,13,143,69.22265625
spectrum,1630,2892575440,4096,8,8,41,7e3d595f,36.17835000902414,8,131,45.501953125
spectrum,1631,2894335440,4096,8,8,60,e54c3b72,36.20027696399484,3,85,34.392578125
spectrum,1632,2896095120,4096,8,8,61,7b8dea1d,36.223404054064304,3,129,38.099609375
spectrum,1633,2897855680,4096,8,8,60,acac76d8,36.24440526100807,0,105,36.3671875
spectrum,1634,2899615440,4096,8,8,61,feeaa5f4,36.26642412901856,15,146,67.451171875
spectrum,1635,2901375680,4096,8,8,46,b3864a60,36.28843586309813,2,88,33.3046875
spectrum,1636,2903135440,4096,8,8,63,278ff3cb,36.3114667320624,3,86,34.388671875
spectrum,1637,2904895120,4096,8,8,60,0d539972,36.33281508402433,0,84,34.462890625
spectrum,1638,2906655680,4096,8,8,63,62e65dad,36.355480553000234,13,125,59.451171875
spectrum,1639,2908495440,4096,8,8,60,7275a841,36.37741031299811,3,85,34.26953125
spectrum,1640,2910255680,4096,8,8,61,da68d0d1,36.39941261999775,7,137,63.568359375
spectrum,1641,2912015440,4096,8,8,60,1202bb88,36.42142370308284,3,89,33.8125
spectrum,1642,2913775440,4096,8,8,37,6b8e597a,36.44390285003465,20,145,68.439453125
spectrum,1643,2915535440,4096,8,8,60,1b3ef63f,36.46528621809557,2,87,34.642578125
spectrum,1644,2917375120,4096,8,8,41,4b6a8617,36.48837074905168,28,135,81.666015625
spectrum,1645,2919135680,4096,8,8,60,890798a0,36.51041187904775,2,87,34.947265625
spectrum,1646,2920895120,4096,8,8,62,58f31be8,36.5339704840444,0,87,34.466796875
spectrum,1647,2922655120,4096,8,8,62,440289a4,36.555393608054146,0,124,36.138671875
spectrum,1648,2924495440,4096,8,8,58,ff4ad78b,36.57743218308315,1,85,33.93359375
spectrum,1649,2926255120,4096,8,8,63,958e7e9a,36.599597508087754,0,115,37.08203125
spectrum,1650,2928095440,4096,8,8,61,7c27fcf5,36.62241472303867,4,90,34.484375
spectrum,1651,2929855120,4096,8,8,60,e980c4d6,36.645087796030566,5,107,37.189453125
spectrum,1652,2931615680,4096,8,8,60,46a9ff9c,36.66687237203587,7,134,55.01171875
spectrum,1653,2933375440,4096,8,8,62,87ea46cf,36.68840234703384,1,85,33.455078125
spectrum,1654,2935135440,4096,8,8,60,a8c7fd4d,36.710933092050254,4,91,34.724609375
spectrum,1655,2936895120,4096,8,8,59,b718b0f3,36.73228914802894,0,85,34.1953125
spectrum,1656,2938655120,4096,8,8,60,7ccf55f1,36.75452345306985,3,118,39.955078125
spectrum,1657,2940495680,4096,8,8,58,a8ad17f0,36.777387837995775,2,89,33.99609375
spectrum,1658,2942255120,4096,8,8,60,3ed222d4,36.800918851047754,4,85,34.490234375
spectrum,1659,2944015440,4096,8,8,60,916eef72,36.82143781706691,2,128,45.4765625
spectrum,1660,2945775120,4096,8,8,37,922dec09,36.843382194056176,9,125,50.111328125
spectrum,1661,2947547520,4096,8,8,61,314fbf1f,36.865610638051294,14,141,64.568359375
spectrum,1662,2949375440,4096,8,8,41,eb6d2191,36.88890589703806,4,127,39.150390625
spectrum,1663,2951135680,4096,8,8,60,f395481f,36.910356091102585,3,87,34.556640625
spectrum,1664,2952895440,4096,8,8,33,27bc09a5,36.93239029799588,2,106,38.06640625
spectrum,1665,2954655440,4096,8,8,60,8fc1cf3e,36.954424525029026,5,103,37.58984375
spectrum,1666,2956415440,4096,8,8,61,d20530fd,36.97642156202346,0,127,34.365234375
spectrum,1667,2958175120,4096,8,8,41,81e775ca,36.99840458203107,13,145,64.177734375
spectrum,1668,2960015440,4096,8,8,60,f22f236c,37.02136773301754,7,129,38.623046875
spectrum,1669,2961775120,4096,8,8,34,49873449,37.04348431609105,3,122,33.859375
spectrum,1670,2963535120,4096,8,8,60,3c467006,37.065789094078355,3,111,37.568359375
spectrum,1671,2965375680,4096,8,8,41,8df6ed2f,37.08839224500116,4,127,34.775390625
spectrum,1672,2967135120,4096,8,8,61,513a3532,37.11037017602939,1,108,37.068359375
spectrum,1673,2968895440,4096,8,8,57,90380d5e,37.13235998910386,2,85,34.173828125
spectrum,1674,2970655120,4096,8,8,60,5890e79a,37.15441984508652,0,87,35.208984375
spectrum,1675,2972416000,4096,8,8,29,ce08e9a3,37.17641187203117,4,117,36.7734375
spectrum,1676,2974175440,4096,8,8,64,f505741a,37.1983695050003,16,139,63.78515625
spectrum,1677,2975935680,4096,8,8,60,05c0940c,37.22036538901739,5,106,37.041015625
spectrum,1678,2977695440,4096,8,8,57,49dc7407,37.242337197996676,4,108,36.921875
spectrum,1679,2979455440,4096,8,8,61,40c7429a,37.26454830006696,3,106,36.203125
spectrum,1680,2981295440,4096,8,8,60,09a38d35,37.287359673995525,4,90,34.439453125
spectrum,1681,2983056000,4096,8,8,60,833c62f3,37.30941929901019,5,105,37.42578125
spectrum,1682,2984815440,4096,8,8,60,b5ce860e,37.33142524305731,4,98,37.75390625
spectrum,1683,2986575440,4096,8,8,36,8a1731bd,37.35341956501361,9,138,66.1640625
spectrum,1684,2988335440,4096,8,8,27,3e748c6f,37.37636581400875,2,115,37.23046875
spectrum,1685,2990175440,4096,8,8,64,3a086905,37.39835017709993,12,126,52.404296875
spectrum,1686,2991936640,4096,8,8,65,53c3a2f9,37.42037667904515,2,90,34.94921875
spectrum,1687,2993695440,4096,8,8,59,1d79abd6,37.4423547500046,4,104,36.912109375
spectrum,1688,2995455440,4096,8,8,62,3a1a2d9f,37.46432920405641,3,86,34.171875
spectrum,1689,2997215440,4096,8,8,60,9e381782,37.48637375107501,15,142,66.376953125
spectrum,1690,2998975120,4096,8,8,64,57708740,37.50835625000764,3,119,44.169921875
spectrum,1691,3000735440,4096,8,8,61,3784ef91,37.53027878701687,3,93,36.068359375
spectrum,1692,3002495120,4096,8,8,62,9c3672b5,37.55235578503925,3,114,42.43359375
spectrum,1693,3004255120,4096,8,8,60,21bbc106,37.57533100806177,4,113,40.119140625
spectrum,1694,3006095680,4096,8,8,60,8a6680c6,37.59752870409284,1,93,34.82421875
spectrum,1695,3007855120,4096,8,8,63,02179702,37.62093886907678,4,92,35.345703125
spectrum,1696,3009615440,4096,8,8,62,8e39b67c,37.641433109063655,3,107,41.84765625
spectrum,1697,3011375440,4096,8,8,72,ec6733c5,37.66336328908801,2,115,43.56640625
spectrum,1698,3013136000,4096,8,8,61,5bb5378d,37.68531706405338,4,108,39.44140625
spectrum,1699,3014895440,4096,8,8,35,98d2696d,37.70737294200808,6,106,39.73046875
spectrum,1700,3016655680,4096,8,8,61,47856676,37.729391179047525,2,93,34.484375
spectrum,1701,3018415440,4096,8,8,61,be9d1797,37.7513481710339,15,121,61.412109375
spectrum,1702,3020175440,4096,8,8,64,4aa15791,37.77328834007494,4,107,36.71875
spectrum,1703,3021935440,4096,8,8,61,dbdd095b,37.79514206608292,4,90,34.76171875
spectrum,1704,3023775120,4096,8,8,60,8f822d10,37.8182960980339,5,109,42.453125
spectrum,1705,3025535680,4096,8,8,61,d9d6b8a0,37.840406018076465,3,113,39.26953125
spectrum,1706,3027295120,4096,8,8,61,fbea7e56,37.86244863108732,3,96,34.859375
spectrum,1707,3029055120,4096,8,8,62,c398dd0f,37.88464692805428,3,105,36.482421875
spectrum,1708,3030895440,4096,8,8,60,91791405,37.90737518609967,0,85,33.9375
spectrum,1709,3032655120,4096,8,8,61,d3916716,37.92932469304651,3,95,34.94921875
spectrum,1710,3034415440,4096,8,8,62,1c0af7d7,37.95137506001629,2,103,38.64453125
spectrum,1711,3036175120,4096,8,8,64,c149042c,37.973388999002054,1,94,35.013671875
spectrum,1712,3037935680,4096,8,8,60,01af7226,37.99636938306503,4,118,36.216796875
spectrum,1713,3039775440,4096,8,8,61,abf158cf,38.01836763205938,0,108,39.703125
spectrum,1714,3041535680,4096,8,8,72,3a979bd2,38.04043429007288,5,110,39.501953125
spectrum,1715,3043295440,4096,8,8,62,f107fa6e,38.06238731404301,0,93,34.71875
spectrum,1716,3045135440,4096,8,8,72,4041bab9,38.08554462203756,0,117,43.802734375
spectrum,1717,3046975680,4096,8,8,61,4e597609,38.10845896101091,1,97,36.173828125
spectrum,1718,3048735120,4096,8,8,64,c16c6634,38.13062206108589,4,101,38.240234375
spectrum,1719,3050495440,4096,8,8,65,0b7324a9,38.1524511910975,2,101,39.60546875
spectrum,1720,3052255120,4096,8,8,72,512883c9,38.17443754803389,1,104,41.21875
spectrum,1721,3054015120,4096,8,8,57,71561172,38.19737424899358,4,120,35.826171875
spectrum,1722,3055855680,4096,8,8,63,a3f81338,38.22065446909983,0,95,36.2421875
spectrum,1723,3057615680,4096,8,8,29,cdbec10c,38.24208762100898,0,90,34.13671875
spectrum,1724,3059455440,4096,8,8,64,b7fa5d0e,38.264359467080794,5,87,35.26171875
spectrum,1725,3061215440,4096,8,8,61,d7d6ae75,38.28643961099442,4,106,36.80859375
spectrum,1726,3063055440,4096,8,8,62,db162c77,38.30941096704919,0,88,34.904296875
spectrum,1727,3064815120,4096,8,8,60,2efe72b3,38.33141203201376,1,88,34.46484375
spectrum,1728,3066655440,4096,8,8,62,60bfcb5d,38.3544440229889,2,86,35.470703125
spectrum,1729,3068415120,4096,8,8,62,a7a4c18e,38.37642254505772,5,91,35.47265625
spectrum,1730,3070175120,4096,8,8,62,ab8c682b,38.39875059702899,4,109,37.283203125
spectrum,1731,3072015680,4096,8,8,61,7af8b7af,38.421468926011585,2,89,34.97265625
spectrum,1732,3073775120,4096,8,8,63,0112ed89,38.4467069930397,3,93,35.521484375
spectrum,1733,3075535440,4096,8,8,61,54b40876,38.46543432504404,4,87,34.56640625
spectrum,1734,3077295120,4096,8,8,61,d47c53c2,38.48739410203416,4,86,34.59765625
spectrum,1735,3079056000,4096,8,8,59,ed0b6fe2,38.509404795011505,4,104,36.998046875
spectrum,1736,3080815440,4096,8,8,62,ea93bee1,38.53122087009251,1,94,35.572265625
spectrum,1737,3082575440,4096,8,8,63,e5c41d8f,38.55339927901514,5,91,36.265625
spectrum,1738,3084335120,4096,8,8,63,687c6188,38.57548802904785,2,109,37.890625
spectrum,1739,3086175440,4096,8,8,60,857aa985,38.59948943101335,2,106,38.296875
spectrum,1740,3088015440,4096,8,8,64,bdb3db94,38.62163077003788,4,95,36.384765625
spectrum,1741,3089855680,4096,8,8,62,7e1acb4b,38.644523118040524,4,106,37.205078125
spectrum,1742,3091615440,4096,8,8,60,9a418e8e,38.66644266806543,2,106,37.60546875
spectrum,1743,3093375120,4096,8,8,63,ad299c52,38.68842839403078,4,91,35.59765625
spectrum,1744,3095135440,4096,8,8,60,786807ec,38.710469544050284,2,91,34.384765625
spectrum,1745,3096895440,4096,8,8,62,5b9b5a89,38.73261653399095,4,89,35.71484375
spectrum,1746,3098655680,4096,8,8,60,1de872fe,38.75449193199165,3,84,33.9765625
spectrum,1747,3100415440,4096,8,8,63,c7c2f526,38.7765479600057,0,91,36.302734375
spectrum,1748,3102175440,4096,8,8,62,29eaf866,38.79848369106185,3,112,36.193359375
spectrum,1749,3103935440,4096,8,8,28,ed23869d,38.82038646005094,3,105,35.25390625
spectrum,1750,3105695440,4096,8,8,61,2dc737e4,38.84331558702979,2,95,35.16015625
spectrum,1751,3107455440,4096,8,8,64,74705aac,38.865607320098206,2,91,36.5078125
spectrum,1752,3109295120,4096,8,8,60,7f3e6429,38.88898072601296,4,107,37.56640625
spectrum,1753,3111055120,4096,8,8,60,cb702f15,38.91046129807364,4,88,34.94140625
spectrum,1754,3112895680,4096,8,8,61,f7919edc,38.9324144620914,1,93,34.70703125
spectrum,1755,3114655120,4096,8,8,62,edc062af,38.95443428202998,4,114,38.935546875
spectrum,1756,3116415440,4096,8,8,62,5ce080c8,38.97689251904376,5,117,44.705078125
spectrum,1757,3118175680,4096,8,8,60,7f440922,38.99842894705944,0,87,35.181640625
spectrum,1758,3119935440,4096,8,8,28,0b4d97cf,39.02047966502141,4,115,37.134765625
spectrum,1759,3121695440,4096,8,8,62,d7730178,39.04898742609657,3,89,35.400390625
spectrum,1760,3123455440,4096,8,8,61,453fd21a,39.06451520707924,2,89,34.572265625
spectrum,1761,3125215440,4096,8,8,61,4fedf214,39.086412506061606,4,88,34.423828125
spectrum,1762,3126975120,4096,8,8,60,5098fe33,39.10896807699464,3,113,42.353515625
spectrum,1763,3128735440,4096,8,8,63,643787fa,39.13052535406314,1,104,37.88671875
spectrum,1764,3130575440,4096,8,8,62,8022b07a,39.15341721998993,1,103,37.44921875
spectrum,1765,3132335680,4096,8,8,61,8a04b0da,39.17690163606312,3,90,34.595703125
spectrum,1766,3134095440,4096,8,8,60,25468daf,39.19742611201946,5,124,45.01953125
spectrum,1767,3135855120,4096,8,8,29,0ac0f7bc,39.2194581850199,4,108,38.537109375
spectrum,1768,3137695440,4096,8,8,60,e3c7cd53,39.24315666500479,4,119,44.767578125
spectrum,1769,3139455680,4096,8,8,60,b61f1163,39.26446230604779,4,95,35.125
spectrum,1770,3141215440,4096,8,8,62,d768d5fe,39.28663120709825,0,100,34.513671875
spectrum,1771,3142975440,4096,8,8,62,2f8d5b49,39.30845764209516,4,106,37.421875
spectrum,1772,3144735440,4096,8,8,72,39d4d4a5,45.47367300000042,1,109,37.125
spectrum,1773,3146495120,4096,8,8,60,e138470f,45.473758692038245,4,103,37.84375
spectrum,1774,3148255440,4096,8,8,61,a58e6f75,45.47382612898946,2,95,34.69921875
spectrum,1775,3150015120,4096,8,8,61,29005038,45.47390096005984,4,93,34.783203125
spectrum,1776,3151775120,4096,8,8,60,09724e27,45.473990289028734,2,119,36.509765625
spectrum,1777,3153615680,4096,8,8,36,8ffa86ca,45.47405078308657,5,110,38.236328125
spectrum,1778,3155375120,4096,8,8,61,02f5c639,45.474113942007534,3,91,34.734375
spectrum,1779,3157135440,4096,8,8,60,e50283df,45.47507527808193,5,97,37.42578125
