ac_power_codes_squared,actual_crc32,attempt,bits_per_component,command_start_relative_ms,component_endpoint_fraction,crc_ok,expected_crc32,firmware_capture_us,header_received_relative_ms,host_command_interval_ms,mean_i,mean_power_codes_squared,mean_q,nominal_rf_window_us,payload_received_relative_ms,payload_transfer_ms,private_payload_sha256,rate_hz,requested_samples,returned_samples,round_trip_ms,sample_count_ok,status,unique_i_codes,unique_q_codes
507.74680592640294,40597fde,0,8,0.005962,0.002655677655677656,True,40597fde,1033,6.811923,,1.001098901098901,513.9178266178266,-2.2735042735042734,1023.7499999999999,362.066603,355.25468,720a0a45c00097a6b4ea2e027e56a0ca0252063af8be54fa76a92720945d87d5,16000000,16380,16380,362.060641,True,ok,143,154
32.36677084684411,14fa4274,1,8,432.260753,0.0,True,14fa4274,1024,438.89034,432.254791,1.2437118437118437,34.12368742368742,-0.45836385836385835,1023.7499999999999,794.093342,355.203002,4f0e23588db46c87832ec05612894f3f8016858e4d3be4f63281a4387db49951,16000000,16380,16380,361.832589,True,ok,34,38
398.7451420997941,34594298,2,8,795.242831,0.002197802197802198,True,34594298,1025,801.898678,362.982078,1.2322344322344323,402.1136752136752,-1.3601953601953602,1023.7499999999999,1157.081199,355.182521,581573a37b56aa97c3057cc297d62dfe216b27977182b07d28d488f1c0a15fa7,16000000,16380,16380,361.838368,True,ok,107,111
424.7388092740932,66b5bddd,3,8,1158.592985,0.0015262515262515263,True,66b5bddd,1025,1165.935864,363.350154,0.8034188034188035,430.473199023199,-2.255860805860806,1023.7499999999999,1521.087114,355.15125,bc95fbc5fd35d590ffbe5150fdd472e6a231d6d55ba8daf4cd59ad2ead7de2c4,16000000,16380,16380,362.494129,True,ok,148,169
861.2921852940168,2c1e9ba7,4,8,1522.46715,0.0009462759462759463,True,2c1e9ba7,1025,1528.943366,363.874165,-0.11086691086691086,869.702442002442,-2.897924297924298,1023.7499999999999,1884.087031,355.143665,2830ae37a565623886b32aa1bf117007adf3e36c93c2277a957e2bc84fa1f694,16000000,16380,16380,361.619881,True,ok,172,172
419.231282997968,35f6a0aa,5,8,1885.234947,0.00231990231990232,True,35f6a0aa,1025,1891.919098,362.767797,0.3084859584859585,420.8935286935287,-1.2518315018315018,1023.7499999999999,2247.152721,355.233623,29861d0f4a385e3240c4b79d481b8967caaf8a8c1fcf70123c88ba7b1baeb71a,16000000,16380,16380,361.917774,True,ok,128,133
1092.792252285091,a1b9728e,6,8,2248.567853,0.0018315018315018315,True,a1b9728e,1025,2255.893069,363.332906,-0.31227106227106227,1094.2407814407813,-1.1623321123321124,1023.7499999999999,2611.116001,355.222932,7fa0f45810307b35d52b71d472656d7f0d7c377d0505af6b715ec7dd9c183c19,16000000,16380,16380,362.548148,True,ok,209,219
273.4311937448659,0b747e69,7,8,2612.101098,0.0010683760683760685,True,0b747e69,1025,2618.91793,363.533245,0.514041514041514,284.8427960927961,-3.338766788766789,1023.7499999999999,2974.120623,355.202693,e39a0a4c4f610a6feffa65053d24d685673fa3f59a53217ac800571f7ed9590d,16000000,16380,16380,362.019525,True,ok,96,102
216.35212299910106,e367970f,8,8,2975.372146,0.0,True,e367970f,1025,2981.919096,363.271048,1.4558608058608058,220.46202686202687,-1.410805860805861,1023.7499999999999,3337.107268,355.188172,4243fb726ce9af3bfd294be544e0f4dcb1f9d5d89d6bc1924b2a39153bc17b18,16000000,16380,16380,361.735122,True,ok,117,118
38.037137993264366,a84c816a,9,8,3338.077387,0.0,True,a84c816a,1025,3344.901342,362.705241,1.3490842490842492,41.08455433455433,-1.107875457875458,1023.7499999999999,3700.126214,355.224872,e5bde17c0a6e5e6e54aa55da6b0554b5d04bc79f2dbc8dd1eeb9815062283b7b,16000000,16380,16380,362.048827,True,ok,36,39
184.02871739337857,0d740c2e,10,8,3701.314236,0.0,True,0d740c2e,1025,3707.230821,363.236849,2.318620268620269,191.1462148962149,-1.3196581196581196,1023.7499999999999,4063.131483,355.900662,5c086394771957c760e0588ecdcc5c8459bb1feac27c89f4898743509f37c82d,16000000,16380,16380,361.817247,True,ok,182,183
111.37060839106627,f01baba3,11,8,4064.890858,0.0,True,f01baba3,1025,4071.980797,363.576622,1.6164224664224665,115.85738705738706,-1.368925518925519,1023.7499999999999,4427.146783,355.165986,68f65361f2c3b39d665954944d6a50f9801f70d948b717e8a8b28c861e708d12,16000000,16380,16380,362.255925,True,ok,85,86
58.693807831701605,ed3d730e,12,8,4427.994089,0.0,True,ed3d730e,1025,4434.326072,363.103231,2.1584249084249083,64.85225885225886,-1.2246031746031747,1023.7499999999999,4790.148612,355.82254,aebf3e99da738da3c25f3b7733ff010f4c840272af6cb42c2fce16c86d7e4e29,16000000,16380,16380,362.154523,True,ok,47,49
369.1338003812088,0de865aa,13,8,4791.419822,0.0024725274725274724,True,0de865aa,1025,4797.331067,363.425733,1.6660561660561661,380.12277167277165,-2.865873015873016,1023.7499999999999,5153.140571,355.809504,ff81baa779c397a4a008c69103ea23422619cb4f062ca065cfc956ee174adbb1,16000000,16380,16380,361.720749,True,ok,76,80
692.2753904706743,5ae0c5cc,14,8,5154.249834,0.00030525030525030525,True,5ae0c5cc,1025,5160.329638,362.830012,0.37625152625152625,693.9992063492064,-1.2578754578754578,1023.7499999999999,5516.222408,355.89277,d79e64e606d4f1b25ec43f2a2c0658bcf508df7bb344412d4dd8baffa4e1c04b,16000000,16380,16380,361.972574,True,ok,182,193
56.171867501986554,1a7bcda9,15,8,5517.755774,0.0,True,1a7bcda9,1025,5524.350905,363.50594,0.9256410256410257,60.658424908424905,-1.905189255189255,1023.7499999999999,5880.149587,355.798682,d904538e0b8f4bb6e296738a13a5697f4631dff63c5ecd87458d0a739de038d7,16000000,16380,16380,362.393813,True,ok,40,44
426.8408398781384,7afc05cb,16,8,5881.033572,0.0,True,7afc05cb,1025,5887.286996,363.277798,0.23473748473748474,490.2664835164835,-7.960561660561661,1023.7499999999999,6243.17285,355.885854,86037f8555a8bfa359421bebbca2eb649e6bd6cd443b8b33a88acf2d113343ab,16000000,16380,16380,362.139278,True,ok,116,118
35.49964967402696,41b1df03,17,8,6244.254169,0.0,True,41b1df03,1025,6250.317833,363.220597,1.5173992673992673,41.27680097680098,-1.864041514041514,1023.7499999999999,6606.192564,355.874731,7d0da018d8259e1dfb5543981af69de570ff05affd29b9a1d78b2c005c4f9e8a,16000000,16380,16380,361.938395,True,ok,34,37
57.970047569104345,43069f6c,18,8,6607.338507,0.0,True,43069f6c,1025,6613.265451,363.084338,1.5744810744810744,61.93437118437119,-1.2187423687423686,1023.7499999999999,6969.170701,355.90525,4ea59e849068c7afa92ea1a38fa6ab89b2f9aab67482d1373e0f54cd9ae54198,16000000,16380,16380,361.832194,True,ok,45,48
55.25861647814945,98e59f68,19,8,6970.247452,0.0,True,98e59f68,1025,6976.351923,362.908945,0.608058608058608,60.023748473748476,-2.0965201465201466,1023.7499999999999,7332.208065,355.856142,6221c2c7602a1c8478450e2a84556f3edb4cc7e48a9da55fea28acdfe68c15a2,16000000,16380,16380,361.960613,True,ok,45,51
376.3061356243133,46ec6fa2,20,8,7333.023481,0.0,True,46ec6fa2,1025,7339.308254,362.776029,0.5993284493284493,412.28101343101343,-5.967887667887668,1023.7499999999999,7695.19825,355.889996,51254d128eda0526fca763f20da14155bd8364b7e9297a520db04ccbff969794,16000000,16380,16380,362.174769,True,ok,99,108
56.479685159840834,248e0d2d,21,8,7696.346797,0.0,True,248e0d2d,1025,7702.318437,363.323316,0.9822954822954822,59.83046398046398,-1.5446275946275947,1023.7499999999999,8058.278425,355.959988,f4e8d4a82301318bc4c0a096f06e9fc7d253e0177aa0fa96cb30c010cb111b6b,16000000,16380,16380,361.931628,True,ok,46,47
617.4320996860283,7323fd3d,22,8,8059.212996,0.00018315018315018315,True,7323fd3d,1025,8066.033595,362.866199,0.05695970695970696,618.7557387057387,-1.149084249084249,1023.7499999999999,8421.211537,355.177942,cd290beca3eca8caa3c413ac229b0fdc2f8bbdc12383e2a0d4f2aa819503928d,16000000,16380,16380,361.998541,True,ok,188,181
71.41955959723359,f585dd07,23,8,8422.722612,0.0,True,f585dd07,1025,8429.326329,363.509616,-0.030830280830280832,74.7876678876679,-1.834981684981685,1023.7499999999999,8785.202054,355.875725,5669b6f3acf2abd8312cb92f72ee038817c207c002e139fdedf10d67c80089db,16000000,16380,16380,362.479442,True,ok,49,51
430.27085760054626,3aa5f717,24,8,8787.07239,0.0,True,3aa5f717,1025,8793.327496,364.349778,-1.0663614163614163,464.8577533577534,-5.7835775335775335,1023.7499999999999,9149.258825,355.931329,54877e6e13ee9ec30f6331b7434d64efb78237a2123bbe8f545385b8fac24d34,16000000,16380,16380,362.186435,True,ok,111,121
36.09690282380759,3186cad2,25,8,9150.676933,0.0,True,3186cad2,1025,9157.323261,363.604543,0.9590354090354091,37.552014652014655,-0.7316849816849816,1023.7499999999999,9512.301511,354.97825,a6b98e5803758ea08142688bea5ad1252a757de47bd5b76c16959003a133054a,16000000,16380,16380,361.624578,True,ok,36,35
226.68729627244278,27e6ba8b,26,8,9513.102019,0.0002747252747252747,True,27e6ba8b,1025,9519.441555,362.425086,-0.15842490842490842,229.25347985347986,-1.5940781440781442,1023.7499999999999,9874.338582,354.897027,d011d2a33ac44138c2d1c7aca07f400fd821e7ab575a127b3ac7c2063f492840,16000000,16380,16380,361.236563,True,ok,148,154
54.6132749481559,6c387b36,27,8,9876.036911,0.0,True,6c387b36,1025,9882.385745,362.934892,0.9592796092796093,58.5476800976801,-1.7361416361416362,1023.7499999999999,10237.307826,354.922081,2696d0b3bc3df4a9a803b0dc12c64dd751cc2ef1e59889454d8b7b3a62900061,16000000,16380,16380,361.270915,True,ok,42,44
55.88001566504314,de595986,28,8,10238.245764,0.0,True,de595986,1025,10244.418093,362.208853,1.6168498168498169,62.095177045177046,-1.8976190476190475,1023.7499999999999,10599.317099,354.899006,642da7c5f7ad46767dde6b767231d3150163fe5830d61124cd37bc170ba55de7,16000000,16380,16380,361.071335,True,ok,44,45
1214.901631452932,00ca50a6,29,8,10600.293891,0.0,True,00ca50a6,1024,10606.410314,362.048127,-1.1016483516483517,1217.1124542124542,-0.9985958485958486,1023.7499999999999,10961.323678,354.913364,42976c8df3a276f8df0d0cb61ac4fcfd0558131524225351b1971d7e957f409b,16000000,16380,16380,361.029787,True,ok,101,101
362.6820073021538,e4a3d9e3,30,8,10962.31126,0.0003357753357753358,True,e4a3d9e3,1025,10968.48392,362.017369,0.22576312576312577,364.22173382173384,-1.2201465201465203,1023.7499999999999,11323.326836,354.842916,5484ef22d8d6d8be25ea6c5bb862af50fc962b9c9ddb644780515877c0bde88c,16000000,16380,16380,361.015576,True,ok,155,163
1220.302036354976,43788fae,31,8,11324.457439,0.00021367521367521368,True,43788fae,1025,11332.430161,362.146179,-0.5186813186813187,1221.0690476190475,-0.7056776556776557,1023.7499999999999,11687.272285,354.842124,3ab9d3244f9c14f453aaba9a2a7cd4611c5085c2f5f988afb14eb3d61dd62595,16000000,16380,16380,362.814846,True,ok,120,130
830.7993238351662,2b384033,32,8,11688.67279,0.0004578754578754579,True,2b384033,1025,11695.499951,364.215351,-1.015079365079365,832.8725274725275,-1.021184371184371,1023.7499999999999,12050.390045,354.890094,bb73899b3be96f7ca5a4d2de2a4c52dbc612b07759699167935c240f7fd3e51f,16000000,16380,16380,361.717255,True,ok,190,188
262.2600647734439,16bea61b,33,8,12052.20234,0.0,True,16bea61b,1025,12058.426859,363.52955,0.5554945054945055,267.19822954822956,-2.1516483516483516,1023.7499999999999,12413.341396,354.914537,ced9815643f436783f0d9170e93328f8ad10cea664b192973f547aa91a281d26,16000000,16380,16380,361.139056,True,ok,104,103
69.99129590122264,b3a42d8f,34,8,12414.7993,0.0,True,b3a42d8f,1025,12421.465976,362.59696,0.8249084249084249,74.69181929181929,-2.005006105006105,1023.7499999999999,12776.360776,354.8948,3351aa7e907bb42bad741ec00f9e98156be269195ed9687005ca7704d847102a,16000000,16380,16380,361.561476,True,ok,53,52
47.213369724834926,cb40bc58,35,8,12777.894012,0.0,True,cb40bc58,1025,12784.44512,363.094712,1.105006105006105,49.73467643467644,-1.1402930402930402,1023.7499999999999,13139.384974,354.939854,384928c5b5a2acd8989154d9545222ea0496d5f9e06ac1962eb95bbabb5b1081,16000000,16380,16380,361.490962,True,ok,42,41
55.432678703740976,5952c2ab,36,8,13141.386087,0.0,True,5952c2ab,1025,13148.544024,363.492075,0.77997557997558,61.865689865689866,-2.4134310134310133,1023.7499999999999,13503.365612,354.821588,f6c1bb3e5a32fe363bb0bde0b64ebfbc7bd1c8ecac6a5468c861925132da08fc,16000000,16380,16380,361.979525,True,ok,47,44
58.00282143341667,9022962b,37,8,13504.452512,0.0,True,9022962b,1025,13511.514768,363.066425,0.7167887667887668,61.66929181929182,-1.7755799755799755,1023.7499999999999,13866.387483,354.872715,988d73c955d796e39c21c80e76dbf52bf123cbbc39092871c4452a86d89b0aac,16000000,16380,16380,361.934971,True,ok,43,47
1481.6285729305966,dd763a2d,38,8,13867.853251,0.0007631257631257631,True,dd763a2d,1025,13874.44753,363.400739,-0.7335775335775335,1482.7822344322344,-0.7845543345543345,1023.7499999999999,14229.395023,354.947493,dc4867a9ad489002fa78cad59cd771d6c1ca6a77b30bf3b80f2172f69984e0e7,16000000,16380,16380,361.541772,True,ok,192,206
437.61453733147874,082febf9,39,8,14230.911358,0.0,True,082febf9,1025,14237.476562,363.058107,-0.5105616605616605,501.2894993894994,-7.963308913308913,1023.7499999999999,14592.391161,354.914599,072e0fad4bc8d0a77ff51dfbaf2e9e6be41e9030609802617853333f81b9528b,16000000,16380,16380,361.479803,True,ok,119,120
44.88155822267544,67a2053c,40,8,14593.85691,0.0,True,67a2053c,1025,14600.532833,362.945552,0.07405372405372405,48.212210012210015,-1.8235042735042735,1023.7499999999999,14955.39838,354.865547,1e78378bd50ce6fe6f6e6bec1e77bc0bbea987e35362b0543d01a6ec8b062675,16000000,16380,16380,361.54147,True,ok,43,42
70.46924704551994,a85faac1,41,8,14956.49554,0.0,True,a85faac1,1025,14963.475771,362.63863,-0.3380952380952381,72.8476800976801,-1.5047008547008547,1023.7499999999999,15318.433448,354.957677,f7bade63afaff9a41e81511cbcf060980db7c0413d9d1a41f562e36b4ff7170c,16000000,16380,16380,361.937908,True,ok,49,52
26.159676602396384,bb84ab0d,42,8,15319.786303,0.0,True,bb84ab0d,1025,15326.641747,363.290763,-0.6243589743589744,27.462820512820514,-0.9556776556776557,1023.7499999999999,15681.418461,354.776714,6e4e84442208cf6dbcff2b477d3950cb3766afccce669777b60e8168b054885d,16000000,16380,16380,361.632158,True,ok,29,31
432.1631776258608,536c30c1,43,8,15682.747911,0.0015567765567765569,True,536c30c1,1025,15689.572377,362.961608,-0.5898046398046398,433.9469474969475,-1.1982905982905983,1023.7499999999999,16044.413543,354.841166,2c4475669e3b8adc08416a0b4fcd3b8eaa1dcdb705ccc15da4d11ab73cbc95f8,16000000,16380,16380,361.665632,True,ok,183,202
143.2834163807973,2bb5a2d8,44,8,16045.486256,0.0,True,2bb5a2d8,1025,16052.505931,362.738345,-0.03742368742368742,144.95787545787545,-1.2934676434676435,1023.7499999999999,16407.452203,354.946272,b97a804bdcdf811e4014743927ec6759270d8bd0e6a10c0b35f8400d5aeb2fb0,16000000,16380,16380,361.965947,True,ok,135,138
28.678774060358307,adc2d4be,45,8,16409.459969,0.0,True,adc2d4be,1025,16416.540569,363.973713,-0.43272283272283274,31.863064713064713,-1.7311965811965813,1023.7499999999999,16771.453007,354.912438,fc85743e8a0ec7b02456368e9c283c65276ecf0d77d12bc6969972f280111a0b,16000000,16380,16380,361.993038,True,ok,32,31
453.1374497473765,12c43f84,46,8,16772.913856,0.0015873015873015873,True,12c43f84,1025,16779.939874,363.453887,-0.3564102564102564,455.8369963369963,-1.603907203907204,1023.7499999999999,17134.446581,354.506707,88ead000428cf1ee8a519812be2f8ceea203d969b44bdec3811d081daa9e17b2,16000000,16380,16380,361.532725,True,ok,183,199
135.0497592361512,dd7e078f,47,8,17136.159908,0.0,True,dd7e078f,1025,17142.573976,363.246052,0.41984126984126985,137.36336996336996,-1.4619658119658119,1023.7499999999999,17497.445001,354.871025,fdb216f81537c2008f6b4d6d9797d517573996a1872c8293c172a3832c487d56,16000000,16380,16380,361.285093,True,ok,94,90
412.6582224629935,7ff64029,48,8,17498.950375,0.001678876678876679,True,7ff64029,1025,17505.614596,362.790467,0.6455433455433456,415.4045787545788,-1.5263125763125762,1023.7499999999999,17860.470934,354.856338,47c8acaa0ee880e4c992cb3062d5c25663aede19dbf4221a1d7eeda6eb158bba,16000000,16380,16380,361.520559,True,ok,147,164
362.40766593466225,8b1cb704,49,8,17861.991666,0.0020451770451770453,True,8b1cb704,1024,17868.621362,363.041291,-0.7810744810744811,367.74664224664224,-2.1746031746031744,1023.7499999999999,18223.476976,354.855614,429caa6c2f4289e218ddbbd2c48548973ec1e833e152d2d9bf59301f4a6f4e48,16000000,16380,16380,361.48531,True,ok,102,114
37.274059545799474,32dc9eb9,50,8,18224.974995,0.0,True,32dc9eb9,1025,18231.701434,362.983329,-0.21263736263736263,39.77008547008547,-1.5655067155067155,1023.7499999999999,18586.334405,354.632971,d4590aa9a7d0308c57fcd78db0fd0b6cb41bf71a35bf3a2621fb4d4a0b395efa,16000000,16380,16380,361.35941,True,ok,43,41
553.7380431740962,78e6e011,51,8,18587.627396,0.003601953601953602,True,78e6e011,1025,18594.639606,362.652401,-0.27564102564102566,555.9647741147741,-1.4665445665445664,1023.7499999999999,18949.45367,354.814064,4a02132b97d74fc3772b85c3d80c1441a2cd7b9b4074753e7c10d71356dce66e,16000000,16380,16380,361.826274,True,ok,118,124
474.4348039018369,8b8f49b0,52,8,18950.836391,0.0019230769230769232,True,8b8f49b0,1025,18957.645377,363.208995,-0.6296703296703297,479.9111111111111,-2.253846153846154,1023.7499999999999,19312.393031,354.747654,18a27dbf645f21e8d245bb7c194f163e76cbfb891045fccf3d2ba34f4f575aca,16000000,16380,16380,361.55664,True,ok,145,167
404.1500516502897,f214ba44,53,8,19314.286971,0.0020451770451770453,True,f214ba44,1024,19320.754549,363.45058,-0.7795482295482296,407.46495726495726,-1.6453601953601953,1023.7499999999999,19675.538001,354.783452,6cb4d9911e42cb9232eca75ff7d83c70af12e897131984224abd1460b1dea3fb,16000000,16380,16380,361.25103,True,ok,114,120
520.5932141478112,5b5d41f0,54,8,19678.00631,0.003235653235653236,True,5b5d41f0,1025,19684.747477,363.719339,-0.953907203907204,524.9242979242979,-1.8496336996336997,1023.7499999999999,20039.464512,354.717035,dabb58ea7e47becab4da50887d6acdb94502a41c33385e15f55c8ff87f47d7c8,16000000,16380,16380,361.458202,True,ok,113,137
997.766351703513,e64d3362,55,8,20040.591809,0.0018925518925518926,True,e64d3362,1025,20047.670135,362.585499,-0.3633089133089133,1000.4091575091575,-1.5845543345543345,1023.7499999999999,20402.539125,354.86899,28b0e72984662b7e365ca71f8c34e3f49d875627040aa77046a1e6ace3363e12,16000000,16380,16380,361.947316,True,ok,151,165
69.88908906078319,3325cfff,56,8,20404.454275,0.0,True,3325cfff,1025,20411.697203,363.862466,-0.5536019536019536,74.08956043956044,-1.9733211233211234,1023.7499999999999,20766.495239,354.798036,88d8648a95de77e5a6c8f916811f05c64039cbd1188b862dd019d62701d862f3,16000000,16380,16380,362.040964,True,ok,52,51
40.640334839831176,f84759ca,57,8,20767.677169,0.0,True,f84759ca,1025,20774.671997,363.222894,-0.12148962148962149,42.92252747252747,-1.5057997557997558,1023.7499999999999,21129.525656,354.853659,dbe70d0cdc90485367ebde83dd3d24c3e27b8f8fe25c1a58b5dfe48e210527bd,16000000,16380,16380,361.848487,True,ok,38,40
595.8642775109167,fa017873,58,8,21131.644562,0.0,True,fa017873,1025,21138.734801,363.967393,-1.0134310134310134,598.7101953601954,-1.3486568986568988,1023.7499999999999,21493.517924,354.783123,0c11aa91846e18fd8538f45d0459b262da653cd26c5aef860d3a0237b6d5c33c,16000000,16380,16380,361.873362,True,ok,198,199
49.06815901267367,85012100,59,8,21495.028768,0.0,True,85012100,1025,21501.65684,363.384206,0.4771672771672772,52.00506715506715,-1.645970695970696,1023.7499999999999,21856.50126,354.84442,29a19ddd8943b968602338dfd7150802b5ddd3607f608b6181a0b9a8ba85e8c1,16000000,16380,16380,361.472492,True,ok,48,48
221.0230188509767,ebd09ee6,60,8,21857.637944,0.00018315018315018315,True,ebd09ee6,1025,21864.622803,362.609176,-0.6959096459096459,226.98028083028083,-2.3394383394383396,1023.7499999999999,22219.568132,354.945329,8c1eb0caaa01566b8630207fca8562af7622df323edfa3bfb0e3e533cf2050fa,16000000,16380,16380,361.930188,True,ok,149,155
418.46428443961406,6bcfe5f3,61,8,22221.099534,0.002014652014652015,True,6bcfe5f3,1025,22227.676881,363.46159,-1.0023809523809524,422.04725274725274,-1.6056776556776557,1023.7499999999999,22582.547536,354.870655,bc70f3fe59bde0a2cd73d864705007b95ddcb8a6a4cacf6d93769d61591d9b9e,16000000,16380,16380,361.448002,True,ok,148,156
1436.2908765566274,b4f20214,62,8,22584.52828,0.0,True,b4f20214,1025,22591.795805,363.428746,-1.373992673992674,1438.8709401709402,-0.831990231990232,1023.7499999999999,22946.551773,354.755968,2ccbf1e85280aba65f22b9fd46bcf319aac04c3f09f3485b3ca350543edbea85,16000000,16380,16380,362.023493,True,ok,110,109
488.0282094479256,77fb90de,63,8,22948.249,0.0028998778998779,True,77fb90de,1025,22954.688144,363.72072,-0.17887667887667888,488.82460317460317,-0.8742979242979243,1023.7499999999999,23309.586769,354.898625,db8fa4dd1215b074c5774bbe0a0d068cb38845bb46232ca5738dce2a170e6ff9,16000000,16380,16380,361.337769,True,ok,122,125
337.10005551157565,2dc4f3e8,64,8,23311.377313,0.0015262515262515263,True,2dc4f3e8,1025,23318.721894,363.128313,-0.5078754578754578,339.6144078144078,-1.5021367521367521,1023.7499999999999,23673.614236,354.892342,ccdaa25c1c905e8178f363a9ee7d596bd07cbda62a373b1f1f072ce3eb006f62,16000000,16380,16380,362.236923,True,ok,106,112
276.95704019762627,b37dc9cd,65,8,23678.377865,0.001221001221001221,True,b37dc9cd,1025,23685.810012,367.000552,-1.2484737484737485,281.4960927960928,-1.7263736263736265,1023.7499999999999,24040.576525,354.766513,02bd4ff1ce1bf7138b2b2e31b17393dd7ec5e016875613bd2e77a670c1848e01,16000000,16380,16380,362.19866,True,ok,126,140
620.8092533033375,df2d7677,66,8,24042.332153,0.0027167277167277166,True,df2d7677,1025,24049.689407,363.954288,-0.523015873015873,623.6184371184371,-1.5923687423687423,1023.7499999999999,24404.598287,354.90888,84fb5052c2d3e68551dd60366aa4031c7ab8b4615651812875a4d67d6c9b56c2,16000000,16380,16380,362.266134,True,ok,174,183
414.8010734039397,67367e94,67,8,24406.270206,0.002258852258852259,True,67367e94,1025,24412.737394,363.938053,-1.1302808302808303,418.9891941391941,-1.706043956043956,1023.7499999999999,24767.588334,354.85094,d7ddcedffea9c310ddd6bd69d05fde297b85d624558c448d74655923c8291b77,16000000,16380,16380,361.318128,True,ok,125,142
869.6296875004659,4cce69de,68,8,24769.92892,0.0057692307692307696,True,4cce69de,1025,24776.685236,363.658714,-0.6347985347985348,873.2645299145299,-1.7977411477411478,1023.7499999999999,25131.595156,354.90992,1baa5f8633af8c1cc019e2e871c8af67c1521092d28aa56a94ff0579ecb05710,16000000,16380,16380,361.666236,True,ok,170,198
59.51784530928303,d818e5d7,69,8,25133.097754,0.0,True,d818e5d7,1025,25139.623082,363.168834,-0.9703296703296703,69.86794871794872,-3.0673382173382175,1023.7499999999999,25495.048317,355.425235,bd973261fcd1876fe54ab4bfe05534080b6ea8c071af5f3e217fee3d0a966df4,16000000,16380,16380,361.950563,True,ok,46,51
52.414469736612595,f1720158,70,8,25497.989852,0.0,True,f1720158,1025,25504.68961,364.892098,0.3525641025641026,56.59242979242979,-2.0133699633699633,1023.7499999999999,25859.582517,354.892907,d6638fba173b68e4882f0d351138127721573b81de0690c9736b1921a63ce5c8,16000000,16380,16380,361.592665,True,ok,46,46
64.64843986904427,6ba16660,71,8,25860.954687,0.0,True,6ba16660,1025,25867.654265,362.964835,1.4690476190476192,70.52380952380952,-1.928021978021978,1023.7499999999999,26222.581885,354.92762,3f93f0e6790c14b696703be13be29a5b26f09ba5e2d5233d641a26247a84404f,16000000,16380,16380,361.627198,True,ok,70,76
419.4586267798814,33a48f9e,72,8,26223.829048,0.0,True,33a48f9e,1025,26230.60432,362.874361,-2.7713064713064712,471.93473748473747,-6.692979242979243,1023.7499999999999,26585.605177,355.000857,e8bda3d57edbb1e1e7b4456fff2a393397334306216771a158dd840d8be6e65d,16000000,16380,16380,361.776129,True,ok,115,116
1376.663769062304,ced6e984,73,8,26587.424084,0.0,True,ced6e984,1025,26594.791507,363.595036,-1.11990231990232,1378.5032967032967,-0.765079365079365,1023.7499999999999,26949.614898,354.823391,7265851e2670e7924276aaf557cc1b83f1925d0d9780e811c7f7715466ec7175,16000000,16380,16380,362.190814,True,ok,106,107
195.18558824230982,f2309b6c,74,8,26951.298249,0.00030525030525030525,True,f2309b6c,1025,26957.800482,363.874165,0.10885225885225885,197.57313797313796,-1.5413308913308914,1023.7499999999999,27312.6349,354.834418,ae491eed8582e552dd603f442e8ac76a568bea6006f745a637e23401cb6871f1,16000000,16380,16380,361.336651,True,ok,144,135
44.56732226530761,f22f4e66,75,8,27313.989107,0.0,True,f22f4e66,1025,27320.82312,362.690858,0.021733821733821733,49.57741147741148,-2.2382173382173383,1023.7499999999999,27675.63254,354.80942,80e25b55ec86e34944f81676405f75d69ffd8dd6065fbc2d41e46cff79e7c0d6,16000000,16380,16380,361.643433,True,ok,41,42
55.20276020445434,231f1f00,76,8,27676.934317,0.0,True,231f1f00,1025,27683.657299,362.94521,0.3758852258852259,60.494566544566545,-2.2694749694749694,1023.7499999999999,28038.635038,354.977739,3e2e65f95bc205c06e26e80adf9146cb0e46fd7fc122f63096be3e718945ae28,16000000,16380,16380,361.700721,True,ok,46,48
49.170000696969566,9035f659,77,8,28040.279254,0.0,True,9035f659,1025,28049.720999,363.344937,-0.34224664224664225,51.593711843711844,-1.5187423687423687,1023.7499999999999,28402.65474,352.933741,e3e208de187fc7d84a36d0d613ffae5a70898d301655a78717e51a49b1f22576,16000000,16380,16380,362.375486,True,ok,43,44
439.7571769900158,4cfbd234,78,8,28404.125668,0.0,True,4cfbd234,1025,28410.666605,363.846414,-1.8863858363858363,498.56190476190477,-7.432783882783883,1023.7499999999999,28765.71798,355.051375,e9da0bdf8d4edbf326b0263d417c3b3944800b5852427e040b887f75941fca69,16000000,16380,16380,361.592312,True,ok,117,120
38.227956537425406,b39399ff,79,8,28768.125353,0.0,True,b39399ff,1025,28774.550591,363.999685,-0.3691697191697192,43.215262515262516,-2.2025030525030527,1023.7499999999999,29129.661377,355.110786,391fff08d5363571c78fab31fed65089b5973cf0ebadd13b8882510d44291985,16000000,16380,16380,361.536024,True,ok,35,37
45.53345356990045,abd30f0a,80,8,29130.961391,0.0,True,abd30f0a,1025,29137.819849,362.836038,-0.668009768009768,53.00769230769231,-2.651037851037851,1023.7499999999999,29492.653327,354.833478,3ca06abf39256b2814ed03c083e4974e5427d0f6f7d493b7bc3d48a0eb8da766,16000000,16380,16380,361.691936,True,ok,40,41
416.2059143085242,ce3393fa,81,8,29494.022533,0.0,True,ce3393fa,1025,29500.567948,363.061142,-3.8974358974358974,460.41959706959705,-5.387362637362638,1023.7499999999999,29855.676818,355.10887,32f4674f5736dfb134d419ded569841e2090f2ad5c23fd19bf7c24f00018c6d6,16000000,16380,16380,361.654285,True,ok,116,117
1423.6676598333831,e235d716,82,8,29857.533287,3.0525030525030525e-05,True,e235d716,1058,29864.906661,363.510754,-1.226984126984127,1426.7310744810745,-1.2481684981684982,1023.7499999999999,30219.673921,354.76726,2f1c4f07558f3b6c716494c208274786c4cbed41d631f8b7ecf617450e76a651,16000000,16380,16380,362.140634,True,ok,121,122
36.59762460101288,2b5de6ee,83,8,30220.99769,0.0,True,2b5de6ee,1025,30227.597038,363.464403,-0.13424908424908424,39.91282051282051,-1.8158119658119658,1023.7499999999999,30582.683101,355.086063,081259cd024dfb98a8f2db8ea8bb2b226bb913a2488820dc0f409969bb73c4e5,16000000,16380,16380,361.685411,True,ok,37,39
40.99004592544886,5d9426c1,84,8,30583.834854,0.0,True,5d9426c1,1025,30590.61281,362.837164,0.4951770451770452,44.093162393162395,-1.6905372405372405,1023.7499999999999,30945.722849,355.110039,0613ac4afe4690950a8b0103b9b8945f2f9ef2a749a85c5465afae0f59952ea9,16000000,16380,16380,361.887995,True,ok,36,36
43.24486899208511,425de6b4,85,8,30947.331968,0.0,True,425de6b4,1025,30954.652292,363.497114,1.4654456654456653,48.53858363858364,-1.7737484737484737,1023.7499999999999,31309.716981,355.064689,7c7d11447e44654c01ceff42e592391e218acb32b2f6d459434297bbcd44d023,16000000,16380,16380,362.385013,True,ok,41,41
44.04749577718442,213a29f1,86,8,31311.996201,0.0,True,213a29f1,1025,31318.593395,364.664233,0.9381562881562882,48.54993894993895,-1.9032356532356531,1023.7499999999999,31673.722967,355.129572,05573845e38d7bc1887aff973dc8c1cc8f9119a7215c3fe0a4cf748440f420fc,16000000,16380,16380,361.726766,True,ok,40,43
36.90696997514763,14dfca4b,87,8,31675.456422,0.0,True,14dfca4b,1025,31682.545217,363.460221,1.1225885225885226,40.53986568986569,-1.5403540903540904,1023.7499999999999,32037.726186,355.180969,14538db4ea59e1a09a71e687129c79b7a43b82a5f5e1a30a71c4f6929370b810,16000000,16380,16380,362.269764,True,ok,35,37
55.580478974627326,6acb6671,88,8,32039.505147,0.0,True,6acb6671,1025,32046.827224,364.048725,0.01703296703296703,58.61959706959707,-1.7432234432234432,1023.7499999999999,32401.755521,354.928297,59e20e02a0742f0d894010a34279e004d8832334217ceb284f0be24924095550,16000000,16380,16380,362.250374,True,ok,43,46
44.6789796179265,d12c6c17,89,8,32402.945105,0.0,True,d12c6c17,1025,32409.529384,363.439958,0.3482295482295482,49.750732600732604,-2.224969474969475,1023.7499999999999,32764.745096,355.215712,f89fe8dfc79a486816d377bb3595c1bfb114803804711e46cab7ca3e41b504a7,16000000,16380,16380,361.799991,True,ok,36,37
47.99658277687582,8a7bbe75,90,8,32766.426743,0.0,True,8a7bbe75,1025,32773.604587,363.481638,1.868986568986569,54.66105006105006,-1.7808302808302807,1023.7499999999999,33128.759922,355.155335,e31f994094eafee21382b1b2ce545487afe603cac316f9739d00e71fbbe21cb4,16000000,16380,16380,362.333179,True,ok,39,41
28.4341171818278,fadf0833,91,8,33130.778397,0.0,True,fadf0833,1025,33137.540684,364.351654,-1.1626984126984128,33.47130647130647,-1.9197191697191698,1023.7499999999999,33492.765378,355.224694,0f7a8ab67ff9ac1a8db627f2aa647820e2616caf5ae48f19ee5096c4760539c8,16000000,16380,16380,361.986981,True,ok,34,35
415.4050248560963,a9d82760,92,8,33494.105538,0.0,True,a9d82760,1025,33500.617339,363.327141,4.503663003663004,483.67026862026864,-6.926923076923077,1023.7499999999999,33855.779966,355.162627,c9e3a9ea30bb25e56d41f9035a72bb866c32bcaa115516b92352f0276942ee70,16000000,16380,16380,361.674428,True,ok,110,120
44.13947371343892,49f97611,93,8,33857.754148,0.0,True,49f97611,1025,33864.641231,363.64861,-0.346031746031746,48.71471306471307,-2.110805860805861,1023.7499999999999,34219.783296,355.142065,ea1854faa287d6e6c41e0596b73420b583b9bef6e1c74727ee70e32eade08f79,16000000,16380,16380,362.029148,True,ok,68,75
522.8236626011351,88e17d65,94,8,34222.244711,0.0006715506715506716,True,88e17d65,1025,34229.59976,364.490563,0.13882783882783883,524.3921855921856,-1.2446886446886447,1023.7499999999999,34584.752144,355.152384,c6c926ec88354414795f4123744aaf6b27c0293aeab1b00fcd07eb8df0b7d658,16000000,16380,16380,362.507433,True,ok,188,195
51.719833591994764,2a4bd7c8,95,8,34586.035136,0.0,True,2a4bd7c8,1025,34592.679979,363.790425,0.6902319902319902,56.40952380952381,-2.0526251526251524,1023.7499999999999,34947.768532,355.088553,2c55f2709fafa28540b0b49cf1ae477428135454730db636369c639f03ecfe5e,16000000,16380,16380,361.733396,True,ok,40,41
68.2118820824407,bff432aa,96,8,34948.781742,0.0,True,bff432aa,1025,34955.622336,362.746606,1.0054945054945055,73.73009768009769,-2.123015873015873,1023.7499999999999,35310.791479,355.169143,4b0627c626c63d793d76e7afb36e3589742cc39faf052ac450488bdc1a0d6d37,16000000,16380,16380,362.009737,True,ok,55,49
533.4666088629184,7564d3dd,97,8,35311.911692,0.0020757020757020757,True,7564d3dd,1025,35318.666504,363.12995,0.3724053724053724,535.8200854700855,-1.4882173382173383,1023.7499999999999,35673.826738,355.160234,64a1c963b9f18d7ffe4edc65b7c063c7ed70088ca0ca0c196fc8b22ab435867e,16000000,16380,16380,361.915046,True,ok,153,160
466.61759550346545,69612249,98,8,35675.85899,0.002655677655677656,True,69612249,1025,35682.629822,363.947298,0.5204517704517705,470.1677045177045,-1.8108669108669109,1023.7499999999999,36037.81838,355.188558,e91c4415bad395d2e1ada835e3b3bc73e45b09636b7f5b1ca7c658e6db4f8e07,16000000,16380,16380,361.95939,True,ok,117,119
427.5926577089305,8de705e3,99,8,36040.304141,0.002136752136752137,True,8de705e3,1025,36047.60601,364.445151,0.7786935286935287,430.05280830280833,-1.3615384615384616,1023.7499999999999,36402.801427,355.195417,7c8db66012b6a954ab6a5407a26179aaed941721bde87467e5988705a18fa524,16000000,16380,16380,362.497286,True,ok,147,155
1021.7652287439192,19db3ba5,0,8,36404.109527,0.0,True,19db3ba5,411,36409.96289,363.805386,-1.0717338217338217,1023.3636752136753,-0.6706959706959706,409.5,36764.848721,354.885831,1267da2bc4ada1f569dd1085446853fe61f319b8c105e75fbc80dd61432375be,40000000,16380,16380,360.739194,True,ok,110,109
387.5299012539488,02acb21f,1,8,36766.317645,0.0003663003663003663,True,02acb21f,411,36772.961075,362.208118,-0.009096459096459097,391.16019536019536,-1.9053113553113552,409.5,37127.836736,354.875661,744c9ab1db386fcc40374534aeb6cc05a2d897bfd9740c4bc923a5b626cab6a0,40000000,16380,16380,361.519091,True,ok,155,168
817.8208261288299,ccd9c67f,2,8,37129.491802,0.004395604395604396,True,ccd9c67f,411,37135.894998,363.174157,-0.39395604395604394,820.1258852258852,-1.4662393162393161,409.5,37490.831651,354.936653,c372b19bf15bedd8878a6180ac8a9825afe9724cef98989c4190476889dd7a39,40000000,16380,16380,361.339849,True,ok,172,181
30.07357699314659,e8555074,3,8,37492.057495,0.0,True,e8555074,411,37497.854281,362.565693,-0.4253357753357753,30.97979242979243,-0.8516483516483516,409.5,37852.852952,354.998671,3d797825431de569283dcc15e945680fde039e8caf2d7f24f733b6b6870ddeab,40000000,16380,16380,360.795457,True,ok,34,35
1018.8586829996079,1eb79a8f,4,8,37853.974056,0.0039987789987789985,True,1eb79a8f,411,37859.918262,361.916561,-0.1841880341880342,1023.0474358974359,-2.038339438339438,409.5,38214.860023,354.941761,e6f6c1eddba331863c9a30f7c5b8d44bffa9d627496d297b68d6e0a2c48425eb,40000000,16380,16380,360.885967,True,ok,213,230
377.6950194294242,6b5529b9,5,8,38216.284663,0.0,True,6b5529b9,411,38222.888929,362.310607,-0.7931623931623931,412.8343711843712,-5.874542124542124,409.5,38577.878158,354.989229,b2544986e724ac5433032e6b0d16385cb9d2b0663afa9cd184b5aa5e641fd2da,40000000,16380,16380,361.593495,True,ok,107,105
947.4367127896523,e8fddd15,6,8,38579.383151,0.004334554334554335,True,e8fddd15,411,38585.846019,363.098488,0.12765567765567765,949.4253357753357,-1.4043956043956043,409.5,38940.929658,355.083639,31001f388557b775d98359a9f3005a9489449be3515114673cda55c7d66f5a90,40000000,16380,16380,361.546507,True,ok,193,209
29.97106587890471,da285e40,7,8,38942.912706,0.0,True,da285e40,411,38948.876198,363.529555,-0.667032967032967,32.68876678876679,-1.5075702075702075,409.5,39303.878188,355.00199,95514a90cb971f23f34bf706b57332721a938a932954e21718ddc0e1fa188486,40000000,16380,16380,360.965482,True,ok,34,32
86.90328902172308,e8e94cdf,8,8,39305.2879,0.0,True,e8e94cdf,411,39312.036359,362.375194,-1.7304029304029305,97.79615384615384,-2.8104395604395602,409.5,39666.915096,354.878737,936a75795e7a2223ac83246128b3c8f80d5e197de19c48f3be67df1570018547,40000000,16380,16380,361.627196,True,ok,51,55
45.64858632955703,5ac46c96,9,8,39668.720497,0.0,True,5ac46c96,411,39674.855474,363.432597,-0.328021978021978,46.713308913308914,-0.9783272283272283,409.5,40029.88728,355.031806,eb698ef332e7da36204845362bf8d5cbd9aa6fe81f3a74b377a9af9acc5733ab,40000000,16380,16380,361.166783,True,ok,39,40
35.07665564560253,e68a7f83,10,8,40031.05336,0.0,True,e68a7f83,411,40036.910721,362.332863,0.021855921855921855,36.40103785103785,-1.1506105006105005,409.5,40391.915502,355.004781,cf170d5928e0fb85fcbb85f591234dde5d8171d5a98bf94297fa5b6f08f0f6fe,40000000,16380,16380,360.862142,True,ok,38,40
1223.0951505528797,0ef74a41,11,8,40393.653586,0.007600732600732601,True,0ef74a41,411,40400.088521,362.600226,-0.5831501831501832,1225.5978021978021,-1.4705738705738707,409.5,40754.915576,354.827055,0e276b34a58abb5bb4edb53b98958adc2efbf7e1db84ae0f371ed2a501f5f42c,40000000,16380,16380,361.26199,True,ok,185,197
427.47976569895985,45820f75,12,8,40756.557768,0.0,True,45820f75,411,40762.977705,362.904182,-4.101587301587301,465.95311355311355,-4.652991452991453,409.5,41117.939303,354.961598,7c7e7dfe755f7e4252b65460a1ab99757486837ba74e8398f302cea7817489af,40000000,16380,16380,361.381535,True,ok,110,118
372.21384601594315,2ad9aa90,13,8,41119.764482,0.0017704517704517705,True,2ad9aa90,411,41125.958862,363.206714,-0.244017094017094,373.3495115995116,-1.0373626373626375,409.5,41480.925167,354.966305,88e45530e5eaffdf17e60c2f3d5aff91f06dba3933f27b20967e027e109ebc51,40000000,16380,16380,361.160685,True,ok,146,154
1398.4350009429588,53acf1d8,14,8,41482.583379,0.0007936507936507937,True,53acf1d8,411,41488.818806,362.818897,-1.1186202686202686,1400.7222832722832,-1.0178266178266178,409.5,41843.949663,355.130857,bf3ba7f314bd64702f51677daedd732b80ec689ee1ca25dc32ce91548fa2b693,40000000,16380,16380,361.366284,True,ok,111,115
61.62729247824486,aa1ba903,15,8,41845.43084,0.0,True,aa1ba903,411,41851.899379,362.847461,-0.3401709401709402,63.80866910866911,-1.4372405372405372,409.5,42206.924904,355.025525,1d671364829672726fe38bf057abe21547c1affc9eabbfca7e6094fee8776299,40000000,16380,16380,361.494064,True,ok,46,48
2295.90231258973,6753c1e1,16,8,42208.386734,0.0062271062271062275,True,6753c1e1,411,42214.914906,362.955894,-0.971978021978022,2297.518192918193,-0.8192307692307692,409.5,42569.955488,355.040582,b281ac62f6b0be510411545f3092802e76028a5801bf9f966d94975f1ae8ca50,40000000,16380,16380,361.568754,True,ok,210,226
58.227306682260895,7cc2246d,17,8,42571.829339,0.0,True,7cc2246d,411,42577.984043,363.442605,1.4106227106227107,69.02008547008548,-2.966971916971917,409.5,42932.947749,354.963706,320e7741b9d112e19caa06087224095a7d52faf13814c81bf1153b708e3f7c7f,40000000,16380,16380,361.11841,True,ok,43,45
1165.922127833163,c555b535,18,8,42934.357661,0.0001221001221001221,True,c555b535,411,42940.896022,362.528322,-0.8078144078144078,1167.2281440781442,-0.8083638583638584,409.5,43295.980514,355.084492,26e0cb6c3a7b29403906cee9c7bcd3455bddea8ef038024c5953c36e72a6e02c,40000000,16380,16380,361.622853,True,ok,106,111
45.939844370796756,779ea8a9,19,8,43297.995874,0.0,True,779ea8a9,411,43303.816024,363.638213,0.6280830280830281,51.136263736263736,-2.1913308913308915,409.5,43658.937916,355.121892,13dda6cf25d3d1e266e7e3218b4edbf968e00e6098c5f0f4c44dac43490519c6,40000000,16380,16380,360.942042,True,ok,44,42
54.98847602946503,b5405590,20,8,43660.253499,0.0,True,b5405590,411,43666.808622,362.257625,0.3476190476190476,60.71562881562882,-2.367765567765568,409.5,44021.967895,355.159273,996e7453724e4c8afd67395b07318c8f3c8866ebb2e42a54b4527ca164610148,40000000,16380,16380,361.714396,True,ok,47,46
989.5786841736475,7b74af96,21,8,44023.275794,0.003968253968253968,True,7b74af96,411,44029.825576,363.022295,0.2482905982905983,989.8460317460317,-0.45354090354090354,409.5,44384.982722,355.157146,da309362b8e693051942e16bbe95d4aa04383e5417911157179898a7c0e373b3,40000000,16380,16380,361.706928,True,ok,209,235
1312.72236796713,d016eac5,22,8,44386.128754,0.0006105006105006105,True,d016eac5,411,44392.981621,362.85296,-1.2326007326007327,1314.4373626373626,-0.44236874236874235,409.5,44748.00901,355.027389,516288983c38bd23cea73be110f2eea158c88a19cecf360d35d18376f87dc430,40000000,16380,16380,361.880256,True,ok,173,183
27.130837761139958,3f58a5e7,23,8,44750.365606,0.0,True,3f58a5e7,411,44756.867157,364.236852,-0.6893772893772894,29.89969474969475,-1.5144688644688644,409.5,45112.01293,355.145773,d83cecf8bad757f5991384f86146ab5caf0f883f11d02f65a6b7a28789ec06ac,40000000,16380,16380,361.647324,True,ok,29,29
1063.6043743114164,42a19562,24,8,45113.791491,9.157509157509158e-05,True,42a19562,411,45119.826327,363.425885,-1.4311355311355312,1066.025457875458,-0.6106837606837607,409.5,45475.012274,355.185947,8ca956f0344ac32d52fb57218f8f974193e85b06cd89046671ae5da690470976,40000000,16380,16380,361.220783,True,ok,98,100
1307.0294425249826,d789d6bd,25,8,45476.771087,0.0006105006105006105,True,d789d6bd,411,45482.80945,362.979596,-0.1959096459096459,1307.7541514041513,-0.8284493284493285,409.5,45837.998352,355.188902,7af26a8c26e1be182f654e28fe052637b33185688752c58acece6a876fff2604,40000000,16380,16380,361.227265,True,ok,206,203
90.59619458719276,9ffdc448,26,8,45839.446937,0.0,True,9ffdc448,411,45845.807902,362.67585,-0.18937728937728937,103.20250305250305,-3.5454822954822953,409.5,46201.006761,355.198859,0ec90e3cad052a2722330433951311474e8a8e50c41f4b3dfc84375a68bd5d0d,40000000,16380,16380,361.559824,True,ok,54,56
1422.9055780672998,129a167e,27,8,46202.433945,0.00030525030525030525,True,129a167e,411,46208.861065,362.987008,-0.6247863247863248,1424.256288156288,-0.9799755799755799,409.5,46564.019586,355.158521,ec7bd38763f0606ab344803287fc5959e5c3c665ce819fcb9a9184b9d3ce84b5,40000000,16380,16380,361.585641,True,ok,192,192
1276.6413326318911,bc5720b7,28,8,46565.610571,0.0005494505494505495,True,bc5720b7,411,46572.056457,363.176626,-0.817032967032967,1277.8421855921856,-0.7302808302808302,409.5,46927.072627,355.01617,58e12e5cf8617b6d9fd96d50f48ba03303d09184e77fd5fb392e098d8429cb35,40000000,16380,16380,361.462056,True,ok,106,107
53.771316217699,079736fc,29,8,46929.634022,0.0,True,079736fc,411,46935.825164,364.023451,1.8943833943833943,62.04255189255189,-2.163919413919414,409.5,47291.022606,355.197442,a60cc0ca16dfc80bb05de3f161fc321785e400158ea73e811cc14a41d879df89,40000000,16380,16380,361.388584,True,ok,46,47
85.2297883001546,36af781b,30,8,47292.663415,0.0,True,36af781b,411,47298.822597,363.029393,-0.3236874236874237,89.82026862026862,-2.117948717948718,409.5,47654.01027,355.187673,14ff6c98a52ff9aba6980499ae55316d993a296742068d418a9d27097c3c7631,40000000,16380,16380,361.346855,True,ok,52,56
67.26120051329758,6e2f9140,31,8,47655.234129,0.0,True,6e2f9140,411,47661.837052,362.570714,0.7598901098901099,72.55744810744811,-2.172283272283272,409.5,48017.029413,355.192361,56ca84a88af8f71b57e7e16928f02208e4e0feb6e78d2b3c22e0515abc67a959,40000000,16380,16380,361.795284,True,ok,48,49
55.14631868504579,276f10de,32,8,48018.391564,0.0,True,276f10de,411,48024.880231,363.157435,0.4073870573870574,60.19859584859585,-2.2105006105006106,409.5,48380.058502,355.178271,ec09f6e95eea8f3e9e4cee029ff6799f0a2babce938f63a83835b123a1581d7a,40000000,16380,16380,361.666938,True,ok,40,43
1238.2750600139245,5cf7e6c5,33,8,48381.42938,0.0004884004884004884,True,5cf7e6c5,411,48387.970005,363.037816,-0.8713064713064713,1239.8860805860807,-0.922954822954823,409.5,48743.061471,355.091466,bb3c50e4217b01b7efdaffe7a3d9f5d0e5460109df8dcc8bdc1de1ff477789bc,40000000,16380,16380,361.632091,True,ok,120,119
29.761898463088936,adc53cb8,34,8,48744.11631,0.0,True,adc53cb8,411,48750.867614,362.68693,-0.6701465201465201,33.74920634920635,-1.881013431013431,409.5,49106.04369,355.176076,b0c023585de8fcca8191a41434c3b7c60f94693af602b41db2cb0c0edb4d37f4,40000000,16380,16380,361.92738,True,ok,31,33
46.263498321309676,cc916e06,35,8,49107.110231,0.0,True,cc916e06,410,49113.857467,362.993921,-0.721001221001221,50.046459096459095,-1.8064102564102564,409.5,49469.059159,355.201692,50918753aa2d62a386273f51250636764399772ede711956014c12471048ae13,40000000,16380,16380,361.948928,True,ok,43,41
46.88503750218036,1244bac1,36,8,49470.590471,0.0,True,1244bac1,411,49476.852838,363.48024,-1.1007326007326008,51.904151404151406,-1.9512820512820512,409.5,49832.082633,355.229795,5ed936207b906e389a7e78af7d87ee2e5e97f0af9bc86b23291e54e47f08cb53,40000000,16380,16380,361.492162,True,ok,38,41
354.09522367877673,300d5ccf,37,8,49834.605163,0.0,True,300d5ccf,411,49840.867992,364.014692,-0.21868131868131868,393.62869352869353,-6.283760683760684,409.5,50196.06896,355.200968,aecfd00adb7fdbff2fc279245fd8b24a15cde60afff1de35a6e8615c78e76209,40000000,16380,16380,361.463797,True,ok,98,103
410.22764837997437,ced6d36f,38,8,50197.536501,0.0,True,ced6d36f,411,50203.22974,362.931338,0.6982295482295482,444.7764346764347,-5.836202686202686,409.5,50559.097149,355.867409,aaa2038bfbfe57b5829373bb8379d88ef33af2e0b3775af1a9451d9dc71f2423,40000000,16380,16380,361.560648,True,ok,115,117
44.5038084653103,d4fdc1f6,39,8,50560.594807,0.0,True,d4fdc1f6,411,50566.166877,363.058306,2.121123321123321,49.68083028083028,-0.8233211233211233,409.5,50922.096444,355.929567,1e60619bbf91a985030aabb39c354d8f8f50b6b13ea88f66ec9dfc5fb2bf49e7,40000000,16380,16380,361.501637,True,ok,44,42
1083.159644493344,bc831f60,40,8,50923.752592,0.0005189255189255189,True,bc831f60,411,50929.231606,363.157785,-0.7319902319902319,1084.4166056166057,-0.8492063492063492,409.5,51285.09785,355.866244,d5a1d232e6f5d546d8d4f55a11764cf9c718b02bde3c2b807c4c9343a83ba0b1,40000000,16380,16380,361.345258,True,ok,119,136
782.8649576525768,c011ccb7,41,8,51287.136052,0.0003357753357753358,True,c011ccb7,411,51293.967959,363.38346,-0.3813186813186813,783.7150183150184,-0.8394383394383395,409.5,51649.127884,355.159925,b731b9c5d3ce9fe1515cef9a98635d95430aad4aca65790aa577a9b75d383a1c,40000000,16380,16380,361.991832,True,ok,167,175
348.8672167508248,9ebc4449,42,8,51650.659356,0.0,True,9ebc4449,411,51656.261663,363.523304,-0.006043956043956044,376.2965811965812,-5.237301587301587,409.5,52012.093982,355.832319,8abd6a80a9ec804cf7ea213a28c65d0d04ea17d1261f6dfe1d3f056c0a2ab05d,40000000,16380,16380,361.434626,True,ok,98,101
408.9588737978207,02965372,43,8,52013.430705,0.0,True,02965372,411,52019.305107,362.771349,-2.5366910866910866,455.8923687423687,-6.3638583638583635,409.5,52375.12006,355.814953,2afc163c6d7510f82c79ab57fbd89e78e534597377cf89f05f1628626e74a32e,40000000,16380,16380,361.689355,True,ok,112,116
86.10555352800775,e6dc4877,44,8,52376.572072,0.0,True,e6dc4877,411,52383.041482,363.141367,-1.5146520146520146,92.42222222222222,-2.0056166056166056,409.5,52738.237571,355.196089,bf5a3f8b23c6bf0dab611dfbc32f0a2693103217b04d44ecac243134786ef678,40000000,16380,16380,361.665499,True,ok,52,57
29.008225787575604,fcbae1ed,45,8,52740.024969,0.0,True,fcbae1ed,411,52746.239295,363.452897,-0.37051282051282053,30.004578754578755,-0.9268620268620269,409.5,53102.126484,355.887189,752ad6c2e40910604f299371920bbc98bc36c14358c7d203eaad1e8df6a24daf,40000000,16380,16380,362.101515,True,ok,35,34
29.448064809969573,b3a6be89,46,8,53103.253179,0.0,True,b3a6be89,411,53109.296391,363.22821,0.4874236874236874,31.368986568986568,-1.2974358974358975,409.5,53465.139834,355.843443,fdeead9543bd06c49ee4d8e94fae5bfaf8c3234c2d2749a958de20194d8728e0,40000000,16380,16380,361.886655,True,ok,30,32
35.31972538281146,4861ddf9,47,8,53466.688248,0.0,True,4861ddf9,411,53472.305242,363.435069,-0.37716727716727716,37.02631257631258,-1.2507326007326007,409.5,53828.185605,355.880363,3d8cdad823dfa507c23e50ee2d05534c6d5dd6d4f6f3619b29c37ad600ebcded,40000000,16380,16380,361.497357,True,ok,40,42
28.740728064839782,0cfbbaa0,48,8,53830.355337,0.0,True,0cfbbaa0,411,53836.270687,363.667089,-0.09462759462759462,30.43888888888889,-1.2996947496947497,409.5,54192.150457,355.87977,a06560ccfcebc27afe093b8413c969dc9d863b61a841c11d2ae3076eb5472dc9,40000000,16380,16380,361.79512,True,ok,35,31
29.255858092524758,ec132b41,49,8,54194.165876,0.0,True,ec132b41,411,54200.278299,363.810539,-1.4547008547008546,35.53431013431013,-2.04017094017094,409.5,54556.178015,355.899716,89fe50cfe98b6ae52ba0294e5eab01b26c9cb8aa047288f0f89e2b80562e8f34,40000000,16380,16380,362.012139,True,ok,36,32
53.34208127410509,e51bdb27,50,8,54557.464242,0.0,True,e51bdb27,411,54563.55261,363.298366,0.6059218559218559,56.83119658119658,-1.7669108669108669,409.5,54919.153049,355.600439,98b964439f834debf9f71728d3d157ec9a580d5cead4b93c76fcfe6c6f5eb6f0,40000000,16380,16380,361.688807,True,ok,44,47
1707.2111680166258,dd0ef047,51,8,54920.443985,0.0004884004884004884,True,dd0ef047,411,54926.299431,362.979743,-0.4416361416361416,1708.4813186813187,-1.036874236874237,409.5,55282.176712,355.877281,d3393335478b6bd43ee91269e4f7df60629980e34d12db0d57d55bbc360f2007,40000000,16380,16380,361.732727,True,ok,206,221
1173.9023530810525,5c0d7f67,52,8,55283.572497,0.00021367521367521368,True,5c0d7f67,411,55289.290452,363.128512,-0.5923687423687424,1174.6717948717949,-0.646947496947497,409.5,55645.204352,355.9139,3a4db7b06d1d44f534c4c771c527d6a57cccd67ea555e9a354b69aaeec5aa3b3,40000000,16380,16380,361.631855,True,ok,189,192
191.37862328757933,269cd8f6,53,8,55647.980703,0.0004578754578754579,True,269cd8f6,411,55654.335415,364.408206,-0.5836996336996337,194.16288156288155,-1.5631868131868132,409.5,56009.235653,354.900238,fe27bde8ed924f4858477dd38f5925e9c451a12d4e4f530da25b3807e1b7f781,40000000,16380,16380,361.25495,True,ok,122,136
28.139935576904442,f7ea98ca,54,8,56010.437281,0.0,True,f7ea98ca,411,56016.315309,362.456578,-1.0363247863247864,29.883943833943835,-0.8185592185592185,409.5,56371.240922,354.925613,a9a648a5732c5fe02ad20853cb7a70c837700b08467ae4c1ae3590b3bd9ce596,40000000,16380,16380,360.803641,True,ok,35,34
902.0893400928198,5e153530,55,8,56372.258019,0.0,True,5e153530,410,56378.322832,361.820738,-1.3075702075702076,906.7722832722833,-1.7242979242979244,409.5,56733.266519,354.943687,04cf660c2d379016dc88b9812138bfb250eaf91d9e95f427c8509e4d10ca9037,40000000,16380,16380,361.0085,True,ok,171,180
39.17377888323859,3bd390ff,56,8,56734.71783,0.0,True,3bd390ff,411,56740.385029,362.459811,-0.18186813186813186,46.717399267399266,-2.7405372405372406,409.5,57095.281976,354.896947,94f3d428cc51d9fc6ca4c60eee1e97e5f133f67db36a7aa78e0944fb562d4629,40000000,16380,16380,360.564146,True,ok,37,36
36.96435982041293,ba2565c5,57,8,57097.098739,0.0,True,ba2565c5,411,57103.366497,362.380909,-0.14249084249084248,39.2454822954823,-1.5036019536019536,409.5,57458.281696,354.915199,ae16555d6c062a48c98e4ae4fb8c9274586e443c996968fe3cf0c485289c03a6,40000000,16380,16380,361.182957,True,ok,37,38
44.59732245539022,e8971ca0,58,8,57459.823257,0.0,True,e8971ca0,411,57466.023156,362.724518,0.16294261294261295,51.97002442002442,-2.7103785103785105,409.5,57821.237743,355.214587,c5dfa4e34f3f4cc4c47c908292fa3dc52eadca93d3c5ff46af74ea444542b78a,40000000,16380,16380,361.414486,True,ok,40,41
1636.078127123521,7a62c318,59,8,57822.38128,0.0031746031746031746,True,7a62c318,410,57828.331515,362.558023,-1.6053113553113554,1639.9490231990233,-1.1374847374847374,409.5,58184.207003,355.875488,57a1220abd01f97b704efee3ccad87e45d38e7abca5d3f63ca788e7a7e1a90bb,40000000,16380,16380,361.825723,True,ok,186,199
23.537107967666575,dbeda879,60,8,58185.318239,0.0,True,dbeda879,411,58191.390195,362.936959,-1.1419413919413919,27.23021978021978,-1.5456654456654457,409.5,58546.354133,354.963938,2d79afc23d5b799cc977fab907c13b4b50fd13c647c1c422f9201db112513a24,40000000,16380,16380,361.035894,True,ok,28,28
27.425052850419153,094fe587,61,8,58548.503486,0.0,True,094fe587,411,58554.392876,363.185247,-1.1181318681318682,34.808302808302805,-2.4764957264957266,409.5,58909.322009,354.929133,7a924d7a9afe5bf1d0edd3a37813754b7efb437c91b7111c765f6b2bee317374,40000000,16380,16380,360.818523,True,ok,32,30
30.126063407830806,dc84599e,62,8,58910.475755,0.0,True,dc84599e,411,58916.40964,361.972269,-1.201037851037851,35.735836385836386,-2.0413919413919412,409.5,59271.306318,354.896678,a64022d230c484bd280416e0865fa67a1cbd17e1aec60044f82e9c9c439dc955,40000000,16380,16380,360.830563,True,ok,32,33
886.2064926255401,6ef4b3e6,63,8,59272.445276,0.004975579975579975,True,6ef4b3e6,411,59278.448802,361.969521,-0.058363858363858365,889.6344322344322,-1.8505494505494506,409.5,59633.34022,354.891418,bf38b9152bb143f1d1805cca4988454c110cfbc2947e4045dc06927d2e889b1c,40000000,16380,16380,360.894944,True,ok,133,153
36.296995289678435,6d0c9685,64,8,59634.865751,0.0,True,6d0c9685,411,59640.358589,362.420475,-0.31495726495726495,42.62301587301587,-2.4953601953601954,409.5,59995.376857,355.018268,e47f4d2f8fec192cc29e5e47c5dc2221ca93b304f6826be5cfc42476dfe115f4,40000000,16380,16380,360.511106,True,ok,34,34
1039.7981659637337,2935ce89,65,8,59997.35213,0.00641025641025641,True,2935ce89,411,60003.394149,362.486379,-1.0896214896214895,1042.2837606837606,-1.1394383394383394,409.5,60358.322683,354.928534,4818e22100030d95429bc2fe72e7e68987086e69a41a9aec843cec064a39277b,40000000,16380,16380,360.970553,True,ok,165,185
37.58116212406506,804d15eb,66,8,60359.416416,0.0,True,804d15eb,411,60365.395666,362.064286,-0.06275946275946276,40.96391941391941,-1.838156288156288,409.5,60720.35046,354.954794,652dbfb3db7b85814f54af008bae133b9301254140fd61805a2116599b84be8c,40000000,16380,16380,360.934044,True,ok,34,39
1002.3537156602724,5f8fd9a2,67,8,60722.267833,0.0,True,5f8fd9a2,411,60728.447423,362.851417,-0.9001221001221001,1005.6168498168498,-1.5661782661782662,409.5,61083.344758,354.897335,cced62416275f4f0e3ae3f6f9cfb618d1fb4b0e7bc05608667f4c6c70a50b907,40000000,16380,16380,361.076925,True,ok,199,205
37.75803376687076,bb7891fe,68,8,61084.785478,0.0,True,bb7891fe,411,61090.516427,362.517645,-0.0029914529914529917,42.57014652014652,-2.193650793650794,409.5,61445.438185,354.921758,1a12d2ece05e3628b51b04f2c9c4fa582374fc3b78e6418d3d488466b3b65bdb,40000000,16380,16380,360.652707,True,ok,36,34
47.27776633927733,c357cce3,69,8,61447.313489,0.0,True,c357cce3,411,61453.462641,362.528011,-0.24523809523809523,55.12875457875458,-2.791208791208791,409.5,61808.345425,354.882784,06ffebec1bcd2b95f6724348663f7532a80b745935617e972484629c3adbb731,40000000,16380,16380,361.031936,True,ok,40,44
50.814939829536904,1e1c7b52,70,8,61809.479283,0.0,True,1e1c7b52,411,61815.471017,362.165794,-1.2952991452991454,57.2997557997558,-2.1924908424908427,409.5,62170.384457,354.91344,1e68eb45989b18b3a17e3a11317dd3832fb00b2f180411c15575879b9392fadb,40000000,16380,16380,360.905174,True,ok,42,43
359.3015637276169,baf8b788,71,8,62171.978017,0.0,True,baf8b788,411,62178.465901,362.498734,-1.2241758241758243,368.91153846153844,-2.848046398046398,409.5,62533.407333,354.941432,5acdeef71d786765756dc9198bd580d9f922e6d2621c55cbfd1d40fe1e77ccd0,40000000,16380,16380,361.429316,True,ok,172,173
25.63982482583215,611e2666,72,8,62534.581698,0.0,True,611e2666,411,62540.440821,362.603681,-1.2056166056166056,31.306105006105007,-2.0525030525030523,409.5,62895.423059,354.982238,3630a3115b66132a5ce945f6484ab6c1ecac9cb79060b4a47c839fcad9f27d75,40000000,16380,16380,360.841361,True,ok,29,29
898.1736125236857,acbb172a,73,8,62898.405421,0.0005189255189255189,True,acbb172a,411,62904.579029,363.823723,-1.0973137973137974,901.4747252747253,-1.448107448107448,409.5,63259.369161,354.790132,7cb38ccaab8cf4f97c01a94bb3814fc1673dd26effc3a2c19e3dc6448326e1d9,40000000,16380,16380,360.96374,True,ok,132,136
1669.9586982956673,a5ed63b2,74,8,63260.733286,0.0002747252747252747,True,a5ed63b2,411,63266.485155,362.327865,-0.9171550671550671,1671.1004273504273,-0.5482295482295483,409.5,63621.373272,354.888117,3717e9d269b64b673fb80d3bf363b26c1ca693c7d11a4a4c39950db6043ec526,40000000,16380,16380,360.639986,True,ok,204,204
448.36604020657137,1da99892,75,8,63623.464345,0.0,True,1da99892,411,63629.518497,362.731059,-4.253296703296703,490.23321123321125,-4.876129426129427,409.5,63984.40999,354.891493,20f275d109fc386c5c5b820a119afbf2884e8f164527e44c817a154deecb6745,40000000,16380,16380,360.945645,True,ok,114,116
23.495721158505038,3401eb46,76,8,63985.733458,0.0,True,3401eb46,411,63991.605916,362.269113,-0.6566544566544567,25.382783882783883,-1.2065934065934065,409.5,64346.476325,354.870409,3a3cef2710c9608264ef63475efaa5a6ccd631e96b275f55ed7aab524c5f59fe,40000000,16380,16380,360.742867,True,ok,30,29
1609.272286388147,53d0c77b,77,8,64347.915583,0.0004578754578754579,True,53d0c77b,411,64354.638161,362.182125,-1.017094017094017,1610.8050061050062,-0.7058608058608059,409.5,64709.418661,354.7805,c17070888dca8c1071b9499c10451c54eb0f236e8f38b3d7aa522818b700b5d7,40000000,16380,16380,361.503078,True,ok,191,194
1730.8276250519932,e596fd96,78,8,64710.923552,0.011813186813186813,True,e596fd96,411,64717.606626,363.007969,-0.3924908424908425,1733.2992063492063,-1.5223443223443223,409.5,65072.445074,354.838448,83be7fea1f234d4c1181cb4266ed96c17e112642200c4efc58e90d7cc5cfa6d5,40000000,16380,16380,361.521522,True,ok,194,221
29.31562829383342,59ce93b9,79,8,65073.832934,0.0,True,59ce93b9,411,65079.53544,362.909382,-0.8196581196581196,34.48766788766789,-2.1213675213675214,409.5,65434.445411,354.909971,3167d8fb11d3cb41ec90ff0f7bc483a2ab23f24985c3f59a0f9ca32777117644,40000000,16380,16380,360.612477,True,ok,30,31
59.293106777227656,af862c18,80,8,65435.58976,0.0,True,af862c18,411,65441.585591,361.756826,0.5891941391941392,61.01550671550672,-1.1727106227106228,409.5,65796.448854,354.863263,5e8e1266b8a3736463f7a825b5efca3ceae0f317c030568de4af570be88a4fbb,40000000,16380,16380,360.859094,True,ok,42,44
1167.904830688576,8fecb7c2,81,8,65797.878914,0.0,True,8fecb7c2,410,65803.596868,362.289154,-0.9664835164835165,1169.7111721611723,-0.933943833943834,409.5,66158.48698,354.890112,ae240601eb90179db8d82d0dcfed45b6cecc16a7c25e9ba7648763852b696d02,40000000,16380,16380,360.608066,True,ok,99,99
46.001900878256194,4688e1cf,82,8,66160.458706,0.0,True,4688e1cf,411,66166.609201,362.579792,0.3733211233211233,48.392918192918195,-1.5005494505494505,409.5,66521.428046,354.818845,e9bc5ccca4349c14b931ac3dca2f62f4f8528d524a4010cf505d5caf2f4c349f,40000000,16380,16380,360.96934,True,ok,42,42
31.03228427860296,dec23c83,83,8,66523.104953,0.0,True,dec23c83,411,66529.679071,362.646247,-0.6752747252747253,32.51965811965812,-1.0155677655677655,409.5,66884.465704,354.786633,61fc24a16878eae1865678ad7ca49d5928b2a42eed062d995cffc49f6459a121,40000000,16380,16380,361.360751,True,ok,36,35
948.6504038062739,b998db0d,84,8,66886.767616,0.0003357753357753358,True,b998db0d,411,66892.585941,363.662663,-0.20335775335775336,951.1603785103786,-1.5711843711843712,409.5,67247.477121,354.89118,661de66da87cba4f5188372d887c6cce9527032aa5595f9dba695626ae0ce323,40000000,16380,16380,360.709505,True,ok,118,141
1436.4861086102205,15641892,85,8,67249.480036,0.0,True,15641892,411,67255.585415,362.71242,-0.921916971916972,1437.7796703296704,-0.666056166056166,409.5,67610.513213,354.927798,c1090f1173016607b0fd417a0183248a83ce6ffbe4b647897600244e51ef0574,40000000,16380,16380,361.033177,True,ok,105,105
54.90457878066853,c22da8cc,86,8,67612.520426,0.0,True,c22da8cc,411,67618.598694,363.04039,-1.3521367521367522,61.13388278388278,-2.097863247863248,409.5,67973.469073,354.870379,2ead3c68bdc53ae52d9d8e35ebd94f0e7d6ca578e6dab5331af17dee5515a4d0,40000000,16380,16380,360.948647,True,ok,42,46
55.48038477937745,e375c8e6,87,8,67974.91906,0.0,True,e375c8e6,411,67981.63168,362.398634,-0.8879731379731379,59.98473748473749,-1.9276556776556777,409.5,68336.454596,354.822916,686fb7b02272bc8df020c75f4a0a00cca32180ffac466726a6a13f08caaea9b4,40000000,16380,16380,361.535536,True,ok,47,46
71.74027147896196,7e00dd2e,88,8,68337.840823,0.0,True,7e00dd2e,411,68343.595938,362.921763,-0.9664835164835165,84.6473137973138,-3.4601953601953603,409.5,68698.468688,354.87275,a6b819b35bf36b334711f9309363bd1ea87f3423154c0fbb539cae6b95417018,40000000,16380,16380,360.627865,True,ok,48,47
25.316180949697436,7921f3c6,89,8,68699.96323,0.0,True,7921f3c6,411,68706.597881,362.122407,-1.9893772893772894,31.516117216117216,-1.4974358974358974,409.5,69061.509084,354.911203,34ddfd1083bf71861dad413795b8d4c2e25251dcea892d1e0f9b28591966bc0c,40000000,16380,16380,361.545854,True,ok,33,32
1159.110943148901,edc5bfa0,90,8,69063.83425,0.0004884004884004884,True,edc5bfa0,411,69069.611907,363.87102,-0.26562881562881563,1160.2261904761904,-1.022100122100122,409.5,69424.475977,354.86407,d47649cc9f89a7de91b82105b13606838d25cbc32cce327f8018afd722ae7349,40000000,16380,16380,360.641727,True,ok,189,210
46.941720802938754,bd4a94e0,91,8,69425.616138,0.0,True,bd4a94e0,411,69431.671231,361.781888,0.3401709401709402,49.07893772893773,-1.4217948717948719,409.5,69786.491599,354.820368,4f67986c8564c4785da395f4fee03985076d0dd9f85b30e46b286f7231463033,40000000,16380,16380,360.875461,True,ok,42,42
1207.0658419131405,3cc7ee0b,92,8,69788.287772,0.0004884004884004884,True,3cc7ee0b,410,69794.632875,362.671634,-1.2592796092796092,1210.5613553113553,-1.381929181929182,409.5,70149.543812,354.910937,f3131385b433803a35f68cdc1ac971be9873458b0445ae0f34f14d6013dad410,40000000,16380,16380,361.25604,True,ok,123,116
1359.211226763333,f6501c76,93,8,70151.052862,0.00057997557997558,True,f6501c76,411,70157.62203,362.76509,-0.796031746031746,1360.1953601953603,-0.592002442002442,409.5,70512.543184,354.921154,7a786993f0218c4aa2fc8a6e5d09893bd7dda2cddcb23a01e69b38fa30cf8a98,40000000,16380,16380,361.490322,True,ok,170,185
1910.788992379551,08298652,94,8,70515.341987,0.00021367521367521368,True,08298652,411,70521.607119,364.289125,-0.8023809523809524,1912.0741758241759,-0.8008547008547009,409.5,70876.518275,354.911156,98fcb9b1195b44ec7167b235df0f33b0b4cdea477a6d1f333574b04743054518,40000000,16380,16380,361.176288,True,ok,198,210
65.9795576516822,db146ac9,95,8,70878.044086,0.0,True,db146ac9,411,70884.571775,362.702099,-0.6395604395604395,73.71159951159952,-2.7061050061050063,409.5,71239.521852,354.950077,3db19967d7e345394a7daecec5b71219789a4fb204ee0fc2fb982bea6f8c95b8,40000000,16380,16380,361.477766,True,ok,47,52
1309.9752938155318,1c0492b1,96,8,71240.95639,0.0005189255189255189,True,1c0492b1,411,71247.749221,362.912304,-1.0394993894993896,1312.6787545787545,-1.2739316239316238,409.5,71602.531159,354.781938,4703d58aa72bc3da76ee04292bd0478d12ad728bd9513a5e34af44f579430931,40000000,16380,16380,361.574769,True,ok,106,106
1986.319576760575,64572f44,97,8,71603.699943,0.00030525030525030525,True,64572f44,411,71609.546331,362.743553,-0.4454822954822955,1987.179304029304,-0.8131868131868132,409.5,71964.554497,355.008166,370ce3dc524513a1385bda1086a66af93a234204de31c4c970d3e6811f3bc675,40000000,16380,16380,360.854554,True,ok,183,203
353.9145064001932,477fe8be,98,8,71966.932964,0.0,True,477fe8be,411,71973.528953,363.233021,-5.011172161172161,408.2180097680098,-5.402930402930403,409.5,72328.545,355.016047,5ce57ec50174ab2cc39287b518925d9f1ac3f4ebd65ef5987c22a106e38e9dab,40000000,16380,16380,361.612036,True,ok,97,100
29.17598343895963,7f205dd3,99,8,72330.038701,0.0,True,7f205dd3,411,72336.54036,363.105737,-1.063003663003663,32.73046398046398,-1.557081807081807,409.5,72691.570995,355.030635,88864cb0b455e398e875431b5bbbb3135768a7350a8aa63e0c81873d2672d444,40000000,16380,16380,361.532294,True,ok,31,32
44.58906177833833,83c4c625,0,8,72693.777436,0.0,True,83c4c625,206,72699.396293,363.738735,0.6170940170940171,48.42179487179487,-1.857936507936508,204.75,73054.547826,355.151533,09e473aa7979dee7a51e1989e183c26868c141e5ab34c3bb0f7c622f8a5879b2,80000000,16380,16380,360.77039,True,ok,40,39
68.98354441820558,d7a49af7,1,8,73055.917842,0.0,True,d7a49af7,206,73062.359378,362.140406,0.053418803418803416,70.67576312576313,-1.2997557997557998,204.75,73417.558659,355.199281,03d2b41e502221346800a0b5ffbad3733a06a5d8de91c834deb310dba7242baa,80000000,16380,16380,361.640817,True,ok,47,46
1459.3661911097993,8d78cf83,2,8,73419.387685,0.0003663003663003663,True,8d78cf83,206,73425.373577,363.469843,-0.9637973137973138,1463.1126984126984,-1.6785714285714286,204.75,73780.577687,355.20411,2f1d09a9dad0a15868dc6ef49a422e9f48e942b0905556548c906a716859f13b,80000000,16380,16380,361.190002,True,ok,122,129
65.01877541329921,cb5ae509,3,8,73782.189992,0.0,True,cb5ae509,206,73788.309808,362.802307,-1.4667277167277166,73.39780219780219,-2.4955433455433456,204.75,74143.569713,355.259905,fc594a2e086ef37c1e4148f5301f7c1942ba6f26aeed5af09c54b275aeb86b14,80000000,16380,16380,361.379721,True,ok,45,50
55.64645812741051,52d1fa68,4,8,74145.050899,0.0,True,52d1fa68,206,74151.404388,362.860907,0.3213675213675214,57.03528693528693,-1.1338217338217338,204.75,74506.573529,355.169141,c8c23e11d24703f36f984a49a96cdb7666dc2ad91c740261513556f41a5bc7cd,80000000,16380,16380,361.52263,True,ok,45,50
26.903261832455975,6f705111,5,8,74507.686077,0.0,True,6f705111,206,74513.39805,362.635178,-0.34554334554334554,27.899023199023198,-0.9361416361416361,204.75,74868.567551,355.169501,e3a0d9689f79a9fee4683b11752b6e31ebe978f56b45c1e7e00959a34af926f6,80000000,16380,16380,360.881474,True,ok,32,33
37.57158287378068,7c39d0b4,6,8,74869.866552,0.0,True,7c39d0b4,206,74876.397427,362.180475,0.11831501831501831,38.57899877899878,-0.9967032967032967,204.75,75231.628382,355.230955,c4e25ca6e6801235e870fe06986a30d71df7342d64244f8704c79b052f4126f3,80000000,16380,16380,361.76183,True,ok,33,43
330.6105509227579,edd75c05,7,8,75234.151814,0.0020451770451770453,True,edd75c05,206,75240.474604,364.285262,0.8482905982905983,332.0300976800977,-0.8366300366300367,204.75,75595.599087,355.124483,b6968faa8f1b9f8a59be3a288e98108996ec2754c26582d4588b3e838cfb299c,80000000,16380,16380,361.447273,True,ok,116,129
83.59946400431748,650aeca1,8,8,75596.845318,0.0,True,650aeca1,206,75603.396501,362.693504,-0.08785103785103784,87.5884004884005,-1.9952991452991453,204.75,75958.603901,355.2074,6792ec20af565a60d86e4293f02b493590430ee3d6d9e1c3992b362fe6514b5b,80000000,16380,16380,361.758583,True,ok,54,55
34.71014754137464,c2f2c0c5,9,8,75959.690069,0.0,True,c2f2c0c5,206,75965.391833,362.844751,0.2703907203907204,36.76056166056166,-1.406166056166056,204.75,76320.624026,355.232193,6e0b8ffa8848cb36735ef97780a6255856062072c87669cc9a3e25986145e0fb,80000000,16380,16380,360.933957,True,ok,39,35
1191.0678896320744,69cedcc8,10,8,76321.791989,0.0007020757020757021,True,69cedcc8,206,76328.385482,362.10192,-0.7901098901098901,1192.9298534798536,-1.1125152625152626,204.75,76683.658353,355.272871,1c0b1e036de12ad1efea9ca452da72beebea4caa2bfa5fe0622bc3b493f5af33,80000000,16380,16380,361.866364,True,ok,191,206
277.7064660251565,b40d18c4,11,8,76686.704104,0.0,True,b40d18c4,206,76691.733634,364.912115,0.6111721611721612,280.2746642246642,-1.4814407814407815,204.75,77047.635154,355.90152,c0032ccc426d17388e91ee263398d39494ff9f5b43954b604fda9b0c12bd3e42,80000000,16380,16380,360.93105,True,ok,152,145
55.60457845640996,f25203aa,12,8,77049.027623,0.0,True,f25203aa,206,77054.780353,362.323519,0.16715506715506714,59.90463980463981,-2.066910866910867,204.75,77410.630834,355.850481,c9eed309ef3839b43b9128ffdeaf4a09956a9701b938f92810e7dee8dc4059b1,80000000,16380,16380,361.603211,True,ok,44,46
31.7071061786538,facb43c8,13,8,77412.19615,0.0,True,facb43c8,206,77417.77487,363.168527,-1.3122710622710623,34.247313797313794,-0.9045177045177045,204.75,77773.654076,355.879206,1f0112abd5c6ff3f3264f04277b557a88ba88ee1dbc56b665c18f40e279b0023,80000000,16380,16380,361.457926,True,ok,35,34
1157.418755096823,83d22309,14,8,77775.019974,0.0,True,83d22309,206,77781.993407,362.823824,-1.0126984126984127,1158.8567155067155,-0.6421855921855922,204.75,78136.642761,354.649354,c32f5069c3b90abf65aa2f2632b1017f059f0257b11e53432ffed8a77309e535,80000000,16380,16380,361.622787,True,ok,98,99
46.04340241531633,11b2234b,15,8,78137.780487,0.0,True,11b2234b,206,78145.083935,362.760513,0.8330280830280831,47.76636141636142,-1.0144078144078144,204.75,78499.649999,354.566064,e6fa886a448a59c57790de325d1052d4513519f3900d6ef4c2639cfc44b44a4d,80000000,16380,16380,361.869512,True,ok,39,44
365.7097561985566,7458f256,16,8,78501.026247,0.0,True,7458f256,206,78506.832749,363.24576,-1.5984126984126985,405.9656288156288,-6.1401098901098905,204.75,78862.639413,355.806664,1c16242a75cad137ca310d757c55b84a2a846debdba4a56095c0edcafa9d786b,80000000,16380,16380,361.613166,True,ok,104,99
1847.1199634445054,4ec1faa4,17,8,78863.937984,0.007326007326007326,True,4ec1faa4,206,78869.805812,362.911737,0.24945054945054945,1847.6904761904761,-0.712942612942613,204.75,79225.64702,355.841208,bb74c9dbdf24054f2e719d87eb88c87930ea63d05857fea8cb9e0f29d5e7737a,80000000,16380,16380,361.709036,True,ok,224,246
36.86955825920111,7c6d4b7a,18,8,79227.640076,0.0,True,7c6d4b7a,206,79233.521911,363.702092,1.186080586080586,38.773809523809526,-0.7053113553113554,204.75,79588.686486,355.164575,1eef9c30f7a0001afadc6fbc40126468a9db1c3c50cedeaa7c602ef1f40d4708,80000000,16380,16380,361.04641,True,ok,37,41
44.345795648524586,7a0a621b,19,8,79589.849469,0.0,True,7a0a621b,206,79595.762643,362.209393,0.24267399267399267,45.042246642246646,-0.7984737484737485,204.75,79951.674323,355.91168,dddd38c452034270c0ba2865e5ed3b2df8de9bc6329c862e9c8ef1a62d9a5578,80000000,16380,16380,361.824854,True,ok,43,37
30.332336666860474,8c28da52,20,8,79953.087371,0.0,True,8c28da52,206,79958.822558,363.237902,1.4314407814407815,33.74261294261294,-1.1667277167277168,204.75,80314.68399,355.861432,e9ed54ae4763c631ed1fae93849d8390107b8cb5bbdfaf336ae89efb23ab827b,80000000,16380,16380,361.596619,True,ok,29,35
29.528668165710293,55f5af36,21,8,80316.255677,0.0,True,55f5af36,206,80321.868282,363.168306,0.35183150183150186,34.4517094017094,-2.190720390720391,204.75,80677.683887,355.815605,1340569671a6e367c7e5f317c70db407ce13dac2e116c315bb92eeb1a421192a,80000000,16380,16380,361.42821,True,ok,32,33
1567.6358686924254,fb26e918,22,8,80679.124546,0.0,True,fb26e918,206,80685.509144,362.868869,-0.7921855921855921,1569.5274725274726,-1.1242979242979243,204.75,81040.712868,355.203724,9a576091f64a27b3be4bfbecf4724750b62f0537b89e072ac07dd7ffae043baf,80000000,16380,16380,361.588322,True,ok,147,147
999.700240976294,2ce320ea,23,8,81042.206118,0.0,True,2ce320ea,206,81047.794346,363.081572,-1.06996336996337,1001.651221001221,-0.8978632478632479,204.75,81403.715307,355.920961,6ec929bccb92d3df5543b935f52b3d402f8cae10046619b88caf3ce5dd8650e2,80000000,16380,16380,361.509189,True,ok,106,107
53.74610232258584,34c64766,24,8,81405.316521,0.0,True,34c64766,206,81410.802575,363.110403,2.03003663003663,59.56764346764347,-1.304029304029304,204.75,81765.80739,355.004815,44c75494cdd90c89d4b772d1e97f41dd8aaf21a350da4a0a562c8dff94f4ece9,80000000,16380,16380,360.490869,True,ok,41,45
1420.3191933490468,e48e88a1,25,8,81768.241553,0.0029304029304029304,True,e48e88a1,206,81773.909893,362.925032,-0.788034188034188,1421.4846153846154,-0.7378510378510379,204.75,82129.705194,355.795301,74125e3a4bdf302ae9a256dc840b4f5d541db9eb0096f660db66a4857704fdea,80000000,16380,16380,361.463641,True,ok,207,222
27.589151944582348,526cf622,26,8,82131.017991,0.0,True,526cf622,206,82136.869418,362.776438,0.6205738705738706,28.72326007326007,-0.8654456654456655,204.75,82491.793818,354.9244,671a95c69a44efaaec7b1fcd4ee2e4cda6774ccbe49b73093b39df1f5c75e479,80000000,16380,16380,360.775827,True,ok,32,33
64.69601814580753,0a580db2,27,8,82493.265105,0.0,True,0a580db2,206,82498.854856,362.247114,2.5880952380952382,73.50189255189255,-1.4517704517704517,204.75,82853.811166,354.95631,2713a2fbc9533b4f6d67bf0566a9f8d78c5069b17f7dafd54db42e7d6cb28f41,80000000,16380,16380,360.546061,True,ok,44,48
1405.5071084000115,02150b54,28,8,82854.935987,0.0009768009768009768,True,02150b54,206,82860.894968,361.670882,-1.0716727716727716,1408.3587912087912,-1.305067155067155,204.75,83215.79598,354.901012,200350ec87549970a02dbbae3a556d53893355cf58f3af89ed6fadb5ad23a116,80000000,16380,16380,360.859993,True,ok,122,117
372.6468724776783,694cf442,29,8,83217.152621,0.0,True,694cf442,206,83222.923385,362.216634,3.054212454212454,399.59560439560437,-4.197680097680098,204.75,83577.817824,354.894439,792040b9a5678038054eadad67a94c3d3ae20ecb826ef921e5324ac1f7e9c7c9,80000000,16380,16380,360.665203,True,ok,123,111
89.99841830025896,43ab463e,30,8,83579.026063,0.0,True,43ab463e,206,83584.926162,361.873442,2.114102564102564,96.86978021978022,-1.5498168498168499,204.75,83940.729784,355.803622,c9e205dc8ac76e4df5f2ec10010c10d98a06bdd5dde1e735a694e09cd236e2f7,80000000,16380,16380,361.703721,True,ok,56,53
27.867318158032447,e908ce8f,31,8,83942.332511,0.0,True,e908ce8f,206,83947.889349,363.306448,1.874908424908425,32.537240537240535,-1.0745421245421245,204.75,84303.747371,355.858022,cdd30f926a43d2997d540d1c1ca40e01e0289c5d99d113451e7a1ced5e5c7f7e,80000000,16380,16380,361.41486,True,ok,34,34
35.787723943401595,ec154f87,32,8,84305.149047,0.0,True,ec154f87,206,84310.90372,362.816536,2.7493284493284493,43.80757020757021,-0.678998778998779,204.75,84665.829656,354.925936,ef6e7cea223d5874ffad91d38242c4d5363696a352dcc3418480ff9e2ac31cb6,80000000,16380,16380,360.680609,True,ok,35,38
791.8536250579564,5c4eec24,33,8,84667.058654,0.0009157509157509158,True,5c4eec24,206,84673.008988,361.909607,0.6981074481074481,793.2095848595849,-0.931990231990232,204.75,85027.841126,354.832138,7d1103b647298fb5b18a04b284201b84f00b6baa3ffe507ce9d198dfeb4c3741,80000000,16380,16380,360.782472,True,ok,177,182
72.70871121010316,1f6e64bf,34,8,85029.201463,0.0,True,1f6e64bf,206,85034.967628,362.142809,1.8987789987789987,78.1,-1.3363858363858363,204.75,85389.987999,355.020371,70b593cc0a03894c111fc1fcba09868907b06d622ae6170d47b70dec4e3ec080,80000000,16380,16380,360.786536,True,ok,53,49
44.40870270483824,411532ea,35,8,85391.990443,0.0,True,411532ea,206,85398.030477,362.78898,1.5927350427350426,47.72319902319902,-0.8818681318681318,204.75,85752.84621,354.815733,2511241320ecf5e6af5965c42b3413a3e70c04c76166856faf30dee12d479177,80000000,16380,16380,360.855767,True,ok,40,43
1511.568616362609,478ac4fb,36,8,85754.356362,0.0007631257631257631,True,478ac4fb,206,85759.968585,362.365919,-0.15824175824175823,1512.3191697191696,-0.8517704517704517,204.75,86114.845753,354.877168,293c5d8c9c7c7eb4e03a5533efb2d8c5ccac111a8abd8db907acdd6f1821748f,80000000,16380,16380,360.489391,True,ok,213,209
44.1835312428719,06d4cb7d,37,8,86116.170072,0.0,True,06d4cb7d,206,86121.923714,361.81371,1.5102564102564102,49.83089133089133,-1.8347985347985347,204.75,86476.850694,354.92698,8f1bfee1dbcacc8dd0addae1beee6945ef78c532256b3508d32959e251373099,80000000,16380,16380,360.680622,True,ok,40,41
64.65633845363698,84b74d2e,38,8,86478.092207,0.0,True,84b74d2e,206,86483.930659,361.922135,1.856837606837607,68.82533577533577,-0.8492063492063492,204.75,86838.867518,354.936859,1319e1d9fc938f0b4e07ca64bb9065102a79414713274ca3a06964019ac50013,80000000,16380,16380,360.775311,True,ok,45,47
28.668259327838083,476a87f4,39,8,86840.514809,0.0,True,476a87f4,206,86845.9779,362.422602,0.5714896214896215,29.7014652014652,-0.8405982905982906,204.75,87200.90065,354.92275,0b8b611401edc4af07bf2c3540ffa5180f0e1ff20b481e2a650ef55fd83ea6ab,80000000,16380,16380,360.385841,True,ok,33,32
1125.915226257937,9f55e44f,40,8,87202.818754,0.0005494505494505495,True,9f55e44f,206,87208.980569,362.303945,-0.8499389499389499,1126.6540903540904,-0.12832722832722832,204.75,87563.900343,354.919774,88b23ec8c39ec7eceebca0e9a6d9a3820b3f1c9d5183bd1d6e6a5a2977f60d39,80000000,16380,16380,361.081589,True,ok,124,119
404.29087171138457,df316bae,41,8,87565.367061,0.0,True,df316bae,206,87570.937255,362.548307,0.8367521367521368,430.9139194139194,-5.091452991452991,204.75,87925.899719,354.962464,04664a51d2a91448e1a9accd2d9163602c49506d8c9b50f55f16d16a55a746f2,80000000,16380,16380,360.532658,True,ok,109,114
37.01666339799123,7e91397b,42,8,87927.265006,0.0,True,7e91397b,206,87932.967691,361.897945,1.7410866910866911,40.703968253968256,-0.8098901098901099,204.75,88287.92885,354.961159,363c3113dd81eced9b8b6ac3a6c7ec8ef2fb656b2def2d5795163c6c66f259a5,80000000,16380,16380,360.663844,True,ok,35,36
1132.1101550887724,9f836973,43,8,88289.714142,0.0,True,9f836973,206,88296.017656,362.449136,-1.0491452991452992,1133.4584249084248,-0.49755799755799757,204.75,88650.91311,354.895454,b8e7dbd6d9ccfa8eb838bc7e337978994fb41e8c11d0a43d7eeceba57c898b23,80000000,16380,16380,361.198968,True,ok,97,98
1711.7007252881428,8610b7a1,44,8,88652.349772,0.0,True,8610b7a1,206,88658.024173,362.63563,-0.7631868131868131,1712.4264957264957,-0.37857142857142856,204.75,89012.919156,354.894983,50cbfe94c4616f14bd7f16b51498a2964ddf2b17973bdb6f2b019621c86656c0,80000000,16380,16380,360.569384,True,ok,205,208
47.74746604975543,96e09239,45,8,89014.00376,0.0,True,96e09239,206,89019.98867,361.653988,2.4385225885225887,55.28949938949939,-1.2631868131868131,204.75,89374.923936,354.935266,694e11a2fa1217711c8ec8ee5f607153c00f9bd758ae63a4ba3404c49a29f392,80000000,16380,16380,360.920176,True,ok,40,43
36.76176800305921,b06f7e3d,46,8,89376.316234,0.0,True,b06f7e3d,206,89382.016955,362.312474,1.268131868131868,38.46025641025641,0.30054945054945054,204.75,89736.953694,354.936739,e3500e0c454280df314c6d8d7dc9835da90a42bc9e5c95920047808a1c755552,80000000,16380,16380,360.63746,True,ok,35,39
50.67323068499809,3bfee812,47,8,89738.446021,0.0,True,3bfee812,206,89744.096316,362.129787,2.1885225885225887,58.95757020757021,-1.8694139194139194,204.75,90098.942943,354.846627,37f4dc44c1a044d6f0433ba0002b1011358832762749254f0403a6767a61b92b,80000000,16380,16380,360.496922,True,ok,41,42
1522.5062985735603,6fb0413f,48,8,90100.143087,0.001343101343101343,True,6fb0413f,206,90106.021665,361.697066,-0.5951770451770452,1524.0416971916973,-1.0868131868131867,204.75,90460.953972,354.932307,a45793f97a1b28658e59da8ce97195be73668b1255cf37958b77a1e39e5cb642,80000000,16380,16380,360.810885,True,ok,193,222
23.170102719150336,f8701ab1,49,8,90462.585804,0.0,True,f8701ab1,206,90468.063623,362.442717,0.39474969474969474,24.544810744810746,-1.104029304029304,204.75,90822.935685,354.872062,612595a7729199c38b4e267bc2574841f69c80e1b32cc74cd90e64a9ea1fd4f3,80000000,16380,16380,360.349881,True,ok,31,31
44.98375842885916,c7a947fc,50,8,90824.161277,0.0,True,c7a947fc,206,90830.008887,361.575473,2.7335775335775336,54.330830280830284,-1.3691697191697192,204.75,91184.975216,354.966329,877717449794391bbe8eda8b1d68af77bcf50a27d9392ce3c8b5eb5a5b10df81,80000000,16380,16380,360.813939,True,ok,43,43
1641.8177558251,25f1dde6,51,8,91186.08056,0.0007020757020757021,True,25f1dde6,206,91192.021036,361.919283,-0.2562271062271062,1642.2505494505494,-0.6059218559218559,204.75,91546.966193,354.945157,ee8d7e40c19d44972a8f1e4dc5b850cb5a019b4b2d6d5f410f53ca09ce676fd8,80000000,16380,16380,360.885633,True,ok,205,212
67.74959848217173,791a7394,52,8,91548.888826,0.0,True,791a7394,206,91555.150149,362.808266,1.0481074481074482,68.8503663003663,0.04731379731379731,204.75,91909.836216,354.686067,cfa2ce28da32e2171d9875c389443942f5f693bd5282405005c1ea4ae3d2450e,80000000,16380,16380,360.94739,True,ok,48,54
910.9022259716949,f6ad3172,53,8,91911.547038,0.0,True,f6ad3172,206,91917.059622,362.658212,-0.6257020757020757,912.1615384615385,-0.9315628815628816,204.75,92272.002032,354.94241,d103acfd636a72b4439273fac29386f581910f7124ebbe3f724a387fc334d2db,80000000,16380,16380,360.454994,True,ok,87,87
55.63111450278117,127bb62e,54,8,92273.480593,0.0,True,127bb62e,206,92279.093678,361.933555,2.0824786324786326,60.34285714285714,-0.6123931623931624,204.75,92633.975343,354.881665,20edb471acb605541a0086c112f21e9c58023deadc747c2543c3aab9937ac4f9,80000000,16380,16380,360.49475,True,ok,43,46
38.38875139952979,4fb94e10,55,8,92635.837701,0.0,True,4fb94e10,206,92642.174667,362.357108,1.1898656898656899,40.53327228327228,-0.8536630036630036,204.75,92996.985587,354.81092,8c661161e289a1f1a0c121b17ebf228d509009387bc8ca908d35d2d266ba0ad9,80000000,16380,16380,361.147886,True,ok,35,38
1371.444697261767,2c53bc83,56,8,92998.480259,0.0,True,2c53bc83,206,93004.208041,362.642558,-1.3582417582417583,1373.8990231990233,-0.7807081807081807,204.75,93358.973983,354.765942,bafe15c491e7cddc58c8b1ad135684f6771a8c5b2d28b6d13de3ebf65909bca2,80000000,16380,16380,360.493724,True,ok,101,102
1102.6204757544044,4c241ed2,57,8,93360.678583,0.0,True,4c241ed2,206,93367.166545,362.198324,-0.8135531135531135,1104.2285103785105,-0.9727106227106227,204.75,93722.058696,354.892151,198ed25bec2e6011fcc72a27bef08dccfb49967ee3317aa03039f24818c14c0e,80000000,16380,16380,361.380113,True,ok,93,92
67.18170896563753,e23ed799,58,8,93723.819221,0.0,True,e23ed799,206,93730.16819,363.140638,0.34194139194139195,68.63168498168498,-1.1545787545787545,204.75,94084.9758,354.80761,cbb9ec66bc04d20599378116cd9784211fec8b10f5b971a6dd28b4645e52326f,80000000,16380,16380,361.156579,True,ok,49,48
47.6877031274925,f53e1ee6,59,8,94086.271114,0.0,True,f53e1ee6,206,94092.109415,362.451893,2.261904761904762,54.59065934065934,-1.3366910866910866,204.75,94447.002064,354.892649,448379da89bae4d180263865e2bc237fb54759e7842f828b96457461be401818,80000000,16380,16380,360.73095,True,ok,36,42
35.25308638248199,e9bd26d0,60,8,94448.31424,0.0,True,e9bd26d0,206,94454.136831,362.043126,0.8587912087912087,36.02503052503052,-0.18553113553113554,204.75,94809.037405,354.900574,804678f7b2c4d6c67642ce235bd0d814999ec62e8fb39424ebcda97abebebddb,80000000,16380,16380,360.723165,True,ok,33,35
1506.7496767962064,d143b68e,61,8,94811.122265,0.00057997557997558,True,d143b68e,206,94817.116772,362.808025,-0.6064713064713064,1507.5213064713064,-0.6354700854700854,204.75,95172.064773,354.948001,f8b41de3d672da71e5b8d6a30db23788bea1c4e50b50a6aacffc4407e15dc858,80000000,16380,16380,360.942508,True,ok,201,219
1401.795664174721,9bf6833c,62,8,95173.638725,0.0014652014652014652,True,9bf6833c,206,95180.125265,362.51646,-0.46825396825396826,1402.0944444444444,-0.281990231990232,204.75,95535.023701,354.898436,95250727becc729337419f26630e0ca9e39f8b99c642622c6b42cabdc68c2e1f,80000000,16380,16380,361.384976,True,ok,185,201
57.53359383595647,e0050420,63,8,95536.559911,0.0,True,e0050420,206,95542.182735,362.921186,2.2243589743589745,63.417582417582416,-0.9675824175824176,204.75,95897.063868,354.881133,233548a82a5f9897d98228dcf2d4a920ac83154512f736d59428fb37281ee5b7,80000000,16380,16380,360.503957,True,ok,40,43
987.5993412221344,bd5689ad,64,8,95898.482275,0.002686202686202686,True,bd5689ad,206,95904.155694,361.922364,-0.21105006105006105,987.9181318681319,-0.5236874236874237,204.75,96259.066521,354.910827,e7c528ea3a8e5470ffefc9bd27e23ae1300d96ca86a2a71221f7bffcf9ca6904,80000000,16380,16380,360.584246,True,ok,187,204
781.4901083806304,be36c080,65,8,96260.881239,0.00057997557997558,True,be36c080,206,96267.210661,362.398964,-0.014835164835164835,781.8900488400488,-0.6322344322344322,204.75,96622.062656,354.851995,05a3a749f6baf263570b0f4004fcb3b11c8fe1533d5b3b67c269e7de0090a9f8,80000000,16380,16380,361.181417,True,ok,172,176
183.16596596999528,8344168c,66,8,96624.532745,0.0004884004884004884,True,8344168c,206,96630.122325,363.651506,1.3907203907203907,186.56715506715506,-1.2112332112332111,204.75,96985.027611,354.905286,9078276ec81f621d646e2b54c053a171130da80082876214007013068b2e29c7,80000000,16380,16380,360.494866,True,ok,116,127
1242.9874781591357,43d46d5a,67,8,96986.203679,0.001098901098901099,True,43d46d5a,206,96992.080383,361.670934,-0.7717948717948718,1244.2605006105007,-0.823015873015873,204.75,97347.057932,354.977549,77da2802d0a09d721f00623828bc44e3c5190de9e4f6ea7c1587e873b9c17406,80000000,16380,16380,360.854253,True,ok,107,111
30.388108249436087,98d71bd7,68,8,97348.475528,0.0,True,98d71bd7,206,97354.062664,362.271849,0.21446886446886446,31.545726495726495,-1.0543345543345544,204.75,97709.046184,354.98352,f5e96b4f2edc7b9cbd69cb9c5fd0cfd25f540675e45b442693937f0c62811795,80000000,16380,16380,360.570656,True,ok,36,33
36.98663352520496,318dc942,69,8,97710.288408,0.0,True,318dc942,206,97716.355572,361.81288,1.1336996336996337,38.54322344322345,-0.5208791208791209,204.75,98071.088097,354.732525,6ae923f209bce09500e573672d756f2ed46b45218711dc6f9b208d327d17e678,80000000,16380,16380,360.799689,True,ok,34,39
1332.478207435286,d0dd6690,70,8,98073.550562,0.0019536019536019536,True,d0dd6690,206,98080.127382,363.262154,-1.2096459096459096,1334.8065323565324,-0.9300976800976801,204.75,98435.07937,354.951988,66abce4c6848fc389dc8a31a58c1ff2d75ba49e528671ad823eca855ee0b0d74,80000000,16380,16380,361.528808,True,ok,125,137
37.0851993444759,594b0060,71,8,98436.304611,0.0,True,594b0060,206,98442.066928,362.754049,1.6761294261294262,40.75866910866911,-0.9295482295482296,204.75,98797.088357,355.021429,5fed3b54870f48880c233d9ce04ae59aca8925c7e972b982022bf9e515fb7921,80000000,16380,16380,360.783746,True,ok,33,33
1976.4494802619708,79112cd4,72,8,98798.47243,0.0,True,79112cd4,206,98804.118687,362.167819,-1.1708180708180709,1978.5003663003663,-0.8246642246642246,204.75,99159.10101,354.982323,6286c62337f4ade8f08817278b5b9ac5a6426bc5787abbbec0d17015a17e5df2,80000000,16380,16380,360.62858,True,ok,188,185
715.432118351395,c16b99ea,73,8,99161.496228,0.0007020757020757021,True,c16b99ea,206,99167.111216,363.023798,0.7752136752136752,718.354884004884,-1.5237484737484737,204.75,99522.165634,355.054418,50301045864789437c690393d1c8a01cfcb24c533842b75e6289e342d993d4ee,80000000,16380,16380,360.669406,True,ok,177,173
48.36756406156589,0b6b1b18,74,8,99525.002589,0.0,True,0b6b1b18,206,99531.134767,363.506361,1.3773504273504273,51.46929181929182,-1.0975579975579977,204.75,99886.077955,354.943188,ec87f1b861778044b7972483d1f8a9e4ff76076269002d00af51a808cba6eabb,80000000,16380,16380,361.075366,True,ok,42,44
2271.4306113913894,160e2c68,75,8,99887.548781,0.01456043956043956,True,160e2c68,206,99894.094382,362.546192,0.24297924297924298,2272.8640415140417,-1.1723443223443224,204.75,100249.127588,355.033206,e4808ea9da4f0a57cfb9b2f2838a9c39ec3f447baf9e7757ebca943dc2928ed1,80000000,16380,16380,361.578807,True,ok,204,222
402.28661043203164,b24fee8d,76,8,100250.393917,0.0,True,b24fee8d,206,100256.126077,362.845136,4.314163614163614,448.27106227106225,-5.231868131868132,204.75,100611.108746,354.982669,128f2020c118ba660d79755c09eb18c60b69d83a576d88c9b667ccfb9d75c82a,80000000,16380,16380,360.714829,True,ok,109,116
1146.871149824602,14eebba7,77,8,100616.210932,0.006532356532356533,True,14eebba7,206,100622.151938,365.817015,1.4456654456654456,1151.0216727716727,-1.4354700854700855,204.75,100977.126862,354.974924,b493058df542e3d7dd1dbd89bb8b501f90436a511ad2d3d750ccfd9624230eb1,80000000,16380,16380,360.91593,True,ok,151,143
108.93360824496357,a0935d3a,78,8,100979.07884,0.0,True,a0935d3a,206,100985.185931,362.867908,1.7306471306471307,114.91037851037851,-1.7267399267399268,204.75,101340.151694,354.965763,73b85afb908464b4b17cd3d06882f3a2bac1b3adaa92cec280b065d6643a8016,80000000,16380,16380,361.072854,True,ok,61,61
22.808890491546173,17941e1c,79,8,101341.523243,0.0,True,17941e1c,205,101347.230676,362.444403,0.43522588522588523,25.586324786324788,-1.6087301587301588,204.75,101702.13364,354.902964,62737e52e92c8b101d9b4a2141ee865044851a4fd864b0264a072e1f26913aec,80000000,16380,16380,360.610397,True,ok,30,30
1823.1134631224832,2897e699,80,8,101703.239676,0.0,True,2897e699,206,101709.020458,361.716433,-0.5415140415140415,1824.5922466422467,-1.0888278388278387,204.75,102064.14939,355.128932,01c8edee6f3d71ffcf4f8c0211823254dd05cae42e398002eee12f2d1ee0e271,80000000,16380,16380,360.909714,True,ok,206,207
807.3516781088942,07638cb3,81,8,102065.522702,0.0,True,07638cb3,296,102072.137514,362.283026,-0.45152625152625153,808.5579975579975,-1.0012210012210012,204.75,102427.155253,355.017739,0203e4bf3844ad1e346a7f041290fc6e0795a54b1ce112394b1d4f544a1a761f,80000000,16380,16380,361.632551,True,ok,92,93
46.045425266972885,a08e6c85,82,8,102428.912251,0.0,True,a08e6c85,206,102435.03947,363.389549,1.865995115995116,51.16257631257631,-1.2787545787545787,204.75,102790.166375,355.126905,27bfdd37e2ac093a8c56fe79f39c0e3233f06cab2f7a06d27ebeaab3aff4d5b8,80000000,16380,16380,361.254124,True,ok,42,45
1868.0647339588916,a8193a24,83,8,102791.764663,0.0,True,a8193a24,206,102798.120194,362.852412,-1.0265567765567765,1873.983028083028,-2.2055555555555557,204.75,103153.146527,355.026333,f70be34257f250b94d58524d555da8b7d4f1bb4174da3a33cffcf57fb69f1fc6,80000000,16380,16380,361.381864,True,ok,207,209
48.85377038542789,d399a459,84,8,103154.443644,0.0,True,d399a459,206,103160.113466,362.678981,0.22362637362637364,53.13913308913309,-2.057997557997558,204.75,103515.145729,355.032263,9f319a2d557e94b80df0d3cc0ad348b00cd6cca9f14673dbf694ba4cb43b80ce,80000000,16380,16380,360.702085,True,ok,39,41
1149.0457386908301,9ad42aa6,85,8,103516.883642,0.0009157509157509158,True,9ad42aa6,206,103523.152939,362.439998,0.2886446886446886,1149.7376068376068,-0.7800976800976801,204.75,103878.196062,355.043123,72c83baddf252af6125d1ad290d216a4b612ff610482522e220c1d8044300c6c,80000000,16380,16380,361.31242,True,ok,205,203
43.23690670000194,12c92bac,86,8,103879.74119,0.0,True,12c92bac,206,103886.081031,362.857548,1.2718559218559218,46.919658119658116,-1.437057387057387,204.75,104241.167093,355.086062,71fe99d60ceeb894ceb493a2b2fe89382ed59b84acbf9885284da6f1a9e94baa,80000000,16380,16380,361.425903,True,ok,41,40
1494.3302233396096,5db98430,87,8,104243.016216,0.0,True,5db98430,206,104249.112696,363.275026,-0.7822954822954823,1495.8995726495727,-0.9784493284493284,204.75,104604.196383,355.083687,5447953baa219c4de40441d248114c22dd2dca9edd2533a49bb659cd15f18c1a,80000000,16380,16380,361.180167,True,ok,138,136
30.221859212894014,b37c2e97,88,8,104605.628406,0.0,True,b37c2e97,206,104612.244841,362.61219,-0.040354090354090356,34.372344322344325,-2.0368742368742367,204.75,104967.202139,354.957298,16656bb9019058131681bec010cf2c09fe41717ad077f9a255d1c9ed77ae3b86,80000000,16380,16380,361.573733,True,ok,35,34
36.42037616602635,a03f7e6d,89,8,104968.73866,0.0,True,a03f7e6d,206,104975.061288,363.110254,1.5993894993894995,39.18467643467643,-0.45415140415140415,204.75,105330.213953,355.152665,d5e814f87d067229287552d559abdaca4d09923d7bb4ef19664d3b87d9138259,80000000,16380,16380,361.475293,True,ok,32,34
28.514483307019937,e67cb961,90,8,105331.446508,0.0,True,e67cb961,206,105337.012884,362.707848,-0.123992673992674,35.38223443223443,-2.6177045177045177,204.75,105692.24589,355.233006,427b6c552d4094f4c4dd65eccb5d89cccf970788941e03fcc0baaed2df82905d,80000000,16380,16380,360.799382,True,ok,32,32
27.741389328687863,f791a2a2,91,8,105693.755611,0.0,True,f791a2a2,206,105700.016682,362.309103,0.3089133089133089,30.5480463980464,-1.6465811965811965,204.75,106055.210675,355.193993,b6ffd4d0498d57f1dc2a190489fe2f3491907c3c612daa6e0604875396788494,80000000,16380,16380,361.455064,True,ok,30,34
71.30634843111034,03fc9e8f,92,8,106056.333642,0.0,True,03fc9e8f,206,106062.003063,362.578031,2.9494505494505496,84.64676434676434,-2.1543345543345542,204.75,106417.230596,355.227533,bad47cd754eab02594ed456440020afeffa4fa5dbc34406e3c1c5a7cf8866427,80000000,16380,16380,360.896954,True,ok,51,54
55.23127463806035,8f67a7f3,93,8,106418.906902,0.0,True,8f67a7f3,206,106425.108601,362.57326,1.8082417582417583,60.654273504273505,-1.4673992673992673,204.75,106780.241485,355.132884,df3a6dfaa15fdaa23e8b87d7ec7b51c332ed2455ad38ba140a8704738592a43f,80000000,16380,16380,361.334583,True,ok,37,43
35.94277918289823,bd5e63dd,94,8,106781.81731,0.0,True,bd5e63dd,206,106788.026995,362.910408,1.5956043956043957,39.38174603174603,-0.944993894993895,204.75,107143.2827,355.255705,932bf6d431a08646d2456b1ce86a5bc07f9f3649e0e430eb741752034460417c,80000000,16380,16380,361.46539,True,ok,33,40
27.508757362905712,8df3eb01,95,8,107145.687596,0.0,True,8df3eb01,206,107152.033688,363.870286,-0.010439560439560439,28.93046398046398,-1.1923076923076923,204.75,107507.227414,355.193726,0bc9f50d9aac22a8c395e40982831c5b5275f6a582239b82697f6e22a8b971cb,80000000,16380,16380,361.539818,True,ok,31,32
1269.8704052188484,9896734b,96,8,107508.849948,0.0,True,9896734b,206,107515.135266,363.162352,-0.623992673992674,1270.3942612942612,-0.3667277167277167,204.75,107870.235845,355.100579,e159dd9bca3e88ba2c42e46f2aa09257be9be40cee6ebd54d3979fef52509182,80000000,16380,16380,361.385897,True,ok,180,177
84.58954638090168,651380d9,97,8,107871.505581,0.0,True,651380d9,206,107878.105785,362.655633,0.9026862026862027,89.35909645909646,-1.9886446886446887,204.75,108233.259532,355.153747,70f7c0cce150a7ace6fbb9e3330559ed8e8ad04a6dd5182e7a9544ae03c38a5b,80000000,16380,16380,361.753951,True,ok,58,53
44.774194977793876,21fd8743,98,8,108234.735308,0.0,True,21fd8743,206,108241.090548,363.229727,1.3543956043956045,53.03192918192918,-2.5344322344322343,204.75,108596.22583,355.135282,aff3393daff7077f90d42ee5795910b54c713cc1e49d290d639a0ea1139178d6,80000000,16380,16380,361.490522,True,ok,39,36
2025.8936935473291,1eb94094,99,8,108597.428759,0.0003357753357753358,True,1eb94094,206,108603.247382,362.693451,-0.6358363858363858,2027.640354090354,-1.1586080586080587,204.75,108958.283617,355.036235,ec6bf40cc50a6ae80b03bc22c15b8ecaa935a7dc7efd6e593e29cad10e726dd9,80000000,16380,16380,360.854858,True,ok,149,161
862.6767324986098,145e09b4,0,10,108960.193976,0.0,True,145e09b4,1025,108967.460141,362.765217,5.69945054945055,926.9761294261294,-5.640537240537241,1023.7499999999999,109411.307394,443.847253,45924dccf07a3d2a79028c4b428f131f44971c5222afd5de4d7d576634d911c1,16000000,16380,16380,451.113418,True,ok,103,158
1688.8010697364634,c385376c,1,10,109413.718471,0.0,True,c385376c,1025,109421.430812,453.524495,3.125091575091575,1754.769658119658,-7.496825396825397,1023.7499999999999,109865.339821,443.909009,b85a4e87a2f83426615e65e63563b58f1667414761e0164c0df62b01cba8453e,16000000,16380,16380,451.62135,True,ok,144,222
876.7677877030716,b667c4db,2,10,109868.827809,0.0,True,b667c4db,1025,109876.407008,455.109338,11.675885225885226,1026.3778388278388,-3.6446886446886446,1023.7499999999999,110320.330321,443.923313,d284d8ea68603f012952ed5c48dca279c8085b8f47f4799415e21f77424e8594,16000000,16380,16380,451.502512,True,ok,99,159
725.6960889459882,29901328,3,10,110321.709334,0.0,True,29901328,1025,110329.458745,452.881525,7.855799755799755,788.6821123321123,1.128021978021978,1023.7499999999999,110773.334968,443.876223,dd3cad49b67079dc8db6e5869365a9a124b820c18f81de9af6937ec696162159,16000000,16380,16380,451.625634,True,ok,99,157
20509.078677781657,24314f06,4,10,110775.666605,0.00015262515262515263,True,24314f06,1025,110783.443939,453.957271,-1.1010989010989012,20514.503113553114,-2.052319902319902,1023.7499999999999,111227.334457,443.890518,6d5f112654aa4b31f4b997bd93df111d6b9fa8551051a8fe08bcbe6083b8f96d,16000000,16380,16380,451.667852,True,ok,375,546
5642.6691079050515,48e6a733,5,10,111229.200121,0.00018315018315018315,True,48e6a733,1025,111236.458141,453.533516,4.311904761904762,5675.190293040293,-3.732112332112332,1023.7499999999999,111680.341373,443.883232,7da72d44483f5a4ca8ea9ae6808b379fd680796b768c38c15bbab30140d425df,16000000,16380,16380,451.141252,True,ok,276,406
905.0658226029838,adb82968,6,10,111682.532925,0.0,True,adb82968,1025,111690.508244,453.332804,4.597008547008547,943.2529914529914,-4.12973137973138,1023.7499999999999,112134.3465,443.838256,4874db4139d0e932ca24ed6b499d84a06b10105df0ab20b0fa45e4dac7ded963,16000000,16380,16380,451.813575,True,ok,102,163
11394.311502319753,e2674743,7,10,112136.089532,0.00021367521367521368,True,e2674743,1025,112143.627773,453.556607,2.0103174603174603,11404.222405372406,-2.4227106227106225,1023.7499999999999,112587.360505,443.732732,0b5ae13a95c54c60e215413acd783e478d6a8df4620d7830891501512e91f078,16000000,16380,16380,451.270973,True,ok,431,601
17882.46276302215,477168f0,8,10,112589.098779,0.0004884004884004884,True,477168f0,1025,112596.547841,453.009247,-0.5773504273504273,17888.05525030525,-2.293284493284493,1023.7499999999999,113040.410038,443.862197,4363dfe3ed14fa1dc1c75ba0ecadc1b9f90ef84f21293851d4d7bf1bf46414cf,16000000,16380,16380,451.311259,True,ok,437,606
729.1709624255137,396aa998,9,10,113042.314116,0.0,True,396aa998,1025,113049.582705,453.215337,8.872222222222222,850.7506105006105,-6.547008547008547,1023.7499999999999,113493.412448,443.829743,585431c732137cbf863c1c49afd6e6062f47dc18cafebcfbd8e86bce6dd29ed1,16000000,16380,16380,451.098332,True,ok,95,152
19782.99533088164,e548f551,10,10,113494.820075,0.0014957264957264958,True,e548f551,1025,113502.531143,452.505959,-0.041636141636141634,19791.59542124542,-2.932295482295482,1023.7499999999999,113946.406372,443.875229,697c5c04e8233775d1397a83498549a9d0f3f822fcf79e358be313300550af10,16000000,16380,16380,451.586297,True,ok,355,503
4980.3592606233815,9c7793fb,11,10,113948.785028,0.0,True,9c7793fb,1025,113956.612487,453.964953,2.9734432234432235,5037.228571428572,-6.9302197802197805,1023.7499999999999,114400.372955,443.760468,c080270059e6353540e44075ac41bdce0af4b3209eb6ddba28ba1887fc238b3e,16000000,16380,16380,451.587927,True,ok,285,389
894.4031465082197,359d0106,12,10,114401.980921,0.0,True,359d0106,1025,114409.627467,453.195893,5.773321123321123,928.2050061050061,-0.686019536019536,1023.7499999999999,114853.393815,443.766348,eca26e70d00f43e80948bb6033defbce127052f685c320ae53cb7f9a5975bc81,16000000,16380,16380,451.412894,True,ok,99,153
14456.713624659154,8e566af8,13,10,114854.991171,0.00018315018315018315,True,8e566af8,1025,114862.574588,453.01025,0.9340659340659341,14460.579975579976,-1.7302808302808304,1023.7499999999999,115306.391659,443.817071,a34284c8c55d0407f4a81781722591d2d2434a9fc3a140ff68754309ec9824bc,16000000,16380,16380,451.400488,True,ok,374,512
774.6101326627515,d9564c74,14,10,115308.420312,0.0,True,d9564c74,1025,115316.590761,453.429141,6.219230769230769,830.6709401709402,-4.1691697191697195,1023.7499999999999,115760.398143,443.807382,f6ef5ff1ddee3816d2fc3d478f3c4ca2edc1179d148a2d59311a7761b83ab15e,16000000,16380,16380,451.977831,True,ok,98,157
3306.168463722548,6bef637b,15,10,115761.986141,0.0001221001221001221,True,6bef637b,1025,115769.553708,453.565829,0.33632478632478635,3325.340293040293,-4.365628815628815,1023.7499999999999,116213.428546,443.874838,e7061f2f531694316a4785889fcf21542f85a756301c92f46b1eec9798678369,16000000,16380,16380,451.442405,True,ok,266,380
6422.201124715063,d5e3633d,16,10,116215.129789,0.002258852258852259,True,d5e3633d,1025,116222.575334,453.143648,0.47844932844932847,6441.969352869353,-4.420329670329671,1023.7499999999999,116666.42401,443.848676,725ce429b817e223779a218c931fed8c2e239afb178fad7747a3cf0af8815345,16000000,16380,16380,451.294221,True,ok,269,330
879.2621261783258,118538d9,17,10,116668.467251,0.0,True,118538d9,1025,116676.566905,453.337462,2.306349206349206,890.4281440781441,-2.418009768009768,1023.7499999999999,117120.446188,443.879283,92c165b66dfb29a5f3ee7b0274935bb1559140bcbcdfabea25f5e5e24168d054,16000000,16380,16380,451.978937,True,ok,132,200
10473.950655028391,0e432c59,18,10,117122.721458,0.004212454212454212,True,0e432c59,1025,117130.565869,454.254207,3.624969474969475,10530.257081807082,-6.57008547008547,1023.7499999999999,117574.442575,443.876706,00763e686a8c561b279366e1b0441259f12f4e1aaf064a8e623b46be65d8e3e3,16000000,16380,16380,451.721117,True,ok,287,351
20826.866090507647,c6fb9be7,19,10,117576.019191,0.0018620268620268621,True,c6fb9be7,1025,117583.620762,453.297733,-0.4854090354090354,20829.82380952381,-1.6498778998778998,1023.7499999999999,118027.454606,443.833844,71d2639d66d9dfdde9aba2c41d48d509e2dbd5608ca9a888e88bfe34b37ab35a,16000000,16380,16380,451.435415,True,ok,414,572
22717.393872064717,ebafffe7,20,10,118029.535127,0.0005494505494505495,True,ebafffe7,1025,118037.614262,453.515936,0.4746031746031746,22718.44590964591,-0.9092796092796093,1023.7499999999999,118481.465105,443.850843,724626f094f0f0cd9030c2fd2e43190255dcc744d185cf33dac65787f2d6d99a,16000000,16380,16380,451.929978,True,ok,539,731
24485.377854914044,ca0b8dab,21,10,118483.19413,9.157509157509158e-05,True,ca0b8dab,1025,118490.52086,453.659003,-2.0831501831501833,24493.832967032966,-2.0286935286935286,1023.7499999999999,118934.493313,443.972453,84290434f01977107f305a25b08e1e6b83e3956ad8e0562e6bcb31db1ab9c415,16000000,16380,16380,451.299183,True,ok,436,625
14701.373094347317,c26f2953,22,10,118936.124754,0.0004578754578754579,True,c26f2953,1025,118943.738387,452.930624,2.0785103785103787,14718.139377289377,-3.527899877899878,1023.7499999999999,119387.506159,443.767772,93c284f7933f53b03e31aa0c2a8ce03c97348fef6de73c0a56370adea5c89b24,16000000,16380,16380,451.381405,True,ok,308,459
8324.712310446643,8f570b59,23,10,119388.959652,0.0011904761904761906,True,8f570b59,1025,119396.509645,452.834898,6.216910866910867,8373.89188034188,-3.244932844932845,1023.7499999999999,119840.496291,443.986646,f903cbbc76ae93f095feba4bbdf2f9c2907585f32f2901e89bc17e05352a60af,16000000,16380,16380,451.536639,True,ok,288,405
8828.211999587036,247bed00,24,10,119842.303214,0.002655677655677656,True,247bed00,1025,119849.54875,453.343562,2.4692918192918194,8845.166788766788,-3.295054945054945,1023.7499999999999,120293.525594,443.976844,8ffd139df01a6671a75b46b8a63a2f0119fb288453f046e67d562e86e7a7f628,16000000,16380,16380,451.22238,True,ok,317,440
12178.71541967631,27a590dd,25,10,120295.992016,0.00018315018315018315,True,27a590dd,1025,120303.493577,453.688802,1.0954212454212455,12192.136324786325,-3.495848595848596,1023.7499999999999,120747.542407,444.04883,64a8be1f7a6bd723bdb89ba5b2581c251e8792f2c110c4e24630f85201b129cd,16000000,16380,16380,451.550391,True,ok,357,491
17970.360761910724,3319e49c,26,10,120749.761611,0.00057997557997558,True,3319e49c,1025,120757.574582,453.769595,-2.2506715506715507,17978.5768009768,-1.7749694749694749,1023.7499999999999,121201.524883,443.950301,016b4cf41c4f6b4e2fa9dd092307b711ea71a9d1bc0e5e20afd2fb4bd0819c3d,16000000,16380,16380,451.763272,True,ok,455,614
13728.977380464128,6ca31c8e,27,10,121203.752753,0.0003357753357753358,True,6ca31c8e,1025,121211.569271,453.991142,-0.16031746031746033,13731.329731379732,-1.5253357753357752,1023.7499999999999,121655.521343,443.952072,9ecc159329df9485d45a8bd5e6430dc6ef0f4af948ed8083a459e0388f83ec4c,16000000,16380,16380,451.76859,True,ok,352,509
8382.570087549813,03ddbe78,28,10,121657.402908,0.0031135531135531138,True,03ddbe78,1025,121665.530003,453.650155,4.621428571428571,8413.7557997558,-3.134981684981685,1023.7499999999999,122109.534524,444.004521,59a7b5bc004ee5bdc758c7c1a23a8980d8efc15d98762b8f92fc1c715fe5beb7,16000000,16380,16380,452.131616,True,ok,298,376
6018.086156973199,67779a17,29,10,122111.446155,0.00173992673992674,True,67779a17,1025,122119.644045,454.043247,7.733760683760684,6092.140231990232,-3.773992673992674,1023.7499999999999,122563.442182,443.798137,a2778ab952ff88caff4e94ea1cb808166339eae861179e4a4e221a158fc7ab95,16000000,16380,16380,451.996027,True,ok,311,412
3338.099303224249,9c323be6,30,10,122565.892514,0.001282051282051282,True,9c323be6,1025,122573.536955,454.446359,2.2391941391941392,3360.895115995116,-4.216849816849817,1023.7499999999999,123017.564837,444.027882,8473adf7bd9096446bfc4a5bafe31ede3a0873c0a0b0b40a344dbdad00b391b7,16000000,16380,16380,451.672323,True,ok,226,275
6644.825845383079,2c436bf7,31,10,123019.278814,0.0020451770451770453,True,2c436bf7,1025,123027.550243,453.3863,8.373931623931623,6717.766178266178,-1.6785714285714286,1023.7499999999999,123471.566118,444.015875,c3c2fe68164a9b56abb2fad6f76facbd19b5d50e9bb7168add3b23e7a9127fd1,16000000,16380,16380,452.287304,True,ok,319,423
6749.055986670363,1366a855,32,10,123473.678009,0.001343101343101343,True,1366a855,1025,123481.478245,454.399195,3.71996336996337,6767.307448107448,-2.100793650793651,1023.7499999999999,123925.561729,444.083484,be477d43f66d5f6a31db5c42705a9fecade78bc4333a2095e08d71ff32cc5542,16000000,16380,16380,451.88372,True,ok,433,555
3506.1464160408846,bc3f54ff,33,10,123927.113078,0.0,True,bc3f54ff,1025,123934.466878,453.435069,7.804273504273504,3627.2851037851037,-7.760927960927961,1023.7499999999999,124378.587108,444.12023,96b51d5135080584b1a6fd7ac81785f8c51668b47e7c484030d29e9a205a944c,16000000,16380,16380,451.47403,True,ok,277,421
17923.003403298644,9e459435,34,10,124380.658912,0.0002747252747252747,True,9e459435,1025,124388.503603,453.545834,-0.85006105006105,17928.18485958486,-2.1115995115995116,1023.7499999999999,124832.572575,444.068972,b3cd59ea71c49ef25a3ff6acb2e2531e4e78a06cee73caf181689f226999422d,16000000,16380,16380,451.913663,True,ok,341,495
6699.376218190981,a42427ed,35,10,124834.228863,0.0014652014652014652,True,a42427ed,1025,124841.440885,453.569951,5.815018315018315,6735.914163614164,-1.6503052503052502,1023.7499999999999,125285.602249,444.161364,0ef526b51a35052df3f360194a8b33e96971d5a93f8e4d6718dc76b228d835a6,16000000,16380,16380,451.373386,True,ok,431,551
3342.2074711223527,1222cae0,36,10,125287.084347,0.0001221001221001221,True,1222cae0,1025,125294.664065,452.855484,3.315689865689866,3355.196642246642,-1.4125763125763127,1023.7499999999999,125738.629237,443.965172,761b45b4d4653327a411a788299ac2cb79685b28e430bcc9da87b2f74e4930ee,16000000,16380,16380,451.54489,True,ok,347,461
887.5476810220033,1b937769,37,10,125740.378049,0.0,True,1b937769,1025,125748.468265,453.293702,5.404517704517705,951.821978021978,-5.921611721611722,1023.7499999999999,126192.614989,444.146724,cbe233c3d10dc16a2aa29c23ba35d3cb3c1d4b7595f41a038d745b1170ea6077,16000000,16380,16380,452.23694,True,ok,100,159
890.3671335020969,5ed66336,38,10,126194.320269,0.0,True,5ed66336,1025,126202.472252,453.94222,9.075396825396826,1000.8361416361416,-5.301526251526251,1023.7499999999999,126646.593104,444.120852,3c143f5c572c2e405770c63b802bac94ce5b413a2a955ee5de4ee524e5c047bc,16000000,16380,16380,452.272835,True,ok,107,160
9010.45546532595,bad1c73f,39,10,126648.73976,0.0003357753357753358,True,bad1c73f,1025,126656.539055,454.419491,0.7040903540903541,9019.881746031746,-2.9884004884004884,1023.7499999999999,127100.601956,444.062901,8c3af83905fe04207e6e22cd9976883c33b65a75cdbc985c45264d71eba1e98d,16000000,16380,16380,451.862196,True,ok,280,405
1575.4791276699152,2f7e739b,40,10,127102.074556,0.0,True,2f7e739b,1025,127109.41961,453.334796,10.232173382173382,1696.791330891331,-4.076129426129426,1023.7499999999999,127553.621672,444.202062,2a2374562c62385a4b0220fd2067ab52ea2807fc3c536558403613d9b06f841d,16000000,16380,16380,451.547116,True,ok,130,200
892.0833712976753,8f6d06ba,41,10,127555.350377,0.0,True,8f6d06ba,1025,127563.410716,453.275821,3.047191697191697,912.8843711843712,-3.3934676434676434,1023.7499999999999,128007.638186,444.22747,a3ae58f0c62590daaa65e2e6660e1561e30abfaed8f161900cd1b0336d65ec85,16000000,16380,16380,452.287809,True,ok,103,165
6150.098285820135,28e1668e,42,10,128009.237215,0.0,True,28e1668e,1025,128016.413219,453.886838,0.16538461538461538,6160.235164835165,-3.1795482295482294,1023.7499999999999,128460.642479,444.22926,2421377ee61af36aa8ce80fcc5c95abc0f3e03d2e2361412a4349d7fd79e1c01,16000000,16380,16380,451.405264,True,ok,319,434
12441.746954574728,99208545,43,10,128462.248371,0.0003663003663003663,True,99208545,1093,128469.495228,453.011156,2.548168498168498,12451.57442002442,-1.826007326007326,1023.7499999999999,128913.670947,444.175719,b774d6322add9555d04e104924e5702e1338c782ea834e45ce7fb7b25375222e,16000000,16380,16380,451.422576,True,ok,419,575
22649.38474618754,2d6efa29,44,10,128915.329238,0.006196581196581196,True,2d6efa29,1025,128923.506609,453.080867,5.2946275946275945,22683.90103785104,-2.546214896214896,1023.7499999999999,129367.658899,444.15229,16fc985b902764892c03208b340d53925acba10f0f663a76232aabb01679848c,16000000,16380,16380,452.329661,True,ok,563,688
5251.294677940428,7034d14e,45,10,129369.407983,0.0,True,7034d14e,1025,129377.490854,454.078745,14.591819291819291,5465.999511599512,-1.3355311355311354,1023.7499999999999,129821.701395,444.210541,85eb03007b069c84ee210a79d91ce48fd917be2c9731d1406ac706f19b3d8b5f,16000000,16380,16380,452.293412,True,ok,228,345
728.0059129369477,588706e0,46,10,129823.41446,0.0,True,588706e0,1025,129831.606237,454.006477,5.728510378510379,763.1826007326007,-1.5365079365079366,1023.7499999999999,130275.679275,444.073038,0df2e6886470becb1c262feaf0081c4a1d38a544437bf55ab1373193645d6251,16000000,16380,16380,452.264815,True,ok,93,152
6603.741970355313,d602ba06,47,10,130277.750238,0.00018315018315018315,True,d602ba06,1025,130285.499187,454.335778,2.508852258852259,6626.946581196581,-4.112210012210012,1023.7499999999999,130729.69747,444.198283,9ea46d0028bd074184ae2043bb597acde2e855c7b16da48320e3dba3180be410,16000000,16380,16380,451.947232,True,ok,310,441
1259.4508601051643,d1aadb30,48,10,130732.607142,0.0,True,d1aadb30,1025,130740.498871,454.856904,6.131929181929182,1305.34884004884,-2.8805250305250305,1023.7499999999999,131183.756481,443.25761,b24b6471dbfd35ba26839d2897ab2fcc64aa2171078d8199e9f82c2bb9476dc2,16000000,16380,16380,451.149339,True,ok,234,269
732.1274893963722,bdc4f8c7,49,10,131185.177773,0.0,True,bdc4f8c7,1025,131192.496066,452.570631,5.892368742368743,768.245177045177,-1.1822344322344323,1023.7499999999999,131635.7726,443.276534,7dd9e13d606246993b87dfccc40ea3b34e9f5e889b8dab708b5b9d1644a574c1,16000000,16380,16380,450.594827,True,ok,93,144
20824.674297607493,a9467af5,50,10,131637.533365,0.0014346764346764348,True,a9467af5,1025,131645.516918,452.355592,-2.692735042735043,20836.347435897434,-2.102930402930403,1023.7499999999999,132088.796707,443.279789,19a30c53b627c7a3bd9de7926a974c7215283fd175ddeab1481a4476037b122e,16000000,16380,16380,451.263342,True,ok,392,545
894.2420555719549,ee1ecea5,51,10,132090.393271,0.0,True,ee1ecea5,1025,132097.822895,452.859906,3.505128205128205,921.6006715506716,-3.8823565323565323,1023.7499999999999,132541.793088,443.970193,acfde3cedffab5a36b8c643d8dd078bf57f8a0059479824ecfdef292b89d1acd,16000000,16380,16380,451.399817,True,ok,107,161
555.2943718515239,b4f59518,52,10,132543.26155,0.0,True,b4f59518,1025,132550.968459,452.868279,8.154212454212454,627.503724053724,-2.391269841269841,1023.7499999999999,132994.806492,443.838033,4bd6f434fd82738e83ec498457e391d24204041ca405b25a6efce2fbdc0884a2,16000000,16380,16380,451.544942,True,ok,87,130
6724.686752263474,64692f49,53,10,132996.695801,0.0,True,64692f49,1025,133003.860092,453.434251,2.7713675213675213,6762.872283272283,-5.523137973137973,1023.7499999999999,133447.803441,443.943349,b3dc72489ad7d4e509158a1aa5e0bad0972476724f8bc82ff288bc1bfc31a1da,16000000,16380,16380,451.10764,True,ok,253,409
1059.7827703384662,d9dd5045,54,10,133449.774795,0.0,True,d9dd5045,1025,133456.845439,453.078994,5.314835164835165,1091.026862026862,-1.7310744810744811,1023.7499999999999,133900.854272,444.008833,1d0e90967f5c6fbb88413e0485ffe79684cf1f46d0057ee9c80d99ef5a45c59a,16000000,16380,16380,451.079477,True,ok,116,173
462.9286972520764,cba4abe7,55,10,133902.928741,0.0,True,cba4abe7,1025,133909.868036,453.153946,7.521978021978022,522.5088522588522,-1.7320512820512821,1023.7499999999999,134353.841158,443.973122,f423c5e8462fc17900e35d29ff70706033138faff513dc18f51696ea11d8e84f,16000000,16380,16380,450.912417,True,ok,72,116
10254.207514822716,ae07750c,56,10,134355.826479,0.0003968253968253968,True,ae07750c,1025,134362.929143,452.897738,1.2587301587301587,10257.346642246643,-1.246886446886447,1023.7499999999999,134806.819448,443.890305,52cea03d3f2c057c012d21a303af5b6c77ce32a0b266ecc59bd15e3d1592185b,16000000,16380,16380,450.992969,True,ok,432,599
640.7287154701899,c83e8ea3,57,10,134808.714016,0.0,True,c83e8ea3,1025,134816.535312,452.887537,6.518803418803419,690.1062881562882,-2.6235042735042735,1023.7499999999999,135260.814621,444.279309,52bcf9c0971d006cc9a0284ac20ca60fbe4a5ef9e76d500d472e649e168251d4,16000000,16380,16380,452.100605,True,ok,91,138
11060.694409987314,c5c8eb31,58,10,135262.733295,0.0,True,c5c8eb31,1025,135269.889892,454.019279,5.5828449328449326,11092.808852258851,0.9727716727716728,1023.7499999999999,135713.860174,443.970282,3e8d1885f789504d43a27ef84dff80af239b1a5bde08abd65c841752a46f0c00,16000000,16380,16380,451.126879,True,ok,490,718
19059.84711281664,391f0751,59,10,135715.946105,0.00231990231990232,True,391f0751,1025,135723.003814,453.21281,-0.985958485958486,19061.685103785105,-0.9305250305250305,1023.7499999999999,136166.913059,443.909245,43fe1208596fc4b735fc00e74b53049c880b0e20e710138120289e9166ba06a2,16000000,16380,16380,450.966954,True,ok,378,512
10252.7624158754,6fc5addd,60,10,136170.990162,0.00021367521367521368,True,6fc5addd,1025,136178.011653,455.044057,1.0955433455433456,10255.679242979242,-1.3101953601953602,1023.7499999999999,136621.880548,443.868895,8743ce06f62ad9f6b3bae74195d290a13e3d6668897908088c3d43d4f89089c4,16000000,16380,16380,450.890386,True,ok,296,440
27055.821576716597,5568fc8d,61,10,136623.822497,0.0013736263736263737,True,5568fc8d,1025,136630.939078,452.832335,0.32576312576312577,27061.44188034188,-2.3482295482295483,1023.7499999999999,137074.891692,443.952614,89d5ed03d6db47144f00518a31653e0aa30172d68ec824d67b299d8bb86ec0ad,16000000,16380,16380,451.069195,True,ok,501,729
2213.4780378629644,b58dfceb,62,10,137076.562416,0.0,True,b58dfceb,1025,137083.951673,452.739919,5.675641025641026,2267.9424908424908,-4.717155067155067,1023.7499999999999,137527.880379,443.928706,cc48a935f27fa1b8faa811d51719c535f1f9fac48d688eb25dd2d171b8664c47,16000000,16380,16380,451.317963,True,ok,230,345
6226.079938215698,bb1ed19b,63,10,137529.469419,0.001617826617826618,True,bb1ed19b,1025,137537.071559,452.907003,2.9663614163614165,6252.132661782662,-4.153724053724054,1023.7499999999999,137980.893793,443.822234,f085c2aebccb899be50144b46f10d8267df3aa814a6dc2df176b79ce02b36206,16000000,16380,16380,451.424374,True,ok,318,447
10089.348678754432,8e1522b4,64,10,137982.613781,0.004304029304029304,True,8e1522b4,1025,137990.69046,453.144362,6.254212454212454,10131.45518925519,-1.7295482295482296,1023.7499999999999,138434.845821,444.155361,1ef20b794a37be7133b879124598d91d489a44dd75d630d47264ff6dd11c8f8e,16000000,16380,16380,452.23204,True,ok,291,357
17614.03943955448,b69371e3,65,10,138436.367624,0.003083028083028083,True,b69371e3,1025,138443.985003,453.753843,-0.6631868131868132,17617.569597069596,-1.757936507936508,1023.7499999999999,138887.90089,443.915887,fe82ace016561e9001c4cb78eb5a3bc28f92cff562ad65b6376e050785aa6a49,16000000,16380,16380,451.533266,True,ok,454,617
4512.555585931502,4200d6db,66,10,138889.622171,0.0013736263736263737,True,4200d6db,1025,138897.125133,453.254547,2.145238095238095,4545.298778998779,-5.304822954822955,1023.7499999999999,139340.90507,443.779937,08aae0bf18421118f476fed4d6fb04a154d02bed1a72e2d704a95764f6b51d62,16000000,16380,16380,451.282899,True,ok,285,377
16988.201024295537,2bf6f0c6,67,10,139342.465045,0.0002747252747252747,True,2bf6f0c6,1025,139350.036928,452.842874,2.1578754578754578,17002.15622710623,-3.049389499389499,1023.7499999999999,139793.940638,443.90371,a27a4bb987e13ff5bc12ab39ea9345bce92b837e6ebb721b16e19ce8a6695621,16000000,16380,16380,451.475593,True,ok,364,516
23749.858292323945,eedfcf99,68,10,139795.642111,0.001800976800976801,True,eedfcf99,1025,139802.983027,453.177066,-1.810927960927961,23766.369047619046,-3.6374847374847374,1023.7499999999999,140246.92652,443.943493,4768f164e73063afd96916e7d62356bc3b11525a4706ccf04286eda919e21750,16000000,16380,16380,451.284409,True,ok,403,574
12051.224998397342,68324253,69,10,140249.126718,0.0028083028083028083,True,68324253,1025,140256.081942,453.484607,13.193772893772893,12767.616117216117,-23.287667887667887,1023.7499999999999,140699.943529,443.861587,9109f80828e7d1143a1536e1a3e30d686311b16fadc31d5006ce162335bd8e38,16000000,16380,16380,450.816811,True,ok,350,437
9399.347725255346,022e1abd,70,10,140701.704505,0.0025335775335775337,True,022e1abd,1025,140709.074816,452.577787,4.200854700854701,9508.768498168498,-9.57985347985348,1023.7499999999999,141152.945448,443.870632,9f50643abd26ebfb4666d8e8932560aef6daf57ead9731ab9be633df4ea63093,16000000,16380,16380,451.240943,True,ok,363,462
12273.576047794966,6a97928b,71,10,141154.499512,0.0003357753357753358,True,6a97928b,1025,141162.076945,452.795007,2.3515873015873017,12297.66800976801,-4.308363858363858,1023.7499999999999,141605.951393,443.874448,d1a8c9ff4164f3512360105ffa315970b21fbe4f58f98aa57d66e13561c4d7b9,16000000,16380,16380,451.451881,True,ok,376,504
16710.61850092283,cf149225,72,10,141607.483755,0.00018315018315018315,True,cf149225,1025,141615.023236,452.984243,-0.23437118437118437,16718.27796092796,-2.7576312576312576,1023.7499999999999,142058.972886,443.94965,96feb79cf6d7f35cf9490f9e9efa426aaed48778b4549e77b5d7857df4d22dd8,16000000,16380,16380,451.489131,True,ok,383,531
6646.547474715286,83091cd0,73,10,142060.645133,0.0018925518925518926,True,83091cd0,1025,142068.097279,453.161378,4.973076923076923,6679.058913308913,-2.789255189255189,1023.7499999999999,142511.93843,443.841151,f7dbeb44375df6e904e59128593a08529ae09b9af990991dd8d3649e047c09f3,16000000,16380,16380,451.293297,True,ok,326,424
16365.334215521623,07948d13,74,10,142513.430646,0.00021367521367521368,True,07948d13,1035,142521.067913,452.785513,-2.2755799755799755,16378.68028083028,-2.857936507936508,1023.7499999999999,142964.976331,443.908418,a716a3fb40d0d088a24a996bfe430c35ceeef241d61d68ba4a6db7e3fadd21e8,16000000,16380,16380,451.545685,True,ok,318,426
6542.67602674425,aa23de1e,75,10,142966.607851,0.002258852258852259,True,aa23de1e,1025,142974.127004,453.177205,2.6495115995115994,6598.41684981685,-6.98003663003663,1023.7499999999999,143418.040989,443.913985,570f04230f6c03151d99ec998084a8f384432472d02ec10b25f0db9d73069626,16000000,16380,16380,451.433138,True,ok,265,333
22102.420755317467,1b8f4a7d,76,10,143420.524603,0.002564102564102564,True,1b8f4a7d,1025,143428.141731,453.916752,-0.13882783882783883,22105.254761904762,-1.6777167277167278,1023.7499999999999,143872.001764,443.860033,abeef8944c80583ddc9eebe2770fab96a68252a8df0fdf884c761cf80b61aded,16000000,16380,16380,451.477161,True,ok,421,564
19003.66029219797,dd9dc8ef,77,10,143874.146927,0.0025946275946275945,True,dd9dc8ef,1025,143882.099902,453.622324,0.3548840048840049,19005.859096459095,-1.4397435897435897,1023.7499999999999,144326.013663,443.913761,94e2f6e2eda69bedcdc464529701fbfeece97cb088356968b0427519f67be7a9,16000000,16380,16380,451.866736,True,ok,359,499
11911.765927487586,b9a29f80,78,10,144328.605402,0.0035714285714285713,True,b9a29f80,1025,144336.146767,454.458475,5.067399267399267,11979.779426129426,-6.5065323565323565,1023.7499999999999,144780.031783,443.885016,c6e79f8ff116cd57a07fbe33c113f9b56f33d9792b38546122e0a0e59e58177a,16000000,16380,16380,451.426381,True,ok,404,517
11016.664146201107,8e646b1a,79,10,144783.708437,0.0024725274725274724,True,8e646b1a,1025,144791.21719,455.103035,4.127960927960928,11039.63601953602,-2.4355311355311353,1023.7499999999999,145235.052931,443.835741,36cf606b0fa2bdf9d08f3ce856c5cee4f7d58bbafed8e8c1e9c2ca3e0973d5a7,16000000,16380,16380,451.344494,True,ok,412,552
558.5433496096225,b152acce,80,10,145240.035168,0.0,True,b152acce,1025,145247.153441,456.326731,10.16068376068376,674.0264346764346,-3.499084249084249,1023.7499999999999,145691.122523,443.969082,a043a72d60944aae2ab172f1e6166d2f2ebc70209d0025f689ed9275a434b45e,16000000,16380,16380,451.087355,True,ok,82,131
574.8604963466869,96f1b9fa,81,10,145694.033897,0.0,True,96f1b9fa,1024,145701.238043,453.998729,7.43956043956044,655.2454212454212,-5.003785103785104,1023.7499999999999,146145.034787,443.796744,d5ab20f536f537de879bcf5d5bf9a3208b04e3893c5a5ab3554478a43d11a36a,16000000,16380,16380,451.00089,True,ok,88,131
716.1839505576502,250093af,82,10,146148.227073,0.0,True,250093af,1025,146156.171522,454.193176,5.704517704517705,776.2296703296703,-5.2444444444444445,1023.7499999999999,146600.149496,443.977974,45f84a5b5ca509d36263d2d9f0b72ee812551d742f1ba1c0868a2909ddb65e63,16000000,16380,16380,451.922423,True,ok,96,149
3487.6563670182077,ea3ab354,83,10,146604.11138,0.00018315018315018315,True,ea3ab354,1025,146612.288639,455.884307,5.826007326007326,3528.0639194139194,-2.5426739926739925,1023.7499999999999,147056.054612,443.765973,096e7ffc96f8d7204be4d3dc57d9b7bb81608c310b1496f3141e8d4b87b7d27e,16000000,16380,16380,451.943232,True,ok,323,434
16629.153093128552,755f20c8,84,10,147057.891782,0.0005189255189255189,True,755f20c8,1025,147065.20803,453.780402,0.942979242979243,16632.114285714284,-1.4394383394383394,1023.7499999999999,147509.04855,443.84052,535aa633b0f27d761eb5a39d79c0682b19708be494e5eb8883fdf71f0de9185f,16000000,16380,16380,451.156768,True,ok,350,475
454.4407215796685,f0ee45a9,85,10,147511.539018,0.0,True,f0ee45a9,1025,147519.283637,453.647236,0.9506105006105006,456.6532967032967,-1.144078144078144,1023.7499999999999,147963.060577,443.77694,3bd6e04ea2341149a9d7c8902978df7c3e86678465303229785300d38d8c5d92,16000000,16380,16380,451.521559,True,ok,74,119
6530.387994874478,97cbed8e,86,10,147964.909148,0.0007020757020757021,True,97cbed8e,1025,147972.262677,453.37013,4.5135531135531135,6550.813919413919,-0.23186813186813188,1023.7499999999999,148416.090089,443.827412,695af409790250526ef527a713232c10acea5ec97c57158e256c22eb6f61c754,16000000,16380,16380,451.180941,True,ok,423,560
23404.33218374354,6dee2baa,87,10,148418.741842,0.001282051282051282,True,6dee2baa,1025,148426.313273,453.832694,-1.2214896214896216,23406.070207570207,-0.495970695970696,1023.7499999999999,148870.068629,443.755356,d07e4ce52eb50d0d9c7fecdd77d5fc5f2af288faa6463012d48f698b06b51045,16000000,16380,16380,451.326787,True,ok,451,634
886.4963230234018,3aee738b,88,10,148872.159779,0.0,True,3aee738b,1025,148880.20613,453.417937,4.921550671550672,912.5794261294261,-1.3643467643467644,1023.7499999999999,149324.070459,443.864329,b0641150b370b99353552d099edb40e3e1a510fc990456737c0a1bc4f35031b3,16000000,16380,16380,451.91068,True,ok,104,159
5687.448815938165,edf802e6,89,10,149326.330811,0.00030525030525030525,True,edf802e6,1025,149334.210135,454.171032,5.1260683760683765,5717.144505494505,-1.8490842490842492,1023.7499999999999,149778.059385,443.84925,4b01c0ab9c40f8be7f5acbe151690f757a4d0e4a0d17644b15fd5b3e30dbdc12,16000000,16380,16380,451.728574,True,ok,369,493
728.0194578620403,915a886d,90,10,149779.638886,0.0,True,915a886d,1025,149787.357486,453.308075,6.454761904761905,769.8201465201465,-0.3697802197802198,1023.7499999999999,150231.100483,443.742997,f7fe30370cea8f93f29bea8e6cc22ea119c321ce11c681ee004769aec1fb0568,16000000,16380,16380,451.461597,True,ok,93,147
606.7728891512775,5b59953a,91,10,150233.97097,0.0,True,5b59953a,1025,150241.290624,454.332084,6.8468864468864465,658.1705738705739,-2.1255189255189255,1023.7499999999999,150685.121525,443.830901,898c67ffa543d20c3ba7b6985455f75764c7a210da3199521b5788ec1d599684,16000000,16380,16380,451.150555,True,ok,89,135
670.606359027284,0d8cd236,92,10,150687.279893,0.0,True,0d8cd236,1025,150695.229771,453.308923,8.336752136752137,809.234126984127,-8.314224664224664,1023.7499999999999,151139.128309,443.898538,cfe2aae88f9184e3b03c81b983a0093ce22b9f6cab56fa780291a931cb5b4283,16000000,16380,16380,451.848416,True,ok,81,139
954.5741608039227,da58d944,93,10,151140.660341,0.0,True,da58d944,1025,151148.398708,453.380448,6.274420024420024,1007.0466422466423,-3.61996336996337,1023.7499999999999,151592.13719,443.738482,316dd3916478ff272a687a10359773517b86cee9de7743193a8c64f1f0cd9c3a,16000000,16380,16380,451.476849,True,ok,109,161
1776.0914870982363,dfc87e3b,94,10,151594.476691,9.157509157509158e-05,True,dfc87e3b,1025,151602.216652,453.81635,8.911477411477412,1867.1786935286934,-3.4165445665445664,1023.7499999999999,152046.116078,443.899426,caf3e804f3b0b4317696c4d51b2135cf4874169724fe9de5750b51fd936da6ec,16000000,16380,16380,451.639387,True,ok,277,341
1092.136331267769,21904de6,95,10,152048.976296,0.0,True,21904de6,1025,152056.23813,454.499605,8.873931623931623,1171.6824786324787,0.8941391941391942,1023.7499999999999,152500.157511,443.919381,98239570149860c9e52262ccc927d438a7051da7adbf4546326553df63b7fde8,16000000,16380,16380,451.181215,True,ok,112,174
9442.64170106789,c9b2a84f,96,10,152502.408004,0.0002747252747252747,True,c9b2a84f,1025,152510.238716,453.431708,5.358608058608058,9473.476800976801,1.456166056166056,1023.7499999999999,152954.199856,443.96114,eb5b4c3b0dec6c493da83790e3301255f945bb9684393b59cefe4aabce3706a8,16000000,16380,16380,451.791852,True,ok,432,589
21028.949630755214,4ebb0bc9,97,10,152957.574368,0.0003663003663003663,True,4ebb0bc9,1025,152965.323976,455.166364,-1.6194749694749695,21041.766666666666,-3.192857142857143,1023.7499999999999,153409.147422,443.823446,1f7206d925734dad5cf8eaa8163eb966cf4449a77ca9b68a276f711c83280763,16000000,16380,16380,451.573054,True,ok,367,508
1086.0090199452561,881e753b,98,10,153412.649866,0.0,True,881e753b,1025,153420.197953,455.075498,8.065934065934066,1177.9922466422468,-5.188827838827839,1023.7499999999999,153864.171132,443.973179,bff4482004d7984f856bd9fa50f3cdefdc0733e7f32209268edffafcbdef790e,16000000,16380,16380,451.521266,True,ok,117,182
17897.59105417205,9a14a804,99,10,153866.115725,0.00018315018315018315,True,9a14a804,1025,153874.170722,453.465859,-1.7476800976800977,17901.428632478634,-0.884981684981685,1023.7499999999999,154318.14972,443.978998,048670d0cf4b642c052f6eb6b4dceffb9a41f751a7df0e8c85b36a3d0edf4b7d,16000000,16380,16380,452.033995,True,ok,382,533
397.2994677202461,de4f4035,0,10,154320.533134,0.0,True,de4f4035,411,154327.301424,454.417409,4.428083028083028,417.8322954822955,-0.9617216117216117,409.5,154771.230165,443.928741,6773aa9bb4ae8753ac2e03c3b0a42688d62cff48a017709b09860333ce910309,40000000,16380,16380,450.697031,True,ok,70,104
22001.01460607802,72a45843,1,10,154773.905753,0.0010073260073260074,True,72a45843,411,154780.4191,453.372619,-2.792185592185592,22019.155494505496,-3.2163003663003664,409.5,155224.265303,443.846203,90a9fdc5a3824a3bba86d56fe908c7d07c62299bdd6b13b2e74f2d0a0558c60e,40000000,16380,16380,450.35955,True,ok,339,513
18888.436323183665,2b632a4a,2,10,155227.869519,0.0003663003663003663,True,2b632a4a,411,155234.347279,453.963766,-0.9657509157509158,18893.79413919414,-2.1036019536019537,409.5,155678.25605,443.908771,c2dbdd44c8a52390fc28083fb0cc7d5ed0e068c238f4b55d24226e2775a313ed,40000000,16380,16380,450.386531,True,ok,464,648
26745.11606150328,9e880495,3,10,155680.65297,0.005982905982905983,True,9e880495,411,155687.34234,452.783451,0.2852258852258852,26748.890476190478,-1.9217338217338218,409.5,156131.216323,443.873983,d11555380534b66be04439be6e195cb19e193f592241c4ebe1eb4dc0ad16cff6,40000000,16380,16380,450.563353,True,ok,524,707
22497.650400600956,e82a19fe,4,10,156133.095733,0.0,True,e82a19fe,411,156140.355593,452.442763,-2.111172161172161,22504.018864468864,-1.3825396825396825,409.5,156584.25931,443.903717,5bcac6037fe4bfd6dec8cf56ac78034256f761ee9c40ea04cedf009cab02277b,40000000,16380,16380,451.163577,True,ok,254,415
24274.629635037665,d095196a,5,10,156586.443998,0.0002747252747252747,True,d095196a,411,156593.341362,453.348265,-1.5355311355311356,24281.736324786325,-2.179181929181929,409.5,157037.28313,443.941768,d28094df7e8aae6822a1a92d7caf70e22977a32d08d57c2a01b67ff65b137cd5,40000000,16380,16380,450.839132,True,ok,422,579
6687.203418233171,529b065a,6,10,157039.415459,0.0,True,529b065a,411,157046.360734,452.971461,-1.2882783882783884,6838.907631257632,-12.2492673992674,409.5,157490.267532,443.906798,64b290b87c32a38b467b0efdea535bd2bd36dfcdad8d5389767a333660cac131,40000000,16380,16380,450.852073,True,ok,259,400
559.7796266740313,50b7ffe3,7,10,157492.191957,0.0,True,50b7ffe3,411,157499.40036,452.776498,3.636935286935287,592.1419413919414,-4.374358974358974,409.5,157943.264107,443.863747,4c0213f883254e110d9f643e1f9e39a6f3d76fc972f25c176f0615b2a5d4626e,40000000,16380,16380,451.07215,True,ok,85,130
727.2949004451661,503aad30,8,10,157944.931075,0.0,True,503aad30,411,157951.443129,452.739118,1.6313797313797314,730.6459706959707,-0.8304639804639805,409.5,158395.299008,443.855879,74893e545e6ded7d3380e38f10cd6b4dee1be3f0b5026e54d57024a46d3ab12d,40000000,16380,16380,450.367933,True,ok,114,159
2339.0971509226083,0bdb6ff1,9,10,158397.762764,0.0,True,0bdb6ff1,411,158404.568695,452.831689,2.823687423687424,2357.608669108669,-3.2462759462759463,409.5,158848.291491,443.722796,184d538d9ddee9ce8550f7d9cbfcd92b82c22034d807ebee41c85330ada255f9,40000000,16380,16380,450.528727,True,ok,277,336
432.989077834728,1f2f30aa,10,10,158851.191714,0.0,True,1f2f30aa,411,158858.575229,453.42895,-1.0887667887667887,443.79395604395603,-3.1015262515262516,409.5,159302.27543,443.700201,69167607140627a189b1b1724bb3d51ae40901d3807875302ab56a675ca6f527,40000000,16380,16380,451.083716,True,ok,79,122
4197.480053394577,a14b5f94,11,10,159303.981973,0.0005494505494505495,True,a14b5f94,411,159311.438816,452.790259,2.16001221001221,4253.507692307692,-7.166727716727717,409.5,159755.325349,443.886533,fe4fb0ea5cbde4f8b0c31be2cf13664102fba427b7320bde7b46f98574ec3527,40000000,16380,16380,451.343376,True,ok,349,466
553.8517952705956,0abb5d03,12,10,159757.695678,0.0,True,0abb5d03,411,159764.548758,453.713705,6.2445054945054945,595.8357142857143,-1.7291819291819293,409.5,160208.30329,443.754532,4655b66b4ecee086b55277dab6a60c727d1418716d1f454db9a6a05322852287,40000000,16380,16380,450.607612,True,ok,86,134
23208.53250738713,e5b809a5,13,10,160210.334897,0.0,True,e5b809a5,453,160217.446417,452.639219,-3.5575091575091573,23226.992124542125,-2.409096459096459,409.5,160661.325001,443.878584,8086233876bef871a416504d5d01f35bae129f3bc74fd0da51389917e02a31e5,40000000,16380,16380,450.990104,True,ok,369,540
10342.250875762753,604fdeca,14,10,160664.057687,0.003785103785103785,True,604fdeca,411,160671.787427,453.72279,4.584676434676434,10374.738156288156,-3.3864468864468864,409.5,161115.348749,443.561322,163992535093a89f4df5524fe45be4af06cda177f3b684f7e7ba0eea503d0b95,40000000,16380,16380,451.291062,True,ok,295,407
8805.120140288422,acca1bfc,15,10,161119.110644,0.002960927960927961,True,acca1bfc,411,161126.596353,455.052957,7.778754578754579,8873.917094017093,-2.878876678876679,409.5,161570.313718,443.717365,99147c225af7755094f675e26760e1e663b1f2f7d7d6eaf4438e51d67200aaf5,40000000,16380,16380,451.203074,True,ok,312,365
7446.2078749584425,b450629b,16,10,161573.066812,0.0007020757020757021,True,b450629b,411,161580.507826,453.956168,1.3592796092796093,7453.633821733822,-2.361843711843712,409.5,162024.38859,443.880764,0d8bdc65a303f314e0e3a4f2e96caa1039c73de95b2cda5ebc224a23529ec604,40000000,16380,16380,451.321778,True,ok,406,517
20724.866557499616,4826f38e,17,10,162028.465021,0.0002747252747252747,True,4826f38e,411,162035.497941,455.398209,0.41813186813186815,20726.040537240537,-0.9995726495726496,409.5,162479.391176,443.893235,adeedc4b8184959328ba48fa6057a4ea45dd03a3cfea8685ded75d893214df16,40000000,16380,16380,450.926155,True,ok,501,703
20944.21794911675,c94889b1,18,10,162483.094891,0.0006715506715506716,True,c94889b1,411,162490.533199,454.62987,-0.7577533577533577,20946.352808302807,-1.2492673992673993,409.5,162934.370788,443.837589,003ab5af073f8d258553032133248e530f186d859034deb05779e5f5c623c763,40000000,16380,16380,451.275897,True,ok,326,536
375.59707160970896,43940bdb,19,10,162936.732892,0.0,True,43940bdb,411,162943.571144,453.638001,6.435164835164835,428.3873015873016,-3.3732600732600733,409.5,163387.43532,443.864176,b7a78e7150597c407517aef6833e9d4f742ce50c415fc2c0ccdc88c9452dce11,40000000,16380,16380,450.702428,True,ok,66,102
7016.217010541013,b6832fbc,20,10,163391.223485,0.0,True,b6832fbc,411,163398.6283,454.490593,-10.2508547008547,7289.605677655678,-12.973382173382173,409.5,163842.426881,443.798581,2d406f243af6ed52bc7c197be1dd59684a6b90520503a1bf5fa34d6e20133076,40000000,16380,16380,451.203396,True,ok,270,408
24625.457906523337,34fa8714,21,10,163879.58568,0.0007020757020757021,True,34fa8714,411,163886.556643,488.362195,-2.478998778998779,24631.974786324787,-0.6094627594627595,409.5,164330.356785,443.800142,aa507c75e4e01bc3a2b899dcc18d86b033d5da957e5e8ae307e009064a9a5f09,40000000,16380,16380,450.771105,True,ok,482,703
12834.133174282642,bbdff0a2,22,10,164332.941801,0.00057997557997558,True,bbdff0a2,411,164340.499115,453.356121,1.0673382173382173,12873.48485958486,-6.181623931623932,409.5,164784.410977,443.911862,b568c88aa49736b850bd9f06892cbe75512e97082e4f8eda480a9b06da187b7f,40000000,16380,16380,451.469176,True,ok,354,457
877.634061934877,94442ae1,23,10,164786.565888,0.0,True,94442ae1,411,164793.425501,453.624087,4.322466422466422,902.2742979242979,-2.440598290598291,409.5,165237.40536,443.979859,7e59a8275c106ec6c21fe562494cba291852b45013b88548e86c893b29ee446a,40000000,16380,16380,450.839472,True,ok,99,154
6107.625596143784,15667b02,24,10,165239.494296,0.0004578754578754579,True,15667b02,411,165246.481871,452.928408,2.070879120879121,6131.288644688645,-4.401648351648352,409.5,165690.397226,443.915355,c608cab32aa72b6845a24844d72f7d42c46777a35530b36067302be757c766bc,40000000,16380,16380,450.90293,True,ok,384,537
31291.063243651613,cd0318e7,25,10,165692.993794,0.0002747252747252747,True,cd0318e7,411,165700.444746,453.499498,1.1878510378510378,31296.467155067156,-1.9982295482295482,409.5,166144.406057,443.961311,22b7db1626b82e4b3d66a26a80b95bfebf9412728dc2e57d088f3c855d593d16,40000000,16380,16380,451.412263,True,ok,461,677
561.7934641511656,72715904,26,10,166147.167577,0.0,True,72715904,410,166154.619982,454.173783,8.656227106227107,642.132905982906,-2.325763125763126,409.5,166598.420005,443.800023,faa1f40ced09577becd12fcb9392819c887844628169f218a16e2583a215b9c9,40000000,16380,16380,451.252428,True,ok,83,132
697.7480587720514,73e20d2d,27,10,166600.492461,0.0,True,73e20d2d,411,166607.51937,453.324884,7.76971916971917,758.1214896214897,-0.06996336996336996,409.5,167051.440983,443.921613,9b75444c3d9ca61b8cc7e88f0db21c633704206509d6c914e9058343b2f5ef93,40000000,16380,16380,450.948522,True,ok,92,144
493.19616178862515,f19d3beb,28,10,167053.528166,0.0,True,f19d3beb,411,167060.492696,453.035705,5.011111111111111,539.4095848595848,-4.593711843711843,409.5,167504.42168,443.928984,cd28d71d0c92c0d546d650675ce1003d21890406b13912c533004c1c96f94574,40000000,16380,16380,450.893514,True,ok,75,115
31227.315950375767,677b0064,29,10,167506.823369,0.0008241758241758242,True,677b0064,411,167513.540581,453.295203,-1.2881562881562882,31228.991452991453,0.1271062271062271,409.5,167957.427686,443.887105,60713cdffdd28d6fd8a2e121e967a4516fa1b67e0e37c8354cddd5a286f2f8f9,40000000,16380,16380,450.604317,True,ok,383,549
1177.0134160863556,82e46c57,30,10,167960.766359,0.0,True,82e46c57,411,167967.485065,453.94299,6.147985347985348,1218.2458485958487,-1.8532967032967034,409.5,168411.437339,443.952274,ac68d44bb1496bd349621b617b2c1929f11b3adc36b69f503acb1df1e655fe32,40000000,16380,16380,450.67098,True,ok,119,182
486.7388675511844,401433cb,31,10,168413.434732,0.0,True,401433cb,411,168420.503871,452.668373,2.4753357753357754,502.77942612942616,-3.1485347985347985,409.5,168864.460503,443.956632,e4d82bf7fc78789499fa66b43bbfc577dfc60014c535813d07adafe777e64c19,40000000,16380,16380,451.025771,True,ok,74,121
21981.954908450996,5183d242,32,10,168866.893151,0.00021367521367521368,True,5183d242,411,168874.423363,453.458419,-1.0534188034188035,21986.004212454212,-1.7145299145299144,409.5,169318.480633,444.05727,fc2d9e2a9a4de9c2433ee3cd8b7ade4e9be4e1ea2c735755610306873c23b6d6,40000000,16380,16380,451.587482,True,ok,431,624
5713.568096348774,41f9f995,33,10,169320.639332,0.0,True,41f9f995,411,169327.651673,453.746181,5.5025030525030525,5865.88608058608,-11.047191697191698,409.5,169771.456975,443.805302,e35d7d051f8ae601e1b47bcddebed03f7abd1660fd10d4649556e7f01c6b0566,40000000,16380,16380,450.817643,True,ok,232,359
597.3049634333242,e96eaed6,34,10,169773.374587,0.0,True,e96eaed6,411,169780.904058,452.735255,4.773809523809524,630.4934676434676,-3.224786324786325,409.5,170224.476237,443.572179,7da2199494711e7a42484393e24eaea94967dd4280d1f27ec387201f4b958c91,40000000,16380,16380,451.10165,True,ok,90,140
6800.53010630463,f1eb9bd1,35,10,170226.615208,0.0,True,f1eb9bd1,411,170233.419405,453.240621,3.809218559218559,7029.82735042735,-14.655616605616606,409.5,170677.49215,444.072745,c89eba5866d10aed0a056e0c2d059c0b0c4dbd2f137fe4698e716c3b5f9ec27b,40000000,16380,16380,450.876942,True,ok,272,411
1545.156016837592,7309e963,36,10,170680.149864,0.0,True,7309e963,411,170687.42872,453.534656,-0.3724053724053724,1564.6128205128205,-4.395238095238096,409.5,171131.50483,444.07611,fe8e793eb8c0145cca9d69f420a4f343aeb5cc34c863b8d16d8e350f8c424eb8,40000000,16380,16380,451.354966,True,ok,240,308
876.9194905003421,f711c4e6,37,10,171133.70623,0.0,True,f711c4e6,411,171140.469629,453.556366,4.2996336996336995,898.5618437118437,-1.7763736263736263,409.5,171584.561066,444.091437,cb38fe50711d446a38ea16e4b7636ad44b8946e508642b99c52e4882d6e23df7,40000000,16380,16380,450.854836,True,ok,101,166
746.2343483260058,15618a59,38,10,171588.097073,0.0,True,15618a59,411,171595.404583,454.390843,4.991880341880342,773.7308302808303,1.6054945054945056,409.5,172039.528191,444.123608,df59b813b5d95fb009a0a2141891cf09545184f8f7cf1e992de89ae3204d05db,40000000,16380,16380,451.431118,True,ok,87,144
6855.450429825229,173bef4f,39,10,172042.74337,0.0,True,173bef4f,411,172049.381923,454.646297,1.2830280830280831,6886.393894993895,5.412698412698413,409.5,172493.624723,444.2428,c32526b883874b5f09beb7f690adbc1dd40d430b313d6d01c36e0629c00840a2,40000000,16380,16380,450.881353,True,ok,268,402
769.305663224308,23d7f58a,40,10,172498.597572,0.0,True,23d7f58a,411,172505.43406,455.854202,10.335409035409036,877.2787545787546,1.0735042735042735,409.5,172949.554869,444.120809,8050eab10109f09c08e51cf6db74c063c27e269c8e1533a98c2ed3ff53eb04ff,40000000,16380,16380,450.957297,True,ok,96,151
16020.89319217277,5ce1137c,41,10,172951.884721,0.0003357753357753358,True,5ce1137c,411,172959.40808,453.287149,0.9977411477411477,16023.286935286935,-1.1824786324786325,409.5,173403.586234,444.178154,1aa4acccad944d71714f22ad848f32f6b70b9a038067fda767a4aec58c68249c,40000000,16380,16380,451.701513,True,ok,466,673
366.2705461669656,18ae0685,42,10,173407.842505,0.0,True,18ae0685,411,173415.424285,455.957784,3.63015873015873,379.5531746031746,-0.3233821733821734,409.5,173859.533158,444.108873,9e4aadc8435182929053aad882f849e3c74409dba02efb238d5f1f336722af12,40000000,16380,16380,451.690653,True,ok,68,109
873.4135620996152,6e6bc64c,43,10,173861.599481,0.0,True,6e6bc64c,411,173868.389702,453.756976,6.636630036630037,917.4712454212454,-0.11324786324786325,409.5,174312.556812,444.16711,daca7c13a1001fcfe9e54caed81d1e498801c2fa8ea32178d30e88c1c7787809,40000000,16380,16380,450.957331,True,ok,109,161
442.22593604502947,0087169f,44,10,174314.808837,0.0,True,0087169f,411,174322.378083,453.209356,0.7375457875457876,461.41459096459096,-4.317948717948718,409.5,174766.55954,444.181457,792cbf2f162a6cc33c9fa3223f625150907b1dc4acea610264f9b5fd61acf1fe,40000000,16380,16380,451.750703,True,ok,75,117
24882.239928719024,b4510a16,45,10,174769.048454,0.0001221001221001221,True,b4510a16,411,174776.580429,454.239617,0.9624542124542125,24885.89297924298,-1.6512820512820512,409.5,175220.570621,443.990192,92cd0bb165fd4e2a1c9ce9a9c6d8a884498d61dd0251df42020a4edec4e43d26,40000000,16380,16380,451.522167,True,ok,479,713
19733.32747131616,d530a23e,46,10,175222.257456,0.0004884004884004884,True,d530a23e,411,175229.439077,453.209002,-1.7221611721611723,19742.617399267398,-2.5147741147741147,409.5,175673.570706,444.131629,28064fb96038a0f03155ba01299ce5076902615e2263fd733b3b027861c6aa6c,40000000,16380,16380,451.31325,True,ok,336,486
952.0188286140667,73504915,47,10,175675.976523,0.0,True,73504915,411,175683.424028,453.719067,2.7877899877899877,1000.9039072039072,-6.411965811965812,409.5,176127.595852,444.171824,c5d196ab9b979bd1058d2055f765e2eddd2983123e8e3914ae402a826a20306a,40000000,16380,16380,451.619329,True,ok,109,164
18245.619449013884,b67155c0,48,10,176129.431458,0.00753968253968254,True,b67155c0,411,176136.407019,453.454935,5.5958485958485955,18276.980952380953,-0.21904761904761905,409.5,176579.801408,443.394389,a74cfb42c2c58175ec6c2cb4c3bd04f1798edda0aa9a7bb3c0681eb4934a16b7,40000000,16380,16380,450.36995,True,ok,344,429
490.06354221175644,a334e776,49,10,176581.67709,0.0,True,a334e776,411,176588.423468,452.245632,0.9007326007326008,497.5541514041514,-2.5844322344322346,409.5,177032.60145,444.177982,3ec8d52acdc32df129dcedbb80b31ff8ffc9abca2d5228afca1f14b490aecb61,40000000,16380,16380,450.92436,True,ok,77,125
24441.43553100136,6634d82c,50,10,177034.267145,0.004273504273504274,True,6634d82c,411,177041.423779,452.590055,1.705128205128205,24445.268253968254,-0.9619047619047619,409.5,177484.712334,443.288555,1951a95e9c9981811890a1695ad7fd94b9a6607abc97cf1b0b11703b58452522,40000000,16380,16380,450.445189,True,ok,532,718
683.6093504243687,1a305088,51,10,177487.320774,0.0,True,1a305088,411,177493.714704,453.053629,5.071672771672771,709.3680097680098,0.19181929181929183,409.5,177937.702242,443.987538,2a74e144c20ee8db2da37fd5004a0598819ff07569659f77cd171ac1a137e520,40000000,16380,16380,450.381468,True,ok,92,137
840.782285057569,20532611,52,10,177939.630815,0.0,True,20532611,411,177945.807523,452.310041,3.663980463980464,857.242673992674,-1.7423076923076923,409.5,178389.703325,443.895802,396436a8b787d232d180b4c6b60dfb804cfa09419d92afb14caf0d8528ae000e,40000000,16380,16380,450.07251,True,ok,96,159
475.04190706898584,023200bb,53,10,178392.251661,0.0,True,023200bb,411,178398.722827,452.620846,-0.7008547008547008,477.9598901098901,1.5578144078144078,409.5,178842.727004,444.004177,964a67427339077bd8f9104da3c40ae89adc585b660f90eec9fc98417cb73022,40000000,16380,16380,450.475343,True,ok,78,120
11991.585321370056,985753d3,54,10,178844.597436,0.0,True,985753d3,478,178851.729303,452.345775,-1.915811965811966,11998.450976800978,-1.7875457875457876,409.5,179295.670999,443.941696,8dad74c9cf5a2d6764ab06d62951e7768d753c707649ecd1f43ce7e22921c920,40000000,16380,16380,451.073563,True,ok,373,486
362.48901608769745,ecb9a4c4,55,10,179297.960295,0.0,True,ecb9a4c4,411,179304.777325,453.362859,0.7615384615384615,366.46507936507936,-1.8428571428571427,409.5,179748.747514,443.970189,d45261097becd9728909069556b5d7b7c20cf102da0f4a134a11753ead634806,40000000,16380,16380,450.787219,True,ok,70,107
1069.51484918995,448b2d09,56,10,179750.797366,0.0,True,448b2d09,411,179757.859091,452.837071,3.2454822954822955,1080.7347374847375,0.8286935286935287,409.5,180201.713248,443.854157,84a9a5b43b0b1e4cde13b332b2b4d60b889d2aa7fd5a8ef46e8bfd6cd1cc9fd4,40000000,16380,16380,450.915882,True,ok,114,179
15991.124285084405,6cedbf37,57,10,180203.116105,0.0010378510378510379,True,6cedbf37,411,180209.776519,452.318739,0.3623931623931624,15992.25231990232,-0.9983516483516484,409.5,180653.743769,443.96725,2ebc39084f7354f01228bf37ac8b5487027d108c331c801ba103a775b9da6325,40000000,16380,16380,450.627664,True,ok,412,572
858.0270577709497,cbaf4424,58,10,180656.047512,0.0,True,cbaf4424,411,180662.833123,452.931407,2.7674603174603174,895.387728937729,-5.44993894993895,409.5,181106.734076,443.900953,94b8ff66f99fc38b7ea3f16f4b5d19e9ab1df32c58a673b24917b5de24d1448b,40000000,16380,16380,450.686564,True,ok,101,158
964.8901287567405,c41c00d1,59,10,181108.62142,0.0,True,c41c00d1,411,181114.765406,452.573908,5.273321123321123,996.9175824175824,-2.054151404151404,409.5,181558.783609,444.018203,a35ee9ae569c64fee677e8f072613bae67a6848dfe68a4b63157c9524246e3c2,40000000,16380,16380,450.162189,True,ok,101,163
6512.457595596643,310329c6,60,10,181561.785063,0.0003357753357753358,True,310329c6,411,181569.517989,453.163643,4.198534798534799,6553.779242979243,-4.867643467643467,409.5,182013.689582,444.171593,1516bd9c17095a1fc3fa4adcddde3508a4853379abab1873053cc8acdd8f76ad,40000000,16380,16380,451.904519,True,ok,399,569
15965.634694287533,e1ec76fe,61,10,182015.464443,0.0002747252747252747,True,e1ec76fe,411,182022.510878,453.67938,1.831074481074481,15978.01282051282,-3.004212454212454,409.5,182466.703768,444.19289,60495b441866e9b4f7adfdaba4cbafdc9760108fd110dc0fb70c967ab0d440a0,40000000,16380,16380,451.239325,True,ok,384,523
15438.36858396657,f83367c1,62,10,182469.175429,0.0004884004884004884,True,f83367c1,411,182475.829892,453.710986,1.7125763125763125,15441.960195360196,-0.8115995115995116,409.5,182919.761707,443.931815,7bfeccba87461aa0d0da479b1910841690abbdedfb2cb6bf6331b31e7dc04f3b,40000000,16380,16380,450.586278,True,ok,449,633
30035.147278803477,eda9eacc,63,10,182922.249238,0.00030525030525030525,True,eda9eacc,411,182928.842244,453.073809,-1.9594017094017093,30041.06978021978,-1.4433455433455433,409.5,183372.816858,443.974614,385ed18e1b1207a2419997a27878cc5ba18d6f26b127c72fe5fa2222e5df5b5e,40000000,16380,16380,450.56762,True,ok,452,647
18378.704305221978,1530068e,64,10,183375.406683,0.0005494505494505495,True,1530068e,411,183381.94751,453.157445,-1.8476800976800978,18382.302686202685,0.42948717948717946,409.5,183825.774063,443.826553,d8071e0e48ae952b61a6d76c3a0496b5ba50b24fe128dd17a34f09907ce382a6,40000000,16380,16380,450.36738,True,ok,272,408
10327.220802174694,a15b9836,65,10,183828.137238,0.0037240537240537243,True,a15b9836,411,183834.88082,452.730555,5.808363858363858,10361.371001221001,0.6427350427350428,409.5,184278.825063,443.944243,e8901d448f9c9d812209e3472072cf8bca506a126a6fa55717145a16302cd518,40000000,16380,16380,450.687825,True,ok,297,393
444.84500659325755,e6b861e4,66,10,184281.04135,0.0,True,e6b861e4,411,184287.949603,452.904112,4.797802197802198,471.9639194139194,-2.0248473748473748,409.5,184731.824615,443.875012,3df6b4e00d489f348e9eaae5a99474c803b24143ada9f00b7cb78bca90afc4ed,40000000,16380,16380,450.783265,True,ok,76,118
16947.073707013376,16b1b585,67,10,184733.735163,0.005952380952380952,True,16b1b585,411,184740.887879,452.693813,11.967032967032967,17091.68083028083,-1.182051282051282,409.5,185184.807182,443.919303,5ca15f0cbd17c7ff491039b8ec3fb3875481c7d254e76becba6f38c0d1735db6,40000000,16380,16380,451.072019,True,ok,357,470
650.7345640958553,1c7aa847,68,10,185187.08188,0.0,True,1c7aa847,411,185193.907657,453.346717,11.893772893772894,809.5620879120879,-4.1672161172161175,409.5,185637.807582,443.899925,d893f51cf36f5c2b373abda84bf09c8096ef2294550c7267724d83106b242a51,40000000,16380,16380,450.725702,True,ok,86,127
676.6230544411496,e8999a15,69,10,185639.369329,0.0,True,e8999a15,411,185645.972064,452.287449,7.751159951159951,739.8199023199023,-1.7653235653235653,409.5,186089.834697,443.862633,f30e9303abf833c5397e9328cdefa598e20723ed7957a807db970f7b6ce5c386,40000000,16380,16380,450.465368,True,ok,86,136
1124.616655228166,bfea8715,70,10,186091.896752,0.0,True,bfea8715,411,186098.954158,452.527423,6.327838827838828,1175.3448717948718,-3.269047619047619,409.5,186542.863707,443.909549,31b39d9af2784fc232aaead35ef221b1933225b90676985e3c1331760e171e6b,40000000,16380,16380,450.966955,True,ok,116,182
25386.79771539341,dc6edabe,71,10,186545.065858,0.0006105006105006105,True,dc6edabe,411,186551.944495,453.169106,-0.16892551892551894,25391.036263736263,-2.0518315018315016,409.5,186995.860145,443.91565,41edb890c772596d81f2c8ed729d309be9bc6ceeb61337b8a516ae6f69b1b08b,40000000,16380,16380,450.794287,True,ok,477,714
583.2602772895264,4722e168,72,10,186997.754293,0.0,True,4722e168,411,187004.932206,452.688435,10.938522588522588,703.1344322344322,-0.4721001221001221,409.5,187448.847784,443.915578,8f1b7ebc9339b4fb5b1f02ab43cd2a1087860a38f7224ba85973f9ac638a2eee,40000000,16380,16380,451.093491,True,ok,83,135
854.0769284253258,e7d6d163,73,10,187451.323683,0.0,True,e7d6d163,411,187459.03711,453.56939,13.935042735042735,1050.1103174603174,-1.3594017094017095,409.5,187903.999831,444.962721,89bfcf17407f5bd021259c969068e3504394842d46c2f6dbddb10532fd67b230,40000000,16380,16380,452.676148,True,ok,100,164
696.57294113328,7fa40621,74,10,187912.327973,0.0,True,7fa40621,411,187919.001251,461.00429,8.725763125763125,800.9827228327229,-5.317032967032967,409.5,188362.877621,443.87637,ed75d19c2525fbe5bd9a9647bd9431180c5712fae9ff98f01b57a637535a5112,40000000,16380,16380,450.549648,True,ok,92,153
19875.843990027744,506acce3,75,10,188369.104093,0.0,True,506acce3,411,188376.134307,456.77612,-2.3394993894993896,19891.103296703295,-3.1282661782661783,409.5,188819.963016,443.828709,2efea11b170d4ee4fc10773973385bb6294c979cc01953c1c227f23ab5130458,40000000,16380,16380,450.858923,True,ok,420,563
17306.525941352436,eb5002d9,76,10,188828.801995,0.002655677655677656,True,eb5002d9,411,188835.973857,459.697902,-1.1368131868131868,17315.932783882785,-2.8485958485958487,409.5,189279.884379,443.910522,64f8dd1ccbac7e064e41f4888a1107b93916f240a2a192425bffed859fef1072,40000000,16380,16380,451.082384,True,ok,346,444
27254.988334321017,3ca41b1a,77,10,189283.92437,0.0007936507936507937,True,3ca41b1a,411,189291.056527,455.122375,-0.4125152625152625,27264.785164835164,-3.1026862026862028,409.5,189734.897186,443.840659,b4db49bed8bc2b1f153a183cee8bfbb585c0bf5a660f5865d9e6ed66a91f0435,40000000,16380,16380,450.972816,True,ok,501,712
5357.971738182452,a8e751fe,78,10,189737.335173,0.0,True,a8e751fe,411,189744.005144,453.410803,6.294322344322344,5660.024297924298,-16.199816849816848,409.5,190187.997739,443.992595,ca7dfec6078aa7696ba137ca10404208ecb73a061f0bdf01ab37ff3d3d8de0ad,40000000,16380,16380,450.662566,True,ok,229,354
23655.381581010224,c3148223,79,10,190190.558589,0.001343101343101343,True,c3148223,411,190197.103984,453.223416,-0.3528693528693529,23660.22332112332,-2.1719169719169718,409.5,190640.946042,443.842058,32f2f6ac305138c710692fae63b96bf5391b0d8fc4aac0e52aeeed4017cc1e16,40000000,16380,16380,450.387453,True,ok,486,689
10995.282232494137,c127d214,80,10,190647.922885,0.00030525030525030525,True,c127d214,411,190655.084417,457.364296,5.015628815628816,11020.631013431013,0.43846153846153846,409.5,191098.922677,443.83826,8b6f634af581f015026a814a068567f36aeb54a9d6b73f96a217a01dbc288b71,40000000,16380,16380,450.999792,True,ok,427,611
6583.911832344158,773bd351,81,10,191101.445364,0.0,True,773bd351,411,191108.180239,453.522479,20.013980463980463,7156.169230769231,-13.103357753357754,409.5,191551.944466,443.764227,c57ac4fa8f9fc2caf5afd793cd0210aedaa21db8d32576b48f00636622ea7553,40000000,16380,16380,450.499102,True,ok,257,399
897.8245502459147,748fcd5d,82,10,191554.413842,0.0,True,748fcd5d,411,191561.087851,452.968478,7.191147741147741,969.1277777777777,-4.426129426129426,409.5,192004.955985,443.868134,97e9804de757723ff5d87e7082ddbff8a76d8abfd2e525a12d38868d4636b438,40000000,16380,16380,450.542143,True,ok,100,158
7509.7019877646435,91653a8d,83,10,192007.440199,0.0,True,91653a8d,411,192014.93376,453.026357,-3.110927960927961,7521.768376068376,1.5454822954822955,409.5,192457.925691,442.991931,781569ce037818aa02c51a444245d717ff5b34847cce99b836ba91bda4b05517,40000000,16380,16380,450.485492,True,ok,278,436
742.4587942948383,13ac0b60,84,10,192459.935627,0.0,True,13ac0b60,411,192467.132887,452.495428,3.676190476190476,771.0605616605617,-3.884249084249084,409.5,192910.968065,443.835178,5538d37a5a04834a8f4a7c0d3bc5811d666979a2b6411c1b072a5c117d7bbba6,40000000,16380,16380,451.032438,True,ok,95,150
459.1089463870141,2f5775e2,85,10,192913.481154,0.0,True,2f5775e2,410,192920.062869,453.545527,2.234920634920635,466.6565934065934,-1.5977411477411478,409.5,193363.993254,443.930385,e32a869d46826dccf7c473d3e0a4b61689942ff2946cc54526a26a7e49d3598c,40000000,16380,16380,450.5121,True,ok,75,124
22925.69937276467,4e4f4fd1,86,10,193370.250594,0.00030525030525030525,True,4e4f4fd1,411,193377.232596,456.76944,-0.9523199023199023,22926.67606837607,-0.26416361416361417,409.5,193820.987288,443.754692,183217fe64590635e641a9dafd6f05c9200e92788b35c75c574af370a6fba85a,40000000,16380,16380,450.736694,True,ok,450,639
566.2614312027682,2300ecb4,87,10,193830.684202,0.0,True,2300ecb4,411,193838.991414,460.433608,8.823382173382173,644.473137973138,0.5996947496947497,409.5,194282.03148,443.040066,444c984fab0feffb2cabc55a97b7b5cc325a5e761a7a9984286e339a71e3d91b,40000000,16380,16380,451.347278,True,ok,84,129
875.2860540117867,f508c639,88,10,194284.588673,0.0,True,f508c639,411,194292.301349,453.904471,6.948046398046398,962.6910866910866,-6.255372405372405,409.5,194736.010661,443.709312,fab2a59314dac341e7651ace6f6db261cee55ec7c0ffc926e2a667b9560b8621,40000000,16380,16380,451.421988,True,ok,103,159
7189.071941921191,c88e4458,89,10,194742.692334,0.0,True,c88e4458,411,194750.203579,458.103661,8.776862026862027,7506.319291819292,-15.498840048840048,409.5,195194.016847,443.813268,6e896546e48b8f4dcaf71454f40971cbdb5dedd1dda08d42b1d6eb3e6e23f0fe,40000000,16380,16380,451.324513,True,ok,264,429
18177.568276830345,bd6fe660,90,10,195201.993933,0.0004578754578754579,True,bd6fe660,411,195209.1261,459.301599,2.45976800976801,18187.010134310134,-1.8415750915750915,409.5,195653.00501,443.87891,25463ece9b3ed22ef29274d049894534a4c5bac0f7cc5ce039b2a0b7b3bb68cc,40000000,16380,16380,451.011077,True,ok,505,718
383.6587991549896,4a22f919,91,10,195655.730562,0.0,True,4a22f919,411,195663.166784,453.736629,0.28315018315018314,396.8373626373626,-3.619169719169719,409.5,196107.021558,443.854774,9041829e1afec841e3d2df193e364c8f3ede888feea36363e12dc4eb52f6a613,40000000,16380,16380,451.290996,True,ok,67,107
980.300222057484,d82d3fcb,92,10,196111.934381,0.0,True,d82d3fcb,411,196119.911879,456.203819,0.34065934065934067,1025.187728937729,-6.691147741147741,409.5,196563.028562,443.116683,d2e65e257c5742ca5a6ddca32a6fb546a63b0a1fcd8b03cb4b5eb2a9d49a587d,40000000,16380,16380,451.094181,True,ok,129,176
1072.4391356384763,b5236dfc,93,10,196565.656479,0.0,True,b5236dfc,411,196573.20826,453.722098,4.191941391941392,1118.6516483516484,-5.351648351648351,409.5,197017.03086,443.8226,f42650251c0750dbce8ff629bd8cde5c48c63133c4b2dad1e8c4affb759c79a9,40000000,16380,16380,451.374381,True,ok,119,182
628.3176638139366,ec2f4f00,94,10,197022.614704,0.0,True,ec2f4f00,411,197030.291432,456.958225,5.161538461538462,679.1027472527472,-4.913614163614164,409.5,197474.064595,443.773163,55c9cfdee7c1482c32fdd1ff5fa572fa1c78c05fb4e4a70352d493c2f9b569c2,40000000,16380,16380,451.449891,True,ok,175,218
697.123378744441,78b96045,95,10,197485.04562,0.0,True,78b96045,411,197492.23779,462.430916,7.805616605616605,784.6899877899878,-5.161294261294262,409.5,197936.063533,443.825743,72647d9a41285936b413d2f81777a219a84357882129fdaede480e9224e33e78,40000000,16380,16380,451.017913,True,ok,97,145
768.6351612981375,371cf29d,96,10,197945.110796,0.0,True,371cf29d,411,197953.255991,460.065176,3.776251526251526,823.8083638583638,-6.396336996336997,409.5,198396.040028,442.784037,d0c251edf0ce380d85e2b31692d06d663a58b75f9d3eef5ee664421106f6b394,40000000,16380,16380,450.929232,True,ok,96,152
22164.96973364209,de11be30,97,10,198402.87961,0.00030525030525030525,True,de11be30,537,198410.218528,457.768814,-2.8993284493284492,22187.480036630037,-3.7555555555555555,409.5,198854.076448,443.85792,3495de7eff53470172ad88dcef9d1002eaa4a047c589c209d600dd34dd1ffbfb,40000000,16380,16380,451.196838,True,ok,438,611
17072.761276009638,170e795f,98,10,198857.737782,0.00030525030525030525,True,170e795f,411,198865.228297,454.858172,1.078083028083028,17077.265873015873,-1.8282051282051281,409.5,199309.089901,443.861604,729f6fdd11d55383dd7396795e18c79ecc154c67fe776c390a4d2aab74b21c56,40000000,16380,16380,451.352119,True,ok,475,679
1890.3438599106091,b7baefbc,99,10,199317.513433,0.0,True,b7baefbc,411,199326.109612,459.775651,2.792002442002442,2066.4382783882784,-12.973015873015873,409.5,199769.079177,442.969565,a2576c13e5a16401d462c23a6cdf15f021891922bb256d5fbdc2b37f656d6190,40000000,16380,16380,451.565744,True,ok,146,227
567.4133534895441,9101e916,0,10,199772.08061,0.0,True,9101e916,206,199779.122776,454.567177,3.2686202686202686,635.0361416361417,-7.545787545787546,204.75,200223.088095,443.965319,03ee3aa1cb91d5d493339686d738aa449195b883398098037fd629bbe7535f29,80000000,16380,16380,451.007485,True,ok,81,118
1122.8480560885323,17872b0b,1,10,200225.703047,0.0,True,17872b0b,206,200232.92843,453.622437,-0.3181929181929182,1179.716971916972,-7.534432234432234,204.75,200677.108834,444.180404,f6dd846ed674531e3a4694adad764d516ba107ea08f821c1026e94202b679579,80000000,16380,16380,451.405787,True,ok,112,182
22018.899445178686,1a731a23,2,10,200681.052802,0.0,True,1a731a23,206,200687.93207,455.349755,-2.9575091575091577,22028.919841269842,-1.1285103785103785,204.75,201132.089599,444.157529,1bcfcc43f3363448273c7e55381d4b61931ac23c0c59cf6b3a6029ab3918749a,80000000,16380,16380,451.036797,True,ok,262,426
18837.179238618523,38187b76,3,10,201140.55987,0.010012210012210013,True,38187b76,206,201147.953611,459.507068,1.121062271062271,18885.841514041513,-6.885164835164836,204.75,201592.642114,444.688503,b40c14178fe1c84cce82ee46544d3778dba4cd9b54f38fe2f12888a043418479,80000000,16380,16380,452.082244,True,ok,328,422
941.4673718917767,863c685c,4,10,201595.423762,0.0,True,863c685c,206,201602.158145,454.863892,8.911477411477412,1020.8819902319902,-0.013736263736263736,204.75,202046.143085,443.98494,8b3645d0040cce061f8eda1e3b9bc1d1e5b63ed0157989bc56d8af454a123700,80000000,16380,16380,450.719323,True,ok,105,167
567.6267891208643,2ca9e432,5,10,202051.565313,0.0,True,2ca9e432,206,202058.947422,456.141551,4.27045177045177,596.9905372405373,-3.335714285714286,204.75,202503.124764,444.177342,90fd4ad63d86ce15921d6d2997e11c6fd210e7b5211329cb61db00888b61e212,80000000,16380,16380,451.559451,True,ok,80,130
540.8219759273421,e05f2027,6,10,202505.506915,0.0,True,e05f2027,206,202512.972372,453.941602,5.478571428571429,619.2750915750916,-6.95976800976801,204.75,202957.412531,444.440159,2c30541b97835ecc14bb450b1ee250ad1af90365b2539f9c3d93f91ef10b1e67,80000000,16380,16380,451.905616,True,ok,77,123
968.1532678368302,f28b2a70,7,10,202959.997677,0.0,True,f28b2a70,206,202969.174064,454.490762,4.213431013431014,993.2659951159951,-2.712881562881563,204.75,203411.146106,441.972042,779420eebc6eb7673a6915a0c5a2a68c119c401887931f610b56a8965c4ed2a8,80000000,16380,16380,451.148429,True,ok,112,174
5960.063847462062,1381003a,8,10,203413.631864,0.000641025641025641,True,1381003a,206,203420.937518,453.634187,3.545970695970696,5989.516910866911,-4.108424908424908,204.75,203865.118864,444.181346,000a25cd8863eaf20ae8bf91df09a23ba49e90f162b73ae715619401359b8026,80000000,16380,16380,451.487,True,ok,374,509
845.7856299598516,aac96713,9,10,203867.574875,0.0,True,aac96713,206,203875.481147,453.943011,10.447008547008547,957.6974969474969,-1.664896214896215,204.75,204319.647482,444.166335,b2c961daeb26b5be6f75e7c8b43a8f569dabd6e57d84c5cb114c4e087c8224d5,80000000,16380,16380,452.072607,True,ok,97,152
415.9602232315236,80bcf9a5,10,10,204322.355099,0.0,True,80bcf9a5,206,204330.381158,454.780224,2.965873015873016,521.2098901098901,-9.82106227106227,204.75,204773.168711,442.787553,e250cdae8983085b200c45d76c0d8d989b4afe899dfe4e410af6769d3ebce757,80000000,16380,16380,450.813612,True,ok,65,106
26326.111153015012,e392e9bc,11,10,204775.382813,0.0,True,e392e9bc,206,204782.300624,453.027714,-1.003113553113553,26328.589804639803,-1.2134310134310133,204.75,205226.428222,444.127598,b02f4d00e5ac7f398d4317682f997451f396b389c8dae2ec842288af3cd4af08,80000000,16380,16380,451.045409,True,ok,459,691
1183.527298754698,fb883f4f,12,10,205229.889887,0.0,True,fb883f4f,206,205236.345061,454.507074,7.0537240537240535,1233.6737484737484,-0.6256410256410256,204.75,205680.251069,443.906008,718a9d3a8b9ee425658eb19837450b73b96c8cdbe313df93a66f4dafdbd7ba53,80000000,16380,16380,450.361182,True,ok,114,192
22801.290611689557,e81c07c1,13,10,205686.902665,0.0,True,e81c07c1,206,205693.349874,457.012778,-3.4583638583638585,22816.02277167277,-1.664896214896215,204.75,206137.244689,443.894815,a9abb8f4aef4f35433b048c07bc29fb5cecb2aec5a32c14efde22035432e55aa,80000000,16380,16380,450.342024,True,ok,265,434
18796.452605738108,3e69b7e3,14,10,206139.893816,0.0010073260073260074,True,3e69b7e3,206,206146.376432,452.991151,-1.4821733821733822,18799.33021978022,-0.825091575091575,204.75,206590.266946,443.890514,93e964e4408e2e35dc86bff015aa39b6515d2be4fb8eca8bd4b515feb5e12df2,80000000,16380,16380,450.37313,True,ok,456,639
22479.91063665747,b1aec7f4,15,10,206592.989412,0.0,True,b1aec7f4,206,206600.107742,453.095596,-3.066727716727717,22490.528815628815,-1.1015262515262516,204.75,207044.206951,444.099209,a5ba9f5fc4f4e261093003a524cb991dd23555a839db5f0cc5af01383cbcdfa8,80000000,16380,16380,451.217539,True,ok,263,430
11229.4140582674,3a1c903f,16,10,207051.558823,0.0007020757020757021,True,3a1c903f,206,207059.28803,458.569411,1.2263125763125764,11238.001037851038,-2.6614163614163613,204.75,207502.289357,443.001327,2db89a02f30ef9f48c7c089bc0d5e37de59ff096763ead86c4b02f5e5d21e9d7,80000000,16380,16380,450.730534,True,ok,411,595
513.6371299911593,3129252c,17,10,207509.72621,0.0,True,3129252c,206,207516.348691,458.167387,4.423565323565324,533.4913308913309,-0.535042735042735,204.75,207960.286371,443.93768,052985ea8528875777e429be3c07ac2c3d8bbceeb085615bf7513651d0a14ecc,80000000,16380,16380,450.560161,True,ok,80,133
497.84869889200473,52a7ce09,18,10,207967.756237,0.0,True,52a7ce09,206,207974.359892,458.030027,3.4421245421245423,523.1606227106228,-3.669291819291819,204.75,208418.3347,443.974808,a9aede933278543a1c1f379a2fd8be57b10d8481fbbaf930f88b06c2cbe5e86d,80000000,16380,16380,450.578463,True,ok,77,121
5904.181718104511,2ecd1d70,19,10,208423.444666,0.0,True,2ecd1d70,206,208430.351285,455.688429,3.2040903540903543,5948.410195360196,-5.827716727716727,204.75,208874.280266,443.928981,4c05f17ed05fdbae337d7517c6a2c28545577e368f505c233fa95b7c04327e79,80000000,16380,16380,450.8356,True,ok,299,429
5397.030150470882,b2a0cc0b,20,10,208878.836243,0.0009462759462759463,True,b2a0cc0b,206,208885.392869,455.391577,2.6266178266178266,5427.747008547009,-4.880341880341881,204.75,209329.314184,443.921315,da24c6777b9295adfd100ba4d16fb0aa0e81b860d721b6f9246af8329630e15f,80000000,16380,16380,450.477941,True,ok,326,477
728.0799466389667,bfb651f9,21,10,209335.462928,0.0,True,bfb651f9,206,209342.411406,456.626685,7.0285714285714285,778.576862026862,-1.046947496947497,204.75,209787.591312,445.179906,e78ee03ecf8d72f46893478ca35304314eec0387e0fa2a7ab96b6621139eafd3,80000000,16380,16380,452.128384,True,ok,90,151
672.8376857591602,596f3eee,22,10,209790.245287,0.0,True,596f3eee,206,209796.4043,454.782359,6.271367521367521,712.168192918193,-0.021367521367521368,204.75,210240.306816,443.902516,e484d4ac51546f88656f1638996b4e5e4be9b411ab2ec6c3e1c98056fd696ada,80000000,16380,16380,450.061529,True,ok,81,135
8184.564942505602,036b34a8,23,10,210242.773397,0.0009462759462759463,True,036b34a8,206,210249.417248,452.52811,1.312087912087912,8195.365811965812,-3.013186813186813,204.75,210693.318449,443.901201,6451ce2c05b50ae8423139b7a3e677cc2cb5bd3d3c3687ab5d84628c7ce5ef81,80000000,16380,16380,450.545052,True,ok,282,457
13546.812217909957,f495a2c1,24,10,210730.866392,0.0,True,f495a2c1,279,210737.40304,488.092995,-2.3425518925518927,13554.134981684982,-1.3547008547008548,204.75,211181.68952,444.28648,4e89bf1c3806bf7519d8fed2f077ae58808d55a69130f98e2311b3e65d84829b,80000000,16380,16380,450.823128,True,ok,446,590
1099.3116949405228,334d7a88,25,10,211184.072482,0.0,True,334d7a88,206,211190.407168,453.20609,-1.1978021978021978,1118.576678876679,-4.222588522588523,204.75,211634.340126,443.932958,a20d1066d0e984c48b49eac4ba0092178cecab09f333c0b07f045efa5d49f36e,80000000,16380,16380,450.267644,True,ok,112,182
823.9253462410605,f2932b23,26,10,211636.967151,0.0,True,f2932b23,206,211643.454406,452.894669,3.2706959706959706,862.6235653235653,-5.291575091575091,204.75,212087.356244,443.901838,a58772b95434e92331979b100e373304bcff561cf6d3941a1ec308d872837540,80000000,16380,16380,450.389093,True,ok,93,152
495.9534663874316,310d43b4,27,10,212089.493311,0.0,True,310d43b4,206,212096.430137,452.52616,0.8188034188034188,518.2668498168498,-4.6521978021978025,204.75,212540.561097,444.13096,eea16e07401a48937917d13fb856bbf0660347d59f8806eb2756a81d9756eab4,80000000,16380,16380,451.067786,True,ok,78,118
610.5004449237507,6a337917,28,10,212544.624882,0.0,True,6a337917,206,212551.471126,455.131571,8.364285714285714,688.515811965812,-2.837973137973138,204.75,212995.385116,443.91399,f144111ea234e4ab4062d2aee6bed30817e5c9801c733506cc7cc73813adea6d,80000000,16380,16380,450.760234,True,ok,85,144
761.1742112727186,ba80652c,29,10,212998.160741,0.0,True,ba80652c,206,213007.451194,453.535859,9.11019536019536,872.8937118437118,-5.359462759462759,204.75,213453.078224,445.62703,d662403377661f414d38d87c6838c17d050e4d1f3ec2ed880bd2570210aeb280,80000000,16380,16380,454.917483,True,ok,96,155
7308.713605572625,dd989e1f,30,10,213465.34878,0.0,True,dd989e1f,206,213472.521722,467.188039,3.6285714285714286,7528.353174603175,-14.369169719169719,204.75,213916.228446,443.706724,f7c64eeceaae2492e1752707745ab91d8be444bcadf09c23c608358ce71501d8,80000000,16380,16380,450.879666,True,ok,264,422
513.3028659835619,3928c833,31,10,213921.98144,0.0,True,3928c833,206,213928.469045,456.63266,4.282783882783883,542.630402930403,-3.3144078144078146,204.75,214372.407895,443.93885,47e86e90bf84ffc83d8c71b314c16e6080f147c0293f67ddce4c542ff3c7b751,80000000,16380,16380,450.426455,True,ok,76,118
742.1257126271504,6ad9d47b,32,10,214375.042243,0.0,True,6ad9d47b,206,214384.618206,453.060803,5.007814407814408,793.568192918193,-5.134615384615385,204.75,214825.429353,440.811147,4d9d865482372683a13eec003b9f214780ac98e8366aaf53e22c4be1ef6ee73c,80000000,16380,16380,450.38711,True,ok,97,143
14723.097024361135,0875fbef,33,10,214828.272988,0.0,True,0875fbef,206,214834.478449,453.230745,-1.2784493284493283,14726.066483516484,1.1554334554334553,204.75,215278.368303,443.889854,0cf6912b3519e0f557af94b099e8246a7d245dbf542e3831bcb3778ba2017053,80000000,16380,16380,450.095315,True,ok,196,322
442.6795065828216,3a759626,34,10,215280.5848,0.0,True,3a759626,206,215287.454379,452.311812,-0.10213675213675213,456.90854700854703,-3.7707570207570207,204.75,215731.367426,443.913047,0f778a61216b42c035c4bec6b37c533ad6d4c1a1dd148ae34dca6f56d58eb23d,80000000,16380,16380,450.782626,True,ok,75,118
1060.1160934371558,e44bd949,35,10,215732.957457,0.0,True,e44bd949,206,215739.54418,452.372657,9.502808302808303,1165.5799755799756,-3.8936507936507936,204.75,216183.38571,443.84153,100282478e83da036a8876caba33cd60de5241eb385da23f930e4981af214019,80000000,16380,16380,450.428253,True,ok,111,163
869.136018771962,5d90f9d9,36,10,216185.644768,0.0,True,5d90f9d9,206,216192.527691,452.687311,1.5333333333333334,873.0545177045177,1.251953601953602,204.75,216636.418634,443.890943,1cc2cd43f28e980d0b8d7ff3f84a8cb60aacfc919d8b94c9752aada13ea59e1a,80000000,16380,16380,450.773866,True,ok,97,159
11488.749679897162,3d090ec3,37,10,216639.073771,0.004822954822954823,True,3d090ec3,206,216645.527642,453.429003,1.7747252747252746,11492.525824175824,-0.7915140415140415,204.75,217089.409166,443.881524,6cddb10c26e35f356fd07968d68ec22d686c7382d8b600d4fc997a6b5d56939b,80000000,16380,16380,450.335395,True,ok,166,197
888.2183506718488,7b5f3421,38,10,217091.285709,0.0,True,7b5f3421,206,217097.540684,452.211938,1.2615995115995116,892.4023199023198,-1.6100732600732601,204.75,217541.384994,443.84431,e3945a2fb40a5da70ae3d35cdb46d5742c9d6a9c389187f95940fd817069e371,80000000,16380,16380,450.099285,True,ok,109,167
568.9776001250818,f91caf4e,39,10,217543.083371,0.0,True,f91caf4e,206,217549.487317,451.797662,3.615750915750916,582.4631868131868,0.6418192918192919,204.75,217993.41221,443.924893,f2bc59209f563eba83b9594588dfdbec0e7cd3ad012939ffd3e4866f3e812c1c,80000000,16380,16380,450.328839,True,ok,83,140
448.4414556227926,78f8f305,40,10,217994.984598,0.0,True,78f8f305,206,218001.526676,451.901227,1.2940781440781441,452.97277167277167,-1.6901709401709402,204.75,218445.413193,443.886517,e4fba702f146aeb22cc614f57115560a10777f221129a3a8a1427272eba6651f,80000000,16380,16380,450.428595,True,ok,70,120
21168.920475415238,66823823,41,10,218447.451322,0.0,True,66823823,206,218455.499552,452.466724,-0.3402930402930403,21169.036996336996,0.026862026862026864,204.75,218899.427247,443.927695,6f23d08eb1b6dfd13c4f6e2a0c0991852f8ac09eb1359397b0037dfe026deb29,80000000,16380,16380,451.975925,True,ok,248,406
31291.296886991047,89fc0f3d,42,10,218901.674272,0.00924908424908425,True,89fc0f3d,206,218908.596861,454.22295,1.5233821733821733,31293.62112332112,0.05952380952380952,204.75,219352.372986,443.776125,a88625c38cf68cf4cf048973baf2ee1d887023e98b831c9fd05fe3187be423f6,80000000,16380,16380,450.698714,True,ok,557,656
25040.23061918478,375cce1a,43,10,219355.786841,6.105006105006105e-05,True,375cce1a,206,219362.625611,454.112569,-3.04010989010989,25054.33736263736,-2.2055555555555557,204.75,219806.470416,443.844805,cf0add34f0bb745aeb47d6d079435e69b34c7e1a0011fc11f5ab5ece9e38c511,80000000,16380,16380,450.683575,True,ok,451,704
20633.231517932614,926ffc52,44,10,219808.551476,0.0007020757020757021,True,926ffc52,206,219815.630621,452.764635,-1.9622710622710622,20637.48778998779,0.636996336996337,204.75,220259.476466,443.845845,eaeb96bceb6ddf0710d7be209b748bd40b1e7a815d9e78599b4e47077feabd5d,80000000,16380,16380,450.92499,True,ok,415,600
21796.247008513466,47a23471,45,10,220262.060399,0.0,True,47a23471,206,220268.643785,453.508923,-1.1906593406593406,21797.733272283273,0.2619047619047619,204.75,220712.437129,443.793344,5ba79c89d1a4cd869da81d5e4ab507e9a3a3582b8947a431431c1b0645b70de3,80000000,16380,16380,450.37673,True,ok,402,601
13405.811123716196,7a5a2434,46,10,220714.652234,0.0006715506715506716,True,7a5a2434,206,220721.711992,452.591835,0.4904151404151404,13413.034065934065,-2.6424297924297924,204.75,221165.439851,443.727859,0113741b9f0f0d3423bca439cb71a687507f7bc2a12a9ab58c4dc8a5ed1b0094,80000000,16380,16380,450.787617,True,ok,459,639
449.81066913177716,ab62c60b,47,10,221167.436181,0.0,True,ab62c60b,206,221174.647206,452.783947,-2.008180708180708,455.7906593406593,-1.3954212454212453,204.75,221618.501732,443.854526,09a8224b2488d47e352a821c0aa9d58e97835894aad17cd5633cc7ef1aa146b8,80000000,16380,16380,451.065551,True,ok,75,121
361.1102497536381,e7ff62f3,48,10,221620.843948,0.0,True,e7ff62f3,206,221627.685322,453.407767,1.2628205128205128,364.4196581196581,-1.3094627594627595,204.75,222071.504121,443.818799,330a78180b89d0e758e57e90dda91fc4d074bc51a2dc9d21e9360fa40e954c36,80000000,16380,16380,450.660173,True,ok,62,108
22163.78976296326,9ef6daf8,49,10,222074.941049,0.0,True,9ef6daf8,206,222081.65936,454.097101,-2.7015262515262517,22178.865567765566,-2.7888278388278387,204.75,222525.519835,443.860475,0d042467a54f718bb66208779d91b6080189da450dd909599de3ecc16179a1ff,80000000,16380,16380,450.578786,True,ok,263,427
554.0459229964175,70e359b7,50,10,222529.214301,0.0,True,70e359b7,206,222536.651974,454.273252,8.992490842490842,648.7053724053724,-3.7141025641025642,204.75,222980.490247,443.838273,3f9c88760a6f1c97692b4edf0d6a5ba0a757c053e5d17ec284e8397aa24e4ae4,80000000,16380,16380,451.275946,True,ok,77,134
23822.382417071804,7cfc295f,51,10,222982.145421,0.001221001221001221,True,7cfc295f,206,222988.635401,452.93112,-1.7465811965811966,23828.581746031745,-1.7744810744810744,204.75,223432.481675,443.846274,c4c78db1deca6d0b3ff69dd184b6f4f85231c3bd0ae10df10e7d9e4fded71adc,80000000,16380,16380,450.336254,True,ok,471,684
22559.384364770016,1d83ecfa,52,10,223434.114597,0.0,True,1d83ecfa,206,223440.642348,451.969176,-6.225518925518926,22602.77393162393,-2.1523199023199022,204.75,223884.489785,443.847437,d92c8543924c80c8963d01385f5714ce7b33ecca47c7984f74e854d7222cfef7,80000000,16380,16380,450.375188,True,ok,263,431
20629.526542471907,90953b0c,53,10,223886.333466,0.00811965811965812,True,90953b0c,206,223893.753055,452.218869,-0.6784493284493285,20662.872649572648,-5.734615384615385,204.75,224337.506432,443.753377,73ff3274223d75634132f306812cce080977780669a11c8d6bbbb3c50544c763,80000000,16380,16380,451.172966,True,ok,288,386
17769.117669930125,46f7da15,54,10,224339.593994,0.0005494505494505495,True,46f7da15,206,224346.595412,453.260528,-1.8465201465201466,17772.527594627594,0.01697191697191697,204.75,224790.515493,443.920081,facb728db8ec61d89e2e9ecc24b4348edfc2f64e6dc78f77da509c4b841e6cba,80000000,16380,16380,450.921499,True,ok,263,370
12588.267803043855,2d5f412d,55,10,224791.933548,0.0037240537240537243,True,2d5f412d,206,224798.560497,452.339554,0.23162393162393163,12589.040842490842,-0.8481684981684982,204.75,225242.522235,443.961738,f14eead0c638c4207b80c5daacdeced12025209fff12061872bdcd74a094427a,80000000,16380,16380,450.588687,True,ok,387,515
917.2451747157332,29ce42c4,56,10,225244.03546,0.0,True,29ce42c4,206,225250.541399,452.101912,4.793528693528693,953.7172771672772,-3.6734432234432233,204.75,225694.554313,444.012914,0fbec848945b98263c4f3ab801517b97c95079ae0b15de9034abc5ff19319d1b,80000000,16380,16380,450.518853,True,ok,116,167
896.6565298332788,83957cef,57,10,225696.337129,0.0,True,83957cef,206,225703.573441,452.301669,7.6178876678876675,954.6987179487179,-0.09987789987789988,204.75,226147.538082,443.964641,3886a623a1fcedfa2acfdf1418a81c054dc4afc52589743029f8fe336a0db67e,80000000,16380,16380,451.200953,True,ok,100,165
549.4035105462303,1696192b,58,10,226149.404316,0.0,True,1696192b,206,226156.579923,453.067187,6.4172161172161175,591.0235042735043,0.6628205128205128,204.75,226600.55929,443.979367,c2224d803c4c69bbad4e061dfe05f528c927a079768371ad75132befa829ed61,80000000,16380,16380,451.154974,True,ok,76,136
21033.282366696185,a4d8526a,59,10,226602.20151,0.0,True,a4d8526a,206,226609.714767,452.797194,-0.7062271062271063,21033.810073260072,0.17014652014652015,204.75,227053.561352,443.846585,80304a7a670667e3f4b71225418052eff3878bd8e1da0e1b3d6e96021b1a48a9,80000000,16380,16380,451.359842,True,ok,412,644
515.9676850323737,fe2ad013,60,10,227055.145531,0.0,True,fe2ad013,206,227061.60923,452.944021,8.820390720390721,609.7074481074482,-3.9925518925518926,204.75,227505.606137,443.996907,d35987185c094b26802518e4b722805478390747220198d56c5a26d16e3c35a6,80000000,16380,16380,450.460606,True,ok,77,122
1194.273942276012,885c1e66,61,10,227507.795252,0.0,True,885c1e66,206,227514.580641,452.649721,7.012759462759463,1243.4794871794873,0.16355311355311355,204.75,227958.590372,444.009731,e48f357760e9abc69d765a5be69d66d6bf8d3eb293ac44034c3dd8383ec34c86,80000000,16380,16380,450.79512,True,ok,142,219
747.2070721165959,05d3994d,62,10,227960.491602,0.0,True,05d3994d,206,227967.685534,452.69635,7.502319902319902,806.4946275946276,-1.732844932844933,204.75,228411.611173,443.925639,cc9fcbbe0c33e38362a9e09e1e43ee6e40b630ab5bf00cccf3bdd1c7cb826362,80000000,16380,16380,451.119571,True,ok,97,151
707.6975724401091,a767f10d,63,10,228413.381465,0.0,True,a767f10d,206,228420.623317,452.889863,1.7144688644688644,760.982844932845,-7.095482295482295,204.75,228864.597067,443.97375,fc79c40f26cfa3e09a1553bf700492bce9a912387d12a6dac2234a5d9f6477d0,80000000,16380,16380,451.215602,True,ok,96,141
703.7544979321995,e804560b,64,10,228866.202507,0.0,True,e804560b,206,228873.618459,452.821042,6.485714285714286,770.5492673992674,-4.972954822954823,204.75,229317.602987,443.984528,3d84b8e5819a22b1bcfeb02be365ed13903110cb6750791aca2307ccb4751aea,80000000,16380,16380,451.40048,True,ok,91,143
913.0896523314564,0c46eece,65,10,229320.678381,0.0,True,0c46eece,206,229327.63344,454.475874,0.8105616605616606,928.4757631257631,-3.837851037851038,204.75,229771.598881,443.965441,24316b90daff630f4e285c3db13062ade4cca02e65676442e621198107f9983c,80000000,16380,16380,450.9205,True,ok,99,156
854.5266650192841,9c440764,66,10,229773.672016,0.0,True,9c440764,206,229780.857001,452.993635,4.240720390720391,872.6876678876679,-0.42106227106227107,204.75,230224.670082,443.813081,9757366fe61e6e48ae228e0e1bd0b50c02f27356436d7c917bc0a04a668da2a5,80000000,16380,16380,450.998066,True,ok,99,158
854.867430649665,20825158,67,10,230227.189442,0.0,True,20825158,206,230234.505225,453.517426,-0.030036630036630037,866.7434676434676,-3.4460317460317462,204.75,230678.672344,444.167119,99b7a2d469d1a3fa5e18715816760536cdd701cb3428aaff546b3af690935eb4,80000000,16380,16380,451.482902,True,ok,99,158
22247.695157552393,5c7558e3,68,10,230680.630943,0.0,True,5c7558e3,206,230687.654001,453.441501,-1.1581807081807083,22251.01452991453,-1.4064102564102565,204.75,231131.663531,444.00953,46caf340b5fdce29f228eeaa5e6192b44108a43baf1c41a4056f876d904a0746,80000000,16380,16380,451.032588,True,ok,252,411
726.8699596055823,0bfffecc,69,10,231134.183613,0.0,True,0bfffecc,206,231141.506008,453.55267,0.663064713064713,745.3140415140415,-4.243162393162393,204.75,231585.635162,444.129154,cd9b4e84edd81cd91c25f74998f063fe7744f5f67d0123a17c47069293a54e51,80000000,16380,16380,451.451549,True,ok,95,147
719.0774379808904,fdb04e47,70,10,231587.26056,0.0,True,fdb04e47,206,231594.552587,453.076947,-0.1349206349206349,744.5821123321124,-5.048412698412698,204.75,232038.688775,444.136188,32c0c51cf6674c9ff40a81ec43bc3125709e1bba3fa483ef4415e7ed17f5ca31,80000000,16380,16380,451.428215,True,ok,87,141
21759.754758177653,4b2bc032,71,10,232042.794209,6.105006105006105e-05,True,4b2bc032,206,232049.507139,455.533649,-2.7505494505494505,21786.337973137972,-4.3609279609279605,204.75,232493.672319,444.16518,c4830d9fa6bedd5f0919be31c4ee400888595355ccded69f38786c703fd7d9f2,80000000,16380,16380,450.87811,True,ok,302,462
24290.484570282857,b5aa1d88,72,10,232496.228659,0.0,True,b5aa1d88,206,232503.491291,453.43445,-1.7475579975579976,24295.693223443224,-1.4678876678876678,204.75,232947.69863,444.207339,f16680333a86cd8cc651b9c3208f7dbe2848642d0d8f6def617d8d50e1b448e2,80000000,16380,16380,451.469971,True,ok,422,679
761.6006650915899,44c4a5a6,73,10,232950.311668,0.0,True,44c4a5a6,206,232957.716579,454.083009,2.6524420024420023,804.8106837606838,-6.0145299145299145,204.75,233401.670816,443.954237,9b35094e9dd0ed31c364db424522cec34431a365e6946c6ed68796c6bd6f7574,80000000,16380,16380,451.359148,True,ok,91,154
542.4045591648888,f2c7fca2,74,10,233403.459363,0.0,True,f2c7fca2,206,233410.507438,453.147695,8.534798534798535,639.1641025641026,-4.890476190476191,204.75,233854.655512,444.148074,74fca64a2659d90ddcd733a67221f51045371eecbce14de008c94b23dc2bc853,80000000,16380,16380,451.196149,True,ok,77,125
17737.162548847507,2ef4937b,75,10,233855.983677,0.0,True,2ef4937b,206,233862.700425,452.524314,-2.084065934065934,17742.060622710622,-0.7448107448107448,204.75,234306.704925,444.0045,1c69b40870b074c8302365c5b9b40be41c7dd49b9b78ebf7fa2c846dc7242733,80000000,16380,16380,450.721248,True,ok,223,365
6857.052375436258,ee846c87,76,10,234309.352748,0.0,True,ee846c87,206,234316.555507,453.369071,12.043223443223443,7183.80463980464,-13.48009768009768,204.75,234760.719588,444.164081,23d727a3746ae49d9553f8067d4e8e5b168f9601ea8f61951cd351a7dc132c9d,80000000,16380,16380,451.36684,True,ok,273,397
21658.873586292288,6623befd,77,10,234763.17663,0.0,True,6623befd,206,234770.659328,453.823882,-5.632295482295483,21697.560073260072,-2.638888888888889,204.75,235214.70298,444.043652,925898beff80fbfbcb2096e3b1fe128d6d8407d473ba4eb8cb746b907ab6ff0b,80000000,16380,16380,451.52635,True,ok,259,421
577.750146233159,724f73c9,78,10,235217.121599,0.0,True,724f73c9,206,235223.566312,453.944969,4.964529914529915,602.4050671550672,-0.09145299145299145,204.75,235667.702196,444.135884,f16a39b4bea92cb507c607b2ba94c32377c7379d09e50370f37d63d374da86ae,80000000,16380,16380,450.580597,True,ok,87,142
592.8993555342365,d8ac4d57,79,10,235669.32557,0.0,True,d8ac4d57,206,235676.550981,452.203971,3.1857753357753356,605.1778388278389,1.4592185592185591,204.75,236120.725318,444.174337,9730ba65cc51a7fcbc312aabdbd4a295f2c8985f13ca9c97981903cb3e2f9771,80000000,16380,16380,451.399748,True,ok,81,134
23178.120175572967,9db4fa1c,80,10,236122.472185,0.0,True,9db4fa1c,206,236129.554175,453.146615,-3.5318070818070817,23191.79713064713,-1.096947496947497,204.75,236573.724521,444.170346,8b5536b100429117ff432a868080e306cf2c01163d95beccba62b5b9f3b72a9e,80000000,16380,16380,451.252336,True,ok,247,405
29987.580769752567,d82c6a0f,81,10,236575.814959,0.010653235653235654,True,d82c6a0f,206,236582.534813,453.342774,-0.841025641025641,30016.26043956044,-5.288888888888889,204.75,237025.815324,443.280511,d0ae5e85f80419889646f6971e41ed421496a46b85cc06c3443a21fd58994bf3,80000000,16380,16380,450.000365,True,ok,408,472
1167.4905435766243,d5797b1f,82,10,237027.505435,0.0,True,d5797b1f,206,237034.607302,451.690476,-1.6095238095238096,1198.387667887668,-5.32039072039072,204.75,237478.758599,444.151297,31ab264c21ffc6cd8b2a8d1837d1cf2ef0e9a7ecccedd391e1f71da2d0df09ca,80000000,16380,16380,451.253164,True,ok,117,185
26848.669366283222,fd380b89,83,10,237480.688744,0.008485958485958485,True,fd380b89,206,237487.532031,453.183309,0.2780830280830281,26863.905311355313,-3.8934065934065933,204.75,237930.813131,443.2811,0925223d8f7f5cfb38caf2dce853b52c6979bca29e8bae3daabebfde4116622e,80000000,16380,16380,450.124387,True,ok,473,595
6398.706713937602,ffc7dd40,84,10,237932.377012,0.0,True,ffc7dd40,206,237938.879845,451.688268,-2.353113553113553,6659.706898656898,-15.983211233211232,204.75,238382.832543,443.952698,35e664d74ba68852c6a0c06da93bf6307af79e6087fa4b0b118f2dd406d9d01c,80000000,16380,16380,450.455531,True,ok,255,395
715.7182398611427,01ca6a84,85,10,238384.567488,0.0,True,01ca6a84,206,238390.912923,452.190476,2.1614163614163613,721.0800366300366,-0.8307081807081808,204.75,238834.820475,443.907552,1113455ea7638e27b980efe2407ccf24b86e45d55aa53c570823185eef018ba3,80000000,16380,16380,450.252987,True,ok,95,140
610.9892171690066,74d08372,86,10,238836.935821,0.0,True,74d08372,206,238843.01985,452.368333,5.884615384615385,652.3344932844933,-2.5916361416361418,204.75,239286.838362,443.818512,9023a46537d4f1e52d6c0b17980e9da84e43ed87fbb0b0bf2e743a5aa129d59c,80000000,16380,16380,449.902541,True,ok,84,129
464.7977055314784,e7a25f3a,87,10,239288.656385,0.0,True,e7a25f3a,206,239294.897422,451.720564,8.403540903540904,535.4221001221001,0.06996336996336996,204.75,239738.881736,443.984314,270368a1602de1c63731b96ca4438d38750fb3608061586f667e9394a796d6b8,80000000,16380,16380,450.225351,True,ok,69,113
33604.6318791753,0ec62e00,88,10,239740.713585,0.008791208791208791,True,0ec62e00,206,239746.905038,452.0572,-2.9294261294261292,33646.166483516485,-5.7404761904761905,204.75,240190.901615,443.996577,7e62fa8859b1489d677e7c5d53c14fd1831d06c507d989b3f3704b4c8ab1a9e4,80000000,16380,16380,450.18803,True,ok,562,683
895.8765376862995,d5b0cdfc,89,10,240193.511677,0.0,True,d5b0cdfc,206,240199.932083,452.798092,6.0396214896214895,995.876800976801,-7.97014652014652,204.75,240643.84527,443.913187,82f947f54adf821118a913358cf95d282320aa6a7ef823c98c7663d03e7c617d,80000000,16380,16380,450.333593,True,ok,111,162
30420.547129543906,59dfa22a,90,10,240645.569204,0.009188034188034188,True,59dfa22a,206,240651.92032,452.057527,0.22503052503052504,30470.378632478634,-7.055555555555555,204.75,241095.884462,443.964142,4900801f7f3358c4f271263534d735d5bf8c189231978f69e6e9f00654291d3b,80000000,16380,16380,450.315258,True,ok,470,560
449.4232711614122,08f0130f,91,10,241097.498428,0.0,True,08f0130f,206,241103.954783,451.929224,1.4188034188034189,469.06550671550673,-4.198717948717949,204.75,241547.892723,443.93794,a56b9b59229e5f8aa5cf05549da21594f33b14775b302c9374c4d9cffc957186,80000000,16380,16380,450.394295,True,ok,70,119
1900.5018850194033,5212ebbe,92,10,241549.899253,0.0,True,5212ebbe,206,241555.949028,452.400825,4.6843101343101345,1949.9526862026862,-5.244810744810745,204.75,241999.902307,443.953279,ba709103907fdcd0961315a6bd81ab3b97a6261d86531b11ede0e3eaa7e05fcc,80000000,16380,16380,450.003054,True,ok,220,332
548.1656686360715,ce6a8c0d,93,10,242002.14303,0.0,True,ce6a8c0d,206,242008.984243,452.243777,5.819536019536019,582.0653235653235,0.1807081807081807,204.75,242452.951386,443.967143,a3923750f61e883f1be201b282f648b585fd68190a380cf864ba5bdddc1053c3,80000000,16380,16380,450.808356,True,ok,81,128
13697.621105770162,b69e702c,94,10,242455.337464,0.004945054945054945,True,b69e702c,206,242462.647334,453.194434,7.368742368742368,13754.162698412698,-1.4977411477411477,204.75,242905.93446,443.287126,689149b2fb5f1d97aec3160920466dc86a8a2b903ccf4b3c05ad339f31c46be3,80000000,16380,16380,450.596996,True,ok,284,354
936.5438427808117,b8c25102,95,10,242908.551184,0.0,True,b8c25102,206,242915.022747,453.21372,5.0085470085470085,984.651221001221,-4.798107448107448,204.75,243358.923632,443.900885,205e79f4f17114015db735d33284da23c1bbb5a23bda9deacc1406dc790677c6,80000000,16380,16380,450.372448,True,ok,108,159
23437.06692687112,d66d88b8,96,10,243360.705346,0.0,True,d66d88b8,206,243366.959197,452.154162,-0.3865079365079365,23442.60818070818,-2.3220390720390722,204.75,243810.939521,443.980324,c0b8f2d70524ee6d143ffa66392487b8a2847de033668873c9ac78a273104cb9,80000000,16380,16380,450.234175,True,ok,321,510
706.4824273437187,ebab754d,97,10,243812.956871,0.0,True,ebab754d,206,243819.026974,452.251525,6.843772893772893,763.0366910866911,-3.1172161172161172,204.75,244262.92418,443.897206,68fa773b48154f900cabc8f0753814b1d7385118051d66aa6c071aa6115aa8b8,80000000,16380,16380,449.967309,True,ok,99,150
52676.99184143831,3f695deb,98,10,244264.895923,0.014682539682539682,True,3f695deb,206,244270.99957,451.939052,-0.6902930402930403,52678.09658119658,-0.7926129426129426,204.75,244714.946358,443.946788,f83a69eb34517a65627e075ad4de989bd49cb29731d084b357c7dddf67adf641,80000000,16380,16380,450.050435,True,ok,618,859
24285.063712749397,079dd957,99,10,244716.670352,0.0,True,079dd957,206,244723.059008,451.774429,-2.0935897435897437,24289.447313797315,-0.02197802197802198,204.75,245166.930593,443.871585,e4aeb70b27f38394408514262b2e64b50bdbfb0368cc8bc64a69b3e1052a1725,80000000,16380,16380,450.260241,True,ok,436,678
