capture_index,command_start_ns,header_received_ns,payload_received_ns,source_control_phase,waveform_sha256
0,733420950482723,733420958235585,733421402423260,source_off_before,8302bb6b6e855427a15c6f784be53d1403903aec751ba03002f353e398ef4e8a
1,733421440786845,733421447511213,733421891458354,source_off_before,dc5fe1bd2b04326bd8c93f98428217c362421b1d046d7529a32775dd73166998
2,733421896807093,733421903486166,733422347562250,source_off_before,c205f85984be10ab3db1eadef1edb872cd4047ff992cbe2fe00548f6cb39e2ba
3,733422353795070,733422361262232,733422805385195,source_off_before,58105264df0ee45dd0c0c09cbb57f7555cbd7dcb335a9b2dd9e65d7771b39522
4,733422808796622,733422816197690,733423259548273,source_off_before,37f117026915eaf1d695103d036c8b5a613b08db74b896788da0b8aa5e31335d
5,733423277262421,733423284529065,733423728518716,source_off_before,759cc217bfc315a6225641ebe8d098ec87db1232445b7fc47e3a5ee33850b211
6,733423732578358,733423739600730,733424184077521,source_off_before,7fc4b05a2337f347fab8e09a06ec99a964edbd2700a33e3fd5a6777f14ecc6c4
7,733424194060338,733424202849779,733424645568508,source_off_before,fa2b655d7af202c87f6783de1b50471c270453f57ae091af1edbc50b6498d223
8,733424654312604,733424661607541,733425105470131,source_off_before,cd4daaf5002146bcfc2b966fa1bdfcbc29bed18bdcc4c8938e7b1b772de4a4d6
9,733425108727628,733425115556834,733425559479077,source_off_before,a92c454f34d601439695440d4377b767c043bc49b3b4c658b36ee80fbf3d3370
10,733425562688904,733425569625213,733426013578835,source_off_before,ace6ccd5d4dbc4c742401cf380509ce9a5c56bf1c2512938b36f3dabdd532baa
11,733426016998849,733426024570889,733426468575167,source_off_before,ee176821977257a7faee02a1be7302f18e4381326a4a6e0c7d224165664eae82
12,733426472033804,733426479612457,733426923521415,source_off_before,04ffcfd3bfde06ae49ee5e184d9dbdcbc31f1ce421349af701174f909d677f36
13,733426927274017,733426934661849,733427378551410,source_off_before,1448c433a3185b3dd2c6a4750f098e2c157ec3072a8c135feb64f4b529773dc6
14,733427382891613,733427390610361,733427834605922,source_off_before,5597041abe48863072bbf7adb662f9f34e2415fa7a698b5cda926a5c512e299e
15,733427839271099,733427846632512,733428290507435,source_off_before,8adb4a7815ba7b1778d908de2e102fd19be757730c8f3513e5e7b43c97f5f0d8
16,733428294207998,733428301624676,733428746586433,source_off_before,96af5bebcc2b91a7961abc96ed282d58c861315329e9d1afb66c921deef4e211
17,733428766381815,733428773840210,733429217559209,source_off_before,1704bd3a9fa4cae1347e73cfbb606ab809fd27b0db3b6638f463a74e52d15720
18,733429225188067,733429232771369,733429676604092,source_off_before,c09701eb87d9b43d2ad92480712f5426a3c6d7fec413402d652eb10049973d06
19,733429692152808,733429699707065,733430143627905,source_off_before,039c5ac456071fa18e3420ff0ef7aaaa41a10aa9d32c07b58a69d73e1751a61b
20,733430151175179,733430158718966,733430602495924,source_off_before,3ac43a88b93b676f7e3adb2dd270a722d9bb38608bad54adf32e26df83990505
21,733430607784058,733430616891109,733431059617792,source_off_before,57181a8eb4cfc5ee7850cd93a9f40d42ff387dbf0bce44f699c361fd749969e4
22,733431070211463,733431077729272,733431521651854,source_off_before,ce0468d5af070d62c597b0cdc3f3d6d8a48b34b57a0029fae5661433e1e5963a
23,733431528178970,733431535731123,733431979656020,source_off_before,a589e8d2f077520b6744ae111b49958960b96e5ee88eb884f1a2891b8af8361b
24,733431996306138,733432003746920,733432447632413,source_off_before,d5da0790aaa744fe0cf75fbc00fd696eca3704c6f19a4b8e1a84036c138b270c
25,733432458571367,733432465766435,733432909615388,source_off_before,cf7a8f172ded6ec1cb227be8ae077138d65ce2a48acc62b84624af306cdda21a
26,733432929789686,733432937803251,733433381634391,source_off_before,abc0d44eb038d7e4365c0c282e82ec2a8825611ad851e7aac965360ad7271107
27,733433395718710,733433404596318,733433847654226,source_off_before,9e18815c508bd1edaac362d98f4108cb9410e4c3dc48cfeac7f487178c65ee8c
28,733433866081512,733433873836779,733434318450187,source_off_before,0e544086886aa00caff0443b5bb02ab67e4a5244c5a159e5dce773e0d6d911f0
29,733434322930424,733434330866914,733434774611800,source_off_before,27cc018166607caad6745666541636a4b6505a8499e66ae1e61fde31c7c0bf17
30,733434778799945,733434786861030,733435230740952,source_off_before,8109bffb57cb6df493deb16c1aaee669cb3041b262c93cc8e8a637f983703edc
31,733435243310608,733435250918176,733435694662501,source_off_before,a5c708f4047aa0e7e2dd8eaa957c3ba612e210c783e07ae6c41704bc41a8e561
32,733435702860284,733435710955313,733436154696422,source_off_before,f29263c819ccb4d3253db714270fec4f7ca49f6b22c65dd4950942a9acde5e18
33,733436189504076,733436198316391,733436640715904,source_off_before,3f54ca8ff21124ac7c850d9bd7203fa1249e726441c0f52fbef9cac22a313cff
34,733436650574196,733436658423400,733437101690554,source_off_before,f96e32be4b759312c4a72db2d7e25376097e341daecb0ec7a25f106452df4b4c
35,733437107420653,733437114848171,733437560675572,source_off_before,3c6f6b770c1ad30313e950fa039aa542409b6e318d94cc3493b54ad80226b352
36,733437577577997,733437585671904,733438028795936,source_off_before,6c4cb543bf7c71bcc383291513aa71ad842ff9956da891d200982af1c7c002b6
37,733438038282445,733438046771248,733438489782438,source_off_before,722a3ab56ffefa847af755d32c40f51caab50e45205677fba39ec0a9d1ba78e7
38,733438500782417,733438513647611,733438957083353,source_off_before,bbbd38f515edce231f7f1119f140e968ecc368d9edbfaa29aed45f9de71cdd32
39,733438970231812,733438977933107,733439421745411,source_off_before,0a09ec72359afdb4687b75d72ce81da895b6ae90949b0e166eda2fce465fe581
40,733439439381021,733439448760918,733439890691405,source_off_before,1fd4eea96421683445f082d7ad5feb11024c5c9df85179a9200981aa9662fc2e
41,733439899014575,733439907065120,733440350712571,source_off_before,8fddee7f7f4664a977962687b803bf8479a4da37b1fbe6b0b174874514f2b4bf
42,733440370828829,733440379690628,733440822736442,control_transition_guard_excluded,289dab77a567f91e2ba58f28f4f971787bf2d5a0475d53df2db95db0e1e1d698
43,733440827292603,733440834808828,733441278774190,control_transition_guard_excluded,4d9890b9d13bf58ce74f5458b28d93954bb588f87e4f60c84699f1e6eccd22e2
44,733441286771364,733441294883716,733441738792521,control_transition_guard_excluded,ea38c9047ae7b1711b41d4106a80f0c25972d65c9c32298acff3bfbc691b7d61
45,733441745282106,733441752908479,733442196776217,control_transition_guard_excluded,05f289ec11edfd8e7d8c8fe0b50309f8fec2bc8ab431adfe3f7b7412fbe91f09
46,733442217419612,733442224859172,733442668831717,control_transition_guard_excluded,4d2b782ece8457e45e0271bffc3641ca65574464ab15bf16ad2b962181dd8cff
47,733442673884276,733442681802641,733443125779164,control_transition_guard_excluded,558121f74fbbe4bce99287b6bd456ef6ead9a5c692760cfbee8ec1816e3a5014
48,733443135893290,733443143853253,733443587842370,source_on_episode_0,d2840dfef0b972e8734b77aa349fd052d49e0e2b2ed64d417b8a2ff81eed2eb4
49,733443597134081,733443604845284,733444050128497,source_on_episode_0,27dc385c3a5cb127038663759cda41a53ca05225c602aaf352e0fde8dd3023a9
50,733444054860179,733444062766972,733444506792087,source_on_episode_0,71c8c23bcaa62e31faaded1067c045803a9103611b50c7b1cd0d692b31f33626
51,733444516852531,733444524873940,733444968779158,source_on_episode_0,354c3cc065f2895f1248d27c68d9efabcd6ffe8649da1442b9eace04f73fae66
52,733444976076811,733444983708905,733445430189931,source_on_episode_0,765cb011e6dd8ad0375bdc41de7eaca2e537ed29d783b4cc9f3514787ab5b109
53,733445436318423,733445445412260,733445887817102,source_on_episode_0,ddbfce73add92c8486cc1be2a8fca7382343d0626e14ba3929eb89eed9640322
54,733445895362422,733445902687786,733446346957754,source_on_episode_0,cb10c9a9a09eb7591a62ba67729c7896f104c7377494be77413587c38c7b09af
55,733446354152130,733446363826865,733446805898598,source_on_episode_0,cd8cb1366030242fbb1d089b0b4e2536b0cc723231997cf5ac8a4153a0dcba29
56,733446832168977,733446839738733,733447283977581,source_on_episode_0,763b038662d143a973890a7405fc7f00349e591ff60996829025446d6cc878f1
57,733447294012306,733447301906805,733447745861777,source_on_episode_0,1aee160760c05fcae485fc29ffb59e3c52b8bb8e30ec689db3e7b3f6660fdaa4
58,733447754091881,733447761662279,733448205846684,source_on_episode_0,5f36e7398c1a5e41e26843c6ff64a7a48e3711b6757c288a8065b37a03395751
59,733448212839580,733448220808481,733448664912895,source_on_episode_0,93228c6c6a4769b2696cd6965da8f85034b6cc3a4c951f7755eca7cf798c8808
60,733448671992775,733448680280238,733449123852255,source_on_episode_0,dbb0eea354132822661290591533a53bb196926c8a0385ab9e685dbc646979cf
61,733449130874006,733449138678085,733449582888970,source_on_episode_0,fe2bec1d1709d5840d970987784d195fc8063ebb6857a175b11ff26663114622
62,733449594516074,733449602731862,733450046845022,source_on_episode_0,da362a9eaa64cc2bacec147bf227fafc31a38dc8c88d242c0bc53d4453c17eaf
63,733450052358663,733450059749330,733450503891405,source_on_episode_0,c6cf8a1e250145742c00af0ef102bd55d81c86bfdda0f56524f7ee868ce0b524
64,733450510452525,733450517701465,733450961864239,source_on_episode_0,6f94a24cbec272787fa531a078e6bab3f0ad45390cd04706c9c9ff7f0f4c5a81
65,733450967388530,733450974762696,733451417989491,source_on_episode_0,f69cc060af9cda85e9421670db3d909cd09c75477b5790c1d355be63a22b9188
66,733451432698089,733451441154041,733451884890428,source_on_episode_0,0c92cece485810a943581cf2f3f22e9cbf70895c33fe70d616075b7886ed75df
67,733451904144668,733451911676512,733452355921581,source_on_episode_0,75c330bd6fb9a22024d20c0d527dc93f9bf7c0007209e1bd1849d7c23a9e5b1f
68,733452373431915,733452381672168,733452824949709,source_on_episode_0,bc81b924695f9d43767ba29e63c0b5537c013548e2bc2c43cb09a2ae9c3613c7
69,733452831128216,733452838038696,733453281982055,source_on_episode_0,5f46ddec9b0a48f213343d5b11b97e80ffa20c2b9fd0450a66b3c37e03c72f37
70,733453288476639,733453295988696,733453739960880,source_on_episode_0,4462e09a25d780b82918e36e89799ba6c00ea3c41daf548d8866e96f778dee45
71,733453744992559,733453752007437,733454195977466,source_on_episode_0,8c4f1e25a652f815a94b0fe5e191654985bb684fdec0b622889e2f6a326cff5e
72,733454202241464,733454210150812,733454653012096,source_on_episode_0,8ec43d7bcff8fb0abc1eb86d16e00b08cd4b28661bd8f01ba69da4a326fc121f
73,733454674060275,733454685372916,733455125033901,source_on_episode_0,e392b26e98246cec18cb9469e0bff0f78709b776accd94536b7fc46eb9102ec0
74,733455129873087,733455137105315,733455580965687,source_on_episode_0,7b7c0217e13530b06ca9a235b2818b11b6ba8619bddc9dd48e937c8d511f20bc
75,733455585907757,733455593080342,733456036997872,source_on_episode_0,8ff32ca0ec27b45b898941d8643aa0805fe250bcb83cfbfc0a8ca79709ce4336
76,733456045730075,733456054053446,733456497061006,source_on_episode_0,c7b83a5e597f28f79b21e8bf6e0917749485f1dcd6cb9da3178bff8fcc9ba2a8
77,733456508947300,733456516150073,733456960050340,source_on_episode_0,54d3acefa8373ceed56a0a1276455debfbb466b0510b016944036f87ae20fdcb
78,733456967082249,733456974144146,733457417996502,source_on_episode_0,e8479246249015a52b5eaecb1227d311135cdf5c87fffb7468acac3d9597b3a6
79,733457446050813,733457453163946,733457897042271,source_on_episode_0,bf31603f01ec420ff89c6f32417a17e89f72bb27f74a34274b0f3744f012ebb7
80,733457902881677,733457910225837,733458354068876,source_on_episode_0,84ed84fc0ee44a090d62b6290231a56abaac23a7e8c62f789b3e0f911e73cacf
81,733458367104372,733458375489369,733458818073328,source_on_episode_0,6fb8db5b93d2e253c0d66464e2de256cdbbf8445028f7b206a3b0884ee3aad94
82,733458837128871,733458845207179,733459288023517,source_on_episode_0,006a265d79fe78185ce22fbc94764badbb3d68e29c1fdf22b52c3f236fe28da1
83,733459294182226,733459301169702,733459745050051,source_on_episode_0,14a9ae75a322bcbba889686afddddc7d73b92c26c644d59064a7a0a405d62d87
84,733459750604198,733459758184344,733460203328571,source_on_episode_0,52e7deee1f14be19b70df10276c87d19bf71dde9bfb153388d09414f480042bd
85,733460208542415,733460216179929,733460660299540,source_on_episode_0,04b918e111c9c5948d73b3f23fdd0c74465cd0ee5fb8d3525494e170ee48f210
86,733460668245928,733460675185714,733461119100818,source_on_episode_0,afffa41358a13bdf1e4f8f751de7e229b632dd75afdae97e47c216b2628a75d0
87,733461132041335,733461139212468,733461583079351,source_on_episode_0,231efa80a44a2f9e380b28c7beecdb1b10c61fab27e9a750c6c0a6808e793357
88,733461591697829,733461599217461,733462043121675,source_on_episode_0,398b16009afc79ccc8cb62f6bb3c5d3a5d0c5e01ca21aac7214493ab330b6ece
89,733462110500054,733462118244140,733462562133085,source_on_episode_0,a894fea540fdc611959101185ebaa929eded600a9cce33023052e1c501c2adce
90,733462570150507,733462577274150,733463021114092,source_on_episode_0,9d7f1990f75d8f58af8a03433b552fa6d021ea3334e9eafbe8b399286e1124a3
91,733463028394021,733463036180196,733463480093517,source_on_episode_0,17287e17235bfe180629222a2e9df749ff55d3f92b6c32e2cbb8a63441f0ca73
92,733463486979160,733463494246124,733463938088861,source_on_episode_0,2922bf37cfc274970fb485d0aa7abb1fdbdf6fae23a206ee62cb11786b441106
93,733463944681731,733463952814211,733464396177702,source_on_episode_0,8a4c2469c48fc7630321b0aeaded1acbf743f0aeeb9669cdb74bd2889a51375c
94,733464402810378,733464410263143,733464854138311,source_on_episode_0,03e09a6063aa20a802a767a146841fa40a270754df25f0a443f4a3a05e6e0fda
95,733464865114706,733464872228771,733465316129658,source_on_episode_0,88be82f1467630a066ab76c8f8f85340c453ddc7a930dcf26ba554db17243a1f
96,733465331732716,733465339252228,733465783143356,source_on_episode_0,cf3426e81cdaca220c714715b6f22ce2281f106571956686fdc15c5ca7c46ccf
97,733465790758197,733465798274382,733466242155051,source_on_episode_0,0e58a946925f28decbb345b0a81624bae3ba23dc7ae35e031f21c83f26b0f395
98,733466248981382,733466256395605,733466700174451,source_on_episode_0,ca583f48f589eba431d700bec169840f82bd269173b89a73e751ec5f013a0e21
99,733466706252518,733466714407009,733467158130320,source_on_episode_0,540bbfc1146300ed80bb1c8ba97fcd8c1969e9528363f21e77008d93b97e9689
100,733467200776929,733467209086814,733467652272910,source_on_episode_0,a0c3502f70819bff904497dfec1a861eb4a60d9fc3ef741c18840504abd6c79c
101,733467658417693,733467666355815,733468110201608,source_on_episode_0,71739547d7ae129617aaf431291108917dfa7ff941d35d6e356332e4b10ebc85
102,733468115540328,733468123585522,733468567138040,source_on_episode_0,1ba6cd196025c47c0b7b5579258047c07e089f2613bb9864e5e3bb134258d707
103,733468573867458,733468581305856,733469025207865,source_on_episode_0,e8081bea9397e4a48a30d5882f6e2a996e0645a15358d8ea2350fb6504849b7c
104,733469040928526,733469048376842,733469492173281,source_on_episode_0,7a3b54be124f1091d0e3541578aad815da83600eb2707e1cb1a83669b2148374
105,733469497405981,733469505330117,733469949283322,source_on_episode_0,c51886cde166942507a3ddb202d9ee11cdc0eb4a50cde3b914849ff4260ea425
106,733469965663950,733469973362119,733470417454227,source_on_episode_0,7a05ddfd4d73e0b6ab424d753c84d6bcda75f2a19a6bf129e0ddeec9aaa26253
107,733470425292340,733470434139110,733470878218884,source_on_episode_0,3b6c8d5dc4287f738f13156f89e0582cf1ac593e56a8e3e7fac3032e95639dd4
108,733470894440091,733470904783489,733471347249333,source_on_episode_0,f9e18792213da0a8b5ba5559f7bdd979ce40ebef621471d01470db3d49c1e377
109,733471361067228,733471368693020,733471812207706,source_on_episode_0,49462304208450cac873f470fbe3bfedeba719b1f09fadfd7967071cf2da7e1f
110,733471828986106,733471838522058,733472280757286,source_on_episode_0,51a7d1d94495a3b7ded92a1cd60a8576c5e91f910e9ae5c8e1ab1e294d125b88
111,733472298860530,733472306534162,733472750243987,source_on_episode_0,cb7c2d22f10b21155a524364814950f9e0d60675bf4108f6769e0124e5232dfe
112,733472764407475,733472772285283,733473216228800,source_on_episode_0,3d3820ed5530a9706939d613dbd08f244201954a151ed44617145912378befbe
113,733473228080529,733473236293009,733473680231957,source_on_episode_0,0a25b4d39d10982ad47f7346c4b5a67c4d0c8b2f0c2b698f639a2f18422bcc11
114,733473687593700,733473695305695,733474139232580,source_on_episode_0,28aa04daa884e0d91f06b2878e23d8372a17fd99eba495023ce5f6d76dacd705
115,733474159347516,733474168199225,733474611269240,source_on_episode_0,0aa795be9b10213e481cf5bd827cf59961f169a09b1cc4198d7c2ed00f31d226
116,733474622766639,733474630335143,733475074296964,source_on_episode_0,95d82542203dc65f7ce73e46dba6a50684e0f5f0190a68e68c287317e2bd997a
117,733475090282595,733475098337869,733475542503856,source_on_episode_0,97ee1f2e911b263f9d5c5fee9fe9f603ec01b0801f791735102a6354cc2442a0
118,733475557146189,733475565492162,733476009245739,source_on_episode_0,a952da68d272133cf0dd6e0ae3cfb3a50b88d4dea6e87d63d7ac1cf0a168ea77
119,733476026763085,733476034441918,733476479909233,source_on_episode_0,55cca1d035fdfa5fec174ffe0b9b3656b7550cff79c1a1cdfcce79f28894df77
120,733476491194081,733476499538070,733476943334709,source_on_episode_0,24f12e4ce2250239eae17d7f63884d2356adbe9023bd5cddf1f13a319f1456f5
121,733476964069476,733476972268531,733477417052045,source_on_episode_0,b457e63dc93749de627f7f4fa53fd985c9c6862b1529f799c4370f29d9d25054
122,733477454907328,733477462337270,733477906314019,source_on_episode_0,4fb67a629c7ab4f104f067610753b5a23f9cf3a6d18e42e97f5c89ee77aa797b
123,733477938155436,733477946266756,733478390267119,source_on_episode_0,a17c0a546bd4f3bd70e833f24eab42dfc38891273a52bd6988416833c233bd60
124,733478395673887,733478403844369,733478847286206,source_on_episode_0,3a56ff3a45be7f625fb2f6ed4a116dc660ef0d180dadac6e5ba61f66232cc244
125,733478852804305,733478860212897,733479304331032,source_on_episode_0,eed91326e2ac3ad7cfb8a05f2a8e3fed59ca9e3318f0af4446aebc108f443ca6
126,733479345981558,733479354187237,733479798325731,source_on_episode_0,7d9685d1f537286c5830734f1daea532a21d8866b28026e043c6867b52836617
127,733479805278911,733479813244035,733480257362882,source_on_episode_0,ad5d860c06b8c34b1b20e048ebec872b46bacc60ad08753e7f09375981fb1680
128,733480267980859,733480276263091,733480720343446,source_on_episode_0,523bad3cafdc720bf826e5e6a606e2ee77a5d7e0935336f1c04ee94e8973c08d
129,733480730274284,733480738153004,733481182345510,source_on_episode_0,4d22d6c219c3a1a6ab10a5a4e2629ad1d19d9d268983e564c9a633b5f21a3ee4
130,733481192770793,733481200291797,733481644330162,source_on_episode_0,bc1e0cd55d4c853505a5bc8e59e542406168720605ae3a47ec4c3e22c448b9e0
131,733481649978106,733481658149459,733482102313050,source_on_episode_0,94e653ae04a4f0b7684665c99a04537a5cc60166247f96e95736b40ccf9ac5ff
132,733482108204955,733482116160972,733482560344731,source_on_episode_0,50cc0064dc075a163818bb43cb1d453333766b3baca28dec2bbb86ef97a100eb
133,733482566085741,733482574187743,733483018404655,source_on_episode_0,b23096612b075be8f01f31a080233ca1d6aed3aa8de8ba1dc3b872c7170fb796
134,733483024917984,733483032218983,733483476365231,source_on_episode_0,058f3b55ff026cb564c4197b77d9fe00e3f92a23adeb167d93a7452013332dc2
135,733483482764295,733483490226397,733483934372535,source_on_episode_0,a45849e434b7a0e5066f8371e1d5890a62d7f30a1a4643eb38fe81cde721f709
136,733483941708409,733483949753865,733484393335385,source_on_episode_0,e16b431de3480e44e820c24f8db4a42d8cbbc985f40e06e7f6f8d89df2b09e83
137,733484402900252,733484410169661,733484853477354,source_on_episode_0,efbc7c392ae61b5f50ced46949acb349366ac272964926e10f04ff4b54d4a944
138,733484862774956,733484870172847,733485313473828,source_on_episode_0,119a58ce191744172d2850848630d6f3483c6988ad4cbf4833ca7637bcf3c71a
139,733485324658195,733485333557865,733485775478186,source_on_episode_0,1f06aa808efdc739d3663c0b76b8b2642bc89426a5e40a20853e5bf60497c482
140,733485781896015,733485788555080,733486232459691,source_on_episode_0,3e4a6349dbe400399f36b9e69069c880586782c132bab9c5431763adbcae8629
141,733486237604955,733486244520034,733486688600027,source_on_episode_0,f7774a12695e5819a3bd982873ab7426f59b5c0694a3146674158d6172c3cf77
142,733486695046029,733486703255043,733487146568978,source_on_episode_0,b52886910bb009e0e4c4d15ea05626e38c1bad1587dd80ad53f7006ef8bbb4e6
143,733487155527499,733487162578735,733487606541937,source_on_episode_0,f4e79b1ec98c540f4cc413d4e4b6709a1ef00b56b9b1a1a2064ad95edb879458
144,733487682940464,733487690693426,733488134526021,source_on_episode_0,2d2c85a64c16ec71872173bed8915c994334692cbb09affc137687c1ff6f3a8c
145,733488143178453,733488150564713,733488594505281,source_on_episode_0,0ab1ed1afce13defed81a9605625ff495881a0c44e6985d9f5b3b44b24daf4ec
146,733488600109302,733488607581394,733489051496715,source_on_episode_0,736e3ddddf47d0b839333931cd7121746354da0e65ea3230a9e0113108aa0c8d
147,733489058484592,733489065637079,733489509535037,source_on_episode_0,308594f9f6c6d3fa24252bcde037989a85181386640445e0bc965211f8b36bf5
148,733489516468792,733489523632681,733489967530739,source_on_episode_0,adc18e50739ea0910e62fb132231870ec12c3d36b926fd2640e03bdd5936436c
149,733489981764119,733489990410620,733490432534185,source_on_episode_0,8846028917520a5a2432a22f344904093861619712ea56ccdd17cc729e5a97d2
150,733490438149928,733490445661775,733490889609767,source_on_episode_0,2fe44502e22e3721064c08b8e2460a3c07f029524be8485435e4026cd8161caa
151,733490907800336,733490914641605,733491358564180,source_on_episode_0,bb59a3a70604e6b46bd8184ee101d2efa044fa843a2336a446addfdb8ffee6f1
152,733491372957963,733491380618631,733491824528321,source_on_episode_0,d07674d791498113d37e7ca19132a89a38611f58cf74eedece65c4758dcfe3a0
153,733491831110270,733491838663455,733492282545062,source_on_episode_0,b839cfc91bb64b03603255b673f97ce7051823b4d0f7290de92358b0f890ebe9
154,733492298906544,733492306647603,733492750571150,source_on_episode_0,0aacddcd2d1a128c090c18c294c68c7a47a01b6db2334a95f2ae425fb126bf31
155,733492756506266,733492763652482,733493207462444,source_on_episode_0,51a68c9d57fd821dc0b1a76ad250a4d9d8d465a1186ce3381622f285b527fd0d
156,733493214618859,733493221693549,733493665564275,source_on_episode_0,cb89bd6add92c0c9cd1e1dea221c8b945f65dcd5ba8fc9d7022b86fd604847d5
157,733493672165481,733493679738213,733494123464285,source_on_episode_0,cf571fcb7f41202e16e0436312796a9586ea5a950d075347cdad5b1213eb8082
158,733494131425672,733494138645446,733494582541961,source_on_episode_0,ba89c9de7d7ec7b1e016dd803fcc0c3f571b898f87b1489582f96f5d05e4f638
159,733494594250770,733494601733542,733495045576395,source_on_episode_0,81ee41629274d2f84f7a41471874cac074ba867f8012785fc8d9c0d54391351f
160,733495052400632,733495059687864,733495503597634,source_on_episode_0,993be0375c7e6612110fce1c262e7e2bbfe48cb97b563fe4b9fae07db5591130
161,733495516904393,733495524684857,733495968583376,source_on_episode_0,4a1b4eb8f4a92837d8134c4773199cc3ecd4f403d0dd012e290ba03081876e30
162,733495974157961,733495982720944,733496425591099,source_on_episode_0,55c0924ebe42f33eef88bd60848c740b85612215fab25407168cb55c0c46502d
163,733496432937253,733496441009909,733496884740831,source_on_episode_0,05006a8aeb2f69406383d7753971d980ef3584aec6108934298b5b932f09710e
164,733496894014087,733496901765987,733497346399384,source_on_episode_0,b277e65ce8bbf5c2f932e0564898a2807cf7af35dee5efeb981ce320cf6331e0
165,733497365248687,733497372701683,733497816610090,source_on_episode_0,a3df074eb125906535bfddb9ef5221d0184d3f2e52013ed725b5454cf1a54083
166,733497826774860,733497834978314,733498278635727,source_on_episode_0,5457dd7227ac484c62f00eb11add52847acf9547f82f23a345ad1194d13eea56
167,733498284919853,733498292756393,733498736615196,source_on_episode_0,e78faf0d3a5ca992d3811bc587baf1ead277bcd7253b6f69ee254feedded911d
168,733498741991317,733498752089582,733499193667424,source_on_episode_0,dcb41699f790dad9e1fe30b0531663e736a9a57ed4d168b376f7704144ac2236
169,733499202431347,733499209847663,733499653643426,source_on_episode_0,b54ec2f14884475fee150ea417921068eee283dac75600bb1cd9e4ba43e8d171
170,733499659792528,733499667829898,733500111662782,source_on_episode_0,77f5efbf4671ec55866ea1ef054c7ba67decff45d2b1c18c7e6a0b9948a29e4d
171,733500119826731,733500127924465,733500571671877,source_on_episode_0,5de75c42c776ce1d2de5b9793e0f80b615ebeb6e99a379f0d02409506af3114b
172,733500592669721,733500603501762,733501044714034,source_on_episode_0,83185802dba7610c7216a54c01ab3e57c0f5858465f853f4de86eadf3ce6e7cd
173,733501062133785,733501069905222,733501513666851,source_on_episode_0,cb8b610398a2fe4072826a17ef49b14d567014cd5bffae4ab74aec7543c45137
174,733501529692529,733501537868190,733501981690904,source_on_episode_0,d49963d7c83cab390d97473dbc4e042cd12bd853fe0a661e78ce6472173ed624
175,733501990155251,733501997832590,733502441685752,source_on_episode_0,1c04e463f561a24d4f8edb25c6b9b603dd9b9f45cb1a4190fb2dafdcb644c064
176,733502447112719,733502454921146,733502898644873,source_on_episode_0,12257333be33f89eb9ae26e947c3a7cf5122db1544795ed393bfad0ce8603ac9
177,733502904588837,733502911839069,733503355634171,source_on_episode_0,339e51007eef5e74db5ebf87a0ecf5876ec4f522fb2d5de65224206b68ea1fc3
178,733503366698712,733503374923516,733503818718538,source_on_episode_0,3e4dad20b19abb34299e2739e1be500c827cd72884c658f2ed25afe1e1957582
179,733503825247246,733503832869662,733504276691735,source_on_episode_0,cf69dc09df03d469040abc8e8c629c7e442785efd297862f28e5ea2eb20148b0
180,733504285461820,733504293330300,733504736707012,source_on_episode_0,787d8893a9fc088e27c8894db7a5a331dcfc226fec53cd54b2beb31f65e842c7
181,733504741902501,733504749797511,733505193737858,source_on_episode_0,bd22801ec6a7979013b86ab4db5c35fb86bc40b6cdee624376b6b265ee9847d8
182,733505200886217,733505208785326,733505652718258,source_on_episode_0,75346c8c422fc269234af4003c8d572f44a1134e23253bce4aadd0beaf534424
183,733505657878310,733505665833926,733506109729156,source_on_episode_0,f535cb319bc1d9db2c13ec9a3588169be9051b2ca51d8c11403bea58fcf3e8ec
184,733506123372020,733506130822842,733506574732119,source_on_episode_0,9ba73210753ca32557fe88db430ba3032c60bef5d21691a144c3fec7f80155f3
185,733506581440637,733506588807019,733507032753557,source_on_episode_0,3138f6ee4859d1ce1db239dda344766012691dbb96d19bfafcb2cc55d1848839
186,733507042046921,733507049837384,733507493776888,source_on_episode_0,798fa551792c7c9cdbef81d7f3726b2131de0707df328405d5cc17ca381efb26
187,733507502129053,733507509815740,733507953801432,source_on_episode_0,f3c24923a0cb99416619250deade861e9d2d622af629a48ba28a2e7e4c5db80b
188,733507964357131,733507971813363,733508415791310,source_on_episode_0,697874e54350070112e0a07c2da547c9f26a73b66dce44ea0917faec1583b326
189,733508449503422,733508456875355,733508900743875,source_on_episode_0,6b93df5f7175f6d842f4c32a07a3b44ac7f5c9bcede386a1203deed340381cf7
190,733508907843452,733508915883136,733509359793786,source_on_episode_0,b17dcb44e5e870a05c9dd2ce69b983f97b9837ecfe901a0f3496cacbe53471fe
191,733509369527261,733509376737097,733509820774887,source_on_episode_0,5ff3ca96424ce18e009906d9e5becfde8d6dca846011e696bbc0f7e942d18d6b
192,733509830876248,733509838699223,733510282772129,source_on_episode_0,d4056e14757cd567e6397ae7cf78984b54bb5cc07db386a52a0ee5cbad04c173
193,733510288229553,733510295701805,733510739764561,source_on_episode_0,7dc92280d650dabe0659a2c552bead02b7c1aef20959700cf887b7fd2900076d
194,733510745878556,733510753777555,733511197791489,source_on_episode_0,8adc5c9b358109b53927664df513b79c583c9be7598edd2df2331c842c457e6e
195,733511203513744,733511212059304,733511655813668,source_on_episode_0,1b9f2402e711cf86249b38616923373115f4a4cd219b0686f3790b7c62590669
196,733511663306379,733511670688460,733512114820107,source_on_episode_0,41f1d69b60df0d125d8d46c36c58b432fd3ec6ea6f176a69c00ef2df09ed2c90
197,733512119564503,733512127664932,733512573946603,source_on_episode_0,3d8620559b6a76ae0a8ef0d794841594acc240aa87c10356ad8b2f9189d5f4f5
198,733512588691289,733512599219426,733513041822224,source_on_episode_0,9044c42ad20204089e3a2b9bc582b5d4e9a3fd44074a883531189c7b0eac824f
199,733513055029835,733513062715500,733513506824103,source_on_episode_0,8a7aa329904a19e58460538c58357db1808ddbbe8f276ac56719d90c82960ac2
200,733513517966661,733513525699876,733513969836162,source_on_episode_0,6f33d14955f87393be251d1361f022841c73e0e1b55d25f25e0e522c02c8d571
201,733513976845128,733513984668053,733514428864061,source_on_episode_0,c835ba2893c3d113f2600213f0b2d87f0ef1566f5a08ff67c1be5a2e2ccedfb3
202,733514440843351,733514448663220,733514892899975,source_on_episode_0,0a0e1de97c91cc4387226e1089d85c53354ef14ca579a2c2277e4c3202ff4ff1
203,733514900934399,733514908666071,733515352846950,source_on_episode_0,2bf4497d0388688f908fdd3ac8c787e7d19899d80f32832c4ab9bfeb2c4b590a
204,733515368899628,733515376804778,733515820844710,source_on_episode_0,1efe59568f22ded1c6058740b3afbad688bf6b200f566da0184354afa362a3e3
205,733515833412552,733515841782080,733516285841579,source_on_episode_0,a93e509db8ef6d083b481ce30d92d7a881ef27afdd7cda7afbfe2ba5c8c904c9
206,733516291135304,733516298958199,733516742857716,source_on_episode_0,fc71a650b9576e892a3e0542e1811ec16029085cbd6ba50d8b9c7c14b34e907f
207,733516749719204,733516757651004,733517201854666,source_on_episode_0,c41a498088965c8c797754ffb02453d48e7c8cc0be89a9fea8528564d3f03364
208,733517209616856,733517217823666,733517660954832,source_on_episode_0,034aa806a000ec69a2aa6bc0e3b699380b080d98fc29d33eecb41f96ea5bfa0a
209,733517671169196,733517678047375,733518121982009,source_on_episode_0,70be8473810c0ba2bcdd91cf02f8eb0b520c19b524ea91d13f361e5166de6682
210,733518128122113,733518135109418,733518578987806,source_on_episode_0,5a8d0f777cca0d4133aff61b6d1c427ff8be5af3e28632d4856b7222d153247e
211,733518649124658,733518656271495,733519099999448,source_on_episode_0,e07be07b8b9ed51c7f897c76094e4ecc40896c3ce3fb53697697fccc857e46d5
212,733519105116358,733519112063518,733519555990607,source_on_episode_0,cd6e0e065943c4a8a939c4d706ba20d0be260911076c81641bdf06400fd9c126
213,733519569616639,733519577048825,733520021027422,source_on_episode_0,aad6171bd8f8d609bd80b47e05df42741c5df28b288ec9234cc652edf00aed19
214,733520034083957,733520041128230,733520484980879,source_on_episode_0,92c184e22ea7d09d116d82cd90435d50e29616b280e138e9580b424d3a267f83
215,733520492096106,733520499144918,733520943111251,source_on_episode_0,a7cf8b2ef233f881b817db60cec9b486d31caa07a1d27a6c620acc80a7ff1c03
216,733520961831641,733520971481378,733521413065850,source_on_episode_0,a1a98d10aeb89c443340d91089c40c87b41ef8c55cf7c28d6e2e6c09fd78d173
217,733521432330037,733521440089863,733521884037491,source_on_episode_0,65c3138e88856ee6b8dd47de56aede437a773ad01761ae7812773f1d33692184
218,733521895491317,733521903132518,733522346994294,source_on_episode_0,cb10d416ac9cc67fab0a5a83ed4817e94d0cb9b2ac816e0e30672199e0c22c58
219,733522352511811,733522362873153,733522804032862,source_on_episode_0,96ceb01abbc4edf8aaaba0f8cc560eab20390a58f15b3bea34c7cbe962661d6a
220,733522813566019,733522821303853,733523265075688,source_on_episode_0,85c06fcab28161fcba70c0e0a99f435a27bec738615fb29614d26b38193b4904
221,733523273107418,733523280087479,733523724019718,source_on_episode_0,8519dadb773dce0ec234ec4a6fea8d6e44dadfe38b8e7c5e54394fd34c9a50ad
222,733523729611315,733523737181573,733524181039922,source_on_episode_0,79b03090005a8fcbc688a627d4bb20284db3c50c58240e05453c5a1d57d58212
223,733524190028870,733524198268792,733524641059443,source_on_episode_0,258c854948458cdfdaa73214b06f0a5f520bb76cbe495ca08f1d13a817fde5ab
224,733524649295348,733524657173628,733525101060280,source_on_episode_0,32a2b3a95e2651166d2e98f7da92823039b01e11dd8c87911cc4f4508065a55a
225,733525115672175,733525123173432,733525567082466,source_on_episode_0,1836fbd0cc3d137388da9060eb8e76eb7d118b0f2ed062ed48290efa277a8bac
226,733525583612316,733525592093685,733526035091267,source_on_episode_0,05b93c1a855580b3d41340aa0e623e4077877ee1cb714ae56b22c5797d24c3a7
227,733526040373390,733526049127584,733526492143380,source_on_episode_0,f1829841f0d1d013ebb4a34a5de7d2aa610713f87f9171466eb16f1a727ae01a
228,733526503634518,733526511440720,733526957079504,source_on_episode_0,6d94689bc4f11bc9acad247376a90516a8fe1b890b13dd4a4889d8af3bd9755a
229,733526963368159,733526971264903,733527414960313,source_on_episode_0,710d8fa1b955fa5769a5869386395a1928b0a6847cdf3287d1890e3e6f06667f
230,733527422892414,733527430227417,733527874075736,source_on_episode_0,178be723aab13ecb0b1d890d74a0cf683ec06e49b98b12a9ab2494e880b93b93
231,733527878971098,733527886194570,733528330079188,source_on_episode_0,9860ba44bc493867b2fcbc714e70d969bee501cebf580db900509ebc2f11ca45
232,733528336317578,733528344190988,733528788090975,source_on_episode_0,f65b97bb7d14676470ff14998e7fb84160d8d7b33576383409753615beb662a9
233,733528794312072,733528802393355,733529246098323,source_on_episode_0,586ef787444fdb86627bd862018b83265f8cff36760155b18604477da1f902c5
234,733529330304825,733529338249189,733529782192567,source_on_episode_0,d8df6f3677533eaaf2d85e628a630c87a0617d86e848d8e082affc8a7dc8224c
235,733529791792194,733529799312374,733530243150641,source_on_episode_0,ab025c0fd9d3a6b50b91e01aa40853e51c9cb5b88ccec4b8756a85344a49de3e
236,733530248219616,733530256190112,733530700121025,source_on_episode_0,830744a2813cfea24496a26e66c6e39a34920f392cacbacee1605933327882de
237,733530706763060,733530714254337,733531158168890,source_on_episode_0,950ef397d9ed36653827392a51d32259f606efdee5b87d8a3fb92f478dfbe509
238,733531165436067,733531173291066,733531617106904,source_on_episode_0,d2801753df762849610469a3d6d10e9ca6c05865ac6d219512394ff6a4be6d60
239,733531624321152,733531632236675,733532076116343,source_on_episode_0,115f271c3f428d4cf038958ad3fafbea7f6a160abcb50302e08639b2dc202a3e
240,733532084440973,733532092336619,733532536081873,source_on_episode_0,fed2113fed35fdbfddc89be5c18c48426e1242ea41340fbe4cbdd728b52b34f1
241,733532543632071,733532551310300,733532995067139,source_on_episode_0,7c1cba21ddf583d3c14a9342da09576f5fbf8479c65a68e7901301ae9d951ffa
242,733533000237524,733533009129809,733533452083639,source_on_episode_0,6d30609a2a3c42702630511f9ab80473dbea99f4819170fb3a393b675d6ab1e5
243,733533458853253,733533466329182,733533910168638,source_on_episode_0,0653b2eacbba68116b2f51d7d12440b22e4426bf832aaa629c846892b11d5a77
244,733533918971315,733533926287454,733534370088101,source_on_episode_0,d15a0cd9beaa53487a60a8976a0e8979cb6c6c04fb27d15f49c3121276fdf47a
245,733534384910717,733534392411993,733534836071493,source_on_episode_0,7d1336f8f0ebb7934807aca60c2d7614a3e7ec8eea4570c93ff946f743fc6e0e
246,733534841892629,733534849243383,733535293121094,source_on_episode_0,9330368020adcb1bf4ae1b8033a97cfee1d64ebfd57bf1a8ed04f11eeb41258e
247,733535297874167,733535305210364,733535749290313,source_on_episode_0,73d0de43dbeac667e58ca4b37498ec48782edca4ee4b4d048157d269d539f326
248,733535757699042,733535765348025,733536209116841,source_on_episode_0,2e5355a2732f90905185d539175667387d2062e0b967fb9c58769e653e7dfb0e
249,733536215303152,733536223304357,733536667105935,source_on_episode_0,1ea07b1fbcf63e79072dd1ef00f69e29d8c51c87f92d40533e2db362679ce1f9
250,733536674938293,733536682243141,733537126105984,source_on_episode_0,e9393c0d144e80eaa95235f475c5f9ab0bd504949d99b7a883e876d2be5196b2
251,733537132867845,733537140192711,733537584151803,source_on_episode_0,f281c8c6578b67267c62291a455fe8d1b566f0b31e083ddf0ac762e440a52bfc
252,733537590783270,733537598217702,733538042134196,source_on_episode_0,7315265208d6c2cffda379369b927c4e3439cd653a15763729cbd5a2d8b34666
253,733538051651654,733538059290429,733538503106333,source_on_episode_0,ef1d5a1077aece6535c1e4801f340267841a9ccb7710052133b02b5d7b857cd9
254,733538510990899,733538519191698,733538963061466,source_on_episode_0,33308c4fa40ab084abcef16b371b317accc4855fce0a3b237cc273389626ed02
255,733538967376929,733538975215139,733539419077989,source_on_episode_0,fcaa36d516c1391e99e638d251624020b369993a901519ddbb975f67da88444f
256,733539460820452,733539468236038,733539912186519,source_on_episode_0,795cc136d1fb97179e1e5e06dbc29a0a5e7ce34f7e557c5bc577fa8944138d8a
257,733539925621164,733539933149332,733540377138529,source_on_episode_0,12c9fac772f1450ef0a827861677a2a34018b6449c1fa4e2bfd6c1edae362d41
258,733540389092187,733540397192478,733540841083468,source_on_episode_0,82388d5bd11e34d407bee07a52a4a5433544932645ae8d69c78f9d7efe36a2df
259,733540848236072,733540856199286,733541300103904,source_on_episode_0,2a95d7914f2ea852882673bb5c4c0c02b242ddf40d91f6c121cb039ee36e2360
260,733541307338302,733541315080712,733541759126083,source_on_episode_0,c75282a000ecacc18c668275b62598eecf73f8780f4d8b07bacd7d61a597bf9a
261,733541764904369,733541775235765,733542217130743,source_on_episode_0,6ea0da1b27156f46137ccd57f77488189e4c3c822484e91e53fc4da1205acad4
262,733542222982918,733542238655131,733542675193834,source_on_episode_0,046f150d32d64b49087296ab148be797ebbf843e83cf41077a7ce8e50e86b1f3
263,733542681916472,733542690029357,733543134120625,source_on_episode_0,b9bee79db1ebb10a60d26e21abd92140131e779d12096b5e7034aa5db7a9c308
264,733543142637999,733543150097338,733543594144783,source_on_episode_0,3a71a9786f0da2705c0d926fc26343e9422aefe764a5423efa3f73f1be22e7fe
265,733543600756614,733543610146955,733544052200502,source_on_episode_0,ab5d6628ba9a7f6a8910c11f41dde6e5bef6f2cf037256b75444fbf53550b44f
266,733544057840620,733544066128774,733544510166810,source_on_episode_0,eb2f1d4b427cb1a169a572037a43ed18168a90dd508e5783691cd01e92dca2aa
267,733544580294254,733544588329273,733545032064125,source_on_episode_0,0cada251c7f5eee2dfdd102979d7837dc38b40c6f08001c2d61556ca8bcf511f
268,733545035974028,733545043930730,733545488069616,source_on_episode_0,4a2d83acb3571ca8dc2399ecf30e300dcad1cfcde6f82f29092fc97b7dd0d1e8
269,733545494804197,733545503043129,733545947106147,source_on_episode_0,8d572ff485121e204552f0a4fe32433ef1ee42751e3329a05d3a33be80d36cfa
270,733545952811838,733545960958277,733546405167464,source_on_episode_0,8b7ce7ee43501c084652e8fbaa8c29c61d9039f9d8d5b9e8ac568e287e44d59c
271,733546411108246,733546418918114,733546864725804,source_on_episode_0,395f5c0f769ce8c58050b04fbc9c87a2500b777a492ea628228ac733684d8100
272,733546874974867,733546883386844,733547327177114,source_on_episode_0,9a33c1abd3180b9b1ccaca1ca5d0b722acddc4fa57d03ba0a413a8d1ea9c6393
273,733547339181669,733547348129381,733547791113587,source_on_episode_0,bb0447a27d23a8af7237979e9db92dce521a395e620025c6f057f549b06cb5cb
274,733547797367647,733547804946783,733548249279288,source_on_episode_0,31a7a8c1adcc4bdc2c48647ded381d6f45516c6936937c8bc1d93de0615c41cd
275,733548255096249,733548265126822,733548707059116,source_on_episode_0,a14c08306052e1cdc176b40ff69d5fa3ab85661c4818879d12081263d9583a37
276,733548713996758,733548722041186,733549166090030,source_on_episode_0,3532285bde32250d93c9ac283e9f499d0ad289988f230916408f1a39d1c30496
277,733549172110542,733549180273182,733549624300355,source_on_episode_0,aed61b169f6c10a8e8582f9936b63dc9046f37f5a1cb3ef9df342795edaa97a1
278,733549639969565,733549648206905,733550091174552,source_on_episode_0,139e007ecc24cd80e927509d5f96692454d34abd9a763d99cfca962f67f46f93
279,733550097598741,733550104267810,733550548114283,source_on_episode_0,31a05e7ab414115f3f97625413efb16ec38e0617f87da25c0aa91192962e027b
280,733550553503481,733550560286904,733551004141105,source_on_episode_0,f309ff9a9c4a1d256c430d192c3900f8946322f43018e45a47b6dd6073676000
281,733551016691355,733551024171054,733551468144284,source_on_episode_0,26503cd8d4013a8e1c6179d7e01f0fe53322f4c5940d9e7807a89f2182589aed
282,733551477466329,733551484219446,733551929366723,source_on_episode_0,ecbd4af248727284702acc5369a73b1f29d307fc70dfef31ae9222fcd5de25d1
283,733551934853213,733551942877414,733552386240218,source_on_episode_0,998f26a7479456f2f920ba3499c0ca06f810804100a8b1859d0272d1408ca76a
284,733552399817305,733552409460733,733552851142400,source_on_episode_0,9fd28a4a925afdc8672894e18271a05feec60e69ea33e482f24b6ac1aa34cfcb
285,733552855275162,733552862269140,733553306213093,source_on_episode_0,7ec713b8c1f710f0008af495f0c67bb59d29c0827b67969d88980e43f27b8eeb
286,733553311069131,733553318281730,733553762198931,source_on_episode_0,16627e57b3c1090ede03b59dd34d1216a833d186b6aec667dcecaacf55f84881
287,733553767079987,733553774266647,733554218148081,source_on_episode_0,554541748950bfe3ee79095cb48fbda0b6a1183649656e48c7dbbedb690b19fe
288,733554223085913,733554230224754,733554674183444,source_on_episode_0,be9f675a1fb70a7c8d03a88d230be42b6b603653b8605bacdd7bc4fe2eb7c85c
289,733554685151827,733554692215457,733555136429045,source_on_episode_0,7a36297be28add9c59e9b258fcef3f9f898ae2556e0d0d607ceab237b0daadff
290,733555144873945,733555153301533,733555596178213,source_on_episode_0,09273968b6837536cb7189cd276a3fe7c71df22add6e9b1fd710cc2b059f288a
291,733555607854084,733555617263594,733556059148826,source_on_episode_0,88be01c8c42f6a85ac2d5aa637befe898ede1bc00ad2668d448dcb12a16b84cf
292,733556064034750,733556071481228,733556515124365,source_on_episode_0,43a4eb2b6b0cb6f0cb6bbefdffff3306b637809af7dd0335e3bef2014c611f90
293,733556524043425,733556531274228,733556975178287,source_on_episode_0,cb6a0da20b6c74c220ee423b73e740e4062de6b4c280364cc08d0e0a64b9f316
294,733556993021807,733557000234527,733557444159580,source_on_episode_0,e8da4d79676c9cb950f802abf509c749d474d695b5ca9107b09f60444911b8ef
295,733557458167166,733557465263367,733557909151407,source_on_episode_0,f8bb250eb788d4e3fac7de1f27c30fccdcb9169d176adfdcff85edb2171429a4
296,733557921857100,733557929387135,733558373149042,source_on_episode_0,97aecedfd7f3329ef35f66bf38149da584b75082a524e9a47e6a162d2fc0d4eb
297,733558401983691,733558409206209,733558853147349,source_on_episode_0,b4ee5c3042ff430b789f568af67fb052859429f646e1cadc83b82431d0b00968
298,733558875460294,733558883215171,733559329836391,source_on_episode_0,21978894ee01bc3cb5363710ac777bed6aa705bfa3ad3d094f108f82caade60c
299,733559345979553,733559353236076,733559797728109,source_on_episode_0,c199004b683f5e5858e5e930e5bd6365b788ed139bd0575d9aabfa3e27a17aa3
300,733559808346598,733559816802230,733560260113019,source_on_episode_0,8aa4eab731a680b254e9fbea8b4dacd3515616bf5f83cf6099706d0aa5219d2b
301,733560265016868,733560272247321,733560716103353,source_on_episode_0,c84d27cfb461ea077e0c5aedf7665513f9124c9e434b2f530ba2d20d82f874dc
302,733560723623780,733560731302905,733561175129862,control_transition_guard_excluded,642318e00f444c7d7d795aa5282a7b2007125953863afd1dbe8a56277422f4fb
303,733561182411692,733561190537836,733561634122638,control_transition_guard_excluded,e276c031cd43729aa472fc73dc7a7c5ad525b3008bb81e24923653b45268c1ad
304,733561639256619,733561650266753,733562090114105,control_transition_guard_excluded,ef5a683d60dc71924fef457b4ff7b35d3e69b86f74224eaaf33cff0645866f15
305,733562096034231,733562103260777,733562547131064,control_transition_guard_excluded,bf8309d5801d355ef020de889b7138b54761828d2ea0bc93e46cf8842feecefb
306,733562558759758,733562566295906,733563010168650,control_transition_guard_excluded,b60b42cd8b074de79844f56f6caa8f341d320fe04be1d0b9a7c5c400aea634a5
307,733563015542791,733563023265759,733563467110166,source_off_after_episode_0,a8914b5c6b2e578ef8b149fb4c8688a8802d2751ca891eb9efd61cdc1e1d760a
308,733563473280812,733563481319131,733563925137143,source_off_after_episode_0,67323137d8eb2e654ddfcd76566d0f419f96b552b37a94bbdc6931f9a08420d9
309,733563930367996,733563938245223,733564382523092,source_off_after_episode_0,d28bdecdbb4524e357dfc25026b8146876df37a79f61b349647e210d616512d3
310,733564396486356,733564404277242,733564848249724,source_off_after_episode_0,b5c91298cb898cf34e3fe07eff79e5d06ad3501535ac457375dcd088a7501e5c
311,733564858956991,733564866355510,733565310131206,source_off_after_episode_0,679306dcdbfe6b2a32cad2aec830c033105a2290e81dd100b82faa628d07d780
312,733565326009323,733565334671263,733565777117252,source_off_after_episode_0,cea2c9aea37d8ec76becc6f27f81b540e96be80eea4542655917292ffe2cd766
313,733565786830203,733565795226525,733566238175478,source_off_after_episode_0,e8f8b503778fd25b80dffb3f53b8b79fd4b5ddbdc291cbc462ce029338ce5e68
314,733566280404240,733566288392587,733566732244404,source_off_after_episode_0,99f1c242ea67fc4ab3dffbe1ee41060c0d9d55313d841c02872c0f5dbc1d387b
315,733566740765179,733566749089004,733567192135611,source_off_after_episode_0,2b71cc83d8c8909551ac489bf1e0c2036b1188f9a32c173c4bebaafb217cb2be
316,733567203667996,733567211327215,733567655577109,source_off_after_episode_0,45797ff89b78d34e3c2d08a4fd62d1b0dee844752928cd1ec2b0982b98131e29
317,733567663153162,733567674868461,733568115862597,source_off_after_episode_0,c43a8a96b9a63f18c0b0ab3388c7fbd6380cf7801465a4bad7fa57ef251f7649
318,733568120686196,733568128415777,733568572128081,source_off_after_episode_0,044f975d78847086c863c7aa6c35aa5bca5a6845e7b5e049e0df65f589474aae
319,733568576805797,733568586023430,733569028101640,source_off_after_episode_0,ebc21c948f18eadb24562aa83c3e3e45e9c09b520c4fea8ddc18e94b528a2373
320,733569033309170,733569041373409,733569485082205,source_off_after_episode_0,b9ac7047c4844ac99979f180dbddac891198d8cfdd07294da4dc5f98c0766c08
321,733569490107724,733569498323698,733569942260425,source_off_after_episode_0,56ef1197c65f3631df1f1d8d67faf9f7f3ab15128d42ad7b4b642281b6c6e4ed
322,733569955494574,733569963301150,733570407163192,source_off_after_episode_0,837db3721e476cfa03db2682241cbb4142277e3399c017e6a4bcb82314fff30c
323,733570426415331,733570434234280,733570878146883,source_off_after_episode_0,03c1f29b8fa4181a7dd36c96911471db6f0245a8d7fca8fd40116eb16db8ad7d
324,733570884080596,733570892444157,733571336146318,source_off_after_episode_0,32fb23e90bb22622fa82582d4cbcdee5708c4e8c8e2620582ad00d0203e1667e
325,733571343459198,733571351273268,733571795107033,source_off_after_episode_0,aa863cc24a53533d2e26674d481ca500c3ed3ef9482075296c52ecd41088e2ad
326,733571804229859,733571812246780,733572256117305,source_off_after_episode_0,d873269da4c0cbffdb5396fc6b126eab11b11ce0e7d3c810d7186e9b308b45fa
327,733572264269751,733572272560075,733572716196079,source_off_after_episode_0,7489b72a6c9c2ece53bbcf83e14a4fcafbcc057255d611ea8b0ef04978324efb
328,733572721806355,733572729174188,733573173093815,source_off_after_episode_0,fb6b3322cd199d94eae27acc750e3f76424d8e9ca7f92a4f19427c99898b6210
329,733573179667919,733573187151580,733573632118391,source_off_after_episode_0,25ea7be51e399f635b1e231b6612c4998827b2623f318711a420bc8930c1b4f1
330,733573640372858,733573649421866,733574092089213,source_off_after_episode_0,1bcbb184831ee820bdab96d89c61569d7a1a3a15a284f9f64ab6557b74939328
331,733574095833839,733574103214226,733574547167324,source_off_after_episode_0,2f1e691a98338aaf53628ad0d6aed4241739dfcba426e5e883d25b4a11ba27aa
332,733574552890672,733574561154807,733575005126553,source_off_after_episode_0,c821dc6b82afa7bba188d4e4e65072bd325921ef981f26de1286a338a98932d5
333,733575011493829,733575019092806,733575463133868,source_off_after_episode_0,11976aecd6c17b356337597e74be2fbca14f0ab5bdaeddeb6bd45a242fdf0ce6
334,733575477702632,733575486958569,733575929102745,source_off_after_episode_0,f21fb936449bc9155ecaafe105e9f41245d6d1f76d33678c487937207ded1dbe
335,733575947620569,733575955274961,733576399154007,source_off_after_episode_0,a2f949e961c275691cc6ba2b130fffecbb876904657e4a3881204ae823360f45
336,733576408878853,733576420123271,733576861151554,source_off_after_episode_0,39fb8ed791b72273687f69312491452e44b31d43ad1aa3cf61c20b507f6d9de8
337,733576867013142,733576875043218,733577319132077,source_off_after_episode_0,6bd0c2387874a68b8db6eb0dd4bd3792a90bbd4e9b0eacb80fac809df64cc971
338,733577324448091,733577332091662,733577776096601,source_off_after_episode_0,026570f2f89fe02cba2e5888474a937d57d3e36a20a27ac0f680aedb7557703d
339,733577782050552,733577790062194,733578234221904,source_off_after_episode_0,fc7ebba96db15be60f6989d0e83ede3aa422e9f0b21da497bea35761f7c4898e
340,733578251879114,733578260249650,733578704104778,source_off_after_episode_0,a480907dfc79db89621d423a8b2d825065853766a0435e27f999707e51b8541f
341,733578708937125,733578717432354,733579161517474,source_off_after_episode_0,fe02d9af046e3c0fb4b847cc565345ccdf6f5e2425439c18bf7bfce14b6b13f7
342,733579167772560,733579175957187,733579620120833,source_off_after_episode_0,7176bdaab11016d4886a7c3289a0f7f7172623a3031d8172d0f59ce13af87a8c
343,733579626909471,733579635050265,733580079104287,source_off_after_episode_0,2114d30ce52259abe75395f832fec4d073130fb10368d96d36bdcae8d2df9e48
344,733580086491698,733580093960221,733580538119077,source_off_after_episode_0,b3bbf7a028b77f257f2e44afc07ec80147bc94e5409e25d92e23697d1648c619
345,733580544415000,733580552225776,733580996167236,control_transition_guard_excluded,ce45fff47eb7c6d310ec308fc09123352bf08fa4be8630ad406173955dc639ba
346,733581002601048,733581009920672,733581454107008,control_transition_guard_excluded,b5004b8a6b5bd59895280be80386287fac0dcaa834e6367504ecfdad1df9faa6
347,733581458602763,733581465914693,733581910200991,control_transition_guard_excluded,ba44e52a1c5623b7715557e134e2bedf19e2ce15b570139afd4b6e8ed8e3a7ef
348,733581926988631,733581934919031,733582379131464,control_transition_guard_excluded,8c17e3469aad07538503e65e90d26a3f9ba7231db59546f3c0d72fbe3e73bb07
349,733582382978743,733582390217355,733582834182070,control_transition_guard_excluded,81457070b507e56f312b3399b5d542d137a95f062b80de7c2eeac5eae99e4ce8
350,733582840382855,733582847458091,733583291182807,control_transition_guard_excluded,5edce89934b60bcccf5362ecb7e45d7ecd8616a1501f3c5fabcdc96cc5b015e0
351,733583298066243,733583305268477,733583749209658,source_on_episode_1,b9f6e5e89a322c84d5957147f5bf4b0e67ac4ac73d74b7deea04f3a9c3b1f0c1
352,733583759950913,733583767234470,733584211199535,source_on_episode_1,593262ae99109c34615b4be37e93229e3bf07dc460a944ff191f6b224d3ec14b
353,733584217424947,733584224272786,733584668186796,source_on_episode_1,8d9cb203ac9d263c70e9540a460ad5b59d36d9149ea5447eabd539545ccc9a1a
354,733584673562052,733584680376679,733585124171796,source_on_episode_1,953489f37c9173aee46187c73b10fef4e8f31bb03a6e2127b2e742e00ae744dc
355,733585127623623,733585135202875,733585579212342,source_on_episode_1,a38b755f15fb63780a0edb2c30acfc77c4dfe15ea75d917b1d54271e457816f9
356,733585583610655,733585591257044,733586035783012,source_on_episode_1,4b963153ea7b2c7db168e51274c71d9cc761e4d8b4a2f44340bd02634957769f
357,733586044470443,733586051305499,733586495258588,source_on_episode_1,bf238c0d48c100a267d41e82250a41827c5da456047a45fd67cc0a727b3c7376
358,733586504886726,733586512281161,733586956210710,source_on_episode_1,8f96fdd135d7257390ff8f95647499f2a016cb0bfe2f1e17ec99e7c7d5c075e3
359,733586961686535,733586969612899,733587413202705,source_on_episode_1,9b17daf83f661e7c4b3ddc181e430c3a14feff06c523561830427fcb7ddf8eb3
360,733587421582099,733587430389606,733587873183004,source_on_episode_1,6e2e84b93e5a64650e85ef63853dbeb9d6420a3e390551c71e3c980a6230eee2
361,733587887446179,733587896986221,733588338141797,source_on_episode_1,1fe52944802246c12afaa6801413438fe1a0430cf5c2b46d8d8c30001c20235a
362,733588341173877,733588348296653,733588792153285,source_on_episode_1,0c95774fbaec3cb36884e7cb7d15397e9c5db9ff9f3b43b56dfa6730f498f5e9
363,733588795095927,733588802996603,733589246177258,source_on_episode_1,dde7331893d52d000ba573363ac94907a3d73779f5755ca5ef2f8d8fa8e464e9
364,733589251667681,733589259282420,733589703276450,source_on_episode_1,bb2b91cb2b7340161ff4a94ea77e81615374d330b16bd07841cf98ea8bdf317a
365,733589709768433,733589717289427,733590161248140,source_on_episode_1,8dac4f28c0c66ba16402f2477e55dd86a2da47c12b654a9f671fa2a58ef374c3
366,733590190458926,733590198330998,733590642192790,source_on_episode_1,591e9b7e57d8a7c160a880a0ddee0c1cb147894f0a46e1a34005908e182a0b06
367,733590648917920,733590656312537,733591100128473,source_on_episode_1,473b1a4e8f80851e521fbb4aa602e50c40569510133a3387e923deb665a41edb
368,733591103777190,733591111320746,733591555217291,source_on_episode_1,d44767fe0fd1d63825787704af6a93fd899be806876eb9868f5d8620d4446344
369,733591561194137,733591568271789,733592012158238,source_on_episode_1,aa0f86760fc6b86691808e56960508c38cabfe7cb4f9cc2e0203ebac386f77b7
370,733592019683570,733592027320491,733592471754052,source_on_episode_1,36c575d6dc995f6871049596f7b2d89fc449122ee7ba9a684fb23d74f1465531
371,733592476947338,733592484285900,733592928321638,source_on_episode_1,0fae5f4a492e9ea84e3f56d00910b499d2433a175ce013560a59b645606aaa03
372,733592943347346,733592951242342,733593394489314,source_on_episode_1,5e048484a3bb00d2c549967bba98264c6d30cbf356a721302d5db449851e81ac
373,733593399632376,733593407353977,733593851272325,source_on_episode_1,98de79b72b0f82fd471141c82ab08f6b6aeb23173a95959c1e493dc27c4ecb9c
374,733593859929060,733593867348334,733594311136209,source_on_episode_1,6856330a2501afb13b04ee2e3cedb95f74ee6a30f6b209f8e5da0ef4268a31d8
375,733594314205850,733594321277411,733594765157748,source_on_episode_1,1b58a670ae6abdcf8a67a99831d3e7c626bc310fe158589791348eeaf35387ce
376,733594768345981,733594775278411,733595219159800,source_on_episode_1,377ceb2f4738f3622245db73b63fa2fe6c4899223cd08d55634494a1cb1b169a
377,733595223891119,733595231321814,733595675188135,source_on_episode_1,fdbae0399ce63d5df450a55f2d42b5af81feaa662da91ea1df8045effd42975d
378,733595679845736,733595687344439,733596131168159,source_on_episode_1,931a6d6975fa9d838c2e1bfbcd58b7eae3a1bd65cb4acf8dcfad787af29f0b49
379,733596134499822,733596142295482,733596586485538,source_on_episode_1,7d18b4f01571b6cc1d555a18747ccb9781457960581fd5b4d9cde8063ffba4de
380,733596595039311,733596602425543,733597046419513,source_on_episode_1,0969ac6855b7f595f34c060431944b4d0c107488a319b9d73a7d9a70e92281cc
381,733597054410379,733597063354475,733597506355227,source_on_episode_1,45942018ae60a4cd523978e4953897c9b3cbed8d24508a79292df039e618bcf4
382,733597518386437,733597526611373,733597970453047,source_on_episode_1,d314864ad3627a1ff4d0c5c72717909ade1e9a04443bfd8214ee916b8af83004
383,733597979186647,733597986358357,733598430158277,source_on_episode_1,580d97724e60ec1b7bcbab6eea8f13e6c4d0956a55b3c5b9569a778604ee93d4
384,733598433539022,733598441376972,733598885150438,source_on_episode_1,316b22d2e863b662c96c3265b99e672b5fb045e823278aa06705c48a3f9eb3ef
385,733598890822754,733598898377462,733599342162783,source_on_episode_1,6e3a46c2035207eeaca034a4653647b281403e443a08ddbc56c9b6631b9ceffd
386,733599345939992,733599353328949,733599797567909,source_on_episode_1,341f1f8ea1aef90c822ebfee008c5b473a506cb3d50382b7ccebafeab1075d3f
387,733599810416413,733599818420475,733600262243865,source_on_episode_1,43e2df7aac9e12a2f4319fc2af228425634e58e90b58de2fce372b3825a1360a
388,733600276928345,733600284468176,733600734488305,source_on_episode_1,cb5224da8c6a090673df2e62157687dd5ebd0fbe7df20c93140ec2ab7392a24e
389,733600746628440,733600755476927,733601198140820,source_on_episode_1,a4afdac94386f11d8d056326cf099e6d58362350a514a1359dfeb24b0f4008f6
390,733601202303813,733601210359201,733601654240940,source_on_episode_1,f66044d81981ef9af588dafbc8960a2ccdebfdd09c0d915bf10bf959afb1f73b
391,733601661465559,733601669535916,733602113191500,source_on_episode_1,951df5e9211cf5d6b3204381cc0e099a59d1126102e32759c092a2bb525bbecd
392,733602119152578,733602127580937,733602571165175,source_on_episode_1,8de445cac4668dbfc52e09cad1084c9ab4001d41c53324a868f9277b43c0b158
393,733602577618126,733602585263866,733603029212630,source_on_episode_1,3e6687ba3708328fed5a6d4be8703494076d19f947e68123001b7e01a943c22b
394,733603033872897,733603041255984,733603485182863,source_on_episode_1,758752b946ed67569e4a653ac24a746469702164a3beb12c0197ca5161c28dd6
395,733603491666652,733603499252009,733603943181988,source_on_episode_1,6528d1c57083aabe7d88b49d998d13b4a198dc7ecb3c7af30d3a738ffa17a7df
396,733603976040349,733603983285056,733604427236159,source_on_episode_1,8e1ed5a42805e67a649483ad672dd448ebfab16645fe6f3166c77f4d98d01c43
397,733604440817991,733604448550344,733604892154641,source_on_episode_1,4aab3d12aef06715a17ac08842584741b1b06f2e39455dbe00096919716dba8c
398,733604896190856,733604904274178,733605348173362,source_on_episode_1,13d400b9d420fbbed8b10135d0246ad23f701dd028c3da6488a7b43ca72851ab
399,733605352791990,733605360219351,733605804140953,source_on_episode_1,a0e6223ae09c198e1d3767fa99250918113b8fa70b7e466836a46dce2e86ba7d
400,733605808178942,733605816175161,733606260205558,source_on_episode_1,a0ce638032d07c8f834b1d2e6fd221cdc37b98085f8db66287323f693e39f6cc
401,733606266721027,733606274229470,733606718185497,source_on_episode_1,c032eb42901f46c69d9186085f976ff926001e9b90ad8018e34a8f962de233fd
402,733606729207034,733606737267763,733607181162115,source_on_episode_1,ff95d4cfd6db0eb750f30d2114dd1b67bec375437936e91f1beea12f993b9990
403,733607197463922,733607206731106,733607651844234,source_on_episode_1,106cc15692966fe975360fb21a19bffbeaeee6cb755242736c8fbf2f8314efef
404,733607670639001,733607678170468,733608122201014,source_on_episode_1,3befe647b51b18c70c19e3048d6df27a567eb611a45ef1f59e85e61740449a6b
405,733608129753500,733608137128262,733608581199923,source_on_episode_1,4a7a36ddc3c3a902593e3685f4543706d60f827f5afd2568283808ab63072176
406,733608587759526,733608595093642,733609039174422,source_on_episode_1,5fb95b5f1beb23b6db2b0f1fac1267e9f2aa3e65045c19b19254f9a36a495b7a
407,733609044168636,733609052205752,733609496181912,source_on_episode_1,8cceecc011cca36b055be01879a9195761835e4f38165ccd45dc5f2c2d5b5183
408,733609500949521,733609509110820,733609953238979,source_on_episode_1,fe450df4c0963f1faab3bc2fbe859d64fa3ce235ae8ab52d9edcd502290895c3
409,733609959806747,733609967330408,733610411238729,source_on_episode_1,c23af5074bf7b670ad550a67f5a715ef76698ce067341dac8141f8d8dc3d12f0
410,733610426834022,733610435293721,733610879170378,source_on_episode_1,2fc00ce840aac56ffa0fab2579f1521c9e1120d9a55d61f2502af43a06f05e64
411,733610888561816,733610896050873,733611340165749,source_on_episode_1,c0e31a9272ef1f983663378e1e65017dc0e11aefd467c545b69f9618ad982d07
412,733611352162047,733611360059531,733611804187749,source_on_episode_1,80ba451106700167930dbe5f45d09373988804b4e4633c8e5a7a006fac5b77b7
413,733611816815512,733611824088323,733612269151488,source_on_episode_1,5ae299faabf1857b9eaeca8514abb7927de232607a53b95d738e216f99536712
414,733612291919215,733612301953019,733612744189586,source_on_episode_1,e7b3d288d216a5fe76bfd4a8d36ce93b5df0d5b7fbc13336a517b88612154ff0
415,733612753664211,733612761276490,733613205194123,source_on_episode_1,8a52625e5e4230c8bc0b293ef0da8e8cc739933e1f1d1704627c5157e5c494a0
416,733613210498820,733613217996814,733613662170918,source_on_episode_1,63392373d25dfb4fa180ec5c42fff8d2fe4dfa732b77586ff8c3b132b50c664f
417,733613666583310,733613674027594,733614118204463,source_on_episode_1,fd54d9a96f819e2f0cdc3a363543204cf8333c14b64714c4fe332a76c8a2fa59
418,733614124412336,733614132028422,733614578216584,source_on_episode_1,a1d32ceeaddba1dc70615eb646acac9ac6206df7c813ad948a9f6f8bcd5910c9
419,733614586359209,733614595130033,733615038232404,source_on_episode_1,3377af482c9bd965ba0360019d6688ee27e83a346cd75b20437fa345267cfb3d
420,733615044926159,733615053102377,733615496282701,source_on_episode_1,b65dbe935c31cc07292f9cb9fe149ac59b3d9d3e5ae8116006342dcacc8a7d2b
421,733615501031705,733615509061087,733615952361961,source_on_episode_1,9b5d81519f62b9ac4f97892cd842d120b4b8bfdaa1231ad65f70d5e98f795948
422,733615961239746,733615968314326,733616414642948,source_on_episode_1,28b4d5cca6482b2686431783b6d7788531c875ec77a2e0e5dfe1ab6c64f1421b
423,733616419185645,733616426243764,733616870272223,source_on_episode_1,a468ee07d12c66d6b98cd016f762f555cefb02cad368897fab7ce09f4d60a06c
424,733616874428636,733616881300806,733617325261230,source_on_episode_1,7006bcbcd2cd289635404960d3bb9f8cbcaa7ae14e4d11d41cb84e4ebc3ffcdc
425,733617331592034,733617338319693,733617782236181,source_on_episode_1,83582bdaf2331b5cd54a24f18c5f2f0adac8c8b4ebc3ed8ac429cff0517e5eda
426,733617788974671,733617796323225,733618242139921,source_on_episode_1,713a6f634d8614438088bd283a89d9ac83bb0042e914121be1dc85618d00fa9e
427,733618253044992,733618261150077,733618704273216,source_on_episode_1,18b85191cc128c693acdcc76a50e31e8954e922cf1393a89734d684b04ab4310
428,733618709901281,733618717322372,733619162117569,source_on_episode_1,b9621ba10b7a360d9c2515caf4bc6a36238c2ce758628756760f789a9954e6d1
429,733619173519432,733619180559708,733619624268756,source_on_episode_1,9bf41b12abd27befda8ca6678a8dc48c34ccf337613324b61211e105a8674aca
430,733619631810684,733619639346029,733620083281823,source_on_episode_1,3f2b35eae771f1a120d2f7f40e8c0dc6117d9e4c10e5ae23f9407454f31c53e6
431,733620090296341,733620097366162,733620541239426,source_on_episode_1,b913564cb093733d2fdba47c53ac78ad8cece8c7cede91005265470b7695425a
432,733620546840871,733620554367490,733620998227972,source_on_episode_1,7e4833772afe2882aef08f86f0180d46c03fb2bf3ab39a09bb56be63adcc4241
433,733621003224582,733621010389893,733621454233759,source_on_episode_1,70a23e9a2bb27de7e88424177a26e31b81c270c7818638d320e44439d45fe3e1
434,733621465683583,733621473394027,733621917235423,source_on_episode_1,3e39d763cb582007fffcf4357db10d44d29518e1db0a9c9696f7a87007b85414
435,733621928917203,733621936431158,733622380318423,source_on_episode_1,b561aea82c470e0fda2129b81aab822b1132fe2b3ea4c3997e7b0436d16e385a
436,733622387770623,733622395363848,733622839288439,source_on_episode_1,7be1b98d905f7ec5f7bbe59a3679cf21a2804570580f825c275eeca8ddf89e3b
437,733622861377176,733622868397194,733623315108819,source_on_episode_1,18b6d768cd434e295ee427d016c34206dd6e32be03768894f87117361349521f
438,733623324439696,733623331371269,733623775237350,source_on_episode_1,4f436bc276df2c90d94e1e66f04bd7052a24240fa1c188136f409d98077dad76
439,733623779044096,733623786411146,733624230276446,source_on_episode_1,fad6524db60daa35c77be80570e6629ed299895894520cd399a65bf1e2ed7802
440,733624236416292,733624243376098,733624687211621,source_on_episode_1,cdc93758034cc165b5e24d82b46b261e48091b4b11079a31897b870b87b42e4c
441,733624691045989,733624698379246,733625142235407,source_on_episode_1,007f93945717d88a6319e5dcf01a5dd1b69a72f84a822a7f94417a73f8a218e2
442,733625145170818,733625152258324,733625596301634,source_on_episode_1,66c2f224a9ff46f673329a456d85bba3b41de5ff1cd3aef56ccaa16f8eaae1de
443,733625602389123,733625610754948,733626053269490,source_on_episode_1,185cda5d40eb2371a857daf96351755c63c9ab9623cfdd0dcee9d4c68aa8357d
444,733626058079140,733626065282553,733626509230953,source_on_episode_1,e39ebd4cd66ee52cbfe780e8da7fd3fbe52b9ee1f212221c24cd42546a1943f8
445,733626514289800,733626521417712,733626965277659,source_on_episode_1,1baed96d75f2f64a84bfdc3599531607eeeab897e258fe0832cb5f7ed13c5bf4
446,733626971119527,733626978382001,733627422228297,source_on_episode_1,88917ed184d1db16e1cf6f241b8c80eac0af4c541fffa9d729a3dd13f80006d0
447,733627426470391,733627434363369,733627878287556,source_on_episode_1,b01a864a58b8dd070497e2ff8a973b5c86dd45846d803d2d1a1b151893ea7bff
448,733627885245700,733627893143697,733628336231026,source_on_episode_1,a5767f09f488fe3f159e061fa6c0255763ac4779ac1b1a5bd2e0b323450f8bc6
449,733628340446029,733628348357562,733628792236764,source_on_episode_1,6c64d1bb2dd3a4a7726560ecd51875da1e8c695439a48eb405aeebe245128b6d
450,733628795870496,733628803391546,733629247217289,source_on_episode_1,d125940283d031e9bd7b33bbc86bf15759966a690e55016d257afc8f44496ecf
451,733629252825979,733629260322994,733629704283287,source_on_episode_1,aadc54f2e20eb2f35c60b148aee9baef050a2713daa3fc908714b860f8943df0
452,733629710687170,733629718428704,733630162195104,source_on_episode_1,f261082fa9b926a88b641dd582c4cff2c272f5d790b7147c8855813726810dfc
453,733630166375522,733630174477393,733630618314624,source_on_episode_1,5ed953610fe1d433846513c70d83adc317a3e98bbe960f2ffbf09c28b6d33f7b
454,733630627614193,733630635455265,733631079210853,source_on_episode_1,53d659683485d6aefded472e2064a54d641cc371daba21a6af2c43607f7565ca
455,733631083980779,733631091433370,733631535230654,source_on_episode_1,98a6dedebb8edb7e4751500249448a4060add6a7e767f8039af7cb7b52841360
456,733631538731327,733631546437795,733631990291627,source_on_episode_1,729c7747817426ee2de2ce2115061875874a0c85549151a7bd292f3c30cd4cfb
457,733631997998367,733632005546869,733632449212703,source_on_episode_1,24744e534e8d51145acfc3c197dceaca96f321e4a72cd9719cec301747b5b25c
458,733632452783126,733632460348320,733632904240854,source_on_episode_1,d6b303167ef312e488dc3e078802d6f92e8d54f0df4b0b52f6c040abdf7bf6c8
459,733632908369826,733632916353886,733633360294845,source_on_episode_1,8ef94f8b70973f275fbb18476d9b3a2451d45bf63c9a8296b789ac0a7f562e54
460,733633365857939,733633373444143,733633817299306,source_on_episode_1,4c0b4155d6316b6e53fd98e8d27e8f3fc3ae815be0213d6854ff30780271734b
461,733633828106166,733633835721273,733634279261667,source_on_episode_1,7db54f7568197c82cb5a1d740afac738ed2d3ff38add8d926596bbc70f86952c
462,733634284523837,733634292455208,733634736245900,source_on_episode_1,f9fa70d9b47b90befa7820c7357094ef4c2edb6962855310e213f7f2f0c5bb5a
463,733634740883577,733634748784130,733635192228732,source_on_episode_1,ea3ae68b434a74d2eb1a96fc90cc9966904384c3eb38a729939a0229bdec76f9
464,733635198019665,733635205418376,733635649245675,source_on_episode_1,0baa354294270b944770fb728eeb8c77443b02f69521ca8818a35ea06f7302c6
465,733635654386938,733635662506754,733636106297514,source_on_episode_1,91685738ce856a2f4c65b6591c9a1fca8bf38b302641266b2c3ddf75293d6f6e
466,733636111129226,733636118307584,733636562220191,source_on_episode_1,51e2b90ae8788bb5a65a4e41f0cd9f887e075d9ea9711acd6c953935535b1402
467,733636565273103,733636573272602,733637017225436,source_on_episode_1,ed1fabb3edeb150f85280b0cd8d9361118ada71a640747b369384a74854bb38a
468,733637019884088,733637027333756,733637471942356,source_on_episode_1,fb06ea93651ef2665a73add68966b4a7da41304aa9e4e21f593e89e48b8bb69f
469,733637478232026,733637486358394,733637930249181,source_on_episode_1,9d1b1c9b9f57835beb5ca432c20aff822bcd0ec9133a4aa8b234119c572afeb0
470,733637938111703,733637946304787,733638390249599,source_on_episode_1,464381f93ff1d34a72c13adbc373f22fe9a4b4ddecce38866a32a551c762f67a
471,733638394332925,733638402396015,733638846214345,source_on_episode_1,56866e9b015ca36fa4e07f4ebf285c7383b7855cb42198680614d134a6be4018
472,733638850200730,733638858272395,733639302247141,source_on_episode_1,759e2a4c039978c82176c1b150ba7ee177f0cadf38bddb42ef778732d56fdff7
473,733639305493476,733639313290706,733639757313780,source_on_episode_1,cd221104f59262f6f681af8af4a6d36b7d0c32b2e939a27a343e5d57e4336f9c
474,733639764288726,733639772607015,733640216643023,source_on_episode_1,79161bd112c38185fce4bdab02fb6ef1497ecf2603c36e3bcbea143b70b80852
475,733640226602804,733640234279969,733640678718802,source_on_episode_1,e6a035480e25bbebf5115d206184f098612c6635a35c56fe163c9a6e2cf8df16
476,733640685901299,733640693314718,733641137302074,source_on_episode_1,3022d578e4df0c3c61b2b323a52773aadeb0abcb223f8e9da7fe4225d048b2b8
477,733641141519032,733641149987112,733641593279020,source_on_episode_1,1fad26c157d8275ccbbb1960fc66c03d940d7b7dd71d1d21d4a62b759163f84a
478,733641598559996,733641606172600,733642050332328,source_on_episode_1,9bb8bde9f381607b7bec82dc52c16ecac6597c67b98bfc0f9be8e5276760d29f
479,733642056098044,733642064182835,733642508218165,source_on_episode_1,6be7536be45a259c0a13db1851bc312df3868d9a1edb0b4da6f4bac54a5abea9
480,733642511472306,733642519157466,733642963221754,source_on_episode_1,de3c7dafbfccbb4e2f7ca4aa4eb98578aadf0f20af1907ef5adebbec4c53aa16
481,733642967484809,733642975138721,733643419303522,source_on_episode_1,82fe3cf7f01e303ce0c3f8ee33d0871188450f31a0e27c7bff02509250a53941
482,733643425457337,733643435889516,733643877202326,source_on_episode_1,382d039cdc712ed2e8053c6d81adf65728d769bf847b7cc1d2e3189f716ca61b
483,733643880742133,733643888438354,733644332951858,source_on_episode_1,3349e204afe130dbc9ab1e3b4ec28fa0f38668ce64f9c0d8f4d14c767e468587
484,733644338438110,733644346111598,733644790233393,source_on_episode_1,57d4aea23fed4b53075411786cbd4a2bf5b2b9cd0a74f4a06f1885e333b4ef93
485,733644793848000,733644800995792,733645245250997,source_on_episode_1,e43a4951509504f98be5fd46806fcae56e2e3ce45714d1d86ad4dd9bca0dfb38
486,733645248613842,733645256121519,733645700286343,source_on_episode_1,a20a72fe6d36c624457bf216828cd67e6a010eea8361680f9b9cb5fd2634a178
487,733645704877414,733645712106589,733646157018806,source_on_episode_1,0452b4e8ea55d3b0f00ca9eb5032d1ed43dcddb312ccc02c027beb64cc10c390
488,733646166512193,733646174115339,733646618369059,source_on_episode_1,647a4a5171b5c53b9e809f8a40081ecc121a62b3b51cf53123e599cf275fb41d
489,733646625440988,733646633131279,733647077220169,source_on_episode_1,3ffa9085e33c5daca8cb2524ec142de3e4fdbdbb6ac40ee54ef732a0ce1e24e7
490,733647080309530,733647088077467,733647532314742,source_on_episode_1,45cf5c16aa6823dac06d911b2be964d063ecdd25ea0b83bb53e5c5b7f611117d
491,733647538643366,733647545382331,733647989355673,source_on_episode_1,0e514cc704b002126340d2571dfeb2d4f08a40dda986282a135050d5e5189a4a
492,733647994892510,733648003443638,733648446651016,source_on_episode_1,b1107eddec53d8393d58105742f3a11aad20da6c5e231b4039fdbb0f91379522
493,733648453828695,733648461460766,733648905341464,source_on_episode_1,03dfb93c4d9218d586a5f6a2b43b329bdf8c80dd52c0b59097613a24ee2f6e97
494,733648910511422,733648917387634,733649361398610,source_on_episode_1,20fac9e43c6a725ff2c586c2280d4ce1463ef73ad812a57345fd7e6ff83419ad
495,733649368262018,733649376122569,733649819326945,source_on_episode_1,91df86bba9fa3a4f6ff316e0ecba150262afd6f19b0ab186b8d96f6ccb3436f3
496,733649823205218,733649830400219,733650274323286,source_on_episode_1,1a502001b5c8ebcc020420fe75c4b3fe33b3c930d6cdec1f0d5f165b4b657402
497,733650277583098,733650284460492,733650728366265,source_on_episode_1,2e8cc6c1e6a82229f3b036e60d9628645df7f3831a829b98a5fdb052291b3c04
498,733650733699820,733650740488108,733651184422754,source_on_episode_1,47da80ba62a9b97c795c0c35157faa646e4782b1bbccd9abb4c2a7492b210381
499,733651188949736,733651196398423,733651640319884,source_on_episode_1,d2a705f290e76abc70e687c56ab1a7e6642344f4664ac4881f7016e04063a51e
500,733651644421757,733651651429887,733652095298068,source_on_episode_1,aa8c4113279b6ddca150ccab91b6bed30ba2002b38840807b0614ed14cc2f702
501,733652098560795,733652105379329,733652549302079,source_on_episode_1,1e3aa8b7bdc8a2665be98b674e56ae89eea0058d7ad26581d2b929a509a6a562
502,733652553299456,733652560443642,733653004324044,source_on_episode_1,b289480fc3b8abaff36b3f14076635bc26ef60d230fa2f047e49c8a00043c54f
503,733653007838534,733653015532904,733653459306100,source_on_episode_1,17d110b9c10e5538704104d35c48f09399956b1c009e7861921cd6c4b6d05000
504,733653463187138,733653470778564,733653914336981,source_on_episode_1,88599ccf07e54b5b1c1fe1865f16cc9e8e24202c36c716b3671ba2ec4bf4755c
505,733653918935005,733653926441502,733654371039294,source_on_episode_1,26618484e23dc68fcbf82e821bd5c59b05ce8f4792e2342de605cfa3e37e8086
506,733654377548949,733654384630197,733654828376475,source_on_episode_1,d5c2a81e95e46836fa73cfe953472ea1f237ad766d34f5a4115c38e302e03176
507,733654833820078,733654841412236,733655285352330,source_on_episode_1,46d51df129e29958de7928167bfa826ea01b45a6a76f2c305e5c5d56a8399b16
508,733655290344955,733655298064332,733655741381684,source_on_episode_1,433a2d20da14e53da432ed8e17d4e6d5065314feec302359234454f5d002ef98
509,733655746607087,733655753489562,733656197376984,source_on_episode_1,e642866359712b316ff8e5da524b4205b77c7f5b3edc61b2a4dcf84f2abf1fa4
510,733656209058742,733656216438401,733656660313199,source_on_episode_1,13f83c62f3c8b73169ef635b0d1af352312712560c2dce7a53d976e69768ed31
511,733656665986683,733656673452163,733657117389368,source_on_episode_1,24d6c9e32ccdf65febb3a2f5ee3d6da193ae540575a98ac518cf6ba11cd9e495
512,733657125622429,733657133573812,733657577333851,source_on_episode_1,350262c2c5fd3d881a19360c5536a93986e2d26c36677824be8638d27e3745c6
513,733657582183889,733657589429597,733658033334570,source_on_episode_1,b9bbcb2c2040756fe6f76eaac73005e108907b974cb8c7d5376dc6927fd893d3
514,733658036183170,733658043493067,733658487339406,source_on_episode_1,49da06ee26ead3d869d44e5b4dd6abd1f2802a9cf2b113d2970853b30dea79b9
515,733658490735434,733658498494125,733658942349112,source_on_episode_1,27384faffbb168af334927f67d948b3cbb9719619c82a7090fb88733c233ea4f
516,733658946995358,733658954502987,733659398338673,source_on_episode_1,031978122998864bb9daf4876c5e8da1a6645e547942604dfb5f7bef939f3257
517,733659403314307,733659410465147,733659854349338,source_on_episode_1,7d266bda193ec008cfb9b511ac59dbb0367645a0d9393571684dd8db9e5437d6
518,733659865551687,733659873511125,733660317345765,source_on_episode_1,f28cdb9d58b3c955c762301e7242c3e34f026cdb30a7b503b7983018aed0c744
519,733660321376014,733660328442245,733660772321466,source_on_episode_1,2f00fde3546d631a3db09ec578a9300814fde2a48ce2ddf685a0f5e41fd810de
520,733660776056481,733660783433285,733661227349125,source_on_episode_1,da3160a6fbe2f467047affcd5b428b1ec6e24330e449ed953fa58ab62d329e89
521,733661232485612,733661241023857,733661684346201,source_on_episode_1,5feebc75256531d35c28cc24b199e98938483351200546a77cea47973074d083
522,733661691119752,733661698482299,733662142384913,source_on_episode_1,96a69095a295417e5cd89753bb63fedc97c09a6fe8fd1984cb1b09dd14c86ab2
523,733662146788343,733662154498934,733662598382099,source_on_episode_1,5874e52093a38abd6762ac673fc085a4a5c152f6565294b9ca07d51be50be6b9
524,733662608158259,733662615694213,733663059379436,source_on_episode_1,658f8c0768d2c78777abba1d82889f6fcde402daeb471ccbd8a6595cc90d399a
525,733663066314852,733663074268009,733663517369863,source_on_episode_1,f8eed1fd8e9070b4abfce1cd29114971f20bad63798d7e4a91c32b5326b114de
526,733663524829994,733663532620876,733663976354871,source_on_episode_1,f516a1a72b232f2dae41e7be502bf0b337bac0f24ddf097e56fe61112e9067e5
527,733663988204726,733663995575670,733664439872556,source_on_episode_1,6a9f45987440645e31755ca33fe252519e56c73fd2322ae3f96ab4d0981bbb6d
528,733664445725178,733664453584789,733664897300538,source_on_episode_1,182210882667d7c7d86fbc44b4f7ca8c7cacbfb70a32d529bfbee1541c226aa2
529,733664901407140,733664908547281,733665352427411,source_on_episode_1,a4f093d534547c60dd75a838c1828a8d80bd8ec942aeb9a9f6568466264ae0bb
530,733665362344096,733665369564116,733665813367879,source_on_episode_1,c99fbad6ecbf7b80cadcbef6c8240d35ea928f51f9622049608bff320816261d
531,733665823432662,733665832717631,733666275344745,source_on_episode_1,c2e8cd4d685b4f79ff8723ab138a1efeda935257b8bf5cc4cc963754d060b404
532,733666279602141,733666287515975,733666731331167,source_on_episode_1,77f806d8c8fa5d7dc8a9ba89f0b365dfc1f49595996108372c97cffdbf802ce0
533,733666738796088,733666746530144,733667190338714,source_on_episode_1,4fe06e56a3cc1418de37e3a986a8d2a44a0fc36dee0b93e0d35eb0055164e044
534,733667193498369,733667202505676,733667645324486,source_on_episode_1,53f9d6644b3c755469e38c2d55e65c8084fe502d81ff0a9fc04576772d909dd6
535,733667649645822,733667657428670,733668101367092,source_on_episode_1,cd5099f52813b651181ee61875a17974b23a14baf6a9df1e355750cadcaf8cbc
536,733668106341536,733668114525767,733668558387673,source_on_episode_1,d9c5cb084eebd3b869c6afd018efb8121b5f321f11eac1f6f1a926033ceca079
537,733668566684727,733668575261335,733669018410424,source_on_episode_1,32890bfb098d923dd4a2b5e23cfaedc138cbc99b3d6a3ddb8f64024380ae3273
538,733669049159969,733669056438329,733669500576130,source_on_episode_1,a13a53abb64fcdb0f23523cac4ba9d359cf2a45638d4ce7cff81e2801d9e16ec
539,733669508235436,733669515555836,733669959445244,source_on_episode_1,8e1abb7d06eac6028db3e585e9d57e95af27d54ecb6ca8d326ebd46102533619
540,733669964260167,733669972430042,733670416368967,source_on_episode_1,2f2c3398a168604f6556f5e1164dc8d1a818b4566ad327574add82e32d74a7d9
541,733670420294611,733670428380668,733670872361387,source_on_episode_1,4430d50d110c27e070a03fe56b11eb7295547ff4053f3539074ccf6e562147a2
542,733670876546257,733670884438430,733671328394154,source_on_episode_1,7029f16be6462f7af8644d4f5e3fbc991d56619df4fe310515d96a447f9ee524
543,733671335295136,733671343875873,733671788053880,source_on_episode_1,045d803ad6a7080f204b0af7ab33ddcd4ffade5ffff29e5f4d99dab7f680e2ea
544,733671793317376,733671801408113,733672245438383,source_on_episode_1,6c8c73d7ba213f2fa991faeca761940ba953dcf98d92eed9d225b8f3e5aa89b9
545,733672254814184,733672262441210,733672706391618,source_on_episode_1,df651eca59bae084df5b55e609dff49948890d20b25e64f60e836aba14f0ab9c
546,733672710499714,733672719363994,733673162430742,source_on_episode_1,0ff9db5fd0eaa1536556641a000b69079ef23acfdc818adbf0e6dac61c980e92
547,733673166627004,733673174367173,733673618414921,source_on_episode_1,bade05351db6efe266f27df3f857e0fe214ab501ec8d9a843d9b3edcfe4c9601
548,733673623561318,733673631238127,733674075417835,source_on_episode_1,0c64831ef21e99f842ec143e9ddbac3227a4c9231991b627ce873278bcbabdd4
549,733674082917462,733674090252409,733674534366379,source_on_episode_1,0675e22ca00f019b46220da17d4176ab355e081d29500404e0c497484816df13
550,733674538578782,733674546346532,733674990415771,source_on_episode_1,850310534de93dc67b7134973bff37ec0cf82523efd44c7bd390044a3dd81c03
551,733674996624122,733675004256849,733675448408867,source_on_episode_1,ebeef2126c3b7c7b1c3dc8a6784464f011d6a5f7290c2e8dd7e39f8734b4469f
552,733675455150300,733675463250996,733675907355810,source_on_episode_1,bc4737b21a8098a388c5c5e4064c59d73593505621a19d792ecf07e589e3c1ee
553,733675915997392,733675924124467,733676367383035,source_on_episode_1,f087892eae96c6199d3b1f6bb16766c14895d6443a390e9826296a320a981ccb
554,733676373258070,733676381274498,733676825370403,source_on_episode_1,43e4704654acd785708d565be20acacac0a184c3d15d3ace3824b3e1636c5e2d
555,733676831769874,733676839206843,733677283464104,source_on_episode_1,242dce906ca0ea495ae7fe3c1580f29ee9693a83cd8cc6a18b2550877c1657c9
556,733677292197188,733677300374167,733677744439193,source_on_episode_1,170a9cc4171d9fdeb7b25286a895fdf578a1759abac7253299c69f00af9e4a15
557,733677750046306,733677758232573,733678203648186,source_on_episode_1,b314cc0b699940305eb5ba81fa291d557b93f14433539e3d1c16b4c5b51f58e5
558,733678211205221,733678219226548,733678663404374,source_on_episode_1,58708f64a0d759adfa96d884dc1db38d2bd89a2824e24a55ddf521097a315f66
559,733678669403253,733678677216329,733679121431826,source_on_episode_1,6347917de150fcaafc19ca01d279ddd531ce973656b1331ecb4eff9dd67bc6fa
560,733679127816168,733679138456636,733679579382841,source_on_episode_1,568be0b9d539e1d36c843508ac69884073fed1a785d8b5214534406ee840c2bf
561,733679588467196,733679596365091,733680040433290,source_on_episode_1,647ce0852f1d8ce7c98bd063c4d1d595d079f19ed4d25e2dfefc98350f57dee2
562,733680051261059,733680059215571,733680502459928,source_on_episode_1,b95632e8584399b9791962c9465e8a91badf54b36ffde8a21e8d7713bfddc234
563,733680506840587,733680513577622,733680957493233,source_on_episode_1,9f6047934e6f64b03bb26bf31d146be9d1112fbc1a42bfbe61a06f1516165f31
564,733680964656839,733680971565627,733681415423263,source_on_episode_1,2217c89a251b9ea66356e104ea215f8b1f7343e3ef1dff801f797c499c7bb7a1
565,733681420070923,733681427541226,733681871444883,source_on_episode_1,a8cb5473e15e247269c9b8d9b50d6cfda78447d719264e82079582fc020fa895
566,733681879466461,733681886571307,733682330471189,source_on_episode_1,fbe392486db9b055db612317503db93ac594b4e0cfa0b072cb17abb292ab45c8
567,733682339746643,733682346652145,733682790536875,source_on_episode_1,98f879196e83ef2347c1a6bfff245cb752774c149c54ffa7b9561ab51bf5dd62
568,733682809463678,733682817175425,733683260508318,source_on_episode_1,eda7820737d9a265ebf1db2a609697ff0caa4fae89552b0b6bd3041101a45412
569,733683278564878,733683286921456,733683729498337,source_on_episode_1,61469c756fc5901a2eb5bacd3034727495e99efbda3745abdaba6557e579b9b8
570,733683738662051,733683745681136,733684189525578,source_on_episode_1,228669a70de466c4ad5e6a078e4c32a8ff766cc3b02681b047e2a5ec632b3e83
571,733684202470255,733684209703513,733684653507798,source_on_episode_1,c0f362406017ad3689597b6d00a152c3219c674ff2ad4d5f75007ead3b5d404e
572,733684660356894,733684667591384,733685111465340,source_on_episode_1,f6c73b4466970c3b2c01d47e166c77e1400214b20991e5baa2d5d955cb8ffc28
573,733685116364433,733685123490179,733685567475521,source_on_episode_1,0a0789430cd3eedd02a45ffca78aaa59de9468bd6c16da64e20688abc470e517
574,733685572728008,733685579941509,733686023494320,source_on_episode_1,ceb47fcc0690677064aeee16715ba7a1b4cc40878e27af7288a576e4dc0972fd
575,733686029523045,733686036738520,733686480508885,source_on_episode_1,08e6d0a91e0044c86578960545fa3488d9b3469680ae015d9befd3f54e0130d9
576,733686488603240,733686495543368,733686939465060,source_on_episode_1,ecdaa7c3823355ac79769ea0b6a1a47129f01ac5db0ca98cafd224aa7bd998b2
577,733686950782400,733686957611770,733687401506475,source_on_episode_1,2adfb11ee7b5d778d83df56f471d55aa66ea2cca6c148e5a2b10b9a1ebd5e483
578,733687407141691,733687414594612,733687858439588,source_on_episode_1,94413f1c6a4b63b99e43929630224893ea80cdbb96cdd98e08f1fdc2a3b66ca0
579,733687861214672,733687869600175,733688312504456,source_on_episode_1,08d2472a9a12d1c2e200ec9d8072eb0d0536a8beaa7f86f352c27af863b3ea28
580,733688317110759,733688324540507,733688768457236,source_on_episode_1,fb5a52c9561076b3e86540029fb7b4ec23c86b7323d1db4c913a37058532905e
581,733688773814240,733688781539232,733689225529009,source_on_episode_1,bc0e23f9ef213e9fc511d823b2d2845a801a25fefbc2b6814b1b4d8c2af83422
582,733689235276040,733689242610348,733689686478916,source_on_episode_1,b1fa615409a342c2d2503a87139fc8b6eaeed70a46f4098fd61229b1ca41de94
583,733689706865394,733689716389957,733690158490874,source_on_episode_1,602288dbe5f30866bb01d0a93797587911c6bdd18623163949742f7ff1d750c7
584,733690190332051,733690197653335,733690641513174,source_on_episode_1,565516de45a80d436ea289c6eeb863625f6fe8c19fb40d65615a49563e84504a
585,733690669532703,733690677463482,733691120513039,source_on_episode_1,d60351fcb8c71056a2dfcec44828d31715c980085957ef971ed120d8b864a4e9
586,733691150833259,733691161633258,733691605491041,source_on_episode_1,03efa46bd5488f63712f6ea9623940e58ea06f91964caec7b8002c5f0ffe9428
587,733691611173937,733691619507273,733692062445699,source_on_episode_1,c438a9ce2dc1d98a53e2b8a3e9a62ec163fb3dd26bbb9b0a5a3b7686bf55c2dc
588,733692073451064,733692080999395,733692524467483,source_on_episode_1,85bb4380c69c2606030b4b66d6c8f4e3c5dc5c6580b2dfea1434e82b6db54b27
589,733692531339122,733692538661288,733692982511596,source_on_episode_1,a8f1605aea547f0ee4e8c6cce289f9ffefb3d62ec97137ff7a1a42688e86a3cc
590,733692988718557,733692996618308,733693440502854,source_on_episode_1,250248085a57b95896f8c608af172ae10c03b8672447555e769a36f08fa7cc02
591,733693448105778,733693456274955,733693899538018,source_on_episode_1,10be80202a5d7c61f70397d7fe04cfe0829214778b5874bed0ff1f800972b80f
592,733693907551413,733693914608340,733694358523781,source_on_episode_1,556653cf1157c6e796aa0536ce2f9d9c644fe5f09c9416729032036d82383ee9
593,733694365880723,733694373701115,733694817531462,source_on_episode_1,6f69b3f9e0d63bc817f81b4c422317505e752bf9ec3598a6ea161f8ed263d33e
594,733694826887128,733694835625445,733695278509205,source_on_episode_1,2c7b32678e5ee702141c10544517edbb964d38b2709362d9d3a9615ab51ca099
595,733695284783232,733695292705035,733695736522646,source_on_episode_1,adf74fdad71465f5f3bbd4420943be16b3c48194fca6f7351995f7922ae98888
596,733695743599040,733695752157439,733696195488997,source_on_episode_1,13d094ede10039fd245ffd9afc80dcd71b0c102f027712fde6ed226b1b851d99
597,733696202879842,733696210743736,733696654509418,source_on_episode_1,03b01f8ad24f1c9d1f9b738f2018ba14201bddc3a5ebf52700fcceac14e4d133
598,733696660626941,733696668892690,733697112494214,source_on_episode_1,248c848ce35d15b187a4639e56712db21b2c99d3f47deab96f218c8b92bfa290
599,733697125955574,733697133737104,733697577492733,source_on_episode_1,671d54aaa3701a312e16268bcf6e8f0816c05c559c6eba9206f566373ea01706
600,733697585131865,733697593121636,733698036813868,source_on_episode_1,761ed43afb26ff17f2e068ad6895bd54e13716cc5aed3a70acfcee0777864ddd
601,733698053727294,733698061699171,733698505492799,source_on_episode_1,cc8aad8b0abd56328fad5b3114f86cdef7334929cbc9c968d5893015034d7632
602,733698517302467,733698524828907,733698968525736,source_on_episode_1,7d5898aed4d1a734c3448be96670c4241e9707172f32858c323eb543a112158c
603,733698975975051,733698983827064,733699427518716,source_on_episode_1,72063956da2ec4f4d04e1c3a690da5b79a8478b744a6a666623ae4e1bf2d05c6
604,733699434329442,733699441605012,733699885455327,source_on_episode_1,b26ecad564c4fb06c1aa8a2390036818e1a71428e74f089c61c1729114963b84
605,733699890786413,733699899025462,733700342505785,source_on_episode_1,ccebdcc7052f333a1b17a4ae841e2f7a42f0d6689515bc3b5ac5806852da628c
606,733700349166749,733700356646051,733700800528325,source_on_episode_1,b37c3f1abc2427e647c33e6924951952c5a88165f8bfc8ebdf0e625ff21c9acb
607,733700818346912,733700825677084,733701269480551,control_transition_guard_excluded,45dc438b63943fa4cac28036642c1afd62885c61ba4c9688ae855f974b3dfe9d
608,733701280865441,733701288576779,733701732466094,control_transition_guard_excluded,173d3c014c2c83df539f71346bee98e96b11c270d26cc6d92ae85f49604f5206
609,733701748183504,733701755595570,733702202808800,control_transition_guard_excluded,e35bf1c466ca9bcc170b36db87d6545cf639402a99005938e1b19ae4818f4d96
610,733702206973424,733702216654093,733702658618749,control_transition_guard_excluded,669068f81d8b7ed3a7b9dfc4bb7f12ed8984b626b66c3c908ce2cf3bec0208b2
611,733702668198238,733702675675096,733703119459972,control_transition_guard_excluded,98199271297186149ad7973172d7e5a9810a21fe6c939b56f8039d1907f937bb
612,733703123308733,733703130530502,733703574502196,source_off_after_episode_1,40e2cddd1b7824d5914c49499d68bd3faa10c8524426673291c991443571069b
613,733703580589202,733703588564296,733704036713801,source_off_after_episode_1,8fa609b74be19d428ad419473f7e66a795c3605d8aec0bc0706a718c08c54511
614,733704041865220,733704049603850,733704493576913,source_off_after_episode_1,3571b2a031c12091f4488222bee0df903c973f29a39ab7df9fd8c332c97ba4a4
615,733704497488813,733704505644297,733704949508207,source_off_after_episode_1,07c1e0d888715dee7a54e559397b9f54329ed4f93706a8a985bb80478a26eb75
616,733704956317271,733704965238683,733705408524682,source_off_after_episode_1,4539556178b9ef8e9686dc269bac4d7b03f20c297414a0c532a5b00d6c00e540
617,733705428699448,733705436777076,733705880493718,source_off_after_episode_1,bcd29acb849ef660b8c55e7a03af6fcd5089aa5fbf3e9a7a1cd0c16e2d2fb804
618,733705885341566,733705893787946,733706337537793,source_off_after_episode_1,891ee52a50c16cce939f3b670c27dfe40664d4d146d81a60da4a58a23b471f23
619,733706344843049,733706352460963,733706796472737,source_off_after_episode_1,e6f0c5917455dbbc11829bc88217e0b4a31a17a6fcda2e781b2bf6c5ba74f6a9
620,733706801275702,733706810062612,733707253544131,source_off_after_episode_1,2913490a9215e1618b4d5d82846ab7437bc66afd52e3b1c91859dc3799b91b49
621,733707258321036,733707266378406,733707710508721,source_off_after_episode_1,1576ad19a51926348a69753878d0f2f5c5f3d1e79fd385ae3b3b46f338f6e5da
622,733707716156072,733707723382801,733708167523265,source_off_after_episode_1,e5c9d8395d04a223f2a6877b4ccd9cb6f216bf0c2c707651cc69ef4ce8e0d3ed
623,733708173944961,733708181369341,733708625607487,source_off_after_episode_1,cc2002bd753f9a059900e2f83781e1635465c58e744710eb0c429fbd76687b21
624,733708644842338,733708652498534,733709096540952,source_off_after_episode_1,a8cc88e83eb29f2fbd90366845c0815a6d34b181ca0075c04c40d4d43538c921
625,733709112803970,733709120349979,733709564534109,source_off_after_episode_1,4b45622e51e5966ff2345556b0cb02af7305f78cbea2ef79837ac1ecffbe1058
626,733709581842381,733709589437552,733710034126814,source_off_after_episode_1,70eaaba14f4f0a34692d7f5a4a8907c1ba147e7283c39197d64f67fc0da70e64
627,733710039835921,733710047335964,733710491544597,source_off_after_episode_1,f3d31d1e502ddf682c3707ac73cb2e7b302ac4810cadcc21edfa2230451feb5b
628,733710511163581,733710519638756,733710962658068,source_off_after_episode_1,31adad268a0fe1de0fd40642f866ef1a576c9f9f4fbe5954877d915097ef9a05
629,733710984172844,733710994653227,733711437505649,source_off_after_episode_1,ffc9781c26ad8155f1a82717c61980a8582b1e2314e4d20a0f66b7a4ddd94696
630,733711443967531,733711452123927,733711895528831,source_off_after_episode_1,85dadf3f2bc919a57a898339ad5aeacad3d7bb36bf0a648153809958fa03bdaa
631,733711901398871,733711909425002,733712353663485,source_off_after_episode_1,46e1dfd875011ca2a6796f37c2ea269e8a2adad88263b52168ab0bed8e3b9ca2
632,733712363177252,733712371965505,733712815582977,source_off_after_episode_1,a6ae5d0385503f3dd2f398bf1d5cfc46bee27c158f63da5d0b8f87480af775c9
633,733712820571480,733712828368341,733713272562117,source_off_after_episode_1,4dfdaafd5893579cd9d5b58386fdfb22d93fb75571b9e5883dd02330dfec5371
634,733713292785066,733713300328912,733713743586755,source_off_after_episode_1,a84c1c9c16265683f450625d4867ecb0ab536758de7289716831dbaa3bd9c724
635,733713751914223,733713758711245,733714202600345,source_off_after_episode_1,a320ab7c024f4da09b012725ab17bd2021bb731efe3d81ff4d8b00f451174afa
636,733714216360090,733714224434703,733714667622443,source_off_after_episode_1,bff4aebc2011e298cb0c41f6f2d22316489f247812b4d0e0b52c0c45772d9728
637,733714679902538,733714686684622,733715130624274,source_off_after_episode_1,6665f15b55437aa907300468ebd11774c4bbbfdeb22bec8ee38fe80a638480bd
638,733715179396551,733715186670158,733715630613526,source_off_after_episode_1,98f4726951cdc369d7eed6991a32952f5c1fb55f1fac194b61e3e3b249f79e4b
639,733715636280945,733715643722358,733716087660065,source_off_after_episode_1,874e4bcc0bcccb18fa15c38a5892fb0e6dfb0e6ea7342e0232cc2f3f43113129
640,733716101699567,733716108721692,733716552618768,source_off_after_episode_1,d49c0f42161d8053a9ce30042ff8b54df42164e3154ee7f463b211b0908fdd32
641,733716567161926,733716574716853,733717018593413,source_off_after_episode_1,86e1f06135c325367415c214aacddb318f8172deb189615b637f2ee18fb42326
642,733717024064634,733717031788858,733717475595161,source_off_after_episode_1,f7b69f80f1e2f81ff8da7d043cdaf6aebadab26ac31fdaff3ece3f5a0cebc059
643,733717489622059,733717496957133,733717940644545,source_off_after_episode_1,393054499549aeeefb1cc0072b28710794d881b7cbab4c1f532498dd2e962738
644,733717948020665,733717956563589,733718399640768,source_off_after_episode_1,aa56a4648854d798796578dcbe344ca3c2fba9977e6fff82320af5eb11352e86
645,733718406489798,733718413733410,733718857673013,source_off_after_episode_1,62437f8460382b68ca744266fb0ed7f01bf73470a6b133d6a51cfbd2015a5df9
646,733718866337125,733718873757749,733719317619118,source_off_after_episode_1,88cebf50d308dfb37833db5904017e43306b9abb4d988019f1283eb6d43c4085
647,733719330962101,733719338770504,733719782622301,source_off_after_episode_1,ed06b6361d615da9888b8b10993f5e593614d6d3e74a1260dc64bfaeffe05a0c
648,733719797630444,733719804788886,733720248663005,source_off_after_episode_1,7b34cf708dfe79b0e38109ee5c66440d7629be541c15eefc1f1aca0e141d0862
649,733720293330814,733720300698319,733720744628741,source_off_after_episode_1,f61bb8cf49aba183af269a542e584e55315aa210c7c1315101e729fd7dd5c960
650,733720752512686,733720759717064,733721203603143,control_transition_guard_excluded,b343334a691e1038128de3dd2e1c12a254b25fb67ad51cdbf22d82c42b724ade
651,733721207860183,733721214845229,733721658753077,control_transition_guard_excluded,c3f67201abd0e8b99423c154454a4dd79018ba808c7a48eef3cf90246f9c076e
652,733721681486437,733721690745186,733722132595287,control_transition_guard_excluded,404dbd41aef8940eb592b5e3d264d843b39a6146547bac872654750963b7e3ab
653,733722138624437,733722145703740,733722589601886,control_transition_guard_excluded,55981a1c9f78a7b722d3b1a5ab3bcf835f50b65e0448e8cf2a621ef3f3388fc0
654,733722593992657,733722602733012,733723046608557,control_transition_guard_excluded,5c7577f7e799e99f76a9a1d2cc3e356736dbc7933baba8ca86c58e6cd59df55d
655,733723056320077,733723063755820,733723507625469,control_transition_guard_excluded,9d83602dcb0b78f79cabdadf0b153e78eacae3c072b90c9a67b73c971df08715
656,733723512359966,733723519714056,733723963497285,source_on_episode_2,2818665fe4e94291a445b3d4ffabd6064767e992a319c4e5fb67832edd2579c9
657,733723969460371,733723977079329,733724420660572,source_on_episode_2,9b7bc338b5e2008d0471015a14ef9b3c36c4a69b6c05970deb83025b1a67a514
658,733724428861834,733724436771909,733724880612303,source_on_episode_2,4a103d29616b5f14ce5378bcf65c2b4df1e304106665651fb0636baeff33c8ef
659,733724886360686,733724894679329,733725337665570,source_on_episode_2,d2d1971c77ce45c68bc5402a9ef0a02f4363486f73274d52aaed0cae70df966a
660,733725380783259,733725389427173,733725832670553,source_on_episode_2,d244e044ecc10322ba618b80bf56e564cc02a0787c33f410a6716c78777f4f7c
661,733725855187518,733725863022061,733726306667248,source_on_episode_2,069648bede6141117e9929cf14d1dbf0110f8796b6cd014d820cdc0679cf59df
662,733726324134484,733726331754815,733726775655457,source_on_episode_2,9a54f7c8794cca2b0880d5fd867a3bab919c2805460953cc6179a1e4307eeb1e
663,733726781252836,733726789730628,733727233635510,source_on_episode_2,065b761e7245847b0939579bec577f6aaf5c8db24cb700b62c2f6b201e41c4b0
664,733727241347883,733727248946163,733727692672676,source_on_episode_2,555b3420daf54ca4766ca8e5051bcb831caec26d8d9ef243a46c066918e0cc95
665,733727729712395,733727736772463,733728180733546,source_on_episode_2,1e69e47da57ea32e845ec88dfd1fbf7eb674f2149f2f973a7f4b7a5b9adc471e
666,733728195096058,733728202998719,733728646655619,source_on_episode_2,b3e22c4de213f0724a32c6855ad744974e4ddfd69d5f9bc9443155e82598af03
667,733728654793242,733728662816461,733729106891056,source_on_episode_2,6b160d2450db32d23d954371abc2a0d24fac452ce765e856a92a631aab036ee3
668,733729117952053,733729125937600,733729569660721,source_on_episode_2,46e2b91a66296c3d0ee1fc589f7bce5b3aca41ef31d2fcf53295874e33857924
669,733729576531814,733729583887107,733730027650685,source_on_episode_2,b0deaa1326320df7501b9a210c442e91e48deef6baea8c627166909cd868fbf7
670,733730035091629,733730043360940,733730486669086,source_on_episode_2,9089e664bdc85d95fa0c1c4b1356b501b589444b0193d2e6b8ce1f51813cf3df
671,733730534965963,733730543392560,733730986613215,source_on_episode_2,c656d54738c4c5634f214a375c94c23f755de5ff82af79c04d13f47fc4e0071f
672,733730990707009,733730998786312,733731442830519,source_on_episode_2,b422a3cc6410f1d8d57b2fedb34b020cde34630b3a6b4b6a620f6a4f650a22ed
673,733731448145769,733731455813870,733731899686007,source_on_episode_2,303edebd0c12421f35e8feaea6a6d553bf65306399a89451c8c54b58edcfe938
674,733731906560156,733731914725081,733732357641776,source_on_episode_2,334b7c83221fdce0b20e834906c167df088e9f6386cd2b457d1036d3d59df7e8
675,733732365469767,733732372784755,733732816670616,source_on_episode_2,bbfe6373fc6de183595c500d5dcae27d2e5d33115cda46200f38d995bc3aa4e6
676,733732832495837,733732839782011,733733283640131,source_on_episode_2,baddc42e307eb16c8ae5682eb021af2edd66d79847d4aa0a4f27301d9348f35f
677,733733302873448,733733310764498,733733754757498,source_on_episode_2,0a95e9b7ae7d2988b91abf98b388c9ae8a3bf1000dd5bf831aad55162c352518
678,733733767568405,733733775831725,733734219661047,source_on_episode_2,22cb94c6b27f8a22ea35adef89608c916fcbca37c5850e79eaf5f1d233fc7cb6
679,733734234464238,733734244732737,733734688613153,source_on_episode_2,5da95b9db99e59bca12b6582ca280fc65c6403cf8bee3aebb98b405d26c4f8e3
680,733734693764545,733734701739413,733735147610870,source_on_episode_2,30aa505c5853b43bf1290cb17ec8e82d838b31995e3880c4fc21928d253f3221
681,733735160138996,733735167703102,733735611707638,source_on_episode_2,89a95a2accc48b65907f4ab81cf9a1120ab2becd3bbbd4f7c1ff7911caea5600
682,733735623700688,733735631719920,733736075686966,source_on_episode_2,149e3da6a9add81ad286bb3d24f5a4ece1b2d995d1e17396676fb69f8662fb16
683,733736084088235,733736091853430,733736535635894,source_on_episode_2,63b72ef8f674067f285e421d3afe2c7bf7223f1bb5b0eee8c0b24d5c314181aa
684,733736543073072,733736550740452,733736994618869,source_on_episode_2,369c46d2143ebed78052c687bc2e86432686b95c2d1093594b4521dfc11df51e
685,733736999776232,733737008312025,733737451626246,source_on_episode_2,832d8f383de7b631e335e9420a1e30bda8e24aef9b1ae9b6debd9451a477c4ac
686,733737458200812,733737465639463,733737909649335,source_on_episode_2,3dafc8cf97e227b60b57dafc8e5694e01cb4234700aecbf607f81de0e3f210b4
687,733737921488096,733737931037453,733738373662696,source_on_episode_2,366c64db30740cdb6daf6a5b62c57820e538d6a231f72915db3de4644f7c4daf
688,733738384011005,733738391666022,733738835745122,source_on_episode_2,fc24437a9cf225c1fd44e4f35e3cf90bd493a7331c49f8a1c628d9c8623a2015
689,733738853787402,733738861758694,733739305670911,source_on_episode_2,482e66026cf2ce0ef182ab8de30e270af560a1e4cc098364ea4d6391584b3982
690,733739312719278,733739320618715,733739764670050,source_on_episode_2,3125ee7cb39b4c0690299af757776d8bf6d11dfa2514014bf35feae3b1d3b731
691,733739777986338,733739785578608,733740229708751,source_on_episode_2,bba002634a582e17cdbb45cd613c8aac979f4d39e5ba8775991aa8e5854a8fec
692,733740240792493,733740248593655,733740692809096,source_on_episode_2,373678be1a178c221e6d765704bb621e57b1f1233cf14f6ba3bcd39b83edb845
693,733740704760799,733740712860403,733741156693985,source_on_episode_2,ca0312c85559a1c5946ff73c10dbea3af7aac3412d3af7103239e0d2ffde1170
694,733741164099494,733741174337056,733741615664525,source_on_episode_2,aa10fc2373a7b244cd1231285f7c025d12b3edb87f03bdc0d8d04424079a2e2a
695,733741621262236,733741628525167,733742072726659,source_on_episode_2,8a8984da0664c0f269c51abf41afd6f2ebe7508edc6b03158cacb58ccddd45de
696,733742086305561,733742095683157,733742539651776,source_on_episode_2,d536c60a30cbcac9850d942600c78795fe67e12492acfa163fae29044328a869
697,733742547217396,733742554458637,733743000109169,source_on_episode_2,660514a3c7a4496db140d15e31c747386c296c554843caaf97be19a775f97aa1
698,733743014964260,733743023513419,733743466678254,source_on_episode_2,6f3ec7b5c9d0aefdedf38422cf9bdad4bc340551eec4dfe2265d67bfcbfd5efa
699,733743471654197,733743479500785,733743924292671,source_on_episode_2,809c94df64c1c577f78cf2de46533450a2bdffb415a95d3c2f2a621e7115b4de
700,733743931883088,733743942582779,733744383676357,source_on_episode_2,15d8a5dee0786c9c005a86328469f5dff84a383a378844e458bb5b8ead42cc0d
701,733744393561096,733744401515206,733744848334771,source_on_episode_2,9d3399945aa70340dedcd945baab5935500bd32810d1363c759766928fb7e29f
702,733744855394751,733744863531515,733745307693486,source_on_episode_2,6f3d5c3476fd2627bb39f174a612387a4a807af98bbda0f466f4bda2a212c711
703,733745325395299,733745333546339,733745777724627,source_on_episode_2,bff734ab696374b550df2e0120f9d00e50b88b15ab0273d52a6f068540375c26
704,733745803382093,733745812640465,733746255678210,source_on_episode_2,b952e74fed7c42a56efc2bcf26caa55706aaa43784d7307d075b7db14c28f8ad
705,733746264065475,733746272157004,733746714762193,source_on_episode_2,ed31083265fe943ef19aa6d2764d7420b4279d0bd70b265f159ed45673eac4cd
706,733746723638968,733746730838941,733747174805548,source_on_episode_2,beec1b867d18d66622999ffefa149fdd83c6382b967f5bd30c47bca7697e4fee
707,733747187536528,733747195355073,733747638742890,source_on_episode_2,0d3a30c2575c8205577cf92d1c480acabc3ea72a326572483ae34fd8963ab79c
708,733747643890035,733747651435598,733748094747282,source_on_episode_2,ff60c99c5fc1a9276ff64635ebaeefb21f17965d6099f7d6a34b9621e9639c87
709,733748099282186,733748106882952,733748550741340,source_on_episode_2,159d0bec8a511fb1941d32afc9d500e0eaec763db4cf138393f0103060135633
710,733748556427017,733748563850630,733749007728376,source_on_episode_2,643dd7d71160fd161f9b4159830826462ce032424c6da7c116439641b3204c8a
711,733749012127875,733749018838809,733749462835673,source_on_episode_2,8d676118f4051b2cdb11a678bc685d686bc94779a25fcf5372fa9cf874f9d199
712,733749487451963,733749494909270,733749938749342,source_on_episode_2,d3971512e46209fd13f592f7da22ad73d68df55841067506327034ba10211b34
713,733749947332666,733749954825099,733750398784108,source_on_episode_2,f6df9e8a5a7d96665ff63349c31469e402e5e0e50cbc0dfd92f28a8a43edb601
714,733750420640811,733750427850684,733750871770192,source_on_episode_2,9f4ce343cb695a57586913e5e6ff6aa2caff3faa0ba58109f58084f584fbaaaa
715,733750876469746,733750883889483,733751327774238,source_on_episode_2,5211dc1102173c32ae3ac43d47d0f06b45e1d590dbcb1891b329d3a8e1143c68
716,733751340401273,733751348314497,733751791754331,source_on_episode_2,ee67e75c9187abc586b3f7b452312d754f6832d8847324c76141ef62369bcd32
717,733751806671571,733751814166780,733752257755885,source_on_episode_2,eb61b7ce0d235b8a2e2db472dc014233e9b2b1221093c5d511ea59848f244b19
718,733752263035349,733752269849949,733752716090826,source_on_episode_2,2bf7d5d3fc5c4eda34558153af6782f6b11884548ce6ede3861b79c87c1578e9
719,733752725421524,733752732873803,733753176763269,source_on_episode_2,d0e5997eaa60fff3723936f18ec1de55cac3dcfb8c02b39048fd0c0e159b711e
720,733753184349229,733753191937002,733753635768466,source_on_episode_2,b58c905222c3bc6ff88fa19b42a34774ba83ae1df70beb2b6421db9c2c940436
721,733753641551497,733753648852651,733754092796537,source_on_episode_2,8d071167583b9a041764f14e00e9ba8f83f09e1dc7ead181c29cf7aedad7a3d5
722,733754099991281,733754106934713,733754550749983,source_on_episode_2,f9b746448a54354aba5188bf411ec68c2974cc193aa00d89b5fc4300f8b9644b
723,733754555621520,733754562997045,733755006817226,source_on_episode_2,0fc7965c89b01b407979d0f399e6b7af18ec96a73a477ca26eecf51c8cdd87db
724,733755017670076,733755024879989,733755468777820,source_on_episode_2,eaa512a70de982f8c9dcb281626015ed9528a3beafd3ad082d0685c3e209a13d
725,733755474387395,733755481879418,733755925760791,source_on_episode_2,1a2fe402bc258fe6adefdec7d0acd7481dcbff66d20f3dd68e20ca12b6e4d248
726,733755932762172,733755939907233,733756383739808,source_on_episode_2,60a1616f4b5e34b30a06f0900a56b4cd7439627622884e875c375f575dc375e7
727,733756394744153,733756401886980,733756845805190,source_on_episode_2,dc734c575f467dd3322f9dda239692a1a46c0d2c5d8b72c5deb4079fd456fe96
728,733756857644205,733756864881530,733757308747633,source_on_episode_2,7c92038f9a0251df98e51d29a57991cb462d3d447fe13f6269d5e31cecc37c12
729,733757319895429,733757326950992,733757772533627,source_on_episode_2,a9ef3c68466bae7d08c2f809a52eca9f79285370762941c1e9a88bcb6ad164a1
730,733757798083887,733757805886464,733758249767091,source_on_episode_2,68fc051928744ad54b9b466026fd1594be35ba0038973d9f3cedfb8c4e9d35a9
731,733758269753502,733758276913321,733758720774087,source_on_episode_2,62601f78335246b08c47177c1061b33e90ecd39d1568a818c0cafca40959cf65
732,733758731423045,733758738932812,733759182808055,source_on_episode_2,0b9e4c5847c5e849df4afb12825b08ea90b46f3db230c1a2ff1a2362e49fdebb
733,733759187703218,733759194922308,733759638781188,source_on_episode_2,9b309c4d96ae97c7ba9340bb49820fae412220c56a5806a6aad8cc476067c9e8
734,733759644218589,733759652087221,733760095829762,source_on_episode_2,527061e98d300f422db87cc1fe1ef988d914779342162dd844b74b0ab0508b20
735,733760100923407,733760109070472,733760553910472,source_on_episode_2,962fe86272c643c23c60fb62b749977ea95c278bc83a1effa4570c77e1181770
736,733760559838746,733760566913406,733761010784977,source_on_episode_2,74c021ce641c11f2be74b0a4057d4e13d49000b7b6d2dcfe5251243dbeff48f2
737,733761057643353,733761065890607,733761508788883,source_on_episode_2,039173760631b34cdcac40e1b890e3488a9dc5f545d1028e0f600bab24361839
738,733761525895822,733761534033029,733761977844854,source_on_episode_2,0afd54a941e15ef022025170d21bdd94b62b769bf3300fdd6940993dd7e3d13c
739,733761992721110,733761999991056,733762443794490,source_on_episode_2,fc8267ab6d954e17d9f33d597dae3dfcad3e45ab820de7b89505381872c44a69
740,733762451274271,733762459059817,733762903662146,source_on_episode_2,65cff4f25459e7dff1cb1aaa38068e3dd1f872951679ed5753d542f377045225
741,733762909046518,733762916948443,733763360874663,source_on_episode_2,e3093a7c390f9d241d93d20ea106a73bbc36dfba067782d18234dd131224cda2
742,733763391718256,733763399009834,733763842838525,source_on_episode_2,293387d425853f477a6cdf758deb48ca95c8214a524d04995ed86b6fb53e5064
743,733763858502402,733763866126434,733764309863566,source_on_episode_2,baadd369f68576e5e455752f9e2a894eea8528a1759884e6406c15d3fcc0d103
744,733764316016302,733764324783163,733764767759209,source_on_episode_2,6e9a3c8c4e848aa6d92e010144fc3afcf1989c50508b9d0656c65ab8f4704211
745,733764773034256,733764780961228,733765225119176,source_on_episode_2,91eb0cbbf07bd5b831effb7e6bf5f5d524725753788b57094df9b4302dfa4c37
746,733765235744651,733765244049103,733765687831492,source_on_episode_2,e9e5bf8382825ecfd922b63711e73b9960a6dd710d54d822492c2123dc1d2d49
747,733765693379622,733765700977456,733766144788509,source_on_episode_2,aa200fb52b5fa544c4583e3c95a1254b338bf524a943017db53480b18a1ded6d
748,733766151706173,733766158981671,733766602850739,source_on_episode_2,5fda4d09e2f94a12889cb4f8781daea47806f48c4b7bfe1033ee53bac310b887
749,733766611302107,733766621265458,733767062777285,source_on_episode_2,d95e3bfe29852c50c7c4fe42f866790ffd853a13c2bc6219a1b15e114e09edad
750,733767068616022,733767075931545,733767519843579,source_on_episode_2,efa4d658e172c9fdfde3df3b40c567e5c852a88f82abd87ffc9893fa9925bb2c
751,733767526056449,733767533884245,733767977822141,source_on_episode_2,700c70427c563a288613c5a27e7252aba14143b5453838ff59d2f21ae400eba0
752,733767990938619,733767998914574,733768442979302,source_on_episode_2,decdfcfb9103842fb408d2eebec6c91d9772ad53ee813aa321aedcc2bc263c87
753,733768451658208,733768458897698,733768902840310,source_on_episode_2,fc211f2a0e21cb8fb6a66e22eb4469a331910c121f486af00759a5a05b5ce2d8
754,733768915089588,733768922993297,733769367171373,source_on_episode_2,70ac174e04551f71663283e3c8eb2d1ea4836e0e792ded11ae9f010b78e9e7ad
755,733769385844268,733769395827547,733769837805402,source_on_episode_2,a4365a8f2daa9d529fc9f8b8db1f360f33d3bbac1b51ec513e69efcc4f0d946b
756,733769844150531,733769851928744,733770295826549,source_on_episode_2,78831f7d3c37e3a1c4c7080cd7627e3f6c9883178b598a543cebe0e7ee1b2080
757,733770303577511,733770311084635,733770755650602,source_on_episode_2,fb78edbb6c044af054ed157204eb316d676ac5d4ee6b320ab9a256d3239cfe9e
758,733770766531008,733770773887137,733771217809535,source_on_episode_2,ffdd6ea7f1aa71f9639060293f156bd14228027ce7f7a1fc91d8dec0a69de217
759,733771222868797,733771230837869,733771676161157,source_on_episode_2,6c737ce415ee184bf534da5a4ea42377f3a1b8ba7dc15ca3c2ab8dc60e7625be
760,733771685011246,733771693748131,733772136812793,source_on_episode_2,f5f31911a0dccc5eae1208eb36511b676a93de593900f80599a60dad67efd017
761,733772146851186,733772155693509,733772598869297,source_on_episode_2,ead4711ffdb15f0f658d72fbcce0acde2fe7d0b8ff1d82ac822551b2737e8c24
762,733772608534908,733772615773036,733773059847123,source_on_episode_2,dc548712816d40628dc14dcadf0d6eff027a9d2c9bab0b4d7dc5f83363915576
763,733773072603396,733773086343367,733773524787625,source_on_episode_2,a305e66b3a02882f2408b28ff181928a31b0bf58de7f208e4bf666d895f6b772
764,733773531287074,733773538762759,733773982825993,source_on_episode_2,444f19785b2ec06893884566086518ad311b5c424727c8b55e629f9d428c0ef2
765,733773992842134,733774000737037,733774444862531,source_on_episode_2,287dea31d810bb05c9ee74272c04a975df065863071f2a33c384f3ef8d74f809
766,733774455242406,733774462680700,733774906925222,source_on_episode_2,7f04ef98ac5e1c45e2a5774431ace2a6554b5f963dae1ca6720e7396909411d2
767,733774916734354,733774924719015,733775368900742,source_on_episode_2,b96550636a3b10089935846a7494393054fdcb51ea56666f78419b2e0bc146a2
768,733775378039964,733775385680309,733775829882548,source_on_episode_2,0f200c18fa51f62cfd62cefbd80af96c6e5a6ddaa39e2d99c803d80d95de3755
769,733775842719382,733775850633772,733776294876889,source_on_episode_2,77a069c3c6ef636c8595a0a0f332eee24fa86d2fa556031c781d1f434ad39cde
770,733776312849259,733776320675523,733776764835209,source_on_episode_2,70b2fd08593549d5753d3834c26ca35ffddd2d4b4803f49b97908fba25b0e9fd
771,733776771720023,733776779729071,733777223875833,source_on_episode_2,b513407504f40587de7bbe824c8665fb22c249d397c3d9e9811c8141d5b4bac5
772,733777236581611,733777244713260,733777688877180,source_on_episode_2,417be707ef3805ab34aa3ef7369a81e48f97ebddad53337983aee9686dc62f1c
773,733777697381319,733777704741357,733778148875151,source_on_episode_2,d80b933b395cc46e1a0f15239757e31c2a5df503596d6602169429e95eee5809
774,733778167427682,733778175657205,733778619849034,source_on_episode_2,21cb1bf01827cc876c466d795a38e47e0c5f4f06f3558531d0a9b7edb5871f44
775,733778626332584,733778633675831,733779076958131,source_on_episode_2,718bf1ae0e705e8763f445547e2af8e4259e956208b7f62c8fccebdc6101ffd1
776,733779081397197,733779088648050,733779531917441,source_on_episode_2,0d6b37b34317a04c926e2a382da39dc3ee5f31f15f186f19aeab8ada004f61df
777,733779539375483,733779547007883,733779990911518,source_on_episode_2,2497a0b4fa0b7c91d260af7b55dd482a34795c968bacaa57a19a42bb18c1ca3f
778,733780003568906,733780010984469,733780455100738,source_on_episode_2,f86a373d42aaa60c093252a468b822605b12c1722105572888b8d53dee2e8914
779,733780460119404,733780468980444,733780910942486,source_on_episode_2,b99e5278279cfe4bebd3f38b4a3fef7899b98ecc48cbc647469150b25bee832e
780,733780923486881,733780930987283,733781374940682,source_on_episode_2,6a86f8d22c9c3b5a3fc39dc983523ebad9bde4aab973bacd69e3b859855ba418
781,733781390155047,733781397560962,733781840944573,source_on_episode_2,1d0027d21c610b89e4aefe31737e750839845eb0bde473e6328ae2014c67d118
782,733781881375871,733781889313115,733782332971304,source_on_episode_2,36a90e80cba1d4ce3d2abf58fec5be25dabc343537d1782be8cd4dcd5d6796af
783,733782351191332,733782358093900,733782801964935,source_on_episode_2,49f5c31c394a42bfe1d8bbb099ca456989ddb7f38fffab1850a2a9400d2dba7c
784,733782808454346,733782815994513,733783259945840,source_on_episode_2,9264f4e48ae3ac0646d5a40672c80835df1dd81fd1457f7c4ff235870f0cc639
785,733783266941854,733783274059506,733783717955375,source_on_episode_2,ef2f7bc3d05d0a0cf8ed62fdd6a1f008f5d539a3b2ed2ff1ebfc48179fb96cb3
786,733783726600299,733783734198716,733784177963348,source_on_episode_2,43ccb16775fcdb2fd68516a5c12efce1f08ce8bb474d59e306acc6ec830047ac
787,733784185844766,733784193217138,733784636946520,source_on_episode_2,5123f0ce79ecb85da9891efa281e2d72cf6a83f642fd005a2009da8a67b3e706
788,733784648130288,733784655838251,733785098940454,source_on_episode_2,1019a4996481d47f1c57a13d88b0cac85df41c45c9e560892883e4c3979d44a4
789,733785113475773,733785121045145,733785565038259,source_on_episode_2,3bb220c6abf00be1776b42cbe77d12c8d0bfe574a87139b55559d47811f355ea
790,733785573871658,733785581005542,733786026209333,source_on_episode_2,f697474248a784effbc87116d83ddd2b13889f22eb81c99694bce7c1a8461fc7
791,733786046034409,733786053957025,733786496994357,source_on_episode_2,5813aed60c7e608df2b2bfaebcbd65b20f389fe82e08406bc037e74ae920c3a5
792,733786525715941,733786535192089,733786977188346,source_on_episode_2,4973813db1bffc9b55a6b36f2233546e26b683dfe2ebc64a8b88f38f62b6e1fb
793,733786985663482,733786993088493,733787436938779,source_on_episode_2,1bb05cc47a93c86a5aad59ec9e704e1f749f4fd7631c9041682649fe8bcba396
794,733787448337913,733787456705847,733787899975175,source_on_episode_2,97f0f87fa48f2d2198fd72a75ffc92ebd6c93b2a9b1896c197fa36107dd68501
795,733787912764552,733787920067905,733788363995883,source_on_episode_2,8c19acd68dbbfadfb54f4d7fccd1c2e3e696ec810d932169272917d13c0477cd
796,733788371090593,733788378091637,733788822015573,source_on_episode_2,a5f72d1325dc5bfd4a0bf5accf8fa267ed6b7cb59d0b68174d88c5077ceccedd
797,733788833977886,733788841183684,733789284847862,source_on_episode_2,a83ca5a07ac616b451e9bfaedb7cb3219b3d99d2538253ec05f6bc27ab3364c2
798,733789293488650,733789301100993,733789744957389,source_on_episode_2,f6c8436c3ddcb81b4d3f4f72c0869ad023237f94134a2bec0da2d4e7ebde2c6e
799,733789753978631,733789762969587,733790206047979,source_on_episode_2,e2af805b72ea399f85a3bad68020fc580527726b2fca115d0257cc03b5eddd68
800,733790216575635,733790224179412,733790667975401,source_on_episode_2,ec35c690bd1c2ab2a4c3b3ada2547de3d3198757e28dcc764df637981ab98fd8
801,733790674263765,733790682132080,733791127786943,source_on_episode_2,70b14067d292e2415f0d1cf80637aec5b2d6f257fbdea326b7b579f40f0d08a8
802,733791133109862,733791141135142,733791584949110,source_on_episode_2,ffc75c607537019922444cd35f8e146c055273daaf58d3f11b5878d8dfc921b5
803,733791589407153,733791597091542,733792041171321,source_on_episode_2,afe1618956c53ccd3e193101a69921bdcbec401166f570b3e9983841ea659853
804,733792050457201,733792058922158,733792501993275,source_on_episode_2,ad189eca1dfa9841c8a0941280c6dd597b56bf8954c0792756a47094db066f43
805,733792511112022,733792519473284,733792963023263,source_on_episode_2,8c976d5874a9da2d8d9c386009adfeb9a49cb8ab93ef76968d7e785052784932
806,733792982156460,733792990245180,733793433999717,source_on_episode_2,104e9e1e7607176d4a5d0fc21ef1f4ac3452f1bdc87b07601354617c3690642c
807,733793449585925,733793457127165,733793900978197,source_on_episode_2,542cbca8431dfe6fd8508cb31cf5ff366052c0f0d19e5e97a14c8c2c04da5114
808,733793912692254,733793920093150,733794364052599,source_on_episode_2,81e23d6795abb6ea710f0581d668273f4aa1f9ba51d71d23c840a09d5ad2ac4e
809,733794371614819,733794379141442,733794822984135,source_on_episode_2,20b41d04eeed1fd42a5090319e353ae19eac99537f1e8577232799b31a50e334
810,733794831621226,733794839191311,733795282970455,source_on_episode_2,9f076222ad3f9544544f219e4feb2ce2977bf2dadb4a2c75f7de944b1148fb39
811,733795313074783,733795321393857,733795765729524,source_on_episode_2,402be4c502a6367eccae418c5da0f98e8cd2046e27453159c0ca0bb4fe2b5eed
812,733795773333833,733795781631115,733796225206703,source_on_episode_2,db5012d1f8763f7f75172f748a3d45bd695dffa175f614161cc45c3e9420b580
813,733796236314039,733796244187284,733796687947085,source_on_episode_2,5681ec6286737bba523c1bc6b35b89760131a00bd870e4a8c1de55bc439ad705
814,733796695559539,733796703211879,733797146991818,source_on_episode_2,a74baff1988e2557ce67821390b6ddc168f92be66aa6a7ba68174ec01a5584bb
815,733797152331058,733797160204393,733797603980320,source_on_episode_2,e09972f59f2e9adb4cedd15c490275ec30aca06fbdf2b1336080f8f7feb57541
816,733797610898178,733797618184380,733798062046800,source_on_episode_2,a604dab0038bbab06b8bb34f773139dc4416e501f1281d32d17553a687d84c35
817,733798074180346,733798082243599,733798526048576,source_on_episode_2,3dffd84d17014d66b94f22d88cd6a3e957752c858bbf52717db5b2911285f5ce
818,733798538244560,733798546226289,733798991721026,source_on_episode_2,7c15925b1f206135a1a7ae41ec5b61b3d0ccd96c2a3834a7fc62334288be0bc0
819,733799011061654,733799019081595,733799468392682,source_on_episode_2,9b5b2f38c3a35c3a70ff78b4b786f1e385a7facf7176733e90e9fa26bd2e195f
820,733799519874101,733799528186813,733799972048826,source_on_episode_2,63965405ae098597adfb9cf147c1396c6b3e07fd07a5bbd160602b7f73bca5be
821,733799981971134,733799990227169,733800434027390,source_on_episode_2,187975fbf92c8ca9d4ac3fc2feb9a46a7d37c45670447a5827a3dcdfc69a937b
822,733800443721369,733800451089304,733800895029080,source_on_episode_2,d9c3e4bdc757e4d818acda9ea81fe4d5ee96b1eb77dd29996c560a2dfc1171cf
823,733800905204785,733800913052503,733801357648725,source_on_episode_2,a8f6db82d052385f9c3ee6384a75a42498b6032327670cb342e8c1ed651ec5c7
824,733801380440535,733801388130145,733801834134209,source_on_episode_2,23748e852f546c791a4b666736cf6b0878608cc990a16a78df4d10e8057d528c
825,733801840776079,733801848058434,733802291967771,source_on_episode_2,d413bbaaa139c33e53b1b87ce7ea0644cf7c49bf0c04026bbf728cb87479d8be
826,733802300667480,733802308092804,733802751988280,source_on_episode_2,f66cc388a0fd99bb843f7c918969fab805588a99a629d733f132dd9a62b6bfaf
827,733802758239776,733802766089737,733803210028345,source_on_episode_2,e72b49b865825a0277b304c84a1ea80acac1a9f830c5e9b6492393eb10273a1c
828,733803238851096,733803247986736,733803691086682,source_on_episode_2,eea55ce4e1897d47ae2a41cd1d664979268843b8a94753bc0e5ab2e704292bb7
829,733803698334392,733803711648139,733804150008903,source_on_episode_2,bc2eecf496991082c3bcf13ca6c55469d39e5fae444d9bceca0a10f0977fa88c
830,733804156826914,733804164989725,733804609008946,source_on_episode_2,db67e0a32935fb294fcc926c583932b8b83b3d4577d7c2e8db567b07538465c5
831,733804621324165,733804629009428,733805073063755,source_on_episode_2,9dbe6fee6ca46f5dfa6a75c64e96bcc23f826f08dfb98ccb7fdd1e08fd2bd32c
832,733805090406780,733805100883872,733805542076894,source_on_episode_2,1dd2b505b132d92b8d57154547ca4f72c52427d68d2eb95c4ff78553790f2736
833,733805550482702,733805557952739,733806002053521,source_on_episode_2,46401c5e4ae3d0188e0a7c290069d01f2a7c62a12d3adfeeecaeac6dbf2bd6d2
834,733806008561379,733806016263664,733806460044358,source_on_episode_2,9bfcbfc37b96cca9b9b29953feca38ac45579a1dda8a036e64139b6dd44a3b1e
835,733806465594906,733806472905223,733806917020739,source_on_episode_2,09f3f31554ecdea9afbd464dded5e7cd3b97f86315f1ea972fd9cb78f6e448c4
836,733806921962453,733806929939424,733807374014326,source_on_episode_2,32af10d1f18b6063bcd3cb2419779ff33950028aaf0802507a081cbd25a7979a
837,733807378712381,733807386881283,733807831039286,source_on_episode_2,8b483f1b4a3ff86b1273c74679be72336e15d197348cfd755b911cdc1083b88d
838,733807836965961,733807844900353,733808289095465,source_on_episode_2,3f3a6a12334a3faa2c42be790b238550c9c60386ca67f090814e92d6635138bf
839,733808297614997,733808304886912,733808749030103,source_on_episode_2,78dc3bc80af12bad93e93ed431a162c25ff96476f5dfc3a3b29647047907b347
840,733808754255820,733808763251347,733809206000006,source_on_episode_2,4454f2441289947121150f01c963b912bcc60f5f4342703de943bd66e78442d6
841,733809219606925,733809227078155,733809671091459,source_on_episode_2,95d3ba376aa9573eb199f36a29906868d74048ed1b897e9616054d909e6d5b1e
842,733809681207564,733809689030385,733810133067414,source_on_episode_2,4afbc7c5ad23c50f8724502d8b11e03a5579a27ce60fe32dbe9ce751e0aae44d
843,733810140704987,733810148906661,733810593033003,source_on_episode_2,44aceaf8172f09b6c8a7c11c0f83552a77293a2de810eabe61b24bb2633e3c1c
844,733810597681976,733810605902085,733811050051490,source_on_episode_2,c6e8e2962c0b14c75e1f7f3eba21f3e4ce19af48aadcb060deefbfb34d9053b4
845,733811058784924,733811066949629,733811511041992,source_on_episode_2,1a574acef9380d666fc7a8bc7ffd9150ccaedbe10af26f885114aa3cb16de433
846,733811517836189,733811525957533,733811970033788,source_on_episode_2,479142bc5f5637b9a5110c115fecb056e943cfd3d2abe11c7ff6e1be8874968c
847,733811975494117,733811983871732,733812426169385,source_on_episode_2,fd0a6b4b0ecb2c2d73c39d7bcdeabe2f05b06dbe4cf0531d3df3a4d1d432bc0c
848,733812434760192,733812442834296,733812886135159,source_on_episode_2,b0864a41a8293d51bef15cf1fec801536306d7129ac8f4d79141cf808f1209d9
849,733812899895798,733812907505079,733813351090589,source_on_episode_2,d69b01ff58039f4b72aa59eac6f50532a2009096fd341a78e87f4e25556394d0
850,733813361884739,733813369238389,733813813096727,source_on_episode_2,e98cd4eb5fbc268baf7b262c92ad603350c7e4f3638794a7e3be2d5316d1605e
851,733813819100348,733813826189681,733814270352973,source_on_episode_2,b27328d3e1009040a5acde722d3dfe0fdaa9098ac8b5dba00d5ba7024a8b56cf
852,733814280765316,733814288238691,733814732100432,source_on_episode_2,2e3e0f4b5e6e65dcbec78442c75e4d9577316361b16f95f109c126209d30f732
853,733814736612137,733814744249109,733815188162668,source_on_episode_2,6ea1c1c22fb0b81c60691442b040f2a82aea8e7195613343197c12dfacdaecdd
854,733815200272443,733815207174273,733815651139565,source_on_episode_2,85b2cc8353af2c6a476fd6dd12eb1d4d41b19c3bdd572dafee707eb75fec0e51
855,733815659682702,733815667194229,733816111170011,source_on_episode_2,75064391cc8142af708c2ec45c5576a66782702ea8247f830ef68eb5bc562746
856,733816119430417,733816126226287,733816570154946,source_on_episode_2,79e874cd1e0d06907566982852d018833be2afb46385fd4e802e3c5f087c49dc
857,733816590280827,733816599022417,733817041135643,source_on_episode_2,1969b0a8c8fb605812beab5569732360c11fd6c6a756f47a81876446905191d1
858,733817052093351,733817059367792,733817503145212,source_on_episode_2,56457993d302fdc86d773f082079465dd49fdf184dcb8d939a216dbd4045852f
859,733817509817050,733817518268495,733817962169980,source_on_episode_2,922dd9158db94db5dffd78e0edbe44be71978b7cb0ca314b57f87b310c9f230c
860,733817975189967,733817982331989,733818426652145,source_on_episode_2,11711711a3f3fad82dec26364a0588a2ea27c538a613deeade2ef7711dba1b3d
861,733818433785701,733818441273965,733818885138787,source_on_episode_2,ce1ae63f4507b06b05e084529e557f652c388f9d0c14e03b589971d774307e7d
862,733818890743058,733818898250257,733819342136922,source_on_episode_2,2ff15ca332ee49ba7490af510c6dbec61bd83c28b8dd8d565118daf7d20f7851
863,733819349466988,733819357300020,733819801113994,source_on_episode_2,e321c4d275905521a1a7cc1e854f59aed9021f8223fc65e64ec0f9eec0ec1377
864,733819808363769,733819815295375,733820259132483,source_on_episode_2,ccae28f85073642771bd2406b148057adf806cb6585b02d116cf489ff01a406e
865,733820268036990,733820275556262,733820719153074,source_on_episode_2,4b0b728aab06af938a8f4aa3602869267fe4bac292fde8230a25a79a2bcf4041
866,733820731677529,733820739270670,733821183184818,source_on_episode_2,ae25af42899542972848e9d7dc8a2f96860bdcaec869fdd039a43792e3c08d94
867,733821200597498,733821209378953,733821652121315,source_on_episode_2,f5911aea0bc035007ab22c7d2466974a2b2853548dd320e4211f2060658b062d
868,733821660839151,733821668262913,733822112130481,source_on_episode_2,97b2804dedf935a73d014e6372cdb567b3890e25ccf2da4a2f0805945a5300a8
869,733822119278915,733822126287978,733822570172281,source_on_episode_2,fcfa0ec75f8d55bf0a7dd39bdd9140e66b0e9dc6030dc47c51cd4d8e1a594df6
870,733822577349370,733822585289945,733823029224845,source_on_episode_2,4b7a6b51c9118f18be986826e98f18213fc00a050cbc9d4ff28d2e3505d350e6
871,733823037400922,733823045339653,733823490106492,source_on_episode_2,1c5c295027c00bc8194e7fde1a83969e4b30e3730dcdada8e959957b267cb60a
872,733823499420760,733823507291273,733823951193018,source_on_episode_2,3799732e94115b66322d1eab90451587d69d32b100dad402361a6925c88d84a8
873,733823959547771,733823967252092,733824411160812,source_on_episode_2,67301e644ef3c48280ce1ff8716bad85f5b450630c4f0327a45ad23fe89a8e21
874,733824424338577,733824432330338,733824878052282,source_on_episode_2,0bb9c82e18ead58b2b11f29d435e99bb29c9908d7367436b3510a26db9478c77
875,733824891499093,733824899413298,733825343148487,source_on_episode_2,c5bc8be32ab8685cc9445f7e6c7ddc8472acaa35be72ef6b9fafa780f80be766
876,733825348410534,733825356262242,733825800845280,source_on_episode_2,ca0b95a252945adc6af318a03c08295e5f7b4ae6dbe55ba6cfee226d82db5890
877,733825818386272,733825826309584,733826270174853,source_on_episode_2,a396f16a280dbad3f2322fbcd14c030fb02fea99b8aa4832b0673e4e28492133
878,733826278904573,733826286302547,733826730214589,source_on_episode_2,dc8e7beab3428635f23c131b46cd9310252ea16da7c38745eeecbb74c00eb14e
879,733826757303199,733826765327932,733827209191444,source_on_episode_2,8836bc04ef6013d70f257a0b81055ee1b03f2f3f064aa242f23e4caa1f2f2ed1
880,733827217738109,733827227747245,733827669184258,source_on_episode_2,d18aea8cd2e3ddb1f5e332c28be048a176da34c666b491e7b68b91bfbf9a4395
881,733827675954141,733827684927459,733828127143348,source_on_episode_2,f3f7d5d2292691a30b51f73744aef6b1405d4726c8837affdb97d736569064ec
882,733828134199499,733828141410542,733828585162215,source_on_episode_2,797c546a1b8a521f13fd772739de49bfd376e21f66fcac7af041a04d298af6a0
883,733828592161109,733828599470757,733829043200820,source_on_episode_2,d8d58e37e421bb0e9dc2c7bae4505f2b0ef71ec31e74ff31bcc407dcfd98fec1
884,733829061085078,733829068388495,733829512166793,source_on_episode_2,7ace2684b2db34843dcba86f835f744ca7149e0b8717f8c9c9d4c2e241fdc740
885,733829520095396,733829530277998,733829971215465,source_on_episode_2,32f35201e286d7c9e554dbec61d55d9e6d39ce3896636df04f7133f296ca407c
886,733829984356061,733829993232837,733830436186239,source_on_episode_2,e2719e8dbcb20e4f37d0959017e84384ee03d628d29bc83e222d4084a89696c5
887,733830444058616,733830452261765,733830895172179,source_on_episode_2,3f16c25f61ecc64e304d77c35529e22712c505fb8ed2649b7b1c996d9bec3d60
888,733830909657324,733830918208017,733831361171282,source_on_episode_2,3e6596191418e27dd3c4d2e6fce75a4035ccd5a559c9c20fdd8790da801cc38e
889,733831373822649,733831381853374,733831825168846,source_on_episode_2,4d4069189346d2d84320e1f5762b815e2b5ac184a1078adc0236ef3178617293
890,733831831755575,733831839334741,733832283217480,source_on_episode_2,bed1ae57992b1370648723853a05140e39becf98bb86cfd1571990155b2e631f
891,733832289512481,733832297330135,733832741220274,source_on_episode_2,703d7d9525ff2d13109e1b1e31e9b01fd2f85438f98a9ed4fd8ae89a621f5de5
892,733832747181918,733832755267426,733833199876427,source_on_episode_2,7ba2edc9a839bd2c50f55e6da6903b9ec6a9aa163f4b6498f9cfdfdedb676510
893,733833204952164,733833212232268,733833656535450,source_on_episode_2,54d00be65281d52ddfb1ecf8691eabd670545f9a10184d30a27c81d35a12b50a
894,733833677523167,733833685227128,733834129455830,source_on_episode_2,e63f64f7c3a77318e774afd9af31e59e3733f516656f73e9316a401182a708f2
895,733834134204562,733834142321620,733834586246445,source_on_episode_2,ecf4e4097c62a0dc3ae55a5c8124b49550589712d5b7a27ed11e155e7e88e5bc
896,733834592498255,733834600474227,733835044361914,source_on_episode_2,f6a5c67224f6459e541721288390b94f89f3c7037083f747718c611bee86bcf0
897,733835049979340,733835057350365,733835501206396,source_on_episode_2,ade402dc57c753bf4e6569b279868c43aeb2284fc79291517cb067688b92b505
898,733835522646505,733835530293699,733835974228421,source_on_episode_2,f2af17c7a61c3452ad5f780fe4d1f268302d68b7a02b1c6c2d6db059eb3994e2
899,733835979248142,733835987348188,733836431205097,source_on_episode_2,ed6ffcfb3373bc571803f97430a1f4e53e069dec6ed18a7470933df115f8c72b
900,733836438104354,733836446248784,733836890175947,source_on_episode_2,f4545aa3f368c5bc1542c41171294db7be9ac14db0ef12f2b8604f360c2a533a
901,733836896811008,733836904156475,733837348201692,source_on_episode_2,9eec8e9b408fdf2501285ed1911c8d84c3de8be525345367922b1800194fdfe1
902,733837353527460,733837361222755,733837805235145,source_on_episode_2,3a4aa2e8c092852f339fab298edc911c7883053983a7456da27a943af6d5430f
903,733837810393628,733837818256308,733838262223343,source_on_episode_2,6a919d608d0f0ca3507582d31864d692c0e1bbe1240c35df7d45bd9a0aa16d3b
904,733838266518813,733838274178100,733838719064811,source_on_episode_2,2d73d6097f3bca8880754a22ee037d559913cdb81995c6c128bf9c940ed77ed2
905,733838723476439,733838731136238,733839175230748,source_on_episode_2,1177a559018c041558d3baf252deee7d2ebbe038d09b8be0d7fce1ed4fccc19b
906,733839193473373,733839201154892,733839645215325,source_on_episode_2,dda75c3426fb9072b8bc27777d3b504cb2abd442352c20714ab10dba3457b7af
907,733839652070299,733839660131422,733840104264261,source_on_episode_2,f42cb3a16d19c80877e55595ea93f0d9919438496f17f1d2f4c40142799db456
908,733840109494470,733840117078986,733840561293143,source_on_episode_2,2259d2f0be4148fc642c99bfa6d38b4579d9c9725bdfa68281f150fc1ad7cc53
909,733840571145005,733840579052610,733841023219278,source_on_episode_2,978880102a21957a5b27d95e1dc89cc97a4d2a9ff8607066f5ac7e22569f9ee5
910,733841028228711,733841036033553,733841480243116,control_transition_guard_excluded,9c0760045d024313084a42d4064064ccd8be2458452557c3b626bdac64c2a72b
911,733841486095424,733841494092858,733841938275122,control_transition_guard_excluded,19d9a1fea617f6169de6c38fd8ff0bf6d6d4bc0510ce8303af5598ef3a465545
912,733841953617823,733841960997625,733842405241587,control_transition_guard_excluded,1aee815e0fbedebc4df62626008a7a7142a39af40f54cb21f4458852755412ad
913,733842421127320,733842431389253,733842873231943,control_transition_guard_excluded,cdff0cb3d3ef61a3f8ded0aeecfac964657cae18d067e527ebb154101129ba74
914,733842881904517,733842890125771,733843334187837,control_transition_guard_excluded,cac6dea7d158abbfa356a8865bf00f006def1cc8081f959736e0a3ce9748f3c1
915,733843339715656,733843347121396,733843791233140,source_off_after,b2f094c4cbf1490b8a7c488cff7c2f59ee607445842c1258f52b4398b6531ddc
916,733843798399060,733843806047858,733844250229715,source_off_after,3ff49bba79385d342fafb2c4f9c9c31587999464d1d3568913f2ec66964f02ab
917,733844253988946,733844262034661,733844705304207,source_off_after,821545db77acbca00c44cfe5b73e6baeef9b51eee14a0fa261411bedb5f599bc
918,733844711348086,733844719030838,733845162332354,source_off_after,555259f21e01b6ba228930e2bbbfc32318431159a41990602085bdd6578f6d8f
919,733845174922347,733845182400344,733845626407322,source_off_after,1878246def05ac48db7b172009666b2130e186bcecba6b7e3f8cac7bfd614a76
920,733845644167652,733845651365201,733846095345670,source_off_after,5d73c45b938179bd5fee3de3f44b2ef5f1c94f0bf74a9f68bc125f3241cd6789
921,733846103273223,733846110473106,733846554339956,source_off_after,0ff720277aa00dde751a8b59e4108fd9eaab084b18666d121bede3b47e2bc086
922,733846561189011,733846568466731,733847012319436,source_off_after,e6c6b21b017be33a83bd4683ceb2b4d6217fe65c249622ad2cd0cfe34913a10e
923,733847016985072,733847024438714,733847468340104,source_off_after,20bbb76659168568aae9a9c960f906870a9d8fc17ecad711136a185f1ef77ee1
924,733847473518024,733847480461446,733847924332371,source_off_after,8a3d3f7ed73d8aff007768aeacd11af7917d0c5678cbda7b6e4c13721c1dfd51
925,733847930907710,733847938485795,733848382354759,source_off_after,26eee794511edd1a1e55dd8aa560d1d7e24d2caa34cff6870a82dfff28ac42ab
926,733848394808727,733848402475319,733848846351190,source_off_after,10b9d41669c491b16fd31ef24410fede4ad19db3a833ec73f6c28ed0e1840874
927,733848859592168,733848866443126,733849310377077,source_off_after,3c11afe3df2dda6ef747bff66a45df12fd15d5502e2f516a126a4f5d1c98a203
928,733849322630738,733849329479642,733849773313530,source_off_after,4cc752e26031bb9dd13b08b65c6860b5f6c6fccd7e39a56d576c3b552f5f01ac
929,733849777998343,733849785427659,733850229304838,source_off_after,8ba8494c79208afcdd0fe923b0dc507474802b75f7b34d766b255244939ca20d
930,733850233320011,733850240425899,733850685264473,source_off_after,eb7775d66ff6d08518ee0d0c5822fe1e50c8b355af203b94921122f6318df5ab
931,733850695039491,733850702418873,733851146391027,source_off_after,2f395df7d45f3a96756f64602c329c8eec8a407ff8f25cfba97cdf5a0c88916e
932,733851153204484,733851161667365,733851604423175,source_off_after,8a2ae5ed0574e46c8e8a990a9eb1ae1c2cfadca534541bfe84c69e7ccf336caf
933,733851632142621,733851640679130,733852083362776,source_off_after,07ae1593cbc18c76220bb60b069e95307a71121dcf0c53bc9c4f48b183bbf99c
934,733852089066486,733852096476135,733852540351247,source_off_after,2559e227c264ae6a2f93f9ea04fa21a7fd5892e6cd12a13934ad7864607f16c4
935,733852546989004,733852554480467,733852998331475,source_off_after,62bbc180394e3a63e445e099986c39b48f6e6133508b810be6ba0c4824c0e7da
936,733853004492665,733853011489678,733853455335129,source_off_after,55f4ef1a2a2a1f4816f52d61b5517e4f2abe5f0fb8a6b1998fa9f12f24b31ece
937,733853467475818,733853474462882,733853918368068,source_off_after,22b14ed2c380c92efa04c22a02f92d9000ecffa86a6692afc4813666a7f6d400
938,733853925155888,733853932506195,733854376371739,source_off_after,756bd6dbe635d24165956d3a957198fd1edaebe3b0bae2a8c9fcb079ec412676
939,733854383172342,733854390499707,733854834277960,source_off_after,8dbc0cd768c7bfe051a36aa360bcf0503fbfc89c4b6f0c482b047f9a5834869f
940,733854849558105,733854857444321,733855301376986,source_off_after,5ac314645fe76e62c9231934d3c50dd29fb630dcd4aa88d42f7e25c8198d2815
941,733855313280179,733855320477960,733855764378379,source_off_after,cb8331335a3ae38bf8d9c9bffa50a1dde878c5811d88e7dbc367ea59217b17f7
942,733855768706281,733855776439859,733856220453411,source_off_after,154b0369a5ee353634a761b922e897c40095c8ad9ca60c01f64e21f18c8d4eb7
943,733856228896385,733856236495320,733856680415753,source_off_after,7311a61e8a38d7d9e806b4d886f53ae7a9b6ec6e062d7d5629694bb5e135f6a4
944,733856687367431,733856694635183,733857138378072,source_off_after,bc28c339980bfd4f6a9b7a9134dfb3dfa06c8c89b2c563e432e89a788c652b97
945,733857147837457,733857157869340,733857599391456,source_off_after,2bfec11f27f8bc6a00f70545b8b6b3f8ce59ddec85576689a3f0935bed8867c5
946,733857604491581,733857611510896,733858055412469,source_off_after,00daf1236bc70ddb8ba8797d3a2b0fa95dfb1befc58dff3bea5212911cc1d0dc
947,733858060661734,733858068525288,733858512389454,source_off_after,3cd587ad46e1a96ba9dbdf32235515fe26902b5fbf1cb2782329ff1e2861522c
948,733858521629317,733858529574154,733858973429476,source_off_after,7fe6e62b833aa263aa5d4c89f736fb7ef15a4c46da2e726dc4c805265314d480
949,733858979615053,733858987522749,733859431390868,source_off_after,2a122316c3e62c02ec9e4c6f71f5e88b30833a9288113a06c78c84e5405029d6
950,733859436684327,733859444601091,733859888379955,source_off_after,00d4c78ba5a603c42ae611f73e76ae171e3e81d96bdd62b244dc9be9d107ebd1
951,733859895715215,733859905392220,733860347468683,source_off_after,808aacde84e81ae005a331af3e7c50ccbf04b61a066052a64a125b42a4fe954b
952,733860354938426,733860362664281,733860806371957,source_off_after,e9f40933c694b3032910cc5d4d6a53c00db678f0a402fc396a4c85a30f7c04bb
953,733860812970000,733860820605635,733861264370830,source_off_after,cef77862c777cebae3fee4d32e23e519b71e5c056a4e1647001221723da38e70
954,733861277869606,733861285610980,733861729419842,source_off_after,d60c1992e9f2f23b9eca4d60ff58d457b6a387525cb944b74a184f518346c677
955,733861735362533,733861742627090,733862186900095,source_off_after,d09b8e3d20468d43c3c9639531b46e5a05c49714aaee22570c533e4c8455828e
956,733862199356850,733862206597613,733862650368399,source_off_after,914b596628aca1552867daaaf88d6a71a17feee4a53957c11503b127a74d054c
957,733862667518034,733862675587335,733863119400852,source_off_after,b99670cea7bfb6e7ff0db777431800671a72d28abae217f70a2587abef9d5a09
958,733863125346928,733863132601126,733863576380964,source_off_after,0c3b958a137604af8cfb14d9401c90e27f95a3e59d163358a4e42d2ef3e1788d
959,733863582977194,733863590627958,733864034375537,source_off_after,6beded4ec970792df0ffff5717b4095cfb53efa674ac43a9a977536ec63660f9
960,733864040690397,733864048646486,733864492405419,source_off_after,17697e4fcb0ea70923f3dfee9d5626d2b879892cb15652017fea90bfb32910bd
961,733864502502726,733864510601012,733864954412026,source_off_after,75ae9b6fadd99d4cdbb67ebeefc2d0246a4f59814ee9fbdce115a525a76ca719
962,733864971843020,733864980220050,733865423436980,source_off_after,a19d1ec428229a8bb74af39de22def7e3f86596c873049520c3cc77ebb9c1112
963,733865440153560,733865447484923,733865891431518,source_off_after,e4b26bb95f26654bf466408ae0b3424093e533e06f092196cef6d713eb59fe0e
964,733865896733944,733865904484025,733866348442574,source_off_after,132f31edae4a9c986cf35f2148e8da5316dc8c213da95cc9846d6dff4f48a1b9
965,733866360540605,733866368542800,733866812433887,source_off_after,9ae85b936ff57fc3264686aae265b2fca14a07ef01fdfe7f0e57fd8b238f3b7b
966,733866818546467,733866826466648,733867270443096,source_off_after,2d6bb5c6dd834fd7b55fd2f94fabea935eeed267c54b6740dd8a533c9fb081b4
967,733867279546152,733867287461815,733867731414463,source_off_after,6e225d047ce0e4ec5455311b49ce2b94a03cef92a5a8aa339dbd45c0509c58b3
968,733867736667316,733867744472280,733868188427433,source_off_after,fc628a28990e1f84f17b23d2b28dcdc16fc30fc2ccbc1ea89e7a342a3d04c64b
969,733868193996060,733868201468238,733868645409560,source_off_after,3f73d4f4218c6e9eed25cb3cb467c03b7dde436238148e93aded4c0f3458ccf6
970,733868650085728,733868657548759,733869101452711,source_off_after,d991cbceb66821c47fca01106796c0e456b459bfbfd6adb4b3dd2cb03c694a8f
971,733869107771009,733869115482608,733869559422432,source_off_after,d065118e320c821f423a515d32276af25ba27c5bceb3118d486eea8c038b0860
972,733869566267961,733869574474521,733870018431369,source_off_after,50802ef7307276797fa5973562212d989fb5cc7cae5d1bed5482f5b12540c80f
973,733870062974003,733870070378584,733870514441355,source_off_after,f21e2152e93e05e9d0bb6136985caee3eeedee3b8fe863d15992a41bda363136
974,733870521349382,733870529426639,733870973514599,source_off_after,dcbe329b24826a2a56d511c02cbc563d884d7e5d25ce8ae72f32df3b2cf4a8bf
975,733870986350389,733870994417437,733871438452100,source_off_after,5fe5ccb3d9f6e1e69c04231143fdb9e84535526f0978d3de2468940a9ef1caec
976,733871444203831,733871452419509,733871896437974,source_off_after,32d8cb4602d31a72badf91492219bd5cf654584af2d9b10d7cdd0a685fb57704
977,733871903136487,733871911444188,733872355423972,source_off_after,b373acc9b13e64d01145ccd6e62bb9480c213a3efdefdfc6276dce1ce967c852
978,733872361576598,733872369493704,733872813404051,source_off_after,4dabfdd47f2d7431713ca64fe2ac4ae52ab67ba52a9a156eed205bd710a264ce
979,733872818419377,733872828319574,733873270592973,source_off_after,d93944a7be7e85843f32d48365f099278b861e1be0761302b774e1e7af9737bd
980,733873289672781,733873297322013,733873741540246,source_off_after,ca9349d3b892b3c5a766e12a94229d0e0b898b446fddef0999edceff3a08e287
981,733873750338509,733873758273990,733874202437179,source_off_after,3913a03235e399f8265c2abf822ff7ddcf6f3cd09d11c56389bf6ce1a47d9fb9
982,733874216973980,733874224316134,733874668450134,source_off_after,241cd3a92fdf6850de7a295e461aef179bb7671aae1d245a49313a2ea1f93991
983,733874674544441,733874682339878,733875126483285,source_off_after,23622cf8aac1ccf3a322edbcc060adfba64116db55a99570dc2004fd701753bb
984,733875135015338,733875143368665,733875586461781,source_off_after,73febf380d9cf981c2235941eb341eb32d31ba32e63f99ca924fd68212b316e7
985,733875594505916,733875602250438,733876046523094,source_off_after,6cab79c8733c9e07ba19f2f7ed00a590b70665cbcd77716f1ae1212b231486b4
986,733876056840717,733876064313457,733876508447857,source_off_after,c9a4044780cecd17132b43aa22535fc6f9b578e7e50c2481cd59b83f1962c2ee
987,733876514943279,733876522295402,733876966448880,source_off_after,cdd99620d46cfd509ebae75227459346841e136f4bb46e5eac4a50e06f22b939
988,733876974527280,733876982582596,733877426460989,source_off_after,4ac3ca8c63d0f39aa46158679accb927ce95a523e8b52f171214d4fd8bcdf150
989,733877431717990,733877439255342,733877883459000,source_off_after,bc34f36e7d93126a040d03d94e04bb8b8fde897f2abce9c6e586a5bc2a7b9181
990,733877891822516,733877899307049,733878342512881,source_off_after,4c7f4b41be6748916831059ff94fee95bfd763b8b884bc2e42cff58bf276e1d4
991,733878354853230,733878361624811,733878805575910,source_off_after,199a27338f8911b1a89f31c0c9e6f49d88097f6114f7f2c3f5d73edaf1c246c6
992,733878813331993,733878820584630,733879264578079,source_off_after,815cd7b42725bc66f16635951bd817eccf431e672448c2f024e872d94b769b43
993,733879273882926,733879280616636,733879724537053,source_off_after,144d6c3b0316a1b6be68ca65939aba1a64c79dd0433ce8df65ec055af5a452d2
994,733879732668813,733879739622688,733880183551049,source_off_after,a35484a15ab47c0c8305edfc200d112db79fc113dbf788e7cf15de2bc1f56d92
995,733880241988864,733880249663965,733880693576513,source_off_after,cfd79b87ad8da65ee4591600756928565ec54517821983375df0eccbd1424cd8
996,733880699615796,733880706666513,733881150554163,source_off_after,1adaf22da17ce10c75f79f22e932657ec252b6186593dc62ff55051aff432b3e
