kind,sequence,sample_index,samples_processed,ffts,flags,gain_code,crc32,received_relative_seconds,minimum_power_code,maximum_power_code,mean_power_code
spectrum,0,19040,4096,8,8,60,beefbcd4,0.02209856396075338,0,88,34.26171875
spectrum,1,1775680,4096,8,8,61,d00c99f8,0.044837899040430784,4,93,34.138671875
spectrum,2,3615440,4096,8,8,61,b96b0d3d,0.06689946202095598,3,102,36.404296875
spectrum,3,5375440,4096,8,8,62,bad46ebd,0.08888078504242003,4,106,39.220703125
spectrum,4,7151840,4096,8,8,28,30f3c4bf,0.11190132098272443,3,122,34.943359375
spectrum,5,8975440,4096,8,8,60,cac940f5,0.1338827529689297,1,103,42.6015625
spectrum,6,10735680,4096,8,8,62,bd8d0fb2,0.1561371210264042,2,96,35.1328125
spectrum,7,12495440,4096,8,8,33,abe67cf3,0.1787747440394014,2,107,36.63671875
spectrum,8,14255440,4096,8,8,61,7a5087a1,0.19996733497828245,3,97,34.876953125
spectrum,9,16015440,4096,8,8,62,ee07d408,0.22193186497315764,2,93,35.26171875
spectrum,10,17775440,4096,8,8,62,f725e393,0.24390392994973809,5,90,34.201171875
spectrum,11,19535440,4096,8,8,60,daea0c56,0.26587918994482607,5,105,36.21484375
spectrum,12,21375440,4096,8,8,63,4c6a6cf8,0.2886773870559409,3,86,34.708984375
spectrum,13,23135120,4096,8,8,61,ee4f026a,0.31186974805314094,4,117,36.5859375
spectrum,14,24975680,4096,8,8,61,f73ccf2a,0.33387479500379413,5,108,42.03515625
spectrum,15,26736640,4096,8,8,60,db80dea7,0.355898377019912,3,88,34.306640625
spectrum,16,28495440,4096,8,8,62,cddc53e8,0.3779025620315224,0,109,36.1640625
spectrum,17,30255440,4096,8,8,61,c1bff3d5,0.3998841739958152,4,92,35.515625
spectrum,18,32015680,4096,8,8,61,472b33fd,0.42188977205660194,3,86,34.5625
spectrum,19,33775440,4096,8,8,63,b89b0ab3,0.4441926720319316,12,101,49.529296875
spectrum,20,35615440,4096,8,8,60,f30fb3b5,0.46702908095903695,3,95,37.037109375
spectrum,21,37375680,4096,8,8,60,c2ba8dbd,0.48889372195117176,3,105,38.498046875
spectrum,22,39135440,4096,8,8,32,dbfc2332,0.5110771560575813,1,115,39.16796875
spectrum,23,40975440,4096,8,8,60,2cb09b56,0.5338109909789637,2,106,39.181640625
spectrum,24,42815120,4096,8,8,61,cf580a72,0.5569261959753931,4,87,35.201171875
spectrum,25,44575680,4096,8,8,62,ca0c4742,0.5789187989430502,1,110,38.576171875
spectrum,26,46335440,4096,8,8,59,8634e328,0.6008993700379506,3,86,34.748046875
spectrum,27,48095120,4096,8,8,62,8186c407,0.6229289129842073,4,115,41.537109375
spectrum,28,49855440,4096,8,8,62,cc1a0041,0.6448740770574659,3,88,35.462890625
spectrum,29,51615680,4096,8,8,63,c20f1026,0.6668432060396299,1,92,34.634765625
spectrum,30,53375440,4096,8,8,58,01de0953,0.6889104599831626,3,107,37.662109375
spectrum,31,55135440,4096,8,8,64,06b57a69,0.7112051340518519,4,120,42.3671875
spectrum,32,56895680,4096,8,8,62,5f3bd889,0.7332874969579279,1,90,34.9375
spectrum,33,58655120,4096,8,8,33,c98f62e0,0.7550628900062293,2,109,38.849609375
spectrum,34,60495440,4096,8,8,60,7bbf3b5a,0.7779057209845632,0,105,36.8125
spectrum,35,62255440,4096,8,8,61,7827fdee,0.7999236419564113,2,109,40.255859375
spectrum,36,64095440,4096,8,8,63,8cfbd7f8,0.822938296943903,2,88,35.439453125
spectrum,37,65855680,4096,8,8,60,f13e78e8,0.8448880689684302,2,100,39.7421875
spectrum,38,67615120,4096,8,8,61,f7121b18,0.8679400649853051,3,110,38.630859375
spectrum,39,69455440,4096,8,8,63,db4d06e4,0.8900685759726912,5,106,36.71484375
spectrum,40,71295440,4096,8,8,72,4b08dbfb,0.912909441976808,3,97,36.548828125
spectrum,41,73055680,4096,8,8,28,0dfa6ac8,0.9350596340373158,4,119,37.544921875
spectrum,42,74815680,4096,8,8,62,8f6dc701,0.9569682680303231,3,104,38.484375
spectrum,43,76575440,4096,8,8,72,6f4a7882,0.9790113070048392,5,103,39.46875
spectrum,44,78335680,4096,8,8,60,c2765bf1,1.0008902250556275,4,107,52.630859375
spectrum,45,80095440,4096,8,8,72,ea5206c4,1.0229735099710524,2,101,36.884765625
spectrum,46,81855440,4096,8,8,61,11a155b6,1.0449069519527256,1,86,34.181640625
spectrum,47,83615120,4096,8,8,61,dd566ef6,1.0669312049867585,4,86,34.29296875
spectrum,48,85455440,4096,8,8,61,a2d4d57e,1.0899552979972214,2,107,42.1171875
spectrum,49,87215680,4096,8,8,64,2a76fa74,1.11194816196803,4,114,41.271484375
spectrum,50,88975120,4096,8,8,60,ec406f93,1.134057275019586,4,108,37.423828125
spectrum,51,90735440,4096,8,8,62,da456f50,1.1559344000415877,4,90,34.783203125
spectrum,52,92495680,4096,8,8,61,d77b19b2,1.177961198030971,3,91,34.794921875
spectrum,53,94255440,4096,8,8,59,76bd8643,1.2001411960227415,2,103,36.384765625
spectrum,54,96015440,4096,8,8,72,4bb50f79,1.2223142300499603,6,106,51.802734375
spectrum,55,97775440,4096,8,8,63,bc8f95c2,1.2437971100443974,3,86,34.79296875
spectrum,56,99535120,4096,8,8,65,2f3b00f1,1.2660364400362596,2,92,35.193359375
spectrum,57,101295440,4096,8,8,63,75410aac,1.2878999089589342,1,88,35.5234375
spectrum,58,103055680,4096,8,8,61,cfd3fe51,1.3099049959564582,2,91,34.53515625
spectrum,59,104815440,4096,8,8,61,230f666a,1.3319393480196595,4,107,36.5546875
spectrum,60,106655440,4096,8,8,60,7f253619,1.3549298479920253,4,88,34.703125
spectrum,61,108415120,4096,8,8,61,0a27a4ff,1.3769518369808793,4,105,38.916015625
spectrum,62,110175680,4096,8,8,63,b24026dd,1.3990076490445063,4,107,36.748046875
spectrum,63,111935440,4096,8,8,64,1d928ee8,1.4209559890441597,3,92,35.384765625
spectrum,64,113696640,4096,8,8,61,ce4ec703,1.4428593029733747,3,99,37.861328125
spectrum,65,115455440,4096,8,8,61,50c74083,1.4649494109908119,3,88,34.27734375
spectrum,66,117215440,4096,8,8,63,38677d88,1.4869309830246493,5,109,38.884765625
spectrum,67,118975120,4096,8,8,32,7c860109,1.5089465799974278,4,109,36.330078125
spectrum,68,120735440,4096,8,8,60,2262417b,1.5309595719445497,0,109,35.91015625
spectrum,69,122495440,4096,8,8,29,1a3b2107,1.5529705500230193,3,115,37.041015625
spectrum,70,124255440,4096,8,8,60,0e5b5ac5,1.5750022870488465,1,100,36.556640625
spectrum,71,126015440,4096,8,8,60,615f427b,1.5968978370074183,3,106,40.421875
spectrum,72,127855440,4096,8,8,62,06c811bd,1.6199590100441128,1,100,37.720703125
spectrum,73,129615120,4096,8,8,63,8ef22c79,1.6419714409857988,4,90,35.5234375
spectrum,74,131375680,4096,8,8,61,3f98f0ee,1.6639939210144803,3,98,36.775390625
spectrum,75,133135120,4096,8,8,30,470b38c2,1.6859256889438257,0,99,38.236328125
spectrum,76,134895440,4096,8,8,61,23f85988,1.7079624460311607,1,107,37.80859375
spectrum,77,136655440,4096,8,8,60,16e17035,1.7299073489848524,0,90,34.263671875
spectrum,78,138415680,4096,8,8,72,b9c03543,1.7519121350487694,3,107,40.779296875
spectrum,79,140175440,4096,8,8,63,ac3a6871,1.7739005610346794,4,92,36.36328125
spectrum,80,141935680,4096,8,8,61,ed8c2b80,1.795929301995784,3,91,35.630859375
spectrum,81,143695680,4096,8,8,60,b1675080,1.8179298409959301,0,89,34.11328125
spectrum,82,145455440,4096,8,8,60,95a73830,1.8399007529951632,3,108,36.1328125
spectrum,83,147215440,4096,8,8,60,e022200f,1.861707183998078,2,91,33.951171875
spectrum,84,148975120,4096,8,8,61,0dac6cb9,1.883952706004493,4,105,38.58984375
spectrum,85,150735680,4096,8,8,72,e292dd01,1.9058795450255275,4,115,43.734375
spectrum,86,152495440,4096,8,8,63,1ac24564,1.9279220219468698,3,90,35.82421875
spectrum,87,154255120,4096,8,8,61,01597146,1.9498746800236404,3,104,36.64453125
spectrum,88,156015440,4096,8,8,60,4836f101,1.9719881019555032,2,95,36.095703125
spectrum,89,157776640,4096,8,8,62,e70af1c6,1.993953873985447,4,115,35.78515625
spectrum,90,159535440,4096,8,8,48,1953bd7c,2.015887586050667,4,128,38.59765625
spectrum,91,161295440,4096,8,8,61,a26110bb,2.0379597500432283,4,109,37.208984375
spectrum,92,163055680,4096,8,8,72,62a1d65e,2.0601148910354823,4,112,43.96875
spectrum,93,164815440,4096,8,8,62,c5e4b191,2.0819018450565636,3,106,37.97265625
spectrum,94,166575440,4096,8,8,60,660c1082,2.103967566974461,2,117,43.056640625
spectrum,95,168335680,4096,8,8,62,9a284223,2.125842908048071,4,98,37.193359375
spectrum,96,170175440,4096,8,8,60,7b056d37,2.148897198960185,2,109,42.25
spectrum,97,171935680,4096,8,8,62,67b279f0,2.1711357870372012,3,93,35.3359375
spectrum,98,173695120,4096,8,8,62,82acdc99,2.1930288119474426,4,94,34.50390625
spectrum,99,175455440,4096,8,8,62,2fab26a6,2.2149385689990595,2,89,35.3671875
spectrum,100,177215440,4096,8,8,62,0b2b6c8c,2.2368852549698204,4,103,37.150390625
spectrum,101,178975120,4096,8,8,72,65b732d2,2.2599290249636397,4,122,40.48828125
spectrum,102,180815440,4096,8,8,59,de76e90f,2.281934523023665,3,108,36.97265625
spectrum,103,182575680,4096,8,8,60,3731ee19,2.303949538967572,4,110,42.505859375
spectrum,104,184335440,4096,8,8,62,d1ce5e9e,2.32586069800891,2,114,37.3984375
spectrum,105,186095440,4096,8,8,60,a48884ab,2.3479290649993345,4,88,35.943359375
spectrum,106,187855440,4096,8,8,60,17c079bb,2.3699237819528207,5,103,37.146484375
spectrum,107,189615120,4096,8,8,64,cfa9df85,2.3919170959852636,2,106,38.400390625
spectrum,108,191455440,4096,8,8,60,5665eda7,2.414925148943439,1,91,33.193359375
spectrum,109,193216000,4096,8,8,60,eab3c897,2.436941326945089,1,109,39.39453125
spectrum,110,194975440,4096,8,8,60,a2624a61,2.458949840045534,4,115,38.337890625
spectrum,111,196735440,4096,8,8,72,0f78117e,2.480906125041656,4,105,37.93359375
spectrum,112,198495120,4096,8,8,60,137a84aa,2.5028818460414186,1,104,37.50390625
spectrum,113,200255440,4096,8,8,59,3c67d212,2.5250059979734942,8,113,41.40234375
spectrum,114,202015440,4096,8,8,72,b6effce1,2.5470269350335,2,110,40.1015625
spectrum,115,203776640,4096,8,8,59,31042536,2.568914068979211,2,95,33.546875
spectrum,116,205535440,4096,8,8,61,39e2ae99,2.5909907210152596,0,93,34.20703125
spectrum,117,207295440,4096,8,8,62,b9b7b8f4,2.612958397017792,2,96,35.462890625
spectrum,118,209055440,4096,8,8,32,f020c6f7,2.634894403978251,12,146,65.404296875
spectrum,119,210815440,4096,8,8,63,78e5f217,2.6569508879911155,4,110,39.1953125
spectrum,120,212655440,4096,8,8,29,f830a6cc,2.6799549229908735,0,112,36.142578125
spectrum,121,214415680,4096,8,8,60,dbbff01b,2.701920425053686,3,101,37.486328125
spectrum,122,216175440,4096,8,8,61,9c0e1d83,2.723950659041293,20,139,68.4375
spectrum,123,217935440,4096,8,8,36,6b387511,2.745919286971912,4,100,36.916015625
spectrum,124,219695120,4096,8,8,62,b221b840,2.7679814520524815,4,113,35.2734375
spectrum,125,221455440,4096,8,8,60,92786c11,2.789919040980749,0,88,34.7890625
spectrum,126,223215120,4096,8,8,32,d00d5477,2.811958512989804,5,101,37.939453125
spectrum,127,224975440,4096,8,8,61,af92aa45,2.833919457043521,4,103,36.232421875
spectrum,128,226735440,4096,8,8,60,141126f9,2.855913623003289,0,100,36.81640625
spectrum,129,228496000,4096,8,8,30,d91b0982,2.878148484043777,6,108,38.384765625
spectrum,130,230255440,4096,8,8,60,8f8a7ac1,2.900021751993336,4,91,35.05859375
spectrum,131,232015440,4096,8,8,60,705c0cf1,2.92203894094564,2,88,34.708984375
spectrum,132,233856000,4096,8,8,32,7746ac30,2.944932578015141,3,104,37.3046875
spectrum,133,235615120,4096,8,8,60,4ab8f5cf,2.967006625025533,1,90,33.921875
spectrum,134,237375440,4096,8,8,60,fe2efe86,2.988921471987851,4,96,38.4609375
spectrum,135,239135120,4096,8,8,60,da520b08,3.010947276954539,0,94,34.1171875
spectrum,136,240895440,4096,8,8,61,81f0fce2,3.0329631350468844,5,107,38.564453125
spectrum,137,242655440,4096,8,8,61,f0b25b78,3.054902857984416,3,84,34.0390625
spectrum,138,244415120,4096,8,8,62,96449c68,3.078017272055149,3,122,36.794921875
spectrum,139,246255440,4096,8,8,62,f49b1a04,3.0999376389663666,0,90,34.55859375
spectrum,140,248015680,4096,8,8,60,8da76d1a,3.1219341290416196,9,131,46.892578125
spectrum,141,249775440,4096,8,8,63,9fd7b7f1,3.1440487729851156,3,111,38.9765625
spectrum,142,251535440,4096,8,8,61,ffae204b,3.1665039809886366,5,88,34.265625
spectrum,143,253295680,4096,8,8,60,32bc5245,3.1881972680566832,0,104,37.439453125
spectrum,144,255135440,4096,8,8,72,32ab2ec1,3.2109727619681507,4,108,39.904296875
spectrum,145,256895680,4096,8,8,59,74cf379b,3.2329507670365274,1,95,36.96484375
spectrum,146,258655680,4096,8,8,60,85c953f5,3.2549359269905835,4,86,34.048828125
spectrum,147,260415440,4096,8,8,60,989e7b91,3.2770430860109627,4,83,33.69140625
spectrum,148,262175440,4096,8,8,60,2ce86459,3.2991401869803667,7,112,40.052734375
spectrum,149,263935120,4096,8,8,60,c4bf6aa0,3.321017152047716,4,108,34.767578125
spectrum,150,265695440,4096,8,8,60,0ca5a690,3.3429898669710383,2,105,37.03515625
spectrum,151,267455440,4096,8,8,60,fa89d2c8,3.364922608016059,4,101,39.333984375
spectrum,152,269215120,4096,8,8,61,137b60af,3.386960917036049,1,89,33.978515625
spectrum,153,270975440,4096,8,8,61,d7f37060,3.408918122993782,2,95,36.04296875
spectrum,154,272735680,4096,8,8,61,a515b871,3.4309509829618037,4,86,34.294921875
spectrum,155,274495440,4096,8,8,60,69a031e7,3.4530655370326713,4,106,38.794921875
spectrum,156,276335440,4096,8,8,60,9dc4bed7,3.4759673490189016,0,82,33.328125
spectrum,157,278095680,4096,8,8,59,c5c46995,3.497967666015029,4,99,37.146484375
spectrum,158,279855120,4096,8,8,60,c2d1a249,3.5200167660368606,8,129,42.693359375
spectrum,159,281615440,4096,8,8,60,a1b39694,3.541949006030336,2,86,33.98046875
spectrum,160,283375120,4096,8,8,62,70b4be92,3.5639938679523766,10,130,56.912109375
spectrum,161,285135120,4096,8,8,60,7eef6e72,3.585992070962675,5,111,38.2890625
spectrum,162,286895440,4096,8,8,61,be27b219,3.6085640899837017,7,106,37.30859375
spectrum,163,288655120,4096,8,8,63,331cc3a4,3.6300958519568667,3,126,35.982421875
spectrum,164,290415440,4096,8,8,59,eb38539e,3.651880322024226,5,110,35.318359375
spectrum,165,292175440,4096,8,8,60,6dc6ef60,3.674424126977101,14,145,60.33984375
spectrum,166,293936640,4096,8,8,29,5eeb6ccb,3.696169913979247,2,128,36.775390625
spectrum,167,295775440,4096,8,8,59,14af99b9,3.718950737034902,2,94,35.775390625
spectrum,168,297615440,4096,8,8,61,022fc82a,3.7419685380300507,5,130,39.82421875
spectrum,169,299376000,4096,8,8,72,e2b6a72a,3.7639382779598236,3,107,39.25390625
spectrum,170,301135440,4096,8,8,60,c0768952,3.7860996410017833,1,111,39.3046875
spectrum,171,302975440,4096,8,8,63,f2cc8aee,3.809277454041876,0,92,36.61328125
spectrum,172,304735440,4096,8,8,63,14fdb2e1,3.8311384390108287,7,123,47.828125
spectrum,173,306495440,4096,8,8,61,2bdf1106,3.852951623033732,0,106,38.2734375
spectrum,174,308255440,4096,8,8,62,463eb84a,3.87490043300204,1,124,36.865234375
spectrum,175,310015440,4096,8,8,58,68b290ac,3.8971425680210814,0,113,36.87890625
spectrum,176,311855440,4096,8,8,62,a5da8b68,3.9199238820001483,2,87,34.787109375
spectrum,177,313615680,4096,8,8,60,aca54d78,3.9419346100185066,11,133,53.708984375
spectrum,178,315375440,4096,8,8,62,78547153,3.963889001053758,1,105,35.642578125
spectrum,179,317135440,4096,8,8,60,0fdb102d,3.9858563559828326,2,91,34.34765625
spectrum,180,318895680,4096,8,8,61,bd66ff7e,4.007936295005493,1,105,40.666015625
spectrum,181,320655440,4096,8,8,72,6990d540,4.030142090981826,20,130,57.005859375
spectrum,182,322495680,4096,8,8,59,886b77fa,4.053391108987853,1,108,36.931640625
spectrum,183,324255680,4096,8,8,62,e1241caa,4.075033350032754,4,91,34.35546875
spectrum,184,326015440,4096,8,8,61,0d597e2a,4.09803308697883,2,114,36.046875
spectrum,185,327855440,4096,8,8,62,d6277c6b,4.119944376987405,0,85,34.48828125
spectrum,186,329615120,4096,8,8,60,185550b2,4.14204674703069,1,128,37.349609375
spectrum,187,331375440,4096,8,8,60,9fa1dcbe,4.164016347029246,3,104,36.21484375
spectrum,188,333135440,4096,8,8,60,6d5ba285,4.1859297410119325,2,115,35.9765625
spectrum,189,334896640,4096,8,8,61,2097cf84,4.207946258946322,3,83,34.560546875
spectrum,190,336655440,4096,8,8,61,fbdc2f6b,4.229993456043303,4,85,34.384765625
spectrum,191,338415440,4096,8,8,60,1a45c282,4.251851154025644,2,121,36.41015625
spectrum,192,340256960,4096,8,8,62,2911163a,4.274963804055005,3,89,34.8203125
spectrum,193,342015440,4096,8,8,62,19711340,4.296942131011747,4,87,34.46875
spectrum,194,343775440,4096,8,8,64,636597d1,4.319201537990011,3,101,37.9375
spectrum,195,345535120,4096,8,8,61,d4a6e40a,4.3411269440548494,16,144,66.34375
spectrum,196,347295440,4096,8,8,60,ce038165,4.363007755950093,0,107,38.671875
spectrum,197,349055440,4096,8,8,59,d60e5327,4.384955415036529,3,109,39.296875
spectrum,198,350815120,4096,8,8,62,fa4a4cb2,4.407002290012315,4,87,33.9453125
spectrum,199,352575440,4096,8,8,60,73d8f63d,4.429017276037484,0,99,37.314453125
spectrum,200,354335120,4096,8,8,32,d2b3ea8b,4.45102117001079,3,106,39.859375
spectrum,201,356095440,4096,8,8,62,a006f701,4.473052817047574,2,108,36.900390625
spectrum,202,357855440,4096,8,8,60,03efe22e,4.494959749048576,2,106,39.9296875
spectrum,203,359615680,4096,8,8,29,b34c5b92,4.516993339988403,0,117,36.482421875
spectrum,204,361455440,4096,8,8,72,29d812eb,4.540046778041869,3,103,39.04296875
spectrum,205,363215120,4096,8,8,60,33de0ff3,4.56200630904641,6,114,36.92578125
spectrum,206,364976000,4096,8,8,61,0ccfea1d,4.583961091004312,5,113,35.86328125
spectrum,207,366735440,4096,8,8,60,10774a4e,4.605998739018105,1,113,38.296875
spectrum,208,368495440,4096,8,8,61,2ad1b03d,4.62798297603149,0,88,34.236328125
spectrum,209,370255120,4096,8,8,61,694487df,4.650008452008478,14,144,66.771484375
spectrum,210,372015440,4096,8,8,60,e95e1988,4.672067741048522,1,103,36.724609375
spectrum,211,373775440,4096,8,8,61,a7908077,4.693953071022406,2,129,35.048828125
spectrum,212,375535120,4096,8,8,58,7c2232db,4.716170859988779,4,117,38.91796875
spectrum,213,377375440,4096,8,8,62,1c11e51e,4.739054869045503,4,85,34.61328125
spectrum,214,379135680,4096,8,8,61,d8caca94,4.760960777988657,0,102,37.380859375
spectrum,215,380895440,4096,8,8,59,85bb5135,4.783032731036656,2,105,38.828125
spectrum,216,382735440,4096,8,8,60,99cd5d8e,4.805973115959205,5,113,39.19921875
spectrum,217,384495680,4096,8,8,63,ed8d0680,4.8282143890392035,4,94,35.603515625
spectrum,218,386255120,4096,8,8,64,98c39a0d,4.850016252021305,0,131,40.09765625
spectrum,219,388015440,4096,8,8,59,3a9858f5,4.872146044042893,5,113,41.419921875
spectrum,220,389775680,4096,8,8,63,482c35e0,4.8939873720519245,9,135,58.029296875
spectrum,221,391535440,4096,8,8,62,06b846fa,4.9159983090357855,4,115,39.26953125
spectrum,222,393295440,4096,8,8,62,92743573,4.938060233951546,1,90,35.279296875
spectrum,223,395055120,4096,8,8,60,2ca01463,4.960055822972208,2,127,36.83203125
spectrum,224,396815440,4096,8,8,60,7e0fd975,4.9819963769987226,2,110,37.28515625
spectrum,225,398575440,4096,8,8,60,8de0bb1a,5.004020991036668,7,127,38.6171875
spectrum,226,400335120,4096,8,8,29,09388b85,5.026046346058138,0,105,39.283203125
spectrum,227,402095440,4096,8,8,60,6e5b24ee,5.047966412035748,2,87,33.58984375
spectrum,228,403855680,4096,8,8,59,d0a818af,5.072289261035621,5,112,41.162109375
spectrum,229,405695680,4096,8,8,31,ab7b2346,5.0930642819730565,0,104,35.89453125
spectrum,230,407455440,4096,8,8,60,417e92a0,5.115964169963263,26,142,75.12109375
spectrum,231,409295440,4096,8,8,60,17f84e3e,5.138047695043497,0,87,34.03515625
spectrum,232,411055120,4096,8,8,61,9f8b5e2f,5.159984152996913,6,123,47.947265625
spectrum,233,412815440,4096,8,8,72,118d1c44,5.182045285007916,3,109,38.373046875
spectrum,234,414575440,4096,8,8,60,f2cdc9e9,5.204094285028987,14,145,61.255859375
spectrum,235,416335120,4096,8,8,59,7ccca2a0,5.226002800045535,2,128,36.966796875
spectrum,236,418095440,4096,8,8,59,0cdd64b8,5.248019948950969,5,86,34.1015625
spectrum,237,419855120,4096,8,8,31,4ceb00b0,5.2700677970424294,34,141,71.232421875
spectrum,238,421615440,4096,8,8,60,b0d35cd4,5.291988334036432,2,105,35.892578125
spectrum,239,423375440,4096,8,8,60,c46f323e,5.313970317016356,4,122,36.587890625
spectrum,240,425135680,4096,8,8,29,f91fb20c,5.336965766036883,3,119,35.564453125
spectrum,241,426975680,4096,8,8,60,f1113c9f,5.359070391044952,5,125,46.373046875
spectrum,242,428735440,4096,8,8,60,e99f9faa,5.3810386980185285,0,88,33.98046875
spectrum,243,430495440,4096,8,8,60,cf4c29c3,5.403020411031321,4,100,37.58984375
spectrum,244,432255120,4096,8,8,60,c239eec2,5.425049162004143,4,98,33.83203125
spectrum,245,434015440,4096,8,8,60,1a6e0637,5.447031154995784,2,100,37.2265625
spectrum,246,435775440,4096,8,8,60,cf331960,5.469087318982929,4,106,37.587890625
spectrum,247,437535440,4096,8,8,58,048b940b,5.491147128981538,19,144,65.48046875
spectrum,248,439295440,4096,8,8,60,1b2be1de,5.513039231998846,3,110,41.267578125
spectrum,249,441055120,4096,8,8,63,c1c85332,5.537073003943078,1,121,36.41796875
spectrum,250,442895440,4096,8,8,60,103a31ae,5.558016764000058,4,89,34.146484375
spectrum,251,444655680,4096,8,8,60,996dcb0c,5.579998065950349,2,91,34.5078125
spectrum,252,446495440,4096,8,8,60,c9d4811f,5.6031584669835865,0,105,38.75
spectrum,253,448255680,4096,8,8,61,433cf695,5.625079674995504,4,127,36.3046875
spectrum,254,450015440,4096,8,8,60,2ed61e59,5.64701931795571,1,101,36.86328125
spectrum,255,451775120,4096,8,8,60,b457b65c,5.669017661944963,5,89,34.24609375
spectrum,256,453535440,4096,8,8,59,1aa9e206,5.691058496944606,22,144,65.314453125
spectrum,257,455295680,4096,8,8,60,a1dc931c,5.7130322239827365,4,104,36.90234375
spectrum,258,457055440,4096,8,8,72,5662707c,5.734950587037019,16,141,63.296875
spectrum,259,458815440,4096,8,8,60,4e0f9e13,5.757029333035462,2,105,39.62109375
spectrum,260,460575120,4096,8,8,60,01fb8e1a,5.779013019055128,0,94,36.60546875
spectrum,261,462335440,4096,8,8,60,7c9d9b2d,5.800924159004353,12,126,47.4375
spectrum,262,464095440,4096,8,8,60,ca04b62f,5.823003696044907,2,89,33.845703125
spectrum,263,465855120,4096,8,8,60,bac145c6,5.845039471052587,16,129,63.76953125
spectrum,264,467695440,4096,8,8,60,103b57d4,5.867981469025835,3,82,33.296875
spectrum,265,469456000,4096,8,8,62,1838dd38,5.89002105104737,1,122,36.892578125
spectrum,266,471215440,4096,8,8,32,9058c1aa,5.9119153580395505,1,131,40.21484375
spectrum,267,472975440,4096,8,8,60,58c0a560,5.93404930899851,1,89,34.275390625
spectrum,268,474735440,4096,8,8,61,e4f0f421,5.956030420027673,0,105,36.626953125
spectrum,269,476495120,4096,8,8,60,8960004a,5.978112232056446,3,85,34.32421875
spectrum,270,478255440,4096,8,8,59,2f4a3509,6.000013562035747,1,88,33.6796875
spectrum,271,480015440,4096,8,8,60,73999b17,6.0220832619816065,4,89,34.244140625
spectrum,272,481775440,4096,8,8,61,8d3b29f4,6.044103828025982,0,100,37.302734375
spectrum,273,483535440,4096,8,8,58,8c3724a4,6.06603140803054,26,142,71.560546875
spectrum,274,485295120,4096,8,8,60,78ca9e0c,6.08810985297896,4,129,36.61328125
spectrum,275,487135440,4096,8,8,60,f84dc9ab,6.111076186993159,0,127,37.361328125
spectrum,276,488975440,4096,8,8,60,df1637f0,6.134040688048117,4,92,33.88671875
spectrum,277,490736000,4096,8,8,61,df186496,6.15611285099294,0,86,33.861328125
spectrum,278,492495440,4096,8,8,60,ee691343,6.177963376045227,3,88,34.193359375
spectrum,279,494255440,4096,8,8,62,56de57a6,6.201141700032167,3,128,33.75
spectrum,280,496015440,4096,8,8,35,5071c868,6.222064931993373,2,104,38.705078125
spectrum,281,497775120,4096,8,8,60,ced5835a,6.243999505997635,4,86,34.90625
spectrum,282,499535440,4096,8,8,63,e9982d71,6.265999012044631,6,129,41.40234375
spectrum,283,501295120,4096,8,8,60,adea168b,6.288126921048388,11,135,49.953125
spectrum,284,503135440,4096,8,8,60,0080f6eb,6.311041928012855,16,143,71.66796875
spectrum,285,504895440,4096,8,8,60,e488521e,6.333060228964314,2,86,33.6953125
spectrum,286,506655680,4096,8,8,60,741a876d,6.35598581598606,3,118,35.7421875
spectrum,287,508495440,4096,8,8,61,c3a3d7b5,6.377968069980852,5,100,37.1484375
spectrum,288,510255680,4096,8,8,60,16bd9ea3,6.400018502026796,0,94,36.126953125
spectrum,289,512015440,4096,8,8,60,20a8c5aa,6.421944229048677,1,101,36.021484375
spectrum,290,513775680,4096,8,8,62,90f48f47,6.444027964025736,5,97,38.029296875
spectrum,291,515535440,4096,8,8,60,48968477,6.466069860965945,3,98,36.748046875
spectrum,292,517295120,4096,8,8,60,26b47ea6,6.488077973015606,2,85,33.962890625
spectrum,293,519055440,4096,8,8,60,d3417a51,6.510009450954385,0,85,33.92578125
spectrum,294,520815680,4096,8,8,72,ba6bf67a,6.533927534008399,4,104,37.498046875
spectrum,295,522575440,4096,8,8,60,c747178d,6.554047035984695,4,94,36.853515625
spectrum,296,524335440,4096,8,8,60,33539575,6.576019651954994,16,139,64.04296875
spectrum,297,526095120,4096,8,8,62,8edefff9,6.598055387032218,1,92,34.08203125
spectrum,298,527855440,4096,8,8,62,3bb0c332,6.619964360957965,0,106,36.130859375
spectrum,299,529615440,4096,8,8,60,5c8c76bc,6.642010485986248,3,84,34.251953125
spectrum,300,531375120,4096,8,8,61,4e7f8d66,6.664035310037434,2,106,36.841796875
spectrum,301,533135680,4096,8,8,60,cb0dbdad,6.6860700129764155,9,137,55.923828125
spectrum,302,534895680,4096,8,8,61,0569290e,6.708059238968417,3,105,37.048828125
spectrum,303,536655440,4096,8,8,60,739f7308,6.730025653028861,4,119,40.173828125
spectrum,304,538415440,4096,8,8,60,7174adad,6.75207693700213,0,84,34.111328125
spectrum,305,540175440,4096,8,8,60,b2df31df,6.774061214993708,1,89,34.11328125
spectrum,306,541935440,4096,8,8,60,d006ca54,6.795983143965714,7,129,38.49609375
spectrum,307,543695440,4096,8,8,60,b678b3b5,6.8180704260012135,4,87,34.51953125
spectrum,308,545455680,4096,8,8,61,ad8898a7,6.840070534031838,5,90,34.509765625
spectrum,309,547215440,4096,8,8,60,84964f30,6.861993885948323,2,85,34.01171875
spectrum,310,548975440,4096,8,8,60,939571b6,6.884033738053404,3,89,34.982421875
spectrum,311,550735120,4096,8,8,72,59b7ba86,6.905932103982195,4,126,38.90234375
spectrum,312,552575440,4096,8,8,60,b15fc59d,6.929011670988984,4,110,36.091796875
spectrum,313,554335680,4096,8,8,60,6cf96ce1,6.951038690051064,5,129,35.015625
spectrum,314,556096640,4096,8,8,27,39280773,6.973084122990258,14,145,65.14453125
spectrum,315,557855440,4096,8,8,61,577f3b83,6.995104879024439,3,87,34.4765625
spectrum,316,559615680,4096,8,8,61,93b78734,7.017052176990546,3,88,34.25
spectrum,317,561375440,4096,8,8,32,0cc3906a,7.039091328042559,2,101,36.767578125
spectrum,318,563135440,4096,8,8,72,8cf4178b,7.061152150039561,15,140,64.705078125
spectrum,319,564895440,4096,8,8,60,29c8731a,7.08312631805893,0,102,37.287109375
spectrum,320,566655440,4096,8,8,60,4d9a8515,7.105055231018923,2,93,34.7734375
spectrum,321,568415440,4096,8,8,61,2e8d2268,7.129420910030603,0,106,36.080078125
spectrum,322,570175440,4096,8,8,60,d396827a,7.1494095149682835,3,102,39.57421875
spectrum,323,571935440,4096,8,8,59,9a8e2ed3,7.171109245042317,4,128,36.185546875
spectrum,324,573775440,4096,8,8,60,737bfb8e,7.194044479983859,5,120,37.6875
spectrum,325,575535120,4096,8,8,60,d6b5ac14,7.216075686039403,1,85,33.611328125
spectrum,326,577295680,4096,8,8,60,bc2c709c,7.238822694984265,2,104,35.587890625
spectrum,327,579055440,4096,8,8,60,70eeeefe,7.26003311004024,0,86,34.609375
spectrum,328,580815680,4096,8,8,60,a933d4dd,7.2820630229543895,1,86,34.3125
spectrum,329,582575440,4096,8,8,60,68f458cc,7.304083348950371,4,90,34.0390625
spectrum,330,584335440,4096,8,8,60,592aa3f5,7.326091201044619,4,130,36.703125
spectrum,331,586095680,4096,8,8,60,073fe31a,7.348129480029456,0,91,34.3671875
spectrum,332,587855440,4096,8,8,60,e18cfbe0,7.370352108031511,3,108,36.435546875
spectrum,333,589615440,4096,8,8,60,8a2a83c7,7.392075933050364,0,96,37.673828125
spectrum,334,591375120,4096,8,8,60,937b95ff,7.41403997305315,3,88,34.109375
spectrum,335,593135440,4096,8,8,59,7a013c9c,7.436060718959197,26,143,71.658203125
spectrum,336,594975440,4096,8,8,61,435735ac,7.459018405992538,5,87,34.17578125
spectrum,337,596735120,4096,8,8,60,c99534cf,7.4810617150506005,4,119,40.94921875
spectrum,338,598495680,4096,8,8,60,656536d5,7.503103040973656,0,95,36.595703125
spectrum,339,600255680,4096,8,8,63,43eb354b,7.525083511020057,2,87,34.146484375
spectrum,340,602015440,4096,8,8,60,52f949d7,7.547063419944607,11,134,56.744140625
spectrum,341,603775440,4096,8,8,60,bf0bbb1b,7.569069668999873,5,86,34.56640625
spectrum,342,605535680,4096,8,8,63,0ef1fdaf,7.591047654044814,4,88,34.4765625
spectrum,343,607295440,4096,8,8,64,35efc511,7.613053282024339,2,88,35.21484375
spectrum,344,609055440,4096,8,8,60,1060904d,7.635094927973114,1,90,34.451171875
spectrum,345,610815680,4096,8,8,60,a200fd00,7.657089764950797,0,97,37.31640625
spectrum,346,612575440,4096,8,8,38,05837efa,7.67906332295388,0,113,37.712890625
spectrum,347,614335440,4096,8,8,29,5a67bd89,7.701063198968768,4,113,36.0546875
spectrum,348,616175440,4096,8,8,61,32ccb1d6,7.724082423024811,4,106,37.744140625
spectrum,349,617935680,4096,8,8,62,265a50d2,7.746064326027408,4,123,38.423828125
spectrum,350,619695440,4096,8,8,60,6a27539c,7.768051448976621,3,87,34.212890625
spectrum,351,621455120,4096,8,8,60,70dd6185,7.7900101280538365,4,101,40.7421875
spectrum,352,623215440,4096,8,8,59,5c34840c,7.812009574030526,2,100,37.353515625
spectrum,353,624975680,4096,8,8,60,09a0c082,7.834089261945337,20,131,58.708984375
spectrum,354,626735440,4096,8,8,60,03eca30b,7.85610912705306,4,106,37.353515625
spectrum,355,628495440,4096,8,8,60,47a0619b,7.8780736869666725,6,102,36.9609375
spectrum,356,630255680,4096,8,8,59,4f5fe931,7.900079424958676,3,85,34.728515625
spectrum,357,632015120,4096,8,8,60,4b3742ef,7.922001824947074,1,103,41.03515625
spectrum,358,633775440,4096,8,8,35,43d6bcc5,7.944077586056665,5,103,37.205078125
spectrum,359,635535680,4096,8,8,61,202aea9c,7.965970430057496,5,118,34.080078125
spectrum,360,637375440,4096,8,8,60,f5a54cfa,7.989082308951765,1,104,38.953125
spectrum,361,639135680,4096,8,8,60,177eabe1,8.011237959959544,17,141,64.087890625
spectrum,362,640895120,4096,8,8,49,ef9ab7e1,8.033060261048377,3,103,40.02734375
spectrum,363,642655440,4096,8,8,60,ecb81b3f,8.055098760989495,4,104,36.2109375
spectrum,364,644415440,4096,8,8,60,4f9533ea,8.077066306956112,2,89,34.71484375
spectrum,365,646176640,4096,8,8,29,74d5ffe2,8.100049132015556,0,119,41.03515625
spectrum,366,648015440,4096,8,8,60,36867adc,8.12209876300767,5,91,34.47265625
spectrum,367,649775440,4096,8,8,62,0f1a1cef,8.144089553039521,13,144,65.2421875
spectrum,368,651536640,4096,8,8,63,ddfffd5c,8.166097013978288,1,87,34.2421875
spectrum,369,653295440,4096,8,8,60,46c845ea,8.18812111695297,4,85,33.935546875
spectrum,370,655055440,4096,8,8,60,8901cb21,8.210081289056689,4,89,35.3828125
spectrum,371,656815120,4096,8,8,42,55fd5763,8.231944055994973,11,132,56.3046875
spectrum,372,658655440,4096,8,8,60,4f1811cf,8.254854785045609,3,99,37.40234375
spectrum,373,660415680,4096,8,8,60,2fb45144,8.27705546200741,4,113,37.830078125
spectrum,374,662175120,4096,8,8,64,6bcf3c30,8.299265185021795,4,119,37.484375
spectrum,375,664015440,4096,8,8,60,31962d8e,8.322064123000018,1,84,33.96875
spectrum,376,665775680,4096,8,8,60,b207555b,8.345121658989228,14,146,63.009765625
spectrum,377,667535440,4096,8,8,62,14928861,8.366092790965922,3,106,36.455078125
spectrum,378,669295440,4096,8,8,60,49fc4e85,8.388049395987764,3,86,34.091796875
spectrum,379,671055680,4096,8,8,60,bbb438ff,8.410082384943962,0,89,35.70703125
spectrum,380,672815440,4096,8,8,60,268aed2e,8.432093995041214,1,86,34.44140625
spectrum,381,674575440,4096,8,8,62,0fbb5211,8.454055308946408,5,88,33.9453125
spectrum,382,676335440,4096,8,8,60,5876673d,8.476110921008512,0,100,37.568359375
spectrum,383,678095120,4096,8,8,60,7aaee5c2,8.49812847096473,1,114,37.05859375
spectrum,384,679935440,4096,8,8,30,7e1bbc37,8.521086329012178,1,111,35.318359375
spectrum,385,681695680,4096,8,8,49,c581755c,8.543073722044937,2,99,36.66796875
spectrum,386,683455440,4096,8,8,60,66b0673f,8.565114296041429,2,111,35.04296875
spectrum,387,685215440,4096,8,8,60,e5b80a24,8.587056032964028,4,87,34.185546875
spectrum,388,686975120,4096,8,8,60,96cb2005,8.609064565971494,3,94,33.560546875
spectrum,389,688735440,4096,8,8,60,34d5734d,8.631027283030562,7,137,54.484375
spectrum,390,690495680,4096,8,8,56,ef627351,8.653050192981027,4,84,33.626953125
spectrum,391,692255440,4096,8,8,61,cd0fc181,8.675094233010896,6,110,41.552734375
spectrum,392,694015440,4096,8,8,60,410d6571,8.697101013036445,3,89,34.2578125
spectrum,393,695775440,4096,8,8,60,9bb72739,8.719127611024305,0,95,35.453125
spectrum,394,697535120,4096,8,8,72,2f4ad893,8.741081289947033,3,129,39.509765625
spectrum,395,699295440,4096,8,8,39,861652d6,8.76302230602596,2,107,36.78125
spectrum,396,701055680,4096,8,8,63,416ce718,8.785070925019681,0,105,37.875
spectrum,397,702815440,4096,8,8,60,3396ae6f,8.807140332995914,4,130,39.4765625
spectrum,398,704575680,4096,8,8,60,bbb19828,8.829071671003476,2,104,38.572265625
spectrum,399,706335120,4096,8,8,60,a723e187,8.851054455037229,4,94,34.392578125
spectrum,400,708095440,4096,8,8,41,8d289c18,8.873073637951165,11,139,66.10546875
spectrum,401,709855440,4096,8,8,60,f3baa8f9,8.89509468502365,4,87,33.736328125
spectrum,402,711616640,4096,8,8,60,ca84979c,8.917105081956834,4,117,36.224609375
spectrum,403,713455440,4096,8,8,60,e94d6a3a,8.940071095013991,3,100,37.333984375
spectrum,404,715215680,4096,8,8,60,78c48891,8.96211620804388,3,84,33.96484375
spectrum,405,716975440,4096,8,8,32,806ee673,8.984138968051411,4,108,38.619140625
spectrum,406,718735440,4096,8,8,62,9c0c5c25,9.006068391958252,13,142,64.2421875
spectrum,407,720495440,4096,8,8,60,1d160bff,9.027958260965534,4,85,34.384765625
spectrum,408,722255120,4096,8,8,60,1b7e698c,9.05006175301969,0,94,34.369140625
spectrum,409,724015680,4096,8,8,61,a39c146f,9.072264814050868,5,103,37.6171875
spectrum,410,725775440,4096,8,8,62,cd03abde,9.094086313969456,2,124,40.3125
spectrum,411,727535120,4096,8,8,60,0f98df4c,9.117081842967309,5,114,40.05859375
spectrum,412,729375440,4096,8,8,62,d2af3e83,9.139039639965631,3,84,34.01171875
spectrum,413,731135120,4096,8,8,60,3c0bc777,9.161090292967856,5,102,40.7109375
spectrum,414,732895440,4096,8,8,64,2d899b88,9.183111750986427,2,129,41.76171875
spectrum,415,734655440,4096,8,8,61,79449714,9.205080889048986,4,93,33.94921875
spectrum,416,736415680,4096,8,8,60,cacb05b0,9.227082710014656,6,92,33.828125
spectrum,417,738175440,4096,8,8,60,7ad54c8f,9.249086564057507,2,97,36.84375
spectrum,418,739935440,4096,8,8,60,6db2dc28,9.271075760945678,4,130,35.69140625
spectrum,419,741696640,4096,8,8,59,54131fee,9.29296339605935,3,99,39.271484375
spectrum,420,743535440,4096,8,8,58,217eb99e,9.316069092950784,26,139,67.369140625
spectrum,421,745295680,4096,8,8,60,98d1395b,9.33810110099148,4,105,39.11328125
spectrum,422,747055120,4096,8,8,60,4871934e,9.360057696001604,3,91,34.12890625
spectrum,423,748815440,4096,8,8,59,2ae63264,9.382075787056237,4,121,38.611328125
spectrum,424,750575440,4096,8,8,33,88eab521,9.40411080000922,1,109,37.72265625
spectrum,425,752335440,4096,8,8,60,d81bca4b,9.426072975969873,5,89,34.330078125
spectrum,426,754095440,4096,8,8,39,03baffab,9.448088080971502,10,133,46.716796875
spectrum,427,755856640,4096,8,8,62,72886f0d,9.47010750498157,4,89,35.326171875
spectrum,428,757615440,4096,8,8,60,6b20d418,9.49212134804111,7,131,46.572265625
spectrum,429,759375440,4096,8,8,59,08bf6154,9.514091007993557,3,118,37.369140625
spectrum,430,761135680,4096,8,8,29,e38fc580,9.536066379048862,2,110,36.697265625
spectrum,431,762895440,4096,8,8,64,b01560c6,9.557999489014037,8,125,46.318359375
spectrum,432,764735440,4096,8,8,60,e8f5e546,9.581100618001074,11,135,52.822265625
spectrum,433,766496000,4096,8,8,58,4532bfee,9.603108690003864,4,99,36.845703125
spectrum,434,768255440,4096,8,8,60,2c1c1145,9.625105301034637,4,85,33.83203125
spectrum,435,770015440,4096,8,8,60,27501ec8,9.647075301036239,12,134,56.73828125
spectrum,436,771775440,4096,8,8,60,dfe9513a,9.669138988945633,4,87,33.876953125
spectrum,437,773535440,4096,8,8,60,5977cd22,9.691101624979638,3,111,40.98828125
spectrum,438,775295440,4096,8,8,58,ad3992ff,9.713090982055292,6,110,40.4453125
spectrum,439,777055120,4096,8,8,59,cc4ae289,9.735330521943979,3,123,34.634765625
spectrum,440,778895440,4096,8,8,60,2c00bf07,9.758115904056467,0,101,36.62890625
spectrum,441,780655680,4096,8,8,60,bb9593cb,9.780109890038148,0,87,34.3515625
spectrum,442,782415440,4096,8,8,60,28247085,9.802404814050533,10,135,62.94921875
spectrum,443,784175440,4096,8,8,60,1ff9099d,9.824038869002834,3,103,37.326171875
spectrum,444,786015440,4096,8,8,60,08d6178b,9.847075185040012,0,96,36.732421875
spectrum,445,787775120,4096,8,8,60,99c46b1c,9.8690770160174,4,86,34.54296875
spectrum,446,789535680,4096,8,8,61,88279c39,9.891059851041064,22,141,68.357421875
spectrum,447,791295440,4096,8,8,41,a5899cbb,9.913072412018664,10,136,56.486328125
spectrum,448,793055120,4096,8,8,72,d4e325f8,9.935019328026101,8,129,51.255859375
spectrum,449,794815440,4096,8,8,62,ec0c8a4a,9.95707357802894,4,89,34.271484375
spectrum,450,796575120,4096,8,8,60,0a7fe23f,9.979079516022466,3,87,34.328125
spectrum,451,798335440,4096,8,8,60,a209ac65,10.001105551957153,3,87,34.59765625
spectrum,452,800175440,4096,8,8,61,85f60863,10.024108806042932,4,99,39.1015625
spectrum,453,801935680,4096,8,8,63,fc5eb5d4,10.046068858006038,9,134,55.62109375
spectrum,454,803695440,4096,8,8,39,9230ff94,10.068149828002788,13,136,62.630859375
spectrum,455,805455440,4096,8,8,64,e9a3eae1,10.089998117997311,0,88,34.65234375
spectrum,456,807216960,4096,8,8,60,123d21a4,10.112080391030759,1,85,33.419921875
spectrum,457,808975440,4096,8,8,60,78128509,10.13404353801161,5,104,36.1015625
spectrum,458,810816000,4096,8,8,30,cb074e2b,10.15710318798665,2,115,36.056640625
spectrum,459,812575440,4096,8,8,62,e6effef6,10.179111149976961,4,87,34.244140625
spectrum,460,814416000,4096,8,8,60,3a25e6b3,10.202067726058885,4,103,36.615234375
spectrum,461,816175440,4096,8,8,60,ba228712,10.224106907029636,5,87,34.453125
spectrum,462,817935120,4096,8,8,60,e7d692c6,10.246074091992341,4,89,34.177734375
spectrum,463,819695440,4096,8,8,60,da6a70d3,10.268053589970805,4,112,35.9609375
spectrum,464,821455680,4096,8,8,60,7065aba2,10.290110665024258,7,125,36.576171875
spectrum,465,823215440,4096,8,8,60,336ed367,10.313040680019185,13,141,57.51953125
spectrum,466,824975440,4096,8,8,60,6cf1a04b,10.334053370985202,3,85,35.08984375
spectrum,467,826735680,4096,8,8,61,7f62a6d5,10.356001990963705,0,114,35.77734375
spectrum,468,828575440,4096,8,8,72,2489d750,10.37990176898893,4,106,42.009765625
spectrum,469,830335680,4096,8,8,36,5eaf6f8b,10.401094360044226,2,134,37.890625
spectrum,470,832095680,4096,8,8,64,3e77577a,10.423085088958032,8,119,39.974609375
spectrum,471,833855440,4096,8,8,60,cd5bb365,10.445105185033754,5,99,37.765625
spectrum,472,835615440,4096,8,8,60,f85c9b11,10.467075344990008,4,96,37.171875
spectrum,473,837375120,4096,8,8,60,355ab887,10.489097523968667,2,107,37.02734375
spectrum,474,839135440,4096,8,8,61,9e734e8a,10.511088373954408,4,113,40.376953125
spectrum,475,840895440,4096,8,8,36,ea87b7ea,10.533077009953558,2,129,36.587890625
spectrum,476,842655120,4096,8,8,64,160318c2,10.55515317094978,5,115,36.87890625
spectrum,477,844495440,4096,8,8,63,4af47de5,10.578099717036821,4,118,36.587890625
spectrum,478,846255680,4096,8,8,64,c39b712b,10.600060209049843,5,90,34.921875
spectrum,479,848015440,4096,8,8,32,95c0e838,10.62201562197879,7,129,43.234375
spectrum,480,849855440,4096,8,8,60,349931ae,10.645116519997828,5,105,35.8125
spectrum,481,851615680,4096,8,8,63,b684a52f,10.66708820394706,3,96,35.400390625
spectrum,482,853375120,4096,8,8,72,61c46d89,10.689268060959876,1,107,37.689453125
spectrum,483,855135440,4096,8,8,60,c86c0db8,10.711136659025215,13,131,56.578125
spectrum,484,856895440,4096,8,8,40,5c96c1ab,10.733113743015565,3,128,39.392578125
spectrum,485,858655680,4096,8,8,62,404edc24,10.755125142051838,0,113,37.33984375
spectrum,486,860495440,4096,8,8,72,f9f695ec,10.778072979999706,4,135,44.2578125
spectrum,487,862255120,4096,8,8,32,a29ee369,10.800134022952989,14,112,68.267578125
spectrum,488,864015440,4096,8,8,60,18b21bd2,10.822104974999093,4,105,36.291015625
spectrum,489,865855440,4096,8,8,60,1f792fca,10.845073072006926,4,85,33.541015625
spectrum,490,867615440,4096,8,8,60,553cf3d0,10.867082276963629,4,106,38.11328125
spectrum,491,869375120,4096,8,8,60,3fd14a64,10.888897694996558,4,104,37.671875
spectrum,492,871215440,4096,8,8,60,b72f9e75,10.912080176989548,4,116,35.32421875
spectrum,493,872976000,4096,8,8,60,cc8fd181,10.934070536051877,5,107,38.451171875
spectrum,494,874735440,4096,8,8,61,9d4fde8f,10.956084309029393,3,110,38.82421875
spectrum,495,876495440,4096,8,8,60,212a1273,10.978079035994597,5,122,35.865234375
spectrum,496,878255120,4096,8,8,62,edf10346,11.000093069975264,1,88,34.294921875
spectrum,497,880015440,4096,8,8,60,13a741a9,11.022074901964515,4,128,44.423828125
spectrum,498,881775440,4096,8,8,60,73820123,11.044080500025302,4,86,33.572265625
spectrum,499,883535120,4096,8,8,61,194ba2cb,11.066095205023885,4,105,36.802734375
spectrum,500,885295440,4096,8,8,62,d80daffb,11.088053343002684,4,124,35.041015625
spectrum,501,887055680,4096,8,8,60,91d5de28,11.110064130043611,2,88,34.234375
spectrum,502,888815440,4096,8,8,60,43489f9a,11.13212427101098,7,139,59.8046875
spectrum,503,890575440,4096,8,8,60,76ae2184,11.153928278014064,4,102,38.3984375
spectrum,504,892335680,4096,8,8,29,838475d1,11.176103685982525,0,108,36.716796875
spectrum,505,894095680,4096,8,8,61,50570a94,11.198094957042485,3,129,36.216796875
spectrum,506,895935440,4096,8,8,60,7a1934a4,11.221073293010704,7,128,53.103515625
spectrum,507,897695680,4096,8,8,40,78638238,11.243114217999391,3,130,34.310546875
spectrum,508,899455440,4096,8,8,60,5adc1c73,11.265118593000807,4,106,36.578125
spectrum,509,901215440,4096,8,8,60,86b3fa99,11.287117718020454,0,102,37.0703125
spectrum,510,902975120,4096,8,8,61,f57ff0af,11.30917613604106,8,124,47.908203125
spectrum,511,904735440,4096,8,8,59,04e751e7,11.33112915395759,5,107,36.634765625
spectrum,512,906495440,4096,8,8,40,dfaea7ad,11.353155620978214,11,142,63.24609375
spectrum,513,908255120,4096,8,8,30,aee5c326,11.37514670100063,2,114,37.466796875
spectrum,514,910095440,4096,8,8,60,fdebffe5,11.39813301304821,4,124,36.173828125
spectrum,515,911855680,4096,8,8,60,45e2ad5e,11.420016199001111,1,88,33.83203125
spectrum,516,913695440,4096,8,8,32,4986a707,11.443133919034153,2,113,38.439453125
spectrum,517,915456000,4096,8,8,60,3df97080,11.465097686974332,4,95,37.19140625
spectrum,518,917215440,4096,8,8,60,f10bd553,11.487104977946728,0,94,35.41796875
spectrum,519,918975440,4096,8,8,62,6fbf58dd,11.509101088042371,2,103,37.359375
spectrum,520,920735440,4096,8,8,59,250d7db0,11.53111069300212,2,111,35.259765625
spectrum,521,922495440,4096,8,8,64,d4ab5f6c,11.553106733015738,1,126,35.42578125
spectrum,522,924255440,4096,8,8,60,71693703,11.575128671014681,3,117,39.708984375
spectrum,523,926095440,4096,8,8,61,497999d2,11.598193390993401,16,144,62.552734375
spectrum,524,927856640,4096,8,8,72,58dcbc47,11.620136760990135,3,111,43.515625
spectrum,525,929615440,4096,8,8,60,a03eeeea,11.642109015025198,4,130,41.2109375
spectrum,526,931375440,4096,8,8,60,38fc883b,11.664086660020985,2,88,34.517578125
spectrum,527,933135680,4096,8,8,62,d7ed584e,11.686112646013498,12,144,61.583984375
spectrum,528,934975440,4096,8,8,61,9aca4910,11.709118584985845,2,90,34.283203125
spectrum,529,936735680,4096,8,8,61,c0f58cf9,11.731169427977875,2,136,36.525390625
spectrum,530,938495680,4096,8,8,40,4d8570ff,11.75335479597561,14,131,57.83203125
spectrum,531,940255440,4096,8,8,60,75704b27,11.775177057017572,22,123,69.85546875
spectrum,532,942015440,4096,8,8,59,57fe852d,11.797123842989095,2,103,36.958984375
spectrum,533,943775120,4096,8,8,60,6f1ece82,11.819177350960672,4,101,38.65625
spectrum,534,945535440,4096,8,8,61,cd8ecf19,11.841156539041549,1,106,39.884765625
spectrum,535,947295440,4096,8,8,40,66b0ec34,11.863163989968598,11,135,61.34375
spectrum,536,949055120,4096,8,8,72,e9fb6077,11.885099545004778,4,107,40.546875
spectrum,537,950815440,4096,8,8,63,831a64c9,11.907142363023013,3,90,34.271484375
spectrum,538,952575680,4096,8,8,62,26acf825,11.929108044947498,1,88,34.244140625
spectrum,539,954335440,4096,8,8,60,c1fb59fd,11.950881785014644,4,105,36.1796875
spectrum,540,956175440,4096,8,8,60,2234cf03,11.974200104014017,4,86,33.611328125
spectrum,541,957936000,4096,8,8,29,5a257e5f,11.996137451962568,0,114,36.455078125
spectrum,542,959695440,4096,8,8,61,bcb6a49f,12.018092654994689,10,126,43.857421875
spectrum,543,961455440,4096,8,8,60,fb38a518,12.040116947959177,0,87,34.171875
spectrum,544,963215680,4096,8,8,60,39ce647c,12.062134157051332,0,82,33.359375
spectrum,545,964975440,4096,8,8,60,caff8cc4,12.084166795946658,4,88,34.017578125
spectrum,546,966735440,4096,8,8,60,270eec67,12.106158026959747,5,108,39.72265625
spectrum,547,968495440,4096,8,8,60,2a89ee3a,12.128105234005488,7,135,40.193359375
spectrum,548,970335440,4096,8,8,61,cb70d733,12.151117414003238,0,109,37.79296875
spectrum,549,972095440,4096,8,8,36,4c745f82,12.173101720982231,3,123,34.9921875
spectrum,550,973856640,4096,8,8,29,67eb87ff,12.195183282950893,2,122,36.392578125
spectrum,551,975695440,4096,8,8,61,cef3db23,12.219664238975383,7,126,42.9921875
spectrum,552,977535440,4096,8,8,60,cd9d60c1,12.241199839045294,8,134,55.33203125
spectrum,553,979296000,4096,8,8,36,2531a03f,12.263068528030999,4,126,37.267578125
spectrum,554,981055440,4096,8,8,60,fc99e387,12.285188180976547,2,103,37.06640625
spectrum,555,982815440,4096,8,8,61,483e46b2,12.307111663045362,0,83,33.408203125
spectrum,556,984575120,4096,8,8,60,2f331e53,12.329152808059007,2,104,39.671875
spectrum,557,986335440,4096,8,8,62,86951a59,12.351135471952148,4,88,34.45703125
spectrum,558,988095440,4096,8,8,40,2526cf1f,12.373095744056627,8,139,60.9453125
spectrum,559,989855120,4096,8,8,60,524b08d3,12.395173097029328,2,90,33.28125
spectrum,560,991615440,4096,8,8,60,91dbadcb,12.41715897701215,4,102,38.60546875
spectrum,561,993376640,4096,8,8,63,6349d364,12.439082770957612,3,92,34.533203125
spectrum,562,995135440,4096,8,8,61,2aaba364,12.4611419190187,4,107,36.220703125
spectrum,563,996895440,4096,8,8,59,8c20617d,12.48313801898621,3,88,34.87109375
spectrum,564,998655680,4096,8,8,61,ef36fb5b,12.505112166982144,4,90,34.501953125
spectrum,565,1000415440,4096,8,8,62,4c9aed29,12.52716453303583,0,88,35.126953125
spectrum,566,1002175680,4096,8,8,62,a07fb1e9,12.549103414989077,0,90,35.4140625
spectrum,567,1003935680,4096,8,8,72,f7e3d879,12.571201166021638,4,112,43.283203125
spectrum,568,1005695440,4096,8,8,60,f7c055a3,12.593173902016133,0,103,36.00390625
spectrum,569,1007455440,4096,8,8,61,31c506a5,12.615101421950385,4,99,37.94921875
spectrum,570,1009215120,4096,8,8,62,48b5308e,12.637122428976,2,90,34.560546875
spectrum,571,1010975440,4096,8,8,60,d8b50258,12.65913806494791,0,111,35.234375
spectrum,572,1012735440,4096,8,8,61,9188162b,12.68111670203507,1,90,35.263671875
spectrum,573,1014495120,4096,8,8,64,5990b0ea,12.703123001032509,0,110,37.681640625
spectrum,574,1016255440,4096,8,8,72,2b075f07,12.725525549030863,4,111,39.296875
spectrum,575,1018015680,4096,8,8,61,e7c12e53,12.747107394970953,4,87,35.501953125
spectrum,576,1019855440,4096,8,8,64,4e510bba,12.770141166052781,4,91,35.3515625
spectrum,577,1021615680,4096,8,8,59,fa1d7b05,12.792098231962882,4,93,33.86328125
spectrum,578,1023375680,4096,8,8,29,fd6db259,12.81408583605662,2,120,36.8046875
spectrum,579,1025215440,4096,8,8,61,7ef5183f,12.837117803981528,3,104,40.0078125
spectrum,580,1026975440,4096,8,8,60,e7bc01a4,12.859141975990497,4,85,33.818359375
spectrum,581,1028735680,4096,8,8,33,19693cb9,12.881128757959232,4,106,37.658203125
spectrum,582,1030495440,4096,8,8,62,4ef5a4c7,12.903130208025686,0,91,35.81640625
spectrum,583,1032255440,4096,8,8,63,3700b227,12.925164278945886,3,114,39.48046875
spectrum,584,1034015120,4096,8,8,61,06d43322,12.947122568031773,0,115,42.341796875
spectrum,585,1035775440,4096,8,8,58,806599f8,12.969110270962119,4,107,35.71875
spectrum,586,1037535440,4096,8,8,61,3532305f,12.99114721803926,1,105,36.849609375
spectrum,587,1039295120,4096,8,8,62,36d7c4ea,13.01305292698089,4,86,34.408203125
spectrum,588,1041135440,4096,8,8,61,ee2d8fb2,13.036169774946757,3,85,34.16796875
spectrum,589,1042896000,4096,8,8,60,470ea6d1,13.058308474021032,2,104,38.822265625
spectrum,590,1044655440,4096,8,8,30,f8370595,13.080120426020585,4,116,43.87890625
spectrum,591,1046415440,4096,8,8,60,7a95195d,13.102201947011054,21,126,68.01953125
spectrum,592,1048175440,4096,8,8,60,6b9357bb,13.124148322967812,4,96,33.703125
spectrum,593,1049935120,4096,8,8,72,86e5d99c,13.146174028050154,2,113,42.87109375
spectrum,594,1051695440,4096,8,8,62,a4befb0a,13.168128559016623,4,91,35.10546875
spectrum,595,1053455440,4096,8,8,60,28111f87,13.190158772980794,2,97,34.23046875
spectrum,596,1055215120,4096,8,8,61,bfb977e6,13.213148480979726,1,117,36.15234375
spectrum,597,1057055440,4096,8,8,60,f9b6d32c,13.235093754949048,5,93,34.60546875
spectrum,598,1058815120,4096,8,8,72,29381700,13.257140830974095,3,102,37.716796875
spectrum,599,1060575440,4096,8,8,63,ed032d3b,13.279040719033219,4,110,36.390625
spectrum,600,1062415440,4096,8,8,62,99537b8b,13.302109707030468,2,93,35.166015625
spectrum,601,1064176000,4096,8,8,61,1bfcbb0e,13.32412813801784,5,96,34.275390625
spectrum,602,1065935440,4096,8,8,61,badad3f0,13.346147131058387,3,90,34.943359375
spectrum,603,1067695440,4096,8,8,61,8b402f34,13.368117843056098,4,97,37.84765625
spectrum,604,1069455120,4096,8,8,60,d8159117,13.390072213951498,4,89,34.859375
spectrum,605,1071215120,4096,8,8,60,cf38927b,13.412145499023609,4,103,36.087890625
spectrum,606,1072975680,4096,8,8,29,f2109bf4,13.434321628999896,4,121,36.232421875
spectrum,607,1074815440,4096,8,8,60,615569a9,13.45714918000158,2,88,34.5546875
spectrum,608,1076575440,4096,8,8,61,94943944,13.479145791032352,4,106,36.380859375
spectrum,609,1078335440,4096,8,8,61,da0f6bcc,13.501099971006624,3,98,35.29296875
spectrum,610,1080095120,4096,8,8,60,ded65b36,13.523186080972664,4,85,34.111328125
spectrum,611,1081855440,4096,8,8,61,829c7d81,13.54514893796295,2,87,34.193359375
spectrum,612,1083615680,4096,8,8,60,8aa6520c,13.567171307047829,2,86,34.400390625
spectrum,613,1085375440,4096,8,8,62,082ccbdf,13.589200107962824,1,105,36.958984375
spectrum,614,1087135680,4096,8,8,60,e7eaff34,13.61116593098268,1,108,41.60546875
spectrum,615,1088895680,4096,8,8,29,416f2f6b,13.633109861984849,5,119,36.423828125
spectrum,616,1090735440,4096,8,8,61,5c505a6d,13.656141959945671,2,103,37.54296875
spectrum,617,1092495440,4096,8,8,63,dc3d9d0b,13.678135655005462,3,89,36.017578125
spectrum,618,1094255680,4096,8,8,62,5ae5d687,13.700123167946003,1,88,35.2265625
spectrum,619,1096015440,4096,8,8,72,72566542,13.722120009013452,0,108,41.1015625
spectrum,620,1097775440,4096,8,8,61,f69f8006,13.744101902004331,2,88,34.49609375
spectrum,621,1099535120,4096,8,8,62,d1e00eda,13.766101007000543,4,112,40.4921875
spectrum,622,1101295440,4096,8,8,61,9befc1ed,13.78817141696345,4,103,36.60546875
spectrum,623,1103055440,4096,8,8,62,012b6ad4,13.810140034998767,3,107,41.140625
spectrum,624,1104815120,4096,8,8,63,906ff335,13.832117229001597,4,105,36.8359375
spectrum,625,1106575680,4096,8,8,61,bc89d9c1,13.854137283982709,5,89,34.234375
spectrum,626,1108335680,4096,8,8,72,8c936cfe,13.876112043042667,3,100,39.759765625
spectrum,627,1110095440,4096,8,8,61,9f059d8e,13.898138219956309,5,117,39.18359375
spectrum,628,1111855440,4096,8,8,60,dc38d786,13.92020301904995,5,90,35.10546875
spectrum,629,1113615440,4096,8,8,63,69234f32,13.942119508050382,5,101,38.30078125
spectrum,630,1115375120,4096,8,8,63,6da6d373,13.964160242001526,4,88,35.271484375
spectrum,631,1117135440,4096,8,8,61,b3a30126,13.98608217202127,4,88,35.01953125
spectrum,632,1118895680,4096,8,8,60,6f652bf3,14.010131702991202,0,89,33.513671875
spectrum,633,1120655440,4096,8,8,61,e0db3b68,14.030122751952149,2,104,36.751953125
spectrum,634,1122415440,4096,8,8,62,3092f241,14.05208685202524,1,89,35.4296875
spectrum,635,1124175120,4096,8,8,64,f4aee852,14.073929199948907,4,86,34.64453125
spectrum,636,1126015440,4096,8,8,61,4019458f,14.097128564026207,3,105,36.919921875
spectrum,637,1127775680,4096,8,8,59,9c18d409,14.119127089041285,1,84,33.412109375
spectrum,638,1129536640,4096,8,8,60,8d6bb76d,14.141102449037135,4,92,35.837890625
spectrum,639,1131295440,4096,8,8,60,73957474,14.163144606049173,3,86,33.603515625
spectrum,640,1133055440,4096,8,8,62,d2b9b8ee,14.18519508803729,3,91,36.396484375
spectrum,641,1134815120,4096,8,8,32,917cbf75,14.207194283953868,1,108,35.92578125
spectrum,642,1136575440,4096,8,8,60,646add6d,14.229172919993289,3,106,36.564453125
spectrum,643,1138335440,4096,8,8,29,bdda6a45,14.25115389097482,1,113,39.04296875
spectrum,644,1140095440,4096,8,8,61,b15354a9,14.273182012024336,0,88,34.703125
spectrum,645,1141855440,4096,8,8,63,deedb67f,14.295226142043248,0,105,37.328125
spectrum,646,1143615440,4096,8,8,61,30c25d8d,14.317148571950383,3,110,38.931640625
spectrum,647,1145375120,4096,8,8,61,0f09732e,14.338965532951988,4,105,39.01953125
spectrum,648,1147215440,4096,8,8,60,c8a99aa1,14.362185726989992,3,107,41.40625
spectrum,649,1148975680,4096,8,8,30,fde4b6be,14.384219316998497,3,105,35.978515625
spectrum,650,1150735440,4096,8,8,63,dc66eb70,14.406148641020991,3,105,37.3203125
spectrum,651,1152495440,4096,8,8,62,ef52dea5,14.428195485961623,3,89,34.2578125
spectrum,652,1154255680,4096,8,8,28,e4ea49ac,14.450171426986344,0,111,37.443359375
spectrum,653,1156095440,4096,8,8,63,20065e08,14.473158370004967,0,102,38.361328125
spectrum,654,1157855440,4096,8,8,64,50a53e85,14.495179096003994,4,93,36.955078125
spectrum,655,1159615440,4096,8,8,63,d4290e4d,14.51723098102957,1,91,35.2578125
spectrum,656,1161375120,4096,8,8,72,c7c6ac4e,14.53917712601833,1,110,43.154296875
spectrum,657,1163135440,4096,8,8,61,2e6ffb85,14.561116719036363,4,104,39.12890625
spectrum,658,1164895120,4096,8,8,72,0557a174,14.58315046003554,3,114,43.234375
spectrum,659,1166655440,4096,8,8,72,d64ee5b7,14.605062581016682,4,112,44.095703125
spectrum,660,1168495440,4096,8,8,61,79df299f,14.62810722202994,5,95,34.595703125
spectrum,661,1170255120,4096,8,8,62,b55b6f28,14.650206497055478,2,113,39.662109375
spectrum,662,1172095680,4096,8,8,62,1a0e5c23,14.673141281004064,3,95,33.6796875
spectrum,663,1173855680,4096,8,8,61,2fc37452,14.698736603953876,5,91,34.2578125
spectrum,664,1175615440,4096,8,8,61,f7188844,14.717198263038881,3,107,36.353515625
spectrum,665,1177375440,4096,8,8,60,2078f2af,14.739133196999319,4,98,39.080078125
spectrum,666,1179135440,4096,8,8,63,fe36d3bb,14.761174791958183,2,88,36.28515625
spectrum,667,1180895680,4096,8,8,58,b04b7dd0,14.783153339056298,3,92,33.673828125
spectrum,668,1182655440,4096,8,8,61,7915f703,14.804315141052939,4,105,41.138671875
spectrum,669,1184415680,4096,8,8,63,8538182f,14.827205752022564,0,94,36.916015625
spectrum,670,1186175440,4096,8,8,72,58c2f78d,14.849163588951342,12,119,58.2578125
spectrum,671,1187935440,4096,8,8,62,a157eb1f,14.870411013020203,2,94,35.765625
spectrum,672,1189695120,4096,8,8,64,40f8dcff,14.893226240994409,4,97,37.5234375
spectrum,673,1191455680,4096,8,8,72,fc95215a,14.915182334952988,1,111,42.44921875
spectrum,674,1193215440,4096,8,8,60,61b6e56d,14.936327556963079,4,107,40.513671875
spectrum,675,1194975120,4096,8,8,30,54681582,14.95916823297739,4,108,37.583984375
spectrum,676,1196735440,4096,8,8,62,50693a84,14.981158180977218,1,87,35.17578125
spectrum,677,1198495680,4096,8,8,64,d3e940ea,15.00320619798731,3,91,36.89453125
spectrum,678,1200255440,4096,8,8,72,12958116,15.025202568038367,5,109,39.28515625
spectrum,679,1202015440,4096,8,8,61,9361369b,15.047208677046001,3,100,37.51953125
spectrum,680,1203775680,4096,8,8,29,637d38b8,15.06926681404002,4,107,40.0859375
spectrum,681,1205535680,4096,8,8,63,c599587c,15.091177933034487,2,102,38.845703125
spectrum,682,1207295440,4096,8,8,60,80d07c73,15.113132272963412,6,120,43.64453125
spectrum,683,1209055440,4096,8,8,60,1a4d3a31,15.13496514398139,2,88,34.52734375
spectrum,684,1210895120,4096,8,8,60,d080328d,15.158183824969456,6,107,38.474609375
spectrum,685,1212655680,4096,8,8,60,4bbc261d,15.180137063958682,4,115,40.98828125
spectrum,686,1214415120,4096,8,8,60,f3610dd5,15.202210549963638,0,96,34.68359375
spectrum,687,1216175440,4096,8,8,60,7a33e9a2,15.22418054996524,2,105,36.26171875
spectrum,688,1217935440,4096,8,8,60,ea21934d,15.246157543035224,2,97,35.51953125
spectrum,689,1219695440,4096,8,8,28,199771ab,15.269155245972797,2,118,36.115234375
spectrum,690,1221535440,4096,8,8,61,ec64305f,15.291159640997648,1,98,37.22265625
spectrum,691,1223295440,4096,8,8,60,a161584c,15.31316764303483,0,92,33.908203125
spectrum,692,1225055440,4096,8,8,60,32bc7504,15.335141921998002,3,110,44.04296875
spectrum,693,1226815120,4096,8,8,60,edc35c55,15.357151275966316,0,109,47.78515625
spectrum,694,1228575440,4096,8,8,62,42fec086,15.379164639045484,4,87,35.130859375
spectrum,695,1230335120,4096,8,8,62,d8aab61c,15.401161359040998,8,112,44.12109375
spectrum,696,1232175440,4096,8,8,64,622aebb9,15.42418411001563,5,107,39.12890625
spectrum,697,1233935680,4096,8,8,37,93b3a260,15.44536557898391,2,100,36.796875
spectrum,698,1235695120,4096,8,8,63,92a2499f,15.468223307980224,2,119,36.19140625
spectrum,699,1237535440,4096,8,8,61,6d41fc5e,15.491160986945033,4,90,35.4375
spectrum,700,1239295440,4096,8,8,60,a027c045,15.513966948026791,1,91,34.330078125
spectrum,701,1241055120,4096,8,8,60,01fb0c94,15.535175669007003,0,112,41.87109375
spectrum,702,1242815440,4096,8,8,60,70a940ab,15.556342630996369,2,90,33.9609375
spectrum,703,1244575680,4096,8,8,72,af50211d,15.579152339021675,0,106,41.154296875
spectrum,704,1246335440,4096,8,8,72,bc52029a,15.601173846051097,4,110,42.498046875
spectrum,705,1248095440,4096,8,8,62,c78d8a23,15.623331260983832,2,91,34.919921875
spectrum,706,1249855680,4096,8,8,61,4956c1b2,15.645195371005684,4,88,34.23828125
spectrum,707,1251615440,4096,8,8,60,c7fae42e,15.667159470031038,1,113,36.384765625
spectrum,708,1253455440,4096,8,8,62,8e8038e5,15.690165939042345,4,88,34.494140625
spectrum,709,1255215120,4096,8,8,60,7a707c81,15.712149224011227,4,87,34.76953125
spectrum,710,1256975680,4096,8,8,64,fa5c26f6,15.734212280949578,2,103,37.443359375
spectrum,711,1258815440,4096,8,8,60,dd20a035,15.756329149007797,3,87,33.91796875
spectrum,712,1260576640,4096,8,8,61,0806ddbc,15.77916734002065,0,85,34.263671875
spectrum,713,1262335440,4096,8,8,72,f34d4d39,15.800437747966498,4,98,37.3125
spectrum,714,1264095440,4096,8,8,61,ccdcae93,15.823238168028183,2,89,34.33203125
spectrum,715,1265855440,4096,8,8,32,75d83e4e,15.845195704023354,4,109,42.30078125
spectrum,716,1267615440,4096,8,8,61,b7f72668,15.8672039170051,1,107,36.62109375
spectrum,717,1269375440,4096,8,8,29,b63607a0,15.88920108799357,5,114,38.4765625
spectrum,718,1271135440,4096,8,8,63,eadf6b96,15.911182711017318,18,117,66.625
spectrum,719,1272895440,4096,8,8,63,da353099,15.932418884010985,0,110,36.70703125
spectrum,720,1274655680,4096,8,8,61,40008015,15.955143820960075,1,87,34.548828125
spectrum,721,1276415440,4096,8,8,72,eb182d68,15.977178122964688,11,115,70.310546875
spectrum,722,1278175680,4096,8,8,63,df7b0509,15.999158642953262,5,103,40.63671875
spectrum,723,1279935440,4096,8,8,63,5ca203bf,16.02118151297327,4,89,36.015625
spectrum,724,1281695440,4096,8,8,64,e94a58bc,16.043238698039204,2,92,35.6640625
spectrum,725,1283455440,4096,8,8,61,812aacff,16.064346669008955,5,87,33.962890625
spectrum,726,1285215680,4096,8,8,62,75de41b4,16.088880285038613,4,90,35.326171875
spectrum,727,1286975440,4096,8,8,62,24532065,16.109178956015967,2,86,34.931640625
spectrum,728,1288735440,4096,8,8,60,464defc5,16.131227044039406,4,87,34.171875
spectrum,729,1290495440,4096,8,8,62,0ea6dad1,16.153170263045467,4,107,37.15625
spectrum,730,1292255440,4096,8,8,62,a99980f4,16.175242076045834,3,90,35.171875
spectrum,731,1294025680,4096,8,8,60,96485517,16.19700395304244,0,88,34.83203125
spectrum,732,1295855120,4096,8,8,61,cc4cb45c,16.220184191013686,1,86,33.541015625
spectrum,733,1297615680,4096,8,8,60,ee2a34d6,16.242157506989315,1,111,38.017578125
spectrum,734,1299375440,4096,8,8,62,31d6410b,16.26415081205778,1,103,38.044921875
spectrum,735,1301135120,4096,8,8,61,af27b2be,16.286171026993543,1,88,35.39453125
spectrum,736,1302895440,4096,8,8,63,aa523b6d,16.30735294695478,5,94,36.0859375
spectrum,737,1304655120,4096,8,8,62,92f42a72,16.330157896038145,0,87,34.982421875
spectrum,738,1306415680,4096,8,8,60,bb502473,16.352159766014665,5,108,35.189453125
spectrum,739,1308175440,4096,8,8,60,5e50cfec,16.373350874055177,3,110,42.49609375
spectrum,740,1309935680,4096,8,8,60,90b802f8,16.39617535995785,3,106,43.69921875
spectrum,741,1311695440,4096,8,8,62,4d9967e8,16.418183531961404,4,93,35.0703125
spectrum,742,1313455440,4096,8,8,63,20217980,16.440151497954503,2,92,35.685546875
spectrum,743,1315215680,4096,8,8,60,ff8917bf,16.46221276104916,2,91,34.841796875
spectrum,744,1317055440,4096,8,8,63,e0813f11,16.48524119204376,2,113,36.90234375
spectrum,745,1318815680,4096,8,8,61,65cb86f6,16.507134065963328,3,86,34.81640625
spectrum,746,1320575120,4096,8,8,62,0dd93476,16.529182655038312,0,107,37.556640625
spectrum,747,1322335440,4096,8,8,72,a17ce82a,16.551207368960604,3,112,43.060546875
spectrum,748,1324095440,4096,8,8,60,308c2efe,16.572401712997817,3,89,34.791015625
spectrum,749,1325855120,4096,8,8,63,3b43812a,16.595145015046,0,87,34.845703125
spectrum,750,1327615440,4096,8,8,61,9845f81b,16.61636724101845,0,87,34.705078125
spectrum,751,1329375680,4096,8,8,63,71454136,16.639157352037728,3,95,36.00390625
spectrum,752,1331135440,4096,8,8,61,718a6d07,16.661142671015114,3,112,42.912109375
spectrum,753,1332895440,4096,8,8,61,c84de8a4,16.6823957960587,2,108,43.625
spectrum,754,1334655680,4096,8,8,28,a8a456b9,16.705146222026087,0,103,35.64453125
spectrum,755,1336415440,4096,8,8,72,d1997dc3,16.72705218102783,7,100,38.875
spectrum,756,1338255440,4096,8,8,62,7a89a43f,16.750183857046068,4,89,34.86328125
spectrum,757,1340015680,4096,8,8,62,57721084,16.772178894025274,5,94,34.748046875
spectrum,758,1341775120,4096,8,8,64,5f57d68d,16.79418516298756,3,91,34.5703125
spectrum,759,1343535440,4096,8,8,64,ae65d085,16.815345413051546,4,96,36.46484375
spectrum,760,1345295120,4096,8,8,65,9406a748,16.838181519997306,4,102,38.162109375
spectrum,761,1347055440,4096,8,8,63,811b62b2,16.86018051498104,3,106,37.251953125
spectrum,762,1348815440,4096,8,8,62,9cd6f2bc,16.881365131004713,4,84,34.3125
spectrum,763,1350575120,4096,8,8,60,e7bf1bf4,16.904173695947975,1,118,37.23828125
spectrum,764,1352415440,4096,8,8,62,376ad5e8,16.926385923987255,2,88,35.1484375
spectrum,765,1354175680,4096,8,8,60,911d1549,16.949193167034537,0,114,43.80078125
spectrum,766,1355935440,4096,8,8,31,4d06e80c,16.971228810958564,4,106,35.650390625
spectrum,767,1357695440,4096,8,8,34,617d3701,16.993004273972474,3,108,43.0546875
spectrum,768,1359535440,4096,8,8,72,ae89b715,17.01615042705089,4,101,38.359375
spectrum,769,1361295120,4096,8,8,62,fe3a5bcb,17.03819642099552,2,88,34.904296875
spectrum,770,1363055680,4096,8,8,61,fdc905a4,17.06018521694932,5,109,43.638671875
spectrum,771,1364815440,4096,8,8,63,545e4c6a,17.081570812035352,5,100,37.9375
spectrum,772,1366575120,4096,8,8,61,32d27a45,17.104206801974215,0,104,36.82421875
spectrum,773,1368335440,4096,8,8,63,11ef0e9d,17.12535457802005,3,90,36.1015625
spectrum,774,1370095120,4096,8,8,63,e4702819,17.148233055020683,2,86,34.423828125
spectrum,775,1371855440,4096,8,8,61,e59bd070,17.170181193971075,1,108,36.525390625
spectrum,776,1373615440,4096,8,8,61,b5d6fea3,17.19135388697032,23,118,68.646484375
spectrum,777,1375375680,4096,8,8,62,a0169542,17.214199381996877,1,88,35.208984375
spectrum,778,1377135440,4096,8,8,72,1d95aaf4,17.23622608894948,5,110,41.603515625
spectrum,779,1378895440,4096,8,8,63,1f9bead6,17.258206479018554,3,122,42.818359375
spectrum,780,1380656960,4096,8,8,59,4a32013f,17.280292207957245,3,91,35.2734375
spectrum,781,1382415440,4096,8,8,61,39492524,17.302230307948776,2,110,36.0625
spectrum,782,1384255440,4096,8,8,62,9e62e166,17.32515590498224,3,88,35.228515625
spectrum,783,1386015120,4096,8,8,62,f985fabf,17.34720387205016,4,104,37.470703125
spectrum,784,1387775440,4096,8,8,61,33987c59,17.369180985959247,4,101,36.525390625
spectrum,785,1389535440,4096,8,8,61,f16c9f24,17.39036575204227,3,102,37.228515625
spectrum,786,1391295120,4096,8,8,61,821ccaa4,17.413204984972253,1,106,36.234375
spectrum,787,1393055440,4096,8,8,61,4000adeb,17.434398166951723,0,108,38.34765625
spectrum,788,1394816640,4096,8,8,60,10f25d10,17.45717923005577,3,91,33.9453125
spectrum,789,1396575440,4096,8,8,61,8207f84d,17.47930215904489,4,105,38.42578125
spectrum,790,1398335440,4096,8,8,61,d3c5d0a3,17.50057877902873,1,87,34.205078125
spectrum,791,1400095680,4096,8,8,29,c166895f,17.523854166967794,4,110,37.12890625
spectrum,792,1401935440,4096,8,8,72,fd9e132f,17.546213843044825,5,111,44.15625
spectrum,793,1403695680,4096,8,8,61,eeffddf2,17.567485113046132,3,101,36.759765625
spectrum,794,1405456000,4096,8,8,60,7eee28a3,17.59018948103767,2,89,34.82421875
spectrum,795,1407215440,4096,8,8,62,d3605e04,17.61218497005757,2,92,35.44140625
spectrum,796,1408975440,4096,8,8,63,a900afdb,17.633379334001802,0,94,35.134765625
spectrum,797,1410735120,4096,8,8,72,4dc7f0e7,17.656207476044074,2,104,40.1171875
spectrum,798,1412495440,4096,8,8,62,9afdd9c9,17.67822892300319,4,102,37.033203125
spectrum,799,1414255440,4096,8,8,60,a462c0ce,17.699403299950063,5,104,37.376953125
spectrum,800,1416015120,4096,8,8,72,c0164b96,17.722180685959756,0,117,38.5859375
spectrum,801,1417855440,4096,8,8,72,00ed6d2d,17.744390388950706,1,105,37.78515625
spectrum,802,1419615680,4096,8,8,60,505a9f71,17.767189876991324,13,132,48.69921875
spectrum,803,1421375440,4096,8,8,72,570f1bc4,17.789109993027523,4,107,40.720703125
spectrum,804,1423215440,4096,8,8,59,a680af5f,17.812187287025154,0,90,34.302734375
spectrum,805,1424975680,4096,8,8,62,e0102cd5,17.833349379943684,1,101,40.1796875
spectrum,806,1426735120,4096,8,8,72,50f6bdb8,17.856171900988556,2,107,43.2265625
spectrum,807,1428495440,4096,8,8,62,0a7858f2,17.87819918000605,2,94,35.150390625
spectrum,808,1430255440,4096,8,8,62,d67833ad,17.89939261204563,2,86,34.84375
spectrum,809,1432015120,4096,8,8,62,3c6dd95d,17.922171892016195,2,97,37.513671875
spectrum,810,1433775440,4096,8,8,63,cc4efee5,17.9433805430308,0,88,35.14453125
spectrum,811,1435535120,4096,8,8,61,ed361f34,17.966229144018143,4,101,38.734375
spectrum,812,1437295440,4096,8,8,63,08c63665,17.988229120965116,4,105,37.12890625
spectrum,813,1439055440,4096,8,8,72,ae74b583,18.009444094030187,5,96,37.78125
spectrum,814,1440816640,4096,8,8,61,0daf63c9,18.03216473304201,4,121,35.408203125
spectrum,815,1442575440,4096,8,8,72,a418eaf9,18.053391968947835,3,113,44.443359375
spectrum,816,1444335440,4096,8,8,61,6c9bc0ff,18.0761959659867,4,105,37.322265625
spectrum,817,1446095120,4096,8,8,32,7cfea83a,18.098181986017153,4,105,36.185546875
spectrum,818,1447855680,4096,8,8,61,f532bac3,18.120201971032657,4,93,34.033203125
spectrum,819,1449615440,4096,8,8,30,622d357b,18.143181720050052,4,122,36.427734375
spectrum,820,1451455440,4096,8,8,62,f0b6e308,18.165208486956544,2,104,38.5703125
spectrum,821,1453295440,4096,8,8,62,45ba45cc,18.188201540964656,4,111,35.935546875
spectrum,822,1455055440,4096,8,8,62,995f1af4,18.21021012403071,2,89,34.76953125
spectrum,823,1456815440,4096,8,8,60,0f82cd2a,18.232210131012835,2,86,35.1015625
spectrum,824,1458575440,4096,8,8,62,30be80a3,18.25339436600916,4,90,35.15234375
spectrum,825,1460336640,4096,8,8,62,94bc34ca,18.276170340017416,1,87,35.2265625
spectrum,826,1462095440,4096,8,8,60,73265ec7,18.298216123017482,1,100,35.748046875
spectrum,827,1463855440,4096,8,8,62,70f6c6ba,18.31938258500304,0,89,33.81640625
spectrum,828,1465615680,4096,8,8,60,849d7f06,18.34250572498422,2,102,40.326171875
spectrum,829,1467375440,4096,8,8,62,6522c69c,18.364707503002137,2,92,35.091796875
spectrum,830,1469135680,4096,8,8,60,805db125,18.385397113044746,3,107,40.71484375
spectrum,831,1470895680,4096,8,8,72,5cd5282c,18.408175591030158,1,109,42.783203125
spectrum,832,1472655440,4096,8,8,62,cd35196a,18.430205413955264,2,97,39.15234375
spectrum,833,1474415440,4096,8,8,60,edb879c1,18.451378648052923,3,92,33.798828125
spectrum,834,1476175120,4096,8,8,72,10d98645,18.47419980703853,5,105,40.861328125
spectrum,835,1477935440,4096,8,8,63,8d64aa43,18.49620595597662,0,106,37.220703125
spectrum,836,1479695440,4096,8,8,63,344113f6,18.51743439398706,5,96,37.734375
spectrum,837,1481455120,4096,8,8,60,b23f67d1,18.54026374896057,2,118,35.412109375
spectrum,838,1483295440,4096,8,8,62,1dd72d57,18.562402687966824,0,91,35.08203125
spectrum,839,1485055680,4096,8,8,61,29b77333,18.584373550023884,0,86,34.2109375
spectrum,840,1486895440,4096,8,8,72,21817c3a,18.608218114008196,15,118,72.9765625
spectrum,841,1488655680,4096,8,8,59,879c46c2,18.63021644798573,2,95,37.232421875
spectrum,842,1490415440,4096,8,8,62,de6db1d9,18.651392646948807,1,101,38.216796875
spectrum,843,1492175120,4096,8,8,63,a34645f5,18.67420851602219,0,106,37.921875
spectrum,844,1493935440,4096,8,8,63,5f669870,18.695388864027336,6,121,70.36328125
spectrum,845,1495695680,4096,8,8,60,5ab9c0d9,18.718175076995976,0,86,34.38671875
spectrum,846,1497455440,4096,8,8,61,386b92bf,18.74005154997576,0,115,39.455078125
spectrum,847,1499295440,4096,8,8,63,3d38f0ea,18.7623812899692,4,91,35.369140625
spectrum,848,1501055120,4096,8,8,60,0bbff47a,18.78518260200508,6,88,34.2265625
spectrum,849,1502815440,4096,8,8,60,9a58a6c1,18.807202156051062,3,129,38.412109375
spectrum,850,1504575440,4096,8,8,62,652229a7,18.828456082032062,0,85,33.849609375
spectrum,851,1506336000,4096,8,8,63,86be3e2d,18.85037864302285,4,88,35.958984375
spectrum,852,1508175440,4096,8,8,63,aeb06a86,18.873397395946085,2,95,37.109375
spectrum,853,1509935680,4096,8,8,59,8511c43f,18.89539167098701,1,92,34.626953125
spectrum,854,1511708880,4096,8,8,60,f1138009,18.91825583204627,1,102,38.1640625
spectrum,855,1513455440,4096,8,8,60,fa516e52,18.940261670039035,4,85,34.126953125
spectrum,856,1515215440,4096,8,8,63,ca18078c,18.96148418704979,0,88,36.212890625
spectrum,857,1516975120,4096,8,8,61,b3cafc04,18.984266923973337,4,88,34.748046875
spectrum,858,1518735440,4096,8,8,63,7b12597e,19.0067242650548,2,103,36.71484375
spectrum,859,1520495440,4096,8,8,61,322cc27e,19.027419916004874,1,87,33.798828125
spectrum,860,1522255120,4096,8,8,61,8f31f80a,19.050260392017663,4,93,36.53515625
spectrum,861,1524015440,4096,8,8,60,5e9c9c5f,19.07139138597995,4,86,34.53515625
spectrum,862,1525775120,4096,8,8,62,4ee588b9,19.094229115988128,5,88,35.1328125
spectrum,863,1527535440,4096,8,8,62,d4f28645,19.116090271039866,0,109,38.6015625
spectrum,864,1529375440,4096,8,8,60,b03754f5,19.139225724036805,2,102,37.890625
spectrum,865,1531135680,4096,8,8,28,708526a2,19.162244335981086,2,125,32.3984375
spectrum,866,1532975440,4096,8,8,62,8f3e1b90,19.18422628904227,4,108,40.685546875
spectrum,867,1534735440,4096,8,8,72,3ae3f7c7,19.20537721097935,3,111,42.79296875
spectrum,868,1536495680,4096,8,8,61,98207eba,19.228174093994312,0,90,33.720703125
spectrum,869,1538255440,4096,8,8,62,958a1505,19.25022721104324,3,107,37.623046875
spectrum,870,1540015440,4096,8,8,61,d886ca3b,19.2712587879505,0,93,35.740234375
spectrum,871,1541775120,4096,8,8,61,64d7c5ff,19.294211245025508,4,91,34.90234375
spectrum,872,1543535440,4096,8,8,64,becd4868,19.31730258499738,5,121,41.458984375
spectrum,873,1545295440,4096,8,8,61,4d7bf20e,19.337399724987336,4,87,34.15625
spectrum,874,1547055120,4096,8,8,62,b968a226,19.360266480012797,3,101,38.068359375
spectrum,875,1548815440,4096,8,8,60,25e4b764,19.381356577039696,3,110,43.638671875
spectrum,876,1550575680,4096,8,8,59,899ae00f,19.403425183030777,4,97,34.84375
spectrum,877,1552335440,4096,8,8,61,952cd2e7,19.426216135034338,1,105,36.439453125
spectrum,878,1554175680,4096,8,8,61,16ad37e6,19.448426109040156,1,110,40.6640625
spectrum,879,1555935680,4096,8,8,64,662758ee,19.470619271043688,5,93,36.501953125
spectrum,880,1557695440,4096,8,8,62,25a9a35f,19.493313980987296,4,89,34.501953125
spectrum,881,1559455440,4096,8,8,62,38e3a8f9,19.51448294695001,0,87,35.318359375
spectrum,882,1561215680,4096,8,8,61,3fe9c9b8,19.536441495991312,4,88,34.458984375
spectrum,883,1562975440,4096,8,8,61,3ba06caa,19.55928250204306,4,112,36.310546875
spectrum,884,1564815440,4096,8,8,33,7e3fddf8,19.58222999004647,2,89,33.693359375
spectrum,885,1566575440,4096,8,8,63,3490b957,19.60429164301604,3,89,34.189453125
spectrum,886,1568335440,4096,8,8,60,376f7809,19.62621284101624,5,101,35.623046875
spectrum,887,1570095440,4096,8,8,61,15713814,19.647277830983512,0,95,36.98828125
spectrum,888,1571855120,4096,8,8,59,4dcdbf69,19.670232202042826,4,88,34.958984375
spectrum,889,1573616000,4096,8,8,60,29086b51,19.691412969958037,0,90,34.529296875
spectrum,890,1575375440,4096,8,8,62,763d849b,19.713435680023395,1,92,35.17578125
spectrum,891,1577135120,4096,8,8,33,e7651498,19.73621305602137,1,107,37.15234375
spectrum,892,1578895440,4096,8,8,72,37478391,19.758243630989455,4,99,37.0234375
spectrum,893,1580655440,4096,8,8,64,f501df7b,19.77939935203176,3,87,35.037109375
spectrum,894,1582415120,4096,8,8,33,e85c90e9,19.80221780494321,4,109,39.30078125
spectrum,895,1584175440,4096,8,8,72,021f42e9,19.824220026028343,4,121,48.9375
spectrum,896,1585935440,4096,8,8,62,a0ab709c,19.845476518035866,4,100,38.98828125
spectrum,897,1587695120,4096,8,8,61,4a803a0e,19.86823766399175,5,89,34.671875
spectrum,898,1589455440,4096,8,8,59,2220e858,19.889411107986234,2,93,36.748046875
spectrum,899,1591215120,4096,8,8,64,11e4ff66,19.912583490950055,4,105,42.255859375
spectrum,900,1593055440,4096,8,8,72,43b1cc0a,19.935252752969973,3,105,39.0546875
spectrum,901,1594815680,4096,8,8,72,73835069,19.95632060803473,5,107,42.05078125
spectrum,902,1596575680,4096,8,8,62,a5ba1953,19.97842945996672,3,95,35.0
spectrum,903,1598335440,4096,8,8,61,fd4bff79,20.001292858971283,2,86,34.822265625
spectrum,904,1600095440,4096,8,8,63,1041fc17,20.022431747987866,4,89,35.41015625
spectrum,905,1601856640,4096,8,8,61,add23b91,20.044466912047938,4,96,37.00390625
spectrum,906,1603615440,4096,8,8,62,78c6abab,20.067217297037132,4,87,34.98046875
spectrum,907,1605375440,4096,8,8,49,84257e01,20.088291223044507,2,127,36.560546875
spectrum,908,1607135120,4096,8,8,62,bc30fb80,20.111217500991188,5,105,37.6171875
spectrum,909,1608895440,4096,8,8,61,27f6fd36,20.13322286796756,5,105,36.908203125
spectrum,910,1610655440,4096,8,8,37,1b3c7225,20.15441043896135,3,109,41.6171875
spectrum,911,1612415120,4096,8,8,60,df791c01,20.17713302199263,5,97,36.994140625
spectrum,912,1614255440,4096,8,8,72,989f4694,20.199414580943994,2,110,44.671875
spectrum,913,1616016960,4096,8,8,63,7139bc9d,20.221395962988026,1,90,35.41796875
spectrum,914,1617775440,4096,8,8,72,22221bdd,20.244225958012976,0,105,39.76953125
spectrum,915,1619535440,4096,8,8,60,d0c2e92c,20.26528887404129,4,100,38.68359375
spectrum,916,1621296000,4096,8,8,29,ac4968a7,20.288403247017413,2,125,32.6953125
spectrum,917,1623135440,4096,8,8,62,86021744,20.31121593003627,1,87,35.52734375
spectrum,918,1624895440,4096,8,8,63,70db7566,20.332316486979835,1,95,35.23046875
spectrum,919,1626655680,4096,8,8,41,69ce9143,20.355258094030432,1,116,37.73828125
spectrum,920,1628495440,4096,8,8,61,25f9a7bc,20.378240518039092,5,85,34.80859375
spectrum,921,1630255440,4096,8,8,60,0a51d617,20.40027702297084,3,102,41.0390625
spectrum,922,1632015440,4096,8,8,61,affc1be9,20.422289883950725,0,98,37.58984375
spectrum,923,1633775440,4096,8,8,62,690ab9fd,20.444156117970124,0,106,36.935546875
spectrum,924,1635615440,4096,8,8,61,a70b3d11,20.466328380978666,3,104,37.865234375
spectrum,925,1637375120,4096,8,8,30,048e2b91,20.489504541037604,4,113,37.359375
spectrum,926,1639215680,4096,8,8,62,fbc67da2,20.511300752987154,2,88,35.08203125
spectrum,927,1640975680,4096,8,8,60,2c94b31d,20.533415677025914,4,90,35.689453125
spectrum,928,1642735440,4096,8,8,32,acbb0a76,20.556287021026947,3,108,36.32421875
spectrum,929,1644575440,4096,8,8,60,70f9baed,20.579275505966507,2,92,34.515625
spectrum,930,1646335440,4096,8,8,66,d495345c,20.60030592000112,4,91,35.619140625
spectrum,931,1648095120,4096,8,8,63,a52892f9,20.623236916959286,5,105,37.853515625
spectrum,932,1649855440,4096,8,8,60,fb6aaa1b,20.64525197201874,1,103,35.935546875
spectrum,933,1651615440,4096,8,8,61,641911ef,20.666420146008022,3,89,34.41796875
spectrum,934,1653375120,4096,8,8,60,1224bd48,20.689312099013478,4,117,36.6171875
spectrum,935,1655215440,4096,8,8,62,867e4b7b,20.711325541022234,3,88,35.298828125
spectrum,936,1656976960,4096,8,8,62,91714d45,20.73342755099293,3,107,42.029296875
spectrum,937,1658735440,4096,8,8,72,684e777e,20.756226056953892,3,107,39.990234375
spectrum,938,1660495440,4096,8,8,61,0e8a79b4,20.777291266946122,4,88,34.994140625
spectrum,939,1662255680,4096,8,8,64,8e00aec0,20.799425057019107,4,104,38.509765625
spectrum,940,1664015440,4096,8,8,64,de21c240,20.822228322038427,4,108,39.193359375
spectrum,941,1665775440,4096,8,8,64,664aae1a,20.84344574995339,2,92,36.96484375
spectrum,942,1667535120,4096,8,8,60,fa3c7285,20.865340117015876,5,90,33.64453125
spectrum,943,1669295120,4096,8,8,61,32997ce0,20.88832073705271,2,106,42.10546875
spectrum,944,1671055440,4096,8,8,63,52d8f91a,20.90945846401155,0,90,36.4609375
spectrum,945,1672815120,4096,8,8,63,c47aa95a,20.932571534998715,4,104,38.291015625
spectrum,946,1674575440,4096,8,8,61,3bd3df18,20.954413363011554,9,104,47.857421875
spectrum,947,1676335440,4096,8,8,61,f4a0db93,20.97530792001635,5,97,41.396484375
spectrum,948,1678095120,4096,8,8,62,90d954cc,20.99829003296327,3,104,39.474609375
spectrum,949,1679855680,4096,8,8,60,b1cfd967,21.019262316985987,3,120,42.45703125
spectrum,950,1681615680,4096,8,8,62,40514cd1,21.041434108978137,0,104,37.26171875
spectrum,951,1683375440,4096,8,8,61,0433d1f1,21.064230832038447,2,111,38.072265625
spectrum,952,1685135440,4096,8,8,60,53669f78,21.085307392990217,2,99,37.060546875
spectrum,953,1686896000,4096,8,8,29,4d196636,21.108268928015605,2,122,35.748046875
spectrum,954,1688735440,4096,8,8,59,35c8c7b6,21.131275517051108,4,107,40.322265625
spectrum,955,1690495440,4096,8,8,60,f00001d0,21.15237004205119,3,108,39.330078125
spectrum,956,1692255680,4096,8,8,60,077fb1ef,21.174858622951433,1,86,34.51171875
spectrum,957,1694015440,4096,8,8,61,1a4c8e5b,21.197259988053702,3,96,35.42578125
spectrum,958,1695775440,4096,8,8,62,cbd042cf,21.22008867096156,0,104,37.71484375
spectrum,959,1697535120,4096,8,8,62,664bdd9b,21.24128036003094,0,106,37.1875
spectrum,960,1699375440,4096,8,8,36,7b6c79b3,21.26438224001322,5,103,38.404296875
spectrum,961,1701135680,4096,8,8,56,79c21858,21.28538007196039,2,91,34.435546875
spectrum,962,1702895120,4096,8,8,29,1d5022da,21.308295338996686,3,112,36.896484375
spectrum,963,1704655440,4096,8,8,62,162198ba,21.329990459955297,4,103,37.611328125
spectrum,964,1706415680,4096,8,8,61,4bb59361,21.351472747977823,5,104,36.626953125
spectrum,965,1708175440,4096,8,8,59,1df43443,21.374242870952003,4,110,37.931640625
spectrum,966,1709935440,4096,8,8,61,f1c27697,21.395591645967215,3,106,36.7265625
spectrum,967,1711695120,4096,8,8,64,7c73793a,21.418329137028195,4,94,34.935546875
spectrum,968,1713455440,4096,8,8,63,0045bde5,21.440375552047044,2,108,38.201171875
spectrum,969,1715215440,4096,8,8,61,8d358c7a,21.462292011012323,4,85,34.537109375
spectrum,970,1716975440,4096,8,8,72,b0423c86,21.483422553981654,4,114,42.232421875
spectrum,971,1718735120,4096,8,8,61,2cc01cb6,21.50609193602577,3,117,36.529296875
spectrum,972,1720575440,4096,8,8,29,15f6a965,21.529289186000824,3,113,37.814453125
spectrum,973,1722335680,4096,8,8,61,417e9a49,21.551300253951922,0,91,35.7265625
spectrum,974,1724095440,4096,8,8,63,d77af38f,21.573271916946396,4,105,37.134765625
spectrum,975,1725855440,4096,8,8,62,15cadd05,21.594889872008935,2,89,35.568359375
spectrum,976,1727615680,4096,8,8,60,59f79f7e,21.616470415960066,1,122,34.759765625
spectrum,977,1729375440,4096,8,8,61,ff3a5836,21.6382777079707,3,84,34.70703125
spectrum,978,1731135440,4096,8,8,60,04b1ca0a,21.660493161994964,4,109,38.083984375
spectrum,979,1732897440,4096,8,8,60,79305b3f,21.68250379897654,2,112,39.130859375
spectrum,980,1734655440,4096,8,8,63,2fa256be,21.705647728056647,4,109,37.23828125
spectrum,981,1736415440,4096,8,8,60,753ae343,21.727649347973056,4,106,37.970703125
spectrum,982,1738175440,4096,8,8,60,bb5e7486,21.749272892950103,2,97,36.078125
spectrum,983,1739935440,4096,8,8,66,d85c0878,21.771233214996755,4,108,38.90625
spectrum,984,1741775440,4096,8,8,72,5f3cb380,21.79335864901077,2,108,40.685546875
spectrum,985,1743535120,4096,8,8,72,31e053cd,21.816242286004126,0,101,37.794921875
spectrum,986,1745375680,4096,8,8,63,28b9c714,21.83827689802274,3,94,36.056640625
spectrum,987,1747135680,4096,8,8,60,fd28b994,21.8604306060588,4,122,36.21875
spectrum,988,1748895440,4096,8,8,72,e3efa563,21.883261012029834,4,110,40.318359375
spectrum,989,1750655440,4096,8,8,60,5ac2086e,21.904306545038708,2,105,40.220703125
spectrum,990,1752415680,4096,8,8,27,6d3780bb,21.92722669104114,0,119,43.384765625
spectrum,991,1754255440,4096,8,8,59,169b4d96,21.950257977005094,1,117,41.28125
spectrum,992,1756015440,4096,8,8,61,072b6231,21.97125745296944,0,94,34.568359375
spectrum,993,1757775680,4096,8,8,63,697ba5f9,21.99347739503719,4,91,35.953125
spectrum,994,1759535440,4096,8,8,60,5e33a949,22.01628715300467,7,111,42.189453125
spectrum,995,1761295440,4096,8,8,61,6ae2445d,22.037905678036623,3,96,34.216796875
spectrum,996,1763055680,4096,8,8,72,578800b5,22.060309918946587,5,104,39.060546875
spectrum,997,1764815680,4096,8,8,60,a4d7c06c,22.08236866700463,0,101,36.470703125
spectrum,998,1766575440,4096,8,8,62,64cffe05,22.104260439053178,4,92,34.701171875
spectrum,999,1768335440,4096,8,8,64,4ad51826,22.12626603699755,5,125,40.3203125
spectrum,1000,1770095440,4096,8,8,60,36732e3c,22.14730060903821,4,114,43.1171875
spectrum,1001,1771855680,4096,8,8,61,dd923b3f,22.169442523969337,2,94,34.94921875
spectrum,1002,1773615440,4096,8,8,61,27fea234,22.192260697018355,1,107,36.06640625
spectrum,1003,1775375440,4096,8,8,60,79cb893d,22.213301299954765,3,94,33.625
spectrum,1004,1777135680,4096,8,8,60,1b4da17f,22.235623767017387,2,97,35.22265625
spectrum,1005,1778895440,4096,8,8,63,e852b8ad,22.25835358304903,4,96,35.61328125
spectrum,1006,1780655440,4096,8,8,63,c7f0a4ef,22.279313905048184,0,98,38.73046875
spectrum,1007,1782415680,4096,8,8,63,71a04631,22.301547894021496,3,90,33.873046875
spectrum,1008,1784255440,4096,8,8,62,10b1b5c9,22.325296755996533,3,115,36.80859375
spectrum,1009,1786096000,4096,8,8,62,29db31d3,22.347443360020407,4,89,35.765625
spectrum,1010,1787855120,4096,8,8,60,e80a69d8,22.37027652200777,2,85,34.89453125
spectrum,1011,1789615440,4096,8,8,60,be20153d,22.3922756370157,2,108,33.79296875
spectrum,1012,1791375440,4096,8,8,60,f7fe3a04,22.413274580962025,10,138,61.6953125
spectrum,1013,1793135680,4096,8,8,55,f12fa92a,22.4354140519863,4,88,33.294921875
spectrum,1014,1794895440,4096,8,8,60,96c8e9e2,22.457264526048675,4,88,34.6484375
spectrum,1015,1796655440,4096,8,8,59,a976b24a,22.479416901012883,4,98,36.83984375
spectrum,1016,1798415120,4096,8,8,64,81dd66fe,22.503289157059044,4,124,38.15234375
spectrum,1017,1800175440,4096,8,8,60,c73868bf,22.524378512054682,16,145,65.83203125
spectrum,1018,1801935440,4096,8,8,45,f17ab08b,22.54547926899977,4,85,33.62890625
spectrum,1019,1803695120,4096,8,8,60,b7e39838,22.568347958032973,2,92,34.146484375
spectrum,1020,1805535440,4096,8,8,39,101f5ea8,22.591291659045964,6,133,53.720703125
spectrum,1021,1807295680,4096,8,8,60,ade99957,22.61233373405412,4,89,34.322265625
spectrum,1022,1809055120,4096,8,8,60,33024bd8,22.635250414023176,10,146,65.255859375
spectrum,1023,1810815440,4096,8,8,64,3e91b40d,22.656289184000343,0,84,34.388671875
spectrum,1024,1812575120,4096,8,8,61,d765cafe,22.679214069037698,4,86,34.345703125
spectrum,1025,1814335440,4096,8,8,34,362626b4,22.70126686594449,4,118,33.95703125
spectrum,1026,1816095440,4096,8,8,60,ee55fd44,22.7232641170267,5,87,34.041015625
spectrum,1027,1817855440,4096,8,8,29,16a53e62,22.745642598951235,0,123,33.11328125
spectrum,1028,1819695440,4096,8,8,60,9ea04486,22.76736461103428,0,111,40.03125
spectrum,1029,1821455120,4096,8,8,64,792740f3,22.789336603949778,3,84,34.734375
spectrum,1030,1823215680,4096,8,8,60,4ecd10ae,22.81263792095706,4,85,33.45703125
spectrum,1031,1824975440,4096,8,8,72,25844f60,22.83430440700613,19,144,71.14453125
spectrum,1032,1826815440,4096,8,8,59,a342bd73,22.85631335095968,2,86,34.4921875
spectrum,1033,1828575120,4096,8,8,61,2f1d1d4d,22.879286346957088,4,92,33.986328125
spectrum,1034,1830335680,4096,8,8,36,a6dfb392,22.901259363046847,2,129,36.5390625
spectrum,1035,1832095440,4096,8,8,60,75608693,22.922335793962702,4,86,33.65234375
spectrum,1036,1833855120,4096,8,8,60,34604cb6,22.945266420021653,5,129,36.736328125
spectrum,1037,1835615440,4096,8,8,63,e64db474,22.96629282599315,2,106,37.4296875
spectrum,1038,1837375680,4096,8,8,60,0189a11e,22.988471399992704,14,140,63.208984375
spectrum,1039,1839135440,4096,8,8,39,f61765db,23.01127992605325,11,135,61.76953125
spectrum,1040,1840895440,4096,8,8,60,245e265d,23.032281816005707,0,91,34.93359375
spectrum,1041,1842655680,4096,8,8,60,0f9e0636,23.05445828603115,3,98,36.7734375
spectrum,1042,1844415440,4096,8,8,64,ae10a9df,23.077280216966756,0,107,38.927734375
spectrum,1043,1846175440,4096,8,8,63,6e9f80c0,23.098605087026954,10,128,56.724609375
spectrum,1044,1847935680,4096,8,8,34,9e6cb7bd,23.120424782973714,0,109,43.109375
spectrum,1045,1849695440,4096,8,8,60,9b7fa5b1,23.14346120902337,1,119,36.09375
spectrum,1046,1851535680,4096,8,8,52,5a8f146b,23.165329367038794,4,90,34.09375
spectrum,1047,1853295120,4096,8,8,60,f3eb8e38,23.188238851958886,1,89,34.12890625
spectrum,1048,1855055440,4096,8,8,63,d64094e3,23.21022053505294,24,145,67.83984375
spectrum,1049,1856815440,4096,8,8,60,118be00d,23.23129535303451,4,98,37.369140625
spectrum,1050,1858575120,4096,8,8,30,4b6bf6ba,23.254232860985212,3,109,39.29296875
spectrum,1051,1860335440,4096,8,8,64,c4315811,23.275335252052173,4,117,33.10546875
spectrum,1052,1862095680,4096,8,8,60,3c843220,23.29744655895047,4,84,33.701171875
spectrum,1053,1863855440,4096,8,8,32,fc4fbd94,23.32025111594703,28,144,74.65234375
spectrum,1054,1865615440,4096,8,8,59,4d5971f2,23.342279616976157,4,83,33.888671875
spectrum,1055,1867375440,4096,8,8,30,b3d94b4c,23.363478449056856,0,115,40.005859375
spectrum,1056,1869215440,4096,8,8,62,7e457406,23.387272226973437,4,100,37.052734375
spectrum,1057,1870975680,4096,8,8,60,efe3662c,23.40935624204576,11,132,56.400390625
spectrum,1058,1872735440,4096,8,8,39,28c6e4ff,23.43041040096432,2,102,37.705078125
spectrum,1059,1874495120,4096,8,8,60,e725e063,23.45334605698008,2,104,36.3984375
spectrum,1060,1876255440,4096,8,8,60,70bd3d9f,23.475424841977656,5,111,37.033203125
spectrum,1061,1878016640,4096,8,8,32,621fcec0,23.496476216008887,2,108,37.05859375
spectrum,1062,1879775440,4096,8,8,60,0bf6f232,23.519250937039033,2,110,38.30078125
spectrum,1063,1881535440,4096,8,8,39,3639feca,23.541255351970904,5,127,40.638671875
spectrum,1064,1883295440,4096,8,8,28,f368fe66,23.563232616055757,10,133,49.82421875
spectrum,1065,1885055440,4096,8,8,63,a54b73bf,23.584475271054544,5,86,34.64453125
spectrum,1066,1886815440,4096,8,8,72,0890006a,23.606285950052552,3,113,40.310546875
spectrum,1067,1888576640,4096,8,8,38,a1834cf4,23.628477278049104,13,124,55.82421875
spectrum,1068,1890415440,4096,8,8,59,a8fca982,23.652238865033723,3,111,36.384765625
spectrum,1069,1892175680,4096,8,8,37,1d75ec77,23.674237127997912,4,87,33.478515625
spectrum,1070,1893935440,4096,8,8,40,08b807a8,23.696294063003734,17,145,64.41015625
spectrum,1071,1895695440,4096,8,8,62,2f38be24,23.718364021973684,0,105,36.04296875
spectrum,1072,1897455440,4096,8,8,62,6ee3fb89,23.739488894003443,5,104,39.896484375
spectrum,1073,1899215120,4096,8,8,72,8da2d07f,23.762418729020283,0,120,39.916015625
spectrum,1074,1901055440,4096,8,8,60,ddd9a2f9,23.78435327205807,4,112,36.66015625
spectrum,1075,1902815680,4096,8,8,59,5589910f,23.80631054798141,4,92,34.576171875
spectrum,1076,1904575440,4096,8,8,58,81fd454e,23.82956041698344,1,109,38.146484375
spectrum,1077,1906335440,4096,8,8,39,90eab512,23.85048808704596,11,140,61.76171875
spectrum,1078,1908095680,4096,8,8,72,81f7cc26,23.872800254030153,3,100,36.8984375
spectrum,1079,1909855440,4096,8,8,60,ca55954d,23.895347855053842,0,116,36.6015625
spectrum,1080,1911695440,4096,8,8,60,dfa161a8,23.917330099036917,4,92,34.603515625
spectrum,1081,1913455120,4096,8,8,60,2e1be8be,23.939269030001014,4,114,39.962890625
spectrum,1082,1915215120,4096,8,8,60,67fff929,23.962255310965702,1,98,38.583984375
spectrum,1083,1916975680,4096,8,8,60,eee2d6a1,23.984272410045378,3,109,38.189453125
spectrum,1084,1918735440,4096,8,8,40,99ed5a4b,24.006269061006606,0,128,36.8671875
spectrum,1085,1920495440,4096,8,8,59,92b9b064,24.028213041019626,0,101,35.66015625
spectrum,1086,1922255440,4096,8,8,60,ef78a09a,24.04933027899824,3,114,40.603515625
spectrum,1087,1924015120,4096,8,8,61,35e25f62,24.07226384105161,4,92,33.984375
spectrum,1088,1925775440,4096,8,8,60,ee1f66fd,24.093336635036394,38,147,75.345703125
spectrum,1089,1927535680,4096,8,8,35,cce5aad8,24.115316804032773,0,128,38.279296875
spectrum,1090,1929295440,4096,8,8,60,0d1d5d61,24.138299267971888,3,126,38.236328125
spectrum,1091,1931055440,4096,8,8,62,04f94e66,24.15948989498429,4,101,37.470703125
spectrum,1092,1932896000,4096,8,8,30,0593d725,24.184341712039895,2,115,36.3359375
spectrum,1093,1934735440,4096,8,8,35,b259c902,24.206321922014467,5,123,37.62109375
spectrum,1094,1936495440,4096,8,8,60,4dda13fa,24.227468354976736,4,112,38.09765625
spectrum,1095,1938255440,4096,8,8,60,c39ab098,24.249334117979743,3,98,36.556640625
spectrum,1096,1940015120,4096,8,8,60,7816b000,24.2722631910583,4,84,33.91796875
spectrum,1097,1941775440,4096,8,8,60,c605a3cb,24.293357055052184,0,128,47.53515625
spectrum,1098,1943535120,4096,8,8,40,ad5247ca,24.316245922003873,4,129,36.80078125
spectrum,1099,1945295440,4096,8,8,60,259f9b36,24.338269794010557,3,108,35.796875
spectrum,1100,1947055440,4096,8,8,60,6f0eaaa7,24.359260512981564,4,115,34.669921875
spectrum,1101,1948815680,4096,8,8,28,3df5c420,24.382340179989114,0,119,39.818359375
spectrum,1102,1950655440,4096,8,8,60,b37c6569,24.40555535396561,4,90,33.28125
spectrum,1103,1952415440,4096,8,8,60,b41efc5e,24.42633886099793,1,85,34.13671875
spectrum,1104,1954175680,4096,8,8,60,d2102156,24.448326505022123,15,141,66.705078125
spectrum,1105,1955936960,4096,8,8,64,a26cd2ac,24.471241050050594,4,127,37.69921875
spectrum,1106,1957695440,4096,8,8,60,930d2c8d,24.492280410951935,4,82,33.61328125
spectrum,1107,1959455120,4096,8,8,60,a25d792c,24.514460577978753,16,134,59.986328125
spectrum,1108,1961215440,4096,8,8,60,6a083896,24.537257150979713,3,105,37.70703125
spectrum,1109,1962975440,4096,8,8,60,40d59e45,24.558297834009863,2,126,45.640625
spectrum,1110,1964735120,4096,8,8,39,61abfd6e,24.58129393402487,3,128,36.876953125
spectrum,1111,1966495440,4096,8,8,60,325b1700,24.60224839404691,1,96,36.40625
spectrum,1112,1968256640,4096,8,8,64,f9e20fab,24.624510757043026,4,89,34.88671875
spectrum,1113,1970015440,4096,8,8,64,0c3bcf27,24.647390395984985,3,104,36.482421875
spectrum,1114,1971775440,4096,8,8,60,1aa7c572,24.668395822984166,5,131,38.4375
spectrum,1115,1973535680,4096,8,8,39,beef23d8,24.69032087805681,8,130,52.611328125
spectrum,1116,1975375440,4096,8,8,60,abe729e8,24.714310285053216,4,91,33.6171875
spectrum,1117,1977135680,4096,8,8,35,2e388ca5,24.735319128027186,9,122,52.06640625
spectrum,1118,1978895680,4096,8,8,60,ff07fc61,24.757321369019337,5,86,33.833984375
spectrum,1119,1980655440,4096,8,8,32,9b75b2ac,24.780275580007583,1,111,38.1015625
spectrum,1120,1982415440,4096,8,8,60,881657fb,24.801372690009885,3,113,36.52734375
spectrum,1121,1984175120,4096,8,8,60,4f4190d4,24.824265965027735,0,86,33.40234375
spectrum,1122,1985935440,4096,8,8,46,aa37c458,24.84631601604633,13,143,64.201171875
spectrum,1123,1987695440,4096,8,8,60,ffd1b184,24.867304119979963,0,89,34.0078125
spectrum,1124,1989455120,4096,8,8,60,a740aec0,24.891173972049728,10,133,59.8984375
spectrum,1125,1991215440,4096,8,8,61,c82ad871,24.91131553496234,0,87,33.783203125
spectrum,1126,1992975680,4096,8,8,60,5c01f3f2,24.935222827014513,5,128,38.51953125
spectrum,1127,1994735440,4096,8,8,46,dd44ef66,24.955491991946474,4,127,37.37890625
spectrum,1128,1996575440,4096,8,8,60,3ba5ae9b,24.979301088955253,4,106,37.689453125
spectrum,1129,1998416000,4096,8,8,29,71504a37,25.002322677057236,5,123,35.759765625
spectrum,1130,2000255440,4096,8,8,60,017661bd,25.02525467495434,5,115,42.263671875
spectrum,1131,2002015440,4096,8,8,61,547d6798,25.046482793055475,1,105,36.806640625
spectrum,1132,2003775440,4096,8,8,61,29407378,25.06832363898866,15,140,70.37109375
spectrum,1133,2005535120,4096,8,8,61,7ed291cb,25.090479759965092,3,87,34.681640625
spectrum,1134,2007295440,4096,8,8,61,f52c0d81,25.112293584970757,4,107,39.130859375
spectrum,1135,2009055120,4096,8,8,59,25aa7e0d,25.13448149699252,10,135,58.474609375
spectrum,1136,2010815440,4096,8,8,63,1f7bbe4c,25.156453390954994,28,141,68.4140625
spectrum,1137,2012575440,4096,8,8,62,6bfed0e5,25.178262967965566,8,143,64.94921875
spectrum,1138,2014335680,4096,8,8,29,cef9a396,25.201335281017236,3,113,36.18359375
spectrum,1139,2016175440,4096,8,8,59,29df82b4,25.223544392967597,2,97,35.146484375
spectrum,1140,2018015440,4096,8,8,63,38c5ef88,25.24651031603571,1,94,35.07421875
spectrum,1141,2019776000,4096,8,8,63,b04dfe1b,25.268330762977712,2,128,35.99609375
spectrum,1142,2021535440,4096,8,8,65,19175bc8,25.290482347016223,4,129,36.953125
spectrum,1143,2023295440,4096,8,8,60,3488d983,25.312356275040656,2,110,39.23046875
spectrum,1144,2025055120,4096,8,8,58,245aec9b,25.334477982018143,19,152,69.00390625
spectrum,1145,2026815440,4096,8,8,63,34020997,25.356471837032586,2,105,36.83203125
spectrum,1146,2028575440,4096,8,8,31,de33b034,25.378283116966486,4,130,44.1015625
spectrum,1147,2030335120,4096,8,8,63,58a2adfb,25.400507017038763,4,91,34.908203125
spectrum,1148,2032095440,4096,8,8,60,e4a496ec,25.42236421396956,4,109,37.091796875
spectrum,1149,2033855680,4096,8,8,60,b29a4ff1,25.44438577105757,1,88,33.76953125
spectrum,1150,2035615440,4096,8,8,61,4bd2a729,25.46707398898434,0,107,35.5234375
spectrum,1151,2037375440,4096,8,8,62,c24f2758,25.48977438895963,11,138,64.2421875
spectrum,1152,2039135680,4096,8,8,60,863c8065,25.51036966103129,5,84,34.189453125
spectrum,1153,2040895440,4096,8,8,62,072d0cbf,25.532491817953996,0,107,37.501953125
spectrum,1154,2042655680,4096,8,8,60,8e2fdced,25.554288450977765,6,113,41.00390625
spectrum,1155,2044415680,4096,8,8,60,0cfc3c60,25.57634034496732,3,107,39.447265625
spectrum,1156,2046175440,4096,8,8,62,b08dfe06,25.599347666022368,3,111,37.359375
spectrum,1157,2047935440,4096,8,8,28,178468c2,25.620492105954327,4,111,35.2109375
spectrum,1158,2049695440,4096,8,8,60,41615435,25.642474259017035,1,89,34.03125
spectrum,1159,2051455440,4096,8,8,60,2c29ca15,25.665286910953,4,113,37.12109375
spectrum,1160,2053215440,4096,8,8,61,5c375609,25.686716079013422,2,92,34.341796875
spectrum,1161,2054975120,4096,8,8,62,d2e98a3a,25.708527398994192,5,93,35.005859375
spectrum,1162,2056735440,4096,8,8,61,37d81f3d,25.73041571502108,0,129,35.375
spectrum,1163,2058495680,4096,8,8,61,7e7e015e,25.752502094954252,4,124,38.130859375
spectrum,1164,2060335440,4096,8,8,72,ed75afe3,25.775494777946733,14,150,61.357421875
spectrum,1165,2062095680,4096,8,8,60,df5525a8,25.79729945596773,3,102,36.9609375
spectrum,1166,2063855680,4096,8,8,60,1d5eeb63,25.81937896204181,4,100,37.654296875
spectrum,1167,2065615440,4096,8,8,61,28f0cc01,25.841513684019446,4,99,37.4609375
spectrum,1168,2067375440,4096,8,8,63,ce46b5b1,25.86327448801603,0,97,36.544921875
spectrum,1169,2069135680,4096,8,8,33,82097747,25.88547684799414,0,107,38.345703125
spectrum,1170,2070895440,4096,8,8,62,2d4f4e1e,25.907483397051692,1,90,34.791015625
spectrum,1171,2072655440,4096,8,8,61,3a37c73b,25.92979915998876,4,98,36.587890625
spectrum,1172,2074415120,4096,8,8,62,57703fc4,25.951560516026802,11,132,62.470703125
spectrum,1173,2076175440,4096,8,8,60,31c96aba,25.97411180497147,4,105,36.17578125
spectrum,1174,2077935440,4096,8,8,39,f9ea1595,25.995346263982356,3,131,34.658203125
spectrum,1175,2079695120,4096,8,8,72,fd50f10d,26.018252143985592,4,110,38.3984375
spectrum,1176,2081535440,4096,8,8,60,84f74e93,26.040338283055462,4,129,36.818359375
spectrum,1177,2083296000,4096,8,8,59,0fb0e74b,26.0632753809914,0,111,39.529296875
spectrum,1178,2085055440,4096,8,8,33,5fe207e5,26.08451498101931,7,129,46.173828125
spectrum,1179,2086815440,4096,8,8,60,9d353adf,26.10655925096944,0,101,36.935546875
spectrum,1180,2088575440,4096,8,8,60,24c2683b,26.1283441609703,7,128,42.37890625
spectrum,1181,2090335120,4096,8,8,60,83486dc7,26.150530830956995,4,129,38.8515625
spectrum,1182,2092095440,4096,8,8,59,b9b9d925,26.172517532017082,5,90,34.36328125
spectrum,1183,2093855440,4096,8,8,60,ac036613,26.194319925038144,1,87,33.57421875
spectrum,1184,2095615120,4096,8,8,62,b2cdb60d,26.21649168699514,7,124,53.439453125
spectrum,1185,2097375440,4096,8,8,60,77906c5b,26.238292295951396,3,94,34.708984375
spectrum,1186,2099135120,4096,8,8,72,57c481c2,26.260538439033553,4,105,39.66015625
spectrum,1187,2100895440,4096,8,8,72,938428d9,26.283358765998855,4,106,38.1953125
spectrum,1188,2102735440,4096,8,8,60,bbb0d6e1,26.30531421804335,6,127,51.548828125
spectrum,1189,2104496000,4096,8,8,61,e6fc07c5,26.327428149990737,0,86,34.478515625
spectrum,1190,2106255440,4096,8,8,60,f67d6fd9,26.34950787795242,2,106,38.55859375
spectrum,1191,2108015440,4096,8,8,60,a5e8f6f8,26.371337451972067,4,89,33.916015625
spectrum,1192,2109776640,4096,8,8,62,6eeee81d,26.393344813026488,1,126,34.802734375
spectrum,1193,2111535440,4096,8,8,60,0a42cd83,26.416293723043054,3,129,39.888671875
spectrum,1194,2113295440,4096,8,8,29,ad9f2049,26.438315410981886,0,115,39.1015625
spectrum,1195,2115135440,4096,8,8,72,777c71b3,26.460596158052795,14,145,63.197265625
spectrum,1196,2116895440,4096,8,8,60,729602f3,26.482549687032588,4,114,38.140625
spectrum,1197,2118655440,4096,8,8,60,d3110af3,26.50429766695015,3,91,35.068359375
spectrum,1198,2120415120,4096,8,8,60,03b389fa,26.526513903052546,4,112,37.1328125
spectrum,1199,2122175440,4096,8,8,62,df150f1e,26.54839545604773,1,90,34.140625
spectrum,1200,2123936960,4096,8,8,63,8a351f44,26.570381426019594,4,88,36.1171875
spectrum,1201,2125695440,4096,8,8,60,252302ef,26.592493645031936,3,110,35.1640625
spectrum,1202,2127455440,4096,8,8,58,e8cfc224,26.61435343604535,4,87,34.73828125
spectrum,1203,2129215680,4096,8,8,62,9817595d,26.6363766270224,4,88,34.603515625
spectrum,1204,2130975440,4096,8,8,60,0c6f144f,26.65852968301624,4,109,39.90234375
spectrum,1205,2132735440,4096,8,8,61,8d0c9966,26.680354287964292,2,100,37.703125
spectrum,1206,2134496640,4096,8,8,60,7c1956b7,26.702378771035,3,102,37.755859375
spectrum,1207,2136255440,4096,8,8,60,043ec5d1,26.724505607038736,3,110,36.083984375
spectrum,1208,2138015440,4096,8,8,60,28dfa11b,26.746321636019275,4,106,36.57421875
spectrum,1209,2139775120,4096,8,8,60,d9f3c7a4,26.768534895963967,0,117,40.634765625
spectrum,1210,2141535440,4096,8,8,62,f5e57983,26.791306191007607,0,105,37.29296875
spectrum,1211,2143295440,4096,8,8,60,20c73b71,26.814014345989563,5,88,33.939453125
spectrum,1212,2145055120,4096,8,8,59,df5f6584,26.835338335018605,2,90,34.013671875
spectrum,1213,2146895680,4096,8,8,61,e6168a90,26.857375983032398,3,85,33.705078125
spectrum,1214,2148655680,4096,8,8,63,a9adc862,26.87936585000716,3,88,35.583984375
spectrum,1215,2150415440,4096,8,8,72,c525f918,26.901545036002062,12,128,57.119140625
spectrum,1216,2152175440,4096,8,8,60,f08ce20f,26.92332579800859,3,84,33.42578125
spectrum,1217,2153935680,4096,8,8,35,6474f06d,26.946391899953596,4,127,34.837890625
spectrum,1218,2155695440,4096,8,8,60,f4782ddc,26.967527301982045,4,104,36.552734375
spectrum,1219,2157455440,4096,8,8,61,b047f74d,26.98941153998021,4,98,38.310546875
spectrum,1220,2159215680,4096,8,8,63,9f6b9994,27.014639197965153,0,90,34.689453125
spectrum,1221,2160975440,4096,8,8,60,04e9493b,27.034355847979896,4,117,39.478515625
spectrum,1222,2162815440,4096,8,8,61,83a815d2,27.05639073101338,5,87,33.607421875
spectrum,1223,2164575120,4096,8,8,60,c9382066,27.08038038900122,5,85,33.912109375
spectrum,1224,2166415440,4096,8,8,63,0e81767a,27.101564171956852,5,111,36.37890625
spectrum,1225,2168175680,4096,8,8,61,2cd7e859,27.123363689985126,5,87,33.90234375
spectrum,1226,2169936640,4096,8,8,40,af53469d,27.145379616995342,2,129,40.794921875
spectrum,1227,2171695440,4096,8,8,60,87275fb1,27.167284323018976,2,88,34.3203125
spectrum,1228,2173455440,4096,8,8,60,8611b7b5,27.189384500030428,2,112,39.33984375
spectrum,1229,2175215120,4096,8,8,31,bf621d48,27.21149425394833,4,121,38.076171875
spectrum,1230,2176975440,4096,8,8,60,7cd54423,27.234327635960653,5,109,36.4375
spectrum,1231,2178735440,4096,8,8,30,bee1884f,27.255508222966455,5,116,36.9765625
spectrum,1232,2180495440,4096,8,8,60,6b32a281,27.277504513040185,3,102,37.7109375
spectrum,1233,2182255440,4096,8,8,60,4302cc9b,27.299481726950034,0,105,36.59375
spectrum,1234,2184015440,4096,8,8,62,9f5ac390,27.321299348957837,4,103,36.501953125
spectrum,1235,2185775120,4096,8,8,62,ef717978,27.343732423963957,0,94,34.3046875
spectrum,1236,2187615440,4096,8,8,61,173008c1,27.367255880031735,5,85,33.9140625
spectrum,1237,2189375120,4096,8,8,30,81f8d181,27.38855843897909,4,102,36.8046875
spectrum,1238,2191135680,4096,8,8,72,fb38f1f9,27.41054268600419,16,142,69.384765625
spectrum,1239,2192895440,4096,8,8,60,c31af6ec,27.432313379016705,5,111,36.666015625
spectrum,1240,2194655680,4096,8,8,61,0c79a360,27.454398166039027,2,100,38.19140625
spectrum,1241,2196415440,4096,8,8,63,25e695fc,27.476351003046148,4,86,34.578125
spectrum,1242,2198175440,4096,8,8,60,d641a96b,27.498389231972396,1,125,36.447265625
spectrum,1243,2199935680,4096,8,8,59,ecc37adb,27.520396052044816,2,90,34.22265625
spectrum,1244,2201695440,4096,8,8,33,126b85f9,27.542490276042372,7,144,60.48828125
spectrum,1245,2203455440,4096,8,8,60,2bd4d44e,27.564342173049226,4,84,34.0703125
spectrum,1246,2205215120,4096,8,8,60,347fac52,27.586490500019863,1,134,41.25390625
spectrum,1247,2206975440,4096,8,8,64,f067237f,27.608565247966908,0,106,36.220703125
spectrum,1248,2208815440,4096,8,8,60,2e1309dd,27.63232302700635,5,85,33.400390625
spectrum,1249,2210575120,4096,8,8,64,915953f6,27.65362732904032,3,94,35.318359375
spectrum,1250,2212335680,4096,8,8,61,17ac72d2,27.67564507899806,0,129,37.54296875
spectrum,1251,2214095680,4096,8,8,60,ca2fe52e,27.69742270500865,4,85,33.853515625
spectrum,1252,2215855440,4096,8,8,63,eb1de25f,27.719526428030804,7,130,59.6875
spectrum,1253,2217615440,4096,8,8,60,61abf4a4,27.74122881202493,2,108,39.541015625
spectrum,1254,2219375680,4096,8,8,60,d6c37068,27.76426259300206,14,147,67.203125
spectrum,1255,2221135440,4096,8,8,60,700ba288,27.785486773005687,7,126,46.412109375
spectrum,1256,2222895440,4096,8,8,60,1d68520e,27.807392913033254,7,145,55.9375
spectrum,1257,2224655680,4096,8,8,60,27452546,27.830371067975648,4,88,34.78515625
spectrum,1258,2226415440,4096,8,8,61,3b44d0b7,27.852347559994087,5,110,38.806640625
spectrum,1259,2228175440,4096,8,8,60,7156fd1c,27.875080793048255,14,132,55.56640625
spectrum,1260,2230015120,4096,8,8,60,6cd30e15,27.896676094969735,6,131,36.77734375
spectrum,1261,2231775680,4096,8,8,60,8d203d60,27.91851804300677,0,105,36.328125
spectrum,1262,2233535440,4096,8,8,60,58b1c4b3,27.94025227695238,12,139,57.642578125
spectrum,1263,2235295120,4096,8,8,60,a4b1bbdc,27.96251687395852,4,88,33.958984375
spectrum,1264,2237055440,4096,8,8,60,27b5af4e,27.984368911013007,0,84,33.728515625
spectrum,1265,2238815680,4096,8,8,60,7a38656f,28.006377534009516,3,85,33.478515625
spectrum,1266,2240575440,4096,8,8,61,37494283,28.02930043498054,0,115,39.3046875
spectrum,1267,2242335440,4096,8,8,60,87f66948,28.050369672011584,17,141,66.3828125
spectrum,1268,2244095680,4096,8,8,29,01560f5b,28.07332398300059,0,117,39.96875
spectrum,1269,2245935440,4096,8,8,60,6e47038e,28.095601703971624,8,143,60.291015625
spectrum,1270,2247695440,4096,8,8,60,4c74e513,28.118398627033457,1,86,33.38671875
spectrum,1271,2249455680,4096,8,8,61,fe78bbf3,28.139358176966198,4,108,37.810546875
spectrum,1272,2251295440,4096,8,8,60,9788265a,28.162544987048022,3,87,33.283203125
spectrum,1273,2253055680,4096,8,8,72,10310373,28.184340917970985,4,110,40.853515625
spectrum,1274,2254815120,4096,8,8,62,1d00f3d2,28.206505025038496,15,133,62.658203125
spectrum,1275,2256575440,4096,8,8,60,2c8789e5,28.229022771003656,2,106,35.734375
spectrum,1276,2258335440,4096,8,8,72,ced56b34,28.25037952105049,16,129,58.64453125
spectrum,1277,2260096000,4096,8,8,72,61ce1511,28.272326286998577,4,102,36.69140625
spectrum,1278,2261855440,4096,8,8,63,3ed3c073,28.294272582046688,1,93,34.2109375
spectrum,1279,2263615440,4096,8,8,60,4c2cd061,28.31636700697709,1,115,34.8828125
spectrum,1280,2265378480,4096,8,8,61,60560656,28.338430954958312,10,131,53.60546875
spectrum,1281,2267135440,4096,8,8,62,182d8398,28.36050987103954,16,144,59.619140625
spectrum,1282,2268895440,4096,8,8,60,ea963fbf,28.382355235051364,4,100,36.828125
spectrum,1283,2270655120,4096,8,8,60,8e55e3dc,28.404520403943025,4,108,37.3203125
spectrum,1284,2272495440,4096,8,8,60,68d01c75,28.427507836953737,5,85,34.03515625
spectrum,1285,2274255680,4096,8,8,60,92f886e6,28.449300582055002,5,108,37.67578125
spectrum,1286,2276015120,4096,8,8,72,cc4c0db7,28.47153260698542,4,121,42.404296875
spectrum,1287,2277775440,4096,8,8,60,4cf92702,28.4932948340429,4,94,36.9140625
spectrum,1288,2279535120,4096,8,8,58,19330e23,28.51554524397943,3,92,34.55078125
spectrum,1289,2281295440,4096,8,8,60,b8ba1aee,28.5375565829454,1,93,36.89453125
spectrum,1290,2283055440,4096,8,8,72,ff197378,28.559262893977575,2,104,39.212890625
spectrum,1291,2284815680,4096,8,8,61,d3f81e2b,28.58216111897491,11,118,51.69140625
spectrum,1292,2286575440,4096,8,8,60,a61fd19d,28.603475259034894,1,85,34.34375
spectrum,1293,2288335440,4096,8,8,64,282ecd4b,28.625427996041253,17,144,64.19140625
spectrum,1294,2290095680,4096,8,8,62,e7269feb,28.64739630301483,3,103,36.8515625
spectrum,1295,2291855440,4096,8,8,62,f9b67b9f,28.669538617949,0,107,36.802734375
spectrum,1296,2293695440,4096,8,8,30,c18a45ee,28.69253325497266,4,115,38.087890625
spectrum,1297,2295455680,4096,8,8,60,03f082e0,28.71451917500235,5,100,36.736328125
spectrum,1298,2297215440,4096,8,8,61,d7d91c8b,28.73735202604439,6,138,40.208984375
spectrum,1299,2299055440,4096,8,8,63,1ba4da95,28.759372361004353,5,87,34.455078125
spectrum,1300,2300815120,4096,8,8,60,276fac0e,28.78153465501964,15,140,61.158203125
spectrum,1301,2302575440,4096,8,8,60,f7a542c5,28.80333449295722,3,85,33.708984375
spectrum,1302,2304335680,4096,8,8,60,9aa512e1,28.825361149967648,2,103,36.412109375
spectrum,1303,2306095440,4096,8,8,48,548a9778,28.847416321048513,4,129,34.341796875
spectrum,1304,2307855440,4096,8,8,57,a934713d,28.869408783037215,4,84,33.6328125
spectrum,1305,2309615440,4096,8,8,61,2ad2c745,28.89141348900739,3,105,38.50390625
spectrum,1306,2311375120,4096,8,8,60,7fa7bd9c,28.914384450996295,0,103,39.154296875
spectrum,1307,2313215440,4096,8,8,61,f657b8fb,28.9362749500433,5,88,34.712890625
spectrum,1308,2314975680,4096,8,8,60,78c0859d,28.958399862982333,6,127,36.39453125
spectrum,1309,2316735440,4096,8,8,61,1fce5b79,28.98055535403546,0,108,36.833984375
spectrum,1310,2318495680,4096,8,8,62,1efc3e76,29.002340113045648,2,90,34.58203125
spectrum,1311,2320255120,4096,8,8,60,22543d88,29.024551389971748,2,90,33.376953125
spectrum,1312,2322015440,4096,8,8,60,2081d633,29.047351698973216,4,106,38.734375
spectrum,1313,2323855440,4096,8,8,60,6577d86a,29.06940322299488,0,88,33.998046875
spectrum,1314,2325616000,4096,8,8,29,7e498ccf,29.092599670984782,2,115,37.642578125
spectrum,1315,2327455440,4096,8,8,60,4852d8e5,29.114535205997527,4,86,34.16796875
spectrum,1316,2329215440,4096,8,8,60,df6cf3c1,29.136443870025687,3,84,33.783203125
spectrum,1317,2330976640,4096,8,8,60,72550c10,29.158421303960495,4,129,34.91015625
spectrum,1318,2332735440,4096,8,8,36,861d95af,29.180402765981853,18,142,66.47265625
spectrum,1319,2334495440,4096,8,8,60,2a4228e1,29.20230232202448,1,88,34.359375
spectrum,1320,2336255120,4096,8,8,60,d7980a07,29.22453388699796,2,101,37.81640625
spectrum,1321,2338015680,4096,8,8,60,6efc07b2,29.24643522698898,4,110,37.287109375
spectrum,1322,2339775440,4096,8,8,60,40bf104b,29.26969448395539,7,120,53.337890625
spectrum,1323,2341535120,4096,8,8,61,89aa334f,29.291467151022516,1,118,35.861328125
spectrum,1324,2343375680,4096,8,8,60,e0d2cfcb,29.31344000599347,3,119,53.12890625
spectrum,1325,2345136640,4096,8,8,62,77ab3646,29.33540943497792,0,88,33.755859375
spectrum,1326,2346895440,4096,8,8,60,6fc07515,29.35836642095819,4,110,36.216796875
spectrum,1327,2348655440,4096,8,8,60,927dfb1e,29.379400772042572,5,104,37.3359375
spectrum,1328,2350415680,4096,8,8,60,8f6d0b65,29.401546354056336,5,86,36.31640625
spectrum,1329,2352175440,4096,8,8,60,e1f9ff98,29.423406996997073,2,108,39.8984375
spectrum,1330,2353935440,4096,8,8,61,46fcb929,29.445422122022137,1,129,35.083984375
spectrum,1331,2355695680,4096,8,8,62,1f4c5c18,29.46737402805593,3,88,34.439453125
spectrum,1332,2357535440,4096,8,8,64,5b3c13ed,29.491355360019952,4,128,40.630859375
spectrum,1333,2359375680,4096,8,8,29,e5c76a4d,29.51366059295833,2,117,37.994140625
spectrum,1334,2361135440,4096,8,8,60,5cbfed9f,29.535573474946432,3,108,37.19921875
spectrum,1335,2362895440,4096,8,8,63,e0f5fc70,29.55747700901702,5,102,36.6875
spectrum,1336,2364655440,4096,8,8,60,efc24256,29.57941433705855,0,82,33.55078125
spectrum,1337,2366415120,4096,8,8,60,e649215b,29.60156077099964,28,145,70.73046875
spectrum,1338,2368175440,4096,8,8,60,64b1b241,29.623405202990398,1,85,33.96875
spectrum,1339,2369935680,4096,8,8,60,48d77a7b,29.645361177041195,2,128,37.130859375
spectrum,1340,2371695440,4096,8,8,60,4595ccd7,29.667409664951265,3,117,38.78515625
spectrum,1341,2373455440,4096,8,8,60,494f166d,29.689402407966554,3,104,36.859375
spectrum,1342,2375215440,4096,8,8,62,6c373eb5,29.711319857975468,0,85,33.95703125
spectrum,1343,2376975120,4096,8,8,60,15884d4f,29.733442155993544,4,101,36.935546875
spectrum,1344,2378815440,4096,8,8,61,7e6d7e11,29.756421674974263,4,83,34.255859375
spectrum,1345,2380575680,4096,8,8,60,fd883f65,29.778418716043234,8,125,47.138671875
spectrum,1346,2382335120,4096,8,8,63,11209249,29.80103849398438,3,96,37.078125
spectrum,1347,2384095440,4096,8,8,60,d6977d96,29.82240996195469,3,102,34.0703125
spectrum,1348,2385855120,4096,8,8,60,47d52449,29.8445428799605,5,106,39.197265625
spectrum,1349,2387615440,4096,8,8,60,49c5c3f0,29.866460049990565,5,126,47.48828125
spectrum,1350,2389375440,4096,8,8,60,d4709a74,29.88844486803282,4,92,33.70703125
spectrum,1351,2391136640,4096,8,8,63,750e4955,29.910330087994225,0,132,39.345703125
spectrum,1352,2392895440,4096,8,8,60,89e2b8bc,29.932367585017346,4,132,35.552734375
spectrum,1353,2394655440,4096,8,8,60,03dfdda7,29.95445203105919,0,86,33.8828125
spectrum,1354,2396415120,4096,8,8,32,bc7b504d,29.976406691945158,5,134,49.39453125
spectrum,1355,2398175440,4096,8,8,60,90d18060,29.998403322999366,4,89,34.0234375
spectrum,1356,2400015440,4096,8,8,64,f05a438f,30.021372530958615,5,110,37.046875
spectrum,1357,2401775120,4096,8,8,60,e20d309c,30.04340854601469,1,108,37.734375
spectrum,1358,2403535680,4096,8,8,60,e3a2951c,30.066401239018887,8,107,45.880859375
spectrum,1359,2405295440,4096,8,8,60,1c6e18cb,30.087576766964048,4,88,34.267578125
spectrum,1360,2407055120,4096,8,8,60,b9a9c17d,30.11043169000186,3,123,35.5546875
spectrum,1361,2408895680,4096,8,8,29,923b0c8e,30.1324510530103,4,114,37.828125
spectrum,1362,2410656640,4096,8,8,60,09dc5157,30.154436441953294,0,89,34.48046875
spectrum,1363,2412415440,4096,8,8,61,9b761a5f,30.17737615504302,7,128,51.2734375
spectrum,1364,2414255440,4096,8,8,61,56abc498,30.1994378779782,5,107,39.80078125
spectrum,1365,2416015680,4096,8,8,72,ec15ebd0,30.221450077951886,2,99,37.3203125
spectrum,1366,2417775440,4096,8,8,61,3145373c,30.243392004980706,4,107,35.68359375
spectrum,1367,2419535440,4096,8,8,60,6b644724,30.265153440996073,5,124,34.701171875
spectrum,1368,2421295680,4096,8,8,60,2c9e873b,30.287393860984594,0,107,37.197265625
spectrum,1369,2423055440,4096,8,8,60,28a00397,30.310144747025333,0,112,36.798828125
spectrum,1370,2424815680,4096,8,8,60,439777ac,30.331906283041462,5,97,36.927734375
spectrum,1371,2426575120,4096,8,8,61,e447d893,30.35342000995297,0,87,34.650390625
spectrum,1372,2428335440,4096,8,8,60,323e3c61,30.375517350970767,3,104,35.982421875
spectrum,1373,2430095440,4096,8,8,60,8a474493,30.397373134968802,4,96,36.859375
spectrum,1374,2431855120,4096,8,8,60,155751ec,30.4194533029804,3,85,33.74609375
spectrum,1375,2433615440,4096,8,8,58,b18002d9,30.441454651998356,1,128,37.44921875
spectrum,1376,2435375680,4096,8,8,62,bd970621,30.4633483979851,13,139,66.3359375
spectrum,1377,2437135440,4096,8,8,60,d830ec7c,30.48542041098699,4,107,36.287109375
spectrum,1378,2438895440,4096,8,8,62,b6086708,30.507387585006654,0,88,34.8203125
spectrum,1379,2440655680,4096,8,8,60,fe71ea2f,30.529578984016553,5,124,36.236328125
spectrum,1380,2442495440,4096,8,8,60,fde7864f,30.552391675999388,1,126,33.4921875
spectrum,1381,2444255680,4096,8,8,59,9af43bc8,30.5744117309805,2,90,34.697265625
spectrum,1382,2446015680,4096,8,8,61,550aaee6,30.5963937130291,0,86,33.8828125
spectrum,1383,2447775440,4096,8,8,60,6715346d,30.618497906951234,1,85,33.83203125
spectrum,1384,2449535440,4096,8,8,60,1b321989,30.640494356979616,3,130,35.865234375
spectrum,1385,2451295120,4096,8,8,59,a34b26ac,30.662440420943312,5,128,33.92578125
spectrum,1386,2453055440,4096,8,8,60,a89fbe6b,30.6844396260567,4,104,38.609375
spectrum,1387,2454815440,4096,8,8,61,3bc1dc42,30.706395699991845,5,85,34.689453125
spectrum,1388,2456575120,4096,8,8,60,610cc42d,30.729401607997715,0,122,35.41796875
spectrum,1389,2458415680,4096,8,8,60,01f06a35,30.751391935977153,5,92,34.89453125
spectrum,1390,2460175440,4096,8,8,59,036507d6,30.773429212975316,1,101,37.0
spectrum,1391,2461935120,4096,8,8,32,75929f6d,30.79643482004758,7,125,71.07421875
spectrum,1392,2463775440,4096,8,8,60,3e576e24,30.818429487058893,0,89,34.384765625
spectrum,1393,2465535680,4096,8,8,60,96a198e7,30.84039050003048,7,128,50.064453125
spectrum,1394,2467295120,4096,8,8,60,e7341983,30.86434420000296,2,129,33.65234375
spectrum,1395,2469055440,4096,8,8,60,44dababa,30.884493067045696,5,105,36.25
spectrum,1396,2470815440,4096,8,8,60,47c62f6b,30.9066712600179,2,86,34.150390625
spectrum,1397,2472575120,4096,8,8,63,b8fa21a8,30.929371180012822,3,119,36.79296875
spectrum,1398,2474415440,4096,8,8,62,191701a7,30.95138046401553,1,115,34.974609375
spectrum,1399,2476176640,4096,8,8,60,899ae6ba,30.973572353017516,0,89,33.35546875
spectrum,1400,2477935440,4096,8,8,60,8d4f3a88,30.99540083599277,3,108,35.56640625
spectrum,1401,2479695440,4096,8,8,62,9f0d24e3,31.017469362006523,10,122,48.791015625
spectrum,1402,2481455680,4096,8,8,60,78c23883,31.03935180604458,5,106,37.830078125
spectrum,1403,2483215440,4096,8,8,63,df2ba7c8,31.061423448030837,4,87,34.447265625
spectrum,1404,2485055440,4096,8,8,64,34d36690,31.08438509295229,0,85,34.30078125
spectrum,1405,2486816000,4096,8,8,64,9bc8edd3,31.106878592050634,4,89,34.298828125
spectrum,1406,2488575440,4096,8,8,60,e7e60a74,31.128499733051285,4,97,38.28125
spectrum,1407,2490335440,4096,8,8,60,43abc300,31.150465173996054,5,128,34.55078125
spectrum,1408,2492095440,4096,8,8,62,6dc4e4bf,31.172486099996604,4,125,38.890625
spectrum,1409,2493855440,4096,8,8,58,e1bb2027,31.19451450998895,4,107,36.103515625
spectrum,1410,2495615440,4096,8,8,72,fc96840d,31.21635876200162,0,111,39.6875
spectrum,1411,2497375120,4096,8,8,60,0ab557f7,31.23846300598234,6,86,34.033203125
spectrum,1412,2499135440,4096,8,8,60,9478bf07,31.26042896800209,10,129,59.212890625
spectrum,1413,2500895680,4096,8,8,60,61208242,31.28240550099872,3,89,33.375
spectrum,1414,2502655440,4096,8,8,66,70d600fc,31.304421046981588,1,107,36.744140625
spectrum,1415,2504415440,4096,8,8,62,1cccd443,31.326307447976433,0,110,37.455078125
spectrum,1416,2506175680,4096,8,8,60,bf83ac39,31.348480200977065,5,114,38.099609375
spectrum,1417,2507935440,4096,8,8,62,728ae0a7,31.370511768036522,4,93,34.900390625
spectrum,1418,2509695680,4096,8,8,60,69f949bf,31.392446620971896,4,129,36.541015625
spectrum,1419,2511455680,4096,8,8,60,7acb834f,31.41460600902792,4,100,38.150390625
spectrum,1420,2513215440,4096,8,8,63,b8943df0,31.43642024404835,0,95,37.994140625
spectrum,1421,2514975440,4096,8,8,60,431e32e2,31.458436622051522,4,105,37.263671875
spectrum,1422,2516735120,4096,8,8,60,d66c6745,31.480567274964415,2,88,33.95703125
spectrum,1423,2518495440,4096,8,8,60,95159d15,31.50250485399738,13,143,65.1796875
spectrum,1424,2520255440,4096,8,8,61,4180e5cd,31.524707393022254,4,93,33.865234375
spectrum,1425,2522015120,4096,8,8,60,25fb4bb7,31.547390511026606,7,119,45.130859375
spectrum,1426,2523855440,4096,8,8,62,93b0868b,31.56944937899243,4,87,34.962890625
spectrum,1427,2525615680,4096,8,8,62,86f94dd0,31.591461378033273,3,89,34.892578125
spectrum,1428,2527456000,4096,8,8,32,9b12f402,31.614361025975086,4,101,36.5078125
spectrum,1429,2529215440,4096,8,8,62,ae31c44f,31.6364456419833,4,100,38.087890625
spectrum,1430,2530975440,4096,8,8,60,19a33cd1,31.65818386396859,4,100,36.96484375
spectrum,1431,2532735120,4096,8,8,60,9c0604bc,31.680438561947085,1,111,37.451171875
spectrum,1432,2534495440,4096,8,8,60,c0b4c30b,31.702433869009838,4,126,37.267578125
spectrum,1433,2536255680,4096,8,8,60,70f9d49e,31.724402597057633,5,105,38.0
spectrum,1434,2538015440,4096,8,8,60,a1dcf86a,31.746488525997847,4,126,34.2578125
spectrum,1435,2539775440,4096,8,8,72,b2d93b65,31.768415945000015,2,95,37.453125
spectrum,1436,2541535120,4096,8,8,72,3acd27f8,31.79041421902366,0,95,36.123046875
spectrum,1437,2543295440,4096,8,8,60,cb471395,31.81269233103376,7,131,43.58984375
spectrum,1438,2545055440,4096,8,8,60,fae2c4ce,31.834594713058323,3,109,39.63671875
spectrum,1439,2546816640,4096,8,8,29,a006ee71,31.857424868969247,1,119,35.615234375
spectrum,1440,2548655440,4096,8,8,72,f4e6ddaa,31.879586601047777,3,109,39.11328125
spectrum,1441,2550415680,4096,8,8,60,1a73b7b3,31.901430643047206,1,88,34.267578125
spectrum,1442,2552176640,4096,8,8,61,00fe346e,31.923390764044598,2,114,37.009765625
spectrum,1443,2553935440,4096,8,8,60,809147d1,31.945456485031173,3,103,36.78125
spectrum,1444,2555695440,4096,8,8,60,8532b048,31.96742517198436,12,146,62.861328125
spectrum,1445,2557455120,4096,8,8,60,443cbc39,31.989405591972172,0,106,37.330078125
spectrum,1446,2559215440,4096,8,8,60,306f73e2,32.01150270202197,2,90,33.47265625
spectrum,1447,2560975440,4096,8,8,62,a6debc9e,32.033435130957514,4,99,39.072265625
spectrum,1448,2562735120,4096,8,8,60,faaf597b,32.05566563305911,5,106,40.05078125
spectrum,1449,2564495440,4096,8,8,60,a85aaa8a,32.07747047103476,11,140,58.271484375
spectrum,1450,2566255120,4096,8,8,32,a7a51b32,32.09947382402606,1,106,37.451171875
spectrum,1451,2568015440,4096,8,8,72,7c13de02,32.12144353298936,13,144,65.76953125
spectrum,1452,2569855440,4096,8,8,60,e59d9898,32.14441199996509,4,92,34.060546875
spectrum,1453,2571615120,4096,8,8,60,69aea206,32.16645722195972,1,90,34.447265625
spectrum,1454,2573375120,4096,8,8,61,f80ea220,32.18843990599271,1,106,39.201171875
spectrum,1455,2575135680,4096,8,8,60,29399f3e,32.210179700981826,11,134,60.716796875
spectrum,1456,2576895680,4096,8,8,60,379e9114,32.232411095057614,4,89,34.103515625
spectrum,1457,2578655440,4096,8,8,61,0eb7a7fd,32.25536033604294,5,113,38.142578125
spectrum,1458,2580495440,4096,8,8,60,6b05be70,32.277428179979324,4,110,36.5078125
spectrum,1459,2582255120,4096,8,8,60,a1fb4981,32.29947222000919,2,110,41.966796875
spectrum,1460,2584015440,4096,8,8,60,e9ad2ab9,32.32158062199596,5,105,35.736328125
spectrum,1461,2585775440,4096,8,8,63,5b2c5885,32.34346252505202,4,99,39.904296875
spectrum,1462,2587535120,4096,8,8,60,1797619e,32.36543119198177,3,106,40.263671875
spectrum,1463,2589295440,4096,8,8,60,7ab62b84,32.38733098900411,5,128,39.140625
spectrum,1464,2591055680,4096,8,8,61,e9f8583d,32.409381230943836,4,98,37.728515625
spectrum,1465,2592815440,4096,8,8,62,b2a52c4b,32.43178587197326,3,110,40.275390625
spectrum,1466,2594575680,4096,8,8,62,6f958c90,32.45337122504134,0,86,33.6640625
spectrum,1467,2596335680,4096,8,8,62,4cbb7954,32.4755130399717,5,88,35.095703125
spectrum,1468,2598095440,4096,8,8,72,faedce8c,32.49746778095141,5,112,41.982421875
spectrum,1469,2599855440,4096,8,8,72,a6795ecb,32.51942715002224,1,115,44.12890625
spectrum,1470,2601615440,4096,8,8,62,064de9f8,32.54145508003421,4,89,34.76953125
spectrum,1471,2603375120,4096,8,8,62,d8ac0e6f,32.56342022004537,4,91,35.556640625
spectrum,1472,2605135440,4096,8,8,64,0b8ea3b0,32.58538527099881,3,94,36.73046875
spectrum,1473,2606895120,4096,8,8,60,2b5c9b5a,32.60741512395907,3,102,37.7109375
spectrum,1474,2608655440,4096,8,8,64,f03a9356,32.629428955959156,4,108,37.580078125
spectrum,1475,2610415440,4096,8,8,64,5b1def08,32.65129564097151,2,102,37.005859375
spectrum,1476,2612175120,4096,8,8,72,6a1d0426,32.674421675968915,3,121,38.55859375
spectrum,1477,2614016000,4096,8,8,61,baeab76f,32.69636746996548,2,101,36.837890625
spectrum,1478,2615775440,4096,8,8,61,eeff1ee3,32.71836120495573,1,99,37.896484375
spectrum,1479,2617535120,4096,8,8,32,8970fa50,32.74057642801199,1,109,37.853515625
spectrum,1480,2619375440,4096,8,8,62,41a1ec34,32.763495180988684,2,108,37.431640625
spectrum,1481,2621135440,4096,8,8,62,792d3ea5,32.785488505032845,5,88,35.052734375
spectrum,1482,2622895120,4096,8,8,62,8fc15879,32.807432495988905,1,111,39.8125
spectrum,1483,2624655440,4096,8,8,72,951e30af,32.829427122022025,3,118,45.283203125
spectrum,1484,2626415440,4096,8,8,62,9b947410,32.85142502503004,6,92,35.1171875
spectrum,1485,2628175120,4096,8,8,72,66a3ae19,32.87345890596043,0,112,40.345703125
spectrum,1486,2629935440,4096,8,8,62,04ac1207,32.89541953802109,1,88,34.638671875
spectrum,1487,2631695120,4096,8,8,61,a76ca0e6,32.91744876897428,3,95,36.193359375
spectrum,1488,2633535440,4096,8,8,64,c92e36b5,32.94042920903303,2,108,36.53125
spectrum,1489,2635295680,4096,8,8,61,da166a4d,32.96241536003072,5,114,42.908203125
spectrum,1490,2637055680,4096,8,8,65,a580b7ac,32.98444090504199,1,91,37.361328125
spectrum,1491,2638815440,4096,8,8,62,427888af,33.006562581053004,4,87,34.8359375
spectrum,1492,2640575440,4096,8,8,72,ac5f1436,33.028509587049484,6,118,44.982421875
spectrum,1493,2642335680,4096,8,8,61,e8f30410,33.05058701999951,1,97,33.8359375
spectrum,1494,2644095440,4096,8,8,62,05b4b801,33.07254155096598,0,117,40.982421875
spectrum,1495,2645855680,4096,8,8,29,23c9391c,33.09462046704721,2,113,37.822265625
spectrum,1496,2647615440,4096,8,8,62,d6d00b27,33.11645757500082,0,108,37.63671875
spectrum,1497,2649375440,4096,8,8,59,3c34f8bf,33.138575103948824,3,116,42.244140625
spectrum,1498,2651135440,4096,8,8,62,9098693f,33.16040602105204,4,97,34.763671875
spectrum,1499,2652895120,4096,8,8,60,f8bc3876,33.18245134304743,3,112,41.26171875
spectrum,1500,2654735440,4096,8,8,61,e865437d,33.20539106603246,3,94,34.220703125
spectrum,1501,2656496000,4096,8,8,61,71891b06,33.227441046969034,4,119,37.728515625
spectrum,1502,2658255440,4096,8,8,60,ceddc436,33.24946127203293,4,111,37.71875
spectrum,1503,2660015440,4096,8,8,60,db7ddf00,33.27149684599135,2,99,33.740234375
spectrum,1504,2661775680,4096,8,8,29,529e3753,33.29345901100896,4,111,36.453125
spectrum,1505,2663535440,4096,8,8,60,9c88b3a1,33.31545759399887,2,112,41.158203125
spectrum,1506,2665295440,4096,8,8,60,c6e8dc46,33.33739443204831,2,88,35.287109375
spectrum,1507,2667055680,4096,8,8,60,e39f7829,33.359422481036745,5,104,39.1640625
spectrum,1508,2668815440,4096,8,8,61,a8719f45,33.381460699951276,2,94,34.189453125
spectrum,1509,2670575440,4096,8,8,62,872ee1d0,33.40339997201227,1,89,35.462890625
spectrum,1510,2672335120,4096,8,8,62,83002903,33.42547062202357,0,96,35.16015625
spectrum,1511,2674095440,4096,8,8,62,e48fd997,33.44748673902359,2,105,36.837890625
spectrum,1512,2675935440,4096,8,8,62,728aa56e,33.47048368002288,3,92,34.912109375
spectrum,1513,2677695120,4096,8,8,61,52b28886,33.492467334959656,4,113,38.638671875
spectrum,1514,2679455680,4096,8,8,62,999c3deb,33.514437454985455,5,93,37.482421875
spectrum,1515,2681215680,4096,8,8,61,aaadd78a,33.53642275405582,7,117,42.779296875
spectrum,1516,2682975440,4096,8,8,62,c2861ae9,33.558467434952036,2,105,36.65234375
spectrum,1517,2684735440,4096,8,8,60,3763c7ad,33.58045277395286,2,93,37.189453125
spectrum,1518,2686495440,4096,8,8,61,84b372a0,33.6032081580488,3,88,33.86328125
spectrum,1519,2688255120,4096,8,8,63,21be659d,33.62454460095614,4,91,35.677734375
spectrum,1520,2690015440,4096,8,8,62,83c78cff,33.6471635469934,1,86,34.630859375
spectrum,1521,2691775680,4096,8,8,62,cc9d0c82,33.66846197703853,4,97,34.580078125
spectrum,1522,2693535440,4096,8,8,60,aae17529,33.69142797996756,4,115,36.2734375
spectrum,1523,2695375440,4096,8,8,61,73052f96,33.71349692705553,2,104,37.28125
spectrum,1524,2697135120,4096,8,8,17,8a2345b7,33.73544589697849,0,107,38.0078125
spectrum,1525,2698895680,4096,8,8,64,b373fec8,33.75752066494897,10,123,51.791015625
spectrum,1526,2700655440,4096,8,8,59,d0f2ac01,33.77952165296301,2,89,34.36328125
spectrum,1527,2702416640,4096,8,8,62,44887df4,33.80148060200736,3,92,34.30078125
spectrum,1528,2704175440,4096,8,8,60,cc0f6771,33.82343996199779,2,102,37.27734375
spectrum,1529,2705935440,4096,8,8,60,1832b2ab,33.84534511901438,0,107,39.6015625
spectrum,1530,2707695120,4096,8,8,31,2792b16d,33.867825272958726,0,105,37.087890625
spectrum,1531,2709535440,4096,8,8,60,6b28b04b,33.890447395970114,4,102,38.484375
spectrum,1532,2711295440,4096,8,8,29,37bfaa24,33.91253573901486,4,113,39.501953125
spectrum,1533,2713055440,4096,8,8,62,a44e3f77,33.934501771000214,0,96,36.935546875
spectrum,1534,2714815440,4096,8,8,62,9e1f5639,33.95650032500271,5,108,36.99609375
spectrum,1535,2716575440,4096,8,8,66,8bcf0255,33.97835362399928,0,97,35.64453125
spectrum,1536,2718335120,4096,8,8,60,8b4156d1,34.000444673001766,4,90,35.251953125
spectrum,1537,2720095680,4096,8,8,60,bb76b304,34.02245266502723,0,100,37.4375
spectrum,1538,2721855120,4096,8,8,18,41a9bea2,34.044459393946454,6,114,38.322265625
spectrum,1539,2723615440,4096,8,8,62,5485b83b,34.0664394129999,4,113,36.63671875
spectrum,1540,2725375440,4096,8,8,62,e12e28f0,34.088771317037754,1,100,37.19140625
spectrum,1541,2727136000,4096,8,8,30,1db9afb9,34.11195943900384,5,113,37.76171875
spectrum,1542,2728975440,4096,8,8,63,8878ea25,34.133483145036735,2,91,35.837890625
spectrum,1543,2730735440,4096,8,8,63,c6133919,34.15545665204991,4,101,37.802734375
spectrum,1544,2732495680,4096,8,8,60,0a426579,34.177440708037466,1,88,35.556640625
spectrum,1545,2734255440,4096,8,8,60,90a4d4ca,34.19945793703664,4,110,38.853515625
spectrum,1546,2736015440,4096,8,8,62,7e8ea3be,34.22143141296692,0,90,35.0859375
spectrum,1547,2737775120,4096,8,8,62,b42c446c,34.24346789903939,3,100,38.0546875
spectrum,1548,2739615440,4096,8,8,63,2d05716d,34.26644410099834,3,103,38.173828125
spectrum,1549,2741375680,4096,8,8,61,98d20a3e,34.288446321035735,1,88,34.6875
spectrum,1550,2743135120,4096,8,8,61,e21d23a3,34.31047503196169,1,88,34.138671875
spectrum,1551,2744895440,4096,8,8,61,9e0fdd17,34.332415565964766,1,85,34.1796875
spectrum,1552,2746655680,4096,8,8,61,47c5bdc3,34.354443575954065,3,86,34.1484375
spectrum,1553,2748415440,4096,8,8,61,3ef4f6fb,34.37652774096932,4,107,35.142578125
spectrum,1554,2750175440,4096,8,8,60,4a173617,34.398514913977124,4,88,34.255859375
spectrum,1555,2751935680,4096,8,8,72,de85dab3,34.42043263500091,2,110,40.68359375
spectrum,1556,2753695440,4096,8,8,62,a4f845fc,34.44247046194505,2,87,34.845703125
spectrum,1557,2755455440,4096,8,8,63,921bca20,34.46444797702134,4,88,36.02734375
spectrum,1558,2757215680,4096,8,8,62,820355a5,34.486437452957034,3,90,34.30078125
spectrum,1559,2758975440,4096,8,8,62,9f5c9ff9,34.50946075399406,1,113,37.3828125
spectrum,1560,2760815440,4096,8,8,60,3a992ff9,34.53142387105618,5,122,37.947265625
spectrum,1561,2762575120,4096,8,8,60,22cfea29,34.553397356998175,4,86,34.021484375
spectrum,1562,2764335680,4096,8,8,72,de96a476,34.575469429953955,4,117,42.556640625
spectrum,1563,2766095440,4096,8,8,63,84dfdad3,34.597599642002024,2,106,38.208984375
spectrum,1564,2767855120,4096,8,8,61,68bc3d54,34.61961540905759,5,94,36.2578125
spectrum,1565,2769615440,4096,8,8,64,34159413,34.64202636200935,4,89,36.837890625
spectrum,1566,2771375680,4096,8,8,61,4c1b0c9b,34.663431474007666,4,111,42.484375
spectrum,1567,2773135440,4096,8,8,60,f32f7307,34.68559271504637,5,94,35.234375
spectrum,1568,2774895440,4096,8,8,60,35f401a2,34.70746918802615,1,90,33.74609375
spectrum,1569,2776655680,4096,8,8,30,c3fc8a6e,34.7296631509671,4,122,36.0390625
spectrum,1570,2778415440,4096,8,8,61,77dde62a,34.751655212952755,4,104,37.76171875
spectrum,1571,2780175440,4096,8,8,64,b65e4f14,34.77340513700619,2,90,36.720703125
spectrum,1572,2781935680,4096,8,8,60,973be524,34.79544482799247,2,86,33.82421875
spectrum,1573,2783695440,4096,8,8,66,afa1ce92,34.81741622101981,4,107,37.849609375
spectrum,1574,2785455680,4096,8,8,61,51404dc3,34.83961294905748,4,89,34.1953125
spectrum,1575,2787215120,4096,8,8,61,3a100b6e,34.861500603030436,4,104,40.369140625
spectrum,1576,2788975440,4096,8,8,60,341eaa7b,34.88348854705691,0,112,41.546875
spectrum,1577,2790735440,4096,8,8,72,7817c7bb,34.905463195056655,4,109,39.181640625
spectrum,1578,2792495120,4096,8,8,30,c4b0c70b,34.927611442049965,0,116,37.642578125
spectrum,1579,2794335440,4096,8,8,63,45e55741,34.95047915901523,0,93,35.29296875
spectrum,1580,2796095680,4096,8,8,62,5f811409,34.97243995103054,0,91,35.01171875
spectrum,1581,2797855440,4096,8,8,32,cf2c7d09,34.99441369797569,5,100,35.9453125
spectrum,1582,2799615440,4096,8,8,61,4a3da21b,35.0164345940575,3,108,36.875
spectrum,1583,2801375440,4096,8,8,62,85e501a7,35.038333319011144,2,89,34.029296875
spectrum,1584,2803135120,4096,8,8,61,31635446,35.060440158005804,4,86,34.041015625
spectrum,1585,2804895680,4096,8,8,61,09e219a9,35.0824673359748,3,101,36.337890625
spectrum,1586,2806655440,4096,8,8,72,326644c1,35.10445024003275,4,102,37.87109375
spectrum,1587,2808415120,4096,8,8,62,d28658dc,35.12746595602948,1,112,37.494140625
spectrum,1588,2810255440,4096,8,8,59,5ecc33bf,35.1494784259703,5,105,38.08984375
spectrum,1589,2812015440,4096,8,8,31,7482ea76,35.171405214001425,6,113,44.10546875
spectrum,1590,2813775440,4096,8,8,72,0f12577b,35.19347311905585,4,108,42.244140625
spectrum,1591,2815535440,4096,8,8,60,fb8db2e7,35.21548725198954,6,95,33.83984375
spectrum,1592,2817295680,4096,8,8,63,bdcdde82,35.237567630945705,0,89,35.236328125
spectrum,1593,2819055440,4096,8,8,63,d1d66376,35.259421471040696,4,90,35.806640625
spectrum,1594,2820815440,4096,8,8,62,125d9314,35.28147044999059,0,89,34.923828125
spectrum,1595,2822575120,4096,8,8,60,1a3c8955,35.30342578201089,0,93,35.212890625
spectrum,1596,2824335120,4096,8,8,60,4be539a3,35.32548712496646,3,114,37.251953125
spectrum,1597,2826095680,4096,8,8,63,807c3bf7,35.34752672596369,4,89,35.326171875
spectrum,1598,2827855120,4096,8,8,62,af57cef7,35.369431421975605,2,86,34.330078125
spectrum,1599,2829615440,4096,8,8,72,417e8337,35.39151167997625,4,109,39.03125
spectrum,1600,2831375440,4096,8,8,64,66a57ac8,35.41362219594885,4,89,35.18359375
spectrum,1601,2833135120,4096,8,8,61,6c54741b,35.43544384499546,1,105,39.955078125
spectrum,1602,2834895440,4096,8,8,62,48f659bb,35.457449050969444,5,89,35.216796875
spectrum,1603,2836656640,4096,8,8,62,4472e8d1,35.4794799759984,13,110,68.93359375
spectrum,1604,2838415440,4096,8,8,64,11deb584,35.501552339992486,4,108,41.69921875
spectrum,1605,2840175440,4096,8,8,61,b44740a2,35.52407562499866,3,94,34.65625
spectrum,1606,2841935680,4096,8,8,30,76924714,35.54550179699436,4,117,42.240234375
spectrum,1607,2843695440,4096,8,8,60,a5ba2977,35.56748873903416,4,106,40.66796875
spectrum,1608,2845535440,4096,8,8,62,8fc6c539,35.590466342982836,4,92,34.876953125
spectrum,1609,2847296000,4096,8,8,60,8a2e0ac6,35.61246007797308,4,114,40.3046875
spectrum,1610,2849055440,4096,8,8,61,d4a2c881,35.63454169896431,2,91,33.75
spectrum,1611,2850815440,4096,8,8,62,a78ab89e,35.65709312702529,1,95,35.037109375
spectrum,1612,2852575120,4096,8,8,62,5f44dfa5,35.67847587703727,2,106,39.212890625
spectrum,1613,2854335440,4096,8,8,72,5ecdf6ab,35.70051291398704,4,111,43.0703125
spectrum,1614,2856095440,4096,8,8,61,46e35d23,35.72245857701637,3,91,33.81640625
spectrum,1615,2857855120,4096,8,8,62,4be207e5,35.745452321949415,1,120,35.751953125
spectrum,1616,2859695440,4096,8,8,60,d2e2ddfc,35.767488957964815,2,106,39.615234375
spectrum,1617,2861455680,4096,8,8,60,7f5a0a9a,35.78945314697921,3,103,40.49609375
spectrum,1618,2863215440,4096,8,8,62,79ccc87a,35.811483982019126,3,112,38.279296875
spectrum,1619,2864975440,4096,8,8,60,967d1ef4,35.833442720002495,4,88,34.2734375
spectrum,1620,2866815440,4096,8,8,63,719375c9,35.85647916595917,3,92,36.7421875
spectrum,1621,2868575120,4096,8,8,64,197df024,35.87850423005875,0,103,39.9140625
spectrum,1622,2870335680,4096,8,8,72,e9b82fda,35.90045873995405,0,107,41.630859375
spectrum,1623,2872095440,4096,8,8,63,5fc02d3a,35.92248632898554,4,102,38.0078125
spectrum,1624,2873855120,4096,8,8,62,b97781c1,35.94545347301755,0,120,36.51171875
spectrum,1625,2875695440,4096,8,8,62,f95029e3,35.967425888055004,4,89,35.654296875
spectrum,1626,2877455120,4096,8,8,63,63a6c68d,35.98948371305596,4,88,35.19921875
spectrum,1627,2879215440,4096,8,8,61,9863a704,36.011471527046524,4,108,41.349609375
spectrum,1628,2880975440,4096,8,8,60,92b3cf62,36.0334640389774,3,90,34.0546875
spectrum,1629,2882735680,4096,8,8,62,5059a625,36.05545261397492,19,121,68.9609375
spectrum,1630,2884495440,4096,8,8,62,cb7e0d99,36.077470393967815,4,93,35.494140625
spectrum,1631,2886255440,4096,8,8,62,73ab9c65,36.099369990988635,1,115,35.990234375
spectrum,1632,2888015120,4096,8,8,62,3224a8b7,36.12147166905925,2,106,37.197265625
spectrum,1633,2889775680,4096,8,8,60,87a47fee,36.14345218904782,4,110,40.107421875
spectrum,1634,2891535440,4096,8,8,38,adfd698c,36.16546201403253,3,106,38.474609375
spectrum,1635,2893295120,4096,8,8,63,adb951f0,36.18739946198184,4,87,35.482421875
spectrum,1636,2895055440,4096,8,8,72,5cf960f4,36.209413825999945,2,109,40.8046875
spectrum,1637,2896815440,4096,8,8,62,ee3f8059,36.23157247202471,4,87,34.60546875
spectrum,1638,2898575120,4096,8,8,72,d59e1a5b,36.25352218397893,0,114,40.763671875
spectrum,1639,2900335440,4096,8,8,33,89a63e5c,36.27547079301439,2,107,38.873046875
spectrum,1640,2902095120,4096,8,8,32,ef6fc02f,36.29735516104847,1,105,37.34375
spectrum,1641,2903855440,4096,8,8,61,0e690635,36.31948122603353,5,106,36.53515625
spectrum,1642,2905615440,4096,8,8,72,ec5dcdaf,36.34148121194448,5,110,42.544921875
spectrum,1643,2907376000,4096,8,8,30,03337eeb,36.364476629998535,0,121,34.876953125
spectrum,1644,2909215440,4096,8,8,61,9024dd8e,36.38640422001481,5,89,34.37890625
spectrum,1645,2910975680,4096,8,8,33,e2366488,36.40844410203863,5,106,39.720703125
spectrum,1646,2912735680,4096,8,8,63,3d38261a,36.43047438503709,5,107,39.169921875
spectrum,1647,2914495440,4096,8,8,72,ffd0eaa6,36.45267468097154,3,107,36.841796875
spectrum,1648,2916335440,4096,8,8,72,0d505b39,36.475516899023205,5,114,44.23046875
spectrum,1649,2918095680,4096,8,8,63,918a4d02,36.49750524305273,4,90,35.681640625
spectrum,1650,2919855440,4096,8,8,63,0664e3fb,36.51948041305877,2,106,37.125
spectrum,1651,2921615440,4096,8,8,63,5fd14d21,36.54152610595338,3,104,41.21484375
spectrum,1652,2923375120,4096,8,8,60,a7421df7,36.56347024696879,0,111,41.185546875
spectrum,1653,2925135440,4096,8,8,60,afaf2394,36.58545260003302,2,112,39.92578125
spectrum,1654,2926895680,4096,8,8,61,9b1af428,36.60750164894853,4,97,37.6171875
spectrum,1655,2928655440,4096,8,8,72,c2691d73,36.62952755403239,4,113,38.1953125
spectrum,1656,2930495440,4096,8,8,61,be66d80b,36.652482224977575,4,89,34.291015625
spectrum,1657,2932256000,4096,8,8,63,6b4b141a,36.674468926968984,4,89,35.951171875
spectrum,1658,2934015440,4096,8,8,63,bd2201cb,36.696501514990814,4,93,36.12109375
spectrum,1659,2935775440,4096,8,8,61,efc0a202,36.71853772003669,0,89,34.318359375
spectrum,1660,2937535680,4096,8,8,60,0df11c42,36.74055892601609,3,115,41.279296875
spectrum,1661,2939295440,4096,8,8,62,a3888d61,36.76267890899908,0,116,37.142578125
spectrum,1662,2941135440,4096,8,8,62,462b00d8,36.78546266700141,2,104,37.107421875
spectrum,1663,2942895120,4096,8,8,72,7258e25f,36.80743699497543,5,116,43.515625
spectrum,1664,2944655440,4096,8,8,62,12b5d003,36.829454615013674,2,106,37.068359375
spectrum,1665,2946415440,4096,8,8,72,d962f2e5,36.85147237498313,4,110,40.953125
spectrum,1666,2948182720,4096,8,8,60,9089c03a,36.873418660019524,4,113,43.501953125
spectrum,1667,2949935440,4096,8,8,72,2525526d,36.89522227505222,5,115,44.458984375
spectrum,1668,2951695440,4096,8,8,60,134ca2e5,36.917478124960326,4,98,34.140625
spectrum,1669,2953455120,4096,8,8,31,6bedfa03,36.93949114601128,2,108,35.44140625
spectrum,1670,2955215680,4096,8,8,62,7862e863,36.9625334929442,4,99,35.23046875
spectrum,1671,2956975440,4096,8,8,30,2988cfd4,36.9835819209693,0,117,38.328125
spectrum,1672,2958735440,4096,8,8,65,e9a63026,37.005578511045314,4,91,36.396484375
spectrum,1673,2960495440,4096,8,8,61,288384e5,37.027555383043364,2,105,37.78125
spectrum,1674,2962255440,4096,8,8,61,fa4f2572,37.049463085015304,4,108,37.509765625
spectrum,1675,2964015120,4096,8,8,61,950771d7,37.07149747700896,4,86,34.3046875
spectrum,1676,2965775440,4096,8,8,72,666515e1,37.093459371011704,1,110,43.220703125
spectrum,1677,2967535120,4096,8,8,63,18d7d44c,37.11551203695126,0,92,35.181640625
spectrum,1678,2969295440,4096,8,8,62,667df1c7,37.138082601944916,1,105,36.376953125
spectrum,1679,2971055440,4096,8,8,61,71513392,37.15955219604075,2,104,37.322265625
spectrum,1680,2972816960,4096,8,8,60,ae6dbec5,37.18150834995322,2,99,33.6328125
spectrum,1681,2974575440,4096,8,8,61,0c5b620c,37.20347873994615,2,104,37.896484375
spectrum,1682,2976335680,4096,8,8,61,e167175f,37.22547782503534,2,88,34.31640625
spectrum,1683,2978105840,4096,8,8,61,ec5439b5,37.24728181096725,2,87,34.197265625
spectrum,1684,2979855440,4096,8,8,61,a2452915,37.269437912036665,3,106,37.150390625
spectrum,1685,2981615440,4096,8,8,64,41ae78aa,37.291577482945286,5,90,34.3671875
spectrum,1686,2983375120,4096,8,8,61,9de60ecb,37.31353372603189,4,106,37.123046875
spectrum,1687,2985135440,4096,8,8,62,8a168a37,37.33544286096003,2,105,36.849609375
spectrum,1688,2986895440,4096,8,8,33,221c23bb,37.35746134200599,0,106,37.30859375
spectrum,1689,2988655120,4096,8,8,72,0f84e717,37.37950628402177,4,109,41.46875
spectrum,1690,2990415440,4096,8,8,60,68c41dd9,37.40170414396562,0,90,34.904296875
spectrum,1691,2992175120,4096,8,8,63,355ac25e,37.425992997013964,4,89,35.150390625
spectrum,1692,2994015440,4096,8,8,72,4e7cbe3a,37.44668680499308,6,106,40.84765625
spectrum,1693,2995775680,4096,8,8,61,65ea70b7,37.46851610799786,2,91,35.15625
spectrum,1694,2997535680,4096,8,8,63,6eb650fb,37.490488613024354,0,110,39.16015625
spectrum,1695,2999295440,4096,8,8,62,bcf0d10e,37.512385674985126,4,107,36.4765625
spectrum,1696,3001055440,4096,8,8,63,5eece8f4,37.53451663895976,5,89,35.96484375
spectrum,1697,3002815680,4096,8,8,63,0e877bb9,37.55649943300523,2,91,35.630859375
spectrum,1698,3004575440,4096,8,8,62,62fd967b,37.57849384797737,0,110,38.015625
spectrum,1699,3006335440,4096,8,8,62,9c876913,37.60047136200592,1,90,34.75390625
spectrum,1700,3008095120,4096,8,8,72,ade2078e,37.622439838945866,5,113,40.373046875
spectrum,1701,3009855440,4096,8,8,61,67e172cf,37.64445089700166,4,105,36.43359375
spectrum,1702,3011615440,4096,8,8,60,9a678bdf,37.66656992805656,2,92,34.04296875
spectrum,1703,3013375120,4096,8,8,61,4c82507e,37.68888551101554,2,116,38.7421875
spectrum,1704,3015215440,4096,8,8,61,23e60fc2,37.711534513975494,4,89,35.431640625
spectrum,1705,3016976000,4096,8,8,60,5323e4c0,37.73349790100474,5,94,36.8359375
spectrum,1706,3018735440,4096,8,8,72,742a831f,37.7554088489851,2,108,40.513671875
spectrum,1707,3020495440,4096,8,8,63,be452b1d,37.77745556400623,3,88,35.078125
spectrum,1708,3022255680,4096,8,8,62,702e3d43,37.799493422033265,8,111,67.384765625
spectrum,1709,3024015440,4096,8,8,62,f88ddd60,37.821484221029095,4,92,35.4609375
spectrum,1710,3025775440,4096,8,8,62,eb01c938,37.843489998951554,1,86,35.06640625
spectrum,1711,3027535680,4096,8,8,60,33335317,37.865490706055425,4,105,38.986328125
spectrum,1712,3029295440,4096,8,8,59,658a1e11,37.88845467497595,2,111,35.98046875
spectrum,1713,3031135440,4096,8,8,61,3118b79c,37.91072183602955,2,90,37.384765625
spectrum,1714,3032895120,4096,8,8,65,9d3e6733,37.93263220298104,5,108,37.90234375
spectrum,1715,3034655440,4096,8,8,61,0ce5bbd7,37.95451901596971,1,111,35.19921875
spectrum,1716,3036495440,4096,8,8,61,1d747ff5,37.97748779295944,0,99,36.642578125
spectrum,1717,3038255120,4096,8,8,30,7509a49a,37.99951564299408,4,113,38.30859375
spectrum,1718,3040015680,4096,8,8,63,6fcbf9a8,38.02148091304116,1,113,42.140625
spectrum,1719,3041775680,4096,8,8,63,3a0c2fe0,38.04349197098054,4,89,35.65234375
spectrum,1720,3043535440,4096,8,8,32,086dd013,38.065533275017515,4,107,37.4296875
spectrum,1721,3045295440,4096,8,8,60,540611b1,38.08743773098104,3,108,40.607421875
spectrum,1722,3047055440,4096,8,8,60,439773dc,38.10946765402332,4,85,33.720703125
spectrum,1723,3048815120,4096,8,8,61,47a8d69c,38.1315319420537,1,104,39.0
spectrum,1724,3050575440,4096,8,8,72,d45dc30a,38.153894133050926,0,100,40.845703125
spectrum,1725,3052335440,4096,8,8,63,46424193,38.175508160027675,4,89,35.72265625
spectrum,1726,3054095120,4096,8,8,61,49510cf6,38.198320040944964,2,107,39.56640625
spectrum,1727,3055855440,4096,8,8,72,e6e11a22,38.21941721101757,0,115,43.853515625
spectrum,1728,3057615120,4096,8,8,63,96a4e3bc,38.24144920799881,4,104,38.322265625
spectrum,1729,3059375680,4096,8,8,62,fb602919,38.263460556045175,4,105,37.607421875
spectrum,1730,3061135440,4096,8,8,62,c9d3ef52,38.28549375501461,0,86,34.603515625
spectrum,1731,3062896640,4096,8,8,29,7e7dddb1,38.3085266740527,2,123,35.466796875
spectrum,1732,3064735440,4096,8,8,62,7fdb529f,38.33050401695073,2,91,34.919921875
spectrum,1733,3066495440,4096,8,8,61,6a7fa9fd,38.352507940959185,4,87,33.556640625
spectrum,1734,3068256640,4096,8,8,60,eb52a455,38.37449150602333,4,92,34.453125
spectrum,1735,3070015440,4096,8,8,62,2cffea40,38.39675062301103,3,123,37.703125
spectrum,1736,3071775440,4096,8,8,63,e5a410bb,38.418479737010784,4,107,37.642578125
spectrum,1737,3073535120,4096,8,8,65,0344b991,38.44071176205762,3,91,35.361328125
spectrum,1738,3075375440,4096,8,8,61,9d84f4dc,38.46358429803513,4,109,42.462890625
spectrum,1739,3077135440,4096,8,8,62,e839ce1f,38.485308552975766,4,90,34.185546875
spectrum,1740,3078895120,4096,8,8,62,13fad137,38.507546048029326,4,91,34.556640625
spectrum,1741,3080655680,4096,8,8,61,1ec0ef8f,38.52956421894487,0,98,37.37890625
spectrum,1742,3082416640,4096,8,8,61,74faa909,38.551508049014956,4,86,34.41015625
spectrum,1743,3084175440,4096,8,8,60,5ddda161,38.57354121794924,4,103,37.0703125
spectrum,1744,3085935440,4096,8,8,60,c811ccda,38.595530524034984,3,93,34.224609375
spectrum,1745,3087695680,4096,8,8,62,f3d5d7e0,38.6175668699434,19,113,68.845703125
spectrum,1746,3089455440,4096,8,8,72,db4be72b,38.63950023998041,4,114,44.564453125
spectrum,1747,3091215440,4096,8,8,64,0a0f7014,38.661510366015136,4,118,40.228515625
spectrum,1748,3092975680,4096,8,8,63,54ec2c1f,38.68354818294756,0,90,35.287109375
spectrum,1749,3094735440,4096,8,8,59,7c3d75bc,38.70552126900293,4,109,35.955078125
spectrum,1750,3096495440,4096,8,8,61,dff65557,38.72751746803988,4,111,43.6640625
spectrum,1751,3098255120,4096,8,8,72,3f340d28,38.74949339905288,3,112,41.556640625
spectrum,1752,3100095440,4096,8,8,60,2d7a2e32,38.77256207598839,2,103,36.3125
spectrum,1753,3101855680,4096,8,8,61,722ae7fd,38.7944932320388,0,89,34.556640625
spectrum,1754,3103615120,4096,8,8,60,c4db4bde,38.816550135961734,4,86,35.50390625
spectrum,1755,3105375440,4096,8,8,63,960bd36e,38.83917090599425,4,89,36.0
spectrum,1756,3107135680,4096,8,8,62,9a106f9e,38.861173516954295,1,93,33.51171875
spectrum,1757,3108895440,4096,8,8,60,143db68a,38.88251945702359,0,109,34.759765625
spectrum,1758,3110655440,4096,8,8,61,56a5a03b,38.90448449703399,4,86,34.99609375
spectrum,1759,3112415680,4096,8,8,29,e510c259,38.9265965759987,0,117,36.91796875
spectrum,1760,3114175440,4096,8,8,62,198acff6,38.94852518697735,3,87,34.69140625
spectrum,1761,3115935440,4096,8,8,64,0234c986,38.970492952968925,5,92,36.13671875
spectrum,1762,3117695680,4096,8,8,72,c178ac3f,38.99249061499722,5,112,39.490234375
spectrum,1763,3119456000,4096,8,8,17,38db9ad2,39.014527520979755,4,111,40.150390625
spectrum,1764,3121295440,4096,8,8,62,492bb786,39.03747955698054,0,87,34.9375
spectrum,1765,3123055120,4096,8,8,72,4fc04e8e,39.05948187795002,0,97,36.78125
spectrum,1766,3124815680,4096,8,8,62,04b66e80,39.08153935300652,4,113,40.33984375
spectrum,1767,3126575440,4096,8,8,72,c3f32cdd,39.10383754305076,1,102,37.51171875
spectrum,1768,3128335120,4096,8,8,63,2a950659,39.12653458700515,2,120,36.484375
spectrum,1769,3130175680,4096,8,8,60,b7a5a6f1,39.14851588802412,3,118,42.947265625
spectrum,1770,3131935440,4096,8,8,62,63e5e1c9,39.17050469305832,2,86,34.939453125
spectrum,1771,3133695120,4096,8,8,60,0adf4a0f,39.19253808201756,3,123,41.75
spectrum,1772,3135455120,4096,8,8,59,ee1a08fe,39.21523972495925,0,98,35.3203125
spectrum,1773,3137215440,4096,8,8,61,2ce9b662,39.23660302802455,2,91,34.033203125
spectrum,1774,3138975120,4096,8,8,61,fae64404,39.25851706205867,0,96,48.03515625
spectrum,1775,3140735440,4096,8,8,63,6e4e2df6,39.2802979539847,4,109,37.537109375
spectrum,1776,3142575440,4096,8,8,62,d6e8f5e0,39.30361187399831,4,108,39.59765625
spectrum,1777,3144335120,4096,8,8,60,11a3ae1f,39.32550757296849,3,94,34.505859375
spectrum,1778,3146095680,4096,8,8,62,27e7eb1f,39.347525874036364,0,91,35.00390625
spectrum,1779,3147855120,4096,8,8,62,61b7423a,39.36956662801094,4,91,34.4140625
spectrum,1780,3149615440,4096,8,8,61,109d32a8,39.39153365197126,0,106,36.564453125
spectrum,1781,3151375440,4096,8,8,59,3c127caf,39.41395799105521,4,89,34.197265625
spectrum,1782,3153135680,4096,8,8,62,be744930,39.43552685203031,2,89,35.197265625
spectrum,1783,3154895440,4096,8,8,72,0177a05b,39.457513672998175,5,108,41.423828125
spectrum,1784,3156655440,4096,8,8,61,b683f550,39.47951035294682,4,86,34.326171875
spectrum,1785,3158415680,4096,8,8,60,2da09d38,39.501633603009395,5,94,33.8359375
spectrum,1786,3160175440,4096,8,8,61,9211592a,39.52525940199848,3,90,34.158203125
spectrum,1787,3161935440,4096,8,8,62,f740f254,39.546788688981906,3,110,38.158203125
spectrum,1788,3163695120,4096,8,8,63,97d3898c,39.56743928499054,4,94,35.908203125
spectrum,1789,3165455680,4096,8,8,60,39dd28fc,39.58943259797525,2,103,36.634765625
spectrum,1790,3167215440,4096,8,8,61,85d19a38,39.61149131599814,5,106,58.5625
spectrum,1791,3168975680,4096,8,8,61,0379ce53,39.63359165203292,5,113,41.58203125
spectrum,1792,3170735440,4096,8,8,60,81a3992a,39.65553844801616,1,104,37.44921875
spectrum,1793,3172495120,4096,8,8,60,6417bf3c,39.67752326501068,5,97,35.513671875
spectrum,1794,3174255440,4096,8,8,64,ab92e795,39.69947375799529,3,121,39.603515625
spectrum,1795,3176015440,4096,8,8,59,3eaa994c,39.72149275999982,0,93,34.8125
spectrum,1796,3177775680,4096,8,8,29,79913e5d,39.74373166798614,2,113,36.576171875
spectrum,1797,3179615440,4096,8,8,60,574804bc,39.7666651889449,1,105,37.7890625
spectrum,1798,3181375440,4096,8,8,62,1723f4bf,39.78859323996585,1,89,34.412109375
spectrum,1799,3183135680,4096,8,8,61,457718cc,39.81042198196519,2,87,33.994140625
spectrum,1800,3184975440,4096,8,8,61,1ca2dff3,39.833563516964205,2,90,34.025390625
spectrum,1801,3186815680,4096,8,8,62,6d7e0e5b,39.85651826800313,1,85,34.455078125
spectrum,1802,3188575120,4096,8,8,61,aa15bd6b,39.87851751304697,5,107,38.19140625
spectrum,1803,3190335440,4096,8,8,65,59e83b67,39.900535563007,3,110,40.853515625
spectrum,1804,3192095440,4096,8,8,28,0141b5a8,39.92251953901723,5,109,39.0546875
spectrum,1805,3193855120,4096,8,8,62,a568fbab,39.94548591203056,1,123,35.52734375
spectrum,1806,3195695440,4096,8,8,62,ddf355e4,39.96749357297085,4,117,41.685546875
spectrum,1807,3197455680,4096,8,8,62,8c995ebb,39.99139123701025,3,113,40.013671875
spectrum,1808,3199215440,4096,8,8,32,00857404,40.011523762950674,5,115,39.0078125
spectrum,1809,3200975440,4096,8,8,61,59c6ae9c,40.03358570695855,5,110,40.4140625
spectrum,1810,3202735440,4096,8,8,30,18f38fa7,40.056138808024116,1,106,36.38671875
spectrum,1811,3204495120,4096,8,8,61,496ad8bc,40.07769626798108,0,94,35.228515625
spectrum,1812,3206335440,4096,8,8,60,73063867,40.100516094011255,5,108,36.904296875
spectrum,1813,3208095680,4096,8,8,62,9f79150c,40.12253914400935,2,91,34.72265625
spectrum,1814,3209855120,4096,8,8,72,300c0bf4,40.1455447319895,0,118,38.955078125
spectrum,1815,3211695440,4096,8,8,60,83cfae48,40.16750621504616,4,111,37.859375
spectrum,1816,3213455120,4096,8,8,61,8f675e83,40.189557138015516,1,106,37.91796875
spectrum,1817,3215215440,4096,8,8,60,867cb770,40.21154629404191,1,111,35.4921875
spectrum,1818,3216975440,4096,8,8,61,38e5e435,40.233569344040006,4,89,35.37109375
spectrum,1819,3218735680,4096,8,8,61,04ebda00,40.255597674055025,4,88,35.00390625
spectrum,1820,3220495440,4096,8,8,62,d6d6a2e7,40.27772799599916,2,87,35.025390625
spectrum,1821,3222255440,4096,8,8,63,29dd9d9c,40.29957580496557,0,87,35.802734375
spectrum,1822,3224015680,4096,8,8,60,a920ca6d,40.32154653605539,1,109,41.388671875
spectrum,1823,3225775440,4096,8,8,62,f6c69387,40.34342085500248,6,105,36.673828125
spectrum,1824,3227615440,4096,8,8,62,861483c3,40.366559554007836,3,89,34.63671875
spectrum,1825,3229375120,4096,8,8,62,93246053,40.38830048998352,4,102,37.26953125
spectrum,1826,3231135680,4096,8,8,61,c299779d,40.41050910099875,2,86,34.71875
spectrum,1827,3232895440,4096,8,8,61,fceae2a4,40.43248782702722,2,85,34.16015625
spectrum,1828,3234655120,4096,8,8,62,8fc3b73f,40.454501359025016,1,112,40.19921875
spectrum,1829,3236415440,4096,8,8,62,5ce169f9,40.47653742402326,13,145,56.943359375
spectrum,1830,3238175680,4096,8,8,60,2f26c09a,40.49856563296635,2,112,40.119140625
spectrum,1831,3239935440,4096,8,8,72,f47483e7,40.52038410597015,4,105,38.90234375
spectrum,1832,3241695440,4096,8,8,62,8c912806,40.54271516902372,4,89,35.09765625
spectrum,1833,3243455680,4096,8,8,29,8d2aa7b0,40.56460359401535,2,106,36.6640625
spectrum,1834,3245215440,4096,8,8,63,6ddbae46,40.58662792597897,0,107,37.95703125
spectrum,1835,3246975440,4096,8,8,62,0f3fc138,40.60844503703993,1,86,34.943359375
spectrum,1836,3248735680,4096,8,8,62,b4835570,40.63050557801034,2,89,35.55078125
spectrum,1837,3250495680,4096,8,8,72,19385a76,40.65253626194317,4,112,42.533203125
spectrum,1838,3252255440,4096,8,8,63,6d5276ea,40.67450193397235,2,95,35.4453125
spectrum,1839,3254015120,4096,8,8,60,6b3e1b81,40.6965520150261,2,94,33.765625
spectrum,1840,3255775440,4096,8,8,59,b7328065,40.718539878027514,3,104,35.984375
spectrum,1841,3257535440,4096,8,8,62,0495a581,40.740573919028975,5,87,35.48046875
spectrum,1842,3259295120,4096,8,8,61,9232d823,40.762671850039624,5,117,40.10546875
spectrum,1843,3261135440,4096,8,8,64,a2a300c2,40.785554604954086,4,117,42.0390625
spectrum,1844,3262895680,4096,8,8,60,68f50d13,40.80766704399139,5,112,42.013671875
spectrum,1845,3264656640,4096,8,8,60,83322f1a,40.82961686595809,3,109,40.583984375
spectrum,1846,3266415440,4096,8,8,60,836b09e0,40.8515831179684,3,106,39.60546875
spectrum,1847,3268175440,4096,8,8,61,7c9da629,40.873465592972934,5,89,35.55859375
spectrum,1848,3269935120,4096,8,8,63,e645c9ee,40.8955448489869,3,90,35.712890625
spectrum,1849,3271695680,4096,8,8,62,938368f4,40.91753061802592,2,86,34.900390625
spectrum,1850,3273455680,4096,8,8,62,5e4c9c65,40.939558887970634,5,90,34.298828125
spectrum,1851,3275215440,4096,8,8,61,e47398b6,40.96156266098842,5,120,37.9453125
spectrum,1852,3276975440,4096,8,8,29,c81a157b,40.98344849201385,3,114,36.734375
spectrum,1853,3278735440,4096,8,8,61,fc4127e2,41.00553365901578,4,101,36.572265625
spectrum,1854,3280495440,4096,8,8,61,5eb32adf,41.02750199602451,4,105,36.208984375
spectrum,1855,3282255440,4096,8,8,61,0e60a6a3,41.04957682394888,3,87,34.013671875
spectrum,1856,3284015120,4096,8,8,30,f4363354,41.071589995059185,0,109,39.5546875
spectrum,1857,3285775440,4096,8,8,61,e659b84b,41.09354427503422,3,96,36.162109375
spectrum,1858,3287535680,4096,8,8,61,fbcc36a4,41.1155388810439,3,103,40.369140625
spectrum,1859,3289295440,4096,8,8,30,7ede9521,41.13744714402128,4,103,35.94140625
spectrum,1860,3291135440,4096,8,8,60,115fa041,41.16050176403951,1,106,39.34765625
spectrum,1861,3292895680,4096,8,8,61,935d4cc1,41.18253061501309,0,86,34.185546875
spectrum,1862,3294655120,4096,8,8,61,25d0a89a,41.20457574701868,2,102,37.18359375
spectrum,1863,3296415440,4096,8,8,61,04e7e9df,41.22651829395909,0,106,37.966796875
spectrum,1864,3298175440,4096,8,8,63,15ba44c2,41.248566461959854,5,112,39.69921875
spectrum,1865,3299935120,4096,8,8,62,583bc413,41.271254768944345,4,117,39.9375
spectrum,1866,3301695440,4096,8,8,72,ec4a9146,41.29279476602096,1,120,45.037109375
spectrum,1867,3303455120,4096,8,8,72,9c6d624f,41.31466053798795,4,107,38.171875
spectrum,1868,3305215440,4096,8,8,60,c2323343,41.33657843002584,2,109,36.390625
spectrum,1869,3306975440,4096,8,8,61,d29fff36,41.35858375602402,5,99,33.740234375
spectrum,1870,3308735680,4096,8,8,30,14f70f4a,41.381725109997205,1,121,35.66796875
spectrum,1871,3310575440,4096,8,8,72,325c1de6,41.40349117398728,5,120,45.01171875
spectrum,1872,3312415440,4096,8,8,65,2890f515,41.426548077957705,4,106,38.7578125
spectrum,1873,3314176000,4096,8,8,64,7499002d,41.45012738998048,0,93,36.38671875
spectrum,1874,3315935440,4096,8,8,60,9c94382d,41.47064611595124,0,98,34.09375
spectrum,1875,3317695440,4096,8,8,63,c328a2d9,41.49254203599412,4,95,34.796875
spectrum,1876,3319455120,4096,8,8,64,a93348e5,41.51459805795457,7,120,41.59765625
spectrum,1877,3321215440,4096,8,8,62,9719ffc2,41.5365529890405,3,106,36.44921875
spectrum,1878,3322975440,4096,8,8,60,cb0a157f,41.558594855014235,3,105,37.509765625
spectrum,1879,3324735120,4096,8,8,72,3b942daa,41.580609519034624,4,104,40.306640625
spectrum,1880,3326495440,4096,8,8,63,34a78cb3,41.602623702026904,4,93,35.287109375
spectrum,1881,3328255680,4096,8,8,62,2a31ad57,41.62458704900928,5,98,36.75390625
spectrum,1882,3330015440,4096,8,8,64,2f7fbc78,41.64659932802897,5,108,37.63671875
spectrum,1883,3331775440,4096,8,8,72,c3c40319,41.66842359304428,2,100,37.10546875
spectrum,1884,3333535680,4096,8,8,62,bb26b217,41.69057942298241,5,90,35.3203125
spectrum,1885,3335295440,4096,8,8,62,6a106bf4,41.712610799004324,1,90,34.9609375
spectrum,1886,3337055680,4096,8,8,62,2c79f2a1,41.73455174395349,0,88,35.33203125
spectrum,1887,3338815680,4096,8,8,63,e26f3014,41.756567219039425,4,89,35.490234375
spectrum,1888,3340575440,4096,8,8,61,917883b7,41.77860087901354,4,109,38.142578125
spectrum,1889,3342335440,4096,8,8,63,18c1a727,41.800548405968584,1,115,40.1015625
spectrum,1890,3344095120,4096,8,8,59,fa9fae40,41.82258642499801,2,87,35.251953125
spectrum,1891,3345855440,4096,8,8,62,ac1dc219,41.84460711001884,4,109,38.6796875
spectrum,1892,3347695440,4096,8,8,61,ece108c5,41.86758009600453,2,105,38.2109375
spectrum,1893,3349455120,4096,8,8,61,d47a6dfc,41.88962915504817,4,88,35.84375
spectrum,1894,3351215440,4096,8,8,60,7e44d5cc,41.9115831439849,0,110,37.53515625
spectrum,1895,3352975680,4096,8,8,62,2ad13090,41.93338393396698,2,89,35.0546875
spectrum,1896,3354815440,4096,8,8,32,0782cfd8,41.95658877794631,1,104,36.88671875
spectrum,1897,3356575680,4096,8,8,60,95ab495b,41.97854871803429,3,109,41.390625
spectrum,1898,3358335680,4096,8,8,62,a715945d,42.0005972860381,2,91,33.9609375
spectrum,1899,3360095120,4096,8,8,61,2f5f70b3,42.02257604303304,5,97,36.53515625
spectrum,1900,3361855440,4096,8,8,61,22351937,42.0445330980001,1,113,35.28125
spectrum,1901,3363615440,4096,8,8,61,43010e98,42.06654798204545,3,85,34.333984375
spectrum,1902,3365375120,4096,8,8,62,eb9ede16,42.08870249101892,1,88,34.474609375
spectrum,1903,3367135440,4096,8,8,61,6c84dff9,42.11053052195348,4,86,34.11328125
spectrum,1904,3368895120,4096,8,8,62,7b4d1b26,42.132572498056106,4,86,34.625
spectrum,1905,3370655440,4096,8,8,61,5a8e4db3,42.15454589400906,2,104,36.068359375
spectrum,1906,3372415440,4096,8,8,62,9063a962,42.17656250100117,3,91,35.19140625
spectrum,1907,3374181360,4096,8,8,28,a9a8ca11,42.19864934205543,6,121,36.41015625
spectrum,1908,3376015440,4096,8,8,63,92dbe0a3,42.22158338397276,20,119,69.849609375
spectrum,1909,3377776000,4096,8,8,61,3793f779,42.243597066029906,0,87,34.494140625
spectrum,1910,3379536640,4096,8,8,61,cb1ae8ea,42.26561543694697,3,107,37.912109375
spectrum,1911,3381295440,4096,8,8,72,401797a8,42.2879008629825,7,108,43.8046875
spectrum,1912,3383055440,4096,8,8,72,489a1066,42.3095380429877,7,116,44.58203125
spectrum,1913,3384815680,4096,8,8,60,f7d9c614,42.331565891974606,0,94,35.087890625
spectrum,1914,3386575440,4096,8,8,60,1fdec230,42.35370888898615,3,104,36.640625
spectrum,1915,3388335440,4096,8,8,61,5a7efed8,42.37558066297788,4,92,33.9140625
spectrum,1916,3390095120,4096,8,8,72,20554531,42.397581801051274,0,115,41.884765625
spectrum,1917,3391935440,4096,8,8,72,82d5d674,42.42054999794345,0,103,36.95703125
spectrum,1918,3393711520,4096,8,8,63,6aebdeec,42.44256574404426,2,122,37.466796875
spectrum,1919,3395455680,4096,8,8,62,88487fdf,42.46446357702371,14,136,59.603515625
spectrum,1920,3397295440,4096,8,8,61,aefe7128,42.48756716004573,2,88,34.806640625
spectrum,1921,3399056000,4096,8,8,63,615e9b55,42.50954329094384,4,108,37.77734375
spectrum,1922,3400815440,4096,8,8,62,ff510c3a,42.53154360805638,1,90,34.158203125
spectrum,1923,3402575440,4096,8,8,41,1e9a42e1,42.55353505804669,4,130,35.921875
spectrum,1924,3404335680,4096,8,8,61,cc78ecdc,42.57552046701312,4,90,35.228515625
spectrum,1925,3406095440,4096,8,8,60,60f9079c,42.59759195800871,0,108,35.93359375
spectrum,1926,3407855440,4096,8,8,62,2904010f,42.6195393250091,0,108,38.484375
spectrum,1927,3409615120,4096,8,8,62,c1a39f0c,42.641594075015746,2,92,34.595703125
spectrum,1928,3411375440,4096,8,8,60,45476ad6,42.66359571402427,5,111,36.986328125
spectrum,1929,3413135440,4096,8,8,62,53a49c36,42.685577525990084,2,98,36.96875
spectrum,1930,3414895120,4096,8,8,61,11df8196,42.70776152005419,0,87,34.2421875
spectrum,1931,3416655440,4096,8,8,62,8c7d9f55,42.729532773955725,2,88,34.55078125
spectrum,1932,3418415680,4096,8,8,59,81c60888,42.751573137007654,5,127,40.611328125
spectrum,1933,3420175440,4096,8,8,61,5dca94eb,42.7735998230055,4,109,38.76171875
spectrum,1934,3421935680,4096,8,8,60,eb635fb9,42.795544264954515,2,87,34.923828125
spectrum,1935,3423695680,4096,8,8,29,b2090bf0,42.81757184304297,2,122,45.26171875
spectrum,1936,3425455440,4096,8,8,60,7451c1f3,42.83955353498459,3,89,34.0625
spectrum,1937,3427215440,4096,8,8,61,4c148747,42.861515518976375,4,89,35.3671875
spectrum,1938,3428975680,4096,8,8,60,5548db0a,42.8835410940228,5,88,35.154296875
spectrum,1939,3430735440,4096,8,8,60,7cf463d2,42.90558703697752,3,108,36.453125
spectrum,1940,3432495440,4096,8,8,60,eed480e1,42.92764252796769,3,85,33.3984375
spectrum,1941,3434255120,4096,8,8,61,09810251,42.94963860698044,3,94,35.46484375
spectrum,1942,3436015440,4096,8,8,60,99055128,42.97158778703306,2,112,36.43359375
spectrum,1943,3437775440,4096,8,8,60,fd3ccebf,42.99362167797517,0,128,41.583984375
spectrum,1944,3439535120,4096,8,8,59,aa822c22,43.01563715294469,2,116,37.546875
spectrum,1945,3441375680,4096,8,8,62,0b537059,43.03860531002283,18,136,60.93359375
spectrum,1946,3443135680,4096,8,8,61,9dd4c9d7,43.06054174597375,0,109,39.064453125
spectrum,1947,3444895440,4096,8,8,60,976df59a,43.08260511199478,4,88,34.498046875
spectrum,1948,3446655440,4096,8,8,59,de84eb47,43.10459779400844,1,96,35.365234375
spectrum,1949,3448415440,4096,8,8,63,b86cfde4,43.12655699404422,5,127,41.294921875
spectrum,1950,3450175120,4096,8,8,63,6e74f3dc,43.148564083036035,2,87,34.380859375
spectrum,1951,3452015440,4096,8,8,64,0694d4d4,43.17160519794561,1,95,36.7265625
spectrum,1952,3453775440,4096,8,8,60,c45bce18,43.19360313995276,6,87,34.357421875
spectrum,1953,3455535120,4096,8,8,62,e4f2f3fa,43.215851005050354,1,116,37.4375
spectrum,1954,3457375440,4096,8,8,60,f67ee7f9,43.238560372032225,5,106,38.5390625
spectrum,1955,3459135120,4096,8,8,60,f4d22722,43.260464687948115,4,110,39.01171875
spectrum,1956,3460975440,4096,8,8,60,d3f73086,43.28355717903469,4,105,39.84765625
spectrum,1957,3462735680,4096,8,8,60,adb2fded,43.30558212194592,3,95,34.21875
spectrum,1958,3464495680,4096,8,8,60,16648145,43.32755063904915,7,120,36.890625
spectrum,1959,3466255440,4096,8,8,60,ab32911f,43.34960229299031,1,102,38.712890625
spectrum,1960,3468015440,4096,8,8,72,4a139a65,43.37155443895608,7,126,49.369140625
spectrum,1961,3469775680,4096,8,8,60,356b1632,43.3936356890481,3,84,33.673828125
spectrum,1962,3471535440,4096,8,8,60,bad51f89,43.416260465979576,1,110,37.71875
spectrum,1963,3473295440,4096,8,8,60,b1d0d0d2,43.43758371297736,4,112,40.095703125
spectrum,1964,3475055120,4096,8,8,60,f21b631b,43.459587416029535,4,99,36.056640625
spectrum,1965,3476815440,4096,8,8,61,03346c08,43.48159223201219,4,107,35.77734375
spectrum,1966,3478575440,4096,8,8,61,c3168124,43.50368812994566,11,139,66.666015625
spectrum,1967,3480335120,4096,8,8,60,c59977e7,43.52553556696512,4,107,36.974609375
spectrum,1968,3482175440,4096,8,8,63,4c8e324b,43.548615084029734,0,138,51.93359375
spectrum,1969,3483936000,4096,8,8,60,ad1d27a3,43.57125248503871,4,101,36.7890625
spectrum,1970,3485695440,4096,8,8,60,225beb1e,43.59264638600871,4,108,36.9609375
spectrum,1971,3487455440,4096,8,8,59,09c5fcb1,43.61456947703846,2,112,42.12890625
spectrum,1972,3489215680,4096,8,8,28,d559aa69,43.636602264945395,3,104,36.255859375
spectrum,1973,3491055440,4096,8,8,60,27ca9d43,43.65963346103672,2,103,37.611328125
spectrum,1974,3492815440,4096,8,8,60,e68bfbb6,43.681563975987956,4,86,33.7578125
spectrum,1975,3494575680,4096,8,8,64,d5e039f5,43.70354907400906,3,89,33.830078125
spectrum,1976,3496335440,4096,8,8,33,4be63922,43.72561011498328,4,105,40.25390625
spectrum,1977,3498095440,4096,8,8,60,dc20482e,43.747559095034376,2,90,34.81640625
spectrum,1978,3499855120,4096,8,8,60,61303517,43.7695826459676,4,101,37.775390625
spectrum,1979,3501615440,4096,8,8,60,a6d417d7,43.79149313294329,0,111,35.23828125
spectrum,1980,3503455440,4096,8,8,62,b54b262b,43.81467452296056,0,89,34.41015625
spectrum,1981,3505215120,4096,8,8,30,91507035,43.83666267595254,4,107,38.677734375
spectrum,1982,3506975680,4096,8,8,64,54fb5360,43.858644739026204,9,137,50.333984375
spectrum,1983,3508735680,4096,8,8,63,3b916f28,43.88062142103445,5,106,39.029296875
spectrum,1984,3510495440,4096,8,8,32,5a5b2740,43.90256750502158,2,108,36.17578125
spectrum,1985,3512255440,4096,8,8,63,8ceeade7,43.924580155988224,2,108,37.296875
spectrum,1986,3514015440,4096,8,8,60,4725ef45,43.94654910301324,4,95,34.556640625
spectrum,1987,3515775120,4096,8,8,61,d2115136,43.9685684760334,2,114,40.80078125
spectrum,1988,3517535440,4096,8,8,62,a37e8b48,43.990561399026774,6,89,35.529296875
spectrum,1989,3519295440,4096,8,8,61,4fc57d00,44.0125708229607,1,100,36.48046875
spectrum,1990,3521055440,4096,8,8,72,04c0a5f3,44.03459392301738,4,96,37.228515625
spectrum,1991,3522815440,4096,8,8,60,afd0fe82,44.0567302670097,2,110,40.021484375
spectrum,1992,3524575120,4096,8,8,63,c4e2d87a,44.078656704048626,2,108,37.501953125
spectrum,1993,3526335680,4096,8,8,60,5fad2f3d,44.100581608945504,8,129,50.01171875
spectrum,1994,3528095440,4096,8,8,59,3e08486d,44.12258153501898,4,107,37.39453125
spectrum,1995,3529856000,4096,8,8,62,397c303b,44.14457349595614,2,89,34.330078125
spectrum,1996,3531615680,4096,8,8,62,75332f5c,44.16656244103797,4,87,35.509765625
spectrum,1997,3533375440,4096,8,8,60,1b1830ec,44.188549121958204,12,146,63.83203125
spectrum,1998,3535135120,4096,8,8,33,9b2ef6b1,44.21063638397027,1,109,36.822265625
spectrum,1999,3536895440,4096,8,8,60,4656c56d,44.2325283359969,4,99,38.412109375
spectrum,2000,3538655440,4096,8,8,30,a0cb98b6,44.25460007798392,0,115,38.064453125
spectrum,2001,3540415440,4096,8,8,60,acef10eb,44.276601065997966,2,85,34.466796875
spectrum,2002,3542175440,4096,8,8,62,f1479e6f,44.29893664596602,1,120,38.076171875
spectrum,2003,3543935440,4096,8,8,64,35fb922f,44.32063913997263,4,105,37.2265625
spectrum,2004,3545695120,4096,8,8,60,95c86225,44.34266264096368,3,103,37.599609375
spectrum,2005,3547455680,4096,8,8,60,28778e48,44.36457844800316,4,118,37.373046875
spectrum,2006,3549215120,4096,8,8,60,4f9dd527,44.38658510695677,1,108,34.740234375
spectrum,2007,3550975440,4096,8,8,62,cd5e4fb4,44.4086086479947,4,107,37.09375
spectrum,2008,3552735440,4096,8,8,60,76c483cc,44.43056304799393,4,87,33.703125
spectrum,2009,3554495680,4096,8,8,29,c992b154,44.45257997594308,43,151,81.265625
spectrum,2010,3556255440,4096,8,8,60,e6980f17,44.47459669399541,3,98,36.4921875
spectrum,2011,3558015680,4096,8,8,59,3191898f,44.49658538901713,4,89,34.794921875
spectrum,2012,3559776640,4096,8,8,36,e469217c,44.51880113303196,6,113,40.5390625
spectrum,2013,3561535440,4096,8,8,60,8367e31c,44.54063972400036,3,119,34.39453125
spectrum,2014,3563295440,4096,8,8,60,f31c96d5,44.56269340205472,0,97,35.689453125
spectrum,2015,3565055120,4096,8,8,61,f8c46892,44.58458746795077,4,130,35.27734375
spectrum,2016,3566895440,4096,8,8,72,bd7d0a71,44.6076215490466,5,109,41.01953125
spectrum,2017,3568655680,4096,8,8,62,6967eb96,44.62959770997986,3,89,33.94921875
spectrum,2018,3570415120,4096,8,8,60,abc35136,44.65177376905922,15,128,65.826171875
spectrum,2019,3572255440,4096,8,8,63,eddbfbb9,44.674587112967856,3,87,34.712890625
spectrum,2020,3574015680,4096,8,8,61,a33b11c3,44.69664809398819,0,85,33.984375
spectrum,2021,3575775440,4096,8,8,61,af3b06a3,44.718607474002056,3,107,37.037109375
spectrum,2022,3577535440,4096,8,8,62,f3fc9918,44.74061730899848,3,110,35.216796875
spectrum,2023,3579295680,4096,8,8,60,31e035cf,44.76261453004554,3,95,35.4453125
spectrum,2024,3581055440,4096,8,8,61,446bc9f6,44.78471638902556,5,100,38.548828125
spectrum,2025,3582815440,4096,8,8,36,469c9d25,44.80785621900577,3,111,36.681640625
spectrum,2026,3584575680,4096,8,8,60,31f5a68a,44.828582377987914,14,145,67.486328125
spectrum,2027,3586335440,4096,8,8,60,cd79209e,44.85076148295775,11,128,51.490234375
spectrum,2028,3588175440,4096,8,8,60,2c1f0f03,44.87406215700321,1,128,35.96875
spectrum,2029,3589935120,4096,8,8,60,58b63e72,44.89565312105697,5,118,44.0859375
spectrum,2030,3591695680,4096,8,8,60,74ec7b18,44.918077207985334,2,110,38.162109375
spectrum,2031,3593455440,4096,8,8,33,d0bdf074,44.9396100420272,0,108,38.265625
spectrum,2032,3595215120,4096,8,8,61,f2162fdf,44.96159234503284,10,143,61.111328125
spectrum,2033,3596975440,4096,8,8,38,1cf9d9b5,44.98368731001392,6,134,40.669921875
spectrum,2034,3598735680,4096,8,8,72,56f7a8f0,45.00566620705649,5,110,37.326171875
spectrum,2035,3600495440,4096,8,8,57,354be098,45.027629083022475,1,109,37.744140625
spectrum,2036,3602255440,4096,8,8,60,bb271287,45.04982101195492,4,84,34.03125
spectrum,2037,3604015680,4096,8,8,29,d9794569,45.072710799984634,1,123,33.572265625
spectrum,2038,3605935440,4096,8,8,60,3b99c7f6,45.095625945948996,4,95,33.759765625
spectrum,2039,3607695440,4096,8,8,62,58f0f4ae,45.117404424003325,2,110,35.97265625
spectrum,2040,3609535440,4096,8,8,60,81e4f932,45.14064316195436,0,86,33.564453125
spectrum,2041,3611295120,4096,8,8,60,d453026f,45.162616436951794,4,100,37.26953125
spectrum,2042,3613055680,4096,8,8,60,beb6dc9e,45.184613198041916,6,109,38.97265625
spectrum,2043,3614815120,4096,8,8,61,70bde78d,45.20664879097603,19,127,70.177734375
spectrum,2044,3616575440,4096,8,8,60,bbdfb695,45.22858804196585,3,105,36.291015625
spectrum,2045,3618335440,4096,8,8,61,0f442d10,45.250648783985525,10,133,51.119140625
spectrum,2046,3620095680,4096,8,8,29,e60dacea,45.272596720955335,27,141,78.59765625
spectrum,2047,3621855440,4096,8,8,60,9d8f4578,45.294621575041674,2,87,34.8828125
spectrum,2048,3623615440,4096,8,8,57,a154bfa5,45.31670732295606,2,85,33.455078125
spectrum,2049,3625375440,4096,8,8,60,3f0c74ba,45.33862811897416,8,145,55.642578125
spectrum,2050,3627135120,4096,8,8,64,61bf3c45,45.36060128500685,3,128,36.00390625
spectrum,2051,3628895440,4096,8,8,60,39221d56,45.383158804965205,4,93,35.1953125
spectrum,2052,3630655120,4096,8,8,60,23e9b2e9,45.404664937988855,13,146,57.248046875
spectrum,2053,3632415680,4096,8,8,60,a96a3604,45.4266045599943,2,105,36.30859375
spectrum,2054,3634175440,4096,8,8,60,5264ff10,45.44858552003279,6,128,35.80859375
spectrum,2055,3635935120,4096,8,8,62,62ccf309,45.470708237960935,4,131,36.67578125
spectrum,2056,3637775440,4096,8,8,60,4f4512a7,45.4935828379821,5,133,38.07421875
spectrum,2057,3639536640,4096,8,8,59,ad2beeea,45.515621567028575,4,94,36.1015625
spectrum,2058,3641295440,4096,8,8,60,c72ae9a2,45.53761396894697,0,106,36.017578125
spectrum,2059,3643055440,4096,8,8,62,4d578856,45.55963656795211,1,105,38.8515625
spectrum,2060,3644815680,4096,8,8,60,a5929ade,45.58161095599644,6,128,38.0546875
spectrum,2061,3646575440,4096,8,8,60,2aad01a3,45.60362247400917,11,131,61.576171875
spectrum,2062,3648335440,4096,8,8,60,4159c23e,45.62557905795984,1,85,33.68359375
spectrum,2063,3650095680,4096,8,8,60,041cb5ce,45.647559868055396,3,100,36.677734375
spectrum,2064,3651935440,4096,8,8,61,ea383007,45.670638093026355,4,127,38.63671875
spectrum,2065,3653775680,4096,8,8,60,b801ea6c,45.69358695205301,8,130,57.697265625
spectrum,2066,3655535120,4096,8,8,60,1156e2a8,45.715615381952375,16,143,66.3984375
spectrum,2067,3657295440,4096,8,8,60,51f71da6,45.73766222700942,4,109,38.27734375
spectrum,2068,3659055440,4096,8,8,63,30bdf81f,45.75958518800326,5,112,39.72265625
spectrum,2069,3660815120,4096,8,8,60,eee4ad57,45.78162072098348,11,129,54.453125
spectrum,2070,3662575440,4096,8,8,60,3338a5ca,45.80364086595364,5,121,37.171875
spectrum,2071,3664335680,4096,8,8,60,c4220902,45.82556146197021,0,84,33.048828125
spectrum,2072,3666095440,4096,8,8,32,9dbedab8,45.847623936017044,2,106,37.734375
spectrum,2073,3667855440,4096,8,8,60,3c6112e8,45.869599936995655,1,108,39.16015625
spectrum,2074,3669615680,4096,8,8,62,607338b5,45.891707526985556,1,85,34.046875
spectrum,2075,3671375120,4096,8,8,60,9edccd23,45.91356035496574,3,119,36.763671875
spectrum,2076,3673215440,4096,8,8,60,5eaa3874,45.93661922204774,3,100,35.41796875
spectrum,2077,3674975680,4096,8,8,37,f485c2d5,45.95864521805197,5,129,52.802734375
spectrum,2078,3676735120,4096,8,8,60,c327caaa,45.98065389995463,5,130,35.3046875
spectrum,2079,3678495440,4096,8,8,60,5a970f30,46.002590878051706,0,100,37.576171875
spectrum,2080,3680255120,4096,8,8,60,1ebb0f21,46.02460862696171,24,146,69.154296875
spectrum,2081,3682015440,4096,8,8,60,2c2cd894,46.0466129219858,4,110,35.48828125
spectrum,2082,3683775440,4096,8,8,60,0106514b,46.06860756804235,0,125,34.146484375
spectrum,2083,3685536640,4096,8,8,28,1c880c8e,46.09064387297258,3,111,36.41015625
spectrum,2084,3687295440,4096,8,8,60,ebc8d078,46.11263270804193,2,90,34.384765625
spectrum,2085,3689055680,4096,8,8,60,9d6044a0,46.13496666494757,1,108,36.826171875
spectrum,2086,3690823920,4096,8,8,60,6d391f47,46.15668164298404,21,136,59.3828125
spectrum,2087,3692575440,4096,8,8,60,9b904ed7,46.17857129103504,8,120,51.294921875
spectrum,2088,3694415440,4096,8,8,60,05ded0bd,46.20162019005511,3,107,36.779296875
spectrum,2089,3696175120,4096,8,8,60,a66c835f,46.22361763101071,0,107,36.671875
spectrum,2090,3697935680,4096,8,8,60,b28a7b00,46.2456064959988,18,133,62.076171875
spectrum,2091,3699695440,4096,8,8,60,09239af4,46.26758163503837,0,89,33.7109375
spectrum,2092,3701455120,4096,8,8,72,1dfe2cde,46.28963267803192,1,109,39.748046875
spectrum,2093,3703295440,4096,8,8,60,40f474db,46.31256872403901,3,86,33.958984375
spectrum,2094,3705056640,4096,8,8,60,aebb06d7,46.33458414894994,0,87,34.1328125
spectrum,2095,3706815440,4096,8,8,61,f405b068,46.35658772196621,1,110,34.935546875
spectrum,2096,3708575440,4096,8,8,34,a362c98a,46.378612654982135,5,115,38.48828125
spectrum,2097,3710335680,4096,8,8,62,5f35d05b,46.400662626023404,2,87,34.224609375
spectrum,2098,3712095440,4096,8,8,60,170e6c38,46.422730791033246,1,105,37.162109375
spectrum,2099,3713855440,4096,8,8,60,587c107f,46.44444035796914,1,110,37.04296875
spectrum,2100,3715615680,4096,8,8,60,15499235,46.46669864305295,3,98,36.54296875
spectrum,2101,3717375440,4096,8,8,60,f81e2cc3,46.48861078300979,3,113,36.373046875
spectrum,2102,3719135680,4096,8,8,60,76660fd0,46.51061190094333,4,85,33.373046875
spectrum,2103,3720895120,4096,8,8,60,901f86e4,46.532607689965516,4,101,36.685546875
spectrum,2104,3722655440,4096,8,8,60,60b505e1,46.5546950410353,4,90,34.06640625
spectrum,2105,3724415440,4096,8,8,60,b28882b2,46.57662593596615,2,108,38.681640625
spectrum,2106,3726175120,4096,8,8,60,29383a2a,46.59862591302954,4,87,33.640625
spectrum,2107,3727935440,4096,8,8,60,67d76c43,46.62062193104066,6,125,41.755859375
spectrum,2108,3729695680,4096,8,8,60,6c7f0ce8,46.64267395599745,1,83,33.65234375
spectrum,2109,3731455440,4096,8,8,60,9a778c17,46.666216096957214,13,130,54.857421875
spectrum,2110,3733215440,4096,8,8,60,e028a55d,46.686819463036954,10,141,54.708984375
spectrum,2111,3734975680,4096,8,8,28,6dabdcae,46.70851136697456,5,107,35.439453125
spectrum,2112,3736815440,4096,8,8,60,ad348059,46.73162691202015,0,111,39.654296875
spectrum,2113,3738575680,4096,8,8,59,79dc1034,46.75361730996519,1,91,34.708984375
spectrum,2114,3740335680,4096,8,8,64,936e7b74,46.77564716304187,5,100,37.529296875
spectrum,2115,3742095440,4096,8,8,60,7ab47a2e,46.79772179003339,2,105,37.357421875
spectrum,2116,3743855440,4096,8,8,61,388e6852,46.81958940601908,4,109,39.142578125
spectrum,2117,3745615120,4096,8,8,58,b2ad0860,46.84162686299533,5,127,37.37109375
spectrum,2118,3747375440,4096,8,8,60,75a5c55c,46.86364350095391,2,112,38.306640625
spectrum,2119,3749135440,4096,8,8,72,90e86303,46.88564575102646,26,139,72.474609375
spectrum,2120,3750895120,4096,8,8,60,29fc42ad,46.907648663036525,2,126,39.419921875
spectrum,2121,3752655440,4096,8,8,60,127cb106,46.92958923697006,5,88,34.505859375
spectrum,2122,3754415680,4096,8,8,60,b70ea59f,46.95179866894614,5,109,36.6953125
spectrum,2123,3756175440,4096,8,8,60,ee7134c8,46.97391448402777,2,104,36.31640625
spectrum,2124,3758015440,4096,8,8,38,d2b406ea,46.996931261965074,2,110,36.970703125
spectrum,2125,3759775680,4096,8,8,60,f044270f,47.01864060899243,8,125,43.845703125
spectrum,2126,3761535120,4096,8,8,61,f8d197a0,47.04064388200641,15,126,60.4375
spectrum,2127,3763295440,4096,8,8,60,2f8b2311,47.06261323997751,2,89,33.9375
spectrum,2128,3765055440,4096,8,8,60,351b1000,47.08466986299027,2,87,34.2578125
spectrum,2129,3766815120,4096,8,8,59,01cb3b96,47.10664661496412,0,90,33.4765625
spectrum,2130,3768575440,4096,8,8,60,7483e1c3,47.12786500400398,3,108,41.0546875
spectrum,2131,3770335120,4096,8,8,61,5e742f80,47.15062722098082,0,110,40.853515625
spectrum,2132,3772095440,4096,8,8,60,5b493cde,47.172639220021665,1,112,38.615234375
spectrum,2133,3773855440,4096,8,8,60,613f730f,47.193838653038256,5,101,39.201171875
spectrum,2134,3775616640,4096,8,8,63,1f18422b,47.21667025098577,3,86,33.73046875
spectrum,2135,3777375440,4096,8,8,60,b1d87547,47.23822006699629,3,87,34.1015625
spectrum,2136,3779135440,4096,8,8,63,7cdef26b,47.26071382605005,4,86,33.640625
spectrum,2137,3780895120,4096,8,8,32,2cef8cb8,47.28264666500036,1,102,36.478515625
spectrum,2138,3782655680,4096,8,8,60,a43f404d,47.30472204403486,1,96,37.095703125
spectrum,2139,3784415680,4096,8,8,30,4d831901,47.3266567470273,1,118,36.99609375
spectrum,2140,3786175440,4096,8,8,60,09722bf9,47.34875077102333,2,86,34.115234375
spectrum,2141,3787935440,4096,8,8,62,0a8856c4,47.37062791502103,5,136,51.580078125
spectrum,2142,3789695440,4096,8,8,60,95b1d060,47.392623002058826,0,85,33.88671875
spectrum,2143,3791455120,4096,8,8,60,3af2ce8b,47.41462595295161,0,108,33.75390625
spectrum,2144,3793215440,4096,8,8,62,06fbe9d8,47.436615098966286,4,127,35.173828125
spectrum,2145,3794975440,4096,8,8,60,972e49b4,47.458793082041666,1,88,33.998046875
spectrum,2146,3796735440,4096,8,8,61,a907fb15,47.48072350595612,29,144,75.001953125
spectrum,2147,3798495440,4096,8,8,60,d639952f,47.50184129504487,4,85,34.154296875
spectrum,2148,3800255680,4096,8,8,60,f3ee56a1,47.52462685597129,0,87,34.798828125
spectrum,2149,3802015440,4096,8,8,60,06953b19,47.546584481955506,1,103,37.14453125
spectrum,2150,3803775680,4096,8,8,61,e529fc9e,47.568600218044594,6,131,52.564453125
spectrum,2151,3805536640,4096,8,8,62,369859e6,47.590616935980506,2,111,37.220703125
spectrum,2152,3807295440,4096,8,8,60,5780659f,47.61264661804307,1,106,37.294921875
spectrum,2153,3809055440,4096,8,8,58,bf0a32e7,47.633809332037345,2,106,37.853515625
spectrum,2154,3810815120,4096,8,8,61,f57c2a28,47.6565454689553,13,146,67.396484375
spectrum,2155,3812655440,4096,8,8,61,6e2b01ec,47.67963734001387,0,104,35.6953125
spectrum,2156,3814415440,4096,8,8,72,0f8d474f,47.70169684803113,1,103,37.09375
spectrum,2157,3816175440,4096,8,8,60,bda25c76,47.723768168943934,4,114,39.689453125
spectrum,2158,3818015440,4096,8,8,59,16d6b3e8,47.746142963995226,0,93,34.056640625
spectrum,2159,3819775680,4096,8,8,60,a4e154c2,47.76861722697504,18,135,56.85546875
spectrum,2160,3821615440,4096,8,8,72,abdf517a,47.79171157104429,0,110,37.94921875
spectrum,2161,3823375680,4096,8,8,60,4aa31806,47.81283426901791,5,86,34.271484375
spectrum,2162,3825135680,4096,8,8,60,1354024d,47.83565789205022,1,105,38.75
spectrum,2163,3826895440,4096,8,8,60,67c93f60,47.85769887594506,0,91,33.740234375
spectrum,2164,3828655440,4096,8,8,60,58233653,47.87881406000815,4,101,36.779296875
spectrum,2165,3830415680,4096,8,8,60,62dc97c9,47.90165432402864,4,86,34.158203125
spectrum,2166,3832175440,4096,8,8,60,db6f8341,47.92361466505099,3,115,36.2421875
spectrum,2167,3834015440,4096,8,8,29,d36c7a1b,47.946636223001406,3,113,36.517578125
spectrum,2168,3835775440,4096,8,8,72,fde9a3e6,47.968636890058406,0,106,40.640625
spectrum,2169,3837535440,4096,8,8,60,1aecf4dd,47.99067196296528,11,140,65.59375
spectrum,2170,3839295440,4096,8,8,59,afa5d444,48.011843612999655,2,89,33.978515625
spectrum,2171,3841055120,4096,8,8,33,03ceb5a1,48.034478639950976,11,126,61.01953125
spectrum,2172,3842895440,4096,8,8,60,af3fabf0,48.05705005605705,4,90,34.234375
spectrum,2173,3844656000,4096,8,8,60,3b364dfb,48.08047310204711,6,86,34.013671875
spectrum,2174,3846415440,4096,8,8,30,8a406f8a,48.10164734697901,3,127,36.623046875
spectrum,2175,3848175440,4096,8,8,60,03e41de2,48.12364222400356,0,109,37.74609375
spectrum,2176,3849935440,4096,8,8,61,e9796c1d,48.145608876948245,5,85,34.26171875
spectrum,2177,3851695120,4096,8,8,60,4b0437e5,48.167656303034164,3,85,33.919921875
spectrum,2178,3853455440,4096,8,8,60,24620a60,48.18962161394302,2,105,35.583984375
spectrum,2179,3855215440,4096,8,8,72,bec431fb,48.2115896489704,4,106,36.87890625
spectrum,2180,3856975120,4096,8,8,61,dd89dc95,48.233652184018865,2,106,37.236328125
spectrum,2181,3858735440,4096,8,8,60,22b089de,48.254804927972145,9,129,50.833984375
spectrum,2182,3860495120,4096,8,8,60,1870d588,48.27764611504972,4,103,38.197265625
spectrum,2183,3862255440,4096,8,8,60,0161ea05,48.299490896984935,6,111,34.98828125
spectrum,2184,3864095440,4096,8,8,60,17356e2a,48.32182163896505,1,88,34.173828125
spectrum,2185,3865856000,4096,8,8,28,21cecc45,48.344668045057915,4,106,35.458984375
spectrum,2186,3867615440,4096,8,8,62,5d393a9a,48.36669844901189,5,85,34.97265625
spectrum,2187,3869375440,4096,8,8,61,0312a5ac,48.38866680499632,2,127,35.037109375
spectrum,2188,3871136640,4096,8,8,61,b6f9fe70,48.41064789495431,3,105,38.59765625
spectrum,2189,3872895440,4096,8,8,56,05d5298d,48.43263845401816,2,106,37.923828125
spectrum,2190,3874655440,4096,8,8,59,150c8072,48.45383120398037,4,106,37.154296875
spectrum,2191,3876415120,4096,8,8,62,6491d2b2,48.47664636105765,10,129,58.513671875
spectrum,2192,3878175440,4096,8,8,72,02fac805,48.49861860496458,4,113,39.408203125
spectrum,2193,3879935440,4096,8,8,60,085f998f,48.519813628983684,12,137,64.025390625
spectrum,2194,3881695120,4096,8,8,60,f63e12e2,48.54267797898501,4,94,34.40625
spectrum,2195,3883455440,4096,8,8,62,1c683469,48.56383413996082,4,89,34.236328125
spectrum,2196,3885215120,4096,8,8,61,432498d0,48.58664687303826,4,111,35.1875
spectrum,2197,3887055680,4096,8,8,60,fa505e6b,48.6097769549815,4,127,37.068359375
spectrum,2198,3888815440,4096,8,8,61,e535731c,48.63094485900365,0,87,33.951171875
spectrum,2199,3890575680,4096,8,8,60,993d9ad1,48.65519553900231,20,132,60.958984375
spectrum,2200,3892335440,4096,8,8,60,d0d2dbf1,48.675795529037714,14,139,71.869140625
spectrum,2201,3894095440,4096,8,8,60,70ab6f8c,48.69766552897636,4,110,39.001953125
spectrum,2202,3895855440,4096,8,8,60,3d10b998,48.71971221396234,3,110,37.83203125
spectrum,2203,3897615120,4096,8,8,60,8755501f,48.74221817601938,1,120,37.861328125
spectrum,2204,3899375440,4096,8,8,30,2b253a60,48.76374068995938,13,132,54.029296875
spectrum,2205,3901215440,4096,8,8,60,13f1dad9,48.78671465697698,3,127,35.8125
spectrum,2206,3902975440,4096,8,8,60,8d6b1a7f,48.8087666319916,0,109,36.607421875
spectrum,2207,3904735440,4096,8,8,61,d755596a,48.829928162973374,4,130,34.65234375
spectrum,2208,3906495120,4096,8,8,60,2aafb533,48.852709015016444,0,111,39.01171875
spectrum,2209,3908255680,4096,8,8,59,cb971960,48.87465621100273,5,104,37.173828125
spectrum,2210,3910015680,4096,8,8,59,a3ca504b,48.89669651398435,0,109,39.291015625
spectrum,2211,3911775440,4096,8,8,60,64ec4a90,48.91870989499148,3,107,35.609375
spectrum,2212,3913535440,4096,8,8,59,12d8c859,48.9398313210113,5,124,36.30859375
spectrum,2213,3915295680,4096,8,8,28,208b58ec,48.962743020034395,17,143,67.771484375
spectrum,2214,3917055440,4096,8,8,65,a006ec32,48.98464666400105,0,106,38.10546875
spectrum,2215,3918815440,4096,8,8,60,378223c6,49.00591516797431,2,81,33.38671875
spectrum,2216,3920575680,4096,8,8,60,8e74e837,49.02865901996847,0,124,37.427734375
spectrum,2217,3922335440,4096,8,8,60,3938ddf2,49.05063296703156,0,127,37.666015625
spectrum,2218,3924095440,4096,8,8,64,8a4434d8,49.072734595043585,0,114,39.1328125
spectrum,2219,3925855440,4096,8,8,61,079f3c38,49.0955355350161,17,117,64.970703125
spectrum,2220,3927695440,4096,8,8,60,7c54c0d3,49.11771777598187,0,105,35.978515625
spectrum,2221,3929455680,4096,8,8,60,2723aab6,49.14082094701007,16,126,70.736328125
spectrum,2222,3931215440,4096,8,8,30,53958b41,49.161873121978715,5,120,37.94140625
spectrum,2223,3933055440,4096,8,8,61,2b561201,49.1839338230202,5,123,47.482421875
spectrum,2224,3934815680,4096,8,8,64,1a2065bc,49.20676111301873,2,100,37.77734375
spectrum,2225,3936586720,4096,8,8,60,0cbd0a78,49.228728006011806,6,122,47.482421875
spectrum,2226,3938335120,4096,8,8,60,68d61bb5,49.250659674056806,11,140,63.71875
spectrum,2227,3940095440,4096,8,8,56,1f7768bf,49.271883853012696,8,110,46.734375
spectrum,2228,3941855120,4096,8,8,64,717812bd,49.29466496605892,3,88,35.48046875
spectrum,2229,3943615440,4096,8,8,59,6a886e8c,49.3166756919818,5,105,43.5859375
spectrum,2230,3945375440,4096,8,8,60,1fbdaff8,49.3378961449489,3,106,36.697265625
spectrum,2231,3947135120,4096,8,8,72,49b98a71,49.360815790016204,4,116,41.369140625
spectrum,2232,3948975440,4096,8,8,72,f8ea51db,49.382918249000795,3,103,37.728515625
spectrum,2233,3950735120,4096,8,8,32,bf1fcc49,49.40568759001326,2,108,41.353515625
spectrum,2234,3952495680,4096,8,8,40,ed302747,49.42765047599096,11,116,63.1484375
spectrum,2235,3954255440,4096,8,8,60,ec22d163,49.44886308303103,1,95,37.91015625
spectrum,2236,3956015680,4096,8,8,61,92d7896e,49.471669554011896,3,98,37.18359375
spectrum,2237,3957775440,4096,8,8,59,c7c3a75d,49.4936398640275,3,105,39.80078125
spectrum,2238,3959535440,4096,8,8,61,a50c3376,49.514869785052724,4,136,62.11328125
spectrum,2239,3961295680,4096,8,8,60,2df27c02,49.53765342198312,5,92,34.64453125
spectrum,2240,3963055440,4096,8,8,60,cefc1d30,49.55963954201434,3,105,35.689453125
spectrum,2241,3964815440,4096,8,8,62,36a87359,49.58468717895448,3,105,37.95703125
spectrum,2242,3966575120,4096,8,8,59,0aef2ecb,49.60375334904529,0,100,36.4375
spectrum,2243,3968335440,4096,8,8,60,0917db77,49.626107263960876,6,118,41.05859375
spectrum,2244,3970175440,4096,8,8,60,4109ea75,49.647880792967044,5,111,40.994140625
spectrum,2245,3971935120,4096,8,8,61,78829ecf,49.67074131499976,0,106,35.515625
spectrum,2246,3973695680,4096,8,8,57,78f7d6c6,49.69185187004041,4,92,34.16796875
spectrum,2247,3975455680,4096,8,8,63,a386c994,49.71468559198547,4,115,41.462890625
spectrum,2248,3977215440,4096,8,8,60,5a4bc36e,49.73669416503981,17,132,60.318359375
spectrum,2249,3978975440,4096,8,8,62,37d30768,49.757833434036,3,106,37.515625
spectrum,2250,3980735680,4096,8,8,62,1381e52e,49.780671244021505,5,131,40.205078125
spectrum,2251,3982495440,4096,8,8,36,257aa2c3,49.80272381904069,6,120,33.439453125
spectrum,2252,3984255440,4096,8,8,62,497654fd,49.823918403009884,4,94,34.134765625
spectrum,2253,3986015680,4096,8,8,63,1bec5e2b,49.84670266194735,1,113,39.841796875
spectrum,2254,3987775440,4096,8,8,60,63fcd560,49.86918135196902,0,109,39.544921875
spectrum,2255,3989535440,4096,8,8,62,de150a11,49.8899457330117,14,144,64.978515625
spectrum,2256,3991295120,4096,8,8,41,9d489141,49.912654057960026,3,131,33.677734375
spectrum,2257,3993055680,4096,8,8,62,e257af15,49.9346842210507,4,105,38.095703125
spectrum,2258,3994815440,4096,8,8,60,897ca330,49.95593575295061,2,108,38.984375
spectrum,2259,3996575120,4096,8,8,60,5508b90f,49.97868398297578,5,92,34.447265625
spectrum,2260,3998335440,4096,8,8,60,e7e30381,50.00078521098476,4,128,49.89453125
spectrum,2261,4000095680,4096,8,8,59,c8efb341,50.02271323103923,2,86,35.123046875
spectrum,2262,4001855440,4096,8,8,61,943d73f0,50.044688108959235,3,111,40.46484375
spectrum,2263,4003615440,4096,8,8,61,654c84e5,50.06599081796594,4,88,34.32421875
spectrum,2264,4005375680,4096,8,8,29,643054f5,50.088764837011695,3,117,37.83984375
spectrum,2265,4007215440,4096,8,8,61,7c6cb458,50.111684361007065,0,94,35.462890625
spectrum,2266,4008975440,4096,8,8,62,59b44c0b,50.13372107699979,4,108,37.162109375
spectrum,2267,4010735680,4096,8,8,60,c24cea36,50.1557407299988,5,110,39.572265625
spectrum,2268,4012575440,4096,8,8,60,54ccf2e7,50.17874955304433,4,97,34.0234375
spectrum,2269,4014335680,4096,8,8,60,979cd76f,50.19990168605,13,137,60.318359375
spectrum,2270,4016095120,4096,8,8,42,a2d269d8,50.22267405304592,11,137,64.73046875
spectrum,2271,4017855440,4096,8,8,60,72276005,50.2447088949848,0,110,35.09375
spectrum,2272,4019615440,4096,8,8,72,67d537b0,50.26583490904886,3,109,42.71484375
spectrum,2273,4021376640,4096,8,8,28,d7dbca17,50.289664083044045,3,121,32.478515625
spectrum,2274,4023215440,4096,8,8,42,49710245,50.31187521794345,5,114,37.091796875
spectrum,2275,4025055440,4096,8,8,60,0c8635f6,50.33387507405132,11,111,64.59765625
spectrum,2276,4026815680,4096,8,8,63,0a13ae2b,50.356818433036096,1,113,40.853515625
spectrum,2277,4028575440,4096,8,8,60,281140cf,50.37879908294417,2,96,34.94921875
spectrum,2278,4030335440,4096,8,8,62,63947b7c,50.39993782097008,28,136,69.4296875
spectrum,2279,4032095120,4096,8,8,42,2758d659,50.42266645398922,2,129,38.091796875
spectrum,2280,4033935440,4096,8,8,60,b7d2366e,50.44567908404861,4,132,39.232421875
spectrum,2281,4035695680,4096,8,8,63,279dae0d,50.46686027303804,0,108,38.837890625
spectrum,2282,4037455120,4096,8,8,62,163240c3,50.489669649046846,3,111,37.060546875
spectrum,2283,4039215440,4096,8,8,58,5d09aee3,50.51169307902455,10,140,67.12890625
spectrum,2284,4040975440,4096,8,8,60,4d10bb0a,50.53367482102476,4,131,40.5703125
spectrum,2285,4042735120,4096,8,8,60,a74dded4,50.55568154004868,1,110,39.4609375
spectrum,2286,4044495440,4096,8,8,61,e4186c8e,50.57683316199109,0,96,36.82421875
spectrum,2287,4046255680,4096,8,8,60,ed2a0e76,50.59968825499527,4,89,34.177734375
spectrum,2288,4048015440,4096,8,8,61,d16c0a40,50.62169666704722,0,108,38.26953125
spectrum,2289,4049775440,4096,8,8,60,fbea5b55,50.64291297097225,2,87,33.51171875
spectrum,2290,4051535680,4096,8,8,61,25bf8ca6,50.66576130094472,0,107,37.853515625
spectrum,2291,4053295440,4096,8,8,61,68608184,50.68763783399481,4,112,40.07421875
spectrum,2292,4055135440,4096,8,8,33,51008344,50.710706089041196,7,125,43.33984375
spectrum,2293,4056895120,4096,8,8,64,445ec5cc,50.73272778594401,0,125,39.091796875
spectrum,2294,4058655680,4096,8,8,60,1f92cfea,50.75477357895579,5,111,41.232421875
spectrum,2295,4060415440,4096,8,8,60,90c177ba,50.77587842301,3,107,39.63671875
spectrum,2296,4062175680,4096,8,8,62,d145343a,50.798658384010196,3,97,35.236328125
spectrum,2297,4063935440,4096,8,8,61,5a532c52,50.81987682194449,14,136,60.81640625
spectrum,2298,4065695680,4096,8,8,39,637dac65,50.84267383499537,1,92,34.015625
spectrum,2299,4067455440,4096,8,8,72,2f0d1ef2,50.865441733039916,2,110,39.73046875
spectrum,2300,4069215440,4096,8,8,60,3e7af555,50.88590131700039,0,102,37.341796875
spectrum,2301,4070975680,4096,8,8,28,d78c3007,50.909525073016994,0,116,38.333984375
spectrum,2302,4072735440,4096,8,8,63,4523fd0f,50.930763649055734,2,128,37.974609375
spectrum,2303,4074495440,4096,8,8,64,3b1fbb35,50.951907646958716,5,125,43.37109375
spectrum,2304,4076255680,4096,8,8,60,6767623d,50.97471898701042,3,91,34.138671875
spectrum,2305,4078015440,4096,8,8,33,e9750b20,50.996718802955,2,131,39.84375
spectrum,2306,4079775680,4096,8,8,60,92b5143d,51.019902487052605,4,86,33.537109375
spectrum,2307,4081535120,4096,8,8,61,1f86db46,51.041001779958606,4,106,36.658203125
spectrum,2308,4083295440,4096,8,8,39,04617d7f,51.0627572539961,1,128,37.11328125
spectrum,2309,4085055440,4096,8,8,60,f42607d9,51.083876566030085,5,111,40.951171875
spectrum,2310,4086815120,4096,8,8,62,27281f36,51.10669557994697,27,140,71.1171875
spectrum,2311,4088575440,4096,8,8,62,42e1c648,51.127901153988205,4,96,35.765625
spectrum,2312,4090335680,4096,8,8,60,a79ee8af,51.15089436795097,7,133,45.423828125
spectrum,2313,4092095440,4096,8,8,32,54fddbee,51.17278964596335,2,110,37.16796875
spectrum,2314,4093855440,4096,8,8,60,21199195,51.19473565998487,5,89,33.771484375
spectrum,2315,4095615440,4096,8,8,58,b57c9b5f,51.21591172902845,3,104,37.064453125
spectrum,2316,4097375120,4096,8,8,63,a83da4d9,51.2387359830318,3,90,34.78125
spectrum,2317,4099135680,4096,8,8,62,768b8530,51.25992342305835,11,131,59.33984375
spectrum,2318,4100895680,4096,8,8,39,d98e4e20,51.281896347994916,2,124,39.298828125
spectrum,2319,4102655440,4096,8,8,60,37c447f7,51.3047229469521,0,109,36.888671875
spectrum,2320,4104415440,4096,8,8,60,875011d1,51.325885409954935,4,104,37.880859375
spectrum,2321,4106175120,4096,8,8,61,5a67dcbc,51.34874106303323,4,87,33.5546875
spectrum,2322,4107935440,4096,8,8,60,c22bf4bc,51.370708527974784,4,106,36.080078125
spectrum,2323,4109695440,4096,8,8,41,97d9e28c,51.3927759709768,7,131,52.337890625
spectrum,2324,4111455440,4096,8,8,30,1e3e9522,51.41473182395566,3,109,38.939453125
spectrum,2325,4113215440,4096,8,8,62,a1308784,51.435879940050654,4,105,37.771484375
spectrum,2326,4114975680,4096,8,8,64,7ddca227,51.45789945300203,2,92,34.3203125
spectrum,2327,4116735440,4096,8,8,33,e86d6ac7,51.48064028902445,4,106,36.4453125
spectrum,2328,4118575440,4096,8,8,60,d31ab44f,51.50372580694966,1,108,36.994140625
spectrum,2329,4120335680,4096,8,8,60,8a012d80,51.52494013798423,0,135,41.92578125
spectrum,2330,4122095120,4096,8,8,62,7c3dc093,51.547697004978545,10,132,53.34375
spectrum,2331,4123855440,4096,8,8,59,0b2ac530,51.56970865302719,4,111,34.888671875
spectrum,2332,4125615440,4096,8,8,72,f401bcf4,51.59087411197834,4,110,40.091796875
spectrum,2333,4127375120,4096,8,8,60,7f46aa64,51.61375695699826,2,108,36.419921875
spectrum,2334,4129135440,4096,8,8,60,ae4085bd,51.63501947897021,5,132,42.931640625
spectrum,2335,4130895120,4096,8,8,62,29b77b71,51.65777727798559,15,121,50.48828125
spectrum,2336,4132735440,4096,8,8,60,4cb80f85,51.68069492804352,1,110,35.94921875
spectrum,2337,4134495440,4096,8,8,64,a1e4c6a9,51.702009469037876,14,145,59.46875
spectrum,2338,4136256560,4096,8,8,29,720ccf19,51.724703787011094,5,141,60.03125
spectrum,2339,4138015440,4096,8,8,63,da6c9c52,51.746742306044325,0,90,34.05859375
spectrum,2340,4139855440,4096,8,8,62,70885c1c,51.76892810303252,1,106,37.6796875
spectrum,2341,4141616000,4096,8,8,61,0330f92a,51.791686011943966,3,87,34.703125
spectrum,2342,4143375440,4096,8,8,60,02b1b4e4,51.81373298703693,3,93,34.728515625
spectrum,2343,4145215680,4096,8,8,61,abee1912,51.835917011019774,0,129,37.998046875
spectrum,2344,4146975440,4096,8,8,62,43ae4095,51.858761574025266,1,87,33.9140625
spectrum,2345,4148735440,4096,8,8,62,cdfd41f9,51.88069668703247,0,105,36.953125
spectrum,2346,4150495440,4096,8,8,64,450eb981,51.902744253049605,6,124,44.236328125
spectrum,2347,4152255440,4096,8,8,60,a275819b,51.924752995953895,3,119,35.529296875
spectrum,2348,4154095440,4096,8,8,57,065ccc31,51.94768415205181,2,86,34.625
spectrum,2349,4155855440,4096,8,8,60,bf03dd62,51.96971316298004,1,88,34.3046875
spectrum,2350,4157615120,4096,8,8,32,62210e40,51.99168323294725,14,132,62.431640625
spectrum,2351,4159375440,4096,8,8,60,db9ccccf,52.013711843057536,3,105,37.166015625
spectrum,2352,4161215440,4096,8,8,60,349edbc5,52.03669376496691,2,91,34.443359375
spectrum,2353,4162975120,4096,8,8,62,d6e8056e,52.05871109396685,3,102,36.875
spectrum,2354,4164735680,4096,8,8,63,37d6aa2f,52.08067316794768,18,145,70.23828125
spectrum,2355,4166495440,4096,8,8,39,9b8f1a0b,52.101949136005715,2,130,38.29296875
spectrum,2356,4168255120,4096,8,8,72,fa3b2743,52.12468978203833,4,107,36.59375
spectrum,2357,4170015440,4096,8,8,60,22c63300,52.14573961205315,4,104,37.087890625
spectrum,2358,4171775120,4096,8,8,62,71fd1396,52.16773534996901,6,110,39.66796875
spectrum,2359,4173535120,4096,8,8,61,6f87c4ef,52.19068328803405,4,101,36.072265625
spectrum,2360,4175295440,4096,8,8,41,19d8cd1e,52.211885035037994,20,141,58.400390625
spectrum,2361,4177056640,4096,8,8,59,cdf3e45c,52.23395366105251,3,87,34.16015625
spectrum,2362,4178815440,4096,8,8,62,6bf35cf8,52.25596342503559,2,90,35.541015625
spectrum,2363,4180575440,4096,8,8,61,df171dc2,52.27793387603015,2,85,33.861328125
spectrum,2364,4182416960,4096,8,8,60,27698ec7,52.30165403301362,3,85,34.197265625
spectrum,2365,4184175440,4096,8,8,60,0ad0c2f7,52.32369398500305,3,108,36.552734375
spectrum,2366,4185935440,4096,8,8,60,38a0b45a,52.344735088991,5,114,36.822265625
spectrum,2367,4187695120,4096,8,8,60,d3eb9b36,52.36766903998796,6,125,41.5390625
spectrum,2368,4189455440,4096,8,8,60,0ef6f80a,52.38971329003107,2,90,32.541015625
spectrum,2369,4191215440,4096,8,8,60,4d4c492b,52.41090225300286,5,93,34.61328125
spectrum,2370,4192975120,4096,8,8,61,f3ef9eb0,52.43369726196397,8,89,43.61328125
spectrum,2371,4194735440,4096,8,8,61,7e6dc544,52.45475262205582,2,91,34.796875
spectrum,2372,4196495120,4096,8,8,32,62ceeb37,52.47826096904464,3,103,37.771484375
spectrum,2373,4198255440,4096,8,8,60,c77365bd,52.499894573003985,5,87,34.6015625
spectrum,2374,4200015440,4096,8,8,60,0155d73c,52.52081716200337,4,98,37.3046875
spectrum,2375,4201776000,4096,8,8,29,d019d047,52.54362658795435,1,120,35.525390625
spectrum,2376,4203615440,4096,8,8,62,c69c5e95,52.56671418005135,0,105,38.416015625
spectrum,2377,4205375680,4096,8,8,63,7eb662bf,52.58787825598847,3,96,36.197265625
spectrum,2378,4207135680,4096,8,8,62,3d7c8620,52.61073815799318,0,92,35.15234375
spectrum,2379,4208895440,4096,8,8,62,1ba5494d,52.6326778200455,1,106,38.130859375
spectrum,2380,4210655440,4096,8,8,63,3899cc15,52.653744591982104,4,92,35.921875
spectrum,2381,4212415120,4096,8,8,63,5fcec517,52.67670266900677,2,104,38.1015625
spectrum,2382,4214175440,4096,8,8,72,ee9ade98,52.69868093403056,4,113,43.4296875
spectrum,2383,4215935440,4096,8,8,61,fc4843f9,52.72005162097048,4,97,37.041015625
spectrum,2384,4217695120,4096,8,8,63,d36c0b15,52.74276541604195,2,92,36.810546875
spectrum,2385,4219455440,4096,8,8,64,06d67b4c,52.76385186496191,4,101,38.37109375
spectrum,2386,4221215680,4096,8,8,60,1f19d7cb,52.785881367046386,3,109,38.0234375
spectrum,2387,4222975440,4096,8,8,60,669f20cb,52.80872623005416,3,108,37.203125
spectrum,2388,4224815440,4096,8,8,63,20f2d7b3,52.830872923950665,4,111,38.447265625
spectrum,2389,4226576000,4096,8,8,60,b40cdb43,52.85290551104117,4,115,43.369140625
spectrum,2390,4228335440,4096,8,8,72,0941995b,52.87570981797762,5,115,44.73828125
spectrum,2391,4230095440,4096,8,8,60,e19d19f2,52.89676159096416,3,104,36.7890625
spectrum,2392,4231855680,4096,8,8,61,02bcc7cd,52.91889890702441,1,90,33.87890625
spectrum,2393,4233615440,4096,8,8,61,789c1713,52.941677444963716,1,108,40.666015625
spectrum,2394,4235375440,4096,8,8,62,3b8829a3,52.96319498901721,2,90,36.14453125
spectrum,2395,4237135120,4096,8,8,63,09eb94d7,52.98582689894829,3,106,38.173828125
spectrum,2396,4238895440,4096,8,8,62,be09b0b1,53.00781917094719,1,113,36.283203125
spectrum,2397,4240655440,4096,8,8,62,a975cf96,53.02886268903967,4,106,37.5859375
spectrum,2398,4242415120,4096,8,8,61,d3c6f383,53.05177740403451,2,90,34.859375
spectrum,2399,4244175440,4096,8,8,62,eebaeadd,53.072775196051225,3,87,35.03125
spectrum,2400,4245935680,4096,8,8,63,966ae1bd,53.094913803972304,0,87,34.42578125
spectrum,2401,4247695440,4096,8,8,61,c2b1c737,53.117776951985434,0,107,36.4296875
spectrum,2402,4249455680,4096,8,8,60,c3cc656d,53.138783450005576,3,90,34.798828125
spectrum,2403,4251216000,4096,8,8,30,b670eb20,53.161807712051086,1,117,36.29296875
spectrum,2404,4252975440,4096,8,8,60,a2dca8e0,53.18373288703151,1,115,40.48046875
spectrum,2405,4254735440,4096,8,8,62,a8164a0e,53.20478207501583,0,92,35.2265625
spectrum,2406,4256495680,4096,8,8,62,5382f766,53.22687051794492,2,89,35.2421875
spectrum,2407,4258255440,4096,8,8,60,d2568a2d,53.24968380201608,1,103,38.916015625
spectrum,2408,4260015440,4096,8,8,60,50d179c5,53.27084812801331,4,95,36.16015625
spectrum,2409,4261775120,4096,8,8,64,ccbc2f3f,53.29379265999887,3,92,36.603515625
spectrum,2410,4263535440,4096,8,8,63,0f0ff005,53.31660106405616,4,104,36.966796875
spectrum,2411,4265375440,4096,8,8,60,a45598b5,53.338859378010966,4,92,34.39453125
spectrum,2412,4267141200,4096,8,8,28,0b201d15,53.36077564605512,0,119,35.974609375
spectrum,2413,4268975440,4096,8,8,60,ae484ceb,53.38289338501636,4,93,33.966796875
spectrum,2414,4270735680,4096,8,8,60,ba8c63ea,53.40491884900257,2,105,42.044921875
spectrum,2415,4272496640,4096,8,8,63,92cba626,53.42693654901814,0,91,36.271484375
spectrum,2416,4274255440,4096,8,8,62,98939a8c,53.449714816058986,4,87,35.15234375
spectrum,2417,4276015440,4096,8,8,63,791fe2f6,53.470781777985394,4,88,35.916015625
spectrum,2418,4277775120,4096,8,8,39,31e5bbe8,53.493706622044556,0,107,39.1171875
spectrum,2419,4279535440,4096,8,8,61,bc7d8b01,53.51571480394341,4,112,37.072265625
spectrum,2420,4281295440,4096,8,8,63,571369eb,53.536767508951016,1,86,34.396484375
spectrum,2421,4283055120,4096,8,8,61,c2446549,53.559725346043706,3,88,34.849609375
spectrum,2422,4284815440,4096,8,8,60,65e3ad05,53.580743425991386,5,118,43.43359375
spectrum,2423,4286575120,4096,8,8,62,ce3bd713,53.603797844960354,4,97,37.341796875
spectrum,2424,4288415440,4096,8,8,65,9062e8e0,53.62671235995367,0,105,37.20703125
spectrum,2425,4290175680,4096,8,8,60,fda5c6c0,53.647746770991944,4,112,40.353515625
spectrum,2426,4291935680,4096,8,8,60,2ba51b20,53.66990480595268,1,90,35.818359375
spectrum,2427,4293695440,4096,8,8,33,6f9e0a98,53.692698772996664,4,104,37.619140625
spectrum,2428,4295455440,4096,8,8,63,f2cede7b,53.71381566894706,5,87,35.818359375
spectrum,2429,4297215680,4096,8,8,59,92b38d8b,53.7359331069747,3,93,33.701171875
spectrum,2430,4298975440,4096,8,8,60,18d8bb58,53.758710792986676,4,115,42.51953125
spectrum,2431,4300735440,4096,8,8,61,38a268bb,53.77979971701279,1,91,34.31640625
spectrum,2432,4302495120,4096,8,8,63,47d7f362,53.8027258439688,1,90,35.6171875
spectrum,2433,4304255440,4096,8,8,62,cc149da3,53.824797826004215,0,106,37.33984375
spectrum,2434,4306015440,4096,8,8,64,60b6d0dd,53.84583086404018,4,92,35.201171875
spectrum,2435,4307775120,4096,8,8,60,6945b724,53.868821652955376,3,91,34.04296875
spectrum,2436,4309615440,4096,8,8,72,1cd9aaec,53.89076273795217,3,111,39.095703125
spectrum,2437,4311376000,4096,8,8,63,548dc43f,53.91292727505788,4,92,34.564453125
spectrum,2438,4313135440,4096,8,8,63,823267dc,53.93578111496754,5,112,39.361328125
spectrum,2439,4314895440,4096,8,8,61,c07b9b9d,53.956810957053676,3,89,35.115234375
spectrum,2440,4316655680,4096,8,8,29,c7daa11d,53.97971260803752,3,107,36.416015625
spectrum,2441,4318415440,4096,8,8,63,fc05f240,54.00174150802195,2,111,39.6171875
spectrum,2442,4320175440,4096,8,8,63,8ab36479,54.022825272986665,3,88,35.125
spectrum,2443,4321935680,4096,8,8,61,31339f8f,54.04493750096299,2,109,38.80078125
spectrum,2444,4323695440,4096,8,8,60,2c11ffee,54.0678192039486,6,111,39.193359375
spectrum,2445,4325455440,4096,8,8,60,338e60b9,54.08876620896626,0,113,41.333984375
spectrum,2446,4327215120,4096,8,8,72,424abafd,54.11174878303427,0,103,41.53125
spectrum,2447,4328975440,4096,8,8,62,f85d6e33,54.13353470398579,2,111,36.01953125
spectrum,2448,4330815440,4096,8,8,60,4c754574,54.15576699899975,0,112,39.6484375
spectrum,2449,4332575120,4096,8,8,61,f8fce25e,54.1797380510252,3,120,35.994140625
spectrum,2450,4334415680,4096,8,8,62,d7d10614,54.20079012494534,0,86,34.708984375
spectrum,2451,4336175680,4096,8,8,64,4eb061e0,54.22291186102666,1,90,35.330078125
spectrum,2452,4337935440,4096,8,8,32,f2c877e9,54.245752466027625,4,106,37.453125
spectrum,2453,4339695440,4096,8,8,62,f63eb521,54.26779744797386,4,105,37.30859375
spectrum,2454,4341455440,4096,8,8,61,6933b2da,54.288890548981726,3,91,34.06640625
spectrum,2455,4343215120,4096,8,8,61,a83caf68,54.312282375991344,2,108,40.701171875
spectrum,2456,4344975440,4096,8,8,33,1ad4e3e5,54.33382457704283,4,108,38.345703125
spectrum,2457,4346735440,4096,8,8,62,7f1c4aef,54.354899544036016,4,109,37.1015625
spectrum,2458,4348495680,4096,8,8,72,f280f7ef,54.37773025105707,3,112,38.625
spectrum,2459,4350335440,4096,8,8,61,20084378,54.399931045947596,3,91,34.59765625
spectrum,2460,4352175120,4096,8,8,32,a532f9ed,54.42373555304948,5,121,43.64453125
spectrum,2461,4353935680,4096,8,8,63,b220d048,54.44572741398588,3,106,36.546875
spectrum,2462,4355695440,4096,8,8,62,19d244fb,54.466848848969676,3,109,39.099609375
spectrum,2463,4357455680,4096,8,8,59,6bd9391a,54.48892547003925,4,90,33.576171875
spectrum,2464,4359215440,4096,8,8,61,14036ad2,54.511770623968914,5,116,44.001953125
spectrum,2465,4360975440,4096,8,8,72,53517ee1,54.533251959015615,6,120,44.634765625
spectrum,2466,4362735680,4096,8,8,62,e69220ce,54.55543038295582,2,97,35.134765625
spectrum,2467,4364495440,4096,8,8,72,955e57bb,54.5777704520151,0,113,43.228515625
spectrum,2468,4366255440,4096,8,8,62,a1d4664e,54.59973046195228,4,107,38.275390625
spectrum,2469,4368015440,4096,8,8,62,9cc21f04,54.62172661104705,4,94,34.873046875
spectrum,2470,4369775440,4096,8,8,61,8c682456,54.64378022798337,3,110,41.5
spectrum,2471,4371535440,4096,8,8,72,5ac10416,54.66479176597204,5,116,42.419921875
spectrum,2472,4373295120,4096,8,8,48,b0fba3e0,54.68775080505293,5,132,48.28125
spectrum,2473,4375055680,4096,8,8,72,37ceb805,54.70880554395262,0,103,37.15625
spectrum,2474,4376816640,4096,8,8,61,9a619721,54.73092765104957,5,109,38.8125
spectrum,2475,4378575440,4096,8,8,64,9d61cb89,54.753725294955075,2,114,42.01953125
spectrum,2476,4380335440,4096,8,8,63,53c2f7b4,54.77480713499244,1,107,37.30859375
spectrum,2477,4382095680,4096,8,8,29,088d8a55,54.799517143983394,1,121,37.53125
spectrum,2478,4383935440,4096,8,8,72,c5af11fe,54.82079410296865,3,115,44.041015625
spectrum,2479,4385695440,4096,8,8,65,906ab332,54.84182679094374,4,108,38.375
spectrum,2480,4387455680,4096,8,8,62,60476a07,54.86392879905179,3,94,35.025390625
spectrum,2481,4389215440,4096,8,8,62,ae0bc3e4,54.886718888999894,3,108,40.05859375
spectrum,2482,4390975440,4096,8,8,60,528c15b0,54.90783455304336,4,112,41.4765625
spectrum,2483,4392735120,4096,8,8,72,a2cb679e,54.93077247205656,2,116,38.69921875
spectrum,2484,4394575440,4096,8,8,64,5fba9556,54.95372563996352,4,90,35.833984375
spectrum,2485,4396335680,4096,8,8,63,eed91a66,54.97483919095248,0,102,37.65234375
spectrum,2486,4398095120,4096,8,8,62,ebc1493a,54.99774140201043,3,89,35.478515625
spectrum,2487,4399935440,4096,8,8,61,3786252e,55.019890069030225,4,94,34.181640625
spectrum,2488,4401695680,4096,8,8,60,da8fe489,55.04195453703869,2,111,38.2890625
spectrum,2489,4403455440,4096,8,8,31,ab4c66b3,55.06478467199486,4,104,36.375
spectrum,2490,4405215440,4096,8,8,60,ebfaf571,55.08680688997265,1,108,37.048828125
spectrum,2491,4407055440,4096,8,8,63,d3c20925,55.10882513097022,1,93,36.060546875
spectrum,2492,4408815120,4096,8,8,63,3f67fcc7,55.13178993097972,1,96,35.4921875
spectrum,2493,4410575440,4096,8,8,65,8240dcca,55.15380198904313,1,109,39.599609375
spectrum,2494,4412335440,4096,8,8,60,63a9633c,55.17601595004089,4,92,33.814453125
spectrum,2495,4414095120,4096,8,8,61,870807c1,55.19775076501537,0,113,37.9453125
spectrum,2496,4415935440,4096,8,8,63,e0e6a6d0,55.21980441198684,4,89,35.935546875
spectrum,2497,4417695120,4096,8,8,32,97eaebc3,55.24273897497915,4,103,38.59765625
spectrum,2498,4419455680,4096,8,8,62,fb990e08,55.26474423101172,5,90,35.125
spectrum,2499,4421215440,4096,8,8,61,69c8c29f,55.28582530003041,1,87,34.916015625
spectrum,2500,4422975680,4096,8,8,62,aa16b30f,55.307922770036384,3,108,38.23828125
spectrum,2501,4424735440,4096,8,8,63,0218caa6,55.330779385054484,6,91,36.955078125
spectrum,2502,4426495440,4096,8,8,62,0479e4af,55.35328155104071,0,102,37.732421875
spectrum,2503,4428335440,4096,8,8,61,f19864da,55.375138635979965,4,90,34.0703125
spectrum,2504,4430095120,4096,8,8,60,8dd3e252,55.39781005203258,3,107,38.431640625
spectrum,2505,4431935440,4096,8,8,61,34b9026e,55.41984993300866,0,90,33.890625
spectrum,2506,4433695120,4096,8,8,72,0c13896f,55.44276947702747,4,108,36.392578125
spectrum,2507,4435455440,4096,8,8,42,b42e93d9,55.46478722698521,2,122,38.556640625
spectrum,2508,4437295440,4096,8,8,60,af810f30,55.48677389801014,0,94,34.705078125
spectrum,2509,4439055120,4096,8,8,63,753aaafd,55.50975475797895,4,114,39.5
spectrum,2510,4440895680,4096,8,8,62,3445dada,55.53182076802477,4,87,34.240234375
spectrum,2511,4442655680,4096,8,8,62,18270cce,55.55392546195071,3,109,37.056640625
spectrum,2512,4444415440,4096,8,8,32,e43fce74,55.57683699100744,3,104,36.837890625
spectrum,2513,4446175440,4096,8,8,62,b12eede3,55.59937395201996,3,91,34.97265625
spectrum,2514,4447935680,4096,8,8,29,693200ec,55.620831683976576,0,117,40.359375
spectrum,2515,4449775440,4096,8,8,65,e8be12db,55.64509410597384,4,97,36.59765625
spectrum,2516,4451535440,4096,8,8,61,7c4cf8cc,55.66494348703418,4,105,36.3125
spectrum,2517,4453295440,4096,8,8,62,43ccfe2c,55.686811052961275,0,86,34.615234375
spectrum,2518,4455055120,4096,8,8,72,2e1458d6,55.70982216997072,0,108,38.08203125
spectrum,2519,4456815440,4096,8,8,60,5539680d,55.730841742944904,4,93,33.2265625
spectrum,2520,4458575120,4096,8,8,61,a353bb74,55.75373994605616,4,87,35.00390625
spectrum,2521,4460335680,4096,8,8,62,585d623f,55.775824232026935,0,110,35.794921875
spectrum,2522,4462095440,4096,8,8,60,882f4a7b,55.79681967897341,1,109,36.775390625
spectrum,2523,4463855680,4096,8,8,61,96bb6df5,55.818939030054025,5,116,43.2265625
spectrum,2524,4465615440,4096,8,8,72,24e00617,55.84103037905879,3,116,45.162109375
spectrum,2525,4467375440,4096,8,8,72,06eae4b7,55.86286527302582,4,115,41.154296875
spectrum,2526,4469136640,4096,8,8,63,6bfd0d5c,55.88530455005821,1,96,35.62890625
spectrum,2527,4470895440,4096,8,8,60,32445945,55.90775010804646,2,113,41.390625
spectrum,2528,4472655440,4096,8,8,61,8e09c602,55.92878173303325,5,98,42.484375
spectrum,2529,4474415120,4096,8,8,61,ff2d0aaf,55.95173370896373,4,107,38.78125
spectrum,2530,4476175440,4096,8,8,65,e28f7896,55.97301536705345,0,106,38.328125
spectrum,2531,4477935440,4096,8,8,60,8ab814c5,55.99486101104412,4,107,36.798828125
spectrum,2532,4479695120,4096,8,8,63,409b2e5e,56.02088428195566,5,114,36.146484375
spectrum,2533,4481535680,4096,8,8,63,cefde0c2,56.03985585400369,2,91,36.0703125
spectrum,2534,4483296640,4096,8,8,60,2cddbeab,56.06528789701406,4,89,35.140625
spectrum,2535,4485055440,4096,8,8,60,a776adb9,56.08483141998295,4,107,36.8046875
spectrum,2536,4486815440,4096,8,8,61,885571f2,56.109195554978214,3,88,35.138671875
spectrum,2537,4488575680,4096,8,8,61,fc7f65ea,56.13157583994325,0,88,34.990234375
spectrum,2538,4490335440,4096,8,8,60,6bf3dde7,56.15002813900355,20,121,72.001953125
spectrum,2539,4492095440,4096,8,8,62,c68ff425,56.172414546017535,2,102,38.740234375
spectrum,2540,4493855680,4096,8,8,62,f4b1c5b8,56.19398664298933,4,109,41.37890625
spectrum,2541,4495615440,4096,8,8,65,9c8c1dc2,56.21704105194658,1,112,38.4375
spectrum,2542,4497455440,4096,8,8,60,88cac5ac,56.23928620200604,3,92,34.068359375
spectrum,2543,4499215120,4096,8,8,60,a056c5b5,56.261795450001955,4,108,37.75390625
spectrum,2544,4501055440,4096,8,8,61,5698bf7b,56.28483399900142,0,110,36.009765625
spectrum,2545,4502815680,4096,8,8,62,16022cca,56.3061167600099,0,90,33.783203125
spectrum,2546,4504575120,4096,8,8,62,53ea10d1,56.328819132992066,0,104,37.306640625
spectrum,2547,4506335440,4096,8,8,60,02034f16,56.34981380903628,5,103,39.095703125
spectrum,2548,4508095680,4096,8,8,60,73f13281,56.37186285795178,1,87,35.013671875
spectrum,2549,4509855440,4096,8,8,61,93304509,56.39479504595511,2,103,37.48828125
spectrum,2550,4511615440,4096,8,8,61,9e239a44,56.41608018102124,2,86,34.193359375
spectrum,2551,4513375680,4096,8,8,29,a9f2f57e,56.43879167200066,0,117,37.24609375
spectrum,2552,4515135440,4096,8,8,63,e258e5e6,56.46081033302471,4,107,37.9453125
spectrum,2553,4516895440,4096,8,8,60,a5820eae,56.48187437001616,6,94,34.919921875
spectrum,2554,4518655680,4096,8,8,60,eaa10b34,56.50390777899884,2,120,38.384765625
spectrum,2555,4520415440,4096,8,8,72,9534e4e3,56.52683366497513,3,119,43.01953125
spectrum,2556,4522255440,4096,8,8,63,43187a11,56.54888115101494,0,89,35.958984375
spectrum,2557,4524015120,4096,8,8,60,cf50d342,56.5717870190274,4,99,38.220703125
spectrum,2558,4525775680,4096,8,8,63,fdad8fd4,56.593803966999985,3,109,37.310546875
spectrum,2559,4527535440,4096,8,8,60,e365b929,56.614837215980515,4,109,39.763671875
spectrum,2560,4529296640,4096,8,8,62,d9552560,56.637016230029985,4,90,35.162109375
spectrum,2561,4531055440,4096,8,8,62,10782bcc,56.65880689001642,2,96,35.49609375
spectrum,2562,4532815440,4096,8,8,62,28f20750,56.680879803956486,0,108,38.900390625
spectrum,2563,4534575120,4096,8,8,30,a6f60194,56.704433817998506,2,103,35.78515625
spectrum,2564,4536335440,4096,8,8,60,7cdf36d1,56.72563095600344,1,104,37.373046875
spectrum,2565,4538095440,4096,8,8,62,d8ba4f40,56.746918554999866,0,89,34.63671875
spectrum,2566,4539855120,4096,8,8,72,6cd85759,56.77006392600015,0,111,39.271484375
spectrum,2567,4541695440,4096,8,8,63,16d953c9,56.792822616989724,2,107,37.3828125
spectrum,2568,4543535440,4096,8,8,72,533d3ef3,56.81482488696929,4,113,41.4765625
spectrum,2569,4545295120,4096,8,8,72,73bfec33,56.837781631038524,4,111,40.759765625
spectrum,2570,4547055680,4096,8,8,62,cdef993e,56.859724118956365,0,92,34.87109375
spectrum,2571,4548818880,4096,8,8,61,e9b48ae1,56.88100066699553,5,97,36.126953125
spectrum,2572,4550575440,4096,8,8,64,1e6ace2f,56.90379953302909,2,111,38.8515625
spectrum,2573,4552335440,4096,8,8,60,224da628,56.92486153601203,4,100,34.142578125
spectrum,2574,4554095680,4096,8,8,62,4be2493d,56.94686777400784,3,92,34.83203125
spectrum,2575,4555855440,4096,8,8,61,a19f2137,56.96913109801244,4,92,34.353515625
spectrum,2576,4557615440,4096,8,8,61,ed9ce46c,56.99086260597687,4,88,34.041015625
spectrum,2577,4559375680,4096,8,8,63,ff95404a,57.01283986901399,5,112,39.796875
spectrum,2578,4561135440,4096,8,8,62,aebe28fc,57.03592839301564,4,116,40.443359375
spectrum,2579,4562895440,4096,8,8,29,04112bd2,57.05770966503769,4,118,37.923828125
spectrum,2580,4564735440,4096,8,8,72,49c2b46a,57.080911463010125,5,112,41.396484375
spectrum,2581,4566495680,4096,8,8,60,fcc109cf,57.10279193299357,5,114,43.83984375
spectrum,2582,4568255440,4096,8,8,61,b4c9f566,57.12389420205727,4,106,39.0234375
spectrum,2583,4570015120,4096,8,8,72,ec631c2f,57.146097623044625,3,111,38.66015625
spectrum,2584,4571775440,4096,8,8,60,b275e577,57.16878872504458,3,100,36.1875
spectrum,2585,4573535440,4096,8,8,61,2d66004d,57.18990792601835,3,86,34.34375
spectrum,2586,4575295120,4096,8,8,65,5df14f64,57.2127972029848,0,112,36.103515625
spectrum,2587,4577055440,4096,8,8,61,3ca081f4,57.2338370840298,3,88,34.474609375
spectrum,2588,4578815680,4096,8,8,62,1fbd4287,57.255893305991776,5,110,40.833984375
spectrum,2589,4580575440,4096,8,8,72,e0a9f971,57.27800837997347,4,104,39.140625
spectrum,2590,4582335440,4096,8,8,60,d826a401,57.299885764019564,4,113,41.83203125
spectrum,2591,4584095680,4096,8,8,61,538eb8bb,57.32190190104302,2,96,34.025390625
spectrum,2592,4585935440,4096,8,8,63,594cf66d,57.345779084949754,3,91,36.11328125
spectrum,2593,4587775680,4096,8,8,59,b586d901,57.367790112039074,4,89,35.048828125
spectrum,2594,4589535120,4096,8,8,63,16cdab44,57.39096122200135,1,87,34.486328125
spectrum,2595,4591375440,4096,8,8,61,9bbf557b,57.41379512404092,2,108,40.169921875
spectrum,2596,4593135440,4096,8,8,61,a7842066,57.43512609496247,3,118,42.072265625
spectrum,2597,4594895680,4096,8,8,28,0ccb9fe6,57.45783819700591,0,113,36.41796875
spectrum,2598,4596655440,4096,8,8,62,cbd52417,57.480114244972356,3,91,34.98046875
spectrum,2599,4598415680,4096,8,8,61,b695ba67,57.50085055199452,3,87,34.001953125
spectrum,2600,4600176640,4096,8,8,63,6f65dc62,57.52283895597793,3,91,36.13671875
spectrum,2601,4601935440,4096,8,8,49,08603862,57.54503528296482,0,130,47.111328125
spectrum,2602,4603695440,4096,8,8,63,2b9ee42a,57.56683902803343,5,89,36.103515625
spectrum,2603,4605455120,4096,8,8,63,1afdf22a,57.58932145603467,4,93,35.388671875
spectrum,2604,4607295440,4096,8,8,61,7f989ed9,57.61287806497421,3,105,36.3671875
spectrum,2605,4609055680,4096,8,8,62,8a9b8f70,57.633831802988425,4,86,35.197265625
spectrum,2606,4610815120,4096,8,8,62,aa3ea791,57.65683819097467,1,108,39.83203125
spectrum,2607,4612575440,4096,8,8,60,b6cd8f98,57.677915662992746,3,116,42.81640625
spectrum,2608,4614335120,4096,8,8,63,31c36a5c,57.699991772999056,3,105,37.89453125
spectrum,2609,4616095440,4096,8,8,60,7779b03a,57.7227996760048,0,103,36.140625
spectrum,2610,4617855440,4096,8,8,62,7e361c87,57.74384596000891,4,92,34.326171875
spectrum,2611,4619615680,4096,8,8,39,c5386491,57.7658446530113,3,109,38.564453125
spectrum,2612,4621375440,4096,8,8,63,a12740ea,57.78798407304566,3,90,35.912109375
spectrum,2613,4623135440,4096,8,8,33,9a3a5a8a,57.809830749058165,2,113,43.482421875
spectrum,2614,4624895680,4096,8,8,61,5d6efaef,57.8318640779471,4,114,40.765625
spectrum,2615,4626655440,4096,8,8,62,9c60aaa3,57.85442351095844,5,109,38.103515625
spectrum,2616,4628495440,4096,8,8,30,f6a38ff0,57.87704901001416,4,109,36.47265625
spectrum,2617,4630255680,4096,8,8,62,ff8439db,57.899045038037,0,105,37.607421875
spectrum,2618,4632015440,4096,8,8,59,bd8cab6b,57.920974481035955,4,118,41.517578125
spectrum,2619,4633775440,4096,8,8,63,9e85f1d3,57.94285808701534,2,115,39.61328125
spectrum,2620,4635535120,4096,8,8,60,5cab7785,57.96495778101962,5,115,44.0625
spectrum,2621,4637295440,4096,8,8,60,83bffefe,57.986895920010284,1,100,34.294921875
spectrum,2622,4639055680,4096,8,8,61,ee49f478,58.008865718962625,4,99,33.8984375
spectrum,2623,4640815440,4096,8,8,64,dfe6ec11,58.03097255702596,0,103,37.693359375
spectrum,2624,4642575440,4096,8,8,61,26dcdca4,58.05283716705162,11,144,61.626953125
spectrum,2625,4644335680,4096,8,8,30,633d946f,58.07610765402205,4,118,36.48046875
spectrum,2626,4646175440,4096,8,8,63,7f5f5206,58.09824249497615,4,104,38.44921875
spectrum,2627,4647935440,4096,8,8,62,e2ee669c,58.12014282296877,2,87,35.013671875
spectrum,2628,4649695680,4096,8,8,62,9d595c7d,58.1423293009866,2,104,39.962890625
spectrum,2629,4651455440,4096,8,8,59,40577d61,58.164013770991005,0,113,37.298828125
spectrum,2630,4653215680,4096,8,8,61,b7e35042,58.18587671802379,0,105,37.177734375
spectrum,2631,4654975120,4096,8,8,63,5974e327,58.20802756899502,4,110,40.76953125
spectrum,2632,4656735440,4096,8,8,72,581f4033,58.22997230000328,0,109,40.017578125
spectrum,2633,4658495440,4096,8,8,72,e98d7c4d,58.251838664058596,4,110,42.033203125
spectrum,2634,4660255120,4096,8,8,64,fde6c970,58.27403597300872,2,90,35.8359375
spectrum,2635,4662015440,4096,8,8,63,38d54379,58.29591809597332,3,100,36.9140625
spectrum,2636,4663775680,4096,8,8,61,13e78c3a,58.31786445097532,8,138,55.390625
spectrum,2637,4665535440,4096,8,8,33,dc656236,58.341337179997936,1,107,37.55078125
spectrum,2638,4667295440,4096,8,8,60,6de931fa,58.36204729799647,3,98,37.4921875
spectrum,2639,4669055440,4096,8,8,61,568083c2,58.38394755497575,4,103,36.69140625
spectrum,2640,4670815120,4096,8,8,60,4585ab67,58.406568394973874,4,126,41.857421875
spectrum,2641,4672575680,4096,8,8,61,2dbe0da7,58.42787287605461,5,91,33.91015625
spectrum,2642,4674335680,4096,8,8,63,a4611ac8,58.44985837501008,0,108,38.359375
spectrum,2643,4676095440,4096,8,8,72,d814208a,58.472833213047124,0,120,42.888671875
spectrum,2644,4677935440,4096,8,8,62,051ed7ab,58.494824292021804,2,94,34.296875
spectrum,2645,4679695120,4096,8,8,62,f36fa7db,58.51757921499666,3,116,42.427734375
spectrum,2646,4681455440,4096,8,8,60,4806daf9,58.53902800998185,3,106,36.3671875
spectrum,2647,4683215440,4096,8,8,62,7547326d,58.56104939605575,5,112,41.720703125
spectrum,2648,4684976640,4096,8,8,62,0c15662b,58.58284847205505,4,116,36.05078125
spectrum,2649,4686735440,4096,8,8,63,4b83a58c,58.604728781967424,0,108,39.09375
spectrum,2650,4688495440,4096,8,8,61,0507dd9f,58.62685280200094,4,88,34.412109375
spectrum,2651,4690267200,4096,8,8,62,5d30ef4a,58.64900433504954,7,107,39.345703125
spectrum,2652,4692095440,4096,8,8,63,17cfa73a,58.67281317000743,5,108,36.5859375
spectrum,2653,4693936000,4096,8,8,30,ce6d0536,58.69581446796656,4,118,40.58984375
spectrum,2654,4695775440,4096,8,8,61,19a2522d,58.717970008030534,2,107,37.98046875
spectrum,2655,4697535440,4096,8,8,62,3b23e7c3,58.74007165594958,0,87,34.771484375
spectrum,2656,4699295440,4096,8,8,62,bd6422a9,58.76182742102537,1,91,35.44140625
spectrum,2657,4701055120,4096,8,8,60,9812851e,58.78402898798231,3,92,34.966796875
spectrum,2658,4702815440,4096,8,8,62,e7104524,58.80592400499154,3,112,38.783203125
spectrum,2659,4704575680,4096,8,8,63,8a09f611,58.828779228031635,4,94,36.263671875
spectrum,2660,4706335440,4096,8,8,60,41884976,58.85004953399766,4,105,36.23046875
spectrum,2661,4708095440,4096,8,8,60,ff833389,58.871827360009775,3,87,34.44921875
spectrum,2662,4709855680,4096,8,8,29,dffa875c,58.89551159995608,4,108,37.701171875
spectrum,2663,4711695440,4096,8,8,62,34f8a5c2,58.91705712699331,2,114,42.796875
spectrum,2664,4713535440,4096,8,8,61,5b7d824a,58.94011647498701,1,87,35.146484375
spectrum,2665,4715296000,4096,8,8,64,ac14e058,58.961899872054346,0,91,35.947265625
spectrum,2666,4717055440,4096,8,8,63,64130e02,58.98408784298226,0,111,40.615234375
spectrum,2667,4718815440,4096,8,8,72,f64e993f,59.0058774210047,3,111,42.896484375
spectrum,2668,4720575120,4096,8,8,62,09d57043,59.02807884803042,4,104,36.783203125
spectrum,2669,4722335440,4096,8,8,62,b0cfb19a,59.0500297510298,3,112,36.27734375
spectrum,2670,4724095440,4096,8,8,61,78053692,59.07185623899568,3,95,34.916015625
spectrum,2671,4725855120,4096,8,8,30,9f394e21,59.09587092301808,0,116,38.205078125
spectrum,2672,4727695440,4096,8,8,62,e1ad56f3,59.116827646968886,4,87,35.458984375
spectrum,2673,4729455680,4096,8,8,60,27fa16aa,59.13890097197145,3,118,44.224609375
spectrum,2674,4731228160,4096,8,8,61,55870d80,59.16189518698957,3,90,34.318359375
spectrum,2675,4733055440,4096,8,8,60,6bd47316,59.185698851943016,2,94,33.8671875
spectrum,2676,4734895440,4096,8,8,63,b06733f7,59.20709393499419,3,94,35.615234375
spectrum,2677,4736655120,4096,8,8,64,281ce274,59.22931295505259,4,93,35.50390625
spectrum,2678,4738415680,4096,8,8,63,ee0e488f,59.25110530795064,0,106,37.607421875
spectrum,2679,4740175440,4096,8,8,60,6cbe2af2,59.27289488597307,3,108,37.068359375
spectrum,2680,4741935120,4096,8,8,61,ae4f6c1a,59.29585052898619,1,122,36.34765625
spectrum,2681,4743775440,4096,8,8,34,d5d29563,59.31787642405834,0,108,38.25
spectrum,2682,4745535680,4096,8,8,60,54dbe70f,59.33991194702685,0,92,35.099609375
spectrum,2683,4747295440,4096,8,8,60,8938755d,59.36212151905056,3,109,38.912109375
spectrum,2684,4749055440,4096,8,8,61,82efe655,59.38383543398231,1,119,43.5234375
spectrum,2685,4750815680,4096,8,8,62,62a36301,59.406069242046215,4,95,34.181640625
spectrum,2686,4752575440,4096,8,8,72,901ffa8a,59.42809861304704,3,107,38.5703125
spectrum,2687,4754335440,4096,8,8,61,c6f26330,59.450160286040045,4,91,34.365234375
spectrum,2688,4756095680,4096,8,8,60,c644694c,59.47208787500858,6,87,34.26953125
spectrum,2689,4757855440,4096,8,8,60,fd26defd,59.49405477801338,2,94,34.34375
spectrum,2690,4759615680,4096,8,8,62,25950be5,59.51587699796073,4,88,35.296875
spectrum,2691,4761375120,4096,8,8,60,341449a4,59.538069057045504,4,91,35.193359375
spectrum,2692,4763135440,4096,8,8,61,f9d3889d,59.56079984398093,0,106,38.244140625
spectrum,2693,4764895440,4096,8,8,62,d4937ae9,59.58209508797154,3,88,35.109375
spectrum,2694,4766655120,4096,8,8,62,804a76aa,59.60404753405601,5,132,36.056640625
spectrum,2695,4768415440,4096,8,8,72,f89ee38a,59.62580430100206,3,119,43.853515625
spectrum,2696,4770175680,4096,8,8,72,957ec0b8,59.647869338979945,4,109,40.5234375
spectrum,2697,4771935440,4096,8,8,61,cdfc6072,59.67001854698174,1,110,39.107421875
spectrum,2698,4773695440,4096,8,8,61,0849e1f8,59.691833553952165,4,94,35.03515625
spectrum,2699,4775455680,4096,8,8,60,a5d13720,59.713896629051305,4,102,36.75
spectrum,2700,4777295440,4096,8,8,72,d28c33fc,59.73703125899192,5,118,42.9140625
spectrum,2701,4779055680,4096,8,8,61,e85cf884,59.75908569805324,5,105,37.369140625
spectrum,2702,4780815440,4096,8,8,62,644254fd,59.7808662999887,1,88,34.234375
spectrum,2703,4782575120,4096,8,8,62,d503bd90,59.80303300102241,1,89,34.263671875
spectrum,2704,4784335440,4096,8,8,60,a8453da6,59.8248865599744,5,113,40.984375
spectrum,2705,4786095120,4096,8,8,61,d5ec4d5d,59.847078418009914,2,85,34.0859375
spectrum,2706,4787855440,4096,8,8,60,636232e6,59.86910531495232,0,122,37.2578125
spectrum,2707,4789615440,4096,8,8,60,11edcfe1,59.892436697962694,3,92,33.849609375
spectrum,2708,4791375120,4096,8,8,72,35556c51,59.913022579974495,2,98,36.716796875
spectrum,2709,4793135440,4096,8,8,61,55b8ac0f,59.93487302400172,3,90,35.3515625
spectrum,2710,4794895680,4096,8,8,62,0a79bfbf,59.95680694503244,0,93,36.099609375
spectrum,2711,4796655440,4096,8,8,32,73bea098,59.9790252429666,4,104,36.779296875
spectrum,2712,4798495440,4096,8,8,60,ea4eb384,60.00202101201285,2,88,33.84375
