kind,sequence,sample_index,samples_processed,ffts,flags,gain_code,crc32,received_relative_seconds,minimum_power_code,maximum_power_code,mean_power_code
spectrum,0,19040,512,1,8,72,4018c3b3,0.007998915039934218,0,126,49.388671875
spectrum,1,660240,512,1,8,60,ebb99b52,0.01596065901685506,0,138,30.451171875
spectrum,2,1297440,512,1,8,60,b72b7160,0.024023193982429802,0,139,31.0
spectrum,3,2016720,512,1,8,60,3420cc14,0.0330791239393875,0,139,30.703125
spectrum,4,2658640,512,1,8,60,4570621f,0.04082884802483022,0,138,31.39453125
spectrum,5,3297520,512,1,8,61,f161ebb2,0.048892235034145415,0,136,30.49609375
spectrum,6,4016720,512,1,8,72,5572972d,0.058037593960762024,0,124,40.361328125
spectrum,7,4659360,512,1,8,60,f47a6dac,0.06699453701730818,0,137,30.8046875
spectrum,8,5300080,512,1,8,60,e9038c4a,0.07377469004131854,0,137,30.44921875
spectrum,9,6016720,512,1,8,72,4b2b0f89,0.0845479640411213,0,125,41.0625
spectrum,10,6657440,512,1,8,72,92b9dc61,0.09079815598670393,0,127,41.388671875
spectrum,11,7297440,512,1,8,60,e19aa087,0.09889220003969967,0,136,29.935546875
spectrum,12,8017600,512,1,8,23,d4790ad6,0.10792776197195053,0,138,34.734375
spectrum,13,8658240,512,1,8,61,835411da,0.11582599696703255,0,135,31.55859375
spectrum,14,9297440,512,1,8,59,2d2088d7,0.12386479694396257,0,136,29.314453125
spectrum,15,10016720,512,1,8,61,3336862b,0.13285086501855403,0,133,31.421875
spectrum,16,10659280,512,1,8,62,2a342fb8,0.1407509029377252,0,134,32.10546875
spectrum,17,11297840,512,1,8,72,8f0c2bdf,0.14887094602454454,0,120,41.736328125
spectrum,18,12016960,512,1,8,60,aa1743f0,0.15789498598314822,0,135,30.4921875
spectrum,19,12657520,512,1,8,34,bc1e83f1,0.1659250899683684,0,136,31.40625
spectrum,20,13298640,512,1,8,60,dc253197,0.1738964719697833,0,135,30.12890625
spectrum,21,14016960,512,1,8,64,f38b8cff,0.18343010498210788,0,129,33.728515625
spectrum,22,14657440,512,1,8,64,da4a012c,0.1908552059903741,0,131,33.326171875
spectrum,23,15297440,512,1,8,64,ee51aab6,0.1991748659638688,0,130,34.298828125
spectrum,24,16016720,512,1,8,63,237b9f60,0.20784438704140484,0,131,33.115234375
spectrum,25,16657440,512,1,8,60,5755ee64,0.2158591910265386,0,132,30.619140625
spectrum,26,17299360,512,1,8,60,42777782,0.22383362893015146,0,131,30.6953125
spectrum,27,18016960,512,1,8,60,f3dd4be6,0.23280759493354708,0,132,29.873046875
spectrum,28,18659040,512,1,8,61,eeaefe5d,0.24074646597728133,0,130,31.48046875
spectrum,29,19297520,512,1,8,62,1d0e7d34,0.24885320395696908,0,128,31.970703125
spectrum,30,20016720,512,1,8,62,3cf42080,0.2576906019821763,0,128,33.0078125
spectrum,31,20661520,512,1,8,61,b2b4ac0f,0.2657879729522392,0,129,31.775390625
spectrum,32,21299680,512,1,8,62,0da8379a,0.2737950630253181,0,127,32.458984375
spectrum,33,22016960,512,1,8,60,edb4ca84,0.2825819649733603,0,130,30.796875
spectrum,34,22657520,512,1,8,60,e797f343,0.29080654599238187,0,131,30.919921875
spectrum,35,23297440,512,1,8,59,494a456d,0.2987902209861204,0,131,30.1484375
spectrum,36,24016720,512,1,8,62,cecd259a,0.30785503902006894,0,126,31.333984375
spectrum,37,24657440,512,1,8,62,b8cefb73,0.31582672195509076,0,128,33.0
spectrum,38,25297440,512,1,8,62,e9d50c75,0.32442756299860775,0,128,32.630859375
spectrum,39,26016720,512,1,8,60,18f8e4a4,0.33280262793414295,0,130,30.3828125
spectrum,40,26657440,512,1,8,35,00ef2a77,0.34076035395264626,0,132,33.7890625
spectrum,41,27299120,512,1,8,35,d26db20d,0.348837296012789,0,133,29.08984375
spectrum,42,28016960,512,1,8,60,bc126c3c,0.35758647695183754,0,129,30.693359375
spectrum,43,28657520,512,1,8,60,fb74375c,0.36579892493318766,0,126,30.265625
spectrum,44,29299360,512,1,8,61,97e7c2a4,0.37379745894577354,0,123,30.95703125
spectrum,45,30016960,512,1,8,60,24734699,0.3825931380270049,0,127,31.0546875
spectrum,46,30657520,512,1,8,58,da31d94c,0.3908110660267994,0,127,28.998046875
spectrum,47,31297440,512,1,8,59,90016b4d,0.39881929801777005,0,128,29.9296875
spectrum,48,32016720,512,1,8,60,aeeabba8,0.40785364795010537,0,126,30.578125
spectrum,49,32657440,512,1,8,60,42b23304,0.41579219803679734,0,126,31.271484375
spectrum,50,33297440,512,1,8,60,e33f187f,0.4238300659926608,0,126,31.361328125
spectrum,51,34016960,512,1,8,62,e4238d81,0.4328719900222495,0,119,31.099609375
spectrum,52,34666480,512,1,8,22,97f100fb,0.4418285629944876,0,132,34.03515625
spectrum,53,35298800,512,1,8,61,cd20afb0,0.44880868401378393,0,125,30.41796875
spectrum,54,36016720,512,1,8,61,74a86904,0.45780441095121205,0,119,31.091796875
spectrum,55,36657440,512,1,8,61,6db02a64,0.4658099180087447,0,120,31.369140625
spectrum,56,37300000,512,1,8,60,877c59d7,0.4738101150142029,0,127,30.857421875
spectrum,57,38016960,512,1,8,31,547a06f0,0.4829179629450664,0,127,37.044921875
spectrum,58,38658560,512,1,8,61,c2eaa0e2,0.49085623293649405,0,122,31.181640625
spectrum,59,39298240,512,1,8,60,b8e68447,0.49883516994304955,0,122,31.130859375
spectrum,60,40016720,512,1,8,63,00fd39a4,0.5077232730109245,0,114,32.32421875
spectrum,61,40660560,512,1,8,39,07d41c04,0.5158655289560556,0,125,37.35546875
spectrum,62,41297440,512,1,8,61,82aed4dd,0.5238341960357502,0,119,30.65234375
spectrum,63,42016720,512,1,8,61,7ab65f39,0.532808652962558,0,120,30.947265625
spectrum,64,42657440,512,1,8,61,86de64b1,0.5408285569865257,0,122,31.751953125
spectrum,65,43299680,512,1,8,35,87090220,0.5488139259396121,0,130,28.626953125
spectrum,66,44016960,512,1,8,60,87b28632,0.5578254220308736,0,121,31.48828125
spectrum,67,44657520,512,1,8,60,06a4a421,0.5657902830280364,0,124,30.58984375
spectrum,68,45297440,512,1,8,60,28859b5b,0.5738192939897999,0,124,29.564453125
spectrum,69,46016960,512,1,8,63,4b83e726,0.582758434000425,0,118,32.10546875
spectrum,70,46658560,512,1,8,61,bd97355d,0.5908069419674575,0,117,31.544921875
spectrum,71,47297520,512,1,8,63,4d3ea893,0.5988807879621163,0,116,32.453125
spectrum,72,48017280,512,1,8,37,d387a469,0.6078083559405059,0,125,34.8828125
spectrum,73,48657840,512,1,8,62,89bfd9cf,0.6158098049927503,0,117,32.677734375
spectrum,74,49297760,512,1,8,62,f756a396,0.6238251109607518,0,111,32.806640625
spectrum,75,50016960,512,1,8,62,6c82a1bc,0.6328413060400635,0,114,30.529296875
spectrum,76,50657760,512,1,8,60,627a9f0b,0.6408187400083989,0,119,31.478515625
spectrum,77,51300000,512,1,8,60,177488b1,0.6487719679716974,0,119,31.3984375
spectrum,78,52016720,512,1,8,64,556a1fa6,0.6578570540295914,0,108,33.4921875
spectrum,79,52657440,512,1,8,59,1f892a6a,0.6657902239821851,0,120,28.30078125
spectrum,80,53297440,512,1,8,59,07bef9e1,0.6738018529722467,0,117,29.748046875
spectrum,81,54017280,512,1,8,62,dab79c76,0.6826459129806608,0,112,32.984375
spectrum,82,54659120,512,1,8,59,436b1694,0.6908590820385143,0,116,29.669921875
spectrum,83,55297520,512,1,8,60,d5968015,0.698797091958113,0,119,30.22265625
spectrum,84,56016720,512,1,8,60,45e5d0ff,0.7078017549356446,0,117,30.98046875
spectrum,85,56657440,512,1,8,60,529a3489,0.7158297549467534,0,118,29.349609375
spectrum,86,57297440,512,1,8,60,27d88324,0.7250294969417155,0,118,30.9609375
spectrum,87,58016720,512,1,8,62,773be174,0.7328333229525015,0,103,32.197265625
spectrum,88,58657440,512,1,8,61,0c5c4073,0.7407894469797611,0,108,30.970703125
spectrum,89,59297440,512,1,8,61,f2d0497b,0.748831182019785,0,111,30.00390625
spectrum,90,60016960,512,1,8,72,283d1c86,0.7576829469762743,0,119,41.203125
spectrum,91,60660640,512,1,8,62,f49ba056,0.7658643359318376,0,110,32.912109375
spectrum,92,61297440,512,1,8,72,407ae9c8,0.77415673492942,0,117,42.73828125
spectrum,93,62017600,512,1,8,60,f25be94e,0.7828462439356372,0,114,30.005859375
spectrum,94,62660000,512,1,8,62,7f0a0a27,0.7908219239907339,0,110,31.669921875
spectrum,95,63297520,512,1,8,62,f093ea4b,0.7988061809446663,0,112,32.541015625
spectrum,96,64016720,512,1,8,66,203f841f,0.8078041119733825,0,110,35.9453125
spectrum,97,64657440,512,1,8,66,c35ccbf7,0.8157963040284812,0,102,34.826171875
spectrum,98,65297440,512,1,8,66,209f35f8,0.8238071709638461,0,101,34.8046875
spectrum,99,66016720,512,1,8,66,83f5e126,0.832813999033533,0,103,34.736328125
spectrum,100,66657440,512,1,8,66,56f582b5,0.8408281919546425,0,111,36.240234375
spectrum,101,67297440,512,1,8,62,90557d84,0.8489234779262915,0,104,32.150390625
spectrum,102,68017280,512,1,8,60,0ef498fc,0.8578529900405556,0,118,30.8828125
spectrum,103,68657840,512,1,8,60,c13fc2e6,0.8657800989458337,0,115,30.80078125
spectrum,104,69297760,512,1,8,60,2ace75de,0.8738431449746713,0,113,30.091796875
spectrum,105,70016960,512,1,8,59,4c36234a,0.8827738190302625,0,115,29.08984375
spectrum,106,70658560,512,1,8,60,d8139227,0.8908381270011887,0,110,31.888671875
spectrum,107,71298240,512,1,8,62,a8b8215c,0.8987698840210214,0,100,32.22265625
spectrum,108,72016720,512,1,8,62,61bd7d85,0.9078542889328673,0,98,31.908203125
spectrum,109,72657440,512,1,8,62,ad81a4f9,0.9158014659769833,0,110,32.255859375
spectrum,110,73297440,512,1,8,63,52b2b8c4,0.9238437819294631,0,100,33.263671875
spectrum,111,74016720,512,1,8,63,9b760411,0.9328180380398408,0,102,33.841796875
spectrum,112,74657440,512,1,8,63,d7ac0db3,0.9408546739723533,0,103,33.623046875
spectrum,113,75297440,512,1,8,63,d539e126,0.9487698299344629,0,99,32.14453125
spectrum,114,75937280,512,1,8,35,ce5133ba,0.9567691260017455,0,128,28.0078125
spectrum,115,76579440,512,1,8,36,fa8c3f1f,0.9648051799740642,0,127,30.025390625
spectrum,116,77219040,512,1,8,61,a6ad8881,0.9728084630332887,0,97,30.693359375
spectrum,117,77936720,512,1,8,60,2e1642f8,0.9818016849458218,0,111,30.72265625
spectrum,118,78579360,512,1,8,60,8f92fc8e,0.989766265032813,0,115,30.921875
spectrum,119,79219120,512,1,8,61,4815b099,0.9978385979775339,0,105,31.42578125
spectrum,120,79936720,512,1,8,61,f378791f,1.0068092580186203,0,106,31.931640625
spectrum,121,80577440,512,1,8,61,10d445ba,1.0147117299493402,0,102,30.474609375
spectrum,122,81220560,512,1,8,61,3212c0d1,1.0227979089831933,0,99,31.66796875
spectrum,123,81936720,512,1,8,61,875c14e7,1.0317792890127748,0,93,30.28125
spectrum,124,82577440,512,1,8,61,8d3efe87,1.0398085209308192,0,102,31.798828125
spectrum,125,83217440,512,1,8,64,15f209cb,1.047812073957175,0,101,33.87109375
spectrum,126,83936720,512,1,8,64,2f36ed62,1.056755251949653,0,105,34.162109375
spectrum,127,84578880,512,1,8,62,82249c38,1.0648095309734344,0,107,32.3984375
spectrum,128,85217520,512,1,8,62,288c9be5,1.0728228619555011,0,103,33.21875
spectrum,129,85936720,512,1,8,62,65819fc5,1.0818628729321063,0,102,31.962890625
spectrum,130,86579280,512,1,8,62,56561283,1.0898312899516895,0,95,31.494140625
spectrum,131,87220000,512,1,8,40,b129dc9a,1.0985447940183803,0,122,37.49609375
spectrum,132,87936720,512,1,8,61,ad9c221a,1.1068172049708664,0,99,31.490234375
spectrum,133,88577440,512,1,8,61,4c412012,1.1148589799413458,0,105,32.064453125
spectrum,134,89217440,512,1,8,61,950d5eda,1.1228569929953665,0,106,31.029296875
spectrum,135,89936720,512,1,8,61,b7ca1f90,1.1318046089727432,0,94,30.755859375
spectrum,136,90577440,512,1,8,72,a8db2e5b,1.139813111978583,0,123,42.474609375
spectrum,137,91217440,512,1,8,72,79fc8625,1.1478401790373027,0,122,42.2265625
spectrum,138,91936720,512,1,8,72,b766d509,1.156843920936808,0,129,40.265625
spectrum,139,92579360,512,1,8,60,914bd6f5,1.164828888955526,0,108,30.494140625
spectrum,140,93219120,512,1,8,60,3023b385,1.1726423939689994,0,112,30.79296875
spectrum,141,93936720,512,1,8,59,85f807aa,1.181910834973678,0,111,28.375
spectrum,142,94577440,512,1,8,32,eabe7740,1.1897943819640204,0,124,31.037109375
spectrum,143,95218480,512,1,8,61,b4cc070b,1.197769811959006,0,101,31.44140625
spectrum,144,95936960,512,1,8,59,21f9d967,1.2068384470185265,0,107,29.54296875
spectrum,145,96577440,512,1,8,72,1e572f2d,1.2148095589363948,0,116,41.365234375
spectrum,146,97217440,512,1,8,72,24582e6c,1.2227988049853593,0,120,42.705078125
spectrum,147,97937280,512,1,8,60,e9ea5e83,1.2318277049344033,0,113,30.24609375
spectrum,148,98577840,512,1,8,60,820a601b,1.239827060024254,0,115,30.111328125
spectrum,149,99217760,512,1,8,72,890ac90b,1.247826364939101,0,116,41.9765625
spectrum,150,99936960,512,1,8,64,313b3883,1.2568198679946363,0,97,33.4609375
spectrum,151,100579040,512,1,8,72,b8c154bb,1.2648249639896676,0,123,43.4765625
spectrum,152,101220720,512,1,8,60,76370ae3,1.2728133089840412,0,103,31.626953125
spectrum,153,101936720,512,1,8,60,7cb7da73,1.2818054589442909,0,108,30.001953125
spectrum,154,102577440,512,1,8,72,247950c6,1.2898622319335118,0,116,41.361328125
spectrum,155,103219680,512,1,8,61,fb878903,1.2976018469780684,0,98,31.279296875
spectrum,156,103936960,512,1,8,61,ecfa6fda,1.3068329589441419,0,100,30.767578125
spectrum,157,104577520,512,1,8,61,fc64c8b4,1.3147796640405431,0,91,31.091796875
spectrum,158,105217440,512,1,8,61,9edcffaf,1.3228329819394276,0,98,30.1484375
spectrum,159,105937280,512,1,8,62,247962ca,1.3317976900143549,0,99,32.150390625
spectrum,160,106577840,512,1,8,62,3faa128a,1.3398620879743248,0,94,31.6328125
spectrum,161,107217760,512,1,8,62,d8d251a9,1.3478887650417164,0,105,30.595703125
spectrum,162,107936960,512,1,8,62,ac18e911,1.3568616890115663,0,96,31.427734375
spectrum,163,108579040,512,1,8,35,a567c508,1.364832049002871,0,127,33.423828125
spectrum,164,109218240,512,1,8,61,3dcf1792,1.3728377169463784,0,104,31.955078125
spectrum,165,109937920,512,1,8,64,a11d79e2,1.3818160010268912,0,101,32.095703125
spectrum,166,110578400,512,1,8,64,ade97c25,1.389827147941105,0,102,33.572265625
spectrum,167,111219040,512,1,8,60,b102ed1c,1.3978525130078197,0,100,31.453125
spectrum,168,111937280,512,1,8,60,1bb9fece,1.4068202369380742,0,108,30.91796875
spectrum,169,112577840,512,1,8,60,5820a53b,1.4148429959313944,0,110,29.59765625
spectrum,170,113217760,512,1,8,60,229bf3f5,1.423675564932637,0,109,30.158203125
spectrum,171,113936960,512,1,8,72,80d139a3,1.431908570928499,0,128,41.392578125
spectrum,172,114577760,512,1,8,72,74254004,1.4399473109515384,0,113,41.876953125
spectrum,173,115217760,512,1,8,60,26856857,1.447838541935198,0,109,29.828125
spectrum,174,115936960,512,1,8,60,8672f0d5,1.4568172069266438,0,112,31.1328125
spectrum,175,116577760,512,1,8,72,1c3be302,1.4648087369278073,0,122,41.69921875
spectrum,176,117219040,512,1,8,61,24c743ec,1.4728268979815766,0,96,31.0078125
spectrum,177,117936720,512,1,8,59,a88d1393,1.4818415310001,0,107,29.3515625
spectrum,178,118577440,512,1,8,65,a3c1fd82,1.4900412249844521,0,99,34.7109375
spectrum,179,119220000,512,1,8,60,9200dc0a,1.4978649279801175,0,106,31.205078125
spectrum,180,119936960,512,1,8,31,2a3f8d15,1.5069912419421598,0,120,36.1875
spectrum,181,120578560,512,1,8,72,79ab8efe,1.5146493930369616,0,127,41.6796875
spectrum,182,121220640,512,1,8,72,32adce1a,1.52287729003001,0,116,41.248046875
spectrum,183,121936720,512,1,8,72,dc686f98,1.5321107850177214,0,123,41.634765625
spectrum,184,122577440,512,1,8,61,7277f195,1.5398736039642245,0,108,30.392578125
spectrum,185,123217440,512,1,8,61,b9ec76c6,1.5478591530118138,0,95,31.966796875
spectrum,186,123936720,512,1,8,61,75b94308,1.5568216269603,0,94,31.443359375
spectrum,187,124577440,512,1,8,61,fea9bd57,1.5648485149722546,0,106,32.2578125
spectrum,188,125219600,512,1,8,61,332b14eb,1.5728336529573426,0,99,32.10546875
spectrum,189,125936960,512,1,8,62,4f02e62d,1.5818024090258405,0,105,32.44140625
spectrum,190,126577760,512,1,8,62,9cded3f6,1.5898133759619668,0,102,32.59375
spectrum,191,127217760,512,1,8,63,25af3911,1.5978632069891319,0,94,32.953125
spectrum,192,127936960,512,1,8,60,0c61a025,1.607393343001604,0,106,30.71875
spectrum,193,128578880,512,1,8,62,517d2be4,1.6148203780176118,0,97,32.83984375
spectrum,194,129217520,512,1,8,62,9fb9a648,1.6228333889739588,0,96,31.654296875
spectrum,195,129936720,512,1,8,60,9d237d5b,1.6318427809746936,0,107,29.86328125
spectrum,196,130579360,512,1,8,60,ab1673f0,1.6398327989736572,0,99,30.533203125
spectrum,197,131217840,512,1,8,60,3fc30355,1.647834087954834,0,105,29.865234375
spectrum,198,131936960,512,1,8,62,8ae4f44f,1.6568273500306532,0,98,33.197265625
spectrum,199,132577760,512,1,8,62,af6c71d9,1.6648140320321545,0,105,32.201171875
spectrum,200,133217760,512,1,8,62,33c20d9a,1.672866357024759,0,100,32.279296875
spectrum,201,133937280,512,1,8,33,2fdf2c2d,1.6819413739722222,0,127,31.44140625
spectrum,202,134578160,512,1,8,59,b0aea8be,1.6897904149955139,0,103,29.91796875
spectrum,203,135217440,512,1,8,62,564e8ae1,1.6978025150019675,0,98,32.59375
spectrum,204,135936720,512,1,8,31,19756502,1.7067766409600154,0,122,29.232421875
spectrum,205,136578800,512,1,8,61,d35c84ca,1.7148109519621357,0,89,30.59765625
spectrum,206,137217840,512,1,8,61,35cdedf9,1.7228172409813851,0,97,30.443359375
spectrum,207,137936960,512,1,8,60,24853326,1.7318672999972478,0,100,31.44140625
spectrum,208,138577760,512,1,8,60,710a4482,1.7398043980356306,0,97,30.23828125
spectrum,209,139217760,512,1,8,60,eb8000e5,1.7478135119890794,0,103,31.5
spectrum,210,139936960,512,1,8,60,ade35cbc,1.756815389962867,0,97,30.361328125
spectrum,211,140577760,512,1,8,60,45f215f7,1.7648362159961835,0,99,30.333984375
spectrum,212,141217760,512,1,8,60,8d092b9f,1.7732243560021743,0,100,31.431640625
spectrum,213,141936960,512,1,8,63,10d9d811,1.781835536006838,0,94,32.541015625
spectrum,214,142577520,512,1,8,61,794799a0,1.789950479986146,0,95,30.970703125
spectrum,215,143217440,512,1,8,61,26e264f2,1.7977958340197802,0,97,31.99609375
spectrum,216,143936720,512,1,8,61,e34c1880,1.8068204559385777,0,94,31.4140625
spectrum,217,144580000,512,1,8,61,d92a3bc2,1.8148076579673216,0,92,30.4921875
spectrum,218,145217840,512,1,8,60,d91e20bf,1.8228464280255139,0,102,31.181640625
spectrum,219,145936960,512,1,8,60,90d8b4e1,1.831797259976156,0,99,29.6953125
spectrum,220,146577760,512,1,8,57,f730b80d,1.8398073859279975,0,106,28.60546875
spectrum,221,147217760,512,1,8,62,33e4dabc,1.8478453540010378,0,96,32.890625
spectrum,222,147936960,512,1,8,62,ac0778fa,1.8568370329448953,0,94,31.916015625
spectrum,223,148577760,512,1,8,62,4ddfff3e,1.8648201980395243,0,100,32.263671875
spectrum,224,149217760,512,1,8,60,97562f87,1.8727936550276354,0,102,30.53515625
spectrum,225,149936960,512,1,8,31,0968a182,1.8818110619904473,0,131,25.279296875
spectrum,226,150579360,512,1,8,31,8cb474a0,1.8897013620007783,0,124,31.193359375
spectrum,227,151218160,512,1,8,62,1a4aecfd,1.897856450988911,0,96,32.193359375
spectrum,228,151936720,512,1,8,61,ee3c0102,1.9068393140332773,0,92,32.0
spectrum,229,152578560,512,1,8,61,f8b45358,1.9148233899613842,0,93,31.357421875
spectrum,230,153218240,512,1,8,60,601c24f9,1.922815912985243,0,103,31.712890625
spectrum,231,153936720,512,1,8,62,0f3d1b11,1.931864729966037,0,97,30.16015625
spectrum,232,154577440,512,1,8,60,201f77fe,1.9398013970348984,0,102,29.94921875
spectrum,233,155217440,512,1,8,61,9494a472,1.947819959023036,0,144,42.794921875
spectrum,234,155936720,512,1,8,61,7f1ab953,1.9568142830394208,0,92,31.615234375
spectrum,235,156577440,512,1,8,61,ac2543d1,1.964801074936986,0,94,30.46875
spectrum,236,157217440,512,1,8,60,31b58c45,1.9727953099645674,0,102,30.107421875
spectrum,237,157857280,512,1,8,60,c411ff34,1.9813239149516448,0,110,31.767578125
spectrum,238,158497840,512,1,8,60,97e2284e,1.9888254100224003,0,101,31.607421875
spectrum,239,159137760,512,1,8,60,1b40ea42,1.9967815240379423,0,92,29.7578125
spectrum,240,159856960,512,1,8,63,923c366a,2.0057976589305326,0,100,32.544921875
spectrum,241,160499040,512,1,8,56,8cb95079,2.0138162010116503,0,102,28.052734375
spectrum,242,161139360,512,1,8,61,a1fe94ac,2.021843087975867,0,91,30.33984375
spectrum,243,161856960,512,1,8,61,acd590c1,2.0307176660280675,0,94,31.20703125
spectrum,244,162500880,512,1,8,61,23060684,2.0388365369290113,0,94,31.263671875
spectrum,245,163137760,512,1,8,61,08d394a1,2.0468226079829037,0,94,30.361328125
spectrum,246,163856960,512,1,8,61,57862266,2.055808144970797,0,95,31.4765625
spectrum,247,164497760,512,1,8,61,673ce33e,2.063843277981505,0,95,30.78125
spectrum,248,165137760,512,1,8,61,ee0bb8d6,2.0718329049414024,0,89,31.115234375
spectrum,249,165856960,512,1,8,61,3da4541b,2.080843640025705,0,93,30.6484375
spectrum,250,166498880,512,1,8,62,cc0c8500,2.0888286390108988,0,93,32.06640625
spectrum,251,167137520,512,1,8,63,aff24ba6,2.096796785015613,0,93,32.3203125
spectrum,252,167856720,512,1,8,61,f2282a45,2.1058235709788278,0,96,30.765625
spectrum,253,168499280,512,1,8,60,19516169,2.1138033090392128,0,107,30.46484375
spectrum,254,169140000,512,1,8,72,c18cfc79,2.121720399009064,0,114,40.3125
spectrum,255,169856720,512,1,8,64,ce5ed24b,2.130804643034935,0,101,34.8203125
spectrum,256,170497440,512,1,8,63,a0ee9e66,2.138807734940201,0,99,33.38671875
spectrum,257,171137440,512,1,8,63,9b071881,2.1468378689605743,0,96,32.29296875
spectrum,258,171856720,512,1,8,63,f6243f4b,2.1559888790361583,0,100,33.40625
spectrum,259,172497440,512,1,8,63,8fbb6001,2.1638238040031865,0,100,32.671875
spectrum,260,173137440,512,1,8,60,b6cafd8d,2.1718465029262006,0,95,30.865234375
spectrum,261,173856720,512,1,8,60,0b91a3be,2.1808331329375505,0,104,31.033203125
spectrum,262,174499360,512,1,8,60,5e2436fc,2.1888359950389713,0,96,29.345703125
spectrum,263,175137840,512,1,8,60,dbef5213,2.196834950009361,0,100,30.171875
spectrum,264,175856960,512,1,8,60,fccce31b,2.205814555985853,0,102,31.509765625
spectrum,265,176497760,512,1,8,29,99a6c2aa,2.2138259740313515,0,129,25.08984375
spectrum,266,177138480,512,1,8,61,c159be92,2.2217585529433563,0,90,29.708984375
spectrum,267,177856960,512,1,8,72,684cc69d,2.2308014589361846,0,125,41.775390625
spectrum,268,178497520,512,1,8,72,aa26c890,2.2388063749531284,0,126,41.75
spectrum,269,179137440,512,1,8,72,a4a97849,2.246826719958335,0,119,41.490234375
spectrum,270,179856720,512,1,8,72,bfef373f,2.2558112459955737,0,125,41.857421875
spectrum,271,180497440,512,1,8,60,e101662e,2.2638789899647236,0,107,31.3671875
spectrum,272,181137440,512,1,8,60,7daa3851,2.2718667240114883,0,101,29.9921875
spectrum,273,181856720,512,1,8,60,031c5fa3,2.2806210450362414,0,95,30.97265625
spectrum,274,182503120,512,1,8,60,89960163,2.2888027139706537,0,102,30.24609375
spectrum,275,183137840,512,1,8,60,87afc58c,2.296831956016831,0,98,29.494140625
spectrum,276,183856960,512,1,8,60,eaf7607c,2.305824156035669,0,95,30.86328125
spectrum,277,184497760,512,1,8,60,587241db,2.314115813933313,0,98,31.125
spectrum,278,185139360,512,1,8,60,ecc9561f,2.3218552379403263,0,96,29.078125
spectrum,279,185857280,512,1,8,61,8584568e,2.3308651419356465,0,96,31.369140625
spectrum,280,186497840,512,1,8,61,d05bf297,2.3408787309890613,0,98,32.3203125
spectrum,281,187137760,512,1,8,72,b06933fe,2.346853422932327,0,128,42.412109375
spectrum,282,187856960,512,1,8,72,e1cd4ed5,2.3558256049873307,0,126,40.9609375
spectrum,283,188497760,512,1,8,63,4ef8bfd4,2.363828466972336,0,100,33.8984375
spectrum,284,189137760,512,1,8,63,b9c36555,2.3719260779907927,0,97,32.408203125
spectrum,285,189856960,512,1,8,63,afa9663a,2.3808210849529132,0,95,33.3125
spectrum,286,190497760,512,1,8,60,9fee6645,2.3887674399884418,0,96,30.947265625
spectrum,287,191138560,512,1,8,63,646b3669,2.396876332932152,0,102,33.296875
spectrum,288,191856720,512,1,8,63,74f5a3da,2.4058161040302366,0,99,32.3515625
spectrum,289,192497440,512,1,8,63,6a8b2f5c,2.4138135550310835,0,94,33.0703125
spectrum,290,193139360,512,1,8,60,b9f0beb9,2.4218448610045016,0,98,30.6953125
spectrum,291,193856960,512,1,8,63,ae0eeb62,2.430890321964398,0,93,31.990234375
spectrum,292,194497520,512,1,8,35,ce0737d4,2.4388344429899007,0,124,34.625
spectrum,293,195137440,512,1,8,60,71681014,2.4468073579482734,0,104,30.998046875
spectrum,294,195856720,512,1,8,60,0ef6a078,2.455877435975708,0,101,30.419921875
spectrum,295,196497440,512,1,8,62,f8bc4011,2.46380476502236,0,96,31.8125
spectrum,296,197137440,512,1,8,62,0c5ce846,2.4718293879413977,0,95,32.064453125
spectrum,297,197856720,512,1,8,63,29d1e2b6,2.480848087929189,0,101,33.03515625
spectrum,298,198497440,512,1,8,63,16c2d974,2.4888636840041727,0,95,33.412109375
spectrum,299,199139360,512,1,8,31,629132ef,2.496781346038915,0,126,29.388671875
spectrum,300,199856960,512,1,8,60,4ca68905,2.505805465974845,0,102,29.830078125
spectrum,301,200497440,512,1,8,61,1f6ac152,2.513840648927726,0,89,30.35546875
spectrum,302,201140240,512,1,8,60,df3647d3,2.5218715840019286,0,93,29.0
spectrum,303,201856960,512,1,8,31,b68d5dd1,2.530878691934049,0,121,35.412109375
spectrum,304,202502640,512,1,8,59,bf2c2def,2.538828604039736,0,97,29.251953125
spectrum,305,203137840,512,1,8,60,a4c84f17,2.5468416759977117,0,99,30.517578125
spectrum,306,203856960,512,1,8,60,cd1d7b97,2.5558946599485353,0,102,31.140625
spectrum,307,204497760,512,1,8,60,80f10660,2.563845684984699,0,96,31.400390625
spectrum,308,205137760,512,1,8,64,6d6fbe54,2.57193108194042,0,98,33.77734375
spectrum,309,205856960,512,1,8,60,aab83de8,2.580840677022934,0,92,30.236328125
spectrum,310,206499360,512,1,8,60,bd043387,2.5888908179476857,0,98,30.2890625
spectrum,311,207139440,512,1,8,60,9002fc86,2.596921502961777,0,102,29.607421875
spectrum,312,207856960,512,1,8,60,48f4da43,2.6058554330375046,0,97,30.01171875
spectrum,313,208497760,512,1,8,61,57927930,2.613847124041058,0,95,30.490234375
spectrum,314,209137760,512,1,8,61,0fd75407,2.6218879269436,0,97,29.927734375
spectrum,315,209856960,512,1,8,63,80446335,2.630822447943501,0,100,32.892578125
spectrum,316,210499360,512,1,8,63,e935a492,2.6388590940041468,0,107,32.16796875
spectrum,317,211137840,512,1,8,62,c60cdda6,2.6467998889274895,0,101,32.68359375
spectrum,318,211856960,512,1,8,60,bf8c5ac1,2.655860728933476,0,101,30.181640625
spectrum,319,212499360,512,1,8,61,05c2ef73,2.6638058819808066,0,100,31.228515625
spectrum,320,213139120,512,1,8,61,8249b925,2.671829142025672,0,94,30.5703125
spectrum,321,213856720,512,1,8,60,0bbb9dd8,2.6808266430161893,0,97,31.119140625
spectrum,322,214497440,512,1,8,62,f84fb75d,2.6888882860075682,0,93,30.947265625
spectrum,323,215140000,512,1,8,58,38dacc07,2.696837196010165,0,95,29.34375
spectrum,324,215856960,512,1,8,32,8e0f5c38,2.705842319992371,0,123,31.1953125
spectrum,325,216498240,512,1,8,61,00fee11a,2.7138427479658276,0,94,31.087890625
spectrum,326,217137520,512,1,8,62,9de58454,2.7218436260009184,0,96,31.625
spectrum,327,217857280,512,1,8,63,998520ac,2.731193891959265,0,102,33.009765625
spectrum,328,218499120,512,1,8,59,66f598c9,2.7388913680333644,0,99,30.755859375
spectrum,329,219137520,512,1,8,72,e724048c,2.7468462189426646,0,129,41.962890625
spectrum,330,219856720,512,1,8,72,75de49f0,2.755830463953316,0,126,40.923828125
spectrum,331,220497440,512,1,8,61,9fd20ba5,2.7638278759550303,0,93,30.287109375
spectrum,332,221137440,512,1,8,62,a7509aa2,2.771891191950999,0,99,31.27734375
spectrum,333,221856720,512,1,8,62,27842cf7,2.780811285949312,0,98,31.798828125
spectrum,334,222497440,512,1,8,62,0dc7aa57,2.7886542660417035,0,98,31.763671875
spectrum,335,223143120,512,1,8,62,26d3b6ac,2.7968727559782565,0,101,33.314453125
spectrum,336,223857280,512,1,8,60,b42b61f8,2.8059090989409015,0,95,30.810546875
spectrum,337,224497520,512,1,8,59,358e69ef,2.8139396240003407,0,101,30.00390625
spectrum,338,225139360,512,1,8,61,a188d3cd,2.8218773719854653,0,94,30.619140625
spectrum,339,225856960,512,1,8,60,ded31675,2.8308611470274627,0,94,30.7890625
spectrum,340,226500320,512,1,8,60,ce65c48a,2.838843881036155,0,97,31.275390625
spectrum,341,227137840,512,1,8,62,ca9b77af,2.8468363729771227,0,97,31.455078125
spectrum,342,227856960,512,1,8,62,8ecc61b7,2.8559156080009416,0,97,32.255859375
spectrum,343,228497760,512,1,8,62,81c10ccd,2.8638560919789597,0,94,31.6171875
spectrum,344,229137760,512,1,8,64,fcb4de5b,2.87185642903205,0,100,33.041015625
spectrum,345,229856960,512,1,8,61,baf33bfd,2.88083572499454,0,90,30.216796875
spectrum,346,230497760,512,1,8,61,6313eeef,2.8888364529702812,0,94,32.150390625
spectrum,347,231137760,512,1,8,61,e1c5eb76,2.898479141993448,0,97,31.666015625
spectrum,348,231856960,512,1,8,61,293d9bb2,2.908066986943595,0,88,31.8125
spectrum,349,232497520,512,1,8,61,e4f2c6a0,2.913867700030096,0,88,31.435546875
spectrum,350,233137440,512,1,8,61,27e0dab3,2.921920586959459,0,92,29.841796875
spectrum,351,233856720,512,1,8,61,c8616a5a,2.930718831019476,0,97,30.126953125
spectrum,352,234498560,512,1,8,61,d1c6577d,2.9388308989582583,0,94,31.865234375
spectrum,353,235138240,512,1,8,59,fbe67f5b,2.9468336110003293,0,104,30.017578125
spectrum,354,235857280,512,1,8,59,619ec7f8,2.9559086069930345,0,98,29.9765625
spectrum,355,236497840,512,1,8,62,256674f2,2.963852026965469,0,96,31.697265625
spectrum,356,237137760,512,1,8,60,38f6f78f,2.9718778929673135,0,92,29.705078125
spectrum,357,237856960,512,1,8,63,0b799ca8,2.9808616569498554,0,94,32.76171875
spectrum,358,238497760,512,1,8,63,86bc2018,2.9888551209587604,0,95,32.521484375
spectrum,359,239137760,512,1,8,63,4d6260f9,2.9968501779949293,0,100,32.7734375
spectrum,360,239776960,512,1,8,60,284d0740,3.0048893690109253,0,90,28.177734375
spectrum,361,240417520,512,1,8,60,d2897b8c,3.012853899039328,0,97,32.2421875
spectrum,362,241057440,512,1,8,61,8525d412,3.0209261919371784,0,94,31.505859375
spectrum,363,241776720,512,1,8,36,7a2eef0e,3.0298545309342444,0,123,37.4765625
spectrum,364,242419360,512,1,8,61,49e854fe,3.037882770993747,0,90,30.75390625
spectrum,365,243059120,512,1,8,60,60ba9672,3.045773811987601,0,95,31.11328125
spectrum,366,243776720,512,1,8,60,dfd0cfbd,3.054851262946613,0,95,29.216796875
spectrum,367,244417440,512,1,8,63,c51feb6f,3.062918005976826,0,94,31.38671875
spectrum,368,245057440,512,1,8,63,07efbebb,3.070939603028819,0,91,31.9765625
spectrum,369,245776720,512,1,8,63,9fa0a5fe,3.079951190040447,0,95,31.966796875
spectrum,370,246417440,512,1,8,63,3f05ed5b,3.0879266100237146,0,100,32.087890625
spectrum,371,247057440,512,1,8,60,816e63a2,3.095861905021593,0,95,29.880859375
spectrum,372,247776720,512,1,8,60,d48f4b88,3.104959905031137,0,102,30.84765625
spectrum,373,248418880,512,1,8,60,4fd11f49,3.112815979984589,0,96,30.693359375
spectrum,374,249058240,512,1,8,60,b8a5aceb,3.1208502009976655,0,94,30.03515625
spectrum,375,249776720,512,1,8,61,fe8112e7,3.129861888010055,0,90,30.021484375
spectrum,376,250419360,512,1,8,63,f4f2e1a0,3.137968446011655,0,97,32.5
spectrum,377,251060320,512,1,8,61,a7ed60a9,3.145863253972493,0,91,31.05859375
spectrum,378,251776720,512,1,8,61,24db4759,3.1548854910070077,0,93,30.92578125
spectrum,379,252417440,512,1,8,61,a7004c98,3.1630441369488835,0,93,31.48046875
spectrum,380,253057440,512,1,8,60,8b5ea608,3.1731496789725497,0,89,28.984375
spectrum,381,253776720,512,1,8,61,4ea212bb,3.1798436199314892,0,90,30.76171875
spectrum,382,254417440,512,1,8,34,5ee96598,3.1880213220138103,0,94,31.44140625
spectrum,383,255057440,512,1,8,63,26838251,3.1958356680115685,0,99,33.1875
spectrum,384,255776720,512,1,8,63,fe40dc87,3.204910374013707,0,94,31.73828125
spectrum,385,256419280,512,1,8,60,7996602a,3.212863421998918,0,98,30.177734375
spectrum,386,257057840,512,1,8,63,09807f6e,3.221005777013488,0,97,32.208984375
spectrum,387,257776960,512,1,8,61,32f0fe34,3.2299082779791206,0,91,30.9609375
spectrum,388,258417520,512,1,8,30,63369108,3.2384064859943464,0,126,29.82421875
spectrum,389,259058480,512,1,8,62,f02a1bff,3.245902961003594,0,99,32.43359375
spectrum,390,259776960,512,1,8,60,03bb7b79,3.2548760659992695,0,95,30.171875
spectrum,391,260417520,512,1,8,60,5fc4103f,3.262849872931838,0,89,30.443359375
spectrum,392,261057440,512,1,8,60,fac45150,3.27093012095429,0,100,30.109375
spectrum,393,261776720,512,1,8,62,2d579c96,3.2799478289671242,0,99,32.953125
spectrum,394,262417440,512,1,8,62,b710d748,3.287909743958153,0,100,31.291015625
spectrum,395,263057440,512,1,8,62,98e9989d,3.295879803947173,0,95,31.576171875
spectrum,396,263776720,512,1,8,62,ab54648a,3.304639425012283,0,97,31.9453125
spectrum,397,264422800,512,1,8,38,85ba4f4b,3.3128484960179776,0,126,30.783203125
spectrum,398,265059840,512,1,8,62,c47896d8,3.320892737014219,0,89,31.5
spectrum,399,265776960,512,1,8,62,f70cca9d,3.329823520965874,0,96,31.87109375
spectrum,400,266417760,512,1,8,62,2eaad0ce,3.337854456040077,0,96,31.5078125
spectrum,401,267059040,512,1,8,60,dbba48bf,3.345859130960889,0,89,29.12109375
spectrum,402,267777280,512,1,8,63,acc6f491,3.3549426939571276,0,95,31.98046875
spectrum,403,268417840,512,1,8,63,d3999d40,3.3628498249454424,0,97,31.845703125
spectrum,404,269057760,512,1,8,63,9651f80e,3.3709445010172203,0,93,33.51171875
spectrum,405,269776960,512,1,8,63,969c856b,3.3798633619444445,0,103,32.232421875
spectrum,406,270417760,512,1,8,63,3ae4c2c0,3.3878526790067554,0,95,32.345703125
spectrum,407,271057760,512,1,8,63,81e86090,3.3958367350278422,0,101,32.697265625
spectrum,408,271776960,512,1,8,62,11b4a442,3.404884740943089,0,97,32.025390625
spectrum,409,272417760,512,1,8,62,ca2a5533,3.4128098959336057,0,99,32.853515625
spectrum,410,273058560,512,1,8,63,755e8c7e,3.4208975379588082,0,103,32.166015625
spectrum,411,273776720,512,1,8,63,9b9953f2,3.4305144579848275,0,99,33.146484375
spectrum,412,274417440,512,1,8,62,b209b662,3.437948436010629,0,97,31.30859375
spectrum,413,275059360,512,1,8,60,7808ec9a,3.4458961240015924,0,91,30.640625
spectrum,414,275776960,512,1,8,60,af2604f7,3.4553824570029974,0,95,29.912109375
spectrum,415,276417520,512,1,8,60,9d493218,3.4628972680075094,0,98,31.578125
spectrum,416,277057440,512,1,8,60,38d12c11,3.4709504139609635,0,101,29.451171875
spectrum,417,277776720,512,1,8,60,f4e5bc5c,3.479974715039134,0,94,30.98828125
spectrum,418,278417440,512,1,8,72,eb9594a8,3.487934104981832,0,125,40.04296875
spectrum,419,279057440,512,1,8,61,fafc9f21,3.4959795080358163,0,95,32.271484375
spectrum,420,279776720,512,1,8,61,4e50cb82,3.5049767169402912,0,89,30.373046875
spectrum,421,280417440,512,1,8,61,1cfe65e9,3.513029112946242,0,96,31.41015625
spectrum,422,281059680,512,1,8,60,227bdfbe,3.5208796869264916,0,96,29.775390625
spectrum,423,281776960,512,1,8,62,d3878ab3,3.5310564739629626,0,95,30.93359375
spectrum,424,282417760,512,1,8,62,05a4da5c,3.5379255149746314,0,96,31.958984375
spectrum,425,283060000,512,1,8,59,3db26c7e,3.5458858269266784,0,102,29.595703125
spectrum,426,283776720,512,1,8,31,749c0260,3.5547748419921845,0,126,35.62890625
spectrum,427,284418560,512,1,8,60,4d7e4668,3.5627692179987207,0,102,30.484375
spectrum,428,285060640,512,1,8,61,bbb81ed9,3.5708541449857876,0,89,29.4375
spectrum,429,285776720,512,1,8,60,61a136f6,3.5798746389336884,0,101,30.166015625
spectrum,430,286417440,512,1,8,72,f4fae57e,3.588720272993669,0,122,40.7734375
spectrum,431,287057440,512,1,8,41,56fcc86b,3.59584459499456,0,131,26.23046875
spectrum,432,287777280,512,1,8,41,e82efffd,3.605122033972293,0,126,30.7890625
spectrum,433,288418880,512,1,8,59,cbdc78f1,3.6129880879307166,0,94,28.93359375
spectrum,434,289059440,512,1,8,62,7b4d8b1c,3.620980008970946,0,92,30.763671875
spectrum,435,289776960,512,1,8,63,7ce84704,3.629931772942655,0,95,32.263671875
spectrum,436,290417760,512,1,8,62,83f69313,3.6378945499891415,0,94,31.8515625
spectrum,437,291057760,512,1,8,62,f8408509,3.647140749031678,0,102,32.265625
spectrum,438,291776960,512,1,8,60,cb3e6786,3.654884311952628,0,90,29.46875
spectrum,439,292418880,512,1,8,61,cf0753c5,3.6628837069729343,0,91,31.787109375
spectrum,440,293057520,512,1,8,61,858a5cc5,3.6723774049896747,0,92,31.29296875
spectrum,441,293776720,512,1,8,60,e437832d,3.679852489964105,0,98,29.931640625
spectrum,442,294417440,512,1,8,60,a0431b4e,3.6878318679518998,0,101,30.126953125
spectrum,443,295057440,512,1,8,60,21bb7ced,3.6958488560048863,0,88,30.443359375
spectrum,444,295776720,512,1,8,60,2df7b4cb,3.704837971017696,0,98,30.3046875
spectrum,445,296417440,512,1,8,72,6d4e0f68,3.715852148947306,0,127,41.73828125
spectrum,446,297062400,512,1,8,63,2e882bd4,3.7208719280315563,0,95,31.3046875
spectrum,447,297776960,512,1,8,60,b0edf1e5,3.729895878001116,0,97,30.728515625
spectrum,448,298417440,512,1,8,72,8dbee7fc,3.737862632027827,0,115,40.50390625
spectrum,449,299057440,512,1,8,61,558e9c00,3.7458956310292706,0,93,31.62109375
spectrum,450,299777280,512,1,8,62,7cfd391f,3.754879535990767,0,98,31.048828125
spectrum,451,300419120,512,1,8,59,30d49bbd,3.7633308039512485,0,105,28.87890625
spectrum,452,301057520,512,1,8,63,8e7f25da,3.7710609319619834,0,99,32.072265625
spectrum,453,301777280,512,1,8,60,cbd1e573,3.779920911998488,0,97,30.259765625
spectrum,454,302418560,512,1,8,60,d8aab4ec,3.7881118890363723,0,89,30.515625
spectrum,455,303057520,512,1,8,59,60a40853,3.796204049955122,0,93,29.939453125
spectrum,456,303777280,512,1,8,62,5ad44e0d,3.805731971981004,0,96,31.154296875
spectrum,457,304417840,512,1,8,62,ea4c01fc,3.812644836027175,0,101,32.513671875
spectrum,458,305060960,512,1,8,39,e86cf630,3.820877761929296,0,124,33.48046875
spectrum,459,305777280,512,1,8,59,5833a396,3.8298317099688575,0,91,29.697265625
spectrum,460,306419360,512,1,8,63,25b87fbd,3.8380914670415223,0,104,32.103515625
spectrum,461,307057840,512,1,8,63,a4a76d7b,3.845864746021107,0,95,32.048828125
spectrum,462,307776960,512,1,8,72,bf2aa408,3.854934723000042,0,125,41.4140625
spectrum,463,308420400,512,1,8,61,4ea42c78,3.862875386956148,0,93,30.875
spectrum,464,309057840,512,1,8,61,0d229380,3.8708676300011575,0,94,30.3046875
spectrum,465,309776960,512,1,8,60,e8124a2e,3.879853577935137,0,88,30.419921875
spectrum,466,310417760,512,1,8,60,0c2d1ab1,3.8879102210048586,0,92,30.236328125
spectrum,467,311057760,512,1,8,60,0f571011,3.8960025429259986,0,99,31.23046875
spectrum,468,311776960,512,1,8,72,da70eaee,3.904909151024185,0,133,41.310546875
spectrum,469,312417760,512,1,8,61,6b797f05,3.912847972009331,0,91,30.40234375
spectrum,470,313057760,512,1,8,72,adb8aa20,3.9209400529507548,0,120,41.5234375
spectrum,471,313776960,512,1,8,33,25192afe,3.9298307209974155,0,132,24.962890625
spectrum,472,314418560,512,1,8,37,ea51d933,3.9378719460219145,0,120,36.732421875
spectrum,473,315057520,512,1,8,60,39b82a94,3.9458343610167503,0,92,29.82421875
spectrum,474,315776720,512,1,8,31,5ae95ab9,3.9549313499592245,0,123,31.318359375
spectrum,475,316418480,512,1,8,60,3eac580d,3.962790951016359,0,97,30.671875
spectrum,476,317058240,512,1,8,64,b7385cac,3.9708739740308374,0,108,33.30078125
spectrum,477,317776720,512,1,8,72,63a5685a,3.979904918000102,0,122,42.001953125
spectrum,478,318417440,512,1,8,72,42442a1f,3.9879331779666245,0,130,40.677734375
spectrum,479,319057440,512,1,8,61,7a25ac74,3.9958271239884198,0,92,31.12109375
spectrum,480,319776720,512,1,8,61,84754c32,4.004843340022489,0,98,30.8671875
spectrum,481,320417440,512,1,8,61,149ba41c,4.012839709990658,0,95,31.15234375
spectrum,482,321057440,512,1,8,61,d833b0fb,4.020872919005342,0,91,30.2578125
spectrum,483,321777280,512,1,8,60,a90ad377,4.029836645000614,0,95,29.681640625
spectrum,484,322417840,512,1,8,63,15c3f20b,4.03786244103685,0,97,33.37890625
spectrum,485,323057760,512,1,8,63,aaaa8616,4.045838673016988,0,97,32.197265625
spectrum,486,323776960,512,1,8,63,624f0b9e,4.054879383998923,0,95,30.857421875
spectrum,487,324419120,512,1,8,61,e9220c2d,4.062848723027855,0,92,32.22265625
spectrum,488,325062880,512,1,8,62,4a04c9c3,4.070878615952097,0,100,31.099609375
spectrum,489,325776960,512,1,8,62,e6e5e005,4.0798628609627485,0,97,32.50390625
spectrum,490,326417760,512,1,8,62,453dd04c,4.087839373969473,0,93,30.8046875
spectrum,491,327057760,512,1,8,62,32acc9af,4.095850000041537,0,96,31.533203125
spectrum,492,327776960,512,1,8,61,297e3be1,4.104959873016924,0,98,31.201171875
spectrum,493,328417760,512,1,8,61,805ac003,4.112860481953248,0,95,30.6640625
spectrum,494,329057760,512,1,8,61,47868eab,4.120869555976242,0,93,29.931640625
spectrum,495,329777280,512,1,8,34,1564fc74,4.129866895033047,0,120,34.958984375
spectrum,496,330418560,512,1,8,32,fcaf8305,4.137803082005121,0,123,29.94921875
spectrum,497,331058560,512,1,8,60,3742ca6a,4.145876346970908,0,120,35.494140625
spectrum,498,331776720,512,1,8,60,30892eb1,4.154926787014119,0,99,29.75
spectrum,499,332419360,512,1,8,60,3480b8c4,4.1628766290377825,0,93,29.41015625
spectrum,500,333059120,512,1,8,60,b8974dfc,4.170845947926864,0,98,29.12109375
spectrum,501,333777280,512,1,8,61,0dc8728d,4.1798735139891505,0,92,30.8046875
spectrum,502,334417840,512,1,8,61,de77c813,4.187865745974705,0,93,31.4453125
spectrum,503,335057760,512,1,8,61,7086df48,4.195843962021172,0,93,31.447265625
spectrum,504,335776960,512,1,8,63,7b903377,4.2048865869874135,0,101,32.39453125
spectrum,505,336417760,512,1,8,63,fccb8880,4.212839285028167,0,98,33.521484375
spectrum,506,337057760,512,1,8,62,9f8311fc,4.2209244220284745,0,94,32.181640625
spectrum,507,337776960,512,1,8,62,5082ff4e,4.229878330021165,0,94,31.57421875
spectrum,508,338419040,512,1,8,60,1cd023dc,4.237862086039968,0,88,29.37109375
spectrum,509,339057520,512,1,8,60,f0e31c2b,4.245867894031107,0,98,31.8984375
spectrum,510,339776720,512,1,8,60,cf446e07,4.254880241933279,0,97,30.947265625
spectrum,511,340419920,512,1,8,59,7ecc231d,4.262848197948188,0,93,29.46484375
spectrum,512,341057840,512,1,8,60,48b31da5,4.270944286021404,0,95,30.39453125
spectrum,513,341776960,512,1,8,63,0faf7eda,4.279849502025172,0,100,32.29296875
spectrum,514,342417440,512,1,8,63,6c962c35,4.28807957295794,0,97,32.2578125
spectrum,515,343057440,512,1,8,63,0c1f56e7,4.295866688014939,0,92,32.43359375
spectrum,516,343776720,512,1,8,63,218d296c,4.304877332993783,0,100,32.28125
spectrum,517,344417440,512,1,8,61,ea90f56a,4.312944345991127,0,90,30.126953125
spectrum,518,345057440,512,1,8,61,3eb8cacb,4.320684271981008,0,95,30.9375
spectrum,519,345776720,512,1,8,61,0b7ea595,4.32984599203337,0,91,30.31640625
spectrum,520,346419680,512,1,8,31,dc0fa8af,4.337872668984346,0,123,29.923828125
spectrum,521,347059040,512,1,8,61,06675444,4.3458477589301765,0,94,30.810546875
spectrum,522,347776720,512,1,8,62,2c07cf17,4.35488950193394,0,93,31.7109375
spectrum,523,348419280,512,1,8,32,02c69931,4.362632152973674,0,123,30.689453125
spectrum,524,349058240,512,1,8,63,6749c9cb,4.370885026990436,0,100,32.787109375
spectrum,525,349777280,512,1,8,60,40a8d478,4.379869622993283,0,95,30.1171875
spectrum,526,350417840,512,1,8,60,d6eb2cf5,4.387912460952066,0,118,33.5546875
spectrum,527,351057760,512,1,8,60,f5341f44,4.395863394951448,0,122,33.48828125
spectrum,528,351776960,512,1,8,61,115e37b1,4.404877717024647,0,94,30.49609375
spectrum,529,352419040,512,1,8,60,a30fcffd,4.412860520998947,0,98,30.62890625
spectrum,530,353057520,512,1,8,60,384c5a32,4.420855056960136,0,93,29.55078125
spectrum,531,353777280,512,1,8,60,28ce0e02,4.429921326925978,0,92,30.099609375
spectrum,532,354420000,512,1,8,61,3cb80274,4.437877741991542,0,95,30.783203125
spectrum,533,355057520,512,1,8,61,9b17149c,4.4458560169441625,0,93,30.693359375
spectrum,534,355776720,512,1,8,38,faddd87b,4.455000665038824,0,124,38.08984375
spectrum,535,356417440,512,1,8,60,0db51135,4.462853193981573,0,98,29.91015625
spectrum,536,357059360,512,1,8,62,bf64f956,4.470862588030286,0,92,30.826171875
spectrum,537,357776960,512,1,8,61,65d9a35d,4.479897929937579,0,95,32.150390625
spectrum,538,358418160,512,1,8,61,0ec21dcf,4.48796305898577,0,94,30.689453125
spectrum,539,359057440,512,1,8,61,44a91c1b,4.495868757949211,0,92,31.01171875
spectrum,540,359776720,512,1,8,60,19215522,4.504936030018143,0,104,30.5234375
spectrum,541,360417440,512,1,8,60,4513ae12,4.512913594022393,0,93,29.408203125
spectrum,542,361057440,512,1,8,72,035aee50,4.521296252962202,0,124,40.701171875
spectrum,543,361776720,512,1,8,60,e517d924,4.5299105800222605,0,95,30.474609375
spectrum,544,362417440,512,1,8,60,68d0efc9,4.538019652944058,0,103,29.8671875
spectrum,545,363058800,512,1,8,33,e1ec8de6,4.545921233016998,0,127,30.875
spectrum,546,363777600,512,1,8,65,6888caf9,4.555094175040722,0,99,33.626953125
spectrum,547,364418160,512,1,8,59,1afe66c3,4.562893462949432,0,99,28.4609375
spectrum,548,365059040,512,1,8,61,5b760d83,4.570663684979081,0,94,30.380859375
spectrum,549,365778240,512,1,8,60,2e64588f,4.579862555954605,0,100,30.41796875
spectrum,550,366418480,512,1,8,60,02aa864f,4.5879254209576175,0,101,29.87890625
spectrum,551,367057760,512,1,8,60,db6a8da4,4.595870494027622,0,88,29.373046875
spectrum,552,367776960,512,1,8,61,de6724fc,4.604864116990939,0,94,30.96484375
spectrum,553,368417760,512,1,8,61,7d9b1b74,4.6128251400077716,0,94,30.759765625
spectrum,554,369057760,512,1,8,61,b3c360c5,4.6210888139903545,0,98,31.576171875
spectrum,555,369776960,512,1,8,61,e12d2d3e,4.62986520701088,0,97,31.765625
spectrum,556,370417760,512,1,8,61,f27efe87,4.637950415024534,0,88,30.189453125
spectrum,557,371059040,512,1,8,72,4121fc82,4.64587352599483,0,130,39.765625
spectrum,558,371776720,512,1,8,60,09a37bac,4.654977296944708,0,99,30.064453125
spectrum,559,372417440,512,1,8,62,6797de4d,4.662840405013412,0,101,32.11328125
spectrum,560,373057440,512,1,8,31,8d3a3e1e,4.670896066934802,0,123,30.9453125
spectrum,561,373776960,512,1,8,61,5bc1c325,4.6798300669761375,0,94,31.53125
spectrum,562,374418240,512,1,8,61,6b65de89,4.6878747480222955,0,92,29.47265625
spectrum,563,375057440,512,1,8,61,842224e2,4.695888501009904,0,97,31.5703125
spectrum,564,375776720,512,1,8,61,70a5c785,4.704892894020304,0,93,31.150390625
spectrum,565,376417440,512,1,8,61,4b6ddeaa,4.712859487975948,0,97,31.6640625
spectrum,566,377057440,512,1,8,60,97100ed5,4.720981494989246,0,97,29.0390625
spectrum,567,377776720,512,1,8,72,9e39a64b,4.729869529022835,0,128,42.599609375
spectrum,568,378417440,512,1,8,60,1e0ae91d,4.737883250927553,0,95,29.794921875
spectrum,569,379059280,512,1,8,33,64d77045,4.745836750022136,0,125,31.525390625
spectrum,570,379777280,512,1,8,61,25b82671,4.754863384994678,0,93,30.45703125
spectrum,571,380417840,512,1,8,61,f7d3b08e,4.7628925669705495,0,100,32.181640625
spectrum,572,381057760,512,1,8,60,93341759,4.770887905033305,0,103,30.259765625
spectrum,573,381776960,512,1,8,37,e62ef5cb,4.779868512996472,0,122,40.6328125
spectrum,574,382419440,512,1,8,60,343be1d8,4.787896382971667,0,100,29.998046875
spectrum,575,383057840,512,1,8,62,cd7a86d8,4.795881510945037,0,103,32.96484375
spectrum,576,383776960,512,1,8,62,d93a9640,4.804864643956535,0,96,31.587890625
spectrum,577,384417760,512,1,8,62,bb194158,4.812882864964195,0,98,33.279296875
spectrum,578,385057760,512,1,8,60,3e611660,4.820937535027042,0,88,30.138671875
spectrum,579,385776960,512,1,8,60,b44142c1,4.829781556036323,0,94,31.267578125
spectrum,580,386420880,512,1,8,60,bf29ccda,4.837968204985373,0,90,30.74609375
spectrum,581,387057760,512,1,8,60,1961e665,4.848127709003165,0,95,31.84765625
spectrum,582,387777280,512,1,8,61,971854e7,4.854934682953171,0,95,30.771484375
spectrum,583,388417440,512,1,8,60,cb0334b2,4.862878242973238,0,101,31.90625
spectrum,584,389057440,512,1,8,60,8e91ed64,4.870866738026962,0,101,30.630859375
spectrum,585,389777280,512,1,8,60,e2a4284d,4.879863768001087,0,102,29.912109375
spectrum,586,390419040,512,1,8,61,409e1642,4.887922805966809,0,93,29.56640625
spectrum,587,391057520,512,1,8,61,d894eb2f,4.8958731390303,0,97,31.744140625
spectrum,588,391776720,512,1,8,61,e7b700d2,4.904851031955332,0,91,30.841796875
spectrum,589,392417440,512,1,8,61,b1058074,4.912810050998814,0,93,31.501953125
spectrum,590,393057440,512,1,8,61,83f718fe,4.920871944981627,0,95,30.82421875
spectrum,591,393776720,512,1,8,61,3cb55d40,4.929846861981787,0,95,30.732421875
spectrum,592,394417440,512,1,8,61,afb1c063,4.9378846200415865,0,94,30.98046875
spectrum,593,395057440,512,1,8,61,70a9f392,4.945865059969947,0,91,30.833984375
spectrum,594,395777280,512,1,8,34,ce97b1df,4.9547413809923455,0,123,31.85546875
spectrum,595,396418240,512,1,8,59,ebf368df,4.962860984029248,0,89,29.466796875
spectrum,596,397057440,512,1,8,62,d2a0c241,4.970882270950824,0,98,31.107421875
spectrum,597,397777920,512,1,8,64,9dac89d9,4.979874460957944,0,104,32.443359375
spectrum,598,398418480,512,1,8,64,4f25a236,4.987964257015847,0,106,32.060546875
spectrum,599,399058240,512,1,8,60,efd43a04,4.995875325985253,0,102,31.490234375
spectrum,600,399776720,512,1,8,60,09d9def8,5.004873708006926,0,93,30.939453125
spectrum,601,400417440,512,1,8,60,8ba32fae,5.012888281955384,0,94,30.4765625
spectrum,602,401062640,512,1,8,60,358797dc,5.0208871469367296,0,101,29.1796875
spectrum,603,401776960,512,1,8,63,9857ae39,5.029852416017093,0,101,33.060546875
spectrum,604,402417760,512,1,8,63,4aa3db33,5.037919819937088,0,97,31.201171875
spectrum,605,403057760,512,1,8,63,0bb32581,5.0459266799734905,0,98,33.05859375
spectrum,606,403776960,512,1,8,60,a0630f60,5.0548828119644895,0,93,30.5859375
spectrum,607,404417520,512,1,8,60,bff8e3f3,5.062842832994647,0,95,30.95703125
spectrum,608,405057440,512,1,8,37,749bbf22,5.070881241932511,0,123,35.61328125
spectrum,609,405776720,512,1,8,31,f166bdcc,5.079789062961936,0,129,26.65234375
spectrum,610,406422000,512,1,8,60,dbd551e3,5.087881573941559,0,90,29.931640625
spectrum,611,407059760,512,1,8,60,51267303,5.096567285945639,0,91,30.873046875
spectrum,612,407776960,512,1,8,61,a1c9ae01,5.104890543036163,0,118,35.7578125
spectrum,613,408417760,512,1,8,61,9701c6cf,5.112919423962012,0,123,33.328125
spectrum,614,409057760,512,1,8,61,384229a3,5.120869035948999,0,92,29.611328125
spectrum,615,409776960,512,1,8,64,32c0db25,5.129888506955467,0,109,33.189453125
spectrum,616,410417760,512,1,8,60,bdcf0787,5.13791513396427,0,88,29.734375
spectrum,617,411057760,512,1,8,60,14001f3e,5.145887708989903,0,91,31.138671875
spectrum,618,411777920,512,1,8,60,9eb71d8f,5.154962135013193,0,91,29.958984375
spectrum,619,412418480,512,1,8,60,fdec79ec,5.162927004974335,0,97,31.00390625
spectrum,620,413057760,512,1,8,60,7ec9e20e,5.17090437898878,0,91,30.4765625
spectrum,621,413776960,512,1,8,60,afbc55ba,5.179866241989657,0,92,31.17578125
spectrum,622,414419040,512,1,8,62,5b66a126,5.187924399040639,0,93,30.95703125
spectrum,623,415059440,512,1,8,60,b7a607f7,5.195872165961191,0,93,31.8203125
spectrum,624,415776960,512,1,8,60,976cb458,5.204887349973433,0,90,29.6015625
spectrum,625,416417760,512,1,8,60,2ba20772,5.212872077943757,0,96,30.732421875
spectrum,626,417057760,512,1,8,72,ae0b052a,5.220970119931735,0,120,40.265625
spectrum,627,417776960,512,1,8,63,5d355707,5.229873372009024,0,104,34.376953125
spectrum,628,418417760,512,1,8,62,ffe414a2,5.237929624971002,0,99,32.216796875
spectrum,629,419057760,512,1,8,62,cde022f6,5.245970939984545,0,93,32.3125
spectrum,630,419776960,512,1,8,62,30053d7d,5.2549884979380295,0,99,30.36328125
spectrum,631,420418480,512,1,8,63,109d9b83,5.262960001011379,0,101,32.677734375
spectrum,632,421057520,512,1,8,60,e0cea9bf,5.270937985973433,0,98,30.154296875
spectrum,633,421776720,512,1,8,61,63d3576b,5.280069569009356,0,105,31.68359375
spectrum,634,422419280,512,1,8,60,17089214,5.288203097996302,0,93,29.8828125
spectrum,635,423057840,512,1,8,61,a694ddb2,5.295870105968788,0,92,29.87890625
spectrum,636,423776960,512,1,8,61,47bd47b7,5.304940504021943,0,89,30.7578125
spectrum,637,424417440,512,1,8,61,2bf6fa11,5.312952223001048,0,97,32.482421875
spectrum,638,425057440,512,1,8,61,c5930660,5.320968659943901,0,93,30.69921875
spectrum,639,425776720,512,1,8,61,dd8610bb,5.32993730599992,0,99,32.1875
spectrum,640,426417440,512,1,8,60,eb6a36bd,5.337804391980171,0,91,29.666015625
spectrum,641,427060560,512,1,8,60,7d361e92,5.345867477008142,0,95,32.185546875
spectrum,642,427776720,512,1,8,60,815c799c,5.355007617035881,0,98,29.962890625
spectrum,643,428419600,512,1,8,33,47f9bf66,5.3628895309520885,0,122,31.13671875
spectrum,644,429059040,512,1,8,63,58bdad49,5.370954409940168,0,97,32.3828125
spectrum,645,429777280,512,1,8,64,3f4476af,5.37984918593429,0,106,33.572265625
spectrum,646,430417840,512,1,8,31,9aa4fee2,5.387890841928311,0,124,30.75390625
spectrum,647,431058480,512,1,8,60,12573ead,5.395830414025113,0,92,31.7578125
spectrum,648,431776960,512,1,8,60,e6d60c16,5.405220435932279,0,96,28.716796875
spectrum,649,432417440,512,1,8,60,22c9a4cf,5.412886501988396,0,92,29.533203125
spectrum,650,433057440,512,1,8,60,3995ef06,5.420878282980993,0,91,30.357421875
spectrum,651,433776720,512,1,8,60,72875e0a,5.4299142060335726,0,92,31.205078125
spectrum,652,434419360,512,1,8,60,09037756,5.437917237984948,0,92,30.353515625
spectrum,653,435057840,512,1,8,60,c11a1940,5.445870336028747,0,91,29.322265625
spectrum,654,435776960,512,1,8,60,7bba2ee5,5.454928730963729,0,95,29.646484375
spectrum,655,436418960,512,1,8,60,56423084,5.46331837400794,0,93,30.484375
spectrum,656,437057520,512,1,8,60,6876218a,5.470938644022681,0,91,30.365234375
spectrum,657,437776960,512,1,8,61,063950c6,5.479877142002806,0,97,32.46484375
spectrum,658,438417520,512,1,8,61,3e1cecb1,5.4880028259940445,0,93,29.498046875
spectrum,659,439059360,512,1,8,59,069a41fb,5.495907642995007,0,92,29.646484375
spectrum,660,439776960,512,1,8,60,90f21d40,5.5049387669423595,0,89,30.453125
spectrum,661,440417520,512,1,8,60,2adf407a,5.512938632979058,0,94,31.501953125
spectrum,662,441057440,512,1,8,60,c02792e4,5.520895689027384,0,89,29.7421875
spectrum,663,441777280,512,1,8,60,525bf35a,5.529913928010501,0,91,31.298828125
spectrum,664,442417840,512,1,8,60,8d23421f,5.537953209015541,0,89,30.611328125
spectrum,665,443057760,512,1,8,61,474ef507,5.54586663201917,0,100,31.76171875
spectrum,666,443776960,512,1,8,61,e65b0550,5.555052859010175,0,91,30.818359375
spectrum,667,444417760,512,1,8,61,fb24c02e,5.562856736010872,0,98,31.623046875
spectrum,668,445059440,512,1,8,33,459cf759,5.571038375026546,0,125,29.978515625
spectrum,669,445777280,512,1,8,37,ca4a4669,5.579872576985508,0,123,39.30078125
spectrum,670,446417840,512,1,8,60,38336578,5.587736787041649,0,94,29.791015625
spectrum,671,447062800,512,1,8,62,a86c9eda,5.595918155973777,0,98,33.099609375
spectrum,672,447777600,512,1,8,62,793597a5,5.605920864967629,0,95,30.607421875
spectrum,673,448417840,512,1,8,60,975ad473,5.612875076942146,0,94,30.185546875
spectrum,674,449057760,512,1,8,35,39e97286,5.622246682993136,0,124,36.53515625
spectrum,675,449776960,512,1,8,59,9a679cee,5.629860791028477,0,98,29.974609375
spectrum,676,450417760,512,1,8,60,4e1a098d,5.638023364939727,0,96,29.943359375
spectrum,677,451057760,512,1,8,59,7429162a,5.6459166299318895,0,89,29.78125
spectrum,678,451776960,512,1,8,63,9d850def,5.658896559965797,0,104,31.939453125
spectrum,679,452417760,512,1,8,63,768f7188,5.663894188008271,0,106,32.400390625
spectrum,680,453059040,512,1,8,61,53698ec3,5.671140881953761,0,99,30.423828125
spectrum,681,453776720,512,1,8,62,d69f2d52,5.680194468004629,0,99,31.705078125
spectrum,682,454417440,512,1,8,62,492f3515,5.687917030998506,0,94,30.806640625
spectrum,683,455057440,512,1,8,31,31b89b1c,5.695991427986883,0,121,30.05859375
spectrum,684,455776960,512,1,8,31,b20edd50,5.705250322003849,0,122,36.578125
spectrum,685,456418240,512,1,8,60,9443d366,5.715121952933259,0,91,30.767578125
spectrum,686,457057440,512,1,8,60,0aa239a8,5.720874866005033,0,94,30.01953125
spectrum,687,457776720,512,1,8,63,4dc933f8,5.729874019976705,0,109,32.373046875
spectrum,688,458417440,512,1,8,62,355bf9e3,5.73972853901796,0,99,30.64453125
spectrum,689,459057440,512,1,8,22,533f892a,5.746047770953737,0,128,40.576171875
spectrum,690,459776960,512,1,8,62,dd8bda90,5.7549041350139305,0,107,31.787109375
spectrum,691,460417440,512,1,8,60,95373bca,5.7629133890150115,0,89,30.119140625
spectrum,692,461059280,512,1,8,34,55e69f72,5.7708729800069705,0,126,30.228515625
spectrum,693,461776960,512,1,8,60,7a99241d,5.779881621012464,0,92,31.08984375
spectrum,694,462417520,512,1,8,61,44bd54bc,5.787869064020924,0,97,30.787109375
spectrum,695,463057440,512,1,8,59,59d2885c,5.795871365000494,0,93,28.921875
spectrum,696,463776960,512,1,8,61,cf94e711,5.80520067200996,0,94,31.296875
spectrum,697,464419360,512,1,8,60,e7e0b9a6,5.812877026968636,0,93,31.228515625
spectrum,698,465057840,512,1,8,63,9230c70d,5.8208646909333766,0,97,32.6015625
spectrum,699,465776960,512,1,8,60,cb380133,5.829843655927107,0,97,31.2421875
spectrum,700,466417760,512,1,8,59,11640323,5.837828523945063,0,89,29.791015625
spectrum,701,467057760,512,1,8,33,62cc54a4,5.845644743996672,0,123,34.412109375
spectrum,702,467776960,512,1,8,62,4370be8f,5.854847542010248,0,102,31.220703125
spectrum,703,468417760,512,1,8,35,da3cee77,5.86282910394948,0,122,34.06640625
spectrum,704,469057760,512,1,8,33,0b8a120d,5.870853075990453,0,126,35.33203125
spectrum,705,469777280,512,1,8,60,46023b94,5.879832822014578,0,94,31.853515625
spectrum,706,470417440,512,1,8,62,b235ccf2,5.88790807093028,0,96,31.1796875
spectrum,707,471057440,512,1,8,63,6311c108,5.895842073019594,0,100,33.75
spectrum,708,471777280,512,1,8,61,e17cf626,5.90489217301365,0,99,30.130859375
spectrum,709,472419120,512,1,8,60,47655cda,5.912844248930924,0,94,29.896484375
spectrum,710,473057520,512,1,8,61,e99511ad,5.920865906984545,0,98,30.509765625
spectrum,711,473776720,512,1,8,61,b6b50334,5.929876561975107,0,98,32.177734375
spectrum,712,474417440,512,1,8,61,14c3e9c0,5.93781355000101,0,103,30.384765625
spectrum,713,475057440,512,1,8,61,aa8b9881,5.9458321910351515,0,100,31.916015625
spectrum,714,475776720,512,1,8,60,40346fdc,5.9548840939532965,0,91,29.646484375
spectrum,715,476418480,512,1,8,60,64993e3d,5.9628809849964455,0,91,28.560546875
spectrum,716,477057440,512,1,8,60,a294cc1d,5.970912210992537,0,90,28.99609375
spectrum,717,477777600,512,1,8,34,0a26e3c1,5.979896456003189,0,127,29.41015625
spectrum,718,478419040,512,1,8,60,0be881a3,5.98791695095133,0,94,30.03125
spectrum,719,479057520,512,1,8,61,db66ff56,5.995890378020704,0,97,31.501953125
spectrum,720,479777280,512,1,8,60,554fb80f,6.004879562999122,0,91,30.46484375
spectrum,721,480417840,512,1,8,59,8bb609ff,6.0129693689523265,0,88,29.8515625
spectrum,722,481057760,512,1,8,60,4594d4a4,6.020874576992355,0,90,30.396484375
spectrum,723,481776960,512,1,8,61,86995055,6.0298668870236725,0,99,31.822265625
spectrum,724,482417520,512,1,8,62,ae321ac5,6.037857315968722,0,95,32.16015625
spectrum,725,483057440,512,1,8,61,b2b89f61,6.045853013987653,0,99,31.05078125
spectrum,726,483776720,512,1,8,62,27d4f46e,6.054855934926309,0,102,30.1640625
spectrum,727,484417440,512,1,8,60,f6ce7bba,6.062837286037393,0,97,29.78125
spectrum,728,485057440,512,1,8,60,41677a93,6.070854244986549,0,91,29.60546875
spectrum,729,485777280,512,1,8,60,016849ec,6.079840132966638,0,93,30.7578125
spectrum,730,486417840,512,1,8,60,3e72425f,6.088256877032109,0,91,31.291015625
spectrum,731,487057760,512,1,8,60,7f1cd956,6.095728495973162,0,93,30.734375
spectrum,732,487776960,512,1,8,31,24cd009b,6.10486870596651,0,129,27.3046875
spectrum,733,488418800,512,1,8,59,2f7459f0,6.11289179592859,0,88,28.390625
spectrum,734,489057440,512,1,8,60,84c17f95,6.120868579018861,0,90,30.244140625
spectrum,735,489777280,512,1,8,60,7bf9025e,6.129856740939431,0,86,30.28125
spectrum,736,490417840,512,1,8,60,476efdf7,6.137939654989168,0,94,30.091796875
spectrum,737,491057760,512,1,8,61,5e64d1e8,6.145851635024883,0,97,31.2109375
spectrum,738,491776960,512,1,8,61,713354a0,6.154894781997427,0,90,30.5078125
spectrum,739,492417760,512,1,8,59,9241331a,6.16287853801623,0,90,29.1875
spectrum,740,493057760,512,1,8,60,a567f163,6.171416861005127,0,92,30.595703125
spectrum,741,493777280,512,1,8,34,8829e5b5,6.180113423033617,0,131,25.505859375
spectrum,742,494419360,512,1,8,61,09c946b8,6.187965390039608,0,93,30.451171875
spectrum,743,495057840,512,1,8,60,a1506207,6.196293696993962,0,92,30.21484375
spectrum,744,495776960,512,1,8,60,551e87ff,6.20510938402731,0,84,29.517578125
spectrum,745,496419040,512,1,8,59,1d3f24cf,6.21299278002698,0,101,30.201171875
spectrum,746,497059440,512,1,8,60,19d31315,6.222225454985164,0,91,30.783203125
spectrum,747,497776960,512,1,8,60,b4ee4c13,6.229897051001899,0,88,30.8125
spectrum,748,498417760,512,1,8,61,61d6aadf,6.2382900399388745,0,98,30.7890625
spectrum,749,499059040,512,1,8,59,4b223f38,6.245943401940167,0,91,29.830078125
spectrum,750,499776960,512,1,8,60,cc2c16d3,6.255107506993227,0,86,29.953125
spectrum,751,500417440,512,1,8,60,1c45e821,6.262896053958684,0,88,28.642578125
spectrum,752,501057440,512,1,8,60,27b39d59,6.270996431005187,0,91,30.2734375
spectrum,753,501776720,512,1,8,60,7f56404e,6.2799359009368345,0,95,30.0625
spectrum,754,502418480,512,1,8,61,67ab4d1f,6.287906571989879,0,95,29.9765625
spectrum,755,503057440,512,1,8,60,dd408703,6.295922760036774,0,90,29.7578125
spectrum,756,503776960,512,1,8,37,bd32c05a,6.305090802023187,0,124,37.046875
spectrum,757,504419360,512,1,8,60,c84455d3,6.312913183006458,0,141,37.34765625
spectrum,758,505060080,512,1,8,60,71d7cadb,6.320915575022809,0,90,29.890625
spectrum,759,505776720,512,1,8,60,58a858f4,6.329838454024866,0,89,31.228515625
spectrum,760,506417440,512,1,8,60,7967f41b,6.337958847987466,0,93,29.912109375
spectrum,761,507057440,512,1,8,60,d277cc59,6.346165674971417,0,90,30.501953125
spectrum,762,507776720,512,1,8,59,6b089d3e,6.354973427020013,0,91,28.787109375
spectrum,763,508417440,512,1,8,60,da4e13b2,6.36305517796427,0,92,30.310546875
spectrum,764,509057440,512,1,8,60,daabc939,6.370965566020459,0,92,29.748046875
spectrum,765,509776720,512,1,8,37,382c5cdc,6.379929473041557,0,125,39.837890625
spectrum,766,510419680,512,1,8,33,797b723f,6.3910853889537975,0,123,30.931640625
spectrum,767,511059520,512,1,8,58,3471b675,6.395867559011094,0,93,28.634765625
spectrum,768,511776960,512,1,8,60,961b2463,6.405048926942982,0,91,29.5625
spectrum,769,512421760,512,1,8,59,761817df,6.412954494939186,0,88,29.73046875
spectrum,770,513057520,512,1,8,60,165b9550,6.420881172991358,0,98,30.94140625
spectrum,771,513776960,512,1,8,72,d311b1ab,6.429959535948001,0,126,66.974609375
spectrum,772,514417600,512,1,8,60,a2b37741,6.43793082900811,0,92,30.1015625
spectrum,773,515057440,512,1,8,61,c685eeb8,6.445854380959645,0,101,30.71484375
spectrum,774,515776720,512,1,8,58,78a19583,6.454915791982785,0,84,29.197265625
spectrum,775,516417440,512,1,8,61,4fdee89e,6.462858550949022,0,100,31.14453125
spectrum,776,517057440,512,1,8,60,571e8ae1,6.470895185950212,0,88,29.23046875
spectrum,777,517776720,512,1,8,60,d69a201f,6.47989790700376,0,94,30.13671875
spectrum,778,518419360,512,1,8,60,f4eb1a4a,6.487922389991581,0,94,29.32421875
spectrum,779,519057840,512,1,8,60,290eba39,6.495865668985061,0,97,30.541015625
spectrum,780,519776960,512,1,8,59,6703f7bd,6.504872908000834,0,93,29.248046875
spectrum,781,520417760,512,1,8,62,588d686d,6.51291475398466,0,94,31.57421875
spectrum,782,521058800,512,1,8,60,8accd4a6,6.520979912951589,0,91,30.033203125
spectrum,783,521777280,512,1,8,63,098310f7,6.5298591300379485,0,111,33.3046875
spectrum,784,522417840,512,1,8,60,c9040538,6.537920702947304,0,87,29.982421875
spectrum,785,523057760,512,1,8,60,4bd79f96,6.54585519596003,0,98,30.42578125
spectrum,786,523776960,512,1,8,61,919e4def,6.554882823023945,0,104,31.04296875
spectrum,787,524417760,512,1,8,60,41feedb3,6.56289184698835,0,90,30.5234375
spectrum,788,525057760,512,1,8,60,f372f573,6.570914046023972,0,148,40.521484375
spectrum,789,525776960,512,1,8,60,0c7e3df5,6.579883844009601,0,92,30.470703125
spectrum,790,526417760,512,1,8,63,2d77a880,6.587768633035012,0,108,32.4296875
spectrum,791,527058560,512,1,8,60,a65ee2ce,6.595692845992744,0,93,30.537109375
spectrum,792,527776720,512,1,8,60,bdff2a6b,6.605450751958415,0,90,29.7109375
spectrum,793,528417440,512,1,8,60,5c6274b0,6.6129349149996415,0,91,29.82421875
spectrum,794,529059680,512,1,8,60,d3593047,6.621055569965392,0,89,30.3046875
spectrum,795,529776960,512,1,8,61,5fad86cf,6.629879651940428,0,98,31.521484375
spectrum,796,530419360,512,1,8,60,60b4430c,6.637919003027491,0,98,31.224609375
spectrum,797,531057840,512,1,8,59,858f8155,6.645909733022563,0,95,28.24609375
spectrum,798,531776960,512,1,8,60,81e6185d,6.654957007034682,0,97,29.818359375
spectrum,799,532419040,512,1,8,57,7a18f6f6,6.662923831027001,0,94,27.732421875
spectrum,800,533057520,512,1,8,60,a67f672e,6.670957400929183,0,88,29.427734375
spectrum,801,533776720,512,1,8,60,e71c5dde,6.679963186965324,0,90,30.109375
spectrum,802,534417440,512,1,8,60,21bd7130,6.687957171932794,0,94,29.69140625
spectrum,803,535058880,512,1,8,61,eac6937e,6.695886034984142,0,104,32.232421875
spectrum,804,535776720,512,1,8,60,56198282,6.704937256989069,0,89,30.716796875
spectrum,805,536417440,512,1,8,60,b85b292d,6.712939427001402,0,102,31.53125
spectrum,806,537059440,512,1,8,60,f8707ede,6.72092273295857,0,94,30.83203125
spectrum,807,537777920,512,1,8,61,be68c9fb,6.729880437953398,0,93,31.5546875
spectrum,808,538418400,512,1,8,60,e1a02eb8,6.7379659259459,0,95,29.23828125
spectrum,809,539057760,512,1,8,35,09dca42c,6.745937919942662,0,125,32.150390625
spectrum,810,539776960,512,1,8,61,5da0c91a,6.754930099938065,0,95,30.150390625
spectrum,811,540417760,512,1,8,60,636cb1a4,6.762869541998953,0,91,30.45703125
spectrum,812,541057760,512,1,8,60,be8c7580,6.77095231495332,0,95,29.65234375
spectrum,813,541776960,512,1,8,60,44233188,6.779991223942488,0,90,31.029296875
spectrum,814,542417760,512,1,8,60,e0591d9a,6.787946896976791,0,90,29.291015625
spectrum,815,543059040,512,1,8,58,49bd8d45,6.795931283966638,0,92,29.177734375
spectrum,816,543776720,512,1,8,62,acb87774,6.80493846302852,0,104,31.630859375
spectrum,817,544417440,512,1,8,62,7c80d869,6.812896730960347,0,107,32.171875
spectrum,818,545057440,512,1,8,30,4f73515c,6.822140175034292,0,122,29.876953125
spectrum,819,545776960,512,1,8,60,5708a520,6.829969218932092,0,88,29.822265625
spectrum,820,546418560,512,1,8,60,bd67c895,6.83812179393135,0,90,29.677734375
spectrum,821,547057520,512,1,8,62,359678d7,6.846039604977705,0,98,32.48828125
spectrum,822,547776720,512,1,8,61,6f76af00,6.856666823034175,0,98,29.9765625
spectrum,823,548417440,512,1,8,60,48def274,6.8629309620009735,0,90,30.201171875
spectrum,824,549057440,512,1,8,60,a92e5d7e,6.870945596019737,0,88,30.126953125
spectrum,825,549776720,512,1,8,60,5cbafb7a,6.8799489280208945,0,84,29.033203125
spectrum,826,550417440,512,1,8,60,e7cf1a04,6.887931191013195,0,92,30.0390625
spectrum,827,551060320,512,1,8,60,13bce45d,6.895894779008813,0,97,34.359375
spectrum,828,551776960,512,1,8,60,523c74ef,6.904973041964695,0,88,30.365234375
spectrum,829,552417760,512,1,8,64,66230751,6.912910880986601,0,107,33.228515625
spectrum,830,553057760,512,1,8,60,8ac66c43,6.920909664942883,0,91,30.458984375
spectrum,831,553776960,512,1,8,60,830c3a91,6.929933254956268,0,88,29.92578125
spectrum,832,554419360,512,1,8,63,21716a5e,6.939213749952614,0,99,31.96875
spectrum,833,555057840,512,1,8,58,2feeb18c,6.945871541975066,0,93,29.322265625
spectrum,834,555776960,512,1,8,36,97f4bc8d,6.955792997032404,0,123,37.16015625
spectrum,835,556417760,512,1,8,59,e8eb0c6a,6.962962375022471,0,86,29.751953125
spectrum,836,557057760,512,1,8,60,c9f8fbb3,6.972158981952816,0,94,31.171875
spectrum,837,557776960,512,1,8,59,d3b87f62,6.979897373938002,0,87,29.142578125
spectrum,838,558417760,512,1,8,60,6f645716,6.987937856931239,0,88,29.73046875
spectrum,839,559057760,512,1,8,60,3185b404,6.995972629985772,0,89,30.73046875
spectrum,840,559777600,512,1,8,33,c1b9f104,7.00493957195431,0,123,30.43359375
spectrum,841,560418160,512,1,8,60,311e6c15,7.012986477930099,0,94,30.634765625
spectrum,842,561061680,512,1,8,60,4f43106a,7.020958821987733,0,90,30.158203125
spectrum,843,561776960,512,1,8,60,6b7f0ba3,7.031828818027861,0,90,29.23046875
spectrum,844,562420000,512,1,8,60,04409f93,7.0379310209536925,0,91,29.83984375
spectrum,845,563057840,512,1,8,60,7f142b30,7.045916059985757,0,90,29.71484375
spectrum,846,563776960,512,1,8,59,7fa34800,7.0549208839656785,0,86,28.666015625
spectrum,847,564417760,512,1,8,60,3ccdeed2,7.062954655033536,0,95,29.791015625
spectrum,848,565057760,512,1,8,60,cbc65468,7.072749600978568,0,86,30.16015625
spectrum,849,565776960,512,1,8,59,f359ee36,7.079957471927628,0,91,30.0703125
spectrum,850,566417520,512,1,8,60,db6ca312,7.087896403041668,0,91,30.458984375
spectrum,851,567057440,512,1,8,59,952597a5,7.095980457961559,0,87,29.626953125
spectrum,852,567777280,512,1,8,45,190bf59b,7.104965626029298,0,121,42.939453125
spectrum,853,568417840,512,1,8,61,b339d548,7.112873318023048,0,102,31.072265625
spectrum,854,569057760,512,1,8,60,276dc485,7.120884084957652,0,88,30.591796875
spectrum,855,569778240,512,1,8,61,303fa1d7,7.129918664926663,0,98,30.103515625
spectrum,856,570418480,512,1,8,60,fd8a78da,7.137937597930431,0,96,29.712890625
spectrum,857,571058240,512,1,8,60,22e286d0,7.1458911469671875,0,90,30.267578125
spectrum,858,571776720,512,1,8,61,033d7d3c,7.154928031028248,0,105,31.12109375
spectrum,859,572417440,512,1,8,61,489a58e8,7.162886930978857,0,96,31.66015625
spectrum,860,573057440,512,1,8,60,efde3e72,7.170928725972772,0,91,30.2890625
spectrum,861,573776720,512,1,8,59,d5b7fdc8,7.179983363952488,0,92,30.0625
spectrum,862,574417440,512,1,8,59,f8ca4567,7.18791640503332,0,90,28.505859375
spectrum,863,575057440,512,1,8,59,b2640660,7.195891704992391,0,94,31.275390625
spectrum,864,575777280,512,1,8,31,c53f7fdb,7.204879977973178,0,123,29.41796875
spectrum,865,576419040,512,1,8,60,953a212f,7.212928856955841,0,92,30.06640625
spectrum,866,577057520,512,1,8,60,6d4d3ff0,7.220879390020855,0,90,30.228515625
spectrum,867,577776720,512,1,8,60,8f9f95ee,7.229908930952661,0,97,30.61328125
spectrum,868,578418800,512,1,8,61,d7de3ae1,7.237920488929376,0,96,31.4296875
spectrum,869,579059360,512,1,8,35,9b7209b6,7.246018139994703,0,127,34.11328125
spectrum,870,579776960,512,1,8,60,194001be,7.255756128928624,0,94,29.830078125
spectrum,871,580417760,512,1,8,59,9a64ebdf,7.26293495495338,0,97,30.326171875
spectrum,872,581057760,512,1,8,60,c663c1eb,7.271048316033557,0,92,29.51171875
spectrum,873,581776960,512,1,8,60,aa57820e,7.279980111983605,0,94,31.810546875
spectrum,874,582417760,512,1,8,64,0f89ca54,7.288058666978031,0,110,33.212890625
spectrum,875,583057760,512,1,8,60,8d6443fb,7.295919921947643,0,99,30.982421875
spectrum,876,583780800,512,1,8,61,c91557fa,7.304945796029642,0,98,30.009765625
spectrum,877,584418160,512,1,8,61,d58927a3,7.312968906015158,0,94,31.8046875
spectrum,878,585057760,512,1,8,60,b7004e6f,7.321554929018021,0,90,29.830078125
spectrum,879,585776960,512,1,8,60,818cf477,7.330721628968604,0,90,31.06640625
spectrum,880,586419040,512,1,8,60,5955184e,7.337928278022446,0,97,31.412109375
spectrum,881,587059440,512,1,8,60,961eaba3,7.346286301035434,0,92,30.09375
spectrum,882,587776960,512,1,8,60,16606244,7.354718443006277,0,91,30.55859375
spectrum,883,588421200,512,1,8,71,b7c7ba74,7.362926943926141,0,129,41.26953125
spectrum,884,589057840,512,1,8,36,8be9871b,7.371047999011353,0,124,38.470703125
spectrum,885,589776960,512,1,8,59,d77396a2,7.379889674950391,0,89,30.181640625
spectrum,886,590417760,512,1,8,62,c402e545,7.38839364296291,0,96,31.546875
spectrum,887,591057760,512,1,8,72,30a78710,7.395961954956874,0,136,42.794921875
spectrum,888,591777280,512,1,8,39,13fffc75,7.404896526015364,0,127,36.6640625
spectrum,889,592418880,512,1,8,62,4693a511,7.412887786980718,0,104,32.994140625
spectrum,890,593057520,512,1,8,60,52c12052,7.421508995932527,0,92,29.416015625
spectrum,891,593776720,512,1,8,60,5547bca0,7.429905842989683,0,93,30.90625
spectrum,892,594355360,512,1,8,63,f514157e,7.436959833023138,0,104,32.482421875
spectrum,893,594977920,512,1,8,60,11f02be1,7.4449394210241735,0,93,31.189453125
spectrum,894,595696960,512,1,8,60,3b4c9dfd,7.453986314940266,0,101,30.986328125
spectrum,895,596339360,512,1,8,60,8d17eadf,7.461934934020974,0,97,31.8828125
spectrum,896,596977840,512,1,8,59,da73f516,7.4699097640113905,0,89,29.005859375
spectrum,897,597696960,512,1,8,62,7e733363,7.479420833988115,0,97,31.525390625
spectrum,898,598337760,512,1,8,61,25bb4a46,7.48688848502934,0,103,30.47265625
spectrum,899,598977760,512,1,8,72,a995abaa,7.4948889629449695,0,133,43.357421875
spectrum,900,599696960,512,1,8,64,e6c458e1,7.503915467998013,0,103,32.455078125
spectrum,901,600339040,512,1,8,60,0cf61d61,7.511952484026551,0,103,31.09765625
spectrum,902,600977520,512,1,8,62,11834ced,7.520047620986588,0,100,32.529296875
spectrum,903,601696720,512,1,8,61,7b25de81,7.5288736269576475,0,91,31.341796875
spectrum,904,602337440,512,1,8,61,f7137ad2,7.536942573962733,0,90,30.548828125
spectrum,905,602978800,512,1,8,60,4b6d0b0a,7.5448832790134475,0,94,30.9453125
spectrum,906,603697280,512,1,8,61,842d4d7a,7.553878695005551,0,99,31.1875
spectrum,907,604337840,512,1,8,60,d8a63e8f,7.561868963995948,0,90,31.380859375
spectrum,908,604977760,512,1,8,72,e758fbdd,7.569886193028651,0,128,41.017578125
spectrum,909,605696960,512,1,8,60,f95b6abf,7.5788897150196135,0,90,29.708984375
spectrum,910,606337760,512,1,8,60,af6ae5b6,7.586905080010183,0,99,30.345703125
spectrum,911,606977760,512,1,8,63,2b3012a5,7.595680059981532,0,108,32.69921875
spectrum,912,607696960,512,1,8,60,f23153b9,7.603921683039516,0,95,30.458984375
spectrum,913,608337760,512,1,8,35,701235a0,7.611939272959717,0,158,80.138671875
spectrum,914,609057680,512,1,8,36,76b21f5d,7.620915323030204,0,126,38.443359375
spectrum,915,609776720,512,1,8,60,8f16aa82,7.629869241034612,0,94,31.744140625
spectrum,916,610417440,512,1,8,60,9ce60557,7.637886570999399,0,90,29.96875
spectrum,917,611059680,512,1,8,60,cad44378,7.645928325946443,0,94,29.947265625
spectrum,918,611776960,512,1,8,60,3c19134f,7.654917560983449,0,92,29.560546875
spectrum,919,612417520,512,1,8,60,2b04f83d,7.662907729041763,0,93,30.205078125
spectrum,920,613058800,512,1,8,60,16abe35d,7.670888609951362,0,88,29.537109375
spectrum,921,613776720,512,1,8,72,e59959c7,7.6798922210000455,0,134,41.953125
spectrum,922,614417440,512,1,8,60,1f73e25a,7.68789017398376,0,88,30.8828125
spectrum,923,615057440,512,1,8,60,edf740e7,7.695886233937927,0,92,30.146484375
spectrum,924,615776720,512,1,8,61,e9d70645,7.7049372650217265,0,92,30.439453125
spectrum,925,616417440,512,1,8,59,73ebea31,7.713143731933087,0,94,30.08203125
spectrum,926,617058800,512,1,8,31,eef417fa,7.720964450039901,0,123,29.177734375
spectrum,927,617776960,512,1,8,36,6751c96c,7.729882751009427,0,123,37.904296875
spectrum,928,618417440,512,1,8,62,e0b73571,7.739338465966284,0,105,31.4296875
spectrum,929,619059280,512,1,8,58,d328a7e1,7.745967093040235,0,89,30.2734375
spectrum,930,619776960,512,1,8,61,7a6f52f8,7.754952330957167,0,100,31.431640625
spectrum,931,620417520,512,1,8,60,18201180,7.762895629974082,0,91,31.23828125
spectrum,932,621057440,512,1,8,41,63a8dfcc,7.771040771040134,0,103,29.900390625
spectrum,933,621776960,512,1,8,60,e748194f,7.7798954820027575,0,94,30.59765625
spectrum,934,622417440,512,1,8,63,8ae23ac4,7.78790771192871,0,106,32.3828125
spectrum,935,623057440,512,1,8,60,05ead17f,7.795908689964563,0,97,31.119140625
spectrum,936,623776720,512,1,8,62,5dd464ea,7.804938921937719,0,97,31.814453125
spectrum,937,624418560,512,1,8,56,093a991c,7.812886739964597,0,97,26.4140625
spectrum,938,625059360,512,1,8,61,c80708d8,7.820878271013498,0,90,30.201171875
spectrum,939,625776960,512,1,8,58,cb2b6944,7.829874909948558,0,94,29.3125
spectrum,940,626418560,512,1,8,60,a35f3508,7.8379090710077435,0,92,30.2890625
spectrum,941,627057440,512,1,8,29,660aaeb4,7.845886825933121,0,119,30.3203125
spectrum,942,627776960,512,1,8,72,e052fbf4,7.854922838974744,0,135,40.904296875
spectrum,943,628419520,512,1,8,60,1016e46c,7.862763634999283,0,98,31.33984375
spectrum,944,629060960,512,1,8,60,00ad345a,7.870851567946374,0,92,29.5390625
spectrum,945,629776960,512,1,8,60,28de1c37,7.879860810004175,0,95,30.880859375
spectrum,946,630417760,512,1,8,60,aa8b01cb,7.887878259993158,0,92,30.361328125
spectrum,947,631060320,512,1,8,59,10cc029f,7.8958815729711205,0,98,29.375
spectrum,948,631776720,512,1,8,59,064b1a7e,7.904862732975744,0,92,28.61328125
spectrum,949,632417440,512,1,8,72,a180dabf,7.9128649740014225,0,130,40.443359375
spectrum,950,633059680,512,1,8,32,2d58061b,7.920909013017081,0,125,31.181640625
spectrum,951,633776960,512,1,8,32,c6a00785,7.929883018950932,0,120,30.873046875
spectrum,952,634418160,512,1,8,60,58b4cd05,7.937882625032216,0,97,29.32421875
spectrum,953,635057440,512,1,8,62,3deb582b,7.945873274002224,0,95,32.37109375
spectrum,954,635777280,512,1,8,61,78eaa357,7.954889970947988,0,91,29.62109375
spectrum,955,636419040,512,1,8,60,cb18f613,7.962883415981196,0,96,31.30859375
spectrum,956,637057520,512,1,8,39,6e4b1b2e,7.970875898026861,0,106,23.54296875
spectrum,957,637776720,512,1,8,61,4f0585aa,7.9798833769746125,0,93,30.076171875
spectrum,958,638417440,512,1,8,61,15cc78ef,7.987897510989569,0,94,31.291015625
spectrum,959,639057440,512,1,8,60,0ef945fc,7.995850868988782,0,97,31.68359375
spectrum,960,639776720,512,1,8,59,75157e77,8.00488119199872,0,98,28.513671875
spectrum,961,640417440,512,1,8,72,58ca8d9e,8.012866870965809,0,134,43.9296875
spectrum,962,641057440,512,1,8,38,2b110575,8.020934715983458,0,109,23.365234375
spectrum,963,641776960,512,1,8,59,f80c457d,8.029847636935301,0,96,30.021484375
spectrum,964,642417440,512,1,8,60,0e8620aa,8.03800328692887,0,96,30.83984375
spectrum,965,643057440,512,1,8,60,5b821e04,8.045867498032749,0,94,32.6015625
spectrum,966,643777280,512,1,8,61,595cb43e,8.054911165032536,0,87,30.251953125
spectrum,967,644419040,512,1,8,60,d7d31a4f,8.062919197021984,0,92,30.73828125
spectrum,968,645057520,512,1,8,38,45c619f6,8.070869168965146,0,110,19.734375
spectrum,969,645777280,512,1,8,72,29c9507d,8.079919639974833,0,125,42.1484375
spectrum,970,646417840,512,1,8,61,a6cfd6fa,8.088145151967183,0,97,31.9453125
spectrum,971,647057760,512,1,8,59,0f6a0ed1,8.095871662953869,0,91,31.12109375
spectrum,972,647776960,512,1,8,59,9e10eb35,8.104975813999772,0,91,29.62890625
spectrum,973,648419040,512,1,8,61,744f916b,8.112775763031095,0,102,31.1171875
spectrum,974,649060640,512,1,8,60,f0eb4ebc,8.120895716943778,0,93,30.31640625
spectrum,975,649777600,512,1,8,60,ccb1e061,8.129892425029539,0,92,30.833984375
spectrum,976,650418160,512,1,8,60,cdbde358,8.137884186930023,0,95,30.615234375
spectrum,977,651057440,512,1,8,60,7e27507a,8.14585721201729,0,106,31.994140625
spectrum,978,651777280,512,1,8,61,cb97f8b2,8.154953208984807,0,95,31.75
spectrum,979,652417840,512,1,8,32,8fa0750b,8.162911345949396,0,125,37.47265625
spectrum,980,653058560,512,1,8,64,ffd2d012,8.170883429935202,0,98,32.01953125
spectrum,981,653776720,512,1,8,60,7bb37493,8.179972062935121,0,87,29.98828125
spectrum,982,654417440,512,1,8,59,0f2b029e,8.187928878003731,0,97,29.5
spectrum,983,655057440,512,1,8,35,04e9bf7b,8.19586893194355,0,122,36.890625
spectrum,984,655776720,512,1,8,59,cafd2e2c,8.204917658935301,0,89,29.88671875
spectrum,985,656417440,512,1,8,63,95c59374,8.212965445942245,0,102,32.115234375
spectrum,986,657057440,512,1,8,36,46da9493,8.220871063997038,0,140,19.83203125
spectrum,987,657777280,512,1,8,59,b2f1e2b9,8.230016042944044,0,94,29.8203125
spectrum,988,658417840,512,1,8,61,bd08314e,8.237975302967243,0,93,30.421875
spectrum,989,659057760,512,1,8,60,34583bad,8.245929333032109,0,91,30.703125
spectrum,990,659776960,512,1,8,30,c8234a99,8.254929597955197,0,126,29.24609375
spectrum,991,660418480,512,1,8,62,6af441c3,8.262866665958427,0,99,32.47265625
spectrum,992,661059360,512,1,8,58,955ed52e,8.270890727988444,0,91,28.482421875
spectrum,993,661776960,512,1,8,59,e8f28eda,8.279848132980987,0,90,29.712890625
spectrum,994,662417760,512,1,8,62,5a04989f,8.287882213946432,0,98,31.28125
spectrum,995,663057760,512,1,8,60,1c1defea,8.295876840944402,0,100,30.490234375
spectrum,996,663776960,512,1,8,60,fc233333,8.304885252029635,0,94,30.67578125
spectrum,997,664417760,512,1,8,60,ecee80dc,8.31293276802171,0,91,31.314453125
spectrum,998,665057760,512,1,8,38,c49b011b,8.32105435396079,0,126,16.58203125
spectrum,999,665776960,512,1,8,32,b72721c0,8.329911730019376,0,126,31.13671875
spectrum,1000,666419360,512,1,8,32,4ed5825b,8.33787616994232,0,125,30.51171875
spectrum,1001,667059040,512,1,8,63,72d75322,8.34589439094998,0,105,32.84375
spectrum,1002,667777280,512,1,8,60,a14adca1,8.35492922202684,0,88,30.390625
spectrum,1003,668419120,512,1,8,59,c66fc187,8.362763445009477,0,95,29.8984375
spectrum,1004,669063200,512,1,8,64,5e298a0b,8.37090968794655,0,98,32.59375
spectrum,1005,669776960,512,1,8,60,73fdd402,8.379914482939057,0,97,30.857421875
spectrum,1006,670417760,512,1,8,61,f5d3955a,8.38870647503063,0,90,31.169921875
spectrum,1007,671057760,512,1,8,60,62d17a29,8.39591547800228,0,116,32.291015625
spectrum,1008,671776960,512,1,8,60,63025b44,8.405484647955745,0,93,29.615234375
spectrum,1009,672419360,512,1,8,60,88d4efb1,8.412960835034028,0,95,31.298828125
spectrum,1010,673057520,512,1,8,38,e8cdba41,8.420961483032443,0,106,28.142578125
spectrum,1011,673776720,512,1,8,60,79cfb651,8.429962700000033,0,93,29.8359375
spectrum,1012,674418480,512,1,8,60,d4d389ae,8.438025175011717,0,89,29.625
spectrum,1013,675059360,512,1,8,62,18c8096e,8.445954327937216,0,95,31.083984375
spectrum,1014,675776960,512,1,8,59,f30fdb48,8.455074429977685,0,84,30.015625
spectrum,1015,676419040,512,1,8,60,8864c1ae,8.462961924029514,0,97,30.44921875
spectrum,1016,677060400,512,1,8,60,3c3d544c,8.470967901987024,0,92,30.74609375
spectrum,1017,677776960,512,1,8,60,402e32fb,8.479966323939152,0,92,30.673828125
spectrum,1018,678417760,512,1,8,60,6a3933fa,8.487948296940885,0,86,28.99609375
spectrum,1019,679057760,512,1,8,61,f8ee451f,8.495966958929785,0,127,33.201171875
spectrum,1020,679776960,512,1,8,60,bde9780d,8.504939793027006,0,91,29.61328125
spectrum,1021,680417760,512,1,8,60,808b3eec,8.512893621926196,0,94,30.517578125
spectrum,1022,681057760,512,1,8,35,3b46a302,8.520972338039428,0,142,16.9921875
spectrum,1023,681776960,512,1,8,63,aa04dc6b,8.529986219014972,0,98,33.03125
spectrum,1024,682419040,512,1,8,31,a8d7e2f0,8.537990764016286,0,124,30.47265625
spectrum,1025,683059280,512,1,8,60,233a7692,8.545927181025036,0,92,30.384765625
spectrum,1026,683776960,512,1,8,58,1e2feb37,8.55510144494474,0,97,28.580078125
spectrum,1027,684418560,512,1,8,30,8a4c6885,8.56298013299238,0,123,33.236328125
spectrum,1028,685058240,512,1,8,60,2c62a4c6,8.570981421973556,0,95,30.19921875
spectrum,1029,685776960,512,1,8,37,8aa781fb,8.579946681973524,0,121,38.53125
spectrum,1030,686417520,512,1,8,60,b85b2b6c,8.588004407007247,0,90,29.888671875
spectrum,1031,687057440,512,1,8,34,5498e89a,8.595929823000915,6,151,63.603515625
spectrum,1032,687777280,512,1,8,60,bb97cb68,8.60493565897923,0,92,30.3125
spectrum,1033,688417840,512,1,8,60,6448b1ee,8.612973056035116,0,90,30.732421875
spectrum,1034,689057760,512,1,8,39,d6ffc1b4,8.620802190969698,0,153,25.978515625
spectrum,1035,689776960,512,1,8,63,70634c63,8.629931489937007,0,99,32.599609375
spectrum,1036,690419360,512,1,8,63,fcff5301,8.637920395936817,0,104,32.087890625
spectrum,1037,691057520,512,1,8,34,d26ee0b2,8.645961078931578,0,140,37.705078125
spectrum,1038,691776720,512,1,8,60,3b0fb32a,8.655052987975068,0,90,29.05078125
spectrum,1039,692417440,512,1,8,58,59af5052,8.662937787012197,0,90,28.564453125
spectrum,1040,693059280,512,1,8,60,80e1f492,8.670997916953638,0,91,29.9140625
spectrum,1041,693776960,512,1,8,37,6fbf3f75,8.679978174972348,0,117,34.55078125
spectrum,1042,694417520,512,1,8,62,77172f69,8.687948214937933,0,104,31.396484375
spectrum,1043,695057440,512,1,8,34,d9db53cd,8.69592022895813,0,154,71.326171875
spectrum,1044,695776720,512,1,8,62,098d828a,8.704910355969332,0,103,31.548828125
spectrum,1045,696417440,512,1,8,63,3e48dda1,8.713046910008416,0,104,33.626953125
spectrum,1046,697057440,512,1,8,64,b838e362,8.720922000939026,0,154,30.033203125
spectrum,1047,697776720,512,1,8,60,7e7ca261,8.72992487193551,0,91,29.76953125
spectrum,1048,698417440,512,1,8,60,3a3def08,8.737882668967359,0,88,29.330078125
spectrum,1049,699058880,512,1,8,60,9364864e,8.745934022939764,0,88,30.716796875
spectrum,1050,699776720,512,1,8,61,e1cabc4c,8.754964765976183,0,103,30.662109375
spectrum,1051,700417440,512,1,8,59,70577fa0,8.762927862931974,0,89,29.068359375
spectrum,1052,701059360,512,1,8,60,b31767ea,8.770892341970466,0,100,29.890625
spectrum,1053,701776960,512,1,8,61,a6490f52,8.779942010995,0,94,32.396484375
spectrum,1054,702417520,512,1,8,60,8fed26be,8.787881794036366,0,94,29.884765625
spectrum,1055,703057440,512,1,8,35,56c5c736,8.796084263012744,0,144,16.845703125
spectrum,1056,703776720,512,1,8,61,dbb76ae6,8.804943984025158,0,96,31.05859375
spectrum,1057,704417440,512,1,8,60,3f087f8c,8.812882164027542,0,90,31.060546875
spectrum,1058,705057440,512,1,8,36,7dcc8099,8.820974764996208,0,159,64.53125
spectrum,1059,705776720,512,1,8,58,fe5323d5,8.829997061984614,0,84,28.0234375
spectrum,1060,706417440,512,1,8,61,fb967d88,8.838011396001093,0,102,30.521484375
spectrum,1061,707059360,512,1,8,60,b825f4d5,8.845948564005084,0,93,31.85546875
spectrum,1062,707776960,512,1,8,59,04911af7,8.855462961015292,0,90,29.7109375
spectrum,1063,708417760,512,1,8,60,d23e8dfb,8.863135618972592,0,88,30.216796875
spectrum,1064,709060240,512,1,8,60,a4141393,8.871210878016427,0,87,29.408203125
spectrum,1065,709776720,512,1,8,32,ea5767af,8.879961833008565,0,126,38.609375
spectrum,1066,710418880,512,1,8,36,f429aa44,8.887993689975701,0,120,37.44921875
spectrum,1067,711057520,512,1,8,36,0221c12e,8.895984119037166,0,144,16.544921875
spectrum,1068,711776720,512,1,8,61,40285a2c,8.905139056034386,0,102,30.275390625
spectrum,1069,712417440,512,1,8,60,6c75766d,8.912943172967061,0,88,30.392578125
spectrum,1070,713057440,512,1,8,36,2959d9d4,8.920921950018965,20,162,80.53125
spectrum,1071,713776720,512,1,8,60,91e6c522,8.92994224303402,0,96,31.0703125
spectrum,1072,714417440,512,1,8,61,2044af52,8.937974230968393,0,99,31.068359375
spectrum,1073,715059360,512,1,8,60,71cc3107,8.945943568949588,0,93,30.30859375
spectrum,1074,715776960,512,1,8,60,20a1654c,8.954948893981054,0,89,31.259765625
spectrum,1075,716417760,512,1,8,58,9e21f5cc,8.962924344930798,0,87,29.025390625
spectrum,1076,717057760,512,1,8,64,4f034d89,8.971577554941177,0,155,49.455078125
spectrum,1077,717776960,512,1,8,60,7f9ead45,8.979886585031636,0,92,31.80078125
spectrum,1078,718419360,512,1,8,59,f8b36945,8.987963457009755,0,90,30.30859375
spectrum,1079,719057840,512,1,8,35,476d7b39,8.995946621987969,0,147,48.0859375
spectrum,1080,719776960,512,1,8,59,1d89243e,9.004950094036758,0,91,29.53125
spectrum,1081,720417760,512,1,8,60,8457fff6,9.01288592000492,0,96,31.189453125
spectrum,1082,721057760,512,1,8,36,5197d854,9.020948624936864,14,159,66.515625
spectrum,1083,721776960,512,1,8,61,6515ef22,9.03000595793128,0,105,31.4765625
spectrum,1084,722417760,512,1,8,60,1bc6afc8,9.037880507996306,0,92,30.15625
spectrum,1085,723060640,512,1,8,60,fc03fcde,9.045879572979175,0,92,31.759765625
spectrum,1086,723776720,512,1,8,59,479427d9,9.054992020013742,0,86,28.794921875
spectrum,1087,724417440,512,1,8,60,bbda47e8,9.063039456959814,0,93,30.240234375
spectrum,1088,725057440,512,1,8,36,b41adf08,9.070939444936812,0,148,53.16015625
spectrum,1089,725777280,512,1,8,59,c5a8f334,9.07996327499859,0,88,29.416015625
spectrum,1090,726419120,512,1,8,60,4040d8b2,9.088067578035407,0,89,30.123046875
spectrum,1091,727057520,512,1,8,35,c01da2ab,9.096783105982468,12,154,71.654296875
spectrum,1092,727776720,512,1,8,63,a1d69411,9.105045128031634,0,111,32.169921875
spectrum,1093,728417440,512,1,8,60,8ba8c90b,9.112960624974221,0,92,30.171875
spectrum,1094,729057440,512,1,8,36,61324679,9.120911058038473,0,146,20.38671875
spectrum,1095,729776720,512,1,8,60,ebd4095c,9.129954284988344,0,104,30.28515625
spectrum,1096,730420560,512,1,8,64,46d3ee01,9.13790618092753,0,114,33.158203125
spectrum,1097,731057440,512,1,8,35,a8ed41a9,9.14574469299987,6,153,68.13671875
spectrum,1098,731779760,512,1,8,60,efae7f1c,9.155034214025363,0,91,31.439453125
spectrum,1099,732417840,512,1,8,61,bc0cf028,9.162910538027063,0,107,31.0703125
spectrum,1100,733057440,512,1,8,36,92852a2a,9.17091328999959,0,146,21.103515625
spectrum,1101,733777280,512,1,8,59,c1150bb5,9.179943541996181,0,91,29.822265625
spectrum,1102,734420000,512,1,8,59,6c4e2ede,9.187975278007798,0,92,29.189453125
spectrum,1103,735057520,512,1,8,35,46ee8759,9.195932655013166,19,159,82.87890625
spectrum,1104,735776720,512,1,8,61,b575b2dd,9.204941606963985,0,97,30.072265625
spectrum,1105,736417440,512,1,8,60,64a65581,9.212948105996475,0,96,30.1015625
spectrum,1106,737057440,512,1,8,39,6e5d39a9,9.220883489935659,0,147,23.373046875
spectrum,1107,737776720,512,1,8,63,4eafafdb,9.230129219940864,0,117,32.205078125
spectrum,1108,738417440,512,1,8,61,a624f2cb,9.237875127000734,0,109,30.828125
spectrum,1109,739057440,512,1,8,35,fa8dad14,9.245938382926397,0,146,47.173828125
spectrum,1110,739777280,512,1,8,61,e46578e1,9.254963524988852,0,102,31.74609375
spectrum,1111,740417840,512,1,8,60,9571e270,9.262924958951771,0,99,31.419921875
spectrum,1112,741057760,512,1,8,36,f69b7e44,9.271100066951476,0,148,52.609375
spectrum,1113,741776960,512,1,8,59,b07dccbc,9.279896827996708,0,92,28.869140625
spectrum,1114,742418560,512,1,8,60,635cab65,9.2879258999601,0,123,33.037109375
spectrum,1115,743058240,512,1,8,60,3606c3af,9.295918543008156,0,94,30.466796875
spectrum,1116,743776720,512,1,8,61,76377063,9.304931081016548,0,98,31.48046875
spectrum,1117,744417440,512,1,8,62,83fbec1d,9.312892365036532,0,102,32.578125
spectrum,1118,745057440,512,1,8,39,ed47dda2,9.320942346006632,0,150,31.79296875
spectrum,1119,745776720,512,1,8,60,b813a7a1,9.3298900219379,0,92,30.958984375
spectrum,1120,746417440,512,1,8,59,eb20ddb1,9.337934943963774,0,88,29.662109375
spectrum,1121,747057440,512,1,8,35,0fece954,9.345894353929907,0,145,16.400390625
spectrum,1122,747777280,512,1,8,29,e3091849,9.354993585962802,0,125,30.443359375
spectrum,1123,748418160,512,1,8,61,f2db94a7,9.362883565947413,0,112,31.783203125
spectrum,1124,749057440,512,1,8,39,7df8a213,9.370944787980989,0,151,31.978515625
spectrum,1125,749776720,512,1,8,58,b61a6452,9.379801683011465,0,85,27.486328125
spectrum,1126,750422320,512,1,8,62,00452645,9.387911005993374,0,103,32.666015625
spectrum,1127,751059760,512,1,8,60,3a64024e,9.39595614792779,0,96,31.07421875
spectrum,1128,751776960,512,1,8,61,3604cb75,9.404938920983113,0,106,30.37890625
spectrum,1129,752417760,512,1,8,60,b14e66d3,9.4128763389308,0,91,30.220703125
spectrum,1130,753057760,512,1,8,39,23ba48a2,9.420915510039777,0,147,23.279296875
spectrum,1131,753776960,512,1,8,60,b80f3a9b,9.429913240950555,0,93,30.244140625
spectrum,1132,754417760,512,1,8,62,b8a27961,9.43796242994722,0,107,31.57421875
spectrum,1133,755057760,512,1,8,35,7b7b9467,9.445921920938417,0,146,56.640625
spectrum,1134,755776960,512,1,8,31,e28baab4,9.45535182801541,0,124,35.388671875
spectrum,1135,756418560,512,1,8,60,7057d8fc,9.462929205968976,0,100,30.7578125
spectrum,1136,757057440,512,1,8,64,3e21e471,9.470929472940043,0,153,28.5859375
spectrum,1137,757776720,512,1,8,61,9b2de565,9.479867471032776,0,105,30.591796875
spectrum,1138,758419280,512,1,8,37,bd93cc38,9.487976304022595,0,122,38.1171875
spectrum,1139,759059120,512,1,8,60,4e902f91,9.495930764940567,0,92,31.2578125
spectrum,1140,759776720,512,1,8,65,5c68395a,9.504957329947501,0,115,33.865234375
spectrum,1141,760417440,512,1,8,60,7c41907c,9.512930926983245,0,88,29.689453125
spectrum,1142,761057440,512,1,8,64,0b01ca69,9.521042503998615,0,153,56.9609375
spectrum,1143,761776720,512,1,8,37,180e5764,9.529880212969147,0,126,36.798828125
spectrum,1144,762417440,512,1,8,59,1276804a,9.537881942931563,0,85,28.849609375
spectrum,1145,763057440,512,1,8,35,0f229db3,9.545942142955028,0,147,63.263671875
spectrum,1146,763776720,512,1,8,62,1ae008b8,9.554907121928409,0,108,30.859375
spectrum,1147,764419360,512,1,8,30,ee5e3cdd,9.562940752017312,0,125,30.69921875
spectrum,1148,765059200,512,1,8,30,3ceb91a1,9.570894522010349,0,103,13.15625
spectrum,1149,765777280,512,1,8,61,7783ed8a,9.5799130119849,0,106,31.423828125
spectrum,1150,766420080,512,1,8,61,c46d5751,9.587929539964534,0,104,31.970703125
spectrum,1151,767057520,512,1,8,35,89343e2b,9.595785764977336,14,159,79.951171875
spectrum,1152,767776960,512,1,8,61,c3f459be,9.604926566011272,0,105,30.798828125
spectrum,1153,768417440,512,1,8,58,e4fa085d,9.61288535501808,0,83,28.814453125
spectrum,1154,769057440,512,1,8,35,8ba9c43c,9.620922241010703,12,163,75.146484375
spectrum,1155,769776720,512,1,8,62,71f92437,9.629925642977469,0,105,32.14453125
spectrum,1156,770417440,512,1,8,60,f339aaad,9.637694753939286,0,88,29.75
spectrum,1157,771060560,512,1,8,60,588cebfc,9.645948819932528,0,98,29.853515625
spectrum,1158,771776720,512,1,8,51,355db785,9.654943675966933,0,145,29.28515625
spectrum,1159,772419680,512,1,8,61,41e34642,9.66299095202703,0,96,31.326171875
spectrum,1160,773057840,512,1,8,36,d6ca8fd5,9.670973525033332,14,152,72.30078125
spectrum,1161,773776960,512,1,8,61,c66acd68,9.679882528958842,0,104,30.841796875
spectrum,1162,774417760,512,1,8,29,4cf7679e,9.687962235999294,0,124,30.27734375
spectrum,1163,775058480,512,1,8,60,c76db864,9.695897570927627,0,101,30.39453125
spectrum,1164,775777280,512,1,8,60,2211da90,9.704983428004198,0,98,31.748046875
spectrum,1165,776417840,512,1,8,60,b1a7eb2a,9.71291032701265,0,90,29.76953125
spectrum,1166,777057760,512,1,8,64,79c79600,9.720951981958933,0,154,52.951171875
spectrum,1167,777776960,512,1,8,63,f1a0b7f9,9.729894588934258,0,114,32.8984375
spectrum,1168,778417760,512,1,8,36,9b4b93ae,9.737928899936378,0,123,35.80859375
spectrum,1169,779057760,512,1,8,35,90dc493e,9.74594628997147,14,152,72.607421875
spectrum,1170,779776960,512,1,8,60,ee3d79be,9.754919564933516,0,93,29.666015625
spectrum,1171,780419920,512,1,8,30,e4d82565,9.762927587027662,0,127,30.04296875
spectrum,1172,781059440,512,1,8,60,668249f4,9.770875354995951,0,99,29.6640625
spectrum,1173,781776960,512,1,8,60,1223a7b4,9.779933920013718,0,95,30.373046875
spectrum,1174,782417760,512,1,8,59,51c901e9,9.7879328050185,0,89,28.41796875
spectrum,1175,783059040,512,1,8,60,714582b0,9.795965955010615,0,88,30.044921875
spectrum,1176,783777280,512,1,8,61,97204f39,9.80496541899629,0,100,31.751953125
spectrum,1177,784417840,512,1,8,61,67ef2e02,9.812896745977923,0,102,31.47265625
spectrum,1178,785057760,512,1,8,36,947c303b,9.82088637293782,6,164,76.47265625
spectrum,1179,785776960,512,1,8,62,2be9d75d,9.829916515038349,0,106,32.126953125
spectrum,1180,786417760,512,1,8,58,2c42bf02,9.837946417974308,0,84,27.611328125
spectrum,1181,787057760,512,1,8,35,911d7a56,9.845941425999627,14,159,83.01953125
spectrum,1182,787776960,512,1,8,59,05fc8e50,9.854907457018271,0,88,28.978515625
spectrum,1183,788417760,512,1,8,59,829f1e2a,9.862995850038715,0,91,30.064453125
spectrum,1184,789058800,512,1,8,39,0f7f3827,9.87093392002862,0,119,30.857421875
spectrum,1185,789776720,512,1,8,60,895cd5f2,9.88000451901462,0,96,31.125
spectrum,1186,790417440,512,1,8,61,27e5a923,9.887955973972566,0,103,30.876953125
spectrum,1187,791063120,512,1,8,60,f45a1e67,9.895942364935763,0,96,29.962890625
spectrum,1188,791778240,512,1,8,63,42ffbc2c,9.90494536596816,0,112,33.75390625
spectrum,1189,792418480,512,1,8,59,423a67b9,9.912984044989571,0,96,30.642578125
spectrum,1190,793057760,512,1,8,36,8a0013de,9.920896716997959,14,157,81.0390625
spectrum,1191,793776960,512,1,8,61,23bb6402,9.929939082008786,0,110,31.3125
spectrum,1192,794417760,512,1,8,59,ab76ff92,9.937937385984696,0,89,29.435546875
spectrum,1193,795057760,512,1,8,35,8d3b2100,9.945956539013423,6,152,67.041015625
spectrum,1194,795776960,512,1,8,61,69aa5900,9.956017507007346,0,104,31.0078125
spectrum,1195,796417760,512,1,8,62,3f6cf0df,9.962931833928451,0,117,31.955078125
spectrum,1196,797059040,512,1,8,31,8ac129ed,9.970933192991652,0,132,25.349609375
spectrum,1197,797777280,512,1,8,62,4ff2b072,9.979944971040823,0,109,32.138671875
spectrum,1198,798417840,512,1,8,59,5ec7fa41,9.989892394980416,0,90,29.755859375
spectrum,1199,799057760,512,1,8,64,1f03d931,9.995962457032874,0,117,34.115234375
spectrum,1200,799776960,512,1,8,62,1db1e934,10.00493313698098,0,106,31.494140625
spectrum,1201,800418240,512,1,8,61,2b2d842b,10.012982566957362,0,104,31.650390625
spectrum,1202,801057440,512,1,8,39,340c21ee,10.02096121397335,0,147,27.029296875
spectrum,1203,801776720,512,1,8,62,449e7d11,10.030059915035963,0,109,32.22265625
spectrum,1204,802419360,512,1,8,63,3385e3d8,10.038028902956285,0,106,32.7421875
spectrum,1205,803057840,512,1,8,36,4bb84614,10.045964548946358,0,146,17.697265625
spectrum,1206,803776960,512,1,8,61,9fde799f,10.056301778997295,0,96,30.859375
spectrum,1207,804417760,512,1,8,58,c38c4834,10.06290907599032,0,89,29.19921875
spectrum,1208,805058960,512,1,8,39,fe487b41,10.070945841958746,0,109,29.357421875
spectrum,1209,805776720,512,1,8,60,e1247be1,10.079998255940154,0,90,29.357421875
spectrum,1210,806417440,512,1,8,61,02c72a6c,10.088630466954783,0,109,30.810546875
spectrum,1211,807057440,512,1,8,35,11fee143,10.096023486927152,0,151,70.15234375
spectrum,1212,807777280,512,1,8,43,17051b55,10.104958529933356,0,123,37.962890625
spectrum,1213,808419120,512,1,8,60,f6cb8cd7,10.11296952702105,0,96,29.59765625
spectrum,1214,809057520,512,1,8,39,a11d68d3,10.120959235006012,0,150,33.35546875
spectrum,1215,809776720,512,1,8,60,8e8317f7,10.1300007479731,0,93,30.609375
spectrum,1216,810417440,512,1,8,60,3d141fb6,10.137972010998055,0,87,30.19140625
spectrum,1217,811057440,512,1,8,35,3475842b,10.145919497939758,0,157,78.154296875
spectrum,1218,811777280,512,1,8,60,ce4d669e,10.154950461932458,0,88,30.767578125
spectrum,1219,812417840,512,1,8,59,2f34bf86,10.16296936396975,0,89,30.0546875
spectrum,1220,813057760,512,1,8,39,4ba486a3,10.17099575093016,0,146,24.40234375
spectrum,1221,813777600,512,1,8,62,20038431,10.179946983931586,0,105,32.078125
spectrum,1222,814417840,512,1,8,63,ea540e32,10.187967028934509,0,110,32.39453125
spectrum,1223,815057760,512,1,8,64,1a69bb78,10.195940144942142,0,146,20.2734375
spectrum,1224,815777920,512,1,8,60,5f87ec7a,10.20498033601325,0,92,31.01953125
spectrum,1225,816418720,512,1,8,58,9f28c901,10.212982316035777,0,91,30.193359375
spectrum,1226,817057520,512,1,8,64,65b17212,10.220933279953897,0,150,40.44140625
spectrum,1227,817776720,512,1,8,58,6f897fd6,10.22992146294564,0,90,29.259765625
spectrum,1228,818417440,512,1,8,62,0ebfa685,10.237972095957957,0,105,32.142578125
spectrum,1229,819057440,512,1,8,35,06b1d2f0,10.24698316201102,19,157,80.517578125
spectrum,1230,819776720,512,1,8,61,b6cce41e,10.25502983701881,0,105,29.810546875
spectrum,1231,820417440,512,1,8,61,d5fbc233,10.262963427929208,0,104,31.40234375
spectrum,1232,821057440,512,1,8,36,924563df,10.270994563004933,0,162,68.333984375
spectrum,1233,821777280,512,1,8,60,d969a2be,10.280040596029721,0,92,30.9375
spectrum,1234,822417840,512,1,8,61,cc648f20,10.287954980973154,0,93,31.30078125
spectrum,1235,823057760,512,1,8,35,54f01e89,10.295944106997922,12,147,64.4140625
spectrum,1236,823776960,512,1,8,36,49a47b96,10.304954010993242,0,124,37.822265625
spectrum,1237,824419040,512,1,8,36,7a9c2284,10.312955820932984,0,122,39.349609375
spectrum,1238,825058240,512,1,8,37,e9609595,10.32099835795816,0,144,46.5390625
spectrum,1239,825776720,512,1,8,37,09c747d1,10.330045050941408,0,122,39.98828125
spectrum,1240,826417440,512,1,8,36,f36e9837,10.337932185037062,0,125,37.9375
spectrum,1241,827057440,512,1,8,34,d533d971,10.345929105998948,0,141,37.48046875
spectrum,1242,827776720,512,1,8,36,b6e2a8e2,10.35493666504044,0,122,37.923828125
spectrum,1243,828417440,512,1,8,36,73e00a28,10.3628830909729,0,119,36.951171875
spectrum,1244,829057440,512,1,8,33,1d2923d8,10.370894749998115,0,142,42.796875
spectrum,1245,829777280,512,1,8,37,7fe72e62,10.380048725986853,0,122,39.6640625
spectrum,1246,830417840,512,1,8,59,f637eb56,10.388042851001956,0,87,29.642578125
spectrum,1247,831057760,512,1,8,35,80b23fd1,10.39589571999386,0,142,38.66015625
spectrum,1248,831776960,512,1,8,35,f569c6a9,10.404969153925776,0,124,36.794921875
spectrum,1249,832420880,512,1,8,35,b3f820bb,10.412944284034893,0,126,37.810546875
spectrum,1250,833059360,512,1,8,39,ed703b7f,10.420926276943646,0,118,19.595703125
spectrum,1251,833776720,512,1,8,33,88db2ef7,10.429948122939095,0,123,35.3203125
spectrum,1252,834417440,512,1,8,36,a6230b80,10.437929615029134,0,115,34.658203125
spectrum,1253,835057440,512,1,8,34,886e15a6,10.445919592981227,0,144,39.80078125
spectrum,1254,835776720,512,1,8,36,f359293f,10.454967709025368,0,116,34.90234375
spectrum,1255,836417440,512,1,8,32,f89d83fa,10.46291796094738,0,121,34.859375
spectrum,1256,837057440,512,1,8,36,aa77839b,10.470955408993177,0,148,51.708984375
spectrum,1257,837777600,512,1,8,33,2c5b9a42,10.47992481593974,0,119,34.94921875
spectrum,1258,838418160,512,1,8,32,319f380f,10.48795615194831,0,117,34.392578125
spectrum,1259,839057760,512,1,8,32,31511e29,10.49593985802494,0,140,36.099609375
spectrum,1260,839776960,512,1,8,32,b1af6820,10.504961243947037,0,118,33.708984375
spectrum,1261,840417440,512,1,8,34,9a0e4e80,10.512964606983587,0,122,35.609375
spectrum,1262,841059360,512,1,8,32,400fd417,10.520939155947417,0,118,34.859375
spectrum,1263,841776960,512,1,8,33,d3dd598d,10.529999585007317,0,120,36.162109375
spectrum,1264,842417760,512,1,8,33,5e6c6a87,10.537911685998552,0,118,34.98046875
spectrum,1265,843057760,512,1,8,33,9c260fa5,10.54598547203932,0,143,36.830078125
spectrum,1266,843776960,512,1,8,34,a5f1e40c,10.555060458020307,0,119,35.603515625
spectrum,1267,844417520,512,1,8,33,e21f2441,10.562866247957572,0,119,35.4375
spectrum,1268,845057440,512,1,8,36,cb348150,10.570884670014493,0,146,20.9140625
spectrum,1269,845776720,512,1,8,34,8d23763a,10.579939918941818,0,122,35.162109375
spectrum,1270,846418800,512,1,8,32,47920f3b,10.587928866036236,0,127,30.728515625
spectrum,1271,847059840,512,1,8,60,1cf18ecf,10.595943609951064,0,93,29.7109375
spectrum,1272,847776960,512,1,8,60,0be25133,10.604941471014172,0,103,30.16015625
spectrum,1273,848417760,512,1,8,30,b7e3a443,10.613003604928963,0,129,26.134765625
spectrum,1274,849058480,512,1,8,60,2632903e,10.620897180982865,0,98,29.53125
spectrum,1275,849776960,512,1,8,35,b792407d,10.629896885948256,0,126,37.421875
spectrum,1276,850417440,512,1,8,34,e5da02f7,10.63788274594117,0,118,34.99609375
spectrum,1277,851057440,512,1,8,33,94d330f0,10.646000755019486,0,144,35.96875
spectrum,1278,851776720,512,1,8,34,ac275467,10.65494882198982,0,117,34.94921875
spectrum,1279,852420560,512,1,8,34,9b636545,10.662920956965536,0,115,33.759765625
spectrum,1280,853057440,512,1,8,35,024e8267,10.67095736193005,0,144,47.29296875
spectrum,1281,853776720,512,1,8,63,2bdd25c6,10.679934815037996,0,115,33.154296875
spectrum,1282,854419680,512,1,8,33,a9167010,10.687944520032033,0,120,36.16015625
spectrum,1283,855057840,512,1,8,33,40be64f2,10.695938274962828,0,141,35.4921875
spectrum,1284,855776960,512,1,8,34,c02fb7ee,10.705004955991171,0,118,34.205078125
spectrum,1285,856417760,512,1,8,34,19ca4c07,10.712956922012381,0,118,35.06640625
spectrum,1286,857059040,512,1,8,39,1ec6899a,10.720887177041732,0,154,21.951171875
spectrum,1287,857777280,512,1,8,34,ea78bf58,10.729897090932354,0,119,36.13671875
spectrum,1288,858417840,512,1,8,33,7212f104,10.738025260041468,0,120,34.513671875
spectrum,1289,859057760,512,1,8,34,e227eeaa,10.74592959601432,0,145,35.685546875
spectrum,1290,859776960,512,1,8,33,d30cdef2,10.754948106012307,0,117,34.41015625
spectrum,1291,860417760,512,1,8,34,ff02465b,10.762878431007266,0,117,34.82421875
spectrum,1292,861057760,512,1,8,34,ec64a3aa,10.770914174965583,0,141,45.568359375
spectrum,1293,861776960,512,1,8,35,24f8002a,10.780088600004092,0,121,35.84375
spectrum,1294,862419040,512,1,8,34,0f35e317,10.78797509195283,0,122,36.1015625
spectrum,1295,863058240,512,1,8,33,c1baafc3,10.795968396938406,0,141,36.408203125
spectrum,1296,863776720,512,1,8,63,6b09c016,10.804956268984824,0,112,31.48828125
spectrum,1297,864417440,512,1,8,34,2441b983,10.812981502967887,0,116,35.443359375
spectrum,1298,865059360,512,1,8,34,4c3db6e2,10.820950301014818,0,140,44.130859375
spectrum,1299,865776960,512,1,8,61,2f3cbe55,10.829978158930317,0,116,31.16015625
spectrum,1300,866417520,512,1,8,37,6fddb433,10.83795321895741,0,123,36.080078125
spectrum,1301,867057440,512,1,8,34,4b4f8bb3,10.846066419035196,0,144,37.150390625
spectrum,1302,867776720,512,1,8,60,c8c27407,10.855135053978302,0,104,30.623046875
spectrum,1303,868417440,512,1,8,33,f7d02046,10.862916328012943,0,121,34.310546875
spectrum,1304,869057440,512,1,8,37,06574b0a,10.870994171942584,0,147,39.587890625
spectrum,1305,869776720,512,1,8,34,c7ae8703,10.880040724994615,0,122,34.455078125
spectrum,1306,870417440,512,1,8,60,6b9e4e87,10.887960719992407,0,101,29.13671875
spectrum,1307,871058560,512,1,8,33,c8ca9f0c,10.895995251950808,0,143,36.26953125
spectrum,1308,871776720,512,1,8,32,8ea8226f,10.905006007989869,0,125,34.095703125
spectrum,1309,872420560,512,1,8,33,ebba6136,10.912954156985506,0,122,36.099609375
spectrum,1310,873057440,512,1,8,34,8c4b939e,10.920922823948786,0,142,45.26953125
spectrum,1311,873777600,512,1,8,33,bbec7357,10.929964247974567,0,118,34.873046875
spectrum,1312,874419120,512,1,8,34,51e2688b,10.937957852031104,0,124,36.140625
spectrum,1313,875057520,512,1,8,34,af6aa3da,10.945959292002954,0,139,34.677734375
spectrum,1314,875776720,512,1,8,63,799f4d7c,10.954925133031793,0,118,32.501953125
spectrum,1315,876419280,512,1,8,59,1cc837f0,10.96293467702344,0,90,29.4609375
spectrum,1316,877057840,512,1,8,34,59222000,10.970951466006227,0,141,44.708984375
spectrum,1317,877776960,512,1,8,62,fd4cbcbc,10.979935951996595,0,111,32.150390625
spectrum,1318,878418960,512,1,8,34,87154257,10.987960163969547,0,120,35.630859375
spectrum,1319,879059440,512,1,8,32,6b746c28,10.99595536198467,0,138,31.4609375
spectrum,1320,879776960,512,1,8,33,c2c51003,11.004939035978168,0,124,31.056640625
spectrum,1321,880419360,512,1,8,33,eb24ec1f,11.012950133997947,0,132,28.392578125
spectrum,1322,881058160,512,1,8,36,f3f0987f,11.020909623941407,0,149,67.998046875
spectrum,1323,881777280,512,1,8,56,34671781,11.03000475896988,0,90,27.15625
spectrum,1324,882418160,512,1,8,33,11966952,11.038007591036148,0,120,35.083984375
spectrum,1325,883057440,512,1,8,36,89f63e4e,11.045105173951015,0,145,17.3515625
spectrum,1326,883776720,512,1,8,34,80fe8591,11.054977886960842,0,121,34.96484375
spectrum,1327,884417440,512,1,8,34,d3f0ae57,11.062926706974395,0,118,35.203125
spectrum,1328,885057440,512,1,8,33,a1ab606b,11.070930080022663,0,142,43.259765625
spectrum,1329,885776720,512,1,8,34,9589d301,11.079947188030928,0,120,34.962890625
spectrum,1330,886417440,512,1,8,34,19d693a3,11.087913861963898,0,121,35.64453125
spectrum,1331,887059360,512,1,8,34,74b1b7cb,11.095938544953242,0,120,35.40234375
spectrum,1332,887776960,512,1,8,34,4bc56bec,11.104989946936257,0,118,34.935546875
spectrum,1333,888417520,512,1,8,34,0943429e,11.112915192963555,0,120,36.419921875
spectrum,1334,889057440,512,1,8,64,ad3cb121,11.120923626003787,0,153,70.154296875
spectrum,1335,889777280,512,1,8,34,87ee92cd,11.129932787967846,0,120,34.1015625
spectrum,1336,890419040,512,1,8,58,c2f98b10,11.138145186007023,14,132,87.015625
spectrum,1337,891057600,512,1,8,33,e8300d9c,11.145920548937283,0,119,34.744140625
spectrum,1338,891776720,512,1,8,34,0851a5f6,11.154782873927616,0,120,37.091796875
spectrum,1339,892420560,512,1,8,34,4b89d713,11.162953502964228,0,120,33.47265625
spectrum,1340,893057440,512,1,8,33,9852fba4,11.170929083949886,0,140,40.82421875
spectrum,1341,893776720,512,1,8,36,0f8026ec,11.179948956007138,0,123,34.951171875
spectrum,1342,894417440,512,1,8,33,5cb3a61a,11.187926320009865,0,117,35.8203125
spectrum,1343,895057440,512,1,8,33,34ea7db3,11.196015235036612,0,122,35.8984375
spectrum,1344,895777280,512,1,8,35,b3fb9b5b,11.204934226931073,0,126,37.69921875
spectrum,1345,896417440,512,1,8,62,bdb93981,11.212934214039706,0,108,32.224609375
spectrum,1346,897057440,512,1,8,36,4b909f43,11.22091457399074,0,147,22.6640625
spectrum,1347,897777280,512,1,8,61,24348ee6,11.229957279982045,0,107,31.328125
spectrum,1348,898419120,512,1,8,61,0af9be8d,11.238211345975287,0,109,31.041015625
spectrum,1349,899057520,512,1,8,61,bac397bd,11.245925222989172,0,130,36.5234375
spectrum,1350,899776720,512,1,8,34,99a573d7,11.254962868988514,0,120,36.76171875
spectrum,1351,900417440,512,1,8,35,1728e8bd,11.262958456994966,0,122,37.798828125
spectrum,1352,901057440,512,1,8,64,df3e45ab,11.270976478001103,6,151,65.078125
spectrum,1353,901776720,512,1,8,60,836951ef,11.279921259032562,0,102,29.576171875
spectrum,1354,902419360,512,1,8,34,0641955c,11.287963015027344,0,120,38.9296875
spectrum,1355,903057840,512,1,8,61,b4dcb8ad,11.295998948975466,0,129,37.66796875
spectrum,1356,903776960,512,1,8,59,e84c67a2,11.304947456927039,0,89,28.765625
spectrum,1357,904417520,512,1,8,59,933f21df,11.312957001966424,0,95,29.845703125
spectrum,1358,905057440,512,1,8,35,29a32fd2,11.32094235101249,0,144,19.072265625
spectrum,1359,905776960,512,1,8,62,61a36d54,11.329942547017708,0,112,32.9609375
spectrum,1360,906433680,512,1,8,60,f8becb89,11.33796909393277,0,95,29.634765625
spectrum,1361,907058240,512,1,8,59,87880ded,11.34597089397721,0,126,34.109375
spectrum,1362,907776960,512,1,8,60,cde84add,11.354939208948053,0,101,29.884765625
spectrum,1363,908417760,512,1,8,58,d45b4529,11.362961126957089,0,100,29.03125
spectrum,1364,909057760,512,1,8,36,50c9ba89,11.370952517958358,0,147,18.517578125
spectrum,1365,909776960,512,1,8,59,12e91a80,11.379973722971044,0,90,29.80078125
spectrum,1366,910417760,512,1,8,59,dfb935e9,11.38799710397143,0,99,29.435546875
spectrum,1367,911057760,512,1,8,61,f19e6579,11.395985758979805,0,131,35.248046875
spectrum,1368,911776960,512,1,8,30,1216f6b6,11.404761972022243,0,125,30.380859375
spectrum,1369,912423200,512,1,8,59,e852efbd,11.413523896946572,0,88,29.533203125
spectrum,1370,913057840,512,1,8,64,c66633f3,11.421055841026828,0,151,66.521484375
spectrum,1371,913776960,512,1,8,31,701dc7e9,11.430705833015963,0,126,29.57421875
spectrum,1372,914418800,512,1,8,62,9c8f4afa,11.438033579965122,0,110,31.103515625
spectrum,1373,915058560,512,1,8,60,49d6a5f6,11.446019961033016,0,143,46.283203125
spectrum,1374,915776720,512,1,8,61,0e637d26,11.455003235023469,0,113,31.7265625
spectrum,1375,916417440,512,1,8,59,cf89014c,11.462991629960015,0,84,29.63671875
spectrum,1376,917057440,512,1,8,38,98860cee,11.470969605026767,0,146,20.833984375
spectrum,1377,917776720,512,1,8,62,4e453eaf,11.480064508970827,0,109,31.642578125
spectrum,1378,918417440,512,1,8,60,c9a11811,11.48800032492727,0,96,29.275390625
spectrum,1379,919057440,512,1,8,60,230bbde8,11.496043963939883,0,129,34.025390625
spectrum,1380,919777280,512,1,8,61,8848a164,11.505677385954186,0,112,31.544921875
spectrum,1381,920417840,512,1,8,60,0b0914ad,11.513542167027481,0,89,30.193359375
spectrum,1382,921057760,512,1,8,36,d7e68cb3,11.520946708973497,0,143,19.3984375
spectrum,1383,921776960,512,1,8,61,63561de8,11.529956221929751,0,112,30.728515625
spectrum,1384,922419040,512,1,8,60,e176dcf1,11.538020791020244,0,103,30.04296875
spectrum,1385,923059360,512,1,8,60,59bc744f,11.54662996798288,0,126,33.21875
spectrum,1386,923776960,512,1,8,58,02cfeb32,11.555006145965308,0,95,29.197265625
spectrum,1387,924417760,512,1,8,61,8e0ae19f,11.562966687954031,0,110,31.208984375
spectrum,1388,925057760,512,1,8,36,e9797620,11.570971283013932,0,142,19.169921875
spectrum,1389,925776960,512,1,8,63,6fc60ae5,11.579966419027187,0,120,34.5234375
spectrum,1390,926417760,512,1,8,60,1b34509c,11.588745035929605,0,94,30.103515625
spectrum,1391,927058800,512,1,8,59,88d79785,11.59612564300187,0,123,32.19921875
spectrum,1392,927776720,512,1,8,60,518e5935,11.604966948973015,0,102,29.95703125
spectrum,1393,928419440,512,1,8,60,dc805f56,11.612982405000366,0,93,30.64453125
spectrum,1394,929057840,512,1,8,64,7311b4e5,11.622243572957814,0,152,69.828125
spectrum,1395,929776960,512,1,8,62,b88bb449,11.630629478953779,0,114,32.61328125
spectrum,1396,930418960,512,1,8,37,0a752ab9,11.637991160037927,0,124,34.392578125
spectrum,1397,931060320,512,1,8,62,428337e2,11.645999382948503,0,105,33.734375
spectrum,1398,931776960,512,1,8,60,011c16aa,11.655051136040129,0,95,30.080078125
spectrum,1399,932417760,512,1,8,33,60388d8f,11.664669838966802,0,119,35.6796875
spectrum,1400,933061200,512,1,8,37,22c756be,11.671018186956644,6,161,77.697265625
spectrum,1401,933776960,512,1,8,60,b110aeed,11.679965301998891,0,91,30.083984375
spectrum,1402,934417760,512,1,8,59,5fdc63ba,11.688337852945551,0,90,29.888671875
spectrum,1403,935057760,512,1,8,60,3f6eddfc,11.69611341599375,0,129,36.134765625
spectrum,1404,935776960,512,1,8,60,025b2341,11.704972635023296,0,100,30.755859375
spectrum,1405,936419360,512,1,8,59,8c93eb1e,11.713042533956468,0,90,29.33203125
spectrum,1406,937057520,512,1,8,35,a40aa44f,11.721508029964752,0,142,43.1875
spectrum,1407,937776720,512,1,8,59,6e0cab61,11.730017828987911,0,95,30.078125
spectrum,1408,938420240,512,1,8,63,89bc3b24,11.73804761201609,0,110,32.201171875
spectrum,1409,939057840,512,1,8,59,c5407da0,11.746049041976221,0,126,32.5
spectrum,1410,939776960,512,1,8,62,f94af007,11.75514938600827,0,111,31.685546875
spectrum,1411,940418240,512,1,8,60,3228d090,11.762995122000575,0,97,31.203125
spectrum,1412,941057440,512,1,8,38,8932fba7,11.77105268696323,0,163,79.369140625
spectrum,1413,941777280,512,1,8,60,5daea4a3,11.780049916938879,0,99,30.091796875
spectrum,1414,942417840,512,1,8,60,555f562d,11.788176632951945,0,91,30.607421875
spectrum,1415,943057760,512,1,8,60,2fe770c7,11.79599309398327,0,129,34.494140625
spectrum,1416,943776960,512,1,8,44,8aa2f44c,11.805200209957547,0,122,40.46484375
spectrum,1417,944419040,512,1,8,60,dbc7341f,11.813401716994122,0,92,31.251953125
spectrum,1418,945057520,512,1,8,36,17ca523e,11.82099926401861,0,142,18.083984375
spectrum,1419,945776720,512,1,8,60,643df5a1,11.829974613036029,0,91,29.7265625
spectrum,1420,946417440,512,1,8,59,4e61ae45,11.838032267987728,0,91,29.15234375
spectrum,1421,947058800,512,1,8,60,6473dc14,11.846153413993306,0,128,35.4765625
spectrum,1422,947777280,512,1,8,60,6d2010f8,11.855017491965555,0,93,29.98046875
spectrum,1423,948417840,512,1,8,59,2ad7bfe6,11.863016346935183,0,90,30.146484375
spectrum,1424,949057760,512,1,8,64,0c8255d8,11.8710795029765,0,146,60.794921875
spectrum,1425,949776960,512,1,8,61,73aaa262,11.880062325973995,0,100,30.861328125
spectrum,1426,950417760,512,1,8,61,ac914dd1,11.887975479010493,0,108,32.25390625
spectrum,1427,951057760,512,1,8,60,2827bc30,11.895957201020792,0,126,33.4296875
spectrum,1428,951776960,512,1,8,59,ec124426,11.904967515962198,0,83,27.3671875
spectrum,1429,952417760,512,1,8,62,e8887f33,11.912928889971226,0,113,32.744140625
spectrum,1430,953062000,512,1,8,38,dba0c47e,11.921021310961805,6,158,80.115234375
spectrum,1431,953776720,512,1,8,61,8ec7ba0d,11.930062253959477,0,99,30.576171875
spectrum,1432,954417440,512,1,8,60,1a8aa99c,11.937971057952382,0,93,29.388671875
spectrum,1433,955059680,512,1,8,62,9d6a95e6,11.946053209947422,0,132,38.857421875
spectrum,1434,955776960,512,1,8,59,5d1d5e88,11.955035130959004,0,88,28.890625
spectrum,1435,956417520,512,1,8,58,a487e3cd,11.963059874949977,0,91,27.72265625
spectrum,1436,957057440,512,1,8,37,24e883e8,11.970966686028987,0,146,19.87890625
spectrum,1437,957776720,512,1,8,59,3c3140c0,11.97996735200286,0,93,28.90625
spectrum,1438,958417440,512,1,8,59,d46fc967,11.990112939965911,0,90,29.15234375
spectrum,1439,959057440,512,1,8,62,f4fac3f9,11.996254106983542,0,129,37.755859375
spectrum,1440,959776960,512,1,8,63,eb393c8a,12.005826512933709,0,107,31.203125
spectrum,1441,960417440,512,1,8,60,58f7772d,12.013049172004685,0,95,30.111328125
spectrum,1442,961058800,512,1,8,30,4ae6291e,12.02110474393703,0,133,33.044921875
spectrum,1443,961776960,512,1,8,60,449232a9,12.030017293989658,0,92,29.474609375
spectrum,1444,962417440,512,1,8,60,2a7f7dbe,12.03842260595411,0,85,29.7734375
spectrum,1445,962991360,512,1,8,60,59704b13,12.045057846000418,0,91,31.625
spectrum,1446,963696960,512,1,8,60,3580452f,12.054042331990786,0,87,30.02734375
spectrum,1447,964338560,512,1,8,60,70317ba1,12.061999678029679,0,96,31.091796875
spectrum,1448,964977520,512,1,8,62,8b5774af,12.06993901997339,0,108,30.455078125
spectrum,1449,965696720,512,1,8,60,6bdae945,12.07985145796556,0,102,31.349609375
spectrum,1450,966337440,512,1,8,60,a3889818,12.087035353993997,0,105,30.306640625
spectrum,1451,966977440,512,1,8,57,30409956,12.094998662010767,0,88,28.65625
spectrum,1452,967696720,512,1,8,61,ab984ab8,12.104036016971804,0,97,29.537109375
spectrum,1453,968337440,512,1,8,60,b1ccf8fa,12.113226552028209,0,93,30.818359375
spectrum,1454,968979360,512,1,8,62,677eb026,12.121097696013749,0,108,30.7265625
spectrum,1455,969696960,512,1,8,60,ddfdaa6c,12.129007652984,0,89,30.09765625
spectrum,1456,970337760,512,1,8,60,4c01126e,12.136992080020718,0,96,31.03125
spectrum,1457,970977760,512,1,8,60,ea22c2b6,12.144937262986787,0,91,29.33984375
spectrum,1458,971696960,512,1,8,64,bc1b4daa,12.154022319009528,0,108,32.951171875
spectrum,1459,972339360,512,1,8,62,16693e33,12.162109219934791,0,101,32.994140625
spectrum,1460,972977840,512,1,8,64,01b6c37a,12.170027812942863,0,114,33.1484375
spectrum,1461,973696960,512,1,8,59,ed630026,12.178942266968079,0,88,29.171875
spectrum,1462,974337760,512,1,8,59,858d7413,12.186945399967954,0,87,29.76953125
spectrum,1463,974977760,512,1,8,57,33a58760,12.194969311007299,0,85,27.67578125
spectrum,1464,975696960,512,1,8,59,d5287b3f,12.203985005966388,0,86,29.171875
spectrum,1465,976337760,512,1,8,60,4feb0e1e,12.212024127016775,0,87,30.55859375
spectrum,1466,976977760,512,1,8,33,413d87fe,12.219951236038469,0,124,37.23046875
spectrum,1467,977697600,512,1,8,61,076d735f,12.229246007977054,0,108,31.1171875
spectrum,1468,978337840,512,1,8,61,076b759c,12.236929746926762,0,99,31.974609375
spectrum,1469,978977760,512,1,8,62,6c81a6fb,12.24500088894274,0,106,32.515625
spectrum,1470,979696960,512,1,8,61,e74876f0,12.254003769019619,0,97,30.728515625
spectrum,1471,980339360,512,1,8,60,118eceab,12.263747549033724,0,95,30.470703125
spectrum,1472,980977840,512,1,8,60,a00fd67c,12.269950381945819,0,93,30.208984375
spectrum,1473,981696960,512,1,8,62,6c3bed68,12.278964194003493,0,110,33.8984375
spectrum,1474,982337760,512,1,8,60,b097e067,12.286959721939638,0,88,30.4375
spectrum,1475,982977760,512,1,8,60,2ba0eeac,12.295031614019535,0,92,31.228515625
spectrum,1476,983696960,512,1,8,60,49f425f1,12.303993026958779,0,95,28.8671875
spectrum,1477,984337760,512,1,8,60,102231ba,12.312016337993555,0,93,31.359375
spectrum,1478,984977760,512,1,8,61,6226204b,12.320062311016954,0,106,31.28125
spectrum,1479,985696960,512,1,8,60,98c80a2f,12.32901853392832,0,92,30.0390625
spectrum,1480,986337520,512,1,8,59,43207df3,12.336961854016408,0,91,30.57421875
spectrum,1481,986977440,512,1,8,61,b24f9287,12.344967511016876,0,106,32.388671875
spectrum,1482,987697280,512,1,8,60,98e7c3e5,12.354010317008942,0,90,30.8515625
spectrum,1483,988337840,512,1,8,58,f6e98e3d,12.362184321973473,0,86,29.150390625
spectrum,1484,988978560,512,1,8,62,6844c9b6,12.36999672499951,0,102,30.455078125
spectrum,1485,989696720,512,1,8,60,dd2b6900,12.37900133896619,0,87,30.28515625
spectrum,1486,990337440,512,1,8,60,64d3e062,12.386173352017067,0,91,29.783203125
spectrum,1487,990977440,512,1,8,61,0f2c0351,12.39498232700862,0,102,31.994140625
spectrum,1488,991696720,512,1,8,72,1d968e01,12.403986699995585,0,129,40.564453125
spectrum,1489,992337440,512,1,8,62,55ab4330,12.411959865945391,0,104,33.435546875
spectrum,1490,992977440,512,1,8,60,b782c872,12.42000675201416,0,90,30.65625
spectrum,1491,993697280,512,1,8,62,0a7ff1ee,12.42898588697426,0,96,31.708984375
spectrum,1492,994337840,512,1,8,60,c5dfc523,12.437552844989114,0,91,30.859375
spectrum,1493,994977760,512,1,8,56,8ac63310,12.444983165943995,0,98,28.185546875
spectrum,1494,995696960,512,1,8,30,3f32d6ae,12.453989792964421,0,123,30.8125
spectrum,1495,996338800,512,1,8,58,1e5b8af8,12.46202212094795,0,91,29.72265625
spectrum,1496,996978560,512,1,8,60,c2154e4c,12.469996629981324,0,91,29.810546875
spectrum,1497,997696720,512,1,8,58,90ca7d84,12.478963022003882,0,90,29.3984375
spectrum,1498,998339360,512,1,8,60,34d3763b,12.487013284000568,0,92,30.482421875
spectrum,1499,998977840,512,1,8,60,70ff1082,12.49494768702425,0,98,30.7421875
spectrum,1500,999696960,512,1,8,61,695f01f3,12.503939916961826,0,95,30.7265625
spectrum,1501,1000337760,512,1,8,60,d16bf2d1,12.511953709996305,0,93,31.08203125
spectrum,1502,1000977760,512,1,8,60,205507bf,12.519957304000854,0,93,30.171875
spectrum,1503,1001696960,512,1,8,62,d35256a9,12.528968791011721,0,98,32.0
spectrum,1504,1002337520,512,1,8,60,ca2c5aa2,12.537020965944976,0,95,31.212890625
spectrum,1505,1002979360,512,1,8,59,a78ac293,12.544967010966502,0,92,29.783203125
spectrum,1506,1003696960,512,1,8,63,ac18c893,12.554053570027463,0,106,32.189453125
spectrum,1507,1004339040,512,1,8,60,f668ad4e,12.561989063979127,0,93,31.7109375
spectrum,1508,1004979440,512,1,8,60,93beddc5,12.569970616023056,0,89,30.048828125
spectrum,1509,1005696960,512,1,8,61,576fccad,12.579048419022001,0,104,31.642578125
spectrum,1510,1006337760,512,1,8,63,bacf8955,12.586991818971,0,109,31.54296875
spectrum,1511,1006977760,512,1,8,58,5010f897,12.595085161970928,0,88,29.62890625
spectrum,1512,1007696960,512,1,8,60,d6a85cf9,12.603958257008344,0,92,28.759765625
spectrum,1513,1008337760,512,1,8,58,b835ccd9,12.611942954943515,0,87,29.873046875
spectrum,1514,1008977760,512,1,8,60,9cf21f5e,12.61993263300974,0,89,29.791015625
spectrum,1515,1009696960,512,1,8,60,f49666fe,12.628988121985458,0,99,31.365234375
spectrum,1516,1010339200,512,1,8,61,ca84c185,12.636934146983549,0,94,31.4140625
spectrum,1517,1010977840,512,1,8,57,a6a9520b,12.644963830010965,0,89,29.6328125
spectrum,1518,1011696960,512,1,8,61,4f1fa172,12.653974034939893,0,97,31.107421875
spectrum,1519,1012339040,512,1,8,60,e1b6af96,12.66198298893869,0,94,31.234375
spectrum,1520,1012980320,512,1,8,61,c93159eb,12.669940304942429,0,102,30.376953125
spectrum,1521,1013696960,512,1,8,60,4fe60920,12.679059625021182,0,91,31.015625
spectrum,1522,1014341200,512,1,8,60,2fb66363,12.68702630896587,0,94,30.716796875
spectrum,1523,1014977760,512,1,8,59,ee78408c,12.694975499995053,0,86,29.63671875
spectrum,1524,1015696960,512,1,8,61,86090600,12.704033214016818,0,97,31.48828125
spectrum,1525,1016337760,512,1,8,59,5bca6779,12.712037959950976,0,92,30.32421875
spectrum,1526,1016977760,512,1,8,59,fe6b2f3e,12.719967202981934,0,88,30.208984375
spectrum,1527,1017696960,512,1,8,62,52d56c0f,12.728967037983239,0,99,33.1328125
spectrum,1528,1018339360,512,1,8,63,29bdd12e,12.737058897968382,0,111,32.1484375
spectrum,1529,1018977520,512,1,8,59,a42e7270,12.744970878935419,0,91,28.205078125
spectrum,1530,1019696720,512,1,8,60,aedfaaa1,12.753131279023364,0,90,29.599609375
spectrum,1531,1020340240,512,1,8,60,18342a80,12.761981411022134,0,95,29.978515625
spectrum,1532,1020977840,512,1,8,64,d3b1f004,12.769959406927228,0,104,32.517578125
spectrum,1533,1021696960,512,1,8,60,4c1f83e2,12.779034193023108,0,93,31.30859375
spectrum,1534,1022339360,512,1,8,60,1c6897f8,12.787011476932094,0,89,30.09375
spectrum,1535,1022977840,512,1,8,60,60dbd88f,12.795202555018477,0,95,30.484375
spectrum,1536,1023696960,512,1,8,62,4b79cc50,12.803999756928533,0,105,32.416015625
spectrum,1537,1024337760,512,1,8,59,e02f3c13,12.811987329972908,0,90,29.75390625
spectrum,1538,1024977760,512,1,8,61,1ef51880,12.820011002011597,0,96,31.591796875
spectrum,1539,1025696960,512,1,8,60,7146639d,12.828972163959406,0,90,30.27734375
spectrum,1540,1026339360,512,1,8,30,b89957e1,12.837044716929086,0,127,30.2421875
spectrum,1541,1026979360,512,1,8,60,fd7d652d,12.845411867951043,0,94,31.93359375
spectrum,1542,1027696960,512,1,8,72,f931a999,12.854700627969578,0,129,41.75
spectrum,1543,1028337760,512,1,8,60,976cea35,12.861979002016596,0,92,31.392578125
spectrum,1544,1028978800,512,1,8,62,b1feaf0a,12.870031988946721,0,93,31.20703125
spectrum,1545,1029697280,512,1,8,63,d8d947d9,12.879052262986079,0,101,32.66796875
spectrum,1546,1030337840,512,1,8,61,c014cc70,12.888046487001702,0,95,30.697265625
spectrum,1547,1030977760,512,1,8,60,3119bfb7,12.895537983975373,0,95,30.76953125
spectrum,1548,1031696960,512,1,8,60,9971927c,12.903216884005815,0,88,29.1328125
spectrum,1549,1032337760,512,1,8,60,1dd4f52e,12.912001212011091,0,93,29.962890625
spectrum,1550,1032979040,512,1,8,60,ddb3064a,12.919970390968956,0,91,29.109375
spectrum,1551,1033696720,512,1,8,61,be509468,12.929079532041214,0,94,31.955078125
spectrum,1552,1034340960,512,1,8,59,1ec8d686,12.937061804928817,0,92,32.12890625
spectrum,1553,1034978880,512,1,8,57,d5abad42,12.94498147093691,0,93,28.34375
spectrum,1554,1035696720,512,1,8,60,ab309f28,12.953957090037875,0,94,30.359375
spectrum,1555,1036337440,512,1,8,60,a24ab29b,12.962054449948482,0,97,31.416015625
spectrum,1556,1036979360,512,1,8,62,21f9d2b0,12.970008270000108,0,97,31.65625
spectrum,1557,1037696960,512,1,8,59,acd2fb40,12.981952694943175,0,86,30.771484375
spectrum,1558,1038337520,512,1,8,61,e6e90fac,12.986152997007594,0,102,30.140625
spectrum,1559,1038977440,512,1,8,60,8075b044,12.995546665973961,0,94,31.419921875
spectrum,1560,1039696720,512,1,8,60,f1555dab,13.003385868971236,0,87,29.208984375
spectrum,1561,1040337440,512,1,8,60,3f8d4a76,13.011961281998083,0,90,30.04296875
spectrum,1562,1040977440,512,1,8,59,fc248373,13.020013147033751,0,97,29.91796875
spectrum,1563,1041696720,512,1,8,60,0a24d7a6,13.030676933936775,0,90,31.443359375
spectrum,1564,1042337440,512,1,8,59,0ddde3e4,13.036976809962653,0,86,29.533203125
spectrum,1565,1042978800,512,1,8,30,da76b14a,13.045006091939285,0,127,30.078125
spectrum,1566,1043696960,512,1,8,60,25ee57c1,13.053972344030626,0,96,30.748046875
spectrum,1567,1044339360,512,1,8,26,84924d56,13.062041391036473,0,133,41.451171875
spectrum,1568,1044979040,512,1,8,36,e5ce05fb,13.069988297997043,0,123,36.646484375
spectrum,1569,1045697920,512,1,8,61,22fe6e9c,13.078975940006785,0,93,30.912109375
spectrum,1570,1046338400,512,1,8,60,ca342fb7,13.087014338932931,0,90,31.0703125
spectrum,1571,1046977760,512,1,8,60,ee7d5182,13.094939986011013,0,95,30.28515625
spectrum,1572,1047696960,512,1,8,72,640dcc14,13.103984034038149,0,131,41.87109375
spectrum,1573,1048337760,512,1,8,58,bd6f73ea,13.111963210976683,0,94,30.123046875
spectrum,1574,1048978560,512,1,8,60,d5ba16b5,13.11993116803933,0,91,30.62890625
spectrum,1575,1049696720,512,1,8,59,614e302d,13.128136983024888,0,86,29.505859375
spectrum,1576,1050337440,512,1,8,60,27126068,13.13692237297073,0,95,29.41796875
spectrum,1577,1050979360,512,1,8,57,051039fb,13.144920686958358,0,92,28.27734375
spectrum,1578,1051696960,512,1,8,62,23e99963,13.153927244013175,0,98,31.525390625
spectrum,1579,1052337760,512,1,8,61,a2141b7b,13.161897936020978,0,92,31.087890625
spectrum,1580,1052977760,512,1,8,30,dab90e8e,13.169964237953536,0,129,26.23828125
spectrum,1581,1053696960,512,1,8,60,c1f29bd9,13.178815132007003,0,86,29.853515625
spectrum,1582,1054341680,512,1,8,62,f0791c4d,13.186932791024446,0,104,32.19921875
spectrum,1583,1054977520,512,1,8,60,6777b090,13.194939760956913,0,97,31.529296875
spectrum,1584,1055696720,512,1,8,63,6affd7f3,13.203100139973685,0,106,32.171875
spectrum,1585,1056337440,512,1,8,60,82ec3bfa,13.211934542981908,0,92,30.4140625
spectrum,1586,1056980240,512,1,8,61,e9a1a06e,13.219970047008246,0,96,30.287109375
spectrum,1587,1057696960,512,1,8,59,1db4e485,13.228177224984393,0,89,28.68359375
spectrum,1588,1058337760,512,1,8,60,6d36345d,13.236945322016254,0,91,29.111328125
spectrum,1589,1058979920,512,1,8,30,5d4862ec,13.244988159975037,0,129,29.498046875
spectrum,1590,1059697280,512,1,8,30,c5b05e76,13.254011248936877,0,125,30.927734375
spectrum,1591,1060338160,512,1,8,60,f33e15c9,13.262021564994939,0,93,31.021484375
spectrum,1592,1060977440,512,1,8,61,741e32db,13.269958863034844,0,94,32.111328125
spectrum,1593,1061696960,512,1,8,60,4d0749cf,13.27896627294831,0,88,30.87109375
spectrum,1594,1062339360,512,1,8,60,7102a3c6,13.286975046037696,0,89,31.591796875
spectrum,1595,1062977840,512,1,8,58,ee1d8ed4,13.295116730034351,0,85,27.5390625
spectrum,1596,1063696960,512,1,8,65,4c8eab47,13.303179104928859,0,109,33.970703125
spectrum,1597,1064337760,512,1,8,35,a2c69354,13.312072728993371,0,125,39.142578125
spectrum,1598,1064977760,512,1,8,61,fd9d98ca,13.319166254019365,0,95,29.623046875
spectrum,1599,1065696960,512,1,8,60,b9e986a6,13.328177780960687,0,94,31.50390625
spectrum,1600,1066337760,512,1,8,63,a470356c,13.336148323025554,0,95,31.58203125
spectrum,1601,1066977760,512,1,8,60,0ec9e997,13.344993865932338,0,94,29.439453125
spectrum,1602,1067696960,512,1,8,72,2c68887b,13.353982890956104,0,133,41.662109375
spectrum,1603,1068337520,512,1,8,60,bad2a14c,13.36196209792979,0,94,29.78125
spectrum,1604,1068977440,512,1,8,59,e07cfead,13.369142147013918,0,87,29.67578125
spectrum,1605,1069697280,512,1,8,60,01a9b1cf,13.378998289001174,0,88,30.662109375
spectrum,1606,1070340000,512,1,8,60,b690a1bd,13.386944102938287,0,99,29.474609375
spectrum,1607,1070977520,512,1,8,60,d7ee15db,13.395037065958604,0,101,31.0859375
spectrum,1608,1071696720,512,1,8,61,61491cc7,13.403180112945847,0,100,30.0
spectrum,1609,1072337440,512,1,8,60,f6f06c69,13.412074227933772,0,91,30.279296875
spectrum,1610,1072977440,512,1,8,60,a6de1acf,13.419963645981625,0,88,30.38671875
spectrum,1611,1073696720,512,1,8,60,372a1f41,13.429024696000852,0,92,31.220703125
spectrum,1612,1074337440,512,1,8,60,52a07785,13.4361579969991,0,95,30.37890625
spectrum,1613,1074980560,512,1,8,59,6877b430,13.445035150041804,0,97,29.283203125
spectrum,1614,1075697920,512,1,8,60,884fcbf2,13.45395464298781,0,92,30.263671875
spectrum,1615,1076338160,512,1,8,62,934c3ad1,13.462020243983716,0,99,32.009765625
spectrum,1616,1076977760,512,1,8,60,0f4decc0,13.470025290036574,0,99,31.1328125
spectrum,1617,1077697920,512,1,8,57,1fce1014,13.479000878985971,0,94,28.732421875
spectrum,1618,1078338560,512,1,8,60,7b48e8c8,13.486976329935715,0,89,31.255859375
spectrum,1619,1078978240,512,1,8,59,5587f2c3,13.495059984037653,0,99,29.173828125
spectrum,1620,1079696720,512,1,8,60,7a45fa51,13.503185948939063,0,90,28.970703125
spectrum,1621,1080337440,512,1,8,60,afd0b378,13.511992558953352,0,99,31.0625
spectrum,1622,1080977440,512,1,8,60,f208ad23,13.520004258025438,0,90,29.6015625
spectrum,1623,1081696960,512,1,8,62,c4943272,13.528964407974854,0,101,31.265625
spectrum,1624,1082337440,512,1,8,60,d5664e48,13.536136280978099,0,96,30.927734375
spectrum,1625,1082979360,512,1,8,60,ee1a4af4,13.545053218957037,0,89,28.7890625
spectrum,1626,1083696960,512,1,8,60,f740cca1,13.553942766040564,0,92,29.880859375
spectrum,1627,1084337520,512,1,8,60,9df166c8,13.5611614480149,0,93,30.349609375
spectrum,1628,1084977440,512,1,8,44,767d6e4b,13.570020325947553,0,124,38.943359375
spectrum,1629,1085696720,512,1,8,59,23b6e2e4,13.579031873028725,0,88,29.77734375
spectrum,1630,1086338800,512,1,8,37,83595501,13.586967378039844,0,110,16.109375
spectrum,1631,1086979360,512,1,8,58,3da64074,13.595050171017647,0,88,29.0625
spectrum,1632,1087696960,512,1,8,60,52655356,13.603138544945978,0,90,29.2265625
spectrum,1633,1088337760,512,1,8,62,4480fee2,13.611186922993511,0,102,33.142578125
spectrum,1634,1088977760,512,1,8,60,12865720,13.619208751013502,0,94,29.935546875
spectrum,1635,1089696960,512,1,8,59,de771c93,13.628195822006091,0,87,29.95703125
spectrum,1636,1090337760,512,1,8,59,c8a68475,13.636170640937053,0,92,29.671875
spectrum,1637,1090977760,512,1,8,61,ec6f3c96,13.645027545979246,0,101,31.83203125
spectrum,1638,1091710640,512,1,8,31,782ee6c3,13.654014406958595,0,127,31.060546875
spectrum,1639,1092339200,512,1,8,60,2fda093a,13.661952166003175,0,90,30.2109375
spectrum,1640,1092977840,512,1,8,60,1a81571c,13.669952534022741,0,91,30.90625
spectrum,1641,1093696960,512,1,8,60,bfe8138f,13.679021509015001,0,90,30.49609375
spectrum,1642,1094339040,512,1,8,63,d81723e7,13.686863066977821,0,107,33.13671875
spectrum,1643,1094983200,512,1,8,60,8c426fef,13.694993861019611,0,96,32.408203125
spectrum,1644,1095696960,512,1,8,61,403a44f2,13.703160812961869,0,92,29.39453125
spectrum,1645,1096337760,512,1,8,60,df0546f4,13.71199408301618,0,92,31.44921875
spectrum,1646,1096977760,512,1,8,60,f04d8629,13.719162589986809,0,91,29.5078125
spectrum,1647,1097696960,512,1,8,60,b3ffdf1a,13.728204373968765,0,88,29.560546875
spectrum,1648,1098337760,512,1,8,59,c0f09ef4,13.736942744930275,0,87,30.197265625
spectrum,1649,1098977760,512,1,8,59,9354b0f9,13.744506318005733,0,94,28.88671875
spectrum,1650,1099696960,512,1,8,60,b45dc0d0,13.753997049992904,0,90,29.962890625
spectrum,1651,1100339120,512,1,8,60,e6de000f,13.762042291928083,0,95,31.482421875
spectrum,1652,1100977520,512,1,8,60,0ee99913,13.769189337966964,0,93,31.1015625
spectrum,1653,1101696720,512,1,8,60,367e4bdf,13.77814348693937,0,93,29.828125
spectrum,1654,1102339280,512,1,8,60,5754e406,13.78698291897308,0,88,29.296875
spectrum,1655,1102977840,512,1,8,31,7690987e,13.795007603010163,0,123,35.9140625
spectrum,1656,1103696960,512,1,8,59,aad11caa,13.80406568699982,0,89,29.408203125
spectrum,1657,1104337440,512,1,8,60,96ca9d67,13.812023564940318,0,93,31.330078125
spectrum,1658,1104977440,512,1,8,58,aa861698,13.819157836958766,0,85,28.1875
spectrum,1659,1105696720,512,1,8,58,cd12a472,13.828221181989647,0,89,28.767578125
spectrum,1660,1106337440,512,1,8,62,9d9a4a32,13.836133413016796,0,102,31.552734375
spectrum,1661,1106977440,512,1,8,63,103814f3,13.844161101966165,0,110,32.3515625
spectrum,1662,1107696720,512,1,8,61,9fd9955f,13.853169262991287,0,92,31.154296875
spectrum,1663,1108339360,512,1,8,30,e3ef35be,13.86302806995809,0,130,28.76953125
spectrum,1664,1108979040,512,1,8,56,b2ee0a12,13.869980006944388,0,92,26.568359375
spectrum,1665,1109696720,512,1,8,58,626c30a0,13.878226149012335,0,87,29.6328125
spectrum,1666,1110337440,512,1,8,31,d83f6915,13.887006890028715,0,126,29.59375
spectrum,1667,1110978480,512,1,8,61,13f34eba,13.895006626960821,0,98,32.04296875
spectrum,1668,1111696720,512,1,8,60,71fe3958,13.90315671695862,0,94,30.275390625
spectrum,1669,1112337440,512,1,8,60,53d2414a,13.912048778031021,0,95,30.896484375
spectrum,1670,1112977440,512,1,8,60,709d392e,13.919260396040045,0,94,30.724609375
spectrum,1671,1113696720,512,1,8,60,7e0bcd8d,13.92828674102202,0,92,29.96875
spectrum,1672,1114337440,512,1,8,60,8fe9d581,13.936196196940728,0,89,30.283203125
spectrum,1673,1114977440,512,1,8,61,8a0b03ed,13.944197105942294,0,98,30.529296875
spectrum,1674,1115696720,512,1,8,61,db5124d5,13.953962416038848,0,94,31.326171875
spectrum,1675,1116340640,512,1,8,60,0de06010,13.961985336034559,0,93,30.72265625
spectrum,1676,1116977840,512,1,8,60,a4dfe774,13.969148552976549,0,94,30.39453125
spectrum,1677,1117696960,512,1,8,61,4a50fa7e,13.978126456961036,0,102,32.421875
spectrum,1678,1118337760,512,1,8,60,bd75ad40,13.986163403023966,0,96,30.9140625
spectrum,1679,1118979040,512,1,8,59,b7918fcb,13.99503756093327,0,89,29.2421875
spectrum,1680,1119697280,512,1,8,60,2aeb2eb9,14.004001999041066,0,89,29.47265625
spectrum,1681,1120337840,512,1,8,60,0dc0f804,14.012437558034435,0,91,31.3515625
spectrum,1682,1120977760,512,1,8,61,e97ba20f,14.019177275011316,0,98,30.765625
spectrum,1683,1121696960,512,1,8,36,a91feedf,14.029007046949118,0,122,37.01171875
spectrum,1684,1122337760,512,1,8,60,18793706,14.036202193936333,0,90,29.6484375
spectrum,1685,1122977760,512,1,8,57,ce79b965,14.04421361302957,0,90,26.982421875
spectrum,1686,1123696960,512,1,8,62,0ec8bef9,14.053282317938283,0,101,31.880859375
spectrum,1687,1124337760,512,1,8,60,710e9f50,14.062062368029729,0,90,30.638671875
spectrum,1688,1124978800,512,1,8,30,63dcb8a4,14.070013312040828,0,129,29.650390625
spectrum,1689,1125696960,512,1,8,59,12af59ac,14.078975816024467,0,90,29.591796875
spectrum,1690,1126337520,512,1,8,60,1bb55be7,14.08707719494123,0,91,30.974609375
spectrum,1691,1126979120,512,1,8,57,327da0da,14.095116705982946,0,96,28.46875
spectrum,1692,1127696960,512,1,8,62,42912226,14.103998978971504,0,96,32.005859375
spectrum,1693,1128337520,512,1,8,60,5da50fba,14.111203102977015,0,92,30.873046875
spectrum,1694,1128977440,512,1,8,59,8ef57ef8,14.119184604962356,0,89,30.005859375
spectrum,1695,1129696720,512,1,8,61,a8792bb7,14.12817380996421,0,105,32.056640625
spectrum,1696,1130339360,512,1,8,60,c3589e86,14.137043399037793,0,91,29.552734375
spectrum,1697,1130978880,512,1,8,61,11a45629,14.14499286992941,0,99,31.8359375
spectrum,1698,1131696720,512,1,8,60,d2f0c19f,14.153234062017873,0,93,30.033203125
spectrum,1699,1132337440,512,1,8,60,e74187b3,14.161312737967819,0,90,30.41015625
spectrum,1700,1132979360,512,1,8,60,60c14b55,14.170042222016491,0,94,30.234375
spectrum,1701,1133696960,512,1,8,60,de6543d6,14.178275429992937,0,95,31.015625
spectrum,1702,1134337760,512,1,8,60,73f45bcc,14.186231242958456,0,93,30.5390625
spectrum,1703,1134977760,512,1,8,30,7d522fb8,14.195043593994342,0,125,30.8984375
spectrum,1704,1135696960,512,1,8,60,81ac5bfc,14.204069528030232,0,91,30.138671875
spectrum,1705,1136338880,512,1,8,72,9e638f19,14.212129277992062,0,133,42.537109375
spectrum,1706,1136977520,512,1,8,61,474ac929,14.219202173990197,0,103,31.611328125
spectrum,1707,1137696720,512,1,8,60,d01c2152,14.228263595025055,0,91,30.70703125
spectrum,1708,1138337440,512,1,8,57,737533af,14.236210851930082,0,95,27.35546875
spectrum,1709,1138977440,512,1,8,57,30640ad7,14.24466185097117,0,92,28.48828125
spectrum,1710,1139696720,512,1,8,60,c4117211,14.254884785972536,0,94,29.931640625
spectrum,1711,1140337440,512,1,8,60,61dd8d20,14.261174401966855,0,95,30.61328125
spectrum,1712,1140979360,512,1,8,29,37ad859c,14.269982335041277,0,123,29.099609375
spectrum,1713,1141696960,512,1,8,60,ddef2179,14.279004061012529,0,92,31.2734375
spectrum,1714,1142337520,512,1,8,60,cf4b919b,14.286238942993805,0,92,30.0078125
spectrum,1715,1142977440,512,1,8,60,2536e519,14.294263776973821,0,96,31.181640625
spectrum,1716,1143697280,512,1,8,59,6c3e2b59,14.30404663097579,0,105,54.9921875
spectrum,1717,1144339200,512,1,8,60,afe6650a,14.313144471030682,0,94,30.2578125
spectrum,1718,1144979440,512,1,8,60,d97be3b8,14.320860581006855,0,90,30.541015625
spectrum,1719,1145696960,512,1,8,63,796c020b,14.328184993006289,0,103,34.4140625
spectrum,1720,1146337760,512,1,8,60,33878c7c,14.3370315679349,0,98,31.23046875
spectrum,1721,1146978560,512,1,8,61,b5739187,14.345018681022339,0,103,31.736328125
spectrum,1722,1147696720,512,1,8,36,eab1531a,14.353199398959987,0,124,36.916015625
spectrum,1723,1148339360,512,1,8,60,8c593bda,14.361993885948323,0,94,30.814453125
spectrum,1724,1148977840,512,1,8,60,ea848220,14.369987890939228,0,93,31.052734375
spectrum,1725,1149697920,512,1,8,40,6d0a01e6,14.379013775964268,0,122,34.744140625
spectrum,1726,1150338240,512,1,8,60,2b2ccf9d,14.386953689041547,0,91,29.98046875
spectrum,1727,1150977440,512,1,8,61,9fa2a8a6,14.394169604987837,0,95,32.19921875
spectrum,1728,1151697280,512,1,8,72,ff36714b,14.404006400960498,0,131,42.919921875
spectrum,1729,1152339120,512,1,8,59,d1022963,14.41198033792898,0,93,30.607421875
spectrum,1730,1152977520,512,1,8,62,e78080d5,14.41915346402675,0,103,32.19140625
spectrum,1731,1153696720,512,1,8,61,e6a60cdd,14.428202320937999,0,90,30.7265625
spectrum,1732,1154337440,512,1,8,60,f06cdd0e,14.436145090032369,0,91,29.361328125
spectrum,1733,1154977440,512,1,8,36,8461fb96,14.444148062029853,0,119,35.77734375
spectrum,1734,1155696720,512,1,8,60,38a41953,14.45323202596046,0,94,30.591796875
spectrum,1735,1156340560,512,1,8,60,259db428,14.461968633928336,0,92,31.3515625
spectrum,1736,1156977440,512,1,8,60,ecb866ba,14.46915833093226,0,94,29.5625
spectrum,1737,1157699200,512,1,8,30,b738fca9,14.479060368961655,0,126,29.951171875
spectrum,1738,1158339520,512,1,8,30,da8ecb26,14.487070756033063,0,125,29.818359375
spectrum,1739,1158979040,512,1,8,63,1e8524a1,14.494989880011417,0,98,33.453125
spectrum,1740,1159697280,512,1,8,61,47818c47,14.504030972952023,0,93,31.73828125
spectrum,1741,1160337840,512,1,8,32,975112aa,14.512038733926602,0,125,34.74609375
spectrum,1742,1160978560,512,1,8,59,ee6a6baf,14.519971614936367,0,90,29.00390625
spectrum,1743,1161696720,512,1,8,18,aa910dc1,14.52813522994984,0,121,37.205078125
spectrum,1744,1162337440,512,1,8,60,44a694bb,14.536169923027046,0,89,30.154296875
spectrum,1745,1162977440,512,1,8,60,0da603ae,14.545041013974696,0,89,30.298828125
spectrum,1746,1163696720,512,1,8,33,a48715a5,14.553139567025937,0,128,27.998046875
spectrum,1747,1164337440,512,1,8,60,94a1f43d,14.561139784986153,0,90,29.927734375
spectrum,1748,1164977440,512,1,8,59,b89679af,14.569134752033278,0,89,29.455078125
spectrum,1749,1165697280,512,1,8,61,1dedeaf7,14.578992075985298,0,100,31.275390625
spectrum,1750,1166337840,512,1,8,60,c2cf5346,14.586160923936404,0,89,30.080078125
spectrum,1751,1166977760,512,1,8,60,7f8a9813,14.594153056037612,0,92,29.95703125
spectrum,1752,1167696960,512,1,8,30,d0faf37a,14.603988608927466,0,125,30.091796875
spectrum,1753,1168338480,512,1,8,60,32fa6ac7,14.61201868194621,0,97,30.466796875
spectrum,1754,1168979360,512,1,8,57,54a69c14,14.619930653017946,0,87,28.998046875
spectrum,1755,1169696960,512,1,8,19,991bcc2c,14.628141819033772,0,102,21.140625
spectrum,1756,1170337760,512,1,8,60,28f5ec78,14.636125604971312,0,90,28.57421875
spectrum,1757,1170977760,512,1,8,59,7ae5fd87,14.644202816998586,0,92,30.001953125
spectrum,1758,1171696960,512,1,8,60,2db011be,14.653152558021247,0,90,30.017578125
spectrum,1759,1172337760,512,1,8,60,3cc1e6e5,14.661157574038953,0,91,29.400390625
spectrum,1760,1172977760,512,1,8,59,642ee48e,14.669126973021775,0,87,29.955078125
spectrum,1761,1173696960,512,1,8,31,ba368690,14.679001290001906,0,127,30.80078125
spectrum,1762,1174338160,512,1,8,60,5fe443c2,14.686965498956852,0,88,28.412109375
spectrum,1763,1174977440,512,1,8,59,de6da627,14.694145257002674,0,88,29.666015625
spectrum,1764,1175696720,512,1,8,60,8fb393c1,14.70316437794827,0,92,30.1796875
spectrum,1765,1176343120,512,1,8,38,fa54acd8,14.71199208800681,0,123,41.15234375
spectrum,1766,1176979440,512,1,8,61,7d471208,14.719989088946022,0,100,31.30078125
spectrum,1767,1177696720,512,1,8,60,9fe25bc4,14.728147875983268,0,97,30.650390625
spectrum,1768,1178337440,512,1,8,60,2c730118,14.736221150960773,0,94,30.697265625
spectrum,1769,1178977440,512,1,8,60,c1e59a3f,14.744170713005587,0,90,30.126953125
spectrum,1770,1179696720,512,1,8,59,736388a5,14.753121215035208,0,94,30.15625
spectrum,1771,1180337440,512,1,8,60,b0c167af,14.761127252946608,0,98,30.9375
spectrum,1772,1180977440,512,1,8,60,32fe847e,14.7691627870081,0,94,30.515625
spectrum,1773,1181696720,512,1,8,60,70c68b14,14.778952333028428,0,90,30.091796875
spectrum,1774,1182338480,512,1,8,60,8d77dbac,14.78696370194666,0,89,30.00390625
spectrum,1775,1182977520,512,1,8,61,aedb3cfe,14.794200506992638,0,98,30.30078125
spectrum,1776,1183696720,512,1,8,63,2cf0cf16,14.80320699501317,0,95,31.46875
spectrum,1777,1184339280,512,1,8,60,8e280e20,14.811968669993803,0,88,30.904296875
spectrum,1778,1184980400,512,1,8,35,53e19d34,14.81999772193376,0,124,38.978515625
spectrum,1779,1185696720,512,1,8,60,2de96c97,14.828182667959481,0,93,30.634765625
spectrum,1780,1186337440,512,1,8,60,af2be381,14.836171803995967,0,90,29.802734375
spectrum,1781,1186977440,512,1,8,60,aef97dc5,14.844162603956647,0,95,30.62890625
spectrum,1782,1187696720,512,1,8,61,0e42e09d,14.853166896966286,0,103,30.275390625
spectrum,1783,1188337440,512,1,8,60,833efe7b,14.861145033035427,0,97,30.146484375
spectrum,1784,1188977440,512,1,8,59,82b386bc,14.869171158992685,0,95,30.326171875
spectrum,1785,1189696720,512,1,8,60,2abe9eac,14.878164571942762,0,92,30.91796875
spectrum,1786,1190339360,512,1,8,60,5bedb6e4,14.886957134935074,0,89,29.236328125
spectrum,1787,1190977840,512,1,8,61,a831f79b,14.894182769930921,0,103,33.248046875
spectrum,1788,1191696960,512,1,8,63,f233f729,14.903173908009194,0,104,32.3046875
spectrum,1789,1192337760,512,1,8,29,85578151,14.91201213793829,0,128,25.39453125
spectrum,1790,1192978480,512,1,8,61,2990dd64,14.919960136990994,0,100,31.439453125
spectrum,1791,1193696960,512,1,8,62,2825a430,14.928975400980562,0,100,32.236328125
spectrum,1792,1194339360,512,1,8,72,c931127a,14.93698499596212,0,131,41.544921875
spectrum,1793,1194977840,512,1,8,58,b7a4578d,14.94413885497488,0,89,28.576171875
spectrum,1794,1195696960,512,1,8,60,34aa805c,14.953161212964915,0,97,30.705078125
spectrum,1795,1196337760,512,1,8,60,705ce0fe,14.961168634006754,0,92,31.275390625
spectrum,1796,1196981200,512,1,8,60,1917d020,14.969952470972203,0,87,29.998046875
spectrum,1797,1197696960,512,1,8,62,30ca9f1e,14.978157454985194,0,105,32.525390625
spectrum,1798,1198339360,512,1,8,60,f21b008c,14.986969455028884,0,89,29.880859375
spectrum,1799,1198977520,512,1,8,58,9d816c82,14.994139904971235,0,93,29.525390625
spectrum,1800,1199696720,512,1,8,60,913feaa2,15.003138888976537,0,88,29.53515625
spectrum,1801,1200337440,512,1,8,60,f01a9df3,15.01118041400332,0,91,30.42578125
spectrum,1802,1200979360,512,1,8,58,03de7399,15.019979640026577,0,89,28.392578125
spectrum,1803,1201696960,512,1,8,70,35616165,15.028962873970158,0,120,39.64453125
spectrum,1804,1202337520,512,1,8,60,4023e348,15.036134185967967,0,91,30.01171875
spectrum,1805,1202977440,512,1,8,57,d7507768,15.044151725945994,0,91,28.236328125
spectrum,1806,1203696720,512,1,8,65,4565ee93,15.053149205981754,0,105,33.333984375
spectrum,1807,1204337440,512,1,8,60,56498edb,15.061149292974733,0,91,30.90234375
spectrum,1808,1204977440,512,1,8,60,a18014ff,15.069159578997642,0,91,30.388671875
spectrum,1809,1205696720,512,1,8,62,343f41e1,15.078240367001854,0,99,32.287109375
spectrum,1810,1206337440,512,1,8,60,c59ff8ad,15.086978227016516,0,94,30.3828125
spectrum,1811,1206979120,512,1,8,60,8279b960,15.094972974038683,0,92,30.892578125
spectrum,1812,1207696720,512,1,8,60,a66f6c37,15.103168269968592,0,91,30.146484375
spectrum,1813,1208337440,512,1,8,60,9daf30f5,15.111155863967724,0,93,30.28125
spectrum,1814,1208979360,512,1,8,60,3e57a50e,15.11997739202343,0,96,30.69140625
spectrum,1815,1209696960,512,1,8,62,e8f6dbbc,15.129013304947875,0,101,31.599609375
spectrum,1816,1210337520,512,1,8,60,b1ff902c,15.136137819034047,0,95,29.93359375
spectrum,1817,1210977440,512,1,8,60,2cce6525,15.144134428934194,0,90,30.41796875
spectrum,1818,1211696720,512,1,8,60,22aeaad3,15.15315320994705,0,98,29.89453125
spectrum,1819,1212337440,512,1,8,60,931f3726,15.161150400992483,0,93,29.96484375
spectrum,1820,1212977440,512,1,8,60,5744783a,15.169950398965739,0,97,29.39453125
spectrum,1821,1213696720,512,1,8,60,d752746d,15.178166743949987,0,92,30.953125
spectrum,1822,1214337440,512,1,8,60,b07f7a36,15.186189744970761,0,94,30.4140625
spectrum,1823,1214979360,512,1,8,62,9ec1b4ee,15.194990132935345,0,102,32.28125
spectrum,1824,1215696960,512,1,8,60,dcf0d60b,15.20317343599163,0,89,30.11328125
spectrum,1825,1216337760,512,1,8,59,ccb5626d,15.211176367942244,0,91,29.7265625
spectrum,1826,1216983760,512,1,8,59,bd777b98,15.22002067998983,0,89,28.76171875
spectrum,1827,1217696720,512,1,8,29,a675d973,15.228987292037345,0,119,34.197265625
spectrum,1828,1218338880,512,1,8,60,8fd49adb,15.236970106023364,0,90,29.748046875
spectrum,1829,1218977440,512,1,8,61,a3266ad5,15.244163610041142,0,89,30.904296875
spectrum,1830,1219696720,512,1,8,60,fb2fe45d,15.253995065926574,0,90,30.052734375
spectrum,1831,1220338560,512,1,8,60,90bd5c58,15.261983811040409,0,88,31.197265625
spectrum,1832,1220977520,512,1,8,58,bdb863d4,15.269162256969139,0,92,28.1953125
spectrum,1833,1221696720,512,1,8,60,e732e826,15.278157743974589,0,97,30.306640625
spectrum,1834,1222337440,512,1,8,60,129999f2,15.28617909096647,0,90,30.330078125
spectrum,1835,1222979360,512,1,8,31,66747d84,15.294987063040026,0,126,29.419921875
spectrum,1836,1223696960,512,1,8,60,56e0be06,15.303987329010852,0,91,29.94921875
spectrum,1837,1224338560,512,1,8,60,e1834a75,15.311984319938347,0,90,31.615234375
spectrum,1838,1224977520,512,1,8,31,81974a45,15.319997512036934,0,130,28.40625
spectrum,1839,1225696960,512,1,8,58,b892db9d,15.328996115014888,0,94,29.322265625
spectrum,1840,1226339360,512,1,8,60,43de64d4,15.337191010010429,0,93,29.80859375
spectrum,1841,1226977840,512,1,8,59,e7642d94,15.344232536968775,0,93,30.228515625
spectrum,1842,1227696960,512,1,8,63,b9869ad3,15.353178258985281,0,97,31.75390625
spectrum,1843,1228337760,512,1,8,60,7ea86a11,15.361193325021304,0,90,30.15234375
spectrum,1844,1228977760,512,1,8,60,90541f05,15.369142496027052,0,90,28.728515625
spectrum,1845,1229696960,512,1,8,60,730c975d,15.379283164977096,0,93,31.62890625
spectrum,1846,1230339040,512,1,8,60,22dd8a6c,15.386948839994147,0,92,31.53515625
spectrum,1847,1230980640,512,1,8,59,b51ffabc,15.395025401958264,0,88,29.892578125
spectrum,1848,1231696960,512,1,8,60,28bb863a,15.40319689293392,0,90,29.86328125
spectrum,1849,1232337760,512,1,8,60,cac4ac5f,15.412186547997408,0,94,30.525390625
spectrum,1850,1232977760,512,1,8,60,7922be2d,15.41920125496108,0,89,29.05078125
spectrum,1851,1233696960,512,1,8,60,96ba8b80,15.429016659967601,0,89,29.5078125
spectrum,1852,1234339360,512,1,8,60,f2165c56,15.436993732932024,0,92,29.017578125
spectrum,1853,1234977840,512,1,8,58,78ac8c97,15.444171436945908,0,91,29.650390625
spectrum,1854,1235696960,512,1,8,62,8410c3e1,15.453973626950756,0,96,31.2109375
spectrum,1855,1236337520,512,1,8,60,4c11b7c5,15.46120223798789,0,92,30.53515625
spectrum,1856,1236977440,512,1,8,58,b0d7d422,15.469170655007474,0,91,28.4765625
spectrum,1857,1237696720,512,1,8,60,9ad43ec1,15.478172653936781,0,95,30.90234375
spectrum,1858,1238337440,512,1,8,60,4a9c91c4,15.486162611981854,0,95,29.884765625
spectrum,1859,1238977440,512,1,8,59,dae9631b,15.49503340292722,0,97,30.73046875
spectrum,1860,1239697600,512,1,8,32,2f53c042,15.504004443995655,0,126,30.689453125
spectrum,1861,1240339680,512,1,8,32,068d5414,15.512138032936491,0,124,30.318359375
spectrum,1862,1240978240,512,1,8,62,c9efac1a,15.519175251945853,0,94,32.21875
spectrum,1863,1241697280,512,1,8,58,ba25d0f8,15.528988442965783,0,86,29.0234375
spectrum,1864,1242340000,512,1,8,60,9e6bf876,15.536971917957999,0,94,29.734375
spectrum,1865,1242977520,512,1,8,60,0defdadb,15.544178065960295,0,98,30.810546875
spectrum,1866,1243696720,512,1,8,60,b096c6e0,15.553156409994699,0,93,30.021484375
spectrum,1867,1244337440,512,1,8,60,52d4bb33,15.561198516981676,0,94,30.5703125
spectrum,1868,1244977440,512,1,8,60,18357275,15.569186651031487,0,94,31.587890625
spectrum,1869,1245696720,512,1,8,59,5049dd01,15.578195372945629,0,92,29.912109375
spectrum,1870,1246337440,512,1,8,60,f6884b11,15.586217000964098,0,91,30.66796875
spectrum,1871,1246977440,512,1,8,59,f779ee57,15.594206326990388,0,89,29.98828125
spectrum,1872,1247697280,512,1,8,60,621274eb,15.60397546493914,0,91,29.955078125
spectrum,1873,1248337840,512,1,8,60,7c592755,15.611152717960067,0,100,31.70703125
spectrum,1874,1248977760,512,1,8,58,7ba47b77,15.619155950960703,0,86,27.79296875
spectrum,1875,1249696960,512,1,8,58,1f9fbc65,15.629267466021702,0,92,30.2109375
spectrum,1876,1250338560,512,1,8,60,23f1e966,15.636984377983026,0,96,30.2578125
spectrum,1877,1250978240,512,1,8,58,d83889df,15.645032695960253,0,89,29.15234375
spectrum,1878,1251696720,512,1,8,60,19e8d5be,15.653201762004755,0,88,29.728515625
spectrum,1879,1252337440,512,1,8,60,c326a75d,15.661172574036755,0,87,31.501953125
spectrum,1880,1252977440,512,1,8,59,295a918a,15.669152472983114,0,88,27.8359375
spectrum,1881,1253696720,512,1,8,60,6d617193,15.678190008969977,0,88,30.505859375
spectrum,1882,1254337440,512,1,8,62,96349c50,15.686143558006734,0,108,32.78125
spectrum,1883,1254977440,512,1,8,60,15b57498,15.694167961017229,0,90,30.216796875
spectrum,1884,1255697280,512,1,8,59,32fa4468,15.703967546927743,0,88,28.017578125
spectrum,1885,1256337840,512,1,8,60,35d2586c,15.71122643398121,0,98,30.744140625
spectrum,1886,1256977760,512,1,8,61,aac36a52,15.719224698026665,0,97,31.25
spectrum,1887,1257696960,512,1,8,60,138522fe,15.728192472015508,0,91,30.921875
spectrum,1888,1258339360,512,1,8,60,c967798a,15.737019249936566,0,93,30.4296875
spectrum,1889,1258979440,512,1,8,61,5dbe4697,15.74508669495117,0,98,30.3671875
spectrum,1890,1259696960,512,1,8,60,6199273f,15.753162084030919,0,90,29.79296875
spectrum,1891,1260337760,512,1,8,60,c62b1d1d,15.761332963011228,0,96,30.64453125
spectrum,1892,1260977760,512,1,8,61,14bd6636,15.769194609019905,0,101,31.25390625
spectrum,1893,1261696960,512,1,8,60,41aa8238,15.778189174016006,0,94,31.1328125
spectrum,1894,1262337760,512,1,8,60,8da12e41,15.786172949941829,0,91,31.134765625
spectrum,1895,1262977760,512,1,8,62,2d96e694,15.794171363930218,0,101,32.119140625
spectrum,1896,1263696960,512,1,8,33,ef10001a,15.803999413037673,0,121,35.572265625
spectrum,1897,1264338560,512,1,8,60,1f13639a,15.812039886019193,0,94,31.337890625
spectrum,1898,1264977440,512,1,8,58,44fc359d,15.819166864966974,0,87,28.59375
spectrum,1899,1265696720,512,1,8,60,8f1b4938,15.828178943018429,0,99,31.263671875
spectrum,1900,1266339360,512,1,8,60,dd99dbbe,15.836956889019348,0,90,29.990234375
spectrum,1901,1266979120,512,1,8,58,76dae664,15.844995478983037,0,94,29.98046875
spectrum,1902,1267696720,512,1,8,60,3533cbdf,15.853187768952921,0,92,28.822265625
spectrum,1903,1268337440,512,1,8,60,30dff20c,15.861178798950277,0,91,30.328125
spectrum,1904,1268977440,512,1,8,61,4605f34f,15.869160310947336,0,92,30.748046875
spectrum,1905,1269696720,512,1,8,60,ac119256,15.878237862023525,0,93,31.234375
spectrum,1906,1270337440,512,1,8,60,d06251d6,15.886161915957928,0,92,29.79296875
spectrum,1907,1270977440,512,1,8,59,2bada5e9,15.89416182297282,0,92,29.498046875
spectrum,1908,1271696720,512,1,8,72,dd79eca8,15.90316928201355,0,133,40.283203125
spectrum,1909,1272339360,512,1,8,31,9c75be68,15.912014554953203,0,124,30.486328125
spectrum,1910,1272978240,512,1,8,61,cdc151a0,15.919151613023132,0,98,31.55078125
spectrum,1911,1273696720,512,1,8,60,50efe153,15.92819901695475,0,92,29.958984375
spectrum,1912,1274339920,512,1,8,60,6456ebd8,15.93695643497631,0,88,29.998046875
spectrum,1913,1274977840,512,1,8,58,54dcd4f0,15.945136621943675,0,88,28.8828125
spectrum,1914,1275696960,512,1,8,64,3c68046f,15.953178938943893,0,112,33.560546875
spectrum,1915,1276337440,512,1,8,60,6f37a514,15.961158897960559,0,92,30.45703125
spectrum,1916,1276977440,512,1,8,60,2e3ed128,15.969183229957707,0,91,30.939453125
spectrum,1917,1277696720,512,1,8,60,64ec8652,15.978194747003727,0,94,30.22265625
spectrum,1918,1278337440,512,1,8,61,504fbbc5,15.986154268030077,0,96,32.18359375
spectrum,1919,1278977440,512,1,8,72,50acc6d1,15.994187537929974,0,131,42.0703125
spectrum,1920,1279696720,512,1,8,72,afd7338d,16.003203963977285,0,127,40.57421875
spectrum,1921,1280339680,512,1,8,60,9c52e9ef,16.011993721942417,0,89,32.29296875
spectrum,1922,1280977840,512,1,8,60,e6909385,16.01914212096017,0,93,30.119140625
spectrum,1923,1281697920,512,1,8,62,b5ad9b28,16.029058126034215,0,108,31.69921875
spectrum,1924,1282338480,512,1,8,30,f2707a82,16.036990294931456,0,127,28.337890625
spectrum,1925,1282978160,512,1,8,61,c3100f12,16.044190571992658,0,99,30.92578125
spectrum,1926,1283697280,512,1,8,62,374ba1e7,16.054043547948822,0,96,30.814453125
spectrum,1927,1284337840,512,1,8,61,468bd1dc,16.061192638007924,0,102,32.072265625
spectrum,1928,1284977760,512,1,8,61,3eeb18c8,16.069219004013576,0,96,30.90625
spectrum,1929,1285696960,512,1,8,61,9a135b78,16.07901376998052,0,92,30.849609375
spectrum,1930,1286338480,512,1,8,61,192097d2,16.0884215059923,0,95,31.69921875
spectrum,1931,1286977520,512,1,8,62,2d323bd5,16.09509390592575,0,99,31.91015625
spectrum,1932,1287696720,512,1,8,62,b7ea4ddd,16.10319554398302,0,107,31.30859375
spectrum,1933,1288339920,512,1,8,31,b0bfe829,16.11205330095254,0,130,29.005859375
spectrum,1934,1288979040,512,1,8,32,0f6759c2,16.120025204960257,0,125,31.20703125
spectrum,1935,1289696960,512,1,8,61,fb47df33,16.12829535198398,0,94,30.705078125
spectrum,1936,1290337440,512,1,8,61,6c7d6230,16.136201250948943,0,96,30.52734375
spectrum,1937,1290979360,512,1,8,61,14ef9bfd,16.14501455402933,0,90,30.677734375
spectrum,1938,1291696960,512,1,8,61,2e891c0e,16.15408838901203,0,92,30.36328125
spectrum,1939,1292337520,512,1,8,61,73d9e462,16.16116829798557,0,106,30.689453125
spectrum,1940,1292977440,512,1,8,60,fb25b152,16.169263985939324,0,92,29.923828125
spectrum,1941,1293696720,512,1,8,60,1705718a,16.17817892995663,0,98,30.1328125
spectrum,1942,1294337440,512,1,8,60,9ebff1de,16.186187624000013,0,99,30.02734375
spectrum,1943,1294977440,512,1,8,35,5df43a2a,16.194198471028358,0,123,36.470703125
spectrum,1944,1295696720,512,1,8,63,01f694ea,16.203222582000308,0,104,32.037109375
spectrum,1945,1296337440,512,1,8,63,aa1c0daa,16.21197388798464,0,108,32.048828125
spectrum,1946,1296978800,512,1,8,59,dfbe88a3,16.220567204989493,0,99,29.357421875
spectrum,1947,1297696720,512,1,8,60,d6f80f32,16.22818139300216,0,93,30.32421875
spectrum,1948,1298337440,512,1,8,60,bcf1ad95,16.236175128025934,0,86,29.6875
spectrum,1949,1298979680,512,1,8,60,0bf0b01a,16.24499392195139,0,89,31.140625
spectrum,1950,1299697920,512,1,8,61,96a279dd,16.253973659011535,0,91,31.072265625
spectrum,1951,1300338480,512,1,8,63,1b325091,16.261173945036717,0,98,32.869140625
spectrum,1952,1300977760,512,1,8,63,19cedfae,16.26916170900222,0,98,32.216796875
spectrum,1953,1301696960,512,1,8,63,e6b8a1ac,16.278226266033016,0,101,33.279296875
spectrum,1954,1302337760,512,1,8,63,30729228,16.286164305987768,0,103,33.453125
spectrum,1955,1302977760,512,1,8,59,9d58cc45,16.29416649695486,0,91,30.18359375
spectrum,1956,1303696960,512,1,8,64,c0e8cd87,16.30321122694295,0,96,33.3203125
spectrum,1957,1304337760,512,1,8,61,8bb36e1b,16.3112175159622,0,94,31.466796875
spectrum,1958,1304979040,512,1,8,61,38896c12,16.31999727501534,0,94,30.578125
spectrum,1959,1305697280,512,1,8,60,ad23eb35,16.328983344021253,0,97,29.83984375
spectrum,1960,1306337840,512,1,8,61,07d671c2,16.336208708002232,0,92,31.345703125
spectrum,1961,1306977760,512,1,8,29,32dbf1b0,16.345058719976805,0,127,26.814453125
spectrum,1962,1307696960,512,1,8,60,2a93dd41,16.354857122991234,0,94,30.142578125
spectrum,1963,1308338240,512,1,8,60,117006ae,16.361188609036617,0,94,30.826171875
spectrum,1964,1308977440,512,1,8,60,ec00cb67,16.36917654296849,0,93,29.81640625
spectrum,1965,1309696720,512,1,8,60,52c1985e,16.37816817301791,0,95,29.96875
spectrum,1966,1310337440,512,1,8,60,66548017,16.386159223038703,0,96,30.2109375
spectrum,1967,1310977440,512,1,8,60,77c5f6ac,16.394155362970196,0,91,30.302734375
spectrum,1968,1311696720,512,1,8,60,e5a380ff,16.403174553997815,0,91,29.669921875
spectrum,1969,1312337440,512,1,8,60,90eb11a8,16.41116397094447,0,95,30.3125
spectrum,1970,1312979280,512,1,8,62,a61e687e,16.420128930010833,0,98,31.005859375
spectrum,1971,1313696960,512,1,8,62,c37d52f2,16.428218806977384,0,95,32.654296875
spectrum,1972,1314337760,512,1,8,62,ea1e62fb,16.436153860995546,0,95,31.6015625
spectrum,1973,1314977760,512,1,8,62,58bd6c76,16.444198652985506,0,95,31.591796875
spectrum,1974,1315696960,512,1,8,61,fa899378,16.454026530962437,0,93,30.396484375
spectrum,1975,1316339360,512,1,8,59,da4a9d63,16.462015787954442,0,104,29.748046875
spectrum,1976,1316977840,512,1,8,60,85d5e385,16.469241922954097,0,93,29.51953125
spectrum,1977,1317696960,512,1,8,60,cdedb780,16.478217832976952,0,93,31.236328125
spectrum,1978,1318340880,512,1,8,60,30da972a,16.48620565701276,0,99,29.826171875
spectrum,1979,1318977760,512,1,8,60,8b3ec3cd,16.494241200969554,0,97,30.14453125
spectrum,1980,1319696960,512,1,8,63,42bd0fc9,16.503192174015567,0,100,32.94921875
spectrum,1981,1320337760,512,1,8,63,fe5de05a,16.511230833944865,0,99,33.41796875
spectrum,1982,1320977760,512,1,8,59,b8909b9e,16.520063131931238,0,97,29.15234375
spectrum,1983,1321697600,512,1,8,31,c56119ae,16.529098695027642,0,125,30.349609375
spectrum,1984,1322338240,512,1,8,60,d4a52ea3,16.537003061035648,0,95,30.1953125
spectrum,1985,1322978560,512,1,8,72,35d28e98,16.54420584300533,0,126,42.564453125
spectrum,1986,1323697280,512,1,8,61,00e669d6,16.553961936035194,0,102,30.216796875
spectrum,1987,1324339040,512,1,8,60,0d7c7d5c,16.562038106028922,0,99,31.8125
spectrum,1988,1324977520,512,1,8,60,c7d70373,16.569209457957186,0,91,30.646484375
spectrum,1989,1325696720,512,1,8,62,85ca521c,16.578155501978472,0,98,31.236328125
spectrum,1990,1326337440,512,1,8,60,9d587f39,16.586209972039796,0,91,29.19140625
spectrum,1991,1326977440,512,1,8,60,1c8d9493,16.594163590925746,0,97,31.111328125
spectrum,1992,1327696720,512,1,8,60,7a67de6b,16.60319024696946,0,91,30.5859375
spectrum,1993,1328337440,512,1,8,60,2e22a44b,16.61119492200669,0,102,31.28515625
spectrum,1994,1328977440,512,1,8,60,a2797754,16.619232950964943,0,92,30.10546875
spectrum,1995,1329697280,512,1,8,60,20e28fb7,16.628988203010522,0,94,30.44921875
spectrum,1996,1330337840,512,1,8,60,917c2ec7,16.636158172041178,0,94,31.287109375
spectrum,1997,1330977760,512,1,8,35,f19c9377,16.644203854957595,0,122,37.205078125
spectrum,1998,1331697920,512,1,8,61,96c63b16,16.65402349794749,0,96,29.87109375
spectrum,1999,1332338400,512,1,8,61,bc3db8b4,16.66201449802611,0,94,31.697265625
spectrum,2000,1332978240,512,1,8,60,ec49d31c,16.669203744037077,0,93,30.75
spectrum,2001,1333696720,512,1,8,60,ab8bda2a,16.678235589992255,0,89,30.203125
spectrum,2002,1334337440,512,1,8,60,4381ecae,16.686173629947007,0,93,30.42578125
spectrum,2003,1334977440,512,1,8,60,9f81e0f8,16.69419225200545,0,93,32.212890625
spectrum,2004,1335696720,512,1,8,61,897c6c90,16.703270924976096,0,89,29.8984375
spectrum,2005,1336337440,512,1,8,61,662d9c95,16.711179520003498,0,93,31.296875
spectrum,2006,1336977440,512,1,8,61,42a6e712,16.71916684298776,0,97,30.1015625
spectrum,2007,1337697600,512,1,8,35,43eeb881,16.728190231951885,0,112,14.109375
spectrum,2008,1338341280,512,1,8,61,f2d11b21,16.736221958999522,0,101,31.02734375
spectrum,2009,1338977760,512,1,8,60,befe83bb,16.744204582995735,0,103,30.28125
spectrum,2010,1339696960,512,1,8,34,55ab4270,16.75401705293916,0,131,32.189453125
spectrum,2011,1340338800,512,1,8,60,81fc0d99,16.761188694974408,0,94,30.8671875
spectrum,2012,1340979360,512,1,8,60,3a70e6a6,16.770022867945954,0,93,28.8984375
spectrum,2013,1341696960,512,1,8,59,84bfc394,16.778174250968732,0,92,29.3828125
spectrum,2014,1342337760,512,1,8,60,c9f05c87,16.786087363027036,0,93,29.998046875
spectrum,2015,1342977760,512,1,8,72,9d5a7f41,16.794222485041246,0,129,42.939453125
spectrum,2016,1343696960,512,1,8,72,a5825684,16.80318206397351,0,128,41.279296875
spectrum,2017,1344337760,512,1,8,61,ae89c5a3,16.811271850951016,0,94,30.701171875
spectrum,2018,1344977760,512,1,8,61,1c60d095,16.819186526932754,0,94,31.306640625
spectrum,2019,1345697920,512,1,8,60,bd6412b3,16.82902196003124,0,90,30.435546875
spectrum,2020,1346338400,512,1,8,63,976bda08,16.83621525298804,0,107,32.04296875
spectrum,2021,1346977760,512,1,8,60,50bd4d00,16.844179201987572,0,95,31.1015625
spectrum,2022,1347696960,512,1,8,60,324e0159,16.853206038009375,0,97,31.13671875
spectrum,2023,1348339040,512,1,8,60,0d74818c,16.862025081994943,0,98,31.220703125
spectrum,2024,1348979440,512,1,8,61,acf8d28e,16.870003547985107,0,93,29.3046875
spectrum,2025,1349696960,512,1,8,60,7a339a05,16.87817687203642,0,91,30.642578125
spectrum,2026,1350337760,512,1,8,60,9922655b,16.886201065033674,0,93,30.298828125
spectrum,2027,1350977760,512,1,8,72,cb46a075,16.894192185020074,0,135,43.20703125
spectrum,2028,1351696960,512,1,8,60,5b3f4bae,16.903201968991198,0,96,29.263671875
spectrum,2029,1352337760,512,1,8,60,bb0fec63,16.911198228946887,0,97,30.474609375
spectrum,2030,1352977760,512,1,8,63,0305fc09,16.919172656955197,0,100,32.384765625
spectrum,2031,1353696960,512,1,8,63,eb7a380b,16.929037324967794,0,99,32.087890625
spectrum,2032,1354338800,512,1,8,61,f1d22e90,16.937164391973056,0,92,30.740234375
spectrum,2033,1354977520,512,1,8,60,1c867493,16.94422801095061,0,92,30.8046875
spectrum,2034,1355696720,512,1,8,59,4c8a3d31,16.953053315985017,0,98,28.439453125
spectrum,2035,1356339280,512,1,8,60,bea133c5,16.962009368930012,0,92,31.279296875
spectrum,2036,1356977840,512,1,8,61,2a90f746,16.970018974039704,0,94,30.61328125
spectrum,2037,1357696960,512,1,8,61,940f9287,16.978195343981497,0,100,30.55859375
spectrum,2038,1358337440,512,1,8,61,70cf7398,16.986257578013465,0,99,30.890625
spectrum,2039,1358980560,512,1,8,61,f50769ff,16.994240392930806,0,97,31.94921875
spectrum,2040,1359696720,512,1,8,61,f6eeed95,17.00305285397917,0,95,30.005859375
spectrum,2041,1360337440,512,1,8,61,e8f543df,17.01132646703627,0,90,31.27734375
spectrum,2042,1360977440,512,1,8,61,61d32723,17.01927093998529,0,92,31.205078125
spectrum,2043,1361696720,512,1,8,61,81de1949,17.0282510969555,0,97,31.576171875
spectrum,2044,1362339680,512,1,8,62,5ebff23a,17.03709305403754,0,100,31.80078125
spectrum,2045,1362977840,512,1,8,60,971e1408,17.044208831037395,0,93,31.037109375
spectrum,2046,1363696960,512,1,8,60,1e2cd150,17.05326068494469,0,91,30.73046875
spectrum,2047,1364337760,512,1,8,31,e5026fe0,17.062001641024835,0,121,30.255859375
spectrum,2048,1364978480,512,1,8,63,eb790d21,17.07014085096307,0,95,31.853515625
spectrum,2049,1365696960,512,1,8,60,8f75bdb6,17.078199108014815,0,101,30.48046875
spectrum,2050,1366337440,512,1,8,60,41e734f9,17.08620408398565,0,102,29.513671875
spectrum,2051,1366977440,512,1,8,60,bae88d37,17.094222655985504,0,98,30.37890625
spectrum,2052,1367696720,512,1,8,60,967173d3,17.10320122097619,0,92,30.486328125
spectrum,2053,1368337440,512,1,8,60,eceaf212,17.111086391028948,0,89,29.61328125
spectrum,2054,1368977440,512,1,8,60,eeadca0b,17.119276767014526,0,91,29.716796875
spectrum,2055,1369696720,512,1,8,61,c2bd0a35,17.128175111021847,0,97,31.734375
spectrum,2056,1370339280,512,1,8,60,0af37ddd,17.137023438932374,0,144,40.904296875
spectrum,2057,1370977840,512,1,8,61,b9dc155a,17.144484719028696,0,93,31.8984375
spectrum,2058,1371696960,512,1,8,60,44f97476,17.153334390954114,0,92,30.814453125
spectrum,2059,1372337760,512,1,8,60,2655f674,17.16119841102045,0,94,30.376953125
spectrum,2060,1372979040,512,1,8,63,d1fa505c,17.17000476992689,0,96,32.212890625
spectrum,2061,1373697280,512,1,8,62,21e062e0,17.178195356973447,0,101,31.66796875
spectrum,2062,1374337840,512,1,8,62,31ee58bc,17.186169374966994,0,95,31.849609375
spectrum,2063,1374977760,512,1,8,62,8b9611de,17.19420277501922,0,93,32.009765625
spectrum,2064,1375696960,512,1,8,61,4ca373d6,17.20321781898383,0,94,30.591796875
spectrum,2065,1376337760,512,1,8,61,c9300c36,17.21121011103969,0,94,31.166015625
spectrum,2066,1376977760,512,1,8,61,31323f26,17.2192297950387,0,92,30.50390625
spectrum,2067,1377696960,512,1,8,61,e18e0b5f,17.22818301199004,0,90,31.724609375
spectrum,2068,1378337760,512,1,8,61,f47e0943,17.236945588956587,0,98,31.37109375
spectrum,2069,1378982000,512,1,8,61,58007cad,17.244217742001638,0,100,31.958984375
spectrum,2070,1379696720,512,1,8,61,f84b0226,17.25307095993776,0,91,29.517578125
spectrum,2071,1380337440,512,1,8,60,31f3e50c,17.261263489956036,0,100,31.107421875
spectrum,2072,1380979680,512,1,8,61,67c44274,17.270032569998875,0,101,30.943359375
spectrum,2073,1381696960,512,1,8,62,71eb2a17,17.278198670013808,0,100,32.41796875
spectrum,2074,1382337520,512,1,8,62,fb183744,17.28619701403659,0,94,31.513671875
spectrum,2075,1382977440,512,1,8,60,73047838,17.294052868965082,0,95,29.208984375
spectrum,2076,1383696720,512,1,8,60,c6ce5866,17.303196014021523,0,92,30.359375
spectrum,2077,1384337440,512,1,8,59,5924cf7a,17.311244923970662,0,92,29.873046875
spectrum,2078,1384977440,512,1,8,60,58accecd,17.319219772936776,0,91,29.111328125
spectrum,2079,1385696720,512,1,8,60,6165ff5a,17.32819303800352,0,93,29.568359375
spectrum,2080,1386337440,512,1,8,60,349946d1,17.33626908797305,0,90,30.1171875
spectrum,2081,1386979360,512,1,8,37,c716e290,17.34503304795362,0,122,30.076171875
spectrum,2082,1387696960,512,1,8,38,0baff617,17.35404937400017,0,130,26.982421875
spectrum,2083,1388338240,512,1,8,61,33283e19,17.36126381799113,0,92,31.228515625
spectrum,2084,1388983680,512,1,8,62,56ed307b,17.370025523006916,0,105,31.41015625
spectrum,2085,1389696960,512,1,8,64,e1235813,17.3790563759394,0,112,34.35546875
spectrum,2086,1390338560,512,1,8,72,53efaf9c,17.38702377199661,0,123,40.669921875
spectrum,2087,1390977520,512,1,8,60,7b379559,17.39560419495683,0,97,30.60546875
spectrum,2088,1391696720,512,1,8,60,28fe07b3,17.403224995941855,0,88,29.78125
spectrum,2089,1392337440,512,1,8,60,d5389a1d,17.411267022020184,0,94,31.064453125
spectrum,2090,1392977440,512,1,8,60,f6bef3b6,17.41928489296697,0,94,29.451171875
spectrum,2091,1393696720,512,1,8,72,da9afc4e,17.428244000999257,0,132,41.98046875
spectrum,2092,1394337440,512,1,8,72,4088b8be,17.436190617037937,0,135,42.962890625
spectrum,2093,1394979360,512,1,8,63,90a118ea,17.444186665932648,0,99,33.12109375
spectrum,2094,1395696960,512,1,8,64,a7e8f99b,17.453256833949126,0,98,33.1796875
spectrum,2095,1396337760,512,1,8,59,057330fc,17.46119553502649,0,103,28.748046875
spectrum,2096,1396977760,512,1,8,62,32090ff3,17.47002462798264,0,102,32.357421875
spectrum,2097,1397696960,512,1,8,72,c2bd1b8f,17.47903052403126,0,136,40.974609375
spectrum,2098,1398339440,512,1,8,60,c9466803,17.487008659983985,0,90,30.1015625
spectrum,2099,1398977840,512,1,8,63,d37648ed,17.494269010028802,0,96,32.37890625
spectrum,2100,1399696960,512,1,8,63,9f893a8a,17.503297909977846,0,100,31.677734375
spectrum,2101,1400337760,512,1,8,63,17c4d740,17.511095674941316,0,101,33.55078125
spectrum,2102,1400979360,512,1,8,60,0692fa74,17.519268058007583,0,102,30.509765625
spectrum,2103,1401696720,512,1,8,60,b3c0c639,17.52841086301487,0,121,32.625
spectrum,2104,1402337440,512,1,8,62,2bde7a3f,17.537070494960062,0,95,32.5546875
spectrum,2105,1402978560,512,1,8,34,1cc12632,17.545300196041353,0,122,34.806640625
spectrum,2106,1403697280,512,1,8,60,ab9b721d,17.554098499938846,0,107,29.443359375
spectrum,2107,1404337840,512,1,8,61,af3b6b75,17.561270563979633,0,95,31.328125
spectrum,2108,1404977760,512,1,8,64,67c9e556,17.569271672982723,0,107,33.134765625
spectrum,2109,1405696960,512,1,8,60,dfa9c756,17.579052672954276,0,93,31.34375
spectrum,2110,1406339440,512,1,8,60,12c0bf78,17.587202442926355,0,99,31.150390625
spectrum,2111,1406977840,512,1,8,60,dbea7cad,17.594186109956354,0,97,31.68359375
spectrum,2112,1407696960,512,1,8,61,548b1c75,17.603053304948844,0,94,30.16796875
spectrum,2113,1408337760,512,1,8,61,20e95edd,17.61125339998398,0,93,31.119140625
spectrum,2114,1408977760,512,1,8,60,a69176c0,17.61918917496223,0,98,29.3671875
spectrum,2115,1409696960,512,1,8,63,df327518,17.628228744957596,0,98,32.56640625
spectrum,2116,1410337760,512,1,8,63,cfd96aec,17.636197061976418,0,96,33.384765625
spectrum,2117,1410977760,512,1,8,63,cc7440d6,17.64422563300468,0,106,33.1328125
spectrum,2118,1411696960,512,1,8,63,059681cd,17.653350303997286,0,97,32.107421875
spectrum,2119,1412337520,512,1,8,61,498bce9b,17.661184206954204,0,89,31.16015625
spectrum,2120,1412977440,512,1,8,63,66f5f930,17.669084797031246,0,108,31.638671875
spectrum,2121,1413697280,512,1,8,61,ac0e4d28,17.6782102889847,0,97,31.64453125
spectrum,2122,1414349920,512,1,8,62,032c7070,17.687008072040044,0,96,32.296875
spectrum,2123,1414977600,512,1,8,61,b8d40efa,17.694212817936204,0,95,30.474609375
spectrum,2124,1415696720,512,1,8,61,5465916b,17.70309939899016,0,89,29.986328125
spectrum,2125,1416337440,512,1,8,60,3681c859,17.711198372999206,0,99,30.697265625
spectrum,2126,1416977440,512,1,8,60,9fa4c306,17.719195864978246,0,105,30.20703125
spectrum,2127,1417696720,512,1,8,72,077949d8,17.72820862394292,0,123,43.482421875
spectrum,2128,1418337440,512,1,8,72,e77fed3c,17.736186058958992,0,127,41.375
spectrum,2129,1418977440,512,1,8,60,2e03726d,17.74409570498392,0,103,30.224609375
spectrum,2130,1419697280,512,1,8,59,719c3ddb,17.753199156024493,0,99,29.798828125
spectrum,2131,1420337840,512,1,8,60,22a5c23b,17.761228668037802,0,100,30.958984375
spectrum,2132,1420977760,512,1,8,60,3d2b1331,17.769194951979443,0,98,29.2890625
spectrum,2133,1421696960,512,1,8,30,db85a538,17.77919854200445,0,122,29.734375
spectrum,2134,1422338800,512,1,8,62,ac160aab,17.787004002020694,0,94,31.375
spectrum,2135,1422978560,512,1,8,60,0386fd06,17.79423230094835,0,120,33.91015625
spectrum,2136,1423696720,512,1,8,60,783a6862,17.803057626937516,0,91,30.017578125
spectrum,2137,1424337440,512,1,8,63,3d9d60f4,17.811201825970784,0,97,32.642578125
spectrum,2138,1424977440,512,1,8,64,6c269bd1,17.819085794035345,0,97,32.640625
spectrum,2139,1425696720,512,1,8,64,8c15e489,17.828205915982835,0,96,34.09375
spectrum,2140,1426337440,512,1,8,64,e16bd85d,17.836185844964348,0,105,33.7890625
spectrum,2141,1426979360,512,1,8,62,141f7047,17.844186643953435,0,97,31.611328125
spectrum,2142,1427696960,512,1,8,59,2249de82,17.85319267003797,0,107,28.794921875
spectrum,2143,1428337520,512,1,8,61,394703bf,17.86107682902366,0,100,30.681640625
spectrum,2144,1428977440,512,1,8,36,72e82f3b,17.869230946991593,0,120,34.82421875
spectrum,2145,1429696720,512,1,8,61,c7ebe395,17.87805975903757,0,97,29.802734375
spectrum,2146,1430339280,512,1,8,61,5e174486,17.886979962931946,0,92,30.189453125
spectrum,2147,1430979120,512,1,8,60,60a45cb7,17.8949854610255,0,101,30.80078125
spectrum,2148,1431696720,512,1,8,62,3877d4d6,17.903113318956457,0,91,30.703125
spectrum,2149,1432337440,512,1,8,60,fd61fea3,17.91107508400455,0,110,30.884765625
spectrum,2150,1432977440,512,1,8,60,25b8470f,17.91906767699402,0,94,30.115234375
spectrum,2151,1433696720,512,1,8,60,17c5760b,17.928090945933945,0,104,29.8671875
spectrum,2152,1434337440,512,1,8,60,0a84af57,17.936204617959447,0,98,30.271484375
spectrum,2153,1434977440,512,1,8,60,84a13ed2,17.944212269037962,0,106,30.62890625
spectrum,2154,1435696720,512,1,8,60,50aa4f30,17.95402558997739,0,104,30.693359375
spectrum,2155,1436338480,512,1,8,60,d6c05d64,17.96119240403641,0,96,30.140625
spectrum,2156,1436977520,512,1,8,60,90fa50fc,17.970050961943343,0,92,30.263671875
spectrum,2157,1437696960,512,1,8,60,99f397e3,17.978217283030972,0,94,29.9765625
spectrum,2158,1438339360,512,1,8,62,1382939b,17.986213302006945,0,95,31.64453125
spectrum,2159,1438980320,512,1,8,60,faad0e86,17.99497676093597,0,110,31.216796875
spectrum,2160,1439696720,512,1,8,60,5f33fbcb,18.00309269700665,0,98,30.017578125
spectrum,2161,1440340880,512,1,8,60,d7247039,18.011192371952347,0,104,31.134765625
spectrum,2162,1440977440,512,1,8,60,b0afba5a,18.01907953596674,0,105,30.7421875
spectrum,2163,1441696720,512,1,8,60,8ef784f0,18.028062950004824,0,91,29.37890625
spectrum,2164,1442337440,512,1,8,60,4214e8c4,18.03610672999639,0,98,29.171875
spectrum,2165,1442977440,512,1,8,72,66d1ea21,18.04420368000865,0,128,42.333984375
spectrum,2166,1443696720,512,1,8,72,c8d6cb22,18.053070083027706,0,122,39.09375
spectrum,2167,1444339680,512,1,8,62,50f6f013,18.06117706198711,0,93,31.22265625
spectrum,2168,1444977840,512,1,8,62,ee17e2b1,18.069192057009786,0,94,31.93359375
spectrum,2169,1445696960,512,1,8,62,94cd21f8,18.078105538967066,0,97,31.94140625
spectrum,2170,1446340240,512,1,8,60,8786457f,18.086998051032424,0,100,30.55859375
spectrum,2171,1446977520,512,1,8,60,a8b6bfed,18.095001654932275,0,98,31.162109375
spectrum,2172,1447696960,512,1,8,62,d9f4f308,18.103198222932406,0,93,30.94140625
spectrum,2173,1448337440,512,1,8,61,bea7b543,18.111052725929767,0,97,30.787109375
spectrum,2174,1448977440,512,1,8,62,1699c60e,18.119061919976957,0,92,31.33984375
spectrum,2175,1449696720,512,1,8,62,2758baeb,18.128158607985824,0,94,30.62890625
spectrum,2176,1450337440,512,1,8,62,d94c2422,18.13605498895049,0,93,31.185546875
spectrum,2177,1450977440,512,1,8,62,6097dac8,18.144216281012632,0,94,32.634765625
spectrum,2178,1451696720,512,1,8,62,4ff8a7bb,18.153223418979906,0,96,31.615234375
spectrum,2179,1452339680,512,1,8,31,917cfad4,18.16120068298187,0,126,28.76171875
spectrum,2180,1452979040,512,1,8,60,f7886874,18.169208775972947,0,100,30.287109375
spectrum,2181,1453696720,512,1,8,61,a90dcf9b,18.178107740008272,0,90,30.0546875
spectrum,2182,1454339360,512,1,8,72,d53489b4,18.18701070197858,0,133,42.47265625
spectrum,2183,1454978560,512,1,8,61,817883b5,18.194222089950927,0,97,31.42578125
spectrum,2184,1455697280,512,1,8,61,9bc2e5f4,18.203207207028754,0,93,31.705078125
spectrum,2185,1456337840,512,1,8,61,e3d42260,18.211231300025247,0,98,31.802734375
spectrum,2186,1456977760,512,1,8,61,d5d74298,18.219083467964083,0,94,30.15625
spectrum,2187,1457696960,512,1,8,60,afb7335a,18.228209089953452,0,101,29.328125
spectrum,2188,1458339040,512,1,8,61,e3c2af54,18.236227491986938,0,95,29.89453125
spectrum,2189,1458977520,512,1,8,61,2b45f974,18.244100267998874,0,93,30.337890625
spectrum,2190,1459696720,512,1,8,61,e9dbd810,18.253080677008256,0,91,31.6953125
spectrum,2191,1460340880,512,1,8,58,93052bae,18.262043882976286,0,120,31.453125
spectrum,2192,1460978880,512,1,8,61,cb9d9fee,18.26909037900623,0,91,28.904296875
spectrum,2193,1461696720,512,1,8,61,d8db28b4,18.278081618016586,0,102,31.166015625
spectrum,2194,1462337440,512,1,8,61,75a94e58,18.286079440964386,0,91,31.23046875
spectrum,2195,1462979360,512,1,8,64,3fb88f4d,18.295041825040244,0,105,34.3359375
spectrum,2196,1463696960,512,1,8,60,69299aeb,18.303200701950118,0,103,30.6484375
spectrum,2197,1464337520,512,1,8,60,e16c9fef,18.311092854943126,0,96,30.556640625
spectrum,2198,1464977440,512,1,8,60,d3d66eaa,18.31917644001078,0,101,29.6015625
spectrum,2199,1465696720,512,1,8,60,0ab44b87,18.328071456984617,0,103,30.890625
spectrum,2200,1466337440,512,1,8,60,553b97d2,18.33606385998428,0,92,29.740234375
spectrum,2201,1466977440,512,1,8,60,0fb99b68,18.34408749092836,0,96,30.689453125
spectrum,2202,1467696720,512,1,8,60,15e9592b,18.35306713799946,0,103,29.5078125
spectrum,2203,1468337440,512,1,8,60,5def7aaf,18.36108007002622,0,91,30.279296875
spectrum,2204,1468977440,512,1,8,29,ce41d9ab,18.370014781947248,0,121,30.083984375
spectrum,2205,1469696960,512,1,8,59,3d2aa0c3,18.37824804894626,0,99,29.69921875
spectrum,2206,1470339360,512,1,8,59,32a242d1,18.386215504957363,0,97,28.953125
spectrum,2207,1470979040,512,1,8,60,7eb3532f,18.394225721014664,0,97,31.330078125
spectrum,2208,1471701920,512,1,8,60,75e348f8,18.403244280954823,0,98,28.79296875
spectrum,2209,1472338480,512,1,8,60,7ca8447a,18.4120873400243,0,96,30.759765625
spectrum,2210,1472978560,512,1,8,60,9dce9d3d,18.41923580900766,0,91,29.931640625
spectrum,2211,1473696720,512,1,8,58,a933109e,18.42826618195977,0,138,37.39453125
spectrum,2212,1474337520,512,1,8,61,aa383242,18.436201676959172,0,94,30.734375
spectrum,2213,1474979280,512,1,8,62,c021be99,18.445050908019766,0,97,32.498046875
spectrum,2214,1475696960,512,1,8,62,62bbdd44,18.453065371955745,0,102,31.5078125
spectrum,2215,1476337760,512,1,8,62,90452730,18.462348422035575,0,92,31.919921875
spectrum,2216,1476979040,512,1,8,61,c93ef194,18.469243371975608,0,94,31.1171875
spectrum,2217,1477697280,512,1,8,61,306646c2,18.47831741697155,0,96,32.02734375
spectrum,2218,1478337840,512,1,8,60,ae844344,18.48609573498834,0,94,30.3359375
spectrum,2219,1478977760,512,1,8,31,f685a322,18.495120887993835,0,121,31.068359375
spectrum,2220,1479696960,512,1,8,60,743c01bd,18.504064096021466,0,96,30.8515625
spectrum,2221,1480341680,512,1,8,62,9501414b,18.51204343396239,0,94,32.01953125
spectrum,2222,1480977520,512,1,8,61,374ca0cb,18.519097515032627,0,92,30.599609375
spectrum,2223,1481696720,512,1,8,61,76a6e4cc,18.52825406601187,0,97,31.880859375
spectrum,2224,1482337440,512,1,8,62,a5217538,18.53610069293063,0,94,31.845703125
spectrum,2225,1482977440,512,1,8,62,a1400192,18.544291079975665,0,96,31.498046875
spectrum,2226,1483696720,512,1,8,62,1351ad18,18.5530801769346,0,91,31.494140625
spectrum,2227,1484339600,512,1,8,60,fdef1898,18.561222182004713,0,103,30.478515625
spectrum,2228,1484980080,512,1,8,31,af6f4ca3,18.570069639012218,0,128,30.171875
spectrum,2229,1485697280,512,1,8,32,31d8aff6,18.578242031973787,0,132,27.453125
spectrum,2230,1486339040,512,1,8,60,ab1a30d4,18.586209767963737,0,93,30.78515625
spectrum,2231,1486977520,512,1,8,60,79612fe6,18.59424178500194,0,95,31.755859375
spectrum,2232,1487697280,512,1,8,61,5b30b492,18.603224036982283,0,95,29.396484375
spectrum,2233,1488339040,512,1,8,61,9531be18,18.611266002990305,0,94,31.14453125
spectrum,2234,1488977520,512,1,8,38,1a0bc6e8,18.61909834400285,0,121,36.1015625
spectrum,2235,1489697280,512,1,8,59,1619dbaf,18.62823675002437,0,117,33.96484375
spectrum,2236,1490337840,512,1,8,62,fbd2d31f,18.63620676100254,0,128,37.880859375
spectrum,2237,1490977840,512,1,8,62,9e9d62d0,18.644102170015685,0,98,31.8359375
spectrum,2238,1491696960,512,1,8,60,6da385b8,18.653116471949033,0,96,30.62890625
spectrum,2239,1492339920,512,1,8,58,948e7184,18.661238931003027,0,103,28.484375
spectrum,2240,1492977520,512,1,8,61,b1d61cbc,18.67005854495801,0,95,29.904296875
spectrum,2241,1493696960,512,1,8,61,5f8c189a,18.678219074965455,0,94,31.78125
spectrum,2242,1494337520,512,1,8,36,eb9873fb,18.686374946963042,0,123,34.248046875
spectrum,2243,1494977440,512,1,8,60,8e344273,18.694095997023396,0,90,30.30078125
spectrum,2244,1495697280,512,1,8,61,ce070bd2,18.703221809933893,0,89,30.265625
spectrum,2245,1496340320,512,1,8,59,cc6e6972,18.71201249002479,0,102,29.91796875
spectrum,2246,1496977520,512,1,8,59,a50fafe4,18.7192070359597,0,100,29.806640625
spectrum,2247,1497696720,512,1,8,72,ad2f0921,18.728383173933253,0,133,42.103515625
spectrum,2248,1498337440,512,1,8,72,0113147c,18.736202338943258,0,134,41.654296875
spectrum,2249,1498977440,512,1,8,62,69d1b122,18.744232733966783,0,101,31.8203125
spectrum,2250,1499696720,512,1,8,62,913d53ee,18.753082516021095,0,94,31.43359375
spectrum,2251,1500337440,512,1,8,62,0c81b7a2,18.761112909996882,0,93,31.98828125
spectrum,2252,1500980560,512,1,8,60,480fc3af,18.769217123975977,0,115,34.30859375
spectrum,2253,1501697600,512,1,8,63,67ed85be,18.778229972929694,0,97,32.681640625
spectrum,2254,1502337840,512,1,8,60,7840dca0,18.786067412933335,0,89,29.08203125
spectrum,2255,1502977760,512,1,8,60,3305c0d9,18.794089040951803,0,90,30.01171875
spectrum,2256,1503697920,512,1,8,61,2d3f55dd,18.803215265041217,0,93,29.36328125
spectrum,2257,1504338400,512,1,8,63,f53f2125,18.81200313998852,0,98,32.91796875
spectrum,2258,1504978240,512,1,8,61,f8b5f03a,18.81928524095565,0,93,30.927734375
spectrum,2259,1505696720,512,1,8,61,7eb6a03f,18.828072394011542,0,93,30.95703125
spectrum,2260,1506337440,512,1,8,61,a75c1829,18.83605850499589,0,94,30.576171875
spectrum,2261,1506977440,512,1,8,61,4f79de81,18.844059995026328,0,92,31.029296875
spectrum,2262,1507696720,512,1,8,61,c2a0e92c,18.853072313941084,0,94,30.32421875
spectrum,2263,1508337440,512,1,8,60,d39a22a6,18.861081467941403,0,96,30.361328125
spectrum,2264,1508977440,512,1,8,60,2f581da4,18.869138502981514,0,96,29.35546875
spectrum,2265,1509697280,512,1,8,61,cbf63de9,18.8782317439327,0,94,30.669921875
spectrum,2266,1510337840,512,1,8,62,21b50f03,18.88604597002268,0,95,30.994140625
spectrum,2267,1510977760,512,1,8,60,b03db310,18.894082476035692,0,94,30.18359375
spectrum,2268,1511696960,512,1,8,60,c0a07cd1,18.904012938030064,0,89,29.931640625
spectrum,2269,1512338480,512,1,8,64,a3e1bd5a,18.911260545020923,0,111,34.55859375
spectrum,2270,1512979440,512,1,8,59,5ba3c323,18.919168357970193,0,89,29.615234375
spectrum,2271,1513696960,512,1,8,63,a8d2da24,18.928062623017468,0,99,33.515625
spectrum,2272,1514337760,512,1,8,63,33d3b0cd,18.936207683989778,0,106,33.361328125
spectrum,2273,1514977760,512,1,8,60,d9681904,18.944094897946343,0,93,31.099609375
spectrum,2274,1515696960,512,1,8,62,109158d7,18.953091267030686,0,102,31.177734375
spectrum,2275,1516337760,512,1,8,62,2748c4ea,18.961078629945405,0,94,32.39453125
spectrum,2276,1516977760,512,1,8,60,94199a00,18.96909960603807,0,104,31.4296875
spectrum,2277,1517708800,512,1,8,30,0299e06d,18.979086715960875,0,127,26.94140625
spectrum,2278,1518338800,512,1,8,62,b06f19f0,18.986203916021623,0,94,32.5078125
spectrum,2279,1518977520,512,1,8,60,b7d82efa,18.994179846951738,0,90,30.12109375
spectrum,2280,1519696720,512,1,8,60,98e20974,19.003064655000344,0,91,30.123046875
spectrum,2281,1520339360,512,1,8,60,5ea2afdb,19.011234172037803,0,94,30.22265625
spectrum,2282,1520982880,512,1,8,61,d55168b5,19.019215182983316,0,94,31.076171875
spectrum,2283,1521696720,512,1,8,61,6a068f67,19.028077848954126,0,95,30.62109375
spectrum,2284,1522337440,512,1,8,61,cc97cc5f,19.036083386978135,0,101,31.146484375
spectrum,2285,1522977440,512,1,8,61,316f4b26,19.044137825956568,0,100,29.302734375
spectrum,2286,1523696720,512,1,8,61,8b6bcd9a,19.05308918002993,0,96,29.88671875
spectrum,2287,1524337440,512,1,8,59,9658f45e,19.06108052097261,0,86,29.78125
spectrum,2288,1524977440,512,1,8,61,02d1003e,19.06906289397739,0,94,29.72265625
spectrum,2289,1525696720,512,1,8,61,1975b0dd,19.079103333991952,0,98,31.791015625
spectrum,2290,1526339120,512,1,8,61,53dbddea,19.086225242936052,0,93,31.537109375
spectrum,2291,1526977520,512,1,8,61,9f622c96,19.094098209985532,0,93,30.990234375
spectrum,2292,1527696720,512,1,8,61,b8b36b84,19.103084058966488,0,103,31.353515625
spectrum,2293,1528339360,512,1,8,60,e9cd08bf,19.111232526018284,0,92,30.123046875
spectrum,2294,1528977840,512,1,8,31,9129eb96,19.120064273942262,0,120,37.6015625
spectrum,2295,1529696960,512,1,8,63,aa68f301,19.12826267501805,0,102,32.8984375
spectrum,2296,1530337440,512,1,8,60,4626eeec,19.136058356962167,0,90,30.7578125
spectrum,2297,1530977440,512,1,8,60,6a0fba52,19.144077008939348,0,101,31.041015625
spectrum,2298,1531696720,512,1,8,60,2531afba,19.153075431007892,0,94,30.591796875
spectrum,2299,1532337440,512,1,8,63,92c6a49e,19.161141142016277,0,104,32.849609375
spectrum,2300,1532977440,512,1,8,63,701ef4ca,19.169207985978574,0,94,32.716796875
spectrum,2301,1533696720,512,1,8,63,251f076d,19.17808325495571,0,96,32.16796875
spectrum,2302,1534339360,512,1,8,32,9fce26c5,19.187029839958996,0,126,30.962890625
spectrum,2303,1534978560,512,1,8,61,b6e4533e,19.19425035500899,0,96,30.09375
spectrum,2304,1535696720,512,1,8,61,7dc628e6,19.203108601970598,0,88,29.525390625
spectrum,2305,1536337440,512,1,8,31,01b89b4c,19.212155716959387,0,126,29.431640625
spectrum,2306,1536978480,512,1,8,61,32aee229,19.21921112004202,0,95,30.92578125
spectrum,2307,1537697280,512,1,8,72,26e2a7a7,19.229082611040212,0,132,43.01953125
spectrum,2308,1538338240,512,1,8,63,9139214a,19.23622084094677,0,93,32.537109375
spectrum,2309,1538977520,512,1,8,63,99f37734,19.244150644983165,0,98,32.61328125
spectrum,2310,1539696720,512,1,8,59,1e5b6178,19.253335329005495,0,103,28.79296875
spectrum,2311,1540338800,512,1,8,60,3dc22b85,19.261839999002405,0,93,29.6484375
spectrum,2312,1540977520,512,1,8,60,6815adf9,19.269035727949813,0,90,30.619140625
spectrum,2313,1541697280,512,1,8,61,308eeeb8,19.279027134994976,0,96,31.095703125
spectrum,2314,1542340080,512,1,8,61,298982a9,19.286206441931427,0,92,31.19140625
spectrum,2315,1542979120,512,1,8,60,b596ffa7,19.295478611951694,0,104,31.529296875
spectrum,2316,1543696720,512,1,8,72,ba4afc91,19.303061260958202,0,131,42.220703125
spectrum,2317,1544337440,512,1,8,60,ce23194f,19.31107161694672,0,96,30.380859375
spectrum,2318,1544979280,512,1,8,59,c148ace1,19.320235371007584,0,102,29.01171875
spectrum,2319,1545696960,512,1,8,61,2edc18e1,19.330436354968697,0,91,30.2890625
spectrum,2320,1546337520,512,1,8,61,39bed421,19.336333750979975,0,97,31.060546875
spectrum,2321,1546977440,512,1,8,61,4ad38772,19.344071113038808,0,95,31.111328125
spectrum,2322,1547696720,512,1,8,25,c1d60429,19.354101944016293,0,131,36.9453125
spectrum,2323,1548339440,512,1,8,62,3ebc9aff,19.361331516993232,0,97,30.6796875
spectrum,2324,1548977840,512,1,8,63,52af8c40,19.369125313940458,0,111,31.4921875
spectrum,2325,1549696960,512,1,8,59,36454abd,19.37812964792829,0,95,29.205078125
spectrum,2326,1550337760,512,1,8,61,ea3b230b,19.38701621897053,12,126,80.185546875
spectrum,2327,1550978960,512,1,8,61,1526f273,19.39421633502934,0,91,30.923828125
spectrum,2328,1551696960,512,1,8,60,3a7da5ca,19.40401379694231,0,99,29.7578125
spectrum,2329,1552338800,512,1,8,61,a92746a6,19.411229172023013,0,97,31.302734375
spectrum,2330,1552979360,512,1,8,62,89b4ade5,19.4200305219274,0,98,31.94140625
spectrum,2331,1553697280,512,1,8,61,728f9b7c,19.428225777926855,0,94,30.908203125
spectrum,2332,1554337840,512,1,8,60,3178675c,19.436064249952324,0,99,30.291015625
spectrum,2333,1554977760,512,1,8,60,2ac5ac5d,19.444090115954168,0,86,29.611328125
spectrum,2334,1555696960,512,1,8,60,10b08d62,19.45321835298091,0,99,30.322265625
spectrum,2335,1556337520,512,1,8,60,50fae7d7,19.461108161951415,0,98,32.048828125
spectrum,2336,1556977440,512,1,8,63,456d4158,19.47002316697035,0,99,32.494140625
spectrum,2337,1557696960,512,1,8,62,c31a4e7a,19.478254811023362,0,98,32.66015625
spectrum,2338,1558337520,512,1,8,62,603855a2,19.486105105956085,0,93,32.439453125
spectrum,2339,1558979360,512,1,8,32,fe61c403,19.495019659982063,0,130,27.173828125
spectrum,2340,1559697280,512,1,8,32,59a8f94b,19.50322158797644,0,131,26.84375
spectrum,2341,1560339360,512,1,8,56,0ac33cf9,19.512147443019785,0,103,27.83203125
spectrum,2342,1560977840,512,1,8,33,244aac5a,19.520019117975608,0,126,30.41015625
spectrum,2343,1561696960,512,1,8,60,46deedb7,19.53071183001157,0,89,30.1484375
spectrum,2344,1562341360,512,1,8,63,a582962d,19.53624361602124,0,97,32.3984375
spectrum,2345,1562977520,512,1,8,60,0a438994,19.544392072944902,0,91,30.2109375
spectrum,2346,1563696720,512,1,8,72,a4991e23,19.5569258419564,0,127,41.677734375
spectrum,2347,1564337440,512,1,8,72,14287dec,19.56122738402337,0,127,41.37890625
spectrum,2348,1564977440,512,1,8,72,0bc29ff9,19.569103957968764,0,131,41.576171875
spectrum,2349,1565696720,512,1,8,72,392531d6,19.57992035395,0,125,42.34765625
spectrum,2350,1566337440,512,1,8,60,51892d3c,19.586064246017486,0,104,30.037109375
spectrum,2351,1566979680,512,1,8,60,d6c21e68,19.594217692967504,0,95,31.44140625
spectrum,2352,1567696960,512,1,8,59,8d9fc9bd,19.603230542037636,0,91,29.125
spectrum,2353,1568337520,512,1,8,72,13638d23,19.611172699951567,0,130,41.3515625
spectrum,2354,1568977440,512,1,8,62,a2e42bca,19.619278125930578,0,97,32.27734375
spectrum,2355,1569697280,512,1,8,62,44bdbb92,19.629108660039492,0,133,62.998046875
spectrum,2356,1570339200,512,1,8,61,9c554268,19.63655282696709,0,93,31.513671875
spectrum,2357,1570977520,512,1,8,60,3f680e83,19.644135234993882,0,103,30.345703125
spectrum,2358,1571696720,512,1,8,60,725f1dd4,19.653097879956476,0,98,29.654296875
spectrum,2359,1572339920,512,1,8,60,a4483e73,19.661268378957175,0,102,29.892578125
spectrum,2360,1572977840,512,1,8,60,1d635046,19.669192392961122,0,99,30.728515625
spectrum,2361,1573696960,512,1,8,60,d6d8e8ca,19.678077069926076,0,100,30.857421875
spectrum,2362,1574337760,512,1,8,60,ae67ffe1,19.686086865956895,0,100,29.671875
spectrum,2363,1574977760,512,1,8,60,c373ec4d,19.695026897941716,0,101,30.451171875
spectrum,2364,1575697280,512,1,8,33,88127908,19.704032995039597,0,128,29.814453125
spectrum,2365,1576339440,512,1,8,34,269ead92,19.71195731894113,0,126,31.15625
spectrum,2366,1576979440,512,1,8,72,293e9ac6,19.71926408703439,0,124,41.427734375
spectrum,2367,1577696960,512,1,8,25,a9a4c591,19.72827642597258,0,127,37.90234375
spectrum,2368,1578339440,512,1,8,60,8c39a15c,19.73621614894364,0,99,29.671875
spectrum,2369,1578977840,512,1,8,60,495cd683,19.744095497997478,0,101,30.927734375
spectrum,2370,1579696960,512,1,8,60,7211ca24,19.753091095015407,0,102,30.03515625
spectrum,2371,1580337760,512,1,8,60,76ae8f8f,19.76106296898797,0,97,31.140625
spectrum,2372,1580977760,512,1,8,59,55895a45,19.769174285931513,0,92,28.376953125
spectrum,2373,1581696960,512,1,8,60,6c03b50b,19.778096764930524,0,98,30.8828125
spectrum,2374,1582342800,512,1,8,61,12454095,19.78700517793186,0,91,30.751953125
spectrum,2375,1582977520,512,1,8,61,a8a5a934,19.794138096971437,0,93,30.576171875
spectrum,2376,1583697600,512,1,8,61,7121170a,19.803249732940458,0,91,30.306640625
spectrum,2377,1584337840,512,1,8,60,bb366ec9,19.811093344935216,0,92,31.74609375
spectrum,2378,1584977760,512,1,8,62,8d381fc0,19.819065899937414,0,96,32.037109375
spectrum,2379,1585696960,512,1,8,61,450f132e,19.828252507955767,0,92,30.560546875
spectrum,2380,1586337520,512,1,8,32,be6a6b5b,19.837064808933064,0,123,36.720703125
spectrum,2381,1586978560,512,1,8,61,5d6f6dd4,19.84422138298396,0,96,31.57421875
spectrum,2382,1587696720,512,1,8,38,2808a662,19.853073228965513,0,123,36.19921875
spectrum,2383,1588337440,512,1,8,62,0ce60eef,19.8611212259857,0,96,31.876953125
spectrum,2384,1588977440,512,1,8,62,617b3279,19.86906817299314,0,92,31.947265625
spectrum,2385,1589697280,512,1,8,61,4d8ded37,19.8781981440261,0,90,30.916015625
spectrum,2386,1590337840,512,1,8,61,7606f98e,19.886074617970735,0,92,31.5
spectrum,2387,1590977760,512,1,8,61,e0041fa8,19.894100853940472,0,96,31.51171875
spectrum,2388,1591696960,512,1,8,34,24be8b5e,19.904044591938145,0,131,28.732421875
spectrum,2389,1592345360,512,1,8,34,c571c3f7,19.91122638399247,0,124,29.576171875
spectrum,2390,1592979440,512,1,8,34,7ef2ef55,19.919221541960724,0,128,27.82421875
spectrum,2391,1593697280,512,1,8,32,7cfbff3a,19.929029211984016,0,125,29.994140625
spectrum,2392,1594338160,512,1,8,72,40743f07,19.936199922929518,0,134,40.85546875
spectrum,2393,1594979360,512,1,8,63,e4fcf1cd,19.944225247949362,0,101,33.1796875
spectrum,2394,1595696960,512,1,8,62,6e7a59ea,19.95306847698521,0,96,31.19140625
spectrum,2395,1596337760,512,1,8,62,604da0b8,19.961100814980455,0,94,32.302734375
spectrum,2396,1596977760,512,1,8,62,8ca53407,19.969155555940233,0,97,32.08984375
spectrum,2397,1597696960,512,1,8,60,073aa61e,19.978086421033368,0,96,30.4765625
spectrum,2398,1598337760,512,1,8,60,01d412f1,19.9860794339329,0,92,31.388671875
spectrum,2399,1598977760,512,1,8,60,2f8e9ce4,19.994128374033608,0,96,30.47265625
spectrum,2400,1599696960,512,1,8,60,b4a48227,20.003198841935955,0,90,29.396484375
spectrum,2401,1600337520,512,1,8,60,435663a4,20.01110007299576,0,100,31.10546875
spectrum,2402,1600977440,512,1,8,62,410237b8,20.019063740968704,0,94,32.8203125
spectrum,2403,1601696720,512,1,8,62,3fe57d89,20.02810616698116,0,99,31.1875
spectrum,2404,1602342800,512,1,8,62,4936a7cd,20.03622867492959,0,100,31.49609375
spectrum,2405,1602979440,512,1,8,60,2e3dd6ec,20.044308642973192,0,98,30.453125
spectrum,2406,1603696720,512,1,8,60,7112a5c3,20.053090667002834,0,91,30.0703125
spectrum,2407,1604337440,512,1,8,60,302a22a0,20.06107262999285,0,90,29.935546875
spectrum,2408,1604977440,512,1,8,60,119625a5,20.069095258950256,0,91,29.3515625
spectrum,2409,1605697600,512,1,8,58,c0d538b8,20.07909330003895,0,102,29.1328125
spectrum,2410,1606338240,512,1,8,61,95a2a494,20.086087867966853,0,90,30.228515625
spectrum,2411,1606977440,512,1,8,61,81424895,20.094098245026544,0,92,30.322265625
spectrum,2412,1607696720,512,1,8,61,7cf28023,20.10402114293538,0,93,31.0234375
spectrum,2413,1608338480,512,1,8,60,c1b76109,20.111165473936126,0,95,30.14453125
spectrum,2414,1608977440,512,1,8,61,8cac9180,20.119077884941362,0,101,29.990234375
spectrum,2415,1609697920,512,1,8,59,b3c174b3,20.128254393930547,0,101,30.25390625
spectrum,2416,1610338800,512,1,8,62,84ee776c,20.136224595014937,0,96,32.92578125
spectrum,2417,1610979760,512,1,8,57,82320ec4,20.144216255983338,0,99,28.79296875
spectrum,2418,1611696960,512,1,8,62,ed520178,20.15309322893154,0,92,31.00390625
spectrum,2419,1612337760,512,1,8,62,fb57afdd,20.161127510946244,0,99,30.9296875
spectrum,2420,1612977760,512,1,8,60,b0251177,20.16908193193376,0,98,29.982421875
spectrum,2421,1613696960,512,1,8,72,8031b64c,20.17807310994249,0,130,41.017578125
spectrum,2422,1614337760,512,1,8,61,cc23274f,20.186084368964657,0,94,30.93359375
spectrum,2423,1614979040,512,1,8,60,10c1cbdb,20.19466748693958,0,91,30.21875
spectrum,2424,1615696720,512,1,8,60,6a6abbec,20.203106392989866,0,103,30.0390625
spectrum,2425,1616339360,512,1,8,61,2b055527,20.211294995970093,0,97,30.775390625
spectrum,2426,1616977840,512,1,8,60,81777ec2,20.21907872497104,0,100,29.5234375
spectrum,2427,1617696960,512,1,8,60,7802123a,20.228087686933577,0,93,31.009765625
spectrum,2428,1618337760,512,1,8,61,17b34a75,20.237046284019016,0,90,31.509765625
spectrum,2429,1618978560,512,1,8,61,497d1087,20.245544721954502,0,95,31.599609375
spectrum,2430,1619696960,512,1,8,62,ef337d75,20.253275280003436,0,94,31.14453125
spectrum,2431,1620337520,512,1,8,62,bf45ecf8,20.261145132011734,0,96,31.794921875
spectrum,2432,1620977440,512,1,8,62,c9ea8a4d,20.269104111008346,0,103,31.408203125
spectrum,2433,1621696720,512,1,8,62,6b05707d,20.278092024032958,0,97,33.494140625
spectrum,2434,1622337440,512,1,8,62,33687b43,20.28611964301672,0,96,30.84375
spectrum,2435,1622980560,512,1,8,62,e2391e08,20.294127263943665,0,93,31.162109375
spectrum,2436,1623696720,512,1,8,60,6adeae4b,20.30313854094129,0,98,30.59765625
spectrum,2437,1624339920,512,1,8,34,552482a5,20.312124480027705,0,128,27.1640625
spectrum,2438,1624978160,512,1,8,60,5d47cfb6,20.319102657027543,0,91,29.572265625
spectrum,2439,1625696720,512,1,8,62,a26ecf4f,20.328156583942473,0,103,32.404296875
spectrum,2440,1626337440,512,1,8,61,d2bf3a91,20.337019009981304,0,92,31.611328125
spectrum,2441,1626978800,512,1,8,61,0802f849,20.344237501034513,0,91,30.8203125
spectrum,2442,1627697280,512,1,8,62,7e60db9d,20.35324825695716,0,94,31.443359375
spectrum,2443,1628337840,512,1,8,60,18008952,20.361159577034414,0,103,30.78125
spectrum,2444,1628977760,512,1,8,61,b6242ce2,20.369100010953844,0,93,30.44140625
spectrum,2445,1629696960,512,1,8,59,7277dc81,20.37808838498313,0,103,29.1640625
spectrum,2446,1630337760,512,1,8,61,b8d6c881,20.38610190700274,0,92,31.138671875
spectrum,2447,1630977760,512,1,8,60,6f44673e,20.39419664302841,0,93,30.90625
spectrum,2448,1631696960,512,1,8,63,e001fa53,20.40310617699288,0,98,32.564453125
spectrum,2449,1632337760,512,1,8,59,1a204f3b,20.412150876945816,0,99,30.9296875
spectrum,2450,1632978560,512,1,8,42,f1e0d822,20.419336045975797,0,123,38.271484375
spectrum,2451,1633696720,512,1,8,43,d305ac5a,20.428136614034884,0,125,35.330078125
spectrum,2452,1634337440,512,1,8,61,2d6a6263,20.436100753955543,0,94,30.5859375
spectrum,2453,1634979360,512,1,8,60,fd0b67e1,20.444250222994015,0,88,29.73046875
spectrum,2454,1635696960,512,1,8,61,a5150ed3,20.453258413937874,0,93,31.494140625
spectrum,2455,1636337520,512,1,8,61,7b56cca9,20.46123760100454,0,97,32.9765625
spectrum,2456,1636977440,512,1,8,62,6ccbf2de,20.469075832981616,0,92,31.681640625
spectrum,2457,1637696720,512,1,8,62,c7b21856,20.47815311397426,0,94,33.14453125
spectrum,2458,1638337440,512,1,8,59,359ac452,20.486074812943116,0,91,29.798828125
spectrum,2459,1638977440,512,1,8,60,c14d331c,20.494158367975615,0,104,30.73828125
spectrum,2460,1639696720,512,1,8,60,b62dfa56,20.503161028958857,0,92,29.208984375
spectrum,2461,1640337440,512,1,8,60,aaa24a2c,20.511078399955295,0,93,30.59765625
spectrum,2462,1640979360,512,1,8,34,7f4b6aab,20.520033910986967,0,125,30.185546875
spectrum,2463,1641696960,512,1,8,59,c145edec,20.528250686940737,0,94,29.228515625
spectrum,2464,1642337520,512,1,8,60,35eac76a,20.536101622972637,0,101,30.41796875
spectrum,2465,1642983760,512,1,8,61,8de0b0c5,20.544242306030355,0,100,32.40234375
spectrum,2466,1643696960,512,1,8,31,ca08c5c1,20.55404565797653,0,121,35.888671875
spectrum,2467,1644338880,512,1,8,60,7f92ca69,20.561087165027857,0,88,30.931640625
spectrum,2468,1644977440,512,1,8,63,99edb456,20.57004387897905,0,96,32.1953125
spectrum,2469,1645696960,512,1,8,60,cb9695d0,20.57828066300135,0,122,36.388671875
spectrum,2470,1646339360,512,1,8,61,d5597348,20.586213864036836,0,92,29.955078125
spectrum,2471,1646977840,512,1,8,61,4b055731,20.594105375930667,0,93,31.375
spectrum,2472,1647696960,512,1,8,61,04a6d48e,20.603120348998345,0,90,30.81640625
spectrum,2473,1648337760,512,1,8,64,2f720cc7,20.6112144140061,0,103,34.064453125
spectrum,2474,1648977760,512,1,8,39,a8851557,20.61908490699716,0,123,37.0390625
spectrum,2475,1649696960,512,1,8,61,5de7706a,20.628237740020268,0,87,31.1484375
spectrum,2476,1650337520,512,1,8,28,08ee90cb,20.636091241030954,0,129,30.068359375
spectrum,2477,1650977440,512,1,8,32,cf1a427b,20.64501479198225,0,121,32.96484375
spectrum,2478,1651696960,512,1,8,60,5449ff5e,20.65409977803938,0,95,29.552734375
spectrum,2479,1652338560,512,1,8,60,9c78552a,20.66134815500118,0,93,30.9765625
spectrum,2480,1652977520,512,1,8,60,cf6838e7,20.66907614900265,0,98,30.08984375
spectrum,2481,1653696720,512,1,8,60,1a5c2fb8,20.67809490999207,0,94,29.669921875
spectrum,2482,1654337440,512,1,8,60,e21be510,20.68625480798073,0,93,29.607421875
spectrum,2483,1654978800,512,1,8,62,a3fa75f6,20.694254274945706,0,102,32.173828125
spectrum,2484,1655696720,512,1,8,62,598fae64,20.703135967021808,0,94,30.958984375
spectrum,2485,1656337440,512,1,8,60,3564b2d1,20.711172321927734,0,104,29.861328125
spectrum,2486,1656979680,512,1,8,34,e3798fa2,20.719233765034005,0,124,30.400390625
spectrum,2487,1657696960,512,1,8,34,82722ed9,20.728105287998915,0,127,29.8515625
spectrum,2488,1658339360,512,1,8,34,6be84dd4,20.737039378960617,0,125,30.181640625
spectrum,2489,1658978240,512,1,8,69,1d45992e,20.74424754094798,0,124,38.451171875
spectrum,2490,1659697280,512,1,8,60,64f13fa2,20.753248648019508,0,86,29.5859375
spectrum,2491,1660339040,512,1,8,60,4c25d0da,20.761273471987806,0,92,30.48046875
spectrum,2492,1660977520,512,1,8,63,3071201c,20.769085063016973,0,102,33.416015625
spectrum,2493,1661696720,512,1,8,60,2e60cf78,20.77811231999658,0,102,30.22265625
spectrum,2494,1662337440,512,1,8,72,756c922a,20.78609292092733,0,129,40.078125
spectrum,2495,1662977440,512,1,8,72,823769af,20.794128595036454,0,128,41.251953125
spectrum,2496,1663696720,512,1,8,62,e302752b,20.80308793403674,0,105,32.474609375
spectrum,2497,1664337440,512,1,8,62,d6188dc0,20.81112192501314,0,97,32.025390625
spectrum,2498,1664977440,512,1,8,61,563d4ffb,20.81924910203088,0,92,30.28515625
spectrum,2499,1665697280,512,1,8,62,9f70c021,20.828220983967185,0,99,32.912109375
spectrum,2500,1666337520,512,1,8,62,99bf1d07,20.83610169601161,0,120,38.248046875
spectrum,2501,1666977440,512,1,8,62,7e189136,20.84412937494926,0,128,37.748046875
spectrum,2502,1667697280,512,1,8,60,b1bd91a2,20.85327047703322,0,95,30.173828125
spectrum,2503,1668349920,512,1,8,40,783698a5,20.862059643957764,0,125,36.634765625
spectrum,2504,1668977600,512,1,8,62,6162d15f,20.86908297694754,0,94,31.66796875
spectrum,2505,1669696720,512,1,8,62,27d24f1b,20.878133808961138,0,101,31.96484375
spectrum,2506,1670337440,512,1,8,62,e05d6d57,20.88608791900333,0,91,30.3203125
spectrum,2507,1670977440,512,1,8,62,fdf0677f,20.894116751034744,0,97,32.05078125
spectrum,2508,1671696720,512,1,8,62,bf8c4186,20.903096787980758,0,95,31.71484375
spectrum,2509,1672339360,512,1,8,61,7998b40e,20.91122081899084,0,98,30.669921875
spectrum,2510,1672977840,512,1,8,72,7aaa8eb3,20.91909062094055,0,131,41.39453125
spectrum,2511,1673696960,512,1,8,60,157419f9,20.92824188200757,0,107,30.501953125
spectrum,2512,1674337520,512,1,8,59,945e9bb5,20.936126269982196,0,94,28.787109375
spectrum,2513,1674977440,512,1,8,72,e1dae550,20.94410008797422,0,124,42.646484375
spectrum,2514,1675707120,512,1,8,62,38afc95b,20.953243804979138,0,91,30.55078125
spectrum,2515,1676339440,512,1,8,60,1d5d3df4,20.962057247990742,0,103,30.45703125
spectrum,2516,1676978240,512,1,8,72,e08ddb7f,20.969221928040497,0,127,40.615234375
spectrum,2517,1677696720,512,1,8,60,283b5281,20.978130931034684,0,97,30.349609375
spectrum,2518,1678337440,512,1,8,60,5f2e608b,20.98610112199094,0,101,29.943359375
spectrum,2519,1678977440,512,1,8,60,a0d22b9c,20.994096250040457,0,100,30.58984375
spectrum,2520,1679696720,512,1,8,39,78c8b38f,21.003102937946096,0,125,38.8984375
spectrum,2521,1680337440,512,1,8,60,1937a5cb,21.011124474927783,0,100,31.560546875
spectrum,2522,1680977440,512,1,8,60,d2516b91,21.01911110698711,0,100,30.60546875
spectrum,2523,1681617280,512,1,8,59,c26bbc1f,21.027269904036075,0,96,29.251953125
spectrum,2524,1682257840,512,1,8,60,9a467078,21.035100660985336,0,92,30.8515625
spectrum,2525,1682897760,512,1,8,61,75d73657,21.043152587022632,0,94,31.537109375
spectrum,2526,1683616960,512,1,8,62,6c7ca452,21.052183951018378,0,94,31.35546875
spectrum,2527,1684262480,512,1,8,62,7a777a70,21.060249321977608,0,96,33.693359375
spectrum,2528,1684899760,512,1,8,60,d066d735,21.06820148800034,0,89,28.509765625
spectrum,2529,1685616960,512,1,8,72,0372ba75,21.077158072032034,0,138,42.533203125
spectrum,2530,1686257760,512,1,8,62,61e9f7e2,21.08517885801848,0,100,30.904296875
spectrum,2531,1686897760,512,1,8,62,3a91d428,21.093135893926956,0,99,32.95703125
spectrum,2532,1687616960,512,1,8,61,9b3ac106,21.102124898927286,0,123,33.439453125
spectrum,2533,1688257760,512,1,8,61,b01cceea,21.110183245968074,0,101,31.943359375
spectrum,2534,1688897760,512,1,8,65,0f08aedf,21.11814058199525,0,109,35.333984375
spectrum,2535,1689616960,512,1,8,65,46f04078,21.12809690402355,0,110,35.0078125
spectrum,2536,1690258560,512,1,8,62,f3bbfdb4,21.136030985973775,0,97,32.33203125
spectrum,2537,1690898240,512,1,8,60,75f8c3f8,21.14316414599307,0,92,31.0390625
spectrum,2538,1691616720,512,1,8,60,de23219e,21.152149713947438,0,91,31.251953125
spectrum,2539,1692259360,512,1,8,39,ed95b3c3,21.160248548025265,0,123,37.50390625
spectrum,2540,1692900080,512,1,8,63,e66054da,21.168282369035296,0,100,32.453125
spectrum,2541,1693616720,512,1,8,60,cbe64457,21.177119817002676,0,101,30.818359375
spectrum,2542,1694257440,512,1,8,60,22e22c9c,21.18509186198935,0,97,29.8046875
spectrum,2543,1694897440,512,1,8,37,5b0ee0d3,21.193167791934684,0,122,37.8125
spectrum,2544,1695616720,512,1,8,60,5c1be9f8,21.20209671300836,0,89,31.140625
spectrum,2545,1696257440,512,1,8,60,565de538,21.21010219096206,0,92,29.916015625
spectrum,2546,1696897440,512,1,8,60,608a293c,21.218166750040837,0,88,29.958984375
spectrum,2547,1697616720,512,1,8,63,f224ca52,21.22804420196917,0,101,32.240234375
spectrum,2548,1698259200,512,1,8,61,5389a3c0,21.235220993985422,0,90,30.71484375
spectrum,2549,1698897840,512,1,8,61,5151bf22,21.24312325695064,0,94,31.693359375
spectrum,2550,1699616960,512,1,8,60,47249493,21.252114595961757,0,87,29.341796875
spectrum,2551,1700257760,512,1,8,42,3d7da663,21.261081337928772,0,135,23.505859375
spectrum,2552,1700898560,512,1,8,60,a0b4c1c8,21.26903406600468,0,94,29.45703125
spectrum,2553,1701616960,512,1,8,63,98ba81a8,21.277114795986563,0,94,33.103515625
spectrum,2554,1702257520,512,1,8,72,4b163bc8,21.28510549501516,0,132,41.478515625
spectrum,2555,1702897440,512,1,8,72,886e9819,21.29312798497267,0,137,41.87109375
spectrum,2556,1703616720,512,1,8,72,ec66fc9e,21.30219236202538,0,132,41.07421875
spectrum,2557,1704257440,512,1,8,72,11993863,21.31013300700579,0,130,42.830078125
spectrum,2558,1704900640,512,1,8,60,b3cfddc8,21.318145446944982,0,105,30.55078125
spectrum,2559,1705616720,512,1,8,60,7cc70ad6,21.327130213961937,0,93,29.58203125
spectrum,2560,1706259920,512,1,8,32,4ed6e30f,21.335246881004423,0,130,27.6328125
spectrum,2561,1706899120,512,1,8,60,b6f29c5c,21.343221960938536,0,100,30.83203125
spectrum,2562,1707616720,512,1,8,61,20bee1ec,21.352132107014768,0,93,30.306640625
spectrum,2563,1708257440,512,1,8,61,85274c39,21.36012547102291,0,92,31.2890625
spectrum,2564,1708899360,512,1,8,60,0e193403,21.368212732952088,0,99,30.037109375
spectrum,2565,1709616960,512,1,8,60,72fba5c5,21.377119562937878,0,107,30.998046875
spectrum,2566,1710257520,512,1,8,60,154b25cb,21.38513916695956,0,101,29.951171875
spectrum,2567,1710897440,512,1,8,60,0b1cb0a1,21.393145045032725,0,102,30.33984375
spectrum,2568,1711616720,512,1,8,60,a1213851,21.40212843893096,0,94,30.3359375
spectrum,2569,1712257440,512,1,8,64,39595d24,21.410103688947856,0,101,33.72265625
spectrum,2570,1712897440,512,1,8,59,49434bf1,21.418106841971166,0,102,28.447265625
spectrum,2571,1713616720,512,1,8,60,fc7a63ea,21.427036184002645,0,103,30.728515625
spectrum,2572,1714257440,512,1,8,61,c73fde61,21.43604249099735,0,96,31.08984375
spectrum,2573,1714898560,512,1,8,61,0ad5e380,21.443176253000274,0,95,31.072265625
spectrum,2574,1715616720,512,1,8,61,206baf02,21.452119991998188,0,95,29.947265625
spectrum,2575,1716257440,512,1,8,61,a17b4556,21.460050857975148,0,96,30.388671875
spectrum,2576,1716899360,512,1,8,60,918fd714,21.468289696029387,0,97,30.380859375
spectrum,2577,1717616960,512,1,8,61,ca26b88c,21.477177639957517,0,91,29.998046875
spectrum,2578,1718257520,512,1,8,61,64705907,21.485088758985512,0,92,30.748046875
spectrum,2579,1718897440,512,1,8,61,b150c55d,21.493136776960455,0,94,31.0234375
spectrum,2580,1719616720,512,1,8,60,8b1e718b,21.50207397399936,0,106,29.01171875
spectrum,2581,1720257440,512,1,8,60,190a478a,21.510163709986955,0,105,31.072265625
spectrum,2582,1720897440,512,1,8,60,27a58068,21.51807373703923,0,94,30.59765625
spectrum,2583,1721616720,512,1,8,62,5eae88b4,21.52704100101255,0,95,32.15234375
spectrum,2584,1722257440,512,1,8,62,188a418d,21.53510236402508,0,94,31.91796875
spectrum,2585,1722899360,512,1,8,60,d29e65f0,21.543134581996128,0,93,30.337890625
spectrum,2586,1723616960,512,1,8,59,4cbe8a7b,21.552094360929914,0,98,29.603515625
spectrum,2587,1724257760,512,1,8,60,810f1b9a,21.56009359692689,0,98,29.958984375
spectrum,2588,1724903760,512,1,8,59,3e9b2981,21.56825888599269,0,92,29.9609375
spectrum,2589,1725616720,512,1,8,31,cec5f0b8,21.578039395040832,0,121,37.08984375
spectrum,2590,1726258880,512,1,8,60,2038ad8a,21.585256794001907,0,89,30.49609375
spectrum,2591,1726897520,512,1,8,60,c8977d5a,21.59311172796879,0,97,30.712890625
spectrum,2592,1727616720,512,1,8,60,e83aee59,21.602111672982574,0,93,29.548828125
spectrum,2593,1728257440,512,1,8,60,57f91a3a,21.61010593897663,0,96,30.671875
spectrum,2594,1728897440,512,1,8,60,367d7fa1,21.618112358031794,0,102,30.712890625
spectrum,2595,1729616720,512,1,8,60,1119dac5,21.62708461098373,0,97,30.630859375
spectrum,2596,1730257440,512,1,8,60,ae3785b9,21.635090338997543,0,98,30.1171875
spectrum,2597,1730899360,512,1,8,60,1fdd873b,21.64406061801128,0,101,29.662109375
spectrum,2598,1731696960,512,1,8,60,22b925e5,21.653118563001044,0,94,29.587890625
spectrum,2599,1732337440,512,1,8,60,ebf94c82,21.661120784003288,0,94,30.6796875
spectrum,2600,1732977440,512,1,8,30,f1644e4f,21.669212684966624,0,122,30.43359375
spectrum,2601,1733696960,512,1,8,60,f330e953,21.67906521994155,0,92,30.38671875
spectrum,2602,1734338240,512,1,8,64,1d30c424,21.6860888840165,0,104,32.439453125
spectrum,2603,1734977440,512,1,8,61,21d54dfe,21.69412833498791,0,96,32.375
spectrum,2604,1735696720,512,1,8,61,c89bdaec,21.703114283969626,0,97,30.642578125
spectrum,2605,1736337440,512,1,8,59,274f0121,21.711137033998966,0,96,30.671875
spectrum,2606,1736977440,512,1,8,62,7184891b,21.71917004394345,0,96,31.33984375
spectrum,2607,1737696720,512,1,8,62,76a5614a,21.72811653802637,0,98,33.375
spectrum,2608,1738337440,512,1,8,62,671ffa20,21.73611518193502,0,102,31.96484375
spectrum,2609,1738979280,512,1,8,32,c951ca91,21.744271585019305,0,125,30.91015625
spectrum,2610,1739697280,512,1,8,61,384438ce,21.75325468799565,0,94,30.458984375
spectrum,2611,1740337840,512,1,8,64,306bb3eb,21.761252701980993,0,105,29.056640625
spectrum,2612,1740978560,512,1,8,60,1b7ebaea,21.769083939958364,0,100,30.12109375
spectrum,2613,1741697280,512,1,8,61,9138f039,21.77812749799341,0,90,31.611328125
spectrum,2614,1742339120,512,1,8,59,d188afcc,21.786254383972846,0,101,29.423828125
spectrum,2615,1742977520,512,1,8,60,2d0e441b,21.79413618799299,0,95,30.55859375
spectrum,2616,1743696720,512,1,8,60,870e0750,21.803046243963763,0,98,28.333984375
spectrum,2617,1744337440,512,1,8,59,fdcfc0e5,21.81114081898704,0,98,30.251953125
spectrum,2618,1744982800,512,1,8,60,f4a59c66,21.819234814029187,0,95,29.76953125
spectrum,2619,1745696960,512,1,8,61,eb89e90b,21.828060028958134,0,96,31.111328125
spectrum,2620,1746337760,512,1,8,72,05c2dd1b,21.836124678025953,0,135,40.763671875
spectrum,2621,1746977760,512,1,8,62,90aee00b,21.845088987029158,0,100,31.701171875
spectrum,2622,1747697280,512,1,8,62,2c519584,21.853103501023725,0,95,31.51171875
spectrum,2623,1748337440,512,1,8,63,325626b7,21.861140867928043,0,98,33.373046875
spectrum,2624,1748977440,512,1,8,63,c9093e9a,21.86909737298265,0,99,32.306640625
spectrum,2625,1749697280,512,1,8,72,4befd89c,21.87811296794098,0,135,40.1796875
spectrum,2626,1750339120,512,1,8,60,914c0b6e,21.886141508934088,0,92,30.15625
spectrum,2627,1750977520,512,1,8,60,acbfec06,21.894148348947056,0,94,30.626953125
spectrum,2628,1751696720,512,1,8,61,d6ed8a6c,21.903070608037524,0,92,30.5390625
spectrum,2629,1752337440,512,1,8,60,cbb4180b,21.911109398002736,0,95,30.421875
spectrum,2630,1752977440,512,1,8,60,eaf9ce25,21.91915471095126,0,105,29.138671875
spectrum,2631,1753696720,512,1,8,60,f3296994,21.928114259964786,0,102,30.720703125
spectrum,2632,1754337440,512,1,8,60,0f8de535,21.936112924013287,0,95,29.931640625
spectrum,2633,1754977440,512,1,8,72,cb2f892a,21.944145923946053,0,131,41.66015625
spectrum,2634,1755697280,512,1,8,32,96fc03c1,21.953252008999698,0,121,31.291015625
spectrum,2635,1756338240,512,1,8,61,75b9c31a,21.961154051939957,0,99,31.87890625
spectrum,2636,1756977440,512,1,8,60,c8bd0acc,21.970050961943343,0,104,29.41015625
spectrum,2637,1757697280,512,1,8,61,ae108fa0,21.978165615932085,0,95,30.89453125
spectrum,2638,1758337840,512,1,8,61,c7e9463b,21.986276902956888,0,95,30.548828125
spectrum,2639,1758978560,512,1,8,43,148c956a,21.994132758001797,0,117,18.681640625
spectrum,2640,1759696720,512,1,8,61,21836e17,22.003113185986876,0,90,31.01953125
spectrum,2641,1760337440,512,1,8,61,f7ac2b58,22.011124233948067,0,89,31.041015625
spectrum,2642,1760977440,512,1,8,61,c50409b9,22.019141803961247,0,92,30.587890625
spectrum,2643,1761697280,512,1,8,60,1dbf4e5d,22.02810612297617,0,104,30.001953125
spectrum,2644,1762337840,512,1,8,60,205d9625,22.03620532702189,0,101,30.1875
spectrum,2645,1762977760,512,1,8,72,bfd38072,22.044124340987764,0,134,41.890625
spectrum,2646,1763696960,512,1,8,61,86696533,22.053132873028517,0,94,30.865234375
spectrum,2647,1764337520,512,1,8,60,59b8affe,22.06112912297249,0,99,31.46875
spectrum,2648,1764977440,512,1,8,59,499378a7,22.06911455199588,0,101,29.154296875
spectrum,2649,1765696720,512,1,8,32,5206d181,22.07825767796021,0,124,31.28515625
spectrum,2650,1766338800,512,1,8,37,46dfad0a,22.086152776959352,0,122,36.0546875
spectrum,2651,1766979360,512,1,8,61,735fffd0,22.09421527199447,0,97,31.86328125
spectrum,2652,1767696960,512,1,8,61,b896df9c,22.10309839702677,0,94,31.15234375
spectrum,2653,1768337760,512,1,8,61,9ae09808,22.111123741953634,0,92,31.0078125
spectrum,2654,1768977760,512,1,8,62,711ff012,22.119158184039406,0,93,31.390625
spectrum,2655,1769696960,512,1,8,60,710d37cf,22.12907977902796,0,98,31.255859375
spectrum,2656,1770338880,512,1,8,60,9b7febd5,22.136145242024213,0,97,30.126953125
spectrum,2657,1770977520,512,1,8,65,8dfb1606,22.144115012022667,0,109,34.755859375
spectrum,2658,1771697920,512,1,8,60,967eded8,22.15328631096054,0,101,31.08984375
spectrum,2659,1772339520,512,1,8,32,bcdef6d6,22.16114673402626,0,130,28.62109375
spectrum,2660,1772979040,512,1,8,72,36138db7,22.16931957693305,0,129,39.705078125
spectrum,2661,1773696720,512,1,8,61,e64773c9,22.178147358004935,0,93,31.037109375
spectrum,2662,1774339360,512,1,8,60,117218a8,22.18631166499108,0,94,30.150390625
spectrum,2663,1774979120,512,1,8,60,4cd7c312,22.194129087030888,0,100,31.271484375
spectrum,2664,1775696720,512,1,8,60,bb6ae4a0,22.203118572942913,0,94,30.1796875
spectrum,2665,1776337440,512,1,8,60,c4177759,22.211156000033952,0,93,30.125
spectrum,2666,1776977440,512,1,8,72,f13b3e99,22.219135137973353,0,129,40.0703125
spectrum,2667,1777696720,512,1,8,60,0bf5dd38,22.228148007998243,0,97,30.671875
spectrum,2668,1778337440,512,1,8,60,5e445170,22.236159155960195,0,93,29.515625
spectrum,2669,1778977440,512,1,8,60,b26eb7fc,22.244085093028843,0,98,31.09765625
spectrum,2670,1779696720,512,1,8,72,478f04b5,22.253259678022005,0,135,41.111328125
spectrum,2671,1780338560,512,1,8,60,e255aae5,22.26113856700249,0,90,29.955078125
spectrum,2672,1780977520,512,1,8,60,6f48b0b6,22.269089670968242,0,98,29.646484375
spectrum,2673,1781696720,512,1,8,36,1f5238ee,22.27810076798778,0,121,34.8046875
spectrum,2674,1782339280,512,1,8,62,d5a51b1e,22.286133646965027,0,94,32.35546875
spectrum,2675,1782977840,512,1,8,59,66cf535b,22.294273728039116,0,101,28.78515625
spectrum,2676,1783696960,512,1,8,60,fcd7ebc9,22.303116146009415,0,99,30.14453125
spectrum,2677,1784339360,512,1,8,60,02b30da9,22.31118575495202,0,90,30.435546875
spectrum,2678,1784977840,512,1,8,62,9ae4b265,22.31916198693216,0,92,32.46484375
spectrum,2679,1785696960,512,1,8,62,1ca8b4b6,22.328174105030484,0,97,32.861328125
spectrum,2680,1786337760,512,1,8,59,de8a97d7,22.33615030697547,0,103,29.3359375
spectrum,2681,1786977760,512,1,8,63,d49ec344,22.344136739033274,0,110,33.5546875
spectrum,2682,1787696960,512,1,8,59,4f8dcb81,22.353043908951804,0,101,28.587890625
spectrum,2683,1788339280,512,1,8,58,c3747a24,22.361285642022267,0,106,29.265625
spectrum,2684,1788977520,512,1,8,61,39087d19,22.36909132299479,0,93,31.279296875
spectrum,2685,1789696720,512,1,8,59,b5798452,22.378082201001234,0,102,30.240234375
spectrum,2686,1790337440,512,1,8,31,accb81c6,22.38629099202808,0,123,30.47265625
spectrum,2687,1790978480,512,1,8,62,684265c8,22.39507413795218,0,89,32.138671875
spectrum,2688,1791696960,512,1,8,72,ab023136,22.403132344945334,0,129,40.091796875
spectrum,2689,1792337520,512,1,8,61,2cb5c283,22.41150317201391,0,97,30.759765625
spectrum,2690,1792977440,512,1,8,61,24ae4ca3,22.419034334016033,0,92,29.45703125
spectrum,2691,1793697280,512,1,8,60,bc6e2d0a,22.42810828902293,0,99,30.541015625
spectrum,2692,1794337840,512,1,8,61,db57d147,22.43604292301461,0,89,29.822265625
spectrum,2693,1794977760,512,1,8,61,999c092d,22.444281911011785,20,133,87.404296875
spectrum,2694,1795696960,512,1,8,62,0843f31e,22.455501597956754,0,96,31.2265625
spectrum,2695,1796339040,512,1,8,62,9e599b02,22.461265763035044,0,95,31.8828125
spectrum,2696,1796977520,512,1,8,72,6ee75ca8,22.469100498012267,0,122,40.435546875
spectrum,2697,1797696720,512,1,8,60,7fb79dce,22.478144877008162,0,98,30.66015625
spectrum,2698,1798337440,512,1,8,60,de4eb8f6,22.48612576792948,0,99,30.2421875
spectrum,2699,1798979360,512,1,8,60,b5ae6f70,22.49413555394858,0,104,30.38671875
spectrum,2700,1799696960,512,1,8,61,672f8be4,22.50310896895826,0,93,30.828125
spectrum,2701,1800337520,512,1,8,60,0135b960,22.511087995953858,0,101,30.82421875
spectrum,2702,1800977440,512,1,8,72,2cc5cc2c,22.519121285993606,0,132,40.90625
spectrum,2703,1801696720,512,1,8,72,2aef3cb1,22.528173199971206,0,135,40.1953125
spectrum,2704,1802337440,512,1,8,72,50dfad53,22.536128381965682,0,128,40.486328125
spectrum,2705,1802977440,512,1,8,61,f17cf0c4,22.54415249498561,0,93,31.552734375
spectrum,2706,1803696720,512,1,8,61,cd7d45aa,22.553090021945536,0,95,29.740234375
spectrum,2707,1804337440,512,1,8,60,8e8baf0e,22.56218758202158,0,104,30.875
spectrum,2708,1804979200,512,1,8,59,35db7174,22.56912459200248,0,107,28.986328125
spectrum,2709,1805696960,512,1,8,60,d951fe07,22.578095491975546,0,98,29.20703125
spectrum,2710,1806337760,512,1,8,60,f5696d56,22.586067936965264,0,92,30.25
spectrum,2711,1806979360,512,1,8,60,96f4edad,22.594158716034144,0,104,30.96875
spectrum,2712,1807697280,512,1,8,60,f5007a75,22.603125919005834,0,97,30.490234375
spectrum,2713,1808337840,512,1,8,60,9ad5f3c5,22.611095548956655,0,104,31.03125
spectrum,2714,1808977760,512,1,8,60,5d8fa17c,22.619111555977724,0,106,29.630859375
spectrum,2715,1809696960,512,1,8,59,dd6513f5,22.628173007979058,0,99,29.654296875
spectrum,2716,1810339360,512,1,8,58,c1080435,22.636105607030913,0,103,27.873046875
spectrum,2717,1810977840,512,1,8,60,245c8bb6,22.644091377966106,0,92,29.673828125
spectrum,2718,1811696960,512,1,8,60,6a5c2885,22.653140545939095,0,101,30.474609375
spectrum,2719,1812339040,512,1,8,60,8fe67579,22.661113712005317,0,106,30.095703125
spectrum,2720,1812979440,512,1,8,60,a510e5fb,22.669116775039583,0,91,30.47265625
spectrum,2721,1813696960,512,1,8,60,a67838e5,22.67814845999237,0,102,30.25
spectrum,2722,1814337520,512,1,8,60,c2739707,22.68614050198812,0,94,30.390625
spectrum,2723,1814980000,512,1,8,62,8104f059,22.694113848963752,0,98,31.40234375
spectrum,2724,1815696960,512,1,8,62,2d8c360b,22.703290647943504,0,99,30.970703125
spectrum,2725,1816338480,512,1,8,62,6d1c55f0,22.71115298604127,0,95,31.337890625
spectrum,2726,1816977440,512,1,8,62,c9fa5dce,22.719094561995007,0,93,31.404296875
spectrum,2727,1817696720,512,1,8,61,820133e0,22.728131857933477,0,96,31.046875
spectrum,2728,1818339360,512,1,8,61,649392e2,22.73627937398851,0,98,31.095703125
spectrum,2729,1818977840,512,1,8,61,711456b1,22.74414165096823,0,91,32.259765625
spectrum,2730,1819696960,512,1,8,61,ea4ab9f0,22.753117681015283,0,90,31.236328125
spectrum,2731,1820337760,512,1,8,61,1c2a4b65,22.761082993005402,0,91,30.294921875
spectrum,2732,1820979040,512,1,8,30,f77945ae,22.769119938951917,0,126,29.6171875
spectrum,2733,1821697280,512,1,8,44,71ccdfb5,22.778190908953547,0,127,35.5546875
spectrum,2734,1822337840,512,1,8,62,55813676,22.786080837948248,0,92,31.271484375
spectrum,2735,1822977760,512,1,8,60,93f95db6,22.794323112932034,0,90,30.3515625
spectrum,2736,1823696960,512,1,8,60,4117ec41,22.803311135969125,0,91,30.212890625
spectrum,2737,1824339440,512,1,8,60,74a74929,22.811249325983226,0,98,30.662109375
spectrum,2738,1824977840,512,1,8,58,3e93d5bc,22.819118805928156,0,104,27.669921875
spectrum,2739,1825696960,512,1,8,60,984d846c,22.828082663938403,0,94,29.681640625
spectrum,2740,1826340880,512,1,8,60,4dca4f2a,22.836094061960466,0,101,30.248046875
spectrum,2741,1826977760,512,1,8,60,a2799564,22.844062209012918,0,99,30.6484375
spectrum,2742,1827696960,512,1,8,72,d9252b8f,22.853097570943646,0,120,40.705078125
spectrum,2743,1828337760,512,1,8,62,d8074bcd,22.861135861021467,0,96,31.353515625
spectrum,2744,1828977760,512,1,8,33,80dcc391,22.869263869943097,0,121,35.25390625
spectrum,2745,1829697280,512,1,8,62,3026d284,22.878161491942592,0,100,33.048828125
spectrum,2746,1830337440,512,1,8,59,9fe39ade,22.886170024983585,0,107,30.103515625
spectrum,2747,1830977440,512,1,8,62,d5b1564e,22.89412861398887,0,96,33.212890625
spectrum,2748,1831697280,512,1,8,60,ba14432e,22.903154026949778,0,96,30.416015625
spectrum,2749,1832339120,512,1,8,59,2ef5bd3c,22.911129447980784,0,97,29.51171875
spectrum,2750,1832977520,512,1,8,60,b72f3c55,22.91907150601037,0,102,30.9140625
spectrum,2751,1833696720,512,1,8,72,de1a98e6,22.92817858303897,0,131,40.294921875
spectrum,2752,1834337440,512,1,8,72,1f543c38,22.93611934792716,0,132,40.615234375
spectrum,2753,1834977440,512,1,8,72,688c8b42,22.94409560097847,0,126,41.388671875
spectrum,2754,1835696720,512,1,8,62,5ff43070,22.9531165859662,0,94,31.068359375
spectrum,2755,1836337440,512,1,8,62,32d5591d,22.96116953296587,0,104,32.73828125
spectrum,2756,1836977440,512,1,8,62,af009efb,22.969129935023375,0,96,30.0546875
spectrum,2757,1837697280,512,1,8,30,fcfbb5a1,22.978254155023023,0,124,29.68359375
spectrum,2758,1838339440,512,1,8,31,4324f616,22.9861401070375,0,124,29.623046875
spectrum,2759,1838979040,512,1,8,61,2969c658,22.994189457036555,0,92,30.865234375
spectrum,2760,1839697280,512,1,8,62,f713766c,23.003175355959684,0,94,31.033203125
spectrum,2761,1840346720,512,1,8,62,af4383f4,23.01129980792757,0,100,32.19921875
spectrum,2762,1840977600,512,1,8,62,886f5f1b,23.019086602027528,0,92,31.232421875
spectrum,2763,1841696720,512,1,8,62,aa3db9fe,23.028052793932147,0,100,32.720703125
spectrum,2764,1842337440,512,1,8,62,fc8457e9,23.0360330339754,0,94,31.31640625
spectrum,2765,1842977440,512,1,8,60,054435a5,23.04411627794616,0,121,33.125
spectrum,2766,1843696720,512,1,8,72,252b0105,23.05312070203945,0,131,41.88671875
spectrum,2767,1844337440,512,1,8,61,b3fa8db3,23.061131038935855,0,91,30.875
spectrum,2768,1844977440,512,1,8,61,adf92bba,23.069066102965735,0,91,31.03125
spectrum,2769,1845697280,512,1,8,60,7245dbae,23.078189300955273,0,106,31.494140625
spectrum,2770,1846340960,512,1,8,59,9c7ef4f3,23.086139734019525,0,106,29.603515625
spectrum,2771,1846977760,512,1,8,60,e557f7be,23.0940780750243,0,93,31.6796875
spectrum,2772,1847696960,512,1,8,31,978a36aa,23.103291623992845,0,125,30.486328125
spectrum,2773,1848338800,512,1,8,62,c6940394,23.112106769927777,0,95,32.431640625
spectrum,2774,1848978560,512,1,8,37,4e8cef77,23.11911671794951,0,119,34.71875
spectrum,2775,1849696720,512,1,8,36,1c0386b1,23.128103247960098,0,122,37.658203125
spectrum,2776,1850337440,512,1,8,62,debef362,23.136095870984718,0,94,31.388671875
spectrum,2777,1850977440,512,1,8,62,bd534cac,23.144153626984917,0,95,31.826171875
spectrum,2778,1851696720,512,1,8,62,51958a7f,23.153079582960345,0,96,31.443359375
spectrum,2779,1852337440,512,1,8,62,9db6cbb1,23.161140123964287,0,93,31.255859375
spectrum,2780,1852977440,512,1,8,62,717d1e74,23.169186629005708,0,92,31.29296875
spectrum,2781,1853697280,512,1,8,59,c239c62b,23.178119016927667,0,100,29.701171875
spectrum,2782,1854337840,512,1,8,59,0cdbd729,23.18627948698122,0,105,29.587890625
spectrum,2783,1854977760,512,1,8,59,bc0747f9,23.194113270030357,0,98,29.07421875
spectrum,2784,1855696960,512,1,8,72,712b78c1,23.203370912000537,0,133,40.595703125
spectrum,2785,1856339040,512,1,8,60,472e700d,23.21112793998327,0,103,31.0
spectrum,2786,1856979440,512,1,8,60,2fbd08b3,23.21927597699687,0,101,30.421875
spectrum,2787,1857696960,512,1,8,60,107d21ad,23.228078529937193,0,101,30.814453125
spectrum,2788,1858337760,512,1,8,61,f24b8a3d,23.236140422988683,0,92,30.134765625
spectrum,2789,1858977760,512,1,8,61,b551efb1,23.24416725093033,0,93,31.333984375
spectrum,2790,1859696960,512,1,8,61,9bf812ca,23.253056537010707,0,93,30.775390625
spectrum,2791,1860337760,512,1,8,60,8635d7e6,23.26105304795783,0,96,29.83203125
spectrum,2792,1860977760,512,1,8,61,d7c91821,23.26912634295877,0,89,31.15625
spectrum,2793,1861696960,512,1,8,61,fa096ab2,23.278318571974523,0,95,29.296875
spectrum,2794,1862338480,512,1,8,60,191b92a3,23.286102941958234,0,105,30.15625
spectrum,2795,1862977440,512,1,8,59,8c9a1800,23.294157551950775,0,107,29.056640625
spectrum,2796,1863696720,512,1,8,59,a0322180,23.30348895303905,0,106,29.6953125
spectrum,2797,1864339360,512,1,8,61,e3c3ca4d,23.311290855985135,0,100,31.337890625
spectrum,2798,1864980000,512,1,8,61,ad0d34e2,23.3191538649844,0,93,29.72265625
spectrum,2799,1865696720,512,1,8,60,e1838bfa,23.328096571960486,0,105,30.787109375
spectrum,2800,1866337440,512,1,8,60,dac4cd3c,23.336150450981222,0,109,30.626953125
spectrum,2801,1866980560,512,1,8,60,ef4195cf,23.34411744493991,0,95,30.16015625
spectrum,2802,1867696720,512,1,8,61,7b28f3d8,23.353124995017424,0,99,30.474609375
spectrum,2803,1868337440,512,1,8,61,59911411,23.36138088500593,0,96,30.8046875
spectrum,2804,1868977440,512,1,8,60,5a207cf6,23.369073231937364,0,97,29.5390625
spectrum,2805,1869696720,512,1,8,60,04a1d309,23.378143118927255,0,99,29.720703125
spectrum,2806,1870339600,512,1,8,32,f8958b56,23.3862684329506,0,125,30.810546875
spectrum,2807,1870978240,512,1,8,60,b31a86cd,23.39419484103564,0,93,29.7734375
spectrum,2808,1871696720,512,1,8,60,b92dd76e,23.40308490896132,0,97,30.23046875
spectrum,2809,1872339920,512,1,8,59,44363bfb,23.411158515024,0,101,30.064453125
spectrum,2810,1872977840,512,1,8,60,32dcaa83,23.419259311980568,0,96,30.771484375
spectrum,2811,1873696960,512,1,8,60,a341d589,23.42816563101951,0,96,29.77734375
spectrum,2812,1874337440,512,1,8,60,cbd9b1c8,23.436124479980208,0,89,29.44140625
spectrum,2813,1874977440,512,1,8,60,f83180a8,23.444108868017793,0,96,30.498046875
spectrum,2814,1875697280,512,1,8,72,fab43a20,23.453149609966204,0,130,41.501953125
spectrum,2815,1876337840,512,1,8,60,effb507f,23.461118357954547,0,100,30.53515625
spectrum,2816,1876977760,512,1,8,62,92f79a0f,23.46913748094812,0,95,31.30859375
spectrum,2817,1877696960,512,1,8,61,4bfb2805,23.47820822999347,0,94,31.2890625
spectrum,2818,1878339040,512,1,8,60,875bfcb3,23.486212054966018,0,95,29.91796875
spectrum,2819,1878977520,512,1,8,60,7d9ddca6,23.494064352940768,0,92,30.9453125
spectrum,2820,1879697280,512,1,8,61,3ab6142c,23.503135542967357,0,94,29.6875
spectrum,2821,1880337840,512,1,8,61,a8760295,23.51133160002064,0,98,31.349609375
spectrum,2822,1880978800,512,1,8,60,7a128deb,23.51913610799238,0,99,30.2265625
spectrum,2823,1881697280,512,1,8,61,fd580ba5,23.52812345896382,0,93,30.982421875
spectrum,2824,1882337840,512,1,8,61,36232241,23.536116353003308,0,91,30.904296875
spectrum,2825,1882977760,512,1,8,61,ead62576,23.544146606931463,0,94,31.154296875
spectrum,2826,1883696960,512,1,8,60,6a6b2a45,23.55325887503568,0,88,28.716796875
spectrum,2827,1884338480,512,1,8,60,c8e6f098,23.561122704995796,0,91,30.46484375
spectrum,2828,1884977440,512,1,8,60,1601fa63,23.569082565954886,0,93,30.72265625
spectrum,2829,1885696720,512,1,8,60,3142d1ee,23.578073684941046,0,91,31.1328125
spectrum,2830,1886337440,512,1,8,60,4a9d43ed,23.58688584493939,0,105,29.310546875
spectrum,2831,1886983760,512,1,8,59,595b5003,23.594326216029003,0,88,29.306640625
spectrum,2832,1887696960,512,1,8,60,9eb8c1c6,23.603071048972197,0,91,29.787109375
spectrum,2833,1888337760,512,1,8,60,57699f78,23.611063080956228,0,91,31.0234375
spectrum,2834,1888979360,512,1,8,59,502764a2,23.61911406496074,0,96,29.4609375
spectrum,2835,1889697280,512,1,8,63,d91e7e3a,23.628238074015826,0,102,33.25390625
spectrum,2836,1890337840,512,1,8,59,6d4680a7,23.636137421010062,0,90,27.81640625
spectrum,2837,1890977760,512,1,8,60,431d45f4,23.64407591195777,0,93,29.64453125
spectrum,2838,1891696960,512,1,8,61,7eb36c63,23.653131022001617,0,89,29.759765625
spectrum,2839,1892337760,512,1,8,61,ac7b271e,23.661055095028132,0,92,30.197265625
spectrum,2840,1892977760,512,1,8,61,12993e61,23.669072184944525,0,92,30.408203125
spectrum,2841,1893696960,512,1,8,61,f7e67133,23.678092758986168,0,91,31.23046875
spectrum,2842,1894337760,512,1,8,61,0076236e,23.686268166988157,0,96,31.4296875
spectrum,2843,1894978800,512,1,8,61,96749616,23.694133489974774,0,99,32.0078125
spectrum,2844,1895696720,512,1,8,62,a7d56dd0,23.70313514897134,0,102,31.52734375
spectrum,2845,1896337440,512,1,8,72,962ad635,23.711157958954573,0,129,42.08984375
spectrum,2846,1896979360,512,1,8,60,6d4c0c05,23.719106929958798,0,99,30.3046875
spectrum,2847,1897697920,512,1,8,61,bc3dd884,23.728151288931258,0,94,32.2890625
spectrum,2848,1898338480,512,1,8,61,cf51801f,23.736078248010017,0,94,31.63671875
spectrum,2849,1898977760,512,1,8,61,5780accd,23.7444571609376,0,99,31.12890625
spectrum,2850,1899696960,512,1,8,61,f34721d4,23.753146609989926,0,96,30.1328125
spectrum,2851,1900337760,512,1,8,61,b6ae22c5,23.761150593985803,0,125,37.923828125
spectrum,2852,1900977760,512,1,8,61,95b5d311,23.769066161941737,0,90,30.9296875
spectrum,2853,1901696960,512,1,8,61,a11f6752,23.77812928694766,0,89,30.494140625
spectrum,2854,1902337760,512,1,8,61,ab3a4a15,23.78605626593344,0,97,30.169921875
spectrum,2855,1902979040,512,1,8,32,19831354,23.794183582998812,0,123,29.541015625
spectrum,2856,1903697280,512,1,8,63,14c77666,23.803132663015276,0,96,32.38671875
spectrum,2857,1904337840,512,1,8,59,99d20da4,23.811143620987423,0,102,30.33203125
spectrum,2858,1904977760,512,1,8,32,bb070377,23.81926262297202,0,124,31.490234375
spectrum,2859,1905696960,512,1,8,61,a3e7ca86,23.82826662599109,0,92,30.248046875
spectrum,2860,1906338560,512,1,8,62,280c09cb,23.836116157937795,0,101,32.158203125
spectrum,2861,1906977520,512,1,8,61,e5c2c861,23.844706880976446,0,124,33.771484375
spectrum,2862,1907697280,512,1,8,62,55f6f22c,23.853138593025506,0,97,31.453125
spectrum,2863,1908337840,512,1,8,62,c55b5cde,23.86111333302688,0,101,32.8984375
spectrum,2864,1908977760,512,1,8,62,beaf4cf4,23.869144920026883,0,92,32.453125
spectrum,2865,1909696960,512,1,8,60,50244d1c,23.878123634960502,0,89,30.986328125
spectrum,2866,1910337760,512,1,8,61,86e78bc0,23.886124112992547,0,92,31.623046875
spectrum,2867,1910980320,512,1,8,60,f7d016d5,23.89426019694656,0,94,30.70703125
spectrum,2868,1911696720,512,1,8,60,0c694671,23.903133863932453,0,96,29.12109375
spectrum,2869,1912337440,512,1,8,62,1ad2b5d5,23.91111682902556,0,93,30.939453125
spectrum,2870,1912977440,512,1,8,62,25d0e7c5,23.91909380198922,0,94,32.58203125
spectrum,2871,1913697280,512,1,8,62,b706a6b5,23.928152960026637,0,97,32.48828125
spectrum,2872,1914339120,512,1,8,61,5f2fc57f,23.93612027494237,0,100,30.751953125
spectrum,2873,1914977520,512,1,8,61,b229c51c,23.944064417039044,0,93,31.130859375
spectrum,2874,1915696720,512,1,8,60,ebbdac3a,23.953062669024803,0,97,30.58984375
spectrum,2875,1916337440,512,1,8,72,d0ca0e1d,23.961164628039114,0,131,40.59375
spectrum,2876,1916977440,512,1,8,60,34c24828,23.96910863998346,0,94,29.572265625
spectrum,2877,1917696720,512,1,8,60,2764ef35,23.978114687022753,0,107,30.609375
spectrum,2878,1918337440,512,1,8,60,de03b40c,23.98607412702404,0,98,30.01171875
spectrum,2879,1918977440,512,1,8,60,94706011,23.99429424002301,0,93,30.859375
spectrum,2880,1919697280,512,1,8,38,c5117332,24.003143991925754,0,123,37.54296875
spectrum,2881,1920337840,512,1,8,60,a7cbce72,24.011067274026573,0,93,30.1875
spectrum,2882,1920977760,512,1,8,60,0ff2bd72,24.019047062960453,0,122,33.890625
spectrum,2883,1921696960,512,1,8,60,a550f600,24.02811329299584,0,92,29.654296875
spectrum,2884,1922339280,512,1,8,62,b57e2372,24.036150840925984,0,95,31.267578125
spectrum,2885,1922977840,512,1,8,62,5e9aea1b,24.044155768002383,0,98,32.796875
spectrum,2886,1923696960,512,1,8,60,50dd1235,24.053143520024605,0,93,29.548828125
spectrum,2887,1924337760,512,1,8,60,6bfb5ecc,24.0611312140245,0,106,29.671875
spectrum,2888,1924979040,512,1,8,60,3980ca2d,24.069145348039456,0,95,30.01953125
spectrum,2889,1925696720,512,1,8,60,3640973b,24.07826668198686,0,94,29.689453125
spectrum,2890,1926337440,512,1,8,61,74160311,24.086102920002304,0,91,30.03125
spectrum,2891,1926977440,512,1,8,62,7289eacd,24.094071708037518,0,99,30.943359375
spectrum,2892,1927697280,512,1,8,46,39d2f246,24.10313252895139,0,141,25.3046875
spectrum,2893,1928337840,512,1,8,61,510238c2,24.11109081702307,0,96,30.810546875
spectrum,2894,1928977760,512,1,8,61,4068d411,24.119206061935984,0,94,30.490234375
spectrum,2895,1929698240,512,1,8,61,c7917646,24.12903396994807,0,98,31.427734375
spectrum,2896,1930338480,512,1,8,61,81779631,24.136290443944745,0,91,30.853515625
spectrum,2897,1930978240,512,1,8,61,25095e1a,24.144146227976307,0,92,30.888671875
spectrum,2898,1931696720,512,1,8,37,27e93b15,24.153126667020842,0,104,32.708984375
spectrum,2899,1932337440,512,1,8,60,c8c1a421,24.16114649095107,0,94,30.35546875
spectrum,2900,1932977440,512,1,8,60,00733a09,24.169048362993635,0,89,29.01953125
spectrum,2901,1933696720,512,1,8,60,009e9694,24.178127237944864,0,89,30.37109375
spectrum,2902,1934337440,512,1,8,60,bc826786,24.186089302995242,0,90,29.87109375
spectrum,2903,1934977440,512,1,8,72,13546962,24.19412524800282,0,136,40.22265625
spectrum,2904,1935697600,512,1,8,35,58a63c41,24.20314226602204,0,126,30.150390625
spectrum,2905,1936339040,512,1,8,35,a6040ba4,24.21134339296259,0,124,28.990234375
spectrum,2906,1936978880,512,1,8,59,4e4185e1,24.219112874008715,0,103,30.00390625
spectrum,2907,1937696720,512,1,8,31,d87f9c1c,24.228150330018252,0,122,30.826171875
spectrum,2908,1938338480,512,1,8,59,035f5f83,24.236125470953993,0,94,29.013671875
spectrum,2909,1938979360,512,1,8,60,eff5120a,24.244172245962545,0,94,31.337890625
spectrum,2910,1939696960,512,1,8,62,1cd336b4,24.25314822595101,0,98,31.240234375
spectrum,2911,1940337520,512,1,8,62,c5efc41e,24.261078080977313,0,95,31.533203125
spectrum,2912,1940977440,512,1,8,62,0b74dc5b,24.26978999201674,0,104,31.423828125
spectrum,2913,1941696720,512,1,8,62,6b1706c1,24.278125894023106,0,93,31.5546875
spectrum,2914,1942337440,512,1,8,62,edb4f9fc,24.286071998998523,0,95,31.404296875
spectrum,2915,1942977440,512,1,8,62,c1d032e6,24.294146816944703,0,102,31.98046875
spectrum,2916,1943706880,512,1,8,62,ce0ae8d3,24.303409719024785,0,92,32.0546875
spectrum,2917,1944338480,512,1,8,62,258281ad,24.311180543969385,0,103,31.02734375
spectrum,2918,1944977760,512,1,8,60,c46d7844,24.319084930000827,0,91,29.009765625
spectrum,2919,1945696960,512,1,8,60,45db1588,24.32849497999996,0,99,29.833984375
spectrum,2920,1946339040,512,1,8,59,2ca57b53,24.336159994942136,0,99,28.63671875
spectrum,2921,1946979360,512,1,8,63,b5b83093,24.344168126932345,0,104,31.890625
spectrum,2922,1947696960,512,1,8,62,95f0e4b0,24.35310904099606,0,104,31.634765625
spectrum,2923,1948341200,512,1,8,62,c964c913,24.36108986195177,0,97,32.705078125
spectrum,2924,1948977760,512,1,8,60,2ac46072,24.369201279012486,0,94,30.748046875
spectrum,2925,1949696960,512,1,8,60,2b3af7e6,24.378167520975694,0,96,30.58984375
spectrum,2926,1950337760,512,1,8,61,3031ed36,24.386150787002407,0,94,31.06640625
spectrum,2927,1950977760,512,1,8,62,ffee5b33,24.394088746979833,0,97,31.828125
spectrum,2928,1951696960,512,1,8,62,8e9fd707,24.403273249976337,0,91,31.712890625
spectrum,2929,1952339440,512,1,8,60,6c3a25d0,24.41112392593641,0,90,29.900390625
spectrum,2930,1952977520,512,1,8,37,5beb072c,24.419162084930576,0,124,34.994140625
spectrum,2931,1953697280,512,1,8,60,eb7130eb,24.428162210038863,0,102,30.005859375
spectrum,2932,1954339040,512,1,8,62,3a66debc,24.43616691592615,0,95,31.048828125
spectrum,2933,1954977520,512,1,8,31,e138d830,24.444316816981882,0,120,37.751953125
spectrum,2934,1955696960,512,1,8,59,ec742ad7,24.453085073968396,0,96,28.072265625
spectrum,2935,1956339360,512,1,8,60,7bd5f879,24.4611792890355,0,97,32.12890625
spectrum,2936,1956977840,512,1,8,72,6324cf41,24.469122498994693,0,134,41.849609375
spectrum,2937,1957616960,512,1,8,63,ed406a44,24.477179182926193,0,102,33.236328125
spectrum,2938,1958257520,512,1,8,63,4d552d47,24.485061749001034,0,105,32.556640625
spectrum,2939,1958899360,512,1,8,62,0da2ecfa,24.493151325033978,0,102,31.732421875
spectrum,2940,1959616960,512,1,8,62,edbdab95,24.502103179926053,0,98,31.673828125
spectrum,2941,1960259040,512,1,8,62,2435eff8,24.510150696034543,0,100,32.466796875
spectrum,2942,1960897520,512,1,8,60,701e8b02,24.51807517092675,0,94,29.46875
spectrum,2943,1961616720,512,1,8,59,60847977,24.527103289030492,0,104,29.103515625
spectrum,2944,1962257440,512,1,8,60,ad7decf3,24.53525933099445,0,98,29.71875
spectrum,2945,1962898800,512,1,8,59,a8ddfd5b,24.543136597028933,0,97,29.224609375
spectrum,2946,1963617280,512,1,8,60,2a1d8940,24.55213843495585,0,96,29.408203125
spectrum,2947,1964257840,512,1,8,60,09f7f8f0,24.56012702092994,0,88,30.521484375
spectrum,2948,1964897760,512,1,8,64,a42f4b7c,24.568129542982206,0,100,33.462890625
spectrum,2949,1965616960,512,1,8,61,8f608ae2,24.577135459985584,0,90,30.216796875
spectrum,2950,1966257760,512,1,8,61,5fa9e49e,24.58515478298068,0,93,31.60546875
spectrum,2951,1966897760,512,1,8,61,3183e3dd,24.59316300600767,0,96,30.58203125
spectrum,2952,1967616960,512,1,8,61,28f9976b,24.60213171201758,0,92,30.5859375
spectrum,2953,1968257760,512,1,8,58,a7c3574a,24.611025186022744,12,132,70.556640625
spectrum,2954,1968978080,512,1,8,37,642ef2cb,24.61914063093718,0,127,29.080078125
spectrum,2955,1969697280,512,1,8,60,0c3535ef,24.62819259497337,0,98,30.51953125
spectrum,2956,1970337520,512,1,8,60,e9cd8799,24.636098033981398,0,98,29.595703125
spectrum,2957,1970979360,512,1,8,60,258ba7e6,24.644190534949303,0,97,31.009765625
spectrum,2958,1971696960,512,1,8,61,7bd839b7,24.653143140953034,0,99,31.47265625
spectrum,2959,1972337520,512,1,8,61,f472511e,24.661165982019156,0,88,30.380859375
spectrum,2960,1972977440,512,1,8,60,09cdb93b,24.669088633032516,0,98,30.4140625
spectrum,2961,1973696720,512,1,8,60,ec25d7fc,24.678118273965083,0,100,30.79296875
spectrum,2962,1974337440,512,1,8,61,dcc8b3c2,24.68613871000707,0,92,31.083984375
spectrum,2963,1974977440,512,1,8,62,9fef5d09,24.694124239962548,0,94,31.4296875
spectrum,2964,1975697280,512,1,8,62,d332f8fc,24.70329029893037,0,95,31.37890625
spectrum,2965,1976338240,512,1,8,60,35c453c0,24.71128734992817,0,102,30.744140625
spectrum,2966,1976978560,512,1,8,61,854f7852,24.71908860199619,0,92,29.58984375
spectrum,2967,1977696720,512,1,8,60,7adab54b,24.72812491597142,0,95,32.029296875
spectrum,2968,1978337440,512,1,8,62,01e73054,24.73611143801827,0,126,39.310546875
spectrum,2969,1978979360,512,1,8,60,d89ea8b0,24.744179893983528,0,119,36.765625
spectrum,2970,1979696960,512,1,8,63,926de54a,24.753136668005027,0,107,32.427734375
spectrum,2971,1980339360,512,1,8,60,1fa6b66b,24.761153938015923,0,96,30.3203125
spectrum,2972,1980977840,512,1,8,60,d8b4fe0b,24.769622639985755,0,94,30.509765625
spectrum,2973,1981696960,512,1,8,59,f694dfbd,24.778092343942262,0,94,29.5625
spectrum,2974,1982337760,512,1,8,60,d05b67ff,24.78615906694904,0,93,30.166015625
spectrum,2975,1982977760,512,1,8,60,3ce3bf1c,24.794087789952755,0,92,30.369140625
spectrum,2976,1983696960,512,1,8,39,904243c6,24.803156314999796,0,124,39.119140625
spectrum,2977,1984337760,512,1,8,62,b4facf36,24.811144139035605,0,94,31.78515625
spectrum,2978,1984979040,512,1,8,38,1fba3796,24.81928663502913,0,126,29.5234375
spectrum,2979,1985696960,512,1,8,38,ece80e00,24.828145553939976,0,127,29.873046875
spectrum,2980,1986346560,512,1,8,14,5c04a1b7,24.837079494958743,0,121,34.37890625
spectrum,2981,1986978320,512,1,8,62,cc8d52e9,24.844300010008737,0,92,31.4765625
spectrum,2982,1987696960,512,1,8,62,ff587bfd,24.853281099931337,0,95,30.6796875
spectrum,2983,1988338240,512,1,8,60,5ce2e112,24.861098291934468,0,97,30.458984375
spectrum,2984,1988980640,512,1,8,60,7850156b,24.86912868602667,0,94,30.47265625
spectrum,2985,1989696720,512,1,8,60,c7205089,24.878156353952363,0,107,30.833984375
spectrum,2986,1990337440,512,1,8,63,67547c11,24.886290644994006,0,100,32.369140625
spectrum,2987,1990979120,512,1,8,61,18d2b426,24.89412585098762,0,95,30.68359375
spectrum,2988,1991696720,512,1,8,61,ed212e6a,24.90310491702985,0,91,31.53125
spectrum,2989,1992337440,512,1,8,62,5f6b90f1,24.911099524004385,0,101,31.525390625
spectrum,2990,1992979360,512,1,8,60,ff1919e6,24.919145717984065,0,93,29.71484375
spectrum,2991,1993696960,512,1,8,60,f1d9dce7,24.92817486799322,0,99,32.23828125
spectrum,2992,1994337760,512,1,8,60,20d79dd0,24.936157312011346,0,91,30.396484375
spectrum,2993,1994977760,512,1,8,60,d23b2dda,24.94417990196962,0,96,30.001953125
spectrum,2994,1995696960,512,1,8,62,80159609,24.953103162930347,0,94,30.361328125
spectrum,2995,1996339360,512,1,8,58,6086205b,24.961174844997004,0,95,27.998046875
spectrum,2996,1996977840,512,1,8,59,a3204ce9,24.969084972981364,0,92,30.029296875
spectrum,2997,1997696960,512,1,8,62,d96b5c8f,24.978134931996465,0,95,31.998046875
spectrum,2998,1998337760,512,1,8,15,c1d805a5,24.986284411977977,0,121,34.271484375
spectrum,2999,1998978560,512,1,8,39,28196bde,24.99411309498828,0,123,37.22265625
spectrum,3000,1999696720,512,1,8,61,00f5736e,25.00306429900229,0,93,30.248046875
spectrum,3001,2000337440,512,1,8,61,857b4ab9,25.0111312730005,0,93,30.017578125
spectrum,3002,2000977440,512,1,8,60,5c2c119f,25.01927941897884,0,90,31.07421875
spectrum,3003,2001697280,512,1,8,60,b32ae877,25.028164727962576,0,91,30.806640625
spectrum,3004,2002337840,512,1,8,59,fa44446e,25.036128746927716,0,89,28.779296875
spectrum,3005,2002977760,512,1,8,60,c7ba9cb7,25.044125537970103,0,96,31.107421875
spectrum,3006,2003696960,512,1,8,61,6ec8fda0,25.05317222198937,0,91,30.33203125
spectrum,3007,2004339360,512,1,8,59,02ecfe95,25.061179443029687,0,95,28.859375
spectrum,3008,2004977840,512,1,8,60,591f959b,25.069104167982005,0,90,30.728515625
spectrum,3009,2005696960,512,1,8,61,cacab596,25.07885355898179,0,99,32.24609375
spectrum,3010,2006337520,512,1,8,61,096f4ac3,25.08613393700216,0,93,29.736328125
spectrum,3011,2006977440,512,1,8,61,8145a9e4,25.094003648031503,0,100,30.19140625
spectrum,3012,2007696720,512,1,8,61,aa7f6d0e,25.10708494996652,0,92,30.4453125
spectrum,3013,2008337440,512,1,8,61,aad2d90f,25.111112194950692,0,92,30.189453125
spectrum,3014,2008980560,512,1,8,61,c9fb5e69,25.11917037202511,0,93,30.77734375
spectrum,3015,2009697600,512,1,8,60,c558e0b9,25.12816148099955,0,90,30.697265625
spectrum,3016,2010337840,512,1,8,61,95381f2c,25.136149625992402,0,93,30.380859375
spectrum,3017,2010977760,512,1,8,61,cdd62504,25.14418591093272,0,91,31.396484375
spectrum,3018,2011696960,512,1,8,61,2f19f3c6,25.153181307949126,0,102,29.255859375
spectrum,3019,2012337520,512,1,8,32,3dc0d8d1,25.16128216602374,0,123,37.58203125
spectrum,3020,2012978560,512,1,8,39,f1fd9959,25.16909143293742,0,108,28.94140625
spectrum,3021,2013696720,512,1,8,63,713a8e51,25.178106495994143,0,93,33.337890625
spectrum,3022,2014337440,512,1,8,63,a2fa6035,25.18609120498877,0,95,32.015625
spectrum,3023,2014979360,512,1,8,62,14a0ea0b,25.1942789159948,0,100,32.84375
spectrum,3024,2015696960,512,1,8,60,42b42959,25.20310280902777,0,90,28.96484375
spectrum,3025,2016337440,512,1,8,72,8e5beb99,25.211146809975617,0,130,39.603515625
spectrum,3026,2016979360,512,1,8,63,5bd3186a,25.21918267395813,0,96,32.6484375
spectrum,3027,2017696960,512,1,8,60,ae5e9851,25.2281517109368,0,93,29.232421875
spectrum,3028,2018337520,512,1,8,61,36b6e785,25.23611679300666,0,90,29.822265625
spectrum,3029,2018979280,512,1,8,60,646f7853,25.244136816938408,0,102,31.013671875
spectrum,3030,2019696960,512,1,8,32,184eb99d,25.253163352957927,0,125,31.02734375
spectrum,3031,2020338480,512,1,8,59,94bf5b0a,25.261113916989416,0,93,29.693359375
spectrum,3032,2020979360,512,1,8,60,ad558af4,25.269155132002197,0,90,30.11328125
spectrum,3033,2021696960,512,1,8,60,5240d03f,25.278153224033304,0,94,30.248046875
spectrum,3034,2022337760,512,1,8,60,d1a598a8,25.28607233799994,0,93,29.29296875
spectrum,3035,2022977760,512,1,8,59,3d96b7b6,25.294085689936765,0,90,29.408203125
spectrum,3036,2023696960,512,1,8,62,004c42c2,25.303097157971933,0,93,32.052734375
spectrum,3037,2024337760,512,1,8,64,81a6590e,25.311146568041295,0,98,32.234375
spectrum,3038,2024977760,512,1,8,64,3914fb05,25.319125003996305,0,108,33.1875
spectrum,3039,2025696960,512,1,8,60,ce1fb2b3,25.328162641031668,0,96,29.67578125
spectrum,3040,2026337520,512,1,8,62,3dd5d556,25.336067868978716,0,99,31.279296875
spectrum,3041,2026977440,512,1,8,61,bd86f4ae,25.344122709939256,0,92,31.744140625
spectrum,3042,2027696720,512,1,8,61,008d4afb,25.353234465932474,0,93,30.212890625
spectrum,3043,2028339280,512,1,8,60,9ff1d188,25.36115474300459,0,102,30.23046875
spectrum,3044,2028982880,512,1,8,64,6052afe5,25.36915527097881,0,104,34.6015625
spectrum,3045,2029696720,512,1,8,64,c3a1ecae,25.378162630018778,0,109,34.66796875
spectrum,3046,2030337440,512,1,8,60,d816d1e1,25.386114616994746,0,90,29.3125
spectrum,3047,2030977440,512,1,8,60,70fb19c9,25.39415793598164,0,95,31.009765625
spectrum,3048,2031696720,512,1,8,64,ea160339,25.403154955944046,0,104,33.126953125
spectrum,3049,2032337440,512,1,8,64,6a670313,25.41108416893985,0,103,33.978515625
spectrum,3050,2032977440,512,1,8,61,7bd2c23b,25.41912948200479,0,93,30.984375
spectrum,3051,2033696720,512,1,8,61,8f07eba8,25.428301031002775,0,101,31.8359375
spectrum,3052,2034338880,512,1,8,60,ec8f6068,25.436148038948886,0,95,30.123046875
spectrum,3053,2034977520,512,1,8,60,f5277ca2,25.4441192119848,0,95,30.6015625
spectrum,3054,2035696720,512,1,8,61,15aad45a,25.45320907700807,0,95,31.1640625
spectrum,3055,2036339360,512,1,8,59,d53e8f32,25.461145834997296,0,96,29.3046875
spectrum,3056,2036980320,512,1,8,62,ead33662,25.469170058029704,0,93,31.86328125
spectrum,3057,2037696720,512,1,8,61,6f939160,25.47820088197477,0,92,31.373046875
spectrum,3058,2038337440,512,1,8,61,afb2cc80,25.486115628038533,0,93,30.251953125
spectrum,3059,2038979360,512,1,8,60,6c3a26d6,25.494166129967198,0,100,30.630859375
spectrum,3060,2039696960,512,1,8,39,b3deaf22,25.503120208973996,0,113,17.134765625
spectrum,3061,2040337760,512,1,8,59,870cbff1,25.511157165979967,0,99,30.322265625
spectrum,3062,2040977760,512,1,8,63,d3ddc23a,25.51907979696989,0,95,32.5
spectrum,3063,2041696960,512,1,8,63,dbc54961,25.528103317017667,0,102,33.119140625
spectrum,3064,2042339040,512,1,8,60,2830f9f6,25.536462111980654,0,96,30.146484375
spectrum,3065,2042977520,512,1,8,59,a6f40c08,25.544173524016514,0,98,30.0703125
spectrum,3066,2043696720,512,1,8,60,8635ce57,25.553209197008982,0,90,29.955078125
spectrum,3067,2044337440,512,1,8,32,1992af49,25.56117431796156,0,123,30.64453125
spectrum,3068,2044978480,512,1,8,60,ba85c3aa,25.569278341019526,0,90,30.1015625
spectrum,3069,2045696960,512,1,8,60,ebfcfc4c,25.57808703603223,0,93,30.640625
spectrum,3070,2046337520,512,1,8,60,383b74c2,25.58608292497229,0,94,29.646484375
spectrum,3071,2046977440,512,1,8,62,21e06346,25.594102569040842,0,99,32.119140625
spectrum,3072,2047696720,512,1,8,62,b48a5ab7,25.60301032103598,0,96,30.291015625
spectrum,3073,2048337440,512,1,8,62,e5240f37,25.611149640986696,0,100,32.96875
spectrum,3074,2048977440,512,1,8,62,bc71a7d7,25.61919814895373,0,97,31.146484375
spectrum,3075,2049696720,512,1,8,62,4418eb10,25.628158719977364,0,106,32.138671875
spectrum,3076,2050339920,512,1,8,37,a28c7497,25.637111066025682,0,126,30.4453125
spectrum,3077,2050979280,512,1,8,37,11d83772,25.64418525493238,0,124,29.484375
spectrum,3078,2051696960,512,1,8,61,568f4497,25.653116610948928,0,91,30.8515625
spectrum,3079,2052337440,512,1,8,59,a0079f06,25.661199945025146,0,92,28.708984375
spectrum,3080,2052978800,512,1,8,61,1a4597ea,25.66914806398563,0,94,30.087890625
spectrum,3081,2053697280,512,1,8,59,8af175eb,25.67815634503495,0,85,27.876953125
spectrum,3082,2054337840,512,1,8,60,6d3efa2b,25.686137337004766,0,89,29.025390625
spectrum,3083,2054977760,512,1,8,72,3a9b4551,25.694137163925916,0,132,42.18359375
spectrum,3084,2055696960,512,1,8,72,61369ae5,25.70309826603625,0,132,41.05859375
spectrum,3085,2056337760,512,1,8,72,6ca7047f,25.71109553799033,0,132,43.724609375
spectrum,3086,2056977760,512,1,8,72,4760ab11,25.720789553946815,0,133,40.478515625
spectrum,3087,2057696960,512,1,8,72,fefd5998,25.728154761949554,0,128,41.01953125
spectrum,3088,2058337760,512,1,8,61,8f87315c,25.736369404941797,0,94,31.638671875
spectrum,3089,2058978560,512,1,8,60,1ccd9343,25.744104761979543,0,102,30.703125
spectrum,3090,2059696720,512,1,8,40,802b84cf,25.75307311792858,0,121,37.513671875
spectrum,3091,2060337440,512,1,8,61,70d63f2f,25.761177922948264,0,91,31.3671875
spectrum,3092,2060979360,512,1,8,60,a68c2431,25.769150187959895,0,90,30.681640625
spectrum,3093,2061696960,512,1,8,60,60dfb07b,25.77811291301623,0,96,30.837890625
spectrum,3094,2062337520,512,1,8,60,1107bf25,25.785999545943923,0,93,29.373046875
spectrum,3095,2062977440,512,1,8,60,edd92480,25.794116763980128,0,94,31.0859375
spectrum,3096,2063696720,512,1,8,60,52392c25,25.803109555970877,0,95,29.734375
spectrum,3097,2064337440,512,1,8,60,390fcfbc,25.811167613021098,0,101,30.896484375
spectrum,3098,2064977440,512,1,8,60,f49ca153,25.819010603940114,0,103,29.748046875
spectrum,3099,2065696720,512,1,8,61,5738a5c3,25.828112551942468,0,96,31.310546875
spectrum,3100,2066337440,512,1,8,59,dee92cca,25.83616097003687,0,101,29.119140625
spectrum,3101,2066979360,512,1,8,37,4fe951d2,25.844293377012946,0,124,29.82421875
spectrum,3102,2067696960,512,1,8,60,5e9c1341,25.853150372975506,0,93,29.1484375
spectrum,3103,2068337440,512,1,8,61,97096698,25.861023179953918,0,92,30.337890625
spectrum,3104,2068980320,512,1,8,59,43f4536d,25.86915434501134,0,100,29.19140625
spectrum,3105,2069696960,512,1,8,31,d6f744a4,25.87832655501552,0,120,35.9765625
spectrum,3106,2070338880,512,1,8,72,0bcb58f5,25.88607744197361,0,134,39.94140625
spectrum,3107,2070977520,512,1,8,60,d0a13d45,25.894182577962056,0,97,29.30859375
spectrum,3108,2071696720,512,1,8,60,c3d5dba6,25.903193473932333,0,99,30.25390625
spectrum,3109,2072337440,512,1,8,60,a60f797d,25.911023751017638,0,95,30.388671875
spectrum,3110,2072977440,512,1,8,61,96440335,25.919082258013077,0,90,30.87890625
spectrum,3111,2073696720,512,1,8,34,32cd692b,25.92809015896637,0,121,34.08984375
spectrum,3112,2074337440,512,1,8,60,99a4b6db,25.936096137040295,0,95,29.12890625
spectrum,3113,2074979280,512,1,8,64,052d0cb1,25.944157549994998,0,97,32.423828125
spectrum,3114,2075696960,512,1,8,59,cbbf8d41,25.953118711942807,0,116,33.333984375
spectrum,3115,2076337760,512,1,8,60,f79c79ca,25.961130290990695,0,122,32.7109375
spectrum,3116,2076977760,512,1,8,33,67aa6aef,25.96921146195382,0,123,31.197265625
spectrum,3117,2077696960,512,1,8,61,2d1a6fff,25.978140763938427,0,103,31.07421875
spectrum,3118,2078339360,512,1,8,59,c8f58f29,25.986153905978426,0,91,28.48046875
spectrum,3119,2078977840,512,1,8,60,73d02584,25.994118075002916,0,90,30.240234375
spectrum,3120,2079696960,512,1,8,63,9b505111,26.003088845987804,0,100,32.478515625
spectrum,3121,2080337760,512,1,8,60,f9b104fb,26.011008771019988,0,94,31.216796875
spectrum,3122,2080977760,512,1,8,61,8716647f,26.019049105001613,0,90,29.56640625
spectrum,3123,2081696960,512,1,8,60,bfba8397,26.028115676017478,0,93,31.67578125
spectrum,3124,2082337760,512,1,8,60,84880b12,26.03603335795924,0,98,30.3984375
spectrum,3125,2082980000,512,1,8,61,d108a751,26.044292493956164,0,95,31.865234375
spectrum,3126,2083696960,512,1,8,62,e5f8713e,26.053100376971997,0,92,30.33203125
spectrum,3127,2084337440,512,1,8,59,835092f8,26.061051541939378,0,88,30.28125
spectrum,3128,2084977440,512,1,8,59,f0d5728a,26.069009859929793,0,102,29.2421875
spectrum,3129,2085697280,512,1,8,59,6c363780,26.078089986927807,0,94,28.744140625
spectrum,3130,2086339040,512,1,8,72,3ede6a91,26.086168142035604,0,139,41.087890625
spectrum,3131,2086977520,512,1,8,60,04826759,26.09415357094258,0,95,30.109375
spectrum,3132,2087697280,512,1,8,63,80101eff,26.10318426496815,0,101,32.3515625
spectrum,3133,2088337840,512,1,8,60,dfd0fe97,26.111097768996842,0,89,30.06640625
spectrum,3134,2088977760,512,1,8,60,77d08ece,26.119091404019855,0,94,29.87890625
spectrum,3135,2089696960,512,1,8,60,922da4fd,26.12819658801891,0,99,31.7734375
spectrum,3136,2090340880,512,1,8,59,19b7a04e,26.136324977967888,0,94,29.625
spectrum,3137,2090978880,512,1,8,64,436beacb,26.144200069014914,0,142,46.064453125
spectrum,3138,2091696720,512,1,8,60,deaaa34f,26.153185265953653,0,94,30.283203125
spectrum,3139,2092337440,512,1,8,60,97ae15ee,26.16117293993011,0,96,32.162109375
spectrum,3140,2092977440,512,1,8,59,6bb4d978,26.1691361280391,0,89,29.181640625
spectrum,3141,2093697280,512,1,8,59,b5e024a2,26.178164858021773,0,100,29.71484375
spectrum,3142,2094340000,512,1,8,60,95c61d94,26.186328182928264,0,90,29.84375
spectrum,3143,2094978560,512,1,8,60,c22173ea,26.194126138929278,0,93,30.41796875
spectrum,3144,2095696720,512,1,8,60,8b35025b,26.203116395976394,0,94,31.935546875
spectrum,3145,2096337440,512,1,8,39,6225a483,26.211131582036614,0,125,37.943359375
spectrum,3146,2096977440,512,1,8,32,915f1711,26.219144142931327,0,116,28.986328125
spectrum,3147,2097696720,512,1,8,41,71ebcc90,26.228127426933497,0,124,37.455078125
spectrum,3148,2098337440,512,1,8,31,1ce49729,26.23604839493055,0,108,29.423828125
spectrum,3149,2098977440,512,1,8,33,099c1fb4,26.244234754005447,0,112,30.70703125
spectrum,3150,2099697280,512,1,8,37,1cdd4d3d,26.25318330200389,0,122,29.45703125
spectrum,3151,2100339040,512,1,8,38,08fc122d,26.261177918990143,0,118,34.353515625
spectrum,3152,2100977520,512,1,8,39,5bd5a0d5,26.269160552998073,0,123,34.189453125
spectrum,3153,2101696720,512,1,8,30,d633ab17,26.278203509980813,0,105,28.9296875
spectrum,3154,2102337440,512,1,8,37,1fbd14a8,26.286106713931076,0,122,34.578125
spectrum,3155,2102979360,512,1,8,40,789b6209,26.294136877986602,0,124,36.82421875
spectrum,3156,2103696960,512,1,8,38,b969f2c8,26.303248645039275,0,120,34.556640625
spectrum,3157,2104337760,512,1,8,39,71d53144,26.311115831020288,0,122,36.46484375
spectrum,3158,2104977760,512,1,8,38,a3bd1364,26.31912751100026,0,121,34.40625
spectrum,3159,2105696960,512,1,8,37,9e06b2b6,26.32815816393122,0,124,34.94921875
spectrum,3160,2106337760,512,1,8,61,d77bcdfc,26.336172527982853,0,98,31.326171875
spectrum,3161,2106977760,512,1,8,36,48d5d3ad,26.34419262292795,0,119,36.08203125
spectrum,3162,2107696960,512,1,8,38,d493ba19,26.35312594298739,0,122,35.455078125
spectrum,3163,2108337760,512,1,8,36,64b64557,26.36108065501321,0,120,33.53515625
spectrum,3164,2108977760,512,1,8,36,6c9412bb,26.369114676024765,0,122,35.11328125
spectrum,3165,2109696960,512,1,8,60,d1ba9dd5,26.378147262963466,0,90,29.94921875
spectrum,3166,2110340880,512,1,8,63,a73f0edb,26.389182862942107,0,104,32.537109375
spectrum,3167,2110979360,512,1,8,36,69125d14,26.39539086597506,0,143,63.017578125
spectrum,3168,2111696720,512,1,8,36,4d53310b,26.403150178026408,0,120,34.4375
spectrum,3169,2112337440,512,1,8,58,4b12269a,26.411280481959693,0,88,29.546875
spectrum,3170,2112977440,512,1,8,35,ca0047c1,26.419213481945917,0,116,32.7890625
spectrum,3171,2113696720,512,1,8,35,4196022f,26.42811348894611,0,117,32.126953125
spectrum,3172,2114337440,512,1,8,36,6d41806a,26.436229935963638,0,121,34.423828125
spectrum,3173,2114977440,512,1,8,36,f7d0f4f3,26.444140324019827,0,119,33.27734375
spectrum,3174,2115696720,512,1,8,35,eed09d06,26.453135670977645,0,122,33.96484375
spectrum,3175,2116337440,512,1,8,38,1877ea35,26.461263719014823,0,128,28.541015625
spectrum,3176,2116978480,512,1,8,60,16eb0530,26.46919124003034,0,95,30.33203125
spectrum,3177,2117696720,512,1,8,36,08517249,26.47813927696552,0,120,34.84375
spectrum,3178,2118337440,512,1,8,37,f8a230d7,26.486197795020416,0,122,35.158203125
spectrum,3179,2118977440,512,1,8,61,50adfe5e,26.49419755092822,0,114,61.92578125
spectrum,3180,2119696720,512,1,8,37,7ab8e7ba,26.503137744031847,0,120,34.494140625
spectrum,3181,2120337440,512,1,8,37,55dbe54e,26.51111312501598,0,122,34.28125
spectrum,3182,2120977440,512,1,8,37,86b3c8f3,26.51916733395774,0,119,33.205078125
spectrum,3183,2121696720,512,1,8,37,4ef4195d,26.52797901397571,0,120,32.654296875
spectrum,3184,2122337440,512,1,8,37,a7e41a11,26.53621941502206,0,120,34.091796875
spectrum,3185,2122977440,512,1,8,36,c89f6300,26.544146704953164,0,122,33.7890625
spectrum,3186,2123696720,512,1,8,37,1b4d1209,26.553859906969592,0,119,32.189453125
spectrum,3187,2124339280,512,1,8,61,55502f74,26.561199316987768,0,106,30.7578125
spectrum,3188,2124977840,512,1,8,60,99816154,26.56904182699509,0,91,29.73828125
spectrum,3189,2125696960,512,1,8,37,82ec96db,26.57816441403702,0,117,32.6875
spectrum,3190,2126339920,512,1,8,61,6dd9be74,26.586138342041522,0,107,30.6953125
spectrum,3191,2126977520,512,1,8,37,064de969,26.59414702502545,0,121,33.513671875
spectrum,3192,2127697280,512,1,8,37,6ec1aa12,26.603205510997213,0,122,34.79296875
spectrum,3193,2128337840,512,1,8,37,684eed78,26.61133601493202,0,120,33.673828125
spectrum,3194,2128977760,512,1,8,38,d3edc52d,26.61914133396931,0,122,34.515625
spectrum,3195,2129696960,512,1,8,37,0e2874e3,26.628077468951233,0,121,33.8828125
spectrum,3196,2130340880,512,1,8,37,f532b789,26.63616498198826,0,121,33.783203125
spectrum,3197,2130977760,512,1,8,36,4c01a8a4,26.644146403996274,0,116,33.830078125
spectrum,3198,2131696960,512,1,8,37,b1020b26,26.65311956894584,0,121,34.16796875
spectrum,3199,2132339680,512,1,8,59,de6a2f3d,26.66123384202365,0,89,29.185546875
spectrum,3200,2132977520,512,1,8,37,38439ae8,26.66913447098341,0,123,33.150390625
spectrum,3201,2133696720,512,1,8,37,9743df51,26.678131700959057,0,123,34.6796875
spectrum,3202,2134337440,512,1,8,60,ff00eddd,26.686170491972007,0,92,29.9453125
spectrum,3203,2134977440,512,1,8,33,608b09ef,26.694179094978608,0,128,30.18359375
spectrum,3204,2135697280,512,1,8,38,475132e2,26.703113968018442,0,124,34.626953125
spectrum,3205,2136337840,512,1,8,37,2dfa1116,26.711151725961827,0,120,33.849609375
spectrum,3206,2136977760,512,1,8,37,9ccfddb0,26.719192369957455,0,118,33.275390625
spectrum,3207,2137696960,512,1,8,37,7e762485,26.728179572033696,0,119,33.431640625
spectrum,3208,2138338480,512,1,8,37,b97e4020,26.736106941942126,0,117,33.888671875
spectrum,3209,2138977440,512,1,8,37,aaed642d,26.74417967593763,0,121,33.86328125
spectrum,3210,2139696720,512,1,8,60,5a88b5ae,26.753255864954554,0,94,29.892578125
spectrum,3211,2140340000,512,1,8,37,dd1d4160,26.76114943192806,0,120,33.41796875
spectrum,3212,2140977840,512,1,8,37,22f18ae4,26.769172912929207,0,118,33.482421875
spectrum,3213,2141696960,512,1,8,35,693dea3a,26.77810778596904,0,121,31.548828125
spectrum,3214,2142337760,512,1,8,37,5d3ba195,26.786218862980604,0,120,33.515625
spectrum,3215,2142977760,512,1,8,33,01fb27d9,26.794369203969836,0,124,31.421875
spectrum,3216,2143697280,512,1,8,37,5af83e06,26.803116051014513,0,125,34.63671875
spectrum,3217,2144337840,512,1,8,37,019d34d3,26.811117792036384,0,121,35.7734375
spectrum,3218,2144977760,512,1,8,36,9ae9bce7,26.81914149399381,0,122,32.85546875
spectrum,3219,2145696960,512,1,8,36,509f7c9f,26.82812134095002,0,122,34.201171875
spectrum,3220,2146337760,512,1,8,36,a0befeef,26.836101901950315,0,121,33.9296875
spectrum,3221,2146977760,512,1,8,36,2f9916d1,26.844116235966794,0,122,33.822265625
spectrum,3222,2147696960,512,1,8,35,a919c811,26.85318981995806,0,118,33.533203125
spectrum,3223,2148337760,512,1,8,36,e2126426,26.861217941041104,0,122,33.904296875
spectrum,3224,2148978800,512,1,8,36,b8e28e43,26.869121085037477,0,118,34.4453125
spectrum,3225,2149696720,512,1,8,35,a2a80249,26.87857315398287,0,120,32.263671875
spectrum,3226,2150340560,512,1,8,35,7c77d112,26.886139141977765,0,120,32.76171875
spectrum,3227,2150977440,512,1,8,60,d31d0166,26.894113419926725,0,96,31.810546875
spectrum,3228,2151698240,512,1,8,35,00c84191,26.90311437798664,0,120,32.3984375
spectrum,3229,2152338400,512,1,8,35,9cd78944,26.911125435959548,0,117,33.625
spectrum,3230,2152977760,512,1,8,36,4b44d29f,26.91911829903256,0,120,35.650390625
spectrum,3231,2153696960,512,1,8,36,9bd9e221,26.928176935994998,0,118,34.48046875
spectrum,3232,2154337760,512,1,8,36,11523e2d,26.93619705096353,0,118,34.806640625
spectrum,3233,2154977760,512,1,8,36,df0eb482,26.944152905023657,0,117,33.921875
spectrum,3234,2155696960,512,1,8,35,a95bd67c,26.953154893941246,0,117,32.419921875
spectrum,3235,2156337760,512,1,8,36,1c5a39e1,26.961160792037845,0,118,34.275390625
spectrum,3236,2156979040,512,1,8,36,e04ed13e,26.969140921952203,0,122,34.2109375
spectrum,3237,2157696720,512,1,8,59,ed19257b,26.978109417948872,0,88,29.830078125
spectrum,3238,2158337440,512,1,8,63,2ba6fb8c,26.986030466039665,0,110,32.689453125
spectrum,3239,2158977440,512,1,8,34,eb24ae90,26.994191586971283,0,124,31.38671875
spectrum,3240,2159696720,512,1,8,36,5ee3a881,27.003163779969327,0,122,33.376953125
spectrum,3241,2160337440,512,1,8,60,44fa5101,27.0112710299436,0,129,79.46484375
spectrum,3242,2160977520,512,1,8,37,9ca9a270,27.01914126193151,0,120,33.89453125
spectrum,3243,2161696720,512,1,8,37,97976eff,27.02808715600986,0,119,35.845703125
spectrum,3244,2162337440,512,1,8,60,2864f16f,27.03612369194161,0,104,30.265625
spectrum,3245,2162977440,512,1,8,37,d00fc319,27.044114911928773,0,120,34.58203125
spectrum,3246,2163696720,512,1,8,64,dbe920d2,27.05316954094451,0,114,32.052734375
spectrum,3247,2164337440,512,1,8,37,294f9ff8,27.061185828992166,0,121,35.142578125
spectrum,3248,2164979360,512,1,8,37,105ffa3d,27.06931751500815,0,119,33.515625
spectrum,3249,2165697280,512,1,8,38,11a7fbcb,27.078129625995643,0,126,29.9921875
spectrum,3250,2166339360,512,1,8,62,df8a9b23,27.086182452971116,0,112,31.494140625
spectrum,3251,2166977840,512,1,8,37,2698aba6,27.094150949968025,0,121,32.646484375
spectrum,3252,2167696960,512,1,8,37,814bd3d5,27.103194016963243,0,118,33.837890625
spectrum,3253,2168339280,512,1,8,35,85029eeb,27.111177993938327,0,121,32.2578125
spectrum,3254,2168979360,512,1,8,37,77967f9c,27.119163112947717,0,120,33.8828125
spectrum,3255,2169696960,512,1,8,37,8392370c,27.128175401943736,0,123,34.408203125
spectrum,3256,2170340880,512,1,8,37,9b45066a,27.136185397976078,0,120,34.677734375
spectrum,3257,2170979360,512,1,8,37,83ba1a12,27.14432726299856,0,118,34.30078125
spectrum,3258,2171696960,512,1,8,37,47eb992f,27.153144754003733,0,118,34.08984375
spectrum,3259,2172337440,512,1,8,37,46b3d510,27.161178434966132,0,120,35.228515625
spectrum,3260,2172977440,512,1,8,37,ebebf356,27.169170386041515,0,117,34.326171875
spectrum,3261,2173696960,512,1,8,36,a4f882da,27.17809868697077,0,118,33.01953125
spectrum,3262,2174337440,512,1,8,37,db38dc0f,27.18618153000716,0,124,33.314453125
spectrum,3263,2174977440,512,1,8,37,d15d87f4,27.194198159035295,0,119,34.810546875
spectrum,3264,2175696720,512,1,8,36,202eecb7,27.203190590022132,0,117,33.09765625
spectrum,3265,2176339600,512,1,8,37,3dbbbca0,27.211140753002837,0,123,33.583984375
spectrum,3266,2176977840,512,1,8,37,50a7186c,27.219127374934033,0,117,33.611328125
spectrum,3267,2177696960,512,1,8,36,69ccd5a5,27.229063728940673,0,119,33.123046875
spectrum,3268,2178337760,512,1,8,64,ab8d90bb,27.23616905603558,0,104,29.95703125
spectrum,3269,2178977760,512,1,8,36,e13ddaa9,27.24420569301583,0,117,33.115234375
spectrum,3270,2179696960,512,1,8,37,cd58dc05,27.253180210012943,0,117,33.9921875
spectrum,3271,2180337760,512,1,8,60,bb6a1224,27.26120989304036,0,105,31.142578125
spectrum,3272,2180977760,512,1,8,37,03cf289d,27.26922077103518,0,121,35.107421875
spectrum,3273,2181696960,512,1,8,37,7b62c7c5,27.27820137992967,0,123,33.859375
spectrum,3274,2182337520,512,1,8,60,c31268f0,27.28610690892674,0,103,31.4140625
spectrum,3275,2182977440,512,1,8,36,03e39de6,27.294165586936288,0,118,34.734375
spectrum,3276,2183696720,512,1,8,35,ea99b478,27.303514931933023,0,117,33.609375
spectrum,3277,2184337440,512,1,8,60,4b3332bf,27.311115594930016,0,101,32.513671875
spectrum,3278,2184979360,512,1,8,60,8db2a39a,27.319150769035332,0,103,30.76953125
spectrum,3279,2185696960,512,1,8,36,c08d136f,27.32831442297902,0,121,34.83203125
spectrum,3280,2186337760,512,1,8,35,00157a06,27.33613465097733,0,117,33.669921875
spectrum,3281,2186977760,512,1,8,35,df1b91c3,27.344242651946843,0,128,34.125
spectrum,3282,2187696960,512,1,8,36,6fb65883,27.355041724978946,0,120,34.193359375
spectrum,3283,2188337760,512,1,8,35,8be28f15,27.361167673021555,0,120,33.78515625
spectrum,3284,2188977760,512,1,8,36,5c985f71,27.370316579937935,0,122,35.77734375
spectrum,3285,2189696960,512,1,8,35,dab895f4,27.378163828980178,0,118,33.9375
spectrum,3286,2190340640,512,1,8,60,43a82564,27.38617430604063,0,103,30.4296875
spectrum,3287,2190977440,512,1,8,34,59f0786c,27.394189261016436,0,116,32.62109375
spectrum,3288,2191696720,512,1,8,35,9de32157,27.40317478904035,0,120,33.69921875
spectrum,3289,2192337440,512,1,8,35,470528f2,27.412755772005767,0,120,33.798828125
spectrum,3290,2192977440,512,1,8,36,783b5db0,27.4191449979553,0,123,35.775390625
spectrum,3291,2193696720,512,1,8,59,cf0af788,27.428956825984642,0,99,29.55859375
spectrum,3292,2194337440,512,1,8,35,33d58c47,27.436036254977807,0,117,33.72265625
spectrum,3293,2194977440,512,1,8,36,915892d8,27.444296263041906,0,119,33.853515625
spectrum,3294,2195696720,512,1,8,36,f1bfce70,27.45318607101217,0,122,34.859375
spectrum,3295,2196337440,512,1,8,36,ab802820,27.461166681023315,0,124,34.47265625
spectrum,3296,2196977440,512,1,8,36,0c485071,27.468983171973377,0,123,34.109375
spectrum,3297,2197696720,512,1,8,36,4908a2b7,27.48086697293911,0,121,32.900390625
spectrum,3298,2198337440,512,1,8,36,ae0c8a2d,27.48616862401832,0,119,34.44921875
spectrum,3299,2198977440,512,1,8,35,135a1e6d,27.49417997302953,0,115,31.6953125
spectrum,3300,2199696720,512,1,8,36,58d291aa,27.50317013997119,0,123,33.01953125
spectrum,3301,2200337440,512,1,8,38,220f378f,27.511333425994962,0,119,36.60546875
spectrum,3302,2200979600,512,1,8,36,b3fe5f2f,27.519190773018636,0,120,33.748046875
spectrum,3303,2201696960,512,1,8,61,4eb594fb,27.528202150948346,0,115,30.36328125
spectrum,3304,2202337760,512,1,8,63,821d5836,27.53617482597474,0,117,33.251953125
spectrum,3305,2202977760,512,1,8,37,f0572736,27.544122674968094,0,120,35.595703125
spectrum,3306,2203696960,512,1,8,60,86e9c671,27.553181450930424,0,107,29.859375
spectrum,3307,2204337760,512,1,8,36,1a21ab14,27.561150589957833,0,117,32.505859375
spectrum,3308,2204977760,512,1,8,37,3c35bcc3,27.569127424038015,0,119,34.48046875
spectrum,3309,2205696960,512,1,8,63,9b455c93,27.578145153005607,0,118,31.310546875
spectrum,3310,2206337760,512,1,8,37,fc236a33,27.5860010079341,0,118,34.197265625
spectrum,3311,2206977760,512,1,8,36,ba5e8979,27.594201723928563,0,117,33.330078125
spectrum,3312,2207696960,512,1,8,37,47a1e546,27.603111859993078,0,120,34.7578125
spectrum,3313,2208337760,512,1,8,37,02f3620d,27.61119220801629,0,119,33.35546875
spectrum,3314,2208977760,512,1,8,32,99043835,27.619243411929347,0,122,36.103515625
spectrum,3315,2209697280,512,1,8,36,94a45079,27.62817161192652,0,122,33.390625
spectrum,3316,2210340960,512,1,8,37,29b63e1f,27.63613532099407,0,120,35.1796875
spectrum,3317,2210977760,512,1,8,37,2c56f9c5,27.644154393929057,0,118,33.865234375
spectrum,3318,2211696960,512,1,8,37,207a2ebd,27.653197600971907,0,118,33.251953125
spectrum,3319,2212337760,512,1,8,37,9265c120,27.66117575694807,0,122,34.974609375
spectrum,3320,2212977760,512,1,8,36,8e29571f,27.669110671035014,0,119,33.86328125
spectrum,3321,2213696960,512,1,8,58,dfbb7df5,27.67818022798747,0,98,28.14453125
spectrum,3322,2214339360,512,1,8,36,db47d733,27.68616972595919,0,117,33.490234375
spectrum,3323,2214977520,512,1,8,61,147ccd8e,27.69416196795646,0,113,31.54296875
spectrum,3324,2215696720,512,1,8,60,b9202032,27.70321051601786,0,93,29.578125
spectrum,3325,2216337440,512,1,8,37,71704290,27.711194121977314,0,120,35.126953125
spectrum,3326,2216979360,512,1,8,37,02787776,27.71921954699792,0,121,35.49609375
spectrum,3327,2217696960,512,1,8,37,b0377150,27.72814958996605,0,121,34.1796875
spectrum,3328,2218337520,512,1,8,37,fd75d014,27.736124090035446,0,120,35.375
spectrum,3329,2218977440,512,1,8,36,0f77e41b,27.74412859498989,0,119,34.587890625
spectrum,3330,2219696720,512,1,8,36,44c31108,27.752948140027,0,121,32.935546875
spectrum,3331,2220337440,512,1,8,37,cbc9ff0a,27.761177310021594,0,123,33.93359375
spectrum,3332,2220977440,512,1,8,36,9c680587,27.769212984945625,0,123,34.419921875
spectrum,3333,2221696720,512,1,8,57,c5108ac1,27.778175077983178,0,104,27.498046875
spectrum,3334,2222339280,512,1,8,36,36a68bf2,27.786175225977786,0,119,33.580078125
spectrum,3335,2222977840,512,1,8,36,cb36fbd6,27.794135167030618,0,120,34.3671875
spectrum,3336,2223696960,512,1,8,36,8b8370fa,27.80316219397355,0,120,34.65234375
spectrum,3337,2224337760,512,1,8,36,c1b7723e,27.811218868009746,0,119,34.205078125
spectrum,3338,2224977760,512,1,8,36,e9b59d5f,27.81912028894294,0,119,33.826171875
spectrum,3339,2225696960,512,1,8,35,c5c994c9,27.82818106992636,0,120,33.861328125
spectrum,3340,2226337760,512,1,8,63,4c9b0432,27.836146611953154,0,121,33.013671875
spectrum,3341,2226977760,512,1,8,35,be3e107a,27.844210388953798,0,119,33.900390625
spectrum,3342,2227696960,512,1,8,35,274f0e7b,27.85316599102225,0,115,32.818359375
spectrum,3343,2228337760,512,1,8,58,27ba6dbd,27.86125069798436,0,101,29.625
spectrum,3344,2228977760,512,1,8,35,0e887fd5,27.86919433902949,0,117,33.71484375
spectrum,3345,2229696960,512,1,8,35,c369a6de,27.878256862983108,0,115,34.5625
spectrum,3346,2230337760,512,1,8,60,5733a45f,27.88633205194492,0,108,30.517578125
spectrum,3347,2230983040,512,1,8,37,34dc2746,27.894393094000407,0,126,29.9921875
spectrum,3348,2231697280,512,1,8,61,f6d2600f,27.903104153927416,0,113,30.310546875
spectrum,3349,2232337440,512,1,8,34,5e13045e,27.911132895969786,0,124,33.548828125
spectrum,3350,2232977440,512,1,8,60,0152c4ee,27.919201081967913,0,96,30.15234375
spectrum,3351,2233710640,512,1,8,35,cfb23a00,27.928211777936667,0,148,28.529296875
spectrum,3352,2234338560,512,1,8,34,6b7eaf7c,27.936051171040162,0,117,32.814453125
spectrum,3353,2234979040,512,1,8,36,81d73085,27.94414759101346,0,122,35.943359375
spectrum,3354,2235696720,512,1,8,35,0af92af7,27.95319540600758,0,118,33.2890625
spectrum,3355,2236337440,512,1,8,35,4a8384a8,27.961187339038588,0,123,34.033203125
spectrum,3356,2236977440,512,1,8,36,7f407c66,27.96927824697923,0,123,35.1875
spectrum,3357,2237696720,512,1,8,36,927605ed,27.97819040704053,0,122,33.591796875
spectrum,3358,2238337440,512,1,8,36,fc964317,27.986198959988542,0,117,33.576171875
spectrum,3359,2238979280,512,1,8,36,47259d9c,27.9942026239587,0,120,34.7578125
spectrum,3360,2239696960,512,1,8,36,2dc8f216,28.003199985018,0,121,34.58203125
spectrum,3361,2240337760,512,1,8,37,b43efe8e,28.011154465959407,0,120,34.310546875
spectrum,3362,2240977760,512,1,8,32,86f9ac8b,28.019323242013343,0,125,29.98046875
spectrum,3363,2241696960,512,1,8,36,50bbfac7,28.02887566096615,0,119,34.529296875
spectrum,3364,2242338240,512,1,8,37,3e92776e,28.03620015294291,0,122,34.40234375
spectrum,3365,2242977440,512,1,8,37,325e2abe,28.043984010932036,0,120,34.60546875
spectrum,3366,2243696720,512,1,8,37,ad2a5da4,28.053180748946033,0,119,34.197265625
spectrum,3367,2244337440,512,1,8,36,110e022b,28.06106956594158,0,120,34.34375
spectrum,3368,2244977440,512,1,8,37,a0bf20aa,28.069167237961665,0,119,33.765625
spectrum,3369,2245697280,512,1,8,37,d1443651,28.07828191993758,0,119,34.23828125
spectrum,3370,2246337840,512,1,8,61,af10e1f5,28.086206253967248,0,114,31.2890625
spectrum,3371,2246979040,512,1,8,39,7cd19254,28.094147420022637,0,129,30.73828125
spectrum,3372,2247697280,512,1,8,62,a5c306d5,28.10316299495753,0,110,32.552734375
spectrum,3373,2248337840,512,1,8,36,ee60428b,28.111062121926807,0,118,32.955078125
spectrum,3374,2248977760,512,1,8,37,07e8bc2d,28.119198816944845,0,121,34.1796875
spectrum,3375,2249696960,512,1,8,37,87b0da69,28.128120264038444,0,120,35.63671875
spectrum,3376,2250339040,512,1,8,37,5817996e,28.136113849002868,0,122,34.41796875
spectrum,3377,2250977520,512,1,8,38,61d7b46b,28.144179009948857,0,119,36.166015625
spectrum,3378,2251696720,512,1,8,38,f1270566,28.153060090960935,0,119,35.31640625
spectrum,3379,2252337440,512,1,8,37,2817e52e,28.161227924982086,0,116,33.427734375
spectrum,3380,2252977440,512,1,8,63,775ad5aa,28.16913521697279,0,117,31.787109375
spectrum,3381,2253696720,512,1,8,60,d881fec5,28.178209031932056,0,101,30.98828125
spectrum,3382,2254337440,512,1,8,61,b614fd30,28.18621916801203,0,112,31.40625
spectrum,3383,2254979120,512,1,8,36,d46f4af0,28.19422162999399,0,122,33.19140625
spectrum,3384,2255696960,512,1,8,62,f5a30dd7,28.203114242991433,0,118,32.2265625
spectrum,3385,2256337440,512,1,8,36,53597e2f,28.211244376027025,0,123,33.091796875
spectrum,3386,2256979280,512,1,8,37,7c0ae80c,28.219232219969854,0,120,33.712890625
spectrum,3387,2257696960,512,1,8,61,007f2f28,28.228168023983017,0,115,31.98046875
spectrum,3388,2258337760,512,1,8,58,13af2ce9,28.236174763995223,0,90,28.76171875
spectrum,3389,2258978560,512,1,8,37,fda986e3,28.2441535909893,0,119,34.240234375
spectrum,3390,2259617280,512,1,8,37,4b00c64a,28.252159580006264,0,121,34.69140625
spectrum,3391,2260257840,512,1,8,36,9938512f,28.263401970034465,0,118,33.09765625
spectrum,3392,2260897760,512,1,8,36,16fde996,28.269948813016526,0,114,32.671875
spectrum,3393,2261616960,512,1,8,60,e73e4dac,28.277161984005943,0,94,31.328125
spectrum,3394,2262257520,512,1,8,37,8dca4a2f,28.284938419004902,0,125,34.421875
spectrum,3395,2262897440,512,1,8,60,f83bfa82,28.293139285990037,0,100,30.6953125
spectrum,3396,2263617280,512,1,8,37,319173dd,28.302205206011422,0,127,30.77734375
spectrum,3397,2264258160,512,1,8,60,a72be475,28.310248594963923,0,110,31.59765625
spectrum,3398,2264897440,512,1,8,36,efa31d0f,28.318192917038687,0,122,35.333984375
spectrum,3399,2265616720,512,1,8,64,f690ddad,28.327192912925966,0,149,47.306640625
spectrum,3400,2266257520,512,1,8,33,b0037ec0,28.335214150021784,0,124,30.662109375
spectrum,3401,2266898560,512,1,8,36,e6d39d0c,28.3431631809799,0,119,34.6484375
spectrum,3402,2267616720,512,1,8,35,37b76fe7,28.352176941931248,0,141,40.830078125
spectrum,3403,2268257440,512,1,8,35,97d10357,28.360211163992062,0,121,33.94921875
spectrum,3404,2268899280,512,1,8,36,4b45af01,28.368131952011026,0,121,35.310546875
spectrum,3405,2269616960,512,1,8,35,aff15385,28.37697137403302,0,137,33.337890625
spectrum,3406,2270257760,512,1,8,35,50872afb,28.385194272035733,0,118,33.89453125
spectrum,3407,2270897760,512,1,8,59,0f34c5fc,28.392982969991863,0,107,29.064453125
spectrum,3408,2271616960,512,1,8,36,5088b43f,28.40214509202633,0,121,35.306640625
spectrum,3409,2272260640,512,1,8,61,d65d1f36,28.410081289010122,0,110,31.193359375
spectrum,3410,2272897440,512,1,8,35,057078fe,28.41823371395003,0,119,33.705078125
spectrum,3411,2273616720,512,1,8,64,58bd73cf,28.427200397010893,0,146,27.294921875
spectrum,3412,2274259680,512,1,8,36,18efa82b,28.435183933004737,0,120,34.71875
spectrum,3413,2274899120,512,1,8,36,87173012,28.443233222933486,0,122,35.82421875
spectrum,3414,2275616720,512,1,8,36,65e36bc6,28.45232678495813,0,141,44.43359375
spectrum,3415,2276257520,512,1,8,36,151e99ac,28.461389209027402,0,118,35.146484375
spectrum,3416,2276897440,512,1,8,36,d7a2cb7b,28.4691198769724,0,123,34.283203125
spectrum,3417,2277616720,512,1,8,35,8bc36d1b,28.479737316956744,0,144,34.0078125
spectrum,3418,2278257440,512,1,8,36,329aef23,28.484966030926444,0,121,34.783203125
spectrum,3419,2278897440,512,1,8,36,8043f70d,28.49319629301317,0,122,34.55859375
spectrum,3420,2279617920,512,1,8,35,d7943550,28.50300043693278,0,125,28.697265625
spectrum,3421,2280259200,512,1,8,36,0eb86744,28.5101742639672,0,118,33.609375
spectrum,3422,2280897840,512,1,8,42,59f1db76,28.517945709987544,0,113,30.701171875
spectrum,3423,2281616960,512,1,8,36,2321f637,28.527170729939826,0,151,35.1796875
spectrum,3424,2282257760,512,1,8,35,607c5f71,28.535150539013557,0,137,37.251953125
spectrum,3425,2282899040,512,1,8,36,9a561cd6,28.543189028976485,0,117,34.224609375
spectrum,3426,2283616720,512,1,8,36,f36a0e30,28.55262049997691,0,150,42.666015625
spectrum,3427,2284257520,512,1,8,36,aa713654,28.559934061020613,0,123,34.57421875
spectrum,3428,2284897440,512,1,8,37,322b5389,28.568162658950314,0,122,36.1171875
spectrum,3429,2285616720,512,1,8,37,a242b0ae,28.577173314988613,0,122,37.087890625
spectrum,3430,2286257440,512,1,8,36,877ea23d,28.585167421028018,0,116,33.603515625
spectrum,3431,2286897440,512,1,8,36,465b1663,28.593203707016073,0,117,32.619140625
spectrum,3432,2287616720,512,1,8,36,1b1e6591,28.60221617599018,0,150,42.974609375
spectrum,3433,2288258560,512,1,8,37,9832893d,28.610218547983095,0,121,35.455078125
spectrum,3434,2288897520,512,1,8,58,a72cc447,28.618183088023216,0,98,28.240234375
spectrum,3435,2289616720,512,1,8,60,4198b27c,28.627153577981517,0,148,39.0546875
spectrum,3436,2290259360,512,1,8,35,75fe29b5,28.635870949947275,0,121,32.65234375
spectrum,3437,2290897840,512,1,8,35,7567eaaa,28.643206803011708,0,118,33.76953125
spectrum,3438,2291616960,512,1,8,60,25c2d711,28.652195947943255,0,106,30.9921875
spectrum,3439,2292257440,512,1,8,60,505ebc29,28.659996027010493,0,100,31.98828125
spectrum,3440,2292900560,512,1,8,61,fde0abef,28.668176164967008,0,114,30.767578125
spectrum,3441,2293616720,512,1,8,61,cc9d64ad,28.677161772968248,0,150,40.14453125
spectrum,3442,2294257440,512,1,8,60,4247715e,28.68495681299828,0,106,29.875
spectrum,3443,2294897440,512,1,8,39,662b1aca,28.693188828998245,0,122,36.72265625
spectrum,3444,2295616720,512,1,8,34,d9728124,28.703040121938102,0,155,76.025390625
spectrum,3445,2296259760,512,1,8,34,29a7e4f1,28.71016730100382,0,121,29.37890625
spectrum,3446,2296899360,512,1,8,60,4c7fe803,28.718108998029493,0,100,29.658203125
spectrum,3447,2297616720,512,1,8,38,16d482bf,28.727214523009025,0,121,38.5390625
spectrum,3448,2298257440,512,1,8,38,28ef4d04,28.734959117951803,0,120,36.228515625
spectrum,3449,2298899360,512,1,8,71,0f004a23,28.743363318033516,0,130,42.0390625
spectrum,3450,2299616960,512,1,8,68,eaef15d3,28.753715306986123,0,131,36.486328125
spectrum,3451,2300257520,512,1,8,38,eedc8fd4,28.761197707033716,0,121,37.658203125
spectrum,3452,2300897440,512,1,8,61,5c035f86,28.76824222994037,0,111,30.439453125
spectrum,3453,2301616960,512,1,8,59,e47ef1da,28.777140071964823,0,93,29.13671875
spectrum,3454,2302257440,512,1,8,60,c31706e2,28.785192387993447,0,107,29.8203125
spectrum,3455,2302897440,512,1,8,59,3fbd2237,28.793181475019082,0,94,29.212890625
spectrum,3456,2303616720,512,1,8,34,74678fad,28.802244719932787,0,146,22.90234375
spectrum,3457,2304259360,512,1,8,62,8079a06d,28.810192849021405,0,116,32.59375
spectrum,3458,2304897840,512,1,8,61,770162e1,28.818226038943976,0,114,31.130859375
spectrum,3459,2305616960,512,1,8,60,888f797e,28.8271367859561,0,148,39.568359375
spectrum,3460,2306257760,512,1,8,59,7c0f723f,28.83520510199014,0,104,29.181640625
spectrum,3461,2306899040,512,1,8,62,9e1cd734,28.843968912027776,0,119,32.423828125
spectrum,3462,2307617280,512,1,8,60,9228c06b,28.852184406016022,0,105,29.66015625
spectrum,3463,2308257840,512,1,8,60,1adc4b91,28.860587283968925,0,103,31.1015625
spectrum,3464,2308897760,512,1,8,61,07a7b09f,28.86820570100099,0,114,29.8203125
spectrum,3465,2309616960,512,1,8,39,11907f29,28.877466868958436,0,123,37.1796875
spectrum,3466,2310257760,512,1,8,37,642170f7,28.88524543796666,0,124,37.572265625
spectrum,3467,2310897760,512,1,8,62,1398d68e,28.89312319504097,0,114,31.474609375
spectrum,3468,2311616960,512,1,8,34,45c5e724,28.90226195298601,6,156,77.576171875
spectrum,3469,2312257840,512,1,8,60,5b28baf9,28.910269193002023,0,100,30.86328125
spectrum,3470,2312902960,512,1,8,33,3fdb4d91,28.918174972990528,0,125,31.576171875
spectrum,3471,2313617280,512,1,8,36,2a2103d8,28.927178254001774,0,119,34.369140625
spectrum,3472,2314259360,512,1,8,59,a7aae2cf,28.935156501014717,0,99,29.794921875
spectrum,3473,2314899120,512,1,8,59,ec80ac74,28.94321796402801,0,94,29.828125
spectrum,3474,2315617280,512,1,8,60,26cb727a,28.95222273794934,0,91,29.6328125
spectrum,3475,2316257840,512,1,8,63,890bdb2c,28.96029251802247,0,116,31.9765625
spectrum,3476,2316897760,512,1,8,60,aed30b73,28.968222241965123,0,100,28.5390625
spectrum,3477,2317616960,512,1,8,61,39739aa3,28.977581004961394,0,147,42.125
spectrum,3478,2318257840,512,1,8,59,6b63d46d,28.985198891023174,0,92,28.935546875
spectrum,3479,2318897760,512,1,8,60,0e4258a6,28.993001664988697,0,98,30.876953125
spectrum,3480,2319616960,512,1,8,34,ec4bb8e7,29.002148599014618,12,148,70.23828125
spectrum,3481,2320257840,512,1,8,59,c850a24b,29.010215171030723,0,90,29.740234375
spectrum,3482,2320899040,512,1,8,60,498e9798,29.01823897403665,0,99,29.435546875
spectrum,3483,2321616720,512,1,8,59,00b66039,29.027425791951828,0,145,37.75
spectrum,3484,2322258640,512,1,8,60,f7c24399,29.035204440937378,0,101,29.720703125
spectrum,3485,2322900320,512,1,8,57,86668170,29.04320464900229,0,115,32.0078125
spectrum,3486,2323616960,512,1,8,30,f04c1cde,29.05262535903603,0,142,38.376953125
spectrum,3487,2324258560,512,1,8,60,93215b45,29.06023476901464,0,97,30.287109375
spectrum,3488,2324897440,512,1,8,60,9b62371a,29.06819290702697,0,88,28.71484375
spectrum,3489,2325616720,512,1,8,60,8d8a5e1c,29.0787477879785,0,145,41.109375
spectrum,3490,2326257520,512,1,8,61,90294e71,29.08533573895693,0,110,31.58203125
spectrum,3491,2326897440,512,1,8,59,d6ee7ade,29.09356883703731,0,97,30.0234375
spectrum,3492,2327616720,512,1,8,35,8a4058e9,29.10224458994344,0,148,21.15234375
spectrum,3493,2328257440,512,1,8,59,5e588086,29.110609024995938,0,104,30.9921875
spectrum,3494,2328899680,512,1,8,62,3d01b552,29.118742223945446,0,115,31.537109375
spectrum,3495,2329616960,512,1,8,61,1fd4d015,29.127212077961303,0,145,43.302734375
spectrum,3496,2330257840,512,1,8,61,9ba3b9e3,29.135497955954634,0,110,31.15234375
spectrum,3497,2330897760,512,1,8,60,c8d75ed7,29.143226068932563,0,99,29.841796875
spectrum,3498,2331616960,512,1,8,36,9defbfe0,29.152182421996258,0,138,18.005859375
spectrum,3499,2332259360,512,1,8,61,3517e963,29.160214961040765,0,112,31.349609375
spectrum,3500,2332897840,512,1,8,61,268e536b,29.167998029035516,0,110,31.349609375
spectrum,3501,2333616960,512,1,8,59,52fe5d31,29.177228849963285,0,143,39.8671875
spectrum,3502,2334257840,512,1,8,59,dc1536b1,29.185220160987228,0,86,27.994140625
spectrum,3503,2334897760,512,1,8,60,5d7609de,29.193571200943552,0,90,30.875
spectrum,3504,2335616960,512,1,8,34,b285526b,29.202199744991958,0,145,20.626953125
spectrum,3505,2336257760,512,1,8,61,2a1581a2,29.21028355101589,0,111,32.27734375
spectrum,3506,2336897760,512,1,8,34,9d3bb46b,29.2186448299326,0,124,33.73828125
spectrum,3507,2337617280,512,1,8,62,7723cf9b,29.227171942940913,0,111,31.939453125
spectrum,3508,2338257440,512,1,8,58,30be336d,29.235312134958804,0,90,28.9296875
spectrum,3509,2338897440,512,1,8,62,59abb15b,29.24323200096842,0,110,32.234375
spectrum,3510,2339617280,512,1,8,36,2986b481,29.252231876016594,0,119,30.689453125
spectrum,3511,2340259040,512,1,8,64,57fc1676,29.26024535903707,0,108,33.958984375
spectrum,3512,2340897520,512,1,8,60,e977259c,29.268258210038766,0,91,29.365234375
spectrum,3513,2341616720,512,1,8,61,225e263f,29.277265039039776,0,145,41.447265625
spectrum,3514,2342257520,512,1,8,60,e799973b,29.28538032399956,0,90,30.841796875
spectrum,3515,2342897440,512,1,8,62,2b060385,29.293426707969047,0,114,32.44921875
spectrum,3516,2343616720,512,1,8,64,073d0bf0,29.3022247729823,0,153,64.099609375
spectrum,3517,2344257520,512,1,8,60,756dc9e6,29.310910615022294,0,97,30.423828125
spectrum,3518,2344897440,512,1,8,63,7e2493d0,29.31824712897651,0,116,31.96875
spectrum,3519,2345617280,512,1,8,31,a9ffa34f,29.32799486699514,0,122,29.341796875
spectrum,3520,2346259440,512,1,8,60,f2bff848,29.335164485964924,0,91,30.048828125
spectrum,3521,2346897840,512,1,8,37,110991d6,29.34322388493456,0,121,35.103515625
spectrum,3522,2347536960,512,1,8,60,a1a60114,29.351229863939807,0,88,30.404296875
spectrum,3523,2348177520,512,1,8,61,302fd670,29.359215202974156,0,101,31.7890625
spectrum,3524,2348818560,512,1,8,59,62acb8d1,29.367147743003443,0,84,30.064453125
spectrum,3525,2349536720,512,1,8,60,83b24fc0,29.376266993931495,0,97,30.578125
spectrum,3526,2350177440,512,1,8,62,e3288543,29.384264105930924,0,101,31.9375
spectrum,3527,2350817440,512,1,8,34,4360008a,29.392208236968145,0,146,18.84375
spectrum,3528,2351536720,512,1,8,60,e4b5a6a9,29.401214565034024,0,89,29.869140625
spectrum,3529,2352177440,512,1,8,62,edc3a9dc,29.409230793011375,0,106,32.068359375
spectrum,3530,2352817440,512,1,8,59,54a2b450,29.41960341995582,0,142,40.46875
spectrum,3531,2353537280,512,1,8,59,712d68db,29.426892354968004,0,92,28.4296875
spectrum,3532,2354181280,512,1,8,58,44cc36bf,29.434189965948462,0,86,28.27734375
spectrum,3533,2354817760,512,1,8,34,5efc2375,29.442243824945763,14,157,78.765625
spectrum,3534,2355536960,512,1,8,32,80f416f1,29.451838733977638,0,119,31.044921875
spectrum,3535,2356178800,512,1,8,63,051d8a88,29.45920907193795,0,112,32.984375
spectrum,3536,2356819360,512,1,8,62,bbf8547a,29.467269193031825,0,107,32.986328125
spectrum,3537,2357536960,512,1,8,59,0a64d71f,29.476218182011507,0,87,30.64453125
spectrum,3538,2358177760,512,1,8,60,31d14f2f,29.484267581952736,0,90,29.890625
spectrum,3539,2358817760,512,1,8,34,9998a516,29.49225905293133,0,146,52.4921875
spectrum,3540,2359536960,512,1,8,62,a8acb291,29.501216648961417,0,107,31.986328125
spectrum,3541,2360177760,512,1,8,64,d641d3c9,29.50919528596569,0,115,33.431640625
spectrum,3542,2360817760,512,1,8,60,e66c78d4,29.517295091995038,0,145,40.673828125
spectrum,3543,2361536960,512,1,8,32,51dc7755,29.526377642992884,0,125,29.96484375
spectrum,3544,2362179280,512,1,8,61,9819bb5e,29.53423406893853,0,104,30.46484375
spectrum,3545,2362817840,512,1,8,34,eeb5dcb2,29.542247370933183,0,146,18.779296875
spectrum,3546,2363536960,512,1,8,60,b1ed0366,29.551198674947955,0,90,30.296875
spectrum,3547,2364179040,512,1,8,60,d3a215a8,29.559229620965198,0,97,30.8828125
spectrum,3548,2364819440,512,1,8,59,c8d63f2d,29.567186516942456,0,85,29.326171875
spectrum,3549,2365536960,512,1,8,60,2e4ad76e,29.57624389999546,0,90,29.974609375
spectrum,3550,2366177760,512,1,8,62,df2bb195,29.584205996012315,0,106,32.330078125
spectrum,3551,2366817760,512,1,8,34,6e11654d,29.592193129006773,0,146,18.150390625
spectrum,3552,2367536960,512,1,8,60,1cbc4678,29.601261975010857,0,97,30.2890625
spectrum,3553,2368177760,512,1,8,62,7f4ae6a3,29.609217528020963,0,108,32.48046875
spectrum,3554,2368817760,512,1,8,62,bbd7633e,29.61720916896593,0,147,45.681640625
spectrum,3555,2369536960,512,1,8,33,cd89d048,29.626170482020825,0,127,28.33984375
spectrum,3556,2370178480,512,1,8,60,45319538,29.634198331972584,0,94,29.94140625
spectrum,3557,2370817520,512,1,8,34,29d104d7,29.642154556000605,0,157,79.951171875
spectrum,3558,2371536720,512,1,8,39,08f381b5,29.651269578957,0,124,38.697265625
spectrum,3559,2372179360,512,1,8,59,2bc7bd83,29.659173946012743,0,89,29.833984375
spectrum,3560,2372817840,512,1,8,31,de1b82bb,29.667309227981605,0,118,36.50390625
spectrum,3561,2373536960,512,1,8,60,a1499bd0,29.676185559947044,0,91,30.193359375
spectrum,3562,2374177440,512,1,8,62,76d7aa2e,29.68401804100722,0,126,37.8125
spectrum,3563,2374820960,512,1,8,68,9cbd4808,29.692161799990572,0,139,52.650390625
spectrum,3564,2375536720,512,1,8,64,6e8cd0e4,29.70119207294192,0,119,34.794921875
spectrum,3565,2376177440,512,1,8,59,3cb8a750,29.70920041599311,0,90,29.6796875
spectrum,3566,2376817440,512,1,8,62,81cce8e5,29.717202467028983,0,147,42.060546875
spectrum,3567,2377536720,512,1,8,62,ed5d6e04,29.726208433974534,0,104,31.369140625
spectrum,3568,2378179600,512,1,8,35,495f149e,29.734178254031576,0,122,30.794921875
spectrum,3569,2378819120,512,1,8,60,be965642,29.742173171951436,0,94,30.603515625
spectrum,3570,2379536720,512,1,8,63,fbc60a54,29.75121279200539,0,99,33.294921875
spectrum,3571,2380177440,512,1,8,32,cf679e97,29.759191157994792,0,124,30.626953125
spectrum,3572,2380818480,512,1,8,60,6b5e3204,29.767454974004067,0,91,30.681640625
spectrum,3573,2381536960,512,1,8,59,fdfb696e,29.776150414021686,0,88,30.232421875
spectrum,3574,2382177520,512,1,8,60,531da4ab,29.784210104029626,0,91,30.3515625
spectrum,3575,2382817440,512,1,8,34,21afd435,29.792177208932117,0,148,61.869140625
spectrum,3576,2383537280,512,1,8,60,8f0ab6bf,29.8012123509543,0,94,31.2734375
spectrum,3577,2384177840,512,1,8,62,28234035,29.809202500036918,0,111,32.623046875
spectrum,3578,2384817760,512,1,8,60,b5ed128e,29.81718271994032,0,144,42.025390625
spectrum,3579,2385536960,512,1,8,61,c6dd52c6,29.826204876997508,0,100,31.744140625
spectrum,3580,2386179280,512,1,8,61,73daa278,29.834193923976272,0,101,30.353515625
spectrum,3581,2386817520,512,1,8,36,5b50767d,29.84225703997072,0,147,21.236328125
spectrum,3582,2387536720,512,1,8,60,90199fa1,29.85124355100561,0,93,31.115234375
spectrum,3583,2388177440,512,1,8,60,33b7bc6a,29.85926911595743,0,92,29.4765625
spectrum,3584,2388819280,512,1,8,61,81d4a013,29.86718205898069,0,101,31.138671875
spectrum,3585,2389536960,512,1,8,60,e17047e3,29.876175813027658,0,93,30.837890625
spectrum,3586,2390177520,512,1,8,59,1b10e939,29.88424753502477,0,90,29.9921875
spectrum,3587,2390817440,512,1,8,34,669aabee,29.892174695036374,18,163,80.05859375
spectrum,3588,2391536720,512,1,8,60,f9616cb6,29.90122572693508,0,89,31.09375
spectrum,3589,2392177440,512,1,8,72,1675ee66,29.90914917003829,0,130,42.66015625
spectrum,3590,2392817440,512,1,8,60,cdc8ae1a,29.91716266295407,0,146,40.623046875
spectrum,3591,2393536720,512,1,8,60,fc70a977,29.92625927098561,0,92,30.697265625
spectrum,3592,2394178480,512,1,8,61,ce0b4a09,29.93425104196649,0,97,30.021484375
spectrum,3593,2394821680,512,1,8,59,6e93b0eb,29.942218597978354,0,92,29.431640625
spectrum,3594,2395536720,512,1,8,60,6ecd84b1,29.95123279094696,0,87,29.3046875
spectrum,3595,2396179600,512,1,8,63,1f6da109,29.95923666493036,0,108,31.251953125
spectrum,3596,2396819120,512,1,8,62,e34f2c48,29.96726970502641,0,108,30.873046875
spectrum,3597,2397537280,512,1,8,61,f16d4f81,29.976237959926948,0,99,30.876953125
spectrum,3598,2398177840,512,1,8,61,7ecd684a,29.984280226984993,0,95,31.19921875
spectrum,3599,2398817760,512,1,8,64,eb9c8047,29.992301995982416,6,155,72.0078125
spectrum,3600,2399536960,512,1,8,60,15117d1a,30.001163881039247,0,91,31.20703125
spectrum,3601,2400180320,512,1,8,60,24df0652,30.0092623840319,0,93,30.64453125
spectrum,3602,2400817840,512,1,8,60,dbd116f8,30.017199693014845,0,144,39.94921875
spectrum,3603,2401537920,512,1,8,57,ca5a1faf,30.026225336943753,0,89,28.259765625
spectrum,3604,2402178400,512,1,8,60,2c4c4aad,30.03424189495854,0,93,29.51171875
spectrum,3605,2402819040,512,1,8,36,813ec614,30.042164796963334,0,120,32.041015625
spectrum,3606,2403536720,512,1,8,60,5c6968ab,30.05138174199965,0,94,30.998046875
spectrum,3607,2404177440,512,1,8,61,fd182710,30.0592719319975,0,108,30.578125
spectrum,3608,2404820240,512,1,8,61,1e45b4c0,30.067188631976023,0,99,30.908203125
spectrum,3609,2405536960,512,1,8,59,da6d65ed,30.07738515699748,24,131,87.068359375
spectrum,3610,2406178720,512,1,8,60,7d3f2fbc,30.084190118010156,0,93,30.599609375
spectrum,3611,2406817520,512,1,8,34,78d5c83d,30.092182109947316,0,146,55.794921875
spectrum,3612,2407536720,512,1,8,60,cc6ac940,30.10126876900904,0,90,29.587890625
spectrum,3613,2408177440,512,1,8,60,810adb42,30.109357784036547,0,90,30.0859375
spectrum,3614,2408817440,512,1,8,60,3e95bad0,30.117202598950826,0,146,41.0625
spectrum,3615,2409536720,512,1,8,60,14406557,30.126497230958194,0,92,30.439453125
spectrum,3616,2410177440,512,1,8,63,824d63f0,30.134288494009525,0,106,32.462890625
spectrum,3617,2410819680,512,1,8,35,a9440a37,30.143151851021685,0,122,30.81640625
spectrum,3618,2411536960,512,1,8,63,62280ef4,30.15131075901445,0,101,33.7578125
spectrum,3619,2412177520,512,1,8,61,9427b068,30.15923330897931,0,100,30.703125
spectrum,3620,2412817440,512,1,8,60,3b9e968a,30.167239528964274,0,147,38.94140625
spectrum,3621,2413536960,512,1,8,59,75ec71fa,30.176194077939726,0,94,29.982421875
spectrum,3622,2414179360,512,1,8,61,ef2ff4c2,30.184304454014637,0,99,30.37890625
spectrum,3623,2414821680,512,1,8,60,07e85ef4,30.192157302983105,0,93,30.244140625
spectrum,3624,2415536720,512,1,8,59,e3376084,30.201375460950658,0,92,29.6171875
spectrum,3625,2416179680,512,1,8,60,bda46abe,30.20920372393448,0,92,31.3046875
spectrum,3626,2416817840,512,1,8,61,ab63fb2f,30.217234759940766,0,147,41.392578125
spectrum,3627,2417536960,512,1,8,60,46f0365b,30.226188438013196,0,90,30.591796875
spectrum,3628,2418177760,512,1,8,37,bc533c7f,30.23421270097606,0,121,34.650390625
spectrum,3629,2418817760,512,1,8,34,1fc56457,30.242203369969502,0,147,41.166015625
spectrum,3630,2419536960,512,1,8,60,e965cbc9,30.25121127103921,0,93,32.642578125
spectrum,3631,2420177520,512,1,8,61,90a06aa9,30.25920888397377,0,94,30.484375
spectrum,3632,2420817440,512,1,8,62,db8253eb,30.267200876027346,0,149,43.560546875
spectrum,3633,2421537280,512,1,8,61,6fac2596,30.276084051001817,0,99,31.84375
spectrum,3634,2422179120,512,1,8,60,08334b66,30.284169520018622,0,93,30.056640625
spectrum,3635,2422817520,512,1,8,36,064d1c9f,30.29221936094109,0,143,21.705078125
spectrum,3636,2423536720,512,1,8,60,50d59c84,30.30126317893155,0,97,31.22265625
spectrum,3637,2424177440,512,1,8,62,eb2e3b82,30.309225845965557,0,106,31.833984375
spectrum,3638,2424817440,512,1,8,61,970b8075,30.317103622015566,0,148,42.87890625
spectrum,3639,2425536720,512,1,8,62,07b5a39e,30.326570188975893,0,99,31.89453125
spectrum,3640,2426177440,512,1,8,60,36b566df,30.334790952969342,0,91,29.904296875
spectrum,3641,2426817440,512,1,8,64,95798a96,30.342216967022978,0,150,38.640625
spectrum,3642,2427536960,512,1,8,60,51278384,30.35405591293238,0,92,30.869140625
spectrum,3643,2428178160,512,1,8,62,e2dc7843,30.359200358041562,0,103,32.65625
spectrum,3644,2428817440,512,1,8,61,21006df6,30.367477177991532,0,148,42.298828125
spectrum,3645,2429537280,512,1,8,60,93d5e5ce,30.3766061370261,0,93,30.884765625
spectrum,3646,2430193520,512,1,8,60,0f83eda3,30.3842715829378,0,91,31.13671875
spectrum,3647,2430817600,512,1,8,36,b5deb922,30.39226652996149,0,147,23.650390625
spectrum,3648,2431536720,512,1,8,60,61f3f7df,30.401194880949333,0,95,29.96875
spectrum,3649,2432177440,512,1,8,63,9438b447,30.409217200009152,0,109,33.634765625
spectrum,3650,2432817440,512,1,8,59,bc370b66,30.417152173933573,0,143,47.18359375
spectrum,3651,2433536720,512,1,8,60,2e162bee,30.426188929006457,0,92,30.2890625
spectrum,3652,2434177440,512,1,8,62,c03c8903,30.434234553016722,0,102,31.80859375
spectrum,3653,2434817440,512,1,8,34,03528f15,30.44224648294039,20,156,77.24609375
spectrum,3654,2435537280,512,1,8,62,79b982f3,30.451224135933444,0,109,33.435546875
spectrum,3655,2436177840,512,1,8,60,1866f63e,30.46022222796455,0,96,29.76953125
spectrum,3656,2436817760,512,1,8,62,1ca0f5ed,30.46738511393778,0,149,44.595703125
spectrum,3657,2437536960,512,1,8,33,8bf33832,30.47630419698544,0,123,31.642578125
spectrum,3658,2438178800,512,1,8,59,c9dcd373,30.484246104955673,0,96,28.775390625
spectrum,3659,2438818560,512,1,8,34,516cf60d,30.492245411034673,18,155,73.04296875
spectrum,3660,2439536720,512,1,8,60,17f7aca1,30.50121895596385,0,96,30.095703125
spectrum,3661,2440177440,512,1,8,60,e223c77f,30.509226236958057,0,91,30.36328125
spectrum,3662,2440817440,512,1,8,61,ed8ab6b6,30.517248205957003,0,147,40.3671875
spectrum,3663,2441536720,512,1,8,61,e51e7ec3,30.526810813928023,0,101,29.998046875
spectrum,3664,2442177440,512,1,8,60,68e8c4e8,30.534281190950423,0,97,29.56640625
spectrum,3665,2442817440,512,1,8,34,f6885252,30.542716089985333,26,156,77.85546875
spectrum,3666,2443537600,512,1,8,34,1c69abd1,30.55143790994771,0,127,30.37109375
spectrum,3667,2444178640,512,1,8,61,9f4a5640,30.560116708977148,0,103,31.30078125
spectrum,3668,2444817520,512,1,8,61,0e756c15,30.567155260941945,0,147,39.68359375
spectrum,3669,2445536720,512,1,8,72,6e116d89,30.576224546995945,0,122,40.427734375
spectrum,3670,2446179360,512,1,8,61,217fd4c8,30.58426662394777,0,92,30.23046875
spectrum,3671,2446819120,512,1,8,60,b55f9eb1,30.592250079964288,0,118,41.09375
spectrum,3672,2447536720,512,1,8,57,0ae2d097,30.601231000036933,0,94,26.794921875
spectrum,3673,2448177440,512,1,8,72,42bf46d0,30.60923479392659,0,126,41.7265625
spectrum,3674,2448817440,512,1,8,63,31963d3f,30.61720682797022,0,151,42.59375
spectrum,3675,2449536720,512,1,8,60,6fb098df,30.62622732296586,0,104,28.986328125
spectrum,3676,2450177440,512,1,8,62,3b67d79e,30.63428274495527,0,98,31.4453125
spectrum,3677,2450817440,512,1,8,34,f6630890,30.642221505986527,0,152,72.609375
spectrum,3678,2451536720,512,1,8,60,a78d3145,30.65125833102502,0,89,29.822265625
spectrum,3679,2452178480,512,1,8,60,2ccd7d43,30.65921602898743,0,91,31.0703125
spectrum,3680,2452817440,512,1,8,60,de71cdfd,30.66720507503487,0,144,39.009765625
spectrum,3681,2453536720,512,1,8,60,a9c0d3f9,30.676244184956886,0,92,30.1953125
spectrum,3682,2454179360,512,1,8,61,dee400f7,30.684223151998594,0,95,30.8515625
spectrum,3683,2454820080,512,1,8,60,0efd6dd7,30.692245220998302,0,97,29.236328125
spectrum,3684,2455536720,512,1,8,61,e16d02ca,30.70112054096535,0,91,29.529296875
spectrum,3685,2456180560,512,1,8,62,fc972cef,30.70905678800773,0,102,32.712890625
spectrum,3686,2456817440,512,1,8,60,d2348844,30.717247404973023,0,143,41.62109375
spectrum,3687,2457536720,512,1,8,58,54f0af36,30.726236070040613,0,93,28.390625
spectrum,3688,2458177440,512,1,8,60,d8b973e3,30.734288375941105,0,87,30.337890625
spectrum,3689,2458817440,512,1,8,36,86fae6d9,30.742297459975816,0,142,20.5078125
spectrum,3690,2459536720,512,1,8,60,ee173516,30.751217455021106,0,92,30.82421875
spectrum,3691,2460179680,512,1,8,34,18ff873f,30.759231318021193,0,126,29.875
spectrum,3692,2460818560,512,1,8,59,2779757e,30.76726274495013,0,143,37.23046875
spectrum,3693,2461536720,512,1,8,59,11f58270,30.7762227950152,0,93,29.546875
spectrum,3694,2462180000,512,1,8,59,58387551,30.7842465370195,0,90,29.458984375
spectrum,3695,2462817840,512,1,8,39,9f3d73ea,30.79302486393135,0,145,26.576171875
spectrum,3696,2463536960,512,1,8,60,c35708d0,30.801226672017947,0,94,30.546875
spectrum,3697,2464177440,512,1,8,38,c5108c29,30.809232129948214,0,124,36.421875
spectrum,3698,2464817440,512,1,8,61,ddd62055,30.81728032801766,0,149,41.978515625
spectrum,3699,2465536720,512,1,8,65,b9f467ba,30.82648370799143,0,110,33.56640625
spectrum,3700,2466177440,512,1,8,58,1770284c,30.834224625956267,0,88,28.57421875
spectrum,3701,2466817440,512,1,8,40,d144ab48,30.842338689020835,0,145,26.25
spectrum,3702,2467536720,512,1,8,58,3b90d06c,30.851220901939087,0,89,29.462890625
spectrum,3703,2468179360,512,1,8,61,dba4d495,30.859239864978008,0,95,31.306640625
spectrum,3704,2468817840,512,1,8,60,17527956,30.86721958394628,0,145,41.7734375
spectrum,3705,2469536960,512,1,8,60,98659061,30.87622597196605,0,89,30.169921875
spectrum,3706,2470177760,512,1,8,61,9fa70650,30.884269771981053,0,96,30.724609375
spectrum,3707,2470818800,512,1,8,39,b5d93257,30.89219189202413,0,147,32.220703125
spectrum,3708,2471537280,512,1,8,60,62b5f76d,30.901166409021243,0,95,30.7421875
spectrum,3709,2472177840,512,1,8,63,c236a117,30.909256487037055,0,105,31.875
spectrum,3710,2472817760,512,1,8,61,66bf2b1c,30.917242216994055,0,147,44.048828125
spectrum,3711,2473536960,512,1,8,61,c544b6de,30.926273180986755,0,102,30.716796875
spectrum,3712,2474177760,512,1,8,62,d7ade044,30.934256896958686,0,94,31.09765625
spectrum,3713,2474817760,512,1,8,36,165aa426,30.94225290697068,0,143,19.466796875
spectrum,3714,2475536960,512,1,8,58,bb1cb846,30.951128707965836,0,93,29.826171875
spectrum,3715,2476180880,512,1,8,72,eddca306,30.95939467800781,0,132,43.21484375
spectrum,3716,2476818960,512,1,8,60,ad7775a7,30.96717090299353,0,146,41.626953125
spectrum,3717,2477537920,512,1,8,58,7a81255a,30.976262470940128,0,101,29.412109375
spectrum,3718,2478178880,512,1,8,60,dcc13147,30.984259963966906,0,93,30.919921875
spectrum,3719,2478819360,512,1,8,36,8f320875,30.99225774698425,20,156,79.212890625
spectrum,3720,2479536960,512,1,8,60,4ea1c0de,31.001221293001436,0,93,30.515625
spectrum,3721,2480177520,512,1,8,60,47000f3d,31.009284590021707,0,94,29.904296875
spectrum,3722,2480817440,512,1,8,61,cadce3d8,31.01722115802113,0,149,43.193359375
spectrum,3723,2481536720,512,1,8,59,08e01832,31.026232925942168,0,92,29.193359375
spectrum,3724,2482177440,512,1,8,61,0d8878a2,31.03421603096649,0,97,31.931640625
spectrum,3725,2482818560,512,1,8,37,64eb3f40,31.042982004932128,0,148,44.89453125
spectrum,3726,2483536720,512,1,8,60,ed119ff4,31.051287828944623,0,92,30.416015625
spectrum,3727,2484177440,512,1,8,62,ce309c2a,31.05923061899375,0,98,32.353515625
spectrum,3728,2484818800,512,1,8,60,87502344,31.06730218103621,0,144,40.3828125
spectrum,3729,2485536720,512,1,8,59,2048542e,31.0763537340099,0,95,29.3671875
spectrum,3730,2486179360,512,1,8,60,a3ff4a73,31.084204058977775,0,88,29.955078125
spectrum,3731,2486819120,512,1,8,37,7dfd66ff,31.09226669394411,24,158,79.353515625
spectrum,3732,2487537920,512,1,8,60,1d70c5dd,31.10124809492845,0,93,30.630859375
spectrum,3733,2488178480,512,1,8,61,4b795dcc,31.109243873972446,0,98,32.47265625
spectrum,3734,2488817760,512,1,8,33,126649a2,31.117291191010736,0,144,17.59375
spectrum,3735,2489536960,512,1,8,60,04baa50d,31.12633725302294,0,93,30.892578125
spectrum,3736,2490177760,512,1,8,62,33f4c46b,31.13424434501212,0,109,32.47265625
spectrum,3737,2490817760,512,1,8,64,359c2d7b,31.142228652955964,0,149,25.927734375
spectrum,3738,2491536960,512,1,8,60,a400adaa,31.153542418032885,0,98,31.21875
spectrum,3739,2492177760,512,1,8,58,00630074,31.159234717022628,0,90,29.46875
spectrum,3740,2492819040,512,1,8,34,0fe1315d,31.16725719696842,0,148,29.119140625
spectrum,3741,2493537280,512,1,8,34,f8a6c040,31.17620661703404,0,125,29.6875
spectrum,3742,2494179040,512,1,8,58,313c7be7,31.184285953990184,0,94,28.337890625
spectrum,3743,2494817520,512,1,8,32,e1c50eb0,31.192410756950267,0,145,33.8046875
spectrum,3744,2495536960,512,1,8,60,e29c70da,31.201257542939857,0,95,30.3203125
spectrum,3745,2496181680,512,1,8,60,4d944092,31.20923189201858,0,90,30.71875
spectrum,3746,2496819760,512,1,8,33,2aa850bb,31.21721766202245,0,106,15.265625
spectrum,3747,2497536960,512,1,8,60,7c131191,31.226238006027415,0,91,31.546875
spectrum,3748,2498177760,512,1,8,71,d4816762,31.23426398297306,0,126,40.3046875
spectrum,3749,2498817760,512,1,8,64,dd0d4ac8,31.242221068940125,6,151,61.744140625
spectrum,3750,2499536960,512,1,8,60,ee4c2ce8,31.251254837960005,0,93,30.462890625
spectrum,3751,2500177760,512,1,8,60,f90973fa,31.261124606942758,0,93,30.873046875
spectrum,3752,2500820000,512,1,8,63,1a4a40c0,31.267288596951403,0,114,32.251953125
spectrum,3753,2501536720,512,1,8,60,992d5f93,31.276239639963023,0,93,30.8046875
spectrum,3754,2502177440,512,1,8,71,f57debce,31.286075773998164,0,129,41.451171875
spectrum,3755,2502817440,512,1,8,37,5a473f88,31.292238001013175,0,151,46.330078125
spectrum,3756,2503537920,512,1,8,37,64aba45c,31.30113918997813,0,121,37.587890625
spectrum,3757,2504178800,512,1,8,39,c976e06d,31.30921734496951,0,125,38.61328125
spectrum,3758,2504817520,512,1,8,39,e1726394,31.317221770994365,0,157,52.8203125
spectrum,3759,2505536720,512,1,8,34,a9a107e6,31.326262232963927,0,119,33.91796875
spectrum,3760,2506177440,512,1,8,37,39121442,31.334221423021518,0,120,36.50390625
spectrum,3761,2506817440,512,1,8,38,14456f1a,31.342204308020882,0,155,46.095703125
spectrum,3762,2507536720,512,1,8,60,63bf558d,31.351289263926446,0,94,30.0546875
spectrum,3763,2508177440,512,1,8,37,bce5cc17,31.359258273034357,0,119,34.61328125
spectrum,3764,2508817440,512,1,8,39,bc22f58d,31.367287765955552,0,156,56.369140625
spectrum,3765,2509536720,512,1,8,59,22ae3ea5,31.376279575983062,0,98,28.322265625
spectrum,3766,2510177440,512,1,8,33,05cf934d,31.38423184293788,0,122,34.548828125
spectrum,3767,2510817440,512,1,8,36,a176c1bf,31.392114068032242,0,152,49.82421875
spectrum,3768,2511536720,512,1,8,36,468977e8,31.401300915982574,0,117,36.3515625
spectrum,3769,2512177440,512,1,8,35,33d3ed27,31.411377775948495,0,120,35.3125
spectrum,3770,2512818560,512,1,8,36,2adf485d,31.417254643980414,0,146,38.193359375
spectrum,3771,2513536720,512,1,8,35,b2976f2c,31.42626609094441,0,119,34.841796875
spectrum,3772,2514177440,512,1,8,35,9761c4f0,31.434335889993235,0,121,35.083984375
spectrum,3773,2514817440,512,1,8,35,2d3d8975,31.44224523601588,0,148,41.740234375
spectrum,3774,2515536720,512,1,8,34,8535b222,31.45143899694085,0,117,32.931640625
spectrum,3775,2516177440,512,1,8,35,2fef54df,31.45906125102192,0,120,33.99609375
spectrum,3776,2516820560,512,1,8,34,208f98e6,31.46723645995371,14,158,79.001953125
spectrum,3777,2517537600,512,1,8,34,a1c7c301,31.476344489026815,0,122,34.939453125
spectrum,3778,2518177840,512,1,8,34,893dae52,31.484369253041223,0,117,32.720703125
spectrum,3779,2518817760,512,1,8,36,d429de87,31.492190983961336,0,150,45.01953125
spectrum,3780,2519537920,512,1,8,35,d41f2fed,31.501226266031154,0,118,34.14453125
spectrum,3781,2520178400,512,1,8,35,3b614b81,31.50940490094945,0,121,34.6171875
spectrum,3782,2520818240,512,1,8,36,9e7a57c4,31.517506169038825,0,148,37.212890625
spectrum,3783,2521536720,512,1,8,60,5382eb1a,31.52625527093187,0,96,30.904296875
spectrum,3784,2522177440,512,1,8,35,9e77d2d4,31.53422138397582,0,120,34.380859375
spectrum,3785,2522817440,512,1,8,35,f2c7feb4,31.542248321929947,0,147,42.83984375
spectrum,3786,2523536720,512,1,8,60,001e5e4e,31.551241945941,0,96,29.962890625
spectrum,3787,2524177440,512,1,8,34,08836a86,31.559239518945105,0,116,33.041015625
spectrum,3788,2524817440,512,1,8,36,6f2ed951,31.56727562402375,0,151,37.216796875
spectrum,3789,2525537280,512,1,8,35,ada27687,31.576251765014604,0,122,35.236328125
spectrum,3790,2526177840,512,1,8,61,e7049f12,31.584239588933997,0,105,32.287109375
spectrum,3791,2526817760,512,1,8,36,fa2e7db3,31.592256347998045,0,149,43.421875
spectrum,3792,2527536960,512,1,8,36,ed5fe49e,31.601273766020313,0,121,36.109375
spectrum,3793,2528177760,512,1,8,36,b018de41,31.60926372499671,0,118,35.630859375
spectrum,3794,2528819040,512,1,8,36,6bf6f5f0,31.617278410005383,0,152,37.419921875
spectrum,3795,2529536720,512,1,8,35,83986816,31.62621709902305,0,120,34.0234375
spectrum,3796,2530177440,512,1,8,36,6b097672,31.634283322026022,0,121,36.271484375
spectrum,3797,2530817440,512,1,8,35,3352708e,31.64225080795586,0,147,40.7578125
spectrum,3798,2531536720,512,1,8,59,83a7c79f,31.651257646037266,0,91,29.69140625
spectrum,3799,2532177440,512,1,8,36,0848039c,31.6592819589423,0,118,35.208984375
spectrum,3800,2532817440,512,1,8,36,9977a602,31.66724531701766,0,148,36.869140625
spectrum,3801,2533551840,512,1,8,38,f495486d,31.676293364027515,0,123,34.611328125
spectrum,3802,2534178880,512,1,8,35,bff759b9,31.68446329201106,0,129,29.650390625
spectrum,3803,2534818160,512,1,8,64,b0115731,31.69218065601308,0,150,59.576171875
spectrum,3804,2535536720,512,1,8,60,6f2f23ec,31.701228171004914,0,93,30.23828125
spectrum,3805,2536179360,512,1,8,35,3a50d468,31.70921108603943,0,118,33.416015625
spectrum,3806,2536822880,512,1,8,36,3d42481b,31.717220560996793,0,119,36.5546875
spectrum,3807,2537536720,512,1,8,36,c20ed0b9,31.726240664953366,0,120,35.18359375
spectrum,3808,2538177440,512,1,8,36,646b78b2,31.734345700009726,0,117,35.25390625
spectrum,3809,2538817440,512,1,8,36,a8a7f571,31.743174723000266,0,150,45.751953125
spectrum,3810,2539536720,512,1,8,36,cbe16c0e,31.751253789989278,0,124,35.494140625
spectrum,3811,2540177440,512,1,8,35,1872f0b3,31.759375666966662,0,118,34.8359375
spectrum,3812,2540817440,512,1,8,35,85640832,31.767848927993327,0,147,36.248046875
spectrum,3813,2541536720,512,1,8,36,4f900e3a,31.776255883974954,0,121,35.419921875
spectrum,3814,2542179120,512,1,8,35,933d6daa,31.7842243820196,0,125,35.1171875
spectrum,3815,2542817520,512,1,8,35,89e0f444,31.79206655093003,0,149,43.04296875
spectrum,3816,2543536720,512,1,8,35,41cd11a3,31.801277315011248,0,118,34.498046875
spectrum,3817,2544177440,512,1,8,35,e40ce139,31.80929357302375,0,119,34.19921875
spectrum,3818,2544817440,512,1,8,36,d487700f,31.817241971963085,0,146,35.935546875
spectrum,3819,2545536960,512,1,8,36,b5fe2252,31.826314816018566,0,122,36.443359375
spectrum,3820,2546177520,512,1,8,35,b0fbd111,31.83426066103857,0,119,33.36328125
spectrum,3821,2546817440,512,1,8,33,26dba760,31.842236762982793,0,157,76.68359375
spectrum,3822,2547536720,512,1,8,36,6bcd07db,31.851278758025728,0,120,36.841796875
spectrum,3823,2548177440,512,1,8,35,b122c0ec,31.859403530950658,0,120,33.8046875
spectrum,3824,2548817440,512,1,8,31,356c75d3,31.867235810961574,0,148,69.197265625
spectrum,3825,2549536720,512,1,8,36,6e724b53,31.87626268796157,0,122,35.65234375
spectrum,3826,2550179360,512,1,8,33,5357b8a4,31.884297561016865,0,125,30.48046875
spectrum,3827,2550819040,512,1,8,34,efa00ed8,31.89229449199047,0,147,59.060546875
spectrum,3828,2551536720,512,1,8,60,7af3369e,31.90129705297295,0,100,29.66796875
spectrum,3829,2552177440,512,1,8,60,0a94dbd3,31.909292191034183,0,103,29.806640625
spectrum,3830,2552819280,512,1,8,36,2b3497d0,31.91726490703877,0,150,36.9921875
spectrum,3831,2553536960,512,1,8,34,961c0cd3,31.92634128697682,0,117,32.966796875
spectrum,3832,2554177520,512,1,8,33,9b83b55d,31.93424506194424,0,117,33.599609375
spectrum,3833,2554817440,512,1,8,35,88a03035,31.942374793929048,0,149,43.5703125
spectrum,3834,2555536720,512,1,8,35,cc71d647,31.951259121997282,0,124,34.0390625
spectrum,3835,2556177440,512,1,8,39,392062d6,31.959246975951828,0,122,35.66796875
spectrum,3836,2556817440,512,1,8,35,a0ff5e97,31.96703069494106,0,149,35.51953125
spectrum,3837,2557536720,512,1,8,34,96e96a57,31.9762712350348,0,111,31.0703125
spectrum,3838,2558180560,512,1,8,35,2fcb1099,31.984308952931315,0,120,34.892578125
spectrum,3839,2558817840,512,1,8,37,ec3cab89,31.992045082035474,0,152,46.318359375
spectrum,3840,2559536960,512,1,8,34,9ab2b5ad,32.001253110938706,0,123,34.8671875
spectrum,3841,2560177760,512,1,8,36,1327779b,32.00924494303763,0,120,36.7734375
spectrum,3842,2560817760,512,1,8,36,e6a49b4e,32.01724105293397,0,149,38.35546875
spectrum,3843,2561536960,512,1,8,33,94fdb489,32.026239185011946,0,77,14.892578125
spectrum,3844,2562177440,512,1,8,34,6d8fdfd7,32.03429501794744,0,119,33.97265625
spectrum,3845,2562817440,512,1,8,36,673e5808,32.04227034794167,0,149,45.185546875
spectrum,3846,2563536720,512,1,8,59,edbdf10b,32.051242290996015,0,91,29.369140625
spectrum,3847,2564177440,512,1,8,34,57cd8993,32.0592547620181,0,116,34.509765625
spectrum,3848,2564817440,512,1,8,35,8847ce0a,32.067257263930514,0,148,35.2734375
spectrum,3849,2565536720,512,1,8,34,8c75224a,32.076231400016695,0,114,33.52734375
spectrum,3850,2566177440,512,1,8,59,78b68f36,32.08426320797298,0,105,28.814453125
spectrum,3851,2566818480,512,1,8,35,1925b35e,32.09218835399952,0,150,42.94921875
spectrum,3852,2567537280,512,1,8,34,8a26a231,32.101080304943025,0,119,34.677734375
spectrum,3853,2568177840,512,1,8,37,23131811,32.109306560014375,0,104,31.34375
spectrum,3854,2568817760,512,1,8,35,54384366,32.11735704296734,0,151,36.306640625
spectrum,3855,2569537280,512,1,8,35,933ef6ac,32.126308836974204,0,118,36.638671875
spectrum,3856,2570177840,512,1,8,35,c3775fda,32.13431459502317,0,121,35.720703125
spectrum,3857,2570817440,512,1,8,35,db26598f,32.14228492695838,0,149,45.220703125
spectrum,3858,2571536720,512,1,8,60,1264e9d9,32.1512878179783,0,105,30.447265625
spectrum,3859,2572177440,512,1,8,34,0dd5dc22,32.15929783403408,0,124,36.5078125
spectrum,3860,2572819360,512,1,8,34,8c9f163e,32.167304303031415,0,145,36.12109375
spectrum,3861,2573536960,512,1,8,60,4bea66d2,32.17634027695749,0,97,29.521484375
spectrum,3862,2574177760,512,1,8,62,317edf15,32.18428387795575,0,109,30.900390625
spectrum,3863,2574819040,512,1,8,35,38f53bc8,32.19227962696459,0,150,44.947265625
spectrum,3864,2575536720,512,1,8,60,cbbca8c5,32.201301694032736,0,107,30.12109375
spectrum,3865,2576177440,512,1,8,34,bb01e277,32.20926051400602,0,120,35.62890625
spectrum,3866,2576817440,512,1,8,34,626537cb,32.217241624952294,0,148,36.087890625
spectrum,3867,2577537280,512,1,8,33,50d8844e,32.22622916800901,0,122,34.623046875
spectrum,3868,2578179360,512,1,8,34,083c5ec2,32.234472114010714,0,121,33.361328125
spectrum,3869,2578817520,512,1,8,34,8f1412b8,32.242363505996764,0,147,42.44140625
spectrum,3870,2579536720,512,1,8,35,be22193d,32.25131756498013,0,118,36.609375
spectrum,3871,2580177440,512,1,8,35,1a1d5137,32.25972078402992,0,122,36.771484375
spectrum,3872,2580817440,512,1,8,34,ebf94fa3,32.26724623492919,0,147,34.689453125
spectrum,3873,2581536720,512,1,8,33,1489bc83,32.276258463039994,0,125,33.482421875
spectrum,3874,2582177440,512,1,8,35,b1e7afc7,32.28435857000295,0,123,36.42578125
spectrum,3875,2582819360,512,1,8,34,a3059570,32.29231443395838,0,146,42.263671875
spectrum,3876,2583536960,512,1,8,60,5d8e4994,32.30127546598669,0,99,30.76953125
spectrum,3877,2584177440,512,1,8,33,738b60d9,32.309281514026225,0,121,35.205078125
spectrum,3878,2584817440,512,1,8,34,cec91fbe,32.317285117926076,0,149,34.91796875
spectrum,3879,2585536720,512,1,8,60,b6ee428c,32.32621972099878,0,106,31.08203125
spectrum,3880,2586179360,512,1,8,34,9cccb73a,32.33426113601308,0,120,33.3203125
spectrum,3881,2586817840,512,1,8,34,d38f8916,32.34231347194873,0,149,42.69921875
spectrum,3882,2587536960,512,1,8,35,85d41c31,32.35136655799579,0,124,37.09765625
spectrum,3883,2588177760,512,1,8,34,0927942d,32.35930238396395,0,119,36.318359375
spectrum,3884,2588817760,512,1,8,34,510887ac,32.36727448902093,0,150,36.39453125
spectrum,3885,2589536960,512,1,8,34,64877fb6,32.37627578701358,0,119,34.22265625
spectrum,3886,2590177760,512,1,8,35,a5a38051,32.38422128104139,0,122,35.9765625
spectrum,3887,2590817760,512,1,8,52,6ca723b5,32.39243118499871,0,138,52.013671875
spectrum,3888,2591536960,512,1,8,34,0e0ec5e8,32.401295454008505,0,122,35.46875
spectrum,3889,2592177440,512,1,8,33,f90b15e9,32.409226160962135,0,117,34.716796875
spectrum,3890,2592817440,512,1,8,32,5ff1eca7,32.41729060001671,0,136,33.232421875
spectrum,3891,2593537280,512,1,8,33,c040d666,32.42624192300718,0,117,35.720703125
spectrum,3892,2594179120,512,1,8,34,5b533c54,32.43429312703665,0,120,34.349609375
spectrum,3893,2594817520,512,1,8,35,12b51d22,32.44223380298354,0,143,43.0390625
spectrum,3894,2595536720,512,1,8,33,bb4b1a33,32.451413478003815,0,121,34.568359375
spectrum,3895,2596177440,512,1,8,33,53062dd9,32.459233604953624,0,123,35.083984375
spectrum,3896,2596818560,512,1,8,33,72ff0bfc,32.46732613700442,0,146,35.8515625
spectrum,3897,2597536720,512,1,8,33,d73d60cb,32.476060802000575,0,118,34.130859375
spectrum,3898,2598180560,512,1,8,33,b01327aa,32.48429819801822,0,120,33.11328125
spectrum,3899,2598817440,512,1,8,71,e0055534,32.492297083023004,14,154,77.056640625
spectrum,3900,2599537600,512,1,8,31,c2c70bbd,32.501248185988516,0,131,26.271484375
spectrum,3901,2600178160,512,1,8,57,1aef6fd5,32.509317053016275,0,89,28.34375
spectrum,3902,2600817440,512,1,8,69,26f0137d,32.517341317026876,0,151,68.4609375
spectrum,3903,2601536720,512,1,8,35,ef5a46b9,32.5263020680286,0,122,35.857421875
spectrum,3904,2602179360,512,1,8,31,35b5487a,32.5342194190016,0,119,36.771484375
spectrum,3905,2602818240,512,1,8,34,681f76a1,32.542473627021536,6,152,88.11328125
spectrum,3906,2603536720,512,1,8,34,b0207f71,32.55137119896244,0,119,34.50390625
spectrum,3907,2604177440,512,1,8,61,9d6157ab,32.559540746035054,0,118,32.099609375
spectrum,3908,2604817440,512,1,8,61,d89bc33b,32.567291202023625,0,114,31.193359375
spectrum,3909,2605536720,512,1,8,34,72045198,32.576260779984295,0,119,34.58984375
spectrum,3910,2606177440,512,1,8,60,c6079218,32.58424189197831,0,107,30.03515625
spectrum,3911,2606817440,512,1,8,34,ff39f303,32.59229159296956,0,121,34.58984375
spectrum,3912,2607537280,512,1,8,33,1d9d4b8f,32.60124750598334,0,119,34.91015625
spectrum,3913,2608177840,512,1,8,60,afccd782,32.61094812396914,0,105,30.685546875
spectrum,3914,2608817760,512,1,8,34,009b4339,32.61724026699085,0,136,35.408203125
spectrum,3915,2609536960,512,1,8,33,a385bbdc,32.628006497980095,0,116,34.3671875
spectrum,3916,2610178960,512,1,8,34,6b507498,32.6342371039791,0,118,34.017578125
spectrum,3917,2610819360,512,1,8,36,11ec0442,32.642392945010215,0,148,23.59765625
spectrum,3918,2611536960,512,1,8,61,2d778f31,32.65132088493556,0,109,30.484375
spectrum,3919,2612177760,512,1,8,34,05f07876,32.659289803006686,0,120,34.587890625
spectrum,3920,2612817760,512,1,8,34,b16c7efb,32.66724960494321,0,122,34.869140625
spectrum,3921,2613536960,512,1,8,60,51ef3c5b,32.67622062598821,0,103,29.01171875
spectrum,3922,2614177760,512,1,8,34,9e1a5542,32.68448385002557,0,121,34.939453125
spectrum,3923,2614817760,512,1,8,33,551a8527,32.69226678693667,0,121,34.740234375
spectrum,3924,2615536960,512,1,8,33,162bd393,32.70128073904198,0,125,34.72265625
spectrum,3925,2616180000,512,1,8,31,5846dbea,32.70929006393999,0,131,25.29296875
spectrum,3926,2616819120,512,1,8,34,0ef4c7b6,32.717274231952615,0,150,38.63671875
spectrum,3927,2617536720,512,1,8,34,e2d4c313,32.726106471032836,0,120,35.466796875
spectrum,3928,2618183120,512,1,8,33,29dcc92a,32.734331493033096,0,120,35.869140625
spectrum,3929,2618819440,512,1,8,34,4779fb71,32.742275764932856,14,159,81.759765625
spectrum,3930,2619536720,512,1,8,34,00529a60,32.75308019795921,0,117,35.25390625
spectrum,3931,2620177440,512,1,8,29,e3121670,32.7593004850205,0,115,31.8203125
spectrum,3932,2620817440,512,1,8,34,0b2db517,32.76729637396056,0,122,35.341796875
spectrum,3933,2621536720,512,1,8,60,17311e12,32.7762618039269,0,105,30.486328125
spectrum,3934,2622177440,512,1,8,34,eda0c5c9,32.78425824502483,0,120,35.455078125
spectrum,3935,2622817440,512,1,8,34,723de94f,32.79229601402767,0,120,33.814453125
spectrum,3936,2623536720,512,1,8,34,3aa8fea4,32.80127745401114,0,120,34.0625
spectrum,3937,2624178480,512,1,8,34,f5e22cd9,32.809278273023665,0,120,33.48046875
spectrum,3938,2624817440,512,1,8,60,fa46d93a,32.81725593796,0,122,33.6484375
spectrum,3939,2625536720,512,1,8,34,4f88a44e,32.82621129998006,0,120,36.259765625
spectrum,3940,2626177440,512,1,8,33,70772bf2,32.83428206096869,0,120,35.080078125
spectrum,3941,2626823680,512,1,8,34,9d29a113,32.842135610990226,0,118,35.46484375
spectrum,3942,2627536960,512,1,8,34,ae5e9a07,32.85126103402581,0,123,35.181640625
spectrum,3943,2628177760,512,1,8,56,ce2ba400,32.85913910099771,6,129,74.880859375
spectrum,3944,2628817840,512,1,8,59,d560279e,32.867414518026635,0,141,41.87890625
spectrum,3945,2629536960,512,1,8,61,9eb7d04f,32.87626320798881,0,112,31.173828125
spectrum,3946,2630177760,512,1,8,33,26f6076a,32.88427529903129,0,117,33.9609375
spectrum,3947,2630817760,512,1,8,34,4b82c9ea,32.89226280199364,0,119,36.37109375
spectrum,3948,2631536960,512,1,8,34,6efa9720,32.90200924698729,0,121,34.75
spectrum,3949,2632179040,512,1,8,34,1aec508f,32.90930237993598,0,119,34.880859375
spectrum,3950,2632817520,512,1,8,34,f10683ed,32.91725996695459,0,122,35.232421875
spectrum,3951,2633536720,512,1,8,33,dd205daf,32.926306491019204,0,123,34.12890625
spectrum,3952,2634177440,512,1,8,34,941bbf47,32.93430238997098,0,122,34.802734375
spectrum,3953,2634819360,512,1,8,34,7e6e3a62,32.94257966103032,18,160,82.4375
spectrum,3954,2635536960,512,1,8,34,d4cfaa22,32.951587731949985,0,119,34.41796875
spectrum,3955,2636177760,512,1,8,34,1c463792,32.9592664729571,0,121,35.15234375
spectrum,3956,2636819040,512,1,8,33,f7c1ee58,32.96728959400207,0,144,37.12109375
spectrum,3957,2637536720,512,1,8,34,7e92e1ad,32.97626968193799,0,120,35.234375
spectrum,3958,2638177440,512,1,8,34,94799e12,32.98402205097955,0,122,36.1015625
spectrum,3959,2638820960,512,1,8,34,db5f2e16,32.99228134797886,0,147,43.314453125
spectrum,3960,2639536720,512,1,8,60,68d6bbce,33.00128421897534,0,103,30.265625
spectrum,3961,2640177440,512,1,8,64,a942e21c,33.00927534000948,0,110,29.72265625
spectrum,3962,2640817440,512,1,8,63,f97997d1,33.017239929991774,0,114,33.556640625
spectrum,3963,2641536720,512,1,8,34,f60bdb44,33.028362134005874,0,123,34.841796875
spectrum,3964,2642177440,512,1,8,33,61bcd55c,33.03423809004016,0,119,33.91015625
spectrum,3965,2642819600,512,1,8,36,870941f0,33.042311055003665,0,149,24.162109375
spectrum,3966,2643536960,512,1,8,33,7b1caf17,33.051281154039316,0,117,35.89453125
spectrum,3967,2644177520,512,1,8,34,ac08003d,33.06001540797297,0,120,35.705078125
spectrum,3968,2644817440,512,1,8,33,603822fe,33.06729096698109,0,118,34.583984375
spectrum,3969,2645536720,512,1,8,34,e070c862,33.076265975949354,0,124,35.275390625
spectrum,3970,2646177440,512,1,8,60,4ce17495,33.084274790016934,0,98,30.126953125
spectrum,3971,2646831360,512,1,8,34,4c1defd5,33.092207659967244,0,121,36.3046875
spectrum,3972,2647536960,512,1,8,34,dea6efd3,33.10128934995737,0,120,34.828125
spectrum,3973,2648177760,512,1,8,60,8d1eb998,33.10928164294455,0,107,30.873046875
spectrum,3974,2648819520,512,1,8,33,44d27947,33.11728667002171,0,145,36.61328125
spectrum,3975,2649536960,512,1,8,58,e277bc46,33.126244075014256,0,98,28.759765625
spectrum,3976,2650179040,512,1,8,38,1ee74072,33.13425752799958,0,124,36.0234375
spectrum,3977,2650820080,512,1,8,34,a43a907c,33.14225010096561,0,147,18.8359375
spectrum,3978,2651537920,512,1,8,34,643b0e97,33.15137231803965,0,124,35.978515625
spectrum,3979,2652178480,512,1,8,34,d9e85dfd,33.15928661299404,0,121,35.361328125
spectrum,3980,2652817760,512,1,8,61,2b830fb6,33.16731978300959,0,117,30.876953125
spectrum,3981,2653536960,512,1,8,33,e4cafb52,33.17630927893333,0,121,36.673828125
spectrum,3982,2654177760,512,1,8,34,d650f88a,33.18423493602313,0,121,34.2421875
spectrum,3983,2654817760,512,1,8,62,93ba6009,33.19229052797891,0,116,31.33203125
spectrum,3984,2655536960,512,1,8,60,0bba065b,33.20126981497742,0,107,29.26953125
spectrum,3985,2656177520,512,1,8,33,ac8745e1,33.20929283602163,0,118,33.859375
spectrum,3986,2656819360,512,1,8,34,71078791,33.21707056299783,0,148,35.59375
spectrum,3987,2657536960,512,1,8,33,bd95ca99,33.226296816021204,0,120,35.521484375
spectrum,3988,2658177520,512,1,8,33,f213cb93,33.234075836022384,0,122,35.484375
spectrum,3989,2658820880,512,1,8,34,13aaba51,33.242205498041585,29,163,81.822265625
spectrum,3990,2659536720,512,1,8,34,b7c547f9,33.25125568895601,0,124,34.5234375
spectrum,3991,2660178800,512,1,8,33,b18f6764,33.2593546329299,0,121,35.2265625
spectrum,3992,2660817440,512,1,8,33,9c9b6b54,33.26732030499261,0,120,35.728515625
spectrum,3993,2661536720,512,1,8,33,5c2d1773,33.27624096092768,0,117,35.80859375
spectrum,3994,2662177440,512,1,8,33,55c764dc,33.28426783892792,0,120,35.259765625
spectrum,3995,2662817440,512,1,8,33,625f3393,33.29227977897972,0,121,34.966796875
spectrum,3996,2663536720,512,1,8,34,9857ee5e,33.30124739301391,0,126,39.04296875
spectrum,3997,2664177440,512,1,8,34,6fdea63e,33.30936247797217,0,120,36.033203125
spectrum,3998,2664819680,512,1,8,30,2215f862,33.31820537697058,0,145,27.46875
spectrum,3999,2665536960,512,1,8,34,ddfe0a9d,33.32629516394809,0,122,34.87109375
spectrum,4000,2666177520,512,1,8,33,fb29d673,33.33425206004176,0,112,33.271484375
spectrum,4001,2666817440,512,1,8,35,78385b4b,33.34226614399813,0,125,36.9921875
spectrum,4002,2667536960,512,1,8,34,e3c00354,33.351267662015744,0,120,36.2265625
spectrum,4003,2668179360,512,1,8,33,6a418ea0,33.35903697402682,0,122,35.48046875
spectrum,4004,2668817840,512,1,8,34,43dbf99f,33.367293465998955,0,122,35.724609375
spectrum,4005,2669536960,512,1,8,64,ec036b61,33.376254086964764,0,115,31.876953125
spectrum,4006,2670177760,512,1,8,34,4804d161,33.38445414195303,0,118,36.109375
spectrum,4007,2670817760,512,1,8,33,9e7ca423,33.39229536999483,0,117,35.30859375
spectrum,4008,2671536960,512,1,8,34,ddd897bf,33.40127967600711,0,119,35.509765625
spectrum,4009,2672177440,512,1,8,33,fde140ce,33.40924809302669,0,120,34.892578125
spectrum,4010,2672822080,512,1,8,33,e1290e4d,33.41730379592627,0,149,54.88671875
spectrum,4011,2673536960,512,1,8,33,fb5917a1,33.426329751033336,0,117,34.634765625
spectrum,4012,2674177760,512,1,8,34,95623356,33.43428975204006,0,120,35.08203125
spectrum,4013,2674817760,512,1,8,33,7d2c6971,33.44476502400357,0,122,34.990234375
spectrum,4014,2675536960,512,1,8,60,1780cb5f,33.45130269997753,0,104,30.916015625
spectrum,4015,2676179200,512,1,8,60,c0486029,33.45928181800991,0,95,30.041015625
spectrum,4016,2676817840,512,1,8,34,7e69132d,33.46730383601971,0,122,36.0390625
spectrum,4017,2677536960,512,1,8,34,99e595c0,33.47629404393956,0,123,35.07421875
spectrum,4018,2678177760,512,1,8,34,b6ba110a,33.484151761978865,0,122,36.91796875
spectrum,4019,2678821200,512,1,8,33,1619386e,33.4923504749313,0,144,40.271484375
spectrum,4020,2679536960,512,1,8,33,45e5d216,33.50139854103327,0,123,34.29296875
spectrum,4021,2680177760,512,1,8,59,90f277ea,33.510466043953784,0,102,29.33984375
spectrum,4022,2680817760,512,1,8,34,b68e46fb,33.51729998993687,0,119,35.228515625
spectrum,4023,2681537600,512,1,8,29,f43b9f49,33.52629185002297,0,119,29.974609375
spectrum,4024,2682179440,512,1,8,61,a2e14f74,33.534264605958015,0,116,30.595703125
spectrum,4025,2682817840,512,1,8,34,e805b622,33.54225595702883,0,123,35.91015625
spectrum,4026,2683536960,512,1,8,33,105607ae,33.551298302947544,0,116,34.822265625
spectrum,4027,2684182240,512,1,8,33,3cb4fbff,33.5592815480195,0,120,35.685546875
spectrum,4028,2684819120,512,1,8,34,44fdad18,33.567340245936066,0,147,35.78515625
spectrum,4029,2685536720,512,1,8,33,56928a7e,33.576309012947604,0,121,35.744140625
spectrum,4030,2686177440,512,1,8,63,ceb918b8,33.5843381449813,0,117,33.048828125
spectrum,4031,2686817440,512,1,8,32,2169fb01,33.59230226499494,0,118,33.490234375
spectrum,4032,2687536720,512,1,8,34,cbf43b9b,33.60135132295545,0,119,34.71875
spectrum,4033,2688177440,512,1,8,33,01f03afd,33.60926061903592,0,121,34.068359375
spectrum,4034,2688817440,512,1,8,36,68b49e10,33.61723809398245,0,126,38.962890625
spectrum,4035,2689537280,512,1,8,33,7f97b203,33.62629809300415,0,115,35.47265625
spectrum,4036,2690177840,512,1,8,33,e96961de,33.634297027951106,0,125,34.193359375
spectrum,4037,2690817760,512,1,8,33,cfc511c9,33.64242590893991,0,119,34.947265625
spectrum,4038,2691536960,512,1,8,32,fe19e8ac,33.65127800498158,0,123,30.099609375
spectrum,4039,2692178480,512,1,8,33,163bc91d,33.65927953599021,0,120,34.8828125
spectrum,4040,2692819360,512,1,8,33,a1c55fe9,33.667319327942096,0,120,36.06640625
spectrum,4041,2693536960,512,1,8,34,2cb1763d,33.67632218892686,0,121,35.171875
spectrum,4042,2694177760,512,1,8,34,2486ed2a,33.68437469599303,0,124,35.900390625
spectrum,4043,2694817760,512,1,8,34,b8a9ac39,33.692822739016265,0,127,36.1171875
spectrum,4044,2695536960,512,1,8,34,7dc8f213,33.70129285403527,0,122,35.970703125
spectrum,4045,2696177760,512,1,8,33,d3d74f32,33.709248277009465,0,120,34.208984375
spectrum,4046,2696817760,512,1,8,33,eab6d6a5,33.71725378499832,0,120,35.30859375
spectrum,4047,2697536960,512,1,8,34,5faef298,33.72626018302981,0,121,35.341796875
spectrum,4048,2698177520,512,1,8,58,b1fb9689,33.73419918504078,0,88,28.521484375
spectrum,4049,2698820880,512,1,8,34,49ecfbd4,33.742283380939625,0,141,44.46875
spectrum,4050,2699536720,512,1,8,34,ce673fe8,33.751247589010745,0,124,35.880859375
spectrum,4051,2700177440,512,1,8,38,6ef58f29,33.75935865601059,0,122,35.486328125
spectrum,4052,2700819120,512,1,8,34,a1e1b210,33.76735832297709,0,123,37.1015625
spectrum,4053,2701536720,512,1,8,34,1cb60e08,33.776315478025936,0,122,37.900390625
spectrum,4054,2702177440,512,1,8,34,f6808ad6,33.784304133965634,0,123,36.75390625
spectrum,4055,2702817440,512,1,8,33,4578a221,33.792300854926,0,123,34.6171875
spectrum,4056,2703536720,512,1,8,60,aefe7fa4,33.801319996942766,0,102,29.939453125
spectrum,4057,2704177440,512,1,8,60,8ccc40a7,33.80925118399318,0,102,31.67578125
spectrum,4058,2704817440,512,1,8,61,9c46dea6,33.81774308998138,0,115,31.01953125
spectrum,4059,2705536720,512,1,8,32,3f4a5d61,33.82633747998625,0,128,34.15234375
spectrum,4060,2706178560,512,1,8,71,792ea31c,33.83434882899746,0,137,40.3125
spectrum,4061,2706817520,512,1,8,60,5046cfe3,33.84232645400334,0,93,30.34375
spectrum,4062,2707536720,512,1,8,72,1d3cf165,33.851279490976594,0,135,42.91796875
spectrum,4063,2708179360,512,1,8,61,46880fa2,33.859307692036964,0,110,31.33203125
spectrum,4064,2708819120,512,1,8,63,2fa40082,33.867265508975834,0,153,42.953125
spectrum,4065,2709536720,512,1,8,60,919a4838,33.87626873096451,0,94,31.09375
spectrum,4066,2710177440,512,1,8,62,773bb050,33.884276613011025,0,148,40.751953125
spectrum,4067,2710817520,512,1,8,60,b725b3b9,33.892315404023975,0,91,31.185546875
spectrum,4068,2711536720,512,1,8,60,5932a645,33.901304138009436,0,93,29.845703125
spectrum,4069,2712177440,512,1,8,60,8d050fec,33.909287914983,0,98,30.35546875
spectrum,4070,2712817440,512,1,8,72,661b43e7,33.91728317295201,0,137,42.345703125
spectrum,4071,2713536720,512,1,8,60,eaf6efab,33.92625511600636,0,97,29.630859375
spectrum,4072,2714179280,512,1,8,30,beebacb4,33.93414824199863,0,128,29.486328125
spectrum,4073,2714818160,512,1,8,36,d80f2bb2,33.942335973959416,14,164,81.39453125
spectrum,4074,2715536720,512,1,8,58,b87c4f38,33.95208100602031,0,94,28.650390625
spectrum,4075,2716180240,512,1,8,59,533b7991,33.95931439602282,0,90,28.81640625
spectrum,4076,2716820320,512,1,8,59,9b6b1f24,33.96726254501846,0,143,34.921875
spectrum,4077,2717536960,512,1,8,58,d29e7b82,33.97627466393169,0,92,29.455078125
spectrum,4078,2718177440,512,1,8,36,995b8522,33.98418175603729,0,124,39.681640625
spectrum,4079,2718820960,512,1,8,36,88e47fe3,33.99220634903759,12,162,72.154296875
spectrum,4080,2719536720,512,1,8,37,d9f25224,34.00124903593678,0,123,36.208984375
spectrum,4081,2720177440,512,1,8,62,1d8f8abc,34.009285681997426,0,104,32.255859375
spectrum,4082,2720817440,512,1,8,60,74c75422,34.01724546402693,0,95,30.76953125
spectrum,4083,2721536720,512,1,8,59,2ab33dbc,34.026828559930436,0,91,28.8046875
spectrum,4084,2722179600,512,1,8,36,12396d14,34.03433682897594,0,120,37.373046875
spectrum,4085,2722817840,512,1,8,60,bd5dc8de,34.04229030897841,0,94,31.32421875
spectrum,4086,2723536960,512,1,8,34,603c65df,34.05130665493198,0,121,34.15234375
spectrum,4087,2724177760,512,1,8,32,3383fa82,34.05912898702081,0,122,29.828125
spectrum,4088,2724818480,512,1,8,62,54f02fa6,34.067281441995874,0,149,46.384765625
spectrum,4089,2725537280,512,1,8,60,9a5657e5,34.077422493021004,0,101,30.375
spectrum,4090,2726177840,512,1,8,58,f015387e,34.08426608599257,0,89,29.232421875
spectrum,4091,2726817760,512,1,8,60,055a3db9,34.092242688988335,0,95,30.30078125
spectrum,4092,2727536960,512,1,8,59,c6c337a2,34.10130677593406,0,92,30.333984375
spectrum,4093,2728177760,512,1,8,60,6ba3fa35,34.109296523965895,0,88,29.81640625
spectrum,4094,2728817760,512,1,8,63,edca9fc6,34.11804944300093,0,110,32.12109375
spectrum,4095,2729536960,512,1,8,58,8311d70c,34.126286357990466,0,91,28.703125
spectrum,4096,2730180240,512,1,8,30,73701e2c,34.13430888799485,0,128,30.37109375
spectrum,4097,2730819360,512,1,8,36,133850ec,34.142320927930996,14,146,62.140625
spectrum,4098,2731536960,512,1,8,60,ab7132dd,34.15134904696606,0,98,30.537109375
spectrum,4099,2732177760,512,1,8,59,b4238340,34.15934525697958,0,96,29.255859375
spectrum,4100,2732819040,512,1,8,60,2f47c650,34.16770110593643,0,143,40.58203125
spectrum,4101,2733537280,512,1,8,60,682a5c22,34.17633054195903,0,97,30.326171875
spectrum,4102,2734177840,512,1,8,61,7431e567,34.18431939894799,0,102,30.796875
spectrum,4103,2734817760,512,1,8,60,3f2820fe,34.193145525990985,0,89,30.337890625
spectrum,4104,2735536960,512,1,8,60,c2524668,34.20129702903796,0,95,30.060546875
spectrum,4105,2736177760,512,1,8,61,51457296,34.209313938976265,0,113,31.41796875
spectrum,4106,2736756560,512,1,8,26,37fc7826,34.21904452401213,0,122,31.23046875
spectrum,4107,2737456960,512,1,8,60,b9647851,34.22528162202798,0,91,30.017578125
spectrum,4108,2738097440,512,1,8,37,99cc5c09,34.233305393951014,0,123,38.16796875
spectrum,4109,2738739360,512,1,8,60,fb86362d,34.24108431395143,0,92,29.94921875
spectrum,4110,2739456960,512,1,8,55,e7dcbba8,34.25034463102929,0,85,26.642578125
spectrum,4111,2740097760,512,1,8,59,98a78a43,34.2582536470145,0,87,29.482421875
spectrum,4112,2740740560,512,1,8,59,7f044a41,34.266368380980566,0,92,29.859375
spectrum,4113,2741456960,512,1,8,30,66667831,34.27514252997935,0,122,33.5390625
spectrum,4114,2742098560,512,1,8,61,06610b33,34.28329415398184,0,107,31.708984375
spectrum,4115,2742737440,512,1,8,60,91d992bd,34.291264886036515,0,97,29.580078125
spectrum,4116,2743456720,512,1,8,61,56bb5912,34.30030030896887,0,95,31.021484375
spectrum,4117,2744097440,512,1,8,61,6924b133,34.30826800502837,0,108,31.2734375
spectrum,4118,2744737440,512,1,8,60,e25704d6,34.316277710022405,0,94,30.96484375
spectrum,4119,2745456720,512,1,8,59,700208c7,34.32571513194125,0,89,29.884765625
spectrum,4120,2746097440,512,1,8,60,a1d63871,34.33346509700641,0,92,30.533203125
spectrum,4121,2746739360,512,1,8,38,fa8f9563,34.34131295699626,0,113,34.435546875
spectrum,4122,2747456960,512,1,8,59,c64b59a0,34.35035961098038,0,92,29.943359375
spectrum,4123,2748098560,512,1,8,62,20aa361e,34.35826257499866,0,110,32.6328125
spectrum,4124,2748737440,512,1,8,32,6aa045a0,34.36630473192781,0,123,30.845703125
spectrum,4125,2749456960,512,1,8,58,01cc1846,34.37529563100543,0,90,29.341796875
spectrum,4126,2750098880,512,1,8,59,a84df1cb,34.383333749952726,0,90,29.703125
spectrum,4127,2750738880,512,1,8,37,207586d6,34.39214709296357,0,120,38.068359375
spectrum,4128,2751456720,512,1,8,62,496894be,34.40049167093821,0,109,31.556640625
spectrum,4129,2752097440,512,1,8,60,a02a3659,34.40825034293812,0,97,30.228515625
spectrum,4130,2752739680,512,1,8,60,23cf75e8,34.41669504996389,0,91,30.75
spectrum,4131,2753456960,512,1,8,59,c0bf1346,34.42527152597904,0,94,30.017578125
spectrum,4132,2754097760,512,1,8,61,36c7c416,34.43366388394497,0,108,31.513671875
spectrum,4133,2754744480,512,1,8,58,50c5a146,34.44127283303533,0,92,28.75
spectrum,4134,2755457280,512,1,8,61,493ebf00,34.45038236596156,0,113,31.642578125
spectrum,4135,2756099120,512,1,8,43,15fa56f3,34.458282403997146,0,131,34.48046875
spectrum,4136,2756737520,512,1,8,59,a436d964,34.466338987927884,0,100,29.4453125
spectrum,4137,2757457280,512,1,8,59,154ecc41,34.47530762501992,0,87,28.8671875
spectrum,4138,2758099040,512,1,8,60,c7e63313,34.48367297195364,0,93,30.380859375
spectrum,4139,2758737520,512,1,8,61,e7553d7f,34.4912807289511,0,105,32.197265625
spectrum,4140,2759456720,512,1,8,61,df34f05c,34.50022874597926,0,109,30.412109375
spectrum,4141,2760100880,512,1,8,62,a9033109,34.508289147983305,0,110,32.134765625
spectrum,4142,2760737440,512,1,8,60,00f30841,34.51627731299959,0,88,29.806640625
spectrum,4143,2761456720,512,1,8,58,ad20abcc,34.52526070701424,0,87,27.48828125
spectrum,4144,2762097440,512,1,8,61,0ba1bf3c,34.53353312902618,0,103,31.24609375
spectrum,4145,2762737440,512,1,8,61,8486aca6,34.541334501001984,0,110,32.12890625
spectrum,4146,2763457280,512,1,8,31,154e9a44,34.550352460937575,0,123,31.265625
spectrum,4147,2764099360,512,1,8,58,6809bd56,34.558320026961155,0,87,29.09765625
spectrum,4148,2764753840,512,1,8,27,ccc13713,34.56630820198916,0,132,42.5234375
spectrum,4149,2765456960,512,1,8,58,d72edcbd,34.578320386004634,0,87,33.70703125
spectrum,4150,2766100400,512,1,8,62,36d20da5,34.58349431597162,0,104,30.720703125
spectrum,4151,2766737840,512,1,8,61,6c9efe6a,34.591769422986545,0,104,31.2421875
spectrum,4152,2767456960,512,1,8,60,2544015b,34.60028211900499,0,90,30.55859375
spectrum,4153,2768097760,512,1,8,59,661b4229,34.60828805703204,0,88,28.919921875
spectrum,4154,2768737760,512,1,8,58,186d24ad,34.61634565296117,0,87,28.451171875
spectrum,4155,2769456960,512,1,8,61,1e6a9941,34.6252806460252,0,102,30.361328125
spectrum,4156,2770097760,512,1,8,61,cfed1f06,34.63327825895976,0,103,29.478515625
spectrum,4157,2770666160,512,1,8,59,7125190c,34.64033170894254,0,88,28.7890625
spectrum,4158,2771377280,512,1,8,36,0f28da4c,34.649376138928346,0,124,35.5390625
spectrum,4159,2772017840,512,1,8,59,00d04c60,34.65729650494177,0,88,28.765625
spectrum,4160,2772659040,512,1,8,60,4631e938,34.66528360801749,0,96,30.46875
spectrum,4161,2773376720,512,1,8,31,14f32166,34.674278063932434,0,126,29.53515625
spectrum,4162,2774018480,512,1,8,60,574bf9ed,34.68286672292743,25,149,74.173828125
spectrum,4163,2774659440,512,1,8,72,17d9cc85,34.69028211594559,0,136,44.3671875
spectrum,4164,2775377920,512,1,8,60,b8d48bd8,34.69926715292968,0,92,30.4375
spectrum,4165,2776018480,512,1,8,60,fed917b1,34.70726035803091,0,94,30.9140625
spectrum,4166,2776657760,512,1,8,59,877a98bf,34.71529028203804,0,94,29.5234375
spectrum,4167,2777376960,512,1,8,61,0b7b1c98,34.72435136302374,0,122,34.369140625
spectrum,4168,2778017760,512,1,8,61,ca4c6133,34.732287078979425,0,97,30.384765625
spectrum,4169,2778657760,512,1,8,60,b185cc15,34.74027861002833,0,87,30.412109375
spectrum,4170,2779377920,512,1,8,30,e7f76eba,34.74930592800956,0,130,27.0
spectrum,4171,2780018720,512,1,8,60,03e94f45,34.758365185,0,140,40.927734375
spectrum,4172,2780661040,512,1,8,61,87499704,34.76528590393718,0,109,30.609375
spectrum,4173,2781376720,512,1,8,37,8040a1aa,34.77432237903122,0,124,37.38671875
spectrum,4174,2782019680,512,1,8,36,f734c8c5,34.78222992201336,0,145,49.560546875
spectrum,4175,2782659200,512,1,8,60,b77a149e,34.79028029402252,0,93,30.623046875
spectrum,4176,2783376720,512,1,8,63,6230d3da,34.79932600597385,0,105,33.162109375
spectrum,4177,2784018560,512,1,8,60,920c5285,34.807128399959765,0,141,39.380859375
spectrum,4178,2784657520,512,1,8,60,ca75a88f,34.815280645038,0,91,30.830078125
spectrum,4179,2785376720,512,1,8,60,c6ecf163,34.82428225397598,0,92,30.810546875
spectrum,4180,2786017440,512,1,8,60,e7aa4975,34.83230042597279,0,89,30.375
spectrum,4181,2786657440,512,1,8,72,681f2699,34.84028792893514,0,135,41.208984375
spectrum,4182,2787376720,512,1,8,37,7758bff6,34.849213565001264,0,120,37.30078125
spectrum,4183,2788018560,512,1,8,63,0c5e93b0,34.85729327297304,0,100,31.712890625
spectrum,4184,2788657440,512,1,8,59,9b860c19,34.86531305697281,0,93,30.099609375
spectrum,4185,2789376720,512,1,8,60,942598d9,34.874242158955894,0,95,29.857421875
spectrum,4186,2790019280,512,1,8,60,54af08d6,34.88231710798573,12,148,71.130859375
spectrum,4187,2790660480,512,1,8,60,1215041a,34.89037280099001,0,94,31.078125
spectrum,4188,2791376720,512,1,8,60,4d160d82,34.89927312801592,0,97,30.330078125
spectrum,4189,2792017440,512,1,8,64,57947ce3,34.90728139097337,0,112,33.61328125
spectrum,4190,2792657440,512,1,8,58,e6b3877b,34.915297889965586,0,89,28.818359375
spectrum,4191,2793376720,512,1,8,60,0d7ddc2e,34.92431101994589,0,143,39.140625
spectrum,4192,2794017520,512,1,8,60,545de7d9,34.93234219599981,0,95,30.626953125
spectrum,4193,2794657440,512,1,8,60,2db6ffaa,34.940301527036354,0,96,31.1328125
spectrum,4194,2795376720,512,1,8,60,29c0656d,34.949285471928306,0,91,31.54296875
spectrum,4195,2796019360,512,1,8,59,1474cd4c,34.95706971199252,0,135,36.478515625
spectrum,4196,2796657840,512,1,8,59,2b595a87,34.96594780799933,0,90,30.5546875
spectrum,4197,2797376960,512,1,8,62,cde28c26,34.97429690393619,0,106,31.9453125
spectrum,4198,2798033520,512,1,8,37,d1755fab,34.9823885349324,0,120,36.884765625
spectrum,4199,2798658560,512,1,8,72,7e37618b,34.99030712794047,0,150,63.263671875
spectrum,4200,2799376960,512,1,8,60,b6365729,34.99927376094274,0,92,29.880859375
spectrum,4201,2800017520,512,1,8,60,a0762569,35.007298815995455,0,95,31.431640625
spectrum,4202,2800657440,512,1,8,59,d8d54d5a,35.01514359994326,0,96,30.1015625
spectrum,4203,2801376720,512,1,8,59,2513b84c,35.02426035597455,0,90,30.30859375
spectrum,4204,2802017440,512,1,8,60,471ecbc6,35.032295921002515,0,95,31.29296875
spectrum,4205,2802657440,512,1,8,60,23445d7d,35.0402663819259,0,96,30.43359375
spectrum,4206,2803376720,512,1,8,61,71b7ee3a,35.049259754945524,0,101,30.232421875
spectrum,4207,2804019600,512,1,8,63,58e37c90,35.057291834033094,0,111,37.015625
spectrum,4208,2804657840,512,1,8,60,6903f242,35.06525926897302,0,93,30.58984375
spectrum,4209,2805376960,512,1,8,60,0844282b,35.07428720803,0,92,30.720703125
spectrum,4210,2806017760,512,1,8,60,fe03de53,35.08206928393338,0,99,30.103515625
spectrum,4211,2806658800,512,1,8,60,bb9d371d,35.0907280750107,0,96,31.23046875
spectrum,4212,2807377280,512,1,8,38,688604c3,35.09927019593306,0,126,36.833984375
spectrum,4213,2808019120,512,1,8,63,8f42b1f2,35.1072730589658,0,111,33.4375
spectrum,4214,2808657520,512,1,8,60,a7d271c2,35.115265602013096,0,92,29.583984375
spectrum,4215,2809376720,512,1,8,60,8bb0ed3b,35.12426322302781,0,92,30.26171875
spectrum,4216,2810017440,512,1,8,38,42c4cb59,35.13229333795607,0,124,36.943359375
spectrum,4217,2810657440,512,1,8,61,b4169954,35.14030223200098,0,109,31.619140625
spectrum,4218,2811376720,512,1,8,60,6bc44ae9,35.14926932496019,0,93,29.064453125
spectrum,4219,2812017440,512,1,8,59,4f5e37e6,35.157303687999956,0,89,29.125
spectrum,4220,2812658560,512,1,8,60,6ffa7f9f,35.165305948932655,0,88,29.248046875
spectrum,4221,2813376720,512,1,8,60,78320466,35.17430518392939,0,89,29.673828125
spectrum,4222,2814017440,512,1,8,60,c4887cf4,35.1822736809263,0,86,30.3984375
spectrum,4223,2814659360,512,1,8,61,9ff0327b,35.19029395701364,0,96,30.51171875
spectrum,4224,2815376960,512,1,8,60,75c8978d,35.199289784999564,0,89,29.85546875
spectrum,4225,2816017520,512,1,8,21,33436dd1,35.2072382849874,0,123,32.955078125
spectrum,4226,2816657440,512,1,8,61,3b3987aa,35.21528710401617,0,89,30.716796875
spectrum,4227,2817376720,512,1,8,60,5c4ab72d,35.22428351303097,0,97,29.3671875
spectrum,4228,2818017440,512,1,8,60,c90b8b53,35.23238925996702,0,97,29.921875
spectrum,4229,2818657440,512,1,8,62,9929cb69,35.24028954003006,0,127,35.201171875
spectrum,4230,2819376720,512,1,8,59,39aa8343,35.249278074014,0,87,29.9296875
spectrum,4231,2820017440,512,1,8,63,8b379b16,35.25727497495245,0,102,33.255859375
spectrum,4232,2820659360,512,1,8,59,27913565,35.26508194801863,0,87,30.330078125
spectrum,4233,2821376960,512,1,8,58,53b4d589,35.2742585670203,0,93,28.375
spectrum,4234,2822019360,512,1,8,61,00b51283,35.28231212601531,0,119,32.28125
spectrum,4235,2822660320,512,1,8,62,1bbac43b,35.29031188203953,0,93,30.8046875
spectrum,4236,2823376960,512,1,8,30,2be35af7,35.29921714903321,0,117,36.39453125
spectrum,4237,2824019200,512,1,8,60,aa5a77c5,35.30707878503017,0,123,37.650390625
spectrum,4238,2824657840,512,1,8,59,c8dafd4e,35.31526957300957,0,88,29.38671875
spectrum,4239,2825376960,512,1,8,58,1484da8a,35.32429230201524,0,83,28.759765625
spectrum,4240,2826017760,512,1,8,60,e140ec26,35.33232564199716,0,96,30.150390625
spectrum,4241,2826657760,512,1,8,57,1338129c,35.340235890005715,0,88,27.59375
spectrum,4242,2827376960,512,1,8,61,464087f2,35.349273666972294,0,98,31.4296875
spectrum,4243,2828017760,512,1,8,62,26c9e094,35.35728468501475,0,104,32.0390625
spectrum,4244,2828659040,512,1,8,32,f9ba2706,35.365516319987364,0,125,30.54296875
spectrum,4245,2829377600,512,1,8,59,c2152f76,35.374268988962285,0,96,29.16015625
spectrum,4246,2830018160,512,1,8,61,df512df4,35.38228161993902,0,92,31.2265625
spectrum,4247,2830657760,512,1,8,33,18e241b1,35.39026728994213,0,123,31.5234375
spectrum,4248,2831376960,512,1,8,39,75e329aa,35.39927632303443,0,108,21.9296875
spectrum,4249,2832019360,512,1,8,33,c804aa49,35.40729600703344,0,126,32.39453125
spectrum,4250,2832657840,512,1,8,61,7866eb3e,35.415295743965544,0,98,31.2421875
spectrum,4251,2833376960,512,1,8,33,bde87701,35.42498767701909,0,133,28.716796875
spectrum,4252,2834017760,512,1,8,33,adfa6a84,35.43230208894238,0,124,30.92578125
spectrum,4253,2834658800,512,1,8,33,1cd96d77,35.4402939210413,0,128,30.4296875
spectrum,4254,2835389840,512,1,8,32,965ab27b,35.44916542398278,0,124,29.953125
spectrum,4255,2836019440,512,1,8,60,3006dd85,35.45727971801534,0,92,30.3125
spectrum,4256,2836664800,512,1,8,33,99b3b9d4,35.46528647793457,0,129,30.44140625
spectrum,4257,2837376960,512,1,8,58,b460003e,35.474300769972615,0,89,28.8984375
spectrum,4258,2838017760,512,1,8,60,a23c46a9,35.482290057931095,0,92,30.220703125
spectrum,4259,2838660240,512,1,8,33,400762bd,35.490276047959924,0,126,30.890625
spectrum,4260,2839377280,512,1,8,60,f06c81e2,35.49930474802386,0,96,29.841796875
spectrum,4261,2840017840,512,1,8,61,63c9698b,35.50731800100766,0,99,31.068359375
spectrum,4262,2840657760,512,1,8,58,991f7fef,35.51537313195877,0,89,28.759765625
spectrum,4263,2841376960,512,1,8,61,68c805fe,35.52415294200182,0,99,31.744140625
spectrum,4264,2842021200,512,1,8,60,d651b10a,35.53229819401167,0,90,30.765625
spectrum,4265,2842657760,512,1,8,60,ea66ddb9,35.54025095200632,0,92,30.76171875
spectrum,4266,2843377280,512,1,8,60,4c1d65eb,35.54929734498728,0,89,30.515625
spectrum,4267,2844017520,512,1,8,38,c59341a8,35.55726702499669,0,118,36.6484375
spectrum,4268,2844657440,512,1,8,60,b96bfe50,35.56523276795633,0,99,32.04296875
spectrum,4269,2845376960,512,1,8,34,184ab111,35.574299499974586,0,131,26.33984375
spectrum,4270,2846019360,512,1,8,60,29db25b5,35.582297432934865,0,119,30.09375
spectrum,4271,2846657840,512,1,8,39,ee857b59,35.590306828031316,0,124,39.044921875
spectrum,4272,2847376960,512,1,8,60,7655f23d,35.599290512967855,0,89,31.8046875
spectrum,4273,2848020320,512,1,8,61,f65d5fc5,35.60730297397822,0,145,42.3203125
spectrum,4274,2848657920,512,1,8,59,97489b47,35.61528393498156,0,88,29.12109375
spectrum,4275,2849376960,512,1,8,59,5203c14b,35.62424670101609,0,87,29.291015625
spectrum,4276,2850017760,512,1,8,60,fb2077e2,35.63225811999291,0,96,30.71875
spectrum,4277,2850657760,512,1,8,61,7f55e6de,35.640945274964906,0,105,32.353515625
spectrum,4278,2851376960,512,1,8,60,30ee0e6c,35.6492924579652,0,90,31.259765625
spectrum,4279,2852017760,512,1,8,61,62c40f55,35.65729132294655,0,96,32.5234375
spectrum,4280,2852657760,512,1,8,60,d3ff96bb,35.66526296699885,0,91,30.64453125
spectrum,4281,2853376960,512,1,8,60,05116b45,35.67702071997337,0,91,30.44140625
spectrum,4282,2854017520,512,1,8,59,e68f673f,35.682262207963504,0,91,30.115234375
spectrum,4283,2854657440,512,1,8,60,1a444c6b,35.69028751400765,0,93,30.232421875
spectrum,4284,2855377600,512,1,8,58,05fcb1de,35.69936163898092,0,91,28.646484375
spectrum,4285,2856018160,512,1,8,62,7169afcd,35.70726582594216,0,102,32.8125
spectrum,4286,2856658800,512,1,8,60,cc37c435,35.71529519895557,0,93,31.56640625
spectrum,4287,2857376720,512,1,8,59,09bde3e6,35.724449374945834,0,96,30.0703125
spectrum,4288,2858017440,512,1,8,60,1409878b,35.732320660026744,0,91,28.91796875
spectrum,4289,2858657440,512,1,8,60,4531e7cf,35.74252705404069,0,97,30.208984375
spectrum,4290,2859376720,512,1,8,60,13757656,35.74928742996417,0,92,29.896484375
spectrum,4291,2860017440,512,1,8,60,260fd9c9,35.75730049202684,0,91,30.1484375
spectrum,4292,2860657440,512,1,8,61,d06e04c8,35.76531468599569,0,105,31.1796875
spectrum,4293,2861377280,512,1,8,35,9bacec4c,35.774031467037275,0,125,29.615234375
spectrum,4294,2862022560,512,1,8,64,cd6ea12f,35.782456506974995,0,153,35.83203125
spectrum,4295,2862657600,512,1,8,61,768569bb,35.790278238011524,0,98,30.9609375
spectrum,4296,2863376720,512,1,8,60,741d5716,35.799269618000835,0,92,31.330078125
spectrum,4297,2864019120,512,1,8,61,decb81e4,35.80734659999143,0,101,32.2734375
spectrum,4298,2864659440,512,1,8,60,bcc2c60b,35.81532028794754,0,92,30.455078125
spectrum,4299,2865376960,512,1,8,60,b91a254b,35.82424640399404,0,94,30.419921875
spectrum,4300,2866017760,512,1,8,61,8ad5afc6,35.83225049893372,0,105,31.130859375
spectrum,4301,2866659040,512,1,8,60,7320ff78,35.8403203189373,0,93,30.9921875
spectrum,4302,2867376720,512,1,8,60,f56ae21e,35.84931753901765,0,87,30.0078125
spectrum,4303,2868017440,512,1,8,60,9b4d0554,35.85728601703886,0,90,29.892578125
spectrum,4304,2868657440,512,1,8,39,039ad662,35.86529216601048,0,124,39.388671875
spectrum,4305,2869376720,512,1,8,35,4fcb253f,35.87429561803583,0,122,34.6953125
spectrum,4306,2870019120,512,1,8,60,2a567274,35.88229189894628,0,92,31.05078125
spectrum,4307,2870657840,512,1,8,38,6274ff0c,35.89032113098074,0,119,37.396484375
spectrum,4308,2871376960,512,1,8,60,86611a5e,35.899265881977044,0,92,30.75
spectrum,4309,2872019040,512,1,8,72,fc4fb88c,35.907330101006664,0,135,41.298828125
spectrum,4310,2872659440,512,1,8,60,264c85ab,35.915287468000315,0,87,30.63671875
spectrum,4311,2873376960,512,1,8,59,9c5e855b,35.924325395026244,0,86,29.59765625
spectrum,4312,2874017760,512,1,8,60,cb53e113,35.932288232957944,0,92,29.65234375
spectrum,4313,2874657760,512,1,8,61,b962436e,35.94025564799085,0,101,30.34765625
spectrum,4314,2875376960,512,1,8,63,964f30dc,35.949334983946756,0,97,32.529296875
spectrum,4315,2876017760,512,1,8,60,3a53b343,35.95731920097023,0,95,29.33203125
spectrum,4316,2876657760,512,1,8,72,8f330f43,35.96531731495634,0,130,42.75390625
spectrum,4317,2877376960,512,1,8,60,458ace7e,35.9743004089687,0,122,38.052734375
spectrum,4318,2878019040,512,1,8,63,3092ba27,35.98233376001008,0,98,31.640625
spectrum,4319,2878657520,512,1,8,61,1eec6ea1,35.99031115393154,0,96,31.505859375
spectrum,4320,2879376720,512,1,8,60,0b04f1a1,35.99928882799577,0,102,30.72265625
spectrum,4321,2880020000,512,1,8,60,58405c88,36.00730595702771,0,95,31.68359375
spectrum,4322,2880657840,512,1,8,62,4d528be6,36.01528279099148,0,100,32.26171875
spectrum,4323,2881376960,512,1,8,62,39a23663,36.02433735993691,0,98,32.15234375
spectrum,4324,2882017440,512,1,8,62,60ea302d,36.03211372497026,0,103,31.759765625
spectrum,4325,2882660560,512,1,8,62,7e7aa2f1,36.040244759991765,0,100,31.537109375
spectrum,4326,2883376720,512,1,8,38,bc60ffdd,36.049268980976194,0,123,38.505859375
spectrum,4327,2884017440,512,1,8,61,fec6b2fa,36.05728054093197,0,101,31.279296875
spectrum,4328,2884657440,512,1,8,61,d91e0c8f,36.065291328006424,0,101,31.470703125
spectrum,4329,2885376720,512,1,8,61,120d671c,36.07433626893908,0,92,31.564453125
spectrum,4330,2886019680,512,1,8,64,88084100,36.082344832015224,0,106,33.923828125
spectrum,4331,2886657840,512,1,8,61,f18f654c,36.090322987991385,0,106,30.771484375
spectrum,4332,2887376960,512,1,8,62,fc577520,36.09928314900026,0,102,30.818359375
spectrum,4333,2888017760,512,1,8,33,4fa3197f,36.10731616895646,0,125,31.70703125
spectrum,4334,2888658480,512,1,8,59,13c2db33,36.11529054795392,0,100,30.6875
spectrum,4335,2889377280,512,1,8,64,8e528dda,36.12430959998164,0,104,34.2109375
spectrum,4336,2890017840,512,1,8,64,750be605,36.132275431999005,0,107,33.357421875
spectrum,4337,2890657760,512,1,8,60,a4ef5995,36.14027255401015,0,90,31.009765625
spectrum,4338,2891376960,512,1,8,60,0e971232,36.14933227293659,0,97,30.4375
spectrum,4339,2892017760,512,1,8,72,fcc2be5d,36.157294688979164,0,132,42.17578125
spectrum,4340,2892657760,512,1,8,72,f37490e6,36.165290929959156,0,138,41.814453125
spectrum,4341,2893376960,512,1,8,60,886f7c2b,36.174315131036565,0,97,30.65234375
spectrum,4342,2894019920,512,1,8,34,ec28e04c,36.18232605897356,0,125,29.48046875
spectrum,4343,2894659200,512,1,8,35,3a2f558e,36.19024659600109,0,125,31.015625
spectrum,4344,2895377600,512,1,8,35,594c5bda,36.19929421204142,0,132,25.328125
spectrum,4345,2896019440,512,1,8,36,10281cbd,36.207312213024125,0,127,30.294921875
spectrum,4346,2896659040,512,1,8,60,6fa32cfb,36.21528258500621,0,90,29.443359375
spectrum,4347,2897377280,512,1,8,61,be8ccaa1,36.22429345094133,0,97,32.197265625
spectrum,4348,2898017840,512,1,8,62,9fe7142f,36.23235935298726,0,99,32.5625
spectrum,4349,2898657760,512,1,8,60,bef47138,36.24031751102302,0,90,30.927734375
spectrum,4350,2899376960,512,1,8,60,f682a118,36.2492772010155,0,90,31.07421875
spectrum,4351,2900017760,512,1,8,60,cf690889,36.25729981099721,0,95,31.47265625
spectrum,4352,2900657760,512,1,8,60,7ea840d7,36.265331637929194,0,92,30.35546875
spectrum,4353,2901376960,512,1,8,61,cd52dd0f,36.27426561899483,0,93,31.767578125
spectrum,4354,2902017760,512,1,8,61,f274cdde,36.282174475025386,0,99,30.9921875
spectrum,4355,2902662320,512,1,8,60,70a3610c,36.290306490962394,0,99,30.537109375
spectrum,4356,2903376720,512,1,8,61,69add64b,36.299403259996325,0,97,32.390625
spectrum,4357,2904017440,512,1,8,61,e0021a6a,36.30737244896591,0,98,31.875
spectrum,4358,2904659680,512,1,8,61,b7025678,36.31536437093746,0,101,30.88671875
spectrum,4359,2905377920,512,1,8,59,358d75d5,36.32430189894512,0,91,30.39453125
spectrum,4360,2906018480,512,1,8,59,bcb75fdf,36.33231330802664,0,95,29.375
spectrum,4361,2906657760,512,1,8,62,6ab553df,36.34049800399225,0,107,32.482421875
spectrum,4362,2907376960,512,1,8,62,d3fcee7c,36.34935245499946,0,98,31.6015625
spectrum,4363,2908017760,512,1,8,60,155be990,36.35725550900679,0,95,31.1484375
spectrum,4364,2908657760,512,1,8,60,cd6f1d1c,36.36539531103335,0,95,30.75390625
spectrum,4365,2909376960,512,1,8,63,01745e38,36.374273787019774,0,102,33.638671875
spectrum,4366,2910017760,512,1,8,63,81752be5,36.3823021579301,0,112,32.87109375
spectrum,4367,2910659040,512,1,8,35,01ecb4b4,36.390259383944795,0,130,29.615234375
spectrum,4368,2911376960,512,1,8,60,95dcb9a2,36.399359980016015,0,100,30.359375
spectrum,4369,2912017440,512,1,8,61,ab16fc91,36.40733396797441,0,96,31.93359375
spectrum,4370,2912657440,512,1,8,33,f4895624,36.41506151098292,0,124,30.35546875
spectrum,4371,2913376960,512,1,8,61,aef847e2,36.424329002038576,0,95,31.572265625
spectrum,4372,2914018240,512,1,8,60,a4fdaf1b,36.432360028033145,0,95,30.560546875
spectrum,4373,2914657440,512,1,8,72,698a5e37,36.44026577693876,12,141,76.26953125
spectrum,4374,2915376960,512,1,8,60,ff5c8f42,36.44928178295959,0,94,31.07421875
spectrum,4375,2916017520,512,1,8,63,246a5131,36.45729291194584,0,108,33.42578125
spectrum,4376,2916657440,512,1,8,61,ee77ecdd,36.46526806196198,0,96,31.40625
spectrum,4377,2917376720,512,1,8,38,786aa835,36.47428568103351,0,122,38.8203125
spectrum,4378,2918017440,512,1,8,60,fdaec984,36.48244958801661,0,89,31.03125
spectrum,4379,2918590400,512,1,8,58,e0b5e422,36.48926802398637,0,96,28.75390625
spectrum,4380,2919296960,512,1,8,62,b1b9c425,36.498286925954744,0,98,31.4140625
spectrum,4381,2919937440,512,1,8,60,d195a05e,36.506285269977525,0,90,29.15625
spectrum,4382,2920577440,512,1,8,60,f722bdbe,36.516988201998174,0,90,30.134765625
spectrum,4383,2921297280,512,1,8,62,c86d04a2,36.52330747502856,0,100,32.92578125
spectrum,4384,2921939120,512,1,8,62,eaec8d56,36.53131214098539,0,110,31.861328125
spectrum,4385,2922577520,512,1,8,62,8141210e,36.5392067800276,0,104,32.66015625
spectrum,4386,2923296720,512,1,8,62,faafa3a8,36.54867233498953,0,99,33.28515625
spectrum,4387,2923937440,512,1,8,62,4c546e8a,36.55643145693466,0,103,31.69921875
spectrum,4388,2924577440,512,1,8,61,a2a7a648,36.56428155093454,0,91,31.00390625
spectrum,4389,2925296720,512,1,8,61,10e3bde9,36.573297386989,0,94,31.3984375
spectrum,4390,2925937440,512,1,8,60,ffbc5ea5,36.581540343002416,0,91,29.23046875
spectrum,4391,2926579680,512,1,8,60,8b38a7bf,36.58925179601647,0,90,29.865234375
spectrum,4392,2927296960,512,1,8,60,e16779a0,36.59869047999382,0,92,31.65625
spectrum,4393,2927937520,512,1,8,61,243f17f7,36.6062708949903,0,92,30.49609375
spectrum,4394,2928577440,512,1,8,60,e57fe267,36.61430580797605,0,93,30.908203125
spectrum,4395,2929297280,512,1,8,60,6dc88370,36.62328024592716,0,99,30.521484375
spectrum,4396,2929940000,512,1,8,59,fe0f312b,36.631322692963295,0,103,29.154296875
spectrum,4397,2930577520,512,1,8,60,b0e88866,36.63926985103171,0,90,30.55078125
spectrum,4398,2931296720,512,1,8,60,e07746ed,36.648341150954366,0,96,30.875
spectrum,4399,2931937440,512,1,8,72,64f408ec,36.65627552499063,0,131,41.849609375
spectrum,4400,2932577440,512,1,8,72,183fec7f,36.664319806033745,0,131,40.666015625
spectrum,4401,2933296720,512,1,8,61,1db40af5,36.67326123092789,0,101,32.033203125
spectrum,4402,2933937440,512,1,8,61,f9dab2cc,36.681300272000954,0,95,31.669921875
spectrum,4403,2934577440,512,1,8,61,5a165c94,36.68927221593913,0,92,31.2734375
spectrum,4404,2935297280,512,1,8,63,40860650,36.69830788997933,0,104,31.953125
spectrum,4405,2935937840,512,1,8,61,e68d2d26,36.70628921198659,0,92,31.603515625
spectrum,4406,2936577760,512,1,8,61,0d8f93d3,36.71429711394012,0,90,31.125
spectrum,4407,2937300720,512,1,8,60,aa08ce4b,36.72333234595135,0,99,31.541015625
spectrum,4408,2937938480,512,1,8,58,6034f61a,36.731375245028175,0,101,29.87109375
spectrum,4409,2938578560,512,1,8,72,94b22f36,36.73932088899892,0,134,42.09765625
spectrum,4410,2939296720,512,1,8,72,38bcf99e,36.748320393962786,0,131,40.892578125
spectrum,4411,2939937440,512,1,8,72,5f057e84,36.756360817933455,0,133,41.3125
spectrum,4412,2940577440,512,1,8,62,fa4c288d,36.76437673496548,0,98,33.12890625
spectrum,4413,2941296720,512,1,8,62,2ddf3f4d,36.77328106993809,0,95,32.173828125
spectrum,4414,2941937440,512,1,8,62,2d7dc846,36.78129183803685,0,97,31.0859375
spectrum,4415,2942577440,512,1,8,61,e4b6f2e6,36.78935569594614,0,94,30.361328125
spectrum,4416,2943297920,512,1,8,60,24d7712a,36.798297591973096,0,111,29.783203125
spectrum,4417,2943938480,512,1,8,60,314509fa,36.80628681892995,0,106,29.861328125
spectrum,4418,2944577760,512,1,8,61,be038d94,36.814407635014504,0,92,30.830078125
spectrum,4419,2945296960,512,1,8,62,e5ee90c6,36.82333500299137,0,99,33.123046875
spectrum,4420,2945938800,512,1,8,60,98c68fc3,36.83137354394421,0,100,30.857421875
spectrum,4421,2946579360,512,1,8,60,527bdfaa,36.839307014946826,0,104,29.482421875
spectrum,4422,2947296960,512,1,8,60,012c74ae,36.848335554939695,0,100,30.76953125
spectrum,4423,2947937760,512,1,8,60,ae156500,36.8563142119674,0,105,31.462890625
spectrum,4424,2948577760,512,1,8,60,c6dbd08a,36.86587559792679,0,100,32.078125
spectrum,4425,2949296960,512,1,8,61,22792197,36.873277846956626,0,94,31.185546875
spectrum,4426,2949937520,512,1,8,60,233f34d9,36.881291199009866,0,92,30.51171875
spectrum,4427,2950577440,512,1,8,72,62fa6f27,36.88932028203271,0,131,42.53515625
spectrum,4428,2951296720,512,1,8,36,b2726f54,36.898343470995314,0,118,32.65234375
spectrum,4429,2951938480,512,1,8,72,ffbab402,36.90626006096136,0,127,40.560546875
spectrum,4430,2952577520,512,1,8,62,81d34210,36.914302387973294,0,94,32.373046875
spectrum,4431,2953296720,512,1,8,60,9b349a4c,36.92324569693301,0,109,30.513671875
spectrum,4432,2953939280,512,1,8,62,6e9eec20,36.931364638963714,0,90,31.482421875
spectrum,4433,2954579120,512,1,8,61,153adb55,36.93928195000626,0,91,30.783203125
spectrum,4434,2955296720,512,1,8,61,783f2421,36.94834676897153,0,99,30.263671875
spectrum,4435,2955937440,512,1,8,61,f9357a7a,36.95626078394707,0,95,31.2890625
spectrum,4436,2956577440,512,1,8,61,8acd523b,36.964315113960765,0,95,30.984375
spectrum,4437,2957296720,512,1,8,61,5d6515ea,36.973297636024654,0,95,30.7421875
spectrum,4438,2957937440,512,1,8,60,8105725c,36.98139230301604,0,104,31.03515625
spectrum,4439,2958577440,512,1,8,61,d3b4fc47,36.989302670932375,0,96,31.12890625
spectrum,4440,2959296720,512,1,8,61,1ff93662,36.99830934894271,0,97,30.37109375
spectrum,4441,2959939280,512,1,8,35,f287ffdb,37.0063077530358,0,120,29.4140625
spectrum,4442,2960579440,512,1,8,60,c3bee060,37.01437674101908,0,100,30.712890625
spectrum,4443,2961296960,512,1,8,63,e254b4e5,37.02329027396627,0,95,32.53125
spectrum,4444,2961940000,512,1,8,63,0dd1d78a,37.03130350599531,0,97,32.490234375
spectrum,4445,2962577520,512,1,8,63,484a3871,37.03933241800405,0,101,32.693359375
spectrum,4446,2963296960,512,1,8,60,66d83871,37.048199092037976,0,89,30.248046875
spectrum,4447,2963940640,512,1,8,60,3cb237e1,37.05628710601013,0,97,30.458984375
spectrum,4448,2964577440,512,1,8,62,fbd79357,37.064356604008935,0,93,31.09375
spectrum,4449,2965297600,512,1,8,60,c4fb5abb,37.07332228496671,0,96,29.142578125
spectrum,4450,2965937760,512,1,8,60,ac3480c3,37.08136807894334,0,97,31.513671875
spectrum,4451,2966577760,512,1,8,60,06ff4aeb,37.089295238954946,0,94,29.990234375
spectrum,4452,2967296960,512,1,8,61,c12dad28,37.09833308600355,0,92,31.724609375
spectrum,4453,2967939040,512,1,8,61,26f36d1a,37.10628543398343,0,95,31.638671875
spectrum,4454,2968577520,512,1,8,61,fa7c23e9,37.11431429500226,0,96,32.6640625
spectrum,4455,2969296720,512,1,8,61,651dc4f2,37.12339466297999,0,91,32.0625
spectrum,4456,2969937440,512,1,8,33,ca958b8a,37.131496332003735,0,123,31.216796875
spectrum,4457,2970578480,512,1,8,61,a2cf626f,37.13934554497246,0,98,30.576171875
spectrum,4458,2971297280,512,1,8,61,776aaf6c,37.14837136992719,0,92,30.923828125
spectrum,4459,2971937840,512,1,8,61,33500318,37.15628463297617,0,96,31.9609375
spectrum,4460,2972577760,512,1,8,63,b3b92db2,37.16428945004009,0,103,32.25390625
spectrum,4461,2973296960,512,1,8,60,c9f5f851,37.17329801199958,0,95,30.044921875
spectrum,4462,2973937760,512,1,8,61,545cd27c,37.18130267795641,0,97,32.39453125
spectrum,4463,2974577760,512,1,8,60,6caf79c3,37.18930157297291,0,94,30.826171875
spectrum,4464,2975296960,512,1,8,60,4eeca2e3,37.198310025036335,0,118,35.57421875
spectrum,4465,2975940000,512,1,8,60,e1348556,37.20630252803676,0,113,36.35546875
spectrum,4466,2976577520,512,1,8,60,baedc8db,37.21478877402842,0,94,30.43359375
spectrum,4467,2977296720,512,1,8,61,15a88587,37.22327660198789,0,96,30.861328125
spectrum,4468,2977937440,512,1,8,61,47b03820,37.23129656701349,0,89,30.041015625
spectrum,4469,2978579360,512,1,8,64,0fcafd50,37.23928897001315,0,108,34.1484375
spectrum,4470,2979296960,512,1,8,59,c2772cc1,37.24828982795589,0,93,30.099609375
spectrum,4471,2979937520,512,1,8,60,440d9713,37.25628645892721,0,90,30.505859375
spectrum,4472,2980577440,512,1,8,60,4c40506d,37.26430729601998,0,88,30.625
spectrum,4473,2981296720,512,1,8,60,651aabb8,37.27332946297247,0,95,29.6640625
spectrum,4474,2981937440,512,1,8,61,d640993d,37.281619798974134,0,94,31.255859375
spectrum,4475,2982577440,512,1,8,63,39b5eaf9,37.28930988092907,0,97,33.501953125
spectrum,4476,2983296720,512,1,8,63,fb564977,37.29817291803192,0,96,33.43359375
spectrum,4477,2983940560,512,1,8,60,5bbd45aa,37.30626929795835,0,90,30.8046875
spectrum,4478,2984579200,512,1,8,62,7c86f37d,37.314331172034144,0,95,31.857421875
spectrum,4479,2985296720,512,1,8,60,c246effa,37.32328032201622,0,96,30.431640625
spectrum,4480,2985937440,512,1,8,60,076ef599,37.33130086795427,0,102,31.08984375
spectrum,4481,2986579360,512,1,8,61,fe8ea515,37.3392845839262,0,94,30.814453125
spectrum,4482,2987297920,512,1,8,62,b0bf5121,37.34904355392791,0,95,31.51953125
spectrum,4483,2987938480,512,1,8,60,e6637688,37.356318781967275,0,96,30.099609375
spectrum,4484,2988577760,512,1,8,60,a41e7526,37.36432110401802,0,92,30.583984375
spectrum,4485,2989296960,512,1,8,61,5f4a204d,37.37331830395851,0,95,31.505859375
spectrum,4486,2989937760,512,1,8,61,7fd05b35,37.38133313995786,0,97,31.80078125
spectrum,4487,2990577760,512,1,8,61,c991ec71,37.38931093493011,0,98,30.69140625
spectrum,4488,2991296960,512,1,8,61,7b9b6d44,37.39830709400121,0,96,31.4765625
spectrum,4489,2991937760,512,1,8,72,6cb3f9b6,37.40630108001642,0,135,43.546875
spectrum,4490,2992579040,512,1,8,60,2e1bf075,37.41431791894138,0,88,30.275390625
spectrum,4491,2993296720,512,1,8,61,a04aaa97,37.423323945957236,0,98,31.2109375
spectrum,4492,2993937440,512,1,8,61,b9ef9ecb,37.43133674794808,0,96,30.890625
spectrum,4493,2994577440,512,1,8,33,39767587,37.43932619492989,0,123,31.234375
spectrum,4494,2995296960,512,1,8,61,0f3ee81b,37.44832443795167,12,113,66.884765625
spectrum,4495,2995938320,512,1,8,60,75d3ca87,37.45884096703958,0,122,33.326171875
spectrum,4496,2996577520,512,1,8,60,7be30eb1,37.46432405197993,0,96,30.87109375
spectrum,4497,2997296720,512,1,8,60,782d8c64,37.47332978795748,0,91,30.720703125
spectrum,4498,2997937440,512,1,8,60,534d8153,37.48134473396931,0,104,31.951171875
spectrum,4499,2998577440,512,1,8,63,63ee2884,37.48935202497523,0,102,33.435546875
spectrum,4500,2999296720,512,1,8,63,a1b55d37,37.49836695892736,0,102,32.359375
spectrum,4501,2999937440,512,1,8,60,9544dce1,37.50630897702649,0,99,30.341796875
spectrum,4502,3000513040,512,1,8,60,cc759481,37.51335856993683,0,103,30.048828125
spectrum,4503,3001216960,512,1,8,60,ac47c44a,37.52231789904181,0,93,29.4609375
spectrum,4504,3001857760,512,1,8,60,e3ae3067,37.530349495937116,0,92,30.33984375
spectrum,4505,3002497760,512,1,8,60,f1b480be,37.538324024993926,0,97,30.83203125
spectrum,4506,3003216960,512,1,8,60,089e3c8f,37.547484804992564,0,90,30.427734375
spectrum,4507,3003859360,512,1,8,60,ea49dbf1,37.55539208697155,0,100,29.33203125
spectrum,4508,3004501280,512,1,8,62,a16373c9,37.563318224973045,0,92,31.9375
spectrum,4509,3005216960,512,1,8,62,ed928bd5,37.57232308003586,0,98,31.654296875
spectrum,4510,3005857760,512,1,8,62,6d11b11f,37.580323026981205,0,103,32.73046875
spectrum,4511,3006497760,512,1,8,62,01b33e7f,37.5883303679293,0,99,31.34765625
spectrum,4512,3007216960,512,1,8,62,620d47e8,37.59953833394684,0,101,31.4921875
spectrum,4513,3007857760,512,1,8,64,d935abaa,37.60534652194474,0,104,32.169921875
spectrum,4514,3008497760,512,1,8,64,334f738a,37.61666765098926,0,103,34.505859375
spectrum,4515,3009217280,512,1,8,59,cb92a0e4,37.62234156602062,0,101,29.265625
spectrum,4516,3009857520,512,1,8,58,f93f0715,37.630380245973356,0,103,29.201171875
spectrum,4517,3010497440,512,1,8,36,1bc5730f,37.63831706403289,0,126,35.693359375
spectrum,4518,3011217280,512,1,8,60,e260f724,37.64741364202928,0,98,29.94140625
spectrum,4519,3011860320,512,1,8,62,5e6533fc,37.655331725021824,0,90,31.318359375
spectrum,4520,3012497520,512,1,8,62,2b2cce3b,37.663348724949174,0,91,31.765625
spectrum,4521,3013217600,512,1,8,62,4611fa52,37.67232484498527,0,93,31.9921875
spectrum,4522,3013858160,512,1,8,62,9d269146,37.68119714001659,0,97,33.181640625
spectrum,4523,3014497760,512,1,8,62,ea5bd260,37.68828729900997,0,99,31.59375
spectrum,4524,3015216960,512,1,8,64,42c5a078,37.69739045994356,0,98,32.90625
spectrum,4525,3015857760,512,1,8,64,64e02173,37.70530497597065,0,106,33.755859375
spectrum,4526,3016497760,512,1,8,38,0fec281c,37.713730326038785,0,126,34.474609375
spectrum,4527,3017216960,512,1,8,35,058cf0a1,37.722334354999475,0,124,31.048828125
spectrum,4528,3017859360,512,1,8,72,e5d9446d,37.73126697295811,0,147,55.5234375
spectrum,4529,3018497920,512,1,8,60,40be51b1,37.73834065103438,0,105,29.84375
spectrum,4530,3019222160,512,1,8,63,5733e456,37.74733307294082,0,96,33.216796875
spectrum,4531,3019858480,512,1,8,63,da37876e,37.75533696694765,0,102,32.36328125
spectrum,4532,3020498560,512,1,8,60,7035e08e,37.76346248202026,0,103,30.68359375
spectrum,4533,3021216720,512,1,8,38,8f75af38,37.772353622014634,0,107,30.84765625
spectrum,4534,3021857440,512,1,8,62,e2ed1e92,37.780711925937794,0,95,32.208984375
spectrum,4535,3022497440,512,1,8,62,c80668b4,37.78832432196941,0,95,31.76171875
spectrum,4536,3023217920,512,1,8,57,c17a6545,37.797288800007664,0,107,28.0234375
spectrum,4537,3023858400,512,1,8,61,f9d73fc4,37.80531091999728,0,93,30.787109375
spectrum,4538,3024497760,512,1,8,58,137a6c05,37.81342380994465,0,102,28.08984375
spectrum,4539,3025216960,512,1,8,59,8c02e919,37.82233301503584,0,98,29.880859375
spectrum,4540,3025857520,512,1,8,62,a5319aee,37.83031515800394,0,95,30.990234375
spectrum,4541,3026497440,512,1,8,62,0e5ed0ee,37.83832133701071,0,99,30.798828125
spectrum,4542,3027216720,512,1,8,62,6b651af9,37.84737855102867,0,101,33.173828125
spectrum,4543,3027859120,512,1,8,60,c6cd0fce,37.855414455989376,0,95,30.7890625
spectrum,4544,3028499440,512,1,8,72,296f220c,37.86336874694098,0,129,41.291015625
spectrum,4545,3029216960,512,1,8,60,4e02abf4,37.87228667794261,0,107,30.03125
spectrum,4546,3029857520,512,1,8,62,445f8260,37.880607681931,0,96,32.380859375
spectrum,4547,3030497440,512,1,8,62,652055dd,37.888305488973856,0,96,31.033203125
spectrum,4548,3031216720,512,1,8,64,34fb2123,37.89737717004027,0,109,34.294921875
spectrum,4549,3031857440,512,1,8,62,bfed24ce,37.905304840998724,0,98,31.2890625
spectrum,4550,3032497440,512,1,8,62,fb5e5522,37.913339413003996,0,93,32.0546875
spectrum,4551,3033217280,512,1,8,32,e9e5fb4e,37.92299916502088,0,127,35.22265625
spectrum,4552,3033859440,512,1,8,33,e496c8d8,37.930345637956634,0,123,30.119140625
spectrum,4553,3034499040,512,1,8,60,d194ee15,37.938287605997175,0,96,30.005859375
spectrum,4554,3035216720,512,1,8,39,168f8aa7,37.94747755094431,0,120,36.912109375
spectrum,4555,3035859360,512,1,8,60,fc38ae0e,37.95689642697107,0,96,30.236328125
spectrum,4556,3036499040,512,1,8,72,1deb7939,37.963327622041106,0,134,42.6953125
spectrum,4557,3037217280,512,1,8,60,5612cc1d,37.97231384203769,0,103,29.3828125
spectrum,4558,3037857840,512,1,8,60,62a522ed,37.98034098104108,0,100,30.07421875
spectrum,4559,3038497760,512,1,8,60,fd6d76cb,37.988312214030884,0,100,30.962890625
spectrum,4560,3039216960,512,1,8,60,947976cc,37.99734168499708,0,96,30.8125
spectrum,4561,3039857760,512,1,8,60,75abc084,38.00542638299521,0,101,30.4140625
spectrum,4562,3040497760,512,1,8,61,449494db,38.01334269193467,0,94,31.2265625
spectrum,4563,3041216960,512,1,8,60,d9015a44,38.02231038699392,0,98,29.6328125
spectrum,4564,3041859360,512,1,8,60,5db81308,38.03032888902817,0,95,31.158203125
spectrum,4565,3042497840,512,1,8,61,75bdeb1d,38.03835645900108,0,90,30.29296875
spectrum,4566,3043216960,512,1,8,61,ab61b835,38.047279980033636,0,100,31.513671875
spectrum,4567,3043859920,512,1,8,59,2c2355b7,38.055321124964394,0,99,29.23046875
spectrum,4568,3044497520,512,1,8,60,17760b9a,38.06337267998606,0,93,30.181640625
spectrum,4569,3045216960,512,1,8,60,0a6738be,38.072260583983734,0,97,30.560546875
spectrum,4570,3045860640,512,1,8,60,199aaa1f,38.080381119041704,0,99,30.197265625
spectrum,4571,3046497440,512,1,8,60,d4847274,38.08832131396048,0,95,30.943359375
spectrum,4572,3047216720,512,1,8,60,bd90de50,38.097374539938755,0,96,30.77734375
spectrum,4573,3047857440,512,1,8,60,9f213702,38.105800310964696,0,106,30.064453125
spectrum,4574,3048497440,512,1,8,60,27d9c6bf,38.11374860093929,0,96,30.234375
spectrum,4575,3049216720,512,1,8,59,1186cbab,38.12236135592684,0,99,29.4609375
spectrum,4576,3049859600,512,1,8,72,58d4ebed,38.13166661793366,0,118,41.693359375
spectrum,4577,3050497840,512,1,8,60,04678dcd,38.13848974299617,0,96,31.37890625
spectrum,4578,3051216960,512,1,8,61,7ee66c61,38.14734124799725,0,95,31.5703125
spectrum,4579,3051857760,512,1,8,32,2c09d425,38.15535861894023,0,120,31.115234375
spectrum,4580,3052498480,512,1,8,60,9b87adf2,38.16334304702468,0,99,29.91796875
spectrum,4581,3053217280,512,1,8,60,878aac7a,38.17300967103802,0,95,29.560546875
spectrum,4582,3053857840,512,1,8,60,01e67cfc,38.18044044403359,0,89,30.19921875
spectrum,4583,3054497760,512,1,8,60,06abe83b,38.18836255394854,0,94,30.658203125
spectrum,4584,3055216960,512,1,8,60,464cb6b5,38.199962610029615,0,98,30.470703125
spectrum,4585,3055857760,512,1,8,60,575a0cbb,38.207256434019655,0,100,31.234375
spectrum,4586,3056497760,512,1,8,60,f9e198b0,38.21345020993613,0,98,30.51953125
spectrum,4587,3057216960,512,1,8,63,461f6acc,38.22237708803732,0,94,32.009765625
spectrum,4588,3057859920,512,1,8,64,67bb5205,38.23037122399546,0,95,32.529296875
spectrum,4589,3058497520,512,1,8,64,3a512d91,38.2384408529615,0,96,32.357421875
spectrum,4590,3059216720,512,1,8,60,fda8c023,38.24733748403378,0,102,30.009765625
spectrum,4591,3059857440,512,1,8,60,0e6d712c,38.25568172102794,0,94,29.19921875
spectrum,4592,3060499360,512,1,8,63,1ba66473,38.26335455093067,0,100,33.69921875
spectrum,4593,3061216960,512,1,8,63,94aa9dbd,38.272350708954036,0,96,31.68359375
spectrum,4594,3061857520,512,1,8,61,30756333,38.28085616102908,0,93,30.900390625
spectrum,4595,3062497440,512,1,8,61,e3e65fa3,38.288320055929944,0,91,30.607421875
spectrum,4596,3063216720,512,1,8,61,2de82a60,38.29779710294679,0,93,30.7421875
spectrum,4597,3063857440,512,1,8,61,6b9a4489,38.30533297394868,0,93,30.38671875
spectrum,4598,3064497440,512,1,8,61,72f25008,38.313344422960654,0,95,31.47265625
spectrum,4599,3065216720,512,1,8,72,72ec3878,38.32220180996228,0,131,39.75390625
spectrum,4600,3065860640,512,1,8,60,4f5edeb6,38.33065404102672,0,101,30.650390625
spectrum,4601,3066499200,512,1,8,33,cd975f34,38.3383224819554,0,126,29.85546875
spectrum,4602,3067216960,512,1,8,59,dd9ff340,38.34736490796786,0,103,29.61328125
spectrum,4603,3067857440,512,1,8,60,34d5a46a,38.35534948599525,0,101,29.583984375
spectrum,4604,3068499280,512,1,8,60,66dae973,38.36360733094625,0,95,30.673828125
spectrum,4605,3069217920,512,1,8,65,1d205f97,38.372301499010064,0,100,33.642578125
spectrum,4606,3069858480,512,1,8,65,1c7ba89c,38.3803840019973,0,102,34.896484375
spectrum,4607,3070497760,512,1,8,61,5aa46c5a,38.38832640100736,0,90,30.0
spectrum,4608,3071216960,512,1,8,61,a258ecf3,38.39787847897969,0,94,31.052734375
spectrum,4609,3071857760,512,1,8,61,26e0b66c,38.4053072379902,0,87,29.5078125
spectrum,4610,3072497760,512,1,8,61,5c56b744,38.41337018401828,0,90,30.2734375
spectrum,4611,3073216960,512,1,8,63,a1b58d21,38.42234515293967,0,98,31.671875
spectrum,4612,3073857760,512,1,8,63,dda2dba8,38.430653563002124,0,106,32.583984375
spectrum,4613,3074499040,512,1,8,61,191349fc,38.43835523701273,0,97,31.548828125
spectrum,4614,3075216720,512,1,8,60,dd9219ef,38.44737693294883,0,93,31.232421875
spectrum,4615,3075857440,512,1,8,60,90458894,38.45529495598748,0,98,29.275390625
spectrum,4616,3076497440,512,1,8,31,c2443c68,38.4633208620362,0,122,28.140625
spectrum,4617,3077216960,512,1,8,59,2ccd85ee,38.472339533036575,0,95,29.509765625
spectrum,4618,3077858240,512,1,8,61,c69e0190,38.48033085395582,0,90,31.6328125
spectrum,4619,3078497520,512,1,8,61,39ff5274,38.488550166017376,0,91,31.298828125
spectrum,4620,3079216720,512,1,8,62,51e55fce,38.49802577996161,0,107,32.615234375
spectrum,4621,3079859360,512,1,8,60,4b20e20e,38.50534841802437,0,99,30.392578125
spectrum,4622,3080497840,512,1,8,60,019a0082,38.513366500032134,0,94,30.671875
spectrum,4623,3081216960,512,1,8,60,049289a4,38.52233795193024,0,100,30.0859375
spectrum,4624,3081857760,512,1,8,60,afe78612,38.53031357296277,0,96,29.337890625
spectrum,4625,3082438880,512,1,8,33,02c5e721,38.53740191902034,0,127,29.560546875
spectrum,4626,3083137600,512,1,8,61,e8b86f45,38.546610187971964,0,94,30.4765625
spectrum,4627,3083778160,512,1,8,59,7c2eed0f,38.55433381302282,0,94,29.12890625
spectrum,4628,3084417760,512,1,8,60,70313d62,38.562340353033505,0,93,29.7890625
spectrum,4629,3085137280,512,1,8,63,0ee07362,38.571350969024934,0,96,32.375
spectrum,4630,3085779120,512,1,8,60,b01b17a4,38.58023844193667,0,92,29.84375
spectrum,4631,3086420960,512,1,8,60,7d9c0f41,38.58733296999708,0,104,30.208984375
spectrum,4632,3087136720,512,1,8,60,be4c9225,38.5963814270217,0,96,30.607421875
spectrum,4633,3087778800,512,1,8,72,cfd1b50f,38.60436092596501,0,135,42.5703125
spectrum,4634,3088417520,512,1,8,72,7923c3fb,38.612315568025224,0,132,41.98046875
spectrum,4635,3089136720,512,1,8,72,fef5a5cc,38.621383041027,0,138,41.390625
spectrum,4636,3089778800,512,1,8,59,059ba00d,38.62935731001198,0,102,28.822265625
spectrum,4637,3090417520,512,1,8,62,a5b729a7,38.63733295095153,0,92,30.884765625
spectrum,4638,3091136960,512,1,8,60,4dadb9de,38.64638965402264,0,96,30.58203125
spectrum,4639,3091777520,512,1,8,58,c6564d3c,38.654367189039476,0,103,29.15625
spectrum,4640,3092419360,512,1,8,60,3989b97f,38.662316250032745,0,97,29.025390625
spectrum,4641,3093136960,512,1,8,61,14f0dffe,38.67129882297013,0,93,30.302734375
spectrum,4642,3093780320,512,1,8,59,ee6f1a0f,38.679347962955944,0,99,29.5078125
spectrum,4643,3094419120,512,1,8,62,8d4a10c9,38.687430587015115,0,97,32.1484375
spectrum,4644,3095136720,512,1,8,60,e2f25f64,38.696628776961006,0,99,30.0625
spectrum,4645,3095777440,512,1,8,60,95b3835f,38.70435384497978,0,93,30.384765625
spectrum,4646,3096417440,512,1,8,60,71c45c4a,38.71236100594979,0,102,30.048828125
spectrum,4647,3097137280,512,1,8,60,8352cbd6,38.72132779902313,0,98,29.548828125
spectrum,4648,3097777840,512,1,8,60,e23ff794,38.729358033975586,0,92,30.16015625
spectrum,4649,3098417760,512,1,8,60,d0d2bcab,38.73766673402861,0,96,30.767578125
spectrum,4650,3099136960,512,1,8,60,fe374765,38.74633957201149,0,96,29.830078125
spectrum,4651,3099777520,512,1,8,57,d8533202,38.754341813968495,12,144,80.94921875
spectrum,4652,3100417520,512,1,8,61,933f0dbe,38.76329651393462,0,93,31.873046875
spectrum,4653,3101144000,512,1,8,61,c8d682b1,38.77152235794347,0,91,30.275390625
spectrum,4654,3101778480,512,1,8,64,1b7333d8,38.77932663599495,0,99,32.59765625
spectrum,4655,3102418480,512,1,8,63,56b76eaa,38.787368101999164,0,99,32.7265625
spectrum,4656,3103136720,512,1,8,60,af712af5,38.79711586993653,0,97,31.111328125
spectrum,4657,3103777440,512,1,8,60,5305e333,38.80444356694352,0,96,29.615234375
spectrum,4658,3104419360,512,1,8,60,bcc4c3d5,38.8123952440219,0,98,30.865234375
spectrum,4659,3105136960,512,1,8,59,977b91d0,38.82139709300827,0,97,29.78515625
spectrum,4660,3105777760,512,1,8,60,39cb57c9,38.82947461702861,0,100,30.388671875
spectrum,4661,3106417760,512,1,8,60,70cbd55e,38.83709008793812,0,99,31.455078125
spectrum,4662,3107136960,512,1,8,60,32c1c265,38.84641399595421,0,91,29.50390625
spectrum,4663,3107777520,512,1,8,60,b4cf5003,38.85433035495225,0,95,30.158203125
spectrum,4664,3108417440,512,1,8,64,8e533727,38.862378482939675,0,97,33.373046875
spectrum,4665,3109136720,512,1,8,64,901e2126,38.871322843944654,0,103,33.705078125
spectrum,4666,3109779120,512,1,8,61,9fc444a1,38.879331397940405,0,92,29.978515625
spectrum,4667,3110419360,512,1,8,61,a18f1f34,38.88733283802867,0,99,30.646484375
spectrum,4668,3111136960,512,1,8,61,e708ad3a,38.89631367800757,0,90,30.37890625
spectrum,4669,3111777760,512,1,8,61,e98aa6f8,38.90430844493676,0,93,30.822265625
spectrum,4670,3112417760,512,1,8,61,6baf78ab,38.912310646963306,0,95,32.11328125
spectrum,4671,3113136960,512,1,8,64,f4fb6ad2,38.92138298903592,0,103,33.12890625
spectrum,4672,3113777760,512,1,8,60,2ae52b80,38.92934945295565,0,94,30.9375
spectrum,4673,3114417760,512,1,8,60,fb33a00f,38.93731685902458,0,93,29.59375
spectrum,4674,3115136960,512,1,8,60,50dff359,38.9463004040299,0,98,30.732421875
spectrum,4675,3115778560,512,1,8,63,e58ffb5a,38.95432193193119,0,96,32.7578125
spectrum,4676,3116417520,512,1,8,61,c597e7f4,38.96235062403139,0,92,31.330078125
spectrum,4677,3117136720,512,1,8,61,3ef73db8,38.97134301497135,0,97,31.13671875
spectrum,4678,3117779360,512,1,8,61,7016ef5b,38.97936051595025,0,95,31.140625
spectrum,4679,3118419040,512,1,8,61,60d642d8,38.98733410297427,0,91,30.556640625
spectrum,4680,3119136720,512,1,8,61,a7969e40,38.9963221460348,0,94,31.990234375
spectrum,4681,3119777440,512,1,8,61,38ccd041,39.00439111399464,0,91,29.96875
spectrum,4682,3120418800,512,1,8,60,e4663a07,39.012329024029896,0,92,31.41015625
spectrum,4683,3121136720,512,1,8,60,89bcf624,39.02135167294182,0,104,30.359375
spectrum,4684,3121777440,512,1,8,64,6aa08898,39.02936937403865,0,95,33.1640625
spectrum,4685,3122417440,512,1,8,64,76487578,39.03740710194688,0,106,33.404296875
spectrum,4686,3123136720,512,1,8,64,94246e6b,39.04756626696326,0,97,33.83984375
spectrum,4687,3123779360,512,1,8,64,426f68d9,39.05430467193946,0,96,33.279296875
spectrum,4688,3124417840,512,1,8,59,0ce869f7,39.06253129802644,0,98,29.8359375
spectrum,4689,3125136960,512,1,8,62,17c60a9c,39.07129537803121,0,96,30.71484375
spectrum,4690,3125780000,512,1,8,59,17d93e18,39.07932494103443,0,98,29.787109375
spectrum,4691,3126417520,512,1,8,62,2c72c554,39.08742138103116,0,94,31.51953125
spectrum,4692,3127136960,512,1,8,62,5a307276,39.0962559239706,0,126,34.107421875
spectrum,4693,3127780640,512,1,8,61,9f33a458,39.10440768802073,0,93,30.82421875
spectrum,4694,3128417440,512,1,8,61,bf1897e2,39.11384327698033,0,116,37.40625
spectrum,4695,3129136720,512,1,8,61,4bc2cc7e,39.12130993697792,0,92,29.296875
spectrum,4696,3129777440,512,1,8,61,074682a9,39.12934351793956,0,96,30.390625
spectrum,4697,3130417440,512,1,8,61,90a0b917,39.13736163894646,0,91,31.083984375
spectrum,4698,3131136720,512,1,8,62,384d8718,39.14795025496278,0,99,31.814453125
spectrum,4699,3131779600,512,1,8,34,c0dcbb5e,39.15432985301595,0,121,30.71875
spectrum,4700,3132419120,512,1,8,34,63711226,39.162377559929155,0,124,30.013671875
spectrum,4701,3133136960,512,1,8,61,d2e55546,39.17137167498004,0,100,30.07421875
spectrum,4702,3133777440,512,1,8,31,dcee6a38,39.17933745798655,0,120,31.072265625
spectrum,4703,3134418480,512,1,8,61,a7df49cc,39.18752794503234,0,89,29.734375
spectrum,4704,3135137280,512,1,8,60,f5c844d0,39.19878847000655,0,103,30.216796875
spectrum,4705,3135777840,512,1,8,72,d60a1a96,39.20434907998424,0,131,41.970703125
spectrum,4706,3136417760,512,1,8,62,b2b7df8f,39.212336182943545,0,92,32.302734375
spectrum,4707,3137136960,512,1,8,62,91308cd9,39.221329546999186,0,94,30.568359375
spectrum,4708,3137777760,512,1,8,62,4e2abae7,39.229592540999874,0,97,30.494140625
spectrum,4709,3138417760,512,1,8,37,fb483977,39.23733364895452,0,128,35.021484375
spectrum,4710,3139136960,512,1,8,61,96d2c014,39.24631883692928,0,104,31.486328125
spectrum,4711,3139780880,512,1,8,61,ebab255c,39.25432616902981,0,93,30.423828125
spectrum,4712,3140417520,512,1,8,61,ff748fd3,39.263070611981675,0,94,29.986328125
spectrum,4713,3141136720,512,1,8,62,3cb6e680,39.27137659699656,0,92,30.275390625
spectrum,4714,3141777440,512,1,8,63,8c558905,39.27931032900233,0,97,32.990234375
spectrum,4715,3142419360,512,1,8,61,e5080c12,39.28843769594096,0,90,30.947265625
spectrum,4716,3143136960,512,1,8,72,54524465,39.2964181159623,0,119,42.26953125
spectrum,4717,3143777520,512,1,8,72,5d6fdafc,39.304350505932234,0,130,41.666015625
spectrum,4718,3144417440,512,1,8,60,ef3a15d3,39.31232030596584,0,109,30.181640625
spectrum,4719,3145136720,512,1,8,60,04b413bd,39.32135365495924,0,103,30.07421875
spectrum,4720,3145777440,512,1,8,59,68fb5f6e,39.32942496694159,0,102,28.56640625
spectrum,4721,3146417440,512,1,8,60,110cfa76,39.337312481948175,0,95,31.111328125
spectrum,4722,3147136720,512,1,8,60,7b49b2ce,39.3470542189898,0,104,30.896484375
spectrum,4723,3147777440,512,1,8,60,1b1b330b,39.354792322032154,0,98,29.419921875
spectrum,4724,3148422320,512,1,8,62,6fd6554a,39.362371454015374,0,95,30.560546875
spectrum,4725,3149136720,512,1,8,62,1c67c39c,39.37134230497759,0,100,31.990234375
spectrum,4726,3149777440,512,1,8,62,eb99d9f1,39.37951183295809,0,96,31.72265625
spectrum,4727,3150419680,512,1,8,62,d59bb120,39.38737936003599,0,118,37.921875
spectrum,4728,3151137920,512,1,8,60,7b63661f,39.39638433500659,0,105,30.94921875
spectrum,4729,3151778480,512,1,8,60,b4ce9455,39.40439909999259,0,96,29.6953125
spectrum,4730,3152417760,512,1,8,62,fc676ebc,39.41272493300494,0,104,32.4140625
spectrum,4731,3153136960,512,1,8,60,85c3efb7,39.4213544690283,0,90,29.205078125
spectrum,4732,3153777760,512,1,8,60,ccc3c410,39.42935954593122,0,96,30.6015625
spectrum,4733,3154417760,512,1,8,60,b0d02388,39.43735597701743,0,93,29.80859375
spectrum,4734,3155136960,512,1,8,62,42a99f7e,39.44734422897454,0,96,32.21875
spectrum,4735,3155777760,512,1,8,62,359363a0,39.45434973901138,0,94,31.748046875
spectrum,4736,3156419040,512,1,8,61,4c554ed8,39.46244781103451,0,94,30.15234375
spectrum,4737,3157136720,512,1,8,59,a2be2953,39.47133477393072,0,97,28.50390625
spectrum,4738,3157777440,512,1,8,62,9563e423,39.47947598795872,0,98,32.083984375
spectrum,4739,3158417440,512,1,8,33,7b9cb651,39.48738402198069,0,128,24.884765625
spectrum,4740,3159136960,512,1,8,62,ce80ae94,39.49635773804039,0,98,31.857421875
spectrum,4741,3159778240,512,1,8,61,4927c341,39.504342886968516,0,95,30.4609375
spectrum,4742,3160417440,512,1,8,72,a1c8bee6,39.51237798098009,0,135,41.787109375
spectrum,4743,3161136720,512,1,8,72,8f1b7aed,39.525411132955924,0,128,40.951171875
spectrum,4744,3161777440,512,1,8,72,dfa64a0f,39.53012467396911,0,132,39.970703125
spectrum,4745,3162417440,512,1,8,72,bf11f275,39.53739658696577,0,134,41.26171875
spectrum,4746,3163136720,512,1,8,61,45b4bc9f,39.54637526196893,0,91,28.5078125
spectrum,4747,3163777440,512,1,8,61,e66c8cb8,39.55431224103086,0,92,31.568359375
spectrum,4748,3164420000,512,1,8,35,a3816721,39.56358795694541,0,128,28.5234375
spectrum,4749,3165137280,512,1,8,61,8e8edbbd,39.5716825829586,0,92,30.41796875
spectrum,4750,3165777840,512,1,8,64,e4a54116,39.579623037949204,0,97,34.00390625
spectrum,4751,3166417760,512,1,8,60,e1aab39e,39.58767569495831,0,95,30.353515625
spectrum,4752,3167136960,512,1,8,61,2d6f5978,39.59636069601402,0,96,31.5703125
spectrum,4753,3167779360,512,1,8,62,d9b0b0fb,39.60541829094291,0,91,31.900390625
spectrum,4754,3168417840,512,1,8,72,0e474566,39.61225000198465,0,135,43.587890625
spectrum,4755,3169136960,512,1,8,72,39278fbb,39.6213188880356,0,129,40.15234375
spectrum,4756,3169777760,512,1,8,72,eb713102,39.629343220964074,0,128,42.041015625
spectrum,4757,3170417760,512,1,8,72,a248c835,39.63731086801272,0,129,41.84375
spectrum,4758,3171136960,512,1,8,59,98c26cad,39.64675947104115,0,109,29.685546875
spectrum,4759,3171777760,512,1,8,60,4638e673,39.65438240603544,0,110,29.404296875
spectrum,4760,3172417760,512,1,8,60,4c78a44e,39.66234123602044,0,109,29.94921875
spectrum,4761,3173137280,512,1,8,61,5446a7ac,39.672065199003555,0,93,29.388671875
spectrum,4762,3173777440,512,1,8,59,67131d19,39.67931162298191,0,109,29.376953125
spectrum,4763,3174417440,512,1,8,62,773b60da,39.687371343025006,0,97,31.779296875
spectrum,4764,3175137280,512,1,8,60,f2f1f954,39.69642529101111,0,102,30.736328125
spectrum,4765,3175779040,512,1,8,61,36ae96d1,39.704368220991455,0,100,30.380859375
spectrum,4766,3176417520,512,1,8,63,30727f28,39.71255785599351,0,97,34.015625
spectrum,4767,3177136720,512,1,8,62,486af41e,39.72131242894102,0,96,31.94140625
spectrum,4768,3177777440,512,1,8,62,d902e5f8,39.7293075369671,0,91,31.126953125
spectrum,4769,3178417440,512,1,8,62,2d782957,39.73736176698003,0,95,31.283203125
spectrum,4770,3179136720,512,1,8,62,1d36fbdb,39.74642664496787,0,100,32.01953125
spectrum,4771,3179777440,512,1,8,62,0c65cadd,39.754322796012275,0,91,30.640625
spectrum,4772,3180417440,512,1,8,62,2e16916c,39.76236862002406,0,92,30.826171875
spectrum,4773,3181137280,512,1,8,34,95ff60af,39.77300328295678,0,124,28.01171875
spectrum,4774,3181778160,512,1,8,60,09ffd895,39.77936122997198,0,99,30.22265625
spectrum,4775,3182417440,512,1,8,62,9b4347be,39.78732004901394,0,99,29.9453125
spectrum,4776,3183137280,512,1,8,60,baffc2c3,39.796431154944,0,106,30.55859375
spectrum,4777,3183777840,512,1,8,72,7bbf38bb,39.80434093193617,0,119,42.01953125
spectrum,4778,3184418560,512,1,8,64,9cd5dd06,39.81232184392866,0,102,33.751953125
spectrum,4779,3185136720,512,1,8,64,10369429,39.82147276494652,0,101,32.25
spectrum,4780,3185777440,512,1,8,60,83706cba,39.82937428599689,0,105,30.64453125
spectrum,4781,3186417440,512,1,8,60,954c1813,39.838089835015126,0,104,30.25
spectrum,4782,3187136720,512,1,8,72,10f31b6f,39.84636963100638,0,131,42.67578125
spectrum,4783,3187777440,512,1,8,72,2aad6e85,39.854336916003376,0,121,41.822265625
spectrum,4784,3188417440,512,1,8,59,e832ea95,39.86220851098187,0,111,31.47265625
spectrum,4785,3189137280,512,1,8,60,322e5929,39.87138719402719,0,102,30.71875
spectrum,4786,3189777840,512,1,8,60,14ac7ba6,39.87939020793419,0,104,30.37109375
spectrum,4787,3190417760,512,1,8,60,5889b885,39.88738290104084,0,105,30.080078125
spectrum,4788,3191136960,512,1,8,34,d86376a6,39.89645098603796,0,127,26.49609375
spectrum,4789,3191778800,512,1,8,61,699bdc60,39.90550905093551,0,94,30.158203125
spectrum,4790,3192419360,512,1,8,60,61427b14,39.91416234197095,0,109,30.611328125
spectrum,4791,3193136960,512,1,8,60,9f52517d,39.923603761941195,0,106,29.466796875
spectrum,4792,3193777760,512,1,8,61,ca3b9677,39.92935485194903,0,96,30.693359375
spectrum,4793,3194417760,512,1,8,61,98796343,39.93767174798995,0,98,30.546875
spectrum,4794,3195136960,512,1,8,61,66cf2ae0,39.94632774498314,0,92,31.296875
spectrum,4795,3195777760,512,1,8,60,b10b19f9,39.95429828600027,0,110,29.90234375
spectrum,4796,3196417760,512,1,8,60,57244f8f,39.962351624970324,0,104,31.52734375
spectrum,4797,3197136960,512,1,8,63,fcf82893,39.97134714201093,0,97,31.3828125
spectrum,4798,3197779040,512,1,8,33,5d3d0636,39.979333083028905,0,125,30.369140625
spectrum,4799,3198419440,512,1,8,61,08d3c2ca,39.98850837000646,0,94,31.11328125
spectrum,4800,3199136960,512,1,8,62,bc3517c9,39.99642367695924,0,99,32.490234375
spectrum,4801,3199777760,512,1,8,33,48489d79,40.00435587693937,0,122,30.51953125
spectrum,4802,3200418800,512,1,8,60,e39a9b54,40.01235972100403,0,101,30.87890625
spectrum,4803,3201136960,512,1,8,60,2011fa15,40.02133469004184,0,98,31.021484375
spectrum,4804,3201777760,512,1,8,60,8dfa92c3,40.029370995936915,0,94,30.9296875
spectrum,4805,3202417760,512,1,8,60,95bc0fc2,40.03733653796371,0,103,30.662109375
spectrum,4806,3203136960,512,1,8,60,2c535449,40.046289706020616,0,101,30.5859375
spectrum,4807,3203777760,512,1,8,60,6a0fe1ff,40.05432794499211,0,96,31.390625
spectrum,4808,3204417760,512,1,8,60,cc716fb5,40.062328974949196,0,107,31.20703125
spectrum,4809,3205136960,512,1,8,72,202065cb,40.07137215195689,0,129,40.810546875
spectrum,4810,3205778800,512,1,8,61,2e38bde5,40.0793328860309,0,120,38.001953125
spectrum,4811,3206417520,512,1,8,61,c00b96ab,40.087323494954035,0,93,31.0859375
spectrum,4812,3207136720,512,1,8,60,53dcbec6,40.09923061099835,0,135,43.58984375
spectrum,4813,3207779360,512,1,8,60,c275957a,40.107387895928696,0,100,28.78125
spectrum,4814,3208417840,512,1,8,31,d8240b75,40.11236603592988,0,126,37.455078125
spectrum,4815,3209136960,512,1,8,60,df6354d2,40.121214887010865,0,96,29.78125
spectrum,4816,3209780960,512,1,8,63,c0b0dfe0,40.129340662038885,0,100,33.212890625
spectrum,4817,3210417440,512,1,8,60,8e52f424,40.13734415592626,0,98,29.658203125
spectrum,4818,3211136720,512,1,8,59,f1b18483,40.14635351893958,0,101,29.376953125
spectrum,4819,3211777440,512,1,8,60,08c51bee,40.154321957030334,0,96,29.509765625
spectrum,4820,3212417440,512,1,8,72,d36ea879,40.16514884296339,0,132,41.2421875
spectrum,4821,3213136720,512,1,8,61,0c354ebd,40.17131880496163,0,89,30.83203125
spectrum,4822,3213779680,512,1,8,61,1acd8b54,40.17937639099546,0,91,30.2890625
spectrum,4823,3214417840,512,1,8,60,616820e3,40.187352843931876,0,95,30.38671875
spectrum,4824,3215136960,512,1,8,60,08911677,40.19632778200321,0,102,29.55859375
spectrum,4825,3215777760,512,1,8,60,be310727,40.20437074103393,0,100,31.193359375
spectrum,4826,3216417760,512,1,8,32,3a9722dd,40.21235059003811,0,124,30.08984375
spectrum,4827,3217136960,512,1,8,60,cdb72796,40.221352839958854,0,88,29.646484375
spectrum,4828,3217779360,512,1,8,60,3a62d582,40.22935165592935,0,96,30.673828125
spectrum,4829,3218417840,512,1,8,61,b89d59ba,40.237358946935274,0,93,30.275390625
spectrum,4830,3219136960,512,1,8,60,fc53ae48,40.24634910398163,0,106,30.08203125
spectrum,4831,3219777440,512,1,8,62,823df225,40.254351887037046,0,99,31.140625
spectrum,4832,3220417440,512,1,8,62,3b7d8da4,40.26314445096068,0,94,30.771484375
spectrum,4833,3221136720,512,1,8,60,68a03a8b,40.27133001899347,0,96,29.751953125
spectrum,4834,3221707120,512,1,8,59,8cfa47a9,40.278338914969936,0,99,30.248046875
spectrum,4835,3222337840,512,1,8,62,ac783fc2,40.286321719991975,0,99,32.15234375
spectrum,4836,3223056960,512,1,8,61,3a81aa5a,40.296123520005494,0,88,29.427734375
spectrum,4837,3223697760,512,1,8,61,d797e95f,40.3050052219769,0,96,30.912109375
spectrum,4838,3224338800,512,1,8,61,33a9662a,40.311360343010165,0,99,32.4921875
spectrum,4839,3225057280,512,1,8,61,bfac8133,40.32039722893387,0,92,30.654296875
spectrum,4840,3225697840,512,1,8,61,2e11825a,40.32832435902674,0,92,31.125
spectrum,4841,3226337760,512,1,8,61,78d50425,40.33632745197974,0,95,31.109375
spectrum,4842,3227056960,512,1,8,61,47c02edc,40.34539204998873,0,92,31.19921875
spectrum,4843,3227697760,512,1,8,60,06055122,40.35432369692717,0,96,30.150390625
spectrum,4844,3228337760,512,1,8,60,71504bc0,40.36134809197392,0,93,29.7578125
spectrum,4845,3229056960,512,1,8,60,dece3a00,40.37033445201814,0,101,30.650390625
spectrum,4846,3229699040,512,1,8,60,a74cee50,40.380637377966195,0,96,31.67578125
spectrum,4847,3230342320,512,1,8,63,c5ceb4fe,40.38685955898836,0,94,31.93359375
spectrum,4848,3231056720,512,1,8,61,2a7d2c80,40.397978496039286,0,99,30.85546875
spectrum,4849,3231697440,512,1,8,61,91739cd8,40.403390847030096,0,95,30.6171875
spectrum,4850,3232339680,512,1,8,59,2d0d5580,40.4113820779603,0,101,29.5
spectrum,4851,3233057920,512,1,8,60,a71fbafc,40.420354400994256,0,100,30.744140625
spectrum,4852,3233698480,512,1,8,72,0d9ab55e,40.42834189499263,0,122,42.126953125
spectrum,4853,3234337760,512,1,8,63,56805776,40.43634509795811,0,93,31.734375
spectrum,4854,3235056960,512,1,8,62,d701ac5c,40.44585779297631,0,93,31.61328125
spectrum,4855,3235697760,512,1,8,59,e6275736,40.453417559037916,0,104,29.4765625
spectrum,4856,3236337760,512,1,8,65,065d7a50,40.46131731697824,0,103,34.66796875
spectrum,4857,3237056960,512,1,8,38,7c805f9c,40.47036408097483,0,124,34.87890625
spectrum,4858,3237697760,512,1,8,60,591f27f4,40.47835133399349,0,105,29.126953125
spectrum,4859,3238339040,512,1,8,62,7ec4a0cb,40.4863904559752,0,99,31.203125
spectrum,4860,3239056720,512,1,8,14,730bf8f3,40.49531124194618,0,115,15.984375
spectrum,4861,3239697440,512,1,8,63,2c4ec3d9,40.50335360900499,0,95,32.966796875
spectrum,4862,3240337440,512,1,8,33,d9e67586,40.51134251593612,0,122,31.3359375
spectrum,4863,3241056960,512,1,8,60,ddae36f5,40.52128269698005,0,97,29.814453125
spectrum,4864,3241698240,512,1,8,60,9991e6e5,40.52839262399357,0,92,30.4453125
spectrum,4865,3242337520,512,1,8,62,92d13673,40.53639269096311,0,94,31.416015625
spectrum,4866,3243056720,512,1,8,62,16d30655,40.545358892995864,0,97,32.552734375
spectrum,4867,3243697440,512,1,8,60,177aba57,40.55339932697825,0,88,29.302734375
spectrum,4868,3244339120,512,1,8,60,ce7a4c57,40.56138621002901,0,90,28.70703125
spectrum,4869,3245056720,512,1,8,61,426e060e,40.570360156940296,0,95,29.794921875
spectrum,4870,3245699280,512,1,8,60,a6258e01,40.578343863016926,0,89,30.326171875
spectrum,4871,3246340080,512,1,8,32,fc6b6587,40.58633748895954,0,125,30.119140625
spectrum,4872,3247064560,512,1,8,32,bc595b66,40.59540523297619,0,120,29.802734375
spectrum,4873,3247699280,512,1,8,32,7a8ecfcd,40.6033989880234,0,125,29.802734375
spectrum,4874,3248338240,512,1,8,62,ae414e7f,40.611333671957254,0,97,31.9375
spectrum,4875,3249057280,512,1,8,64,0a273783,40.620350269949995,0,110,32.5625
spectrum,4876,3249699120,512,1,8,60,87d9dc73,40.62838827900123,0,95,30.990234375
spectrum,4877,3250337520,512,1,8,60,71301655,40.63612529996317,0,91,29.412109375
spectrum,4878,3251056720,512,1,8,60,118e6608,40.645351151935756,0,107,30.03515625
spectrum,4879,3251697440,512,1,8,72,ec11d212,40.65336965397,0,133,40.79296875
spectrum,4880,3252337440,512,1,8,61,de7c9027,40.661407563020475,0,93,30.689453125
spectrum,4881,3253056720,512,1,8,38,0dc75845,40.670333239017054,0,121,36.892578125
spectrum,4882,3253697440,512,1,8,61,10a56eaa,40.6783600669587,0,93,31.5859375
spectrum,4883,3254337440,512,1,8,60,df0352ed,40.68637796794064,0,95,30.08984375
spectrum,4884,3255057280,512,1,8,62,f7521e85,40.6953643389279,0,97,32.953125
spectrum,4885,3255697520,512,1,8,60,6daaa0ff,40.70340265799314,0,105,29.712890625
spectrum,4886,3256337440,512,1,8,61,2397a5ac,40.71134872396942,0,95,30.5234375
spectrum,4887,3257057280,512,1,8,61,af38a9a1,40.72035041300114,0,89,30.875
spectrum,4888,3257699040,512,1,8,64,06e07214,40.72836698195897,0,100,33.384765625
spectrum,4889,3258337520,512,1,8,64,688f5bca,40.73633748397697,0,97,33.15625
spectrum,4890,3259056720,512,1,8,64,f7085404,40.74741102498956,0,99,33.59765625
spectrum,4891,3259697440,512,1,8,61,6305668b,40.753383975010365,0,94,30.546875
spectrum,4892,3260337440,512,1,8,60,b48c31d3,40.761322226026095,0,93,29.517578125
spectrum,4893,3261056720,512,1,8,60,d043f2f5,40.77035650599282,0,93,29.94921875
spectrum,4894,3261697440,512,1,8,60,e9b0f416,40.77837090101093,0,91,30.982421875
spectrum,4895,3262337440,512,1,8,60,f760c25d,40.78632715600543,0,98,30.287109375
spectrum,4896,3263057280,512,1,8,64,4074c643,40.79535325092729,0,104,33.345703125
spectrum,4897,3263697840,512,1,8,61,f3861d02,40.80333210795652,0,92,32.193359375
spectrum,4898,3264337760,512,1,8,62,c36d2561,40.811366179957986,0,100,32.515625
spectrum,4899,3265057280,512,1,8,63,d4dc883c,40.82034802203998,0,101,32.251953125
spectrum,4900,3265697840,512,1,8,62,fab741b3,40.82832552702166,0,104,32.29296875
spectrum,4901,3266338560,512,1,8,61,130cb380,40.83633572398685,0,96,30.609375
spectrum,4902,3267056720,512,1,8,61,5a4a0837,40.84538250800688,0,95,30.560546875
spectrum,4903,3267697440,512,1,8,37,6be4cc94,40.853365272982046,0,121,38.607421875
spectrum,4904,3268337440,512,1,8,60,b3077e77,40.86230214894749,0,93,29.54296875
spectrum,4905,3269056720,512,1,8,60,d15a4097,40.87037130794488,0,100,29.6875
spectrum,4906,3269697440,512,1,8,60,89b34a02,40.87834904296324,0,92,29.830078125
spectrum,4907,3270337440,512,1,8,60,e78f6465,40.886350071989,0,95,30.27734375
spectrum,4908,3271057920,512,1,8,60,2c83aa9c,40.89533766498789,0,89,29.98828125
spectrum,4909,3271698480,512,1,8,60,7da6e4c5,40.90337106504012,0,89,30.6015625
spectrum,4910,3272337760,512,1,8,60,2add6102,40.9113196459366,0,93,30.81640625
spectrum,4911,3273056960,512,1,8,34,74f502e9,40.920343716978095,0,124,32.197265625
spectrum,4912,3273698480,512,1,8,60,a5be6387,40.92833684198558,0,95,30.73046875
spectrum,4913,3274339360,512,1,8,62,3499b8be,40.936369961942546,0,96,31.458984375
spectrum,4914,3275056960,512,1,8,62,e5b9f778,40.945342505932786,0,97,31.724609375
spectrum,4915,3275698560,512,1,8,60,c7441025,40.953329719020985,0,94,28.974609375
spectrum,4916,3276337440,512,1,8,63,81f6845b,40.96135092701297,0,100,32.416015625
spectrum,4917,3277056720,512,1,8,61,20c17c1d,40.970325954956934,0,93,29.30859375
spectrum,4918,3277697440,512,1,8,62,f65fa169,40.97833867697045,0,99,32.373046875
spectrum,4919,3278337440,512,1,8,62,8a56f374,40.9863797420403,0,96,30.7109375
spectrum,4920,3279057920,512,1,8,61,858cddff,40.995374577934854,0,90,31.126953125
spectrum,4921,3279698800,512,1,8,60,e1617410,41.003396466956474,0,101,30.841796875
spectrum,4922,3280337520,512,1,8,60,7f70d79f,41.01154285098892,0,86,29.228515625
spectrum,4923,3281056720,512,1,8,72,72b1b356,41.021119024953805,0,138,42.072265625
spectrum,4924,3281699360,512,1,8,60,64309f17,41.02834159403574,0,99,31.099609375
spectrum,4925,3282339120,512,1,8,60,5e97a4a5,41.03634721203707,0,89,29.763671875
spectrum,4926,3283057280,512,1,8,59,3f656185,41.045364620978944,0,107,30.984375
spectrum,4927,3283699120,512,1,8,60,da86747b,41.05338122998364,0,90,30.19921875
spectrum,4928,3284337520,512,1,8,59,0b19bc8a,41.06136973493267,0,98,28.751953125
spectrum,4929,3285056960,512,1,8,60,ad6bc72e,41.07044323999435,0,95,29.21484375
spectrum,4930,3285697440,512,1,8,63,3f950591,41.0783395919716,0,94,32.0546875
spectrum,4931,3286337440,512,1,8,63,5e34058e,41.08672178094275,0,92,31.169921875
spectrum,4932,3287056720,512,1,8,63,b38c4b21,41.09541432594415,0,100,32.3671875
spectrum,4933,3287698800,512,1,8,61,799005c7,41.10344941995572,0,91,30.7890625
spectrum,4934,3288337520,512,1,8,59,fca1f6c2,41.111739004030824,0,97,29.828125
spectrum,4935,3289056720,512,1,8,62,de3e3dcc,41.12032783403993,0,92,31.953125
spectrum,4936,3289699360,512,1,8,60,488bf15e,41.128343330929056,0,91,29.701171875
spectrum,4937,3290337840,512,1,8,31,e3953bd9,41.1370906989323,0,120,36.26953125
spectrum,4938,3291056960,512,1,8,60,35986aee,41.14523616200313,0,91,31.5546875
spectrum,4939,3291700640,512,1,8,61,b0373fa7,41.1533417890314,0,92,29.955078125
spectrum,4940,3292337440,512,1,8,72,7eeda282,41.16135669394862,0,129,43.12109375
spectrum,4941,3293056720,512,1,8,72,41bb906a,41.17035941500217,0,132,40.51171875
spectrum,4942,3293697440,512,1,8,62,f06aea14,41.17835310101509,0,94,31.998046875
spectrum,4943,3294337440,512,1,8,62,7b647214,41.18641044595279,0,94,31.521484375
spectrum,4944,3295056720,512,1,8,62,d6ec3570,41.19537427392788,0,90,31.76171875
spectrum,4945,3295700000,512,1,8,31,c5f47286,41.2033336450113,0,124,30.087890625
spectrum,4946,3296339120,512,1,8,60,c02ddf5b,41.211351456004195,0,95,30.376953125
spectrum,4947,3297057280,512,1,8,60,7b8b94f8,41.220359436934814,0,92,29.5859375
spectrum,4948,3297697840,512,1,8,33,ef86d871,41.22838097496424,0,125,33.05078125
spectrum,4949,3298338560,512,1,8,72,05acc72b,41.236322441953234,0,122,41.37890625
spectrum,4950,3299057280,512,1,8,61,a6b070d3,41.24533847800922,0,97,30.404296875
spectrum,4951,3299697840,512,1,8,61,c18b3a8a,41.25521475903224,0,92,29.6484375
spectrum,4952,3300337760,512,1,8,61,e166c22e,41.26142771192826,0,92,30.46875
spectrum,4953,3301056960,512,1,8,62,fb6e4644,41.271864430978894,0,98,31.40234375
spectrum,4954,3301697760,512,1,8,62,664b9f43,41.2783965759445,0,102,32.095703125
spectrum,4955,3302339040,512,1,8,60,c9f031d4,41.28635585703887,0,97,29.966796875
spectrum,4956,3303057920,512,1,8,62,ea3d0d4d,41.29534460103605,0,99,32.431640625
spectrum,4957,3303698720,512,1,8,64,3a9faca3,41.52045647997875,0,99,33.474609375
spectrum,4958,3304337520,512,1,8,64,b8cb9d7b,41.52053276402876,0,105,34.4453125
spectrum,4959,3305056720,512,1,8,61,89f08ad4,41.52061602193862,0,90,30.8984375
spectrum,4960,3305697440,512,1,8,61,414e4f60,41.520684942021035,0,94,30.685546875
spectrum,4961,3306339360,512,1,8,60,459b9c9c,41.52074956393335,0,100,30.4375
spectrum,4962,3307056960,512,1,8,62,e81a4530,41.520811510970816,0,99,32.009765625
spectrum,4963,3307697520,512,1,8,62,2b555cf3,41.52087527094409,0,104,31.388671875
spectrum,4964,3308337440,512,1,8,60,c938d2cb,41.52174907096196,0,99,30.654296875
