kind,sequence,sample_index,samples_processed,ffts,flags,gain_code,crc32,received_relative_seconds,minimum_power_code,maximum_power_code,mean_power_code
spectrum,0,19040,512,1,8,39,7fdb8454,0.008783751050941646,0,125,42.49609375
spectrum,1,660080,512,1,8,72,beba2d31,0.015741577022708952,0,122,38.875
spectrum,2,1297760,512,1,8,63,c8107c9e,0.023741694982163608,0,95,30.841796875
spectrum,3,2016000,512,1,8,62,8e2fc3b9,0.03276153304614127,0,95,30.44921875
spectrum,4,2656800,512,1,8,63,2cfeaf08,0.04071746696718037,0,103,32.119140625
spectrum,5,3297520,512,1,8,72,36a0c0a1,0.04871235601603985,0,113,40.5234375
spectrum,6,4016320,512,1,8,40,06d25f37,0.057782888994552195,0,122,35.22265625
spectrum,7,4657280,512,1,8,63,a3802eb6,0.06581410602666438,0,103,31.220703125
spectrum,8,5296480,512,1,8,64,f03d00f4,0.07379650103393942,0,108,31.517578125
spectrum,9,6016000,512,1,8,72,6cd4e10a,0.0827820940176025,0,123,41.99609375
spectrum,10,6656560,512,1,8,59,3afb435c,0.09076179401017725,0,87,27.759765625
spectrum,11,7297760,512,1,8,63,35c95733,0.09876347496174276,0,102,31.978515625
spectrum,12,8016000,512,1,8,63,d2a0f9d8,0.10778089798986912,0,94,30.359375
spectrum,13,8656800,512,1,8,65,239f5718,0.11578274995554239,0,96,33.6484375
spectrum,14,9296800,512,1,8,62,c4b4c3da,0.12377228797413409,0,93,30.0703125
spectrum,15,10016000,512,1,8,60,ebf0d3da,0.13279616297222674,0,93,27.78515625
spectrum,16,10656800,512,1,8,65,0138ef46,0.14074517495464534,0,105,33.365234375
spectrum,17,11296800,512,1,8,72,aeaf7a65,0.14876366802491248,0,112,38.96484375
spectrum,18,12016000,512,1,8,61,5c559133,0.15777211403474212,0,160,42.453125
spectrum,19,12657920,512,1,8,31,5e08ca5e,0.1658235089853406,0,124,30.794921875
spectrum,20,13297440,512,1,8,30,9317e380,0.1737549080280587,0,123,30.37109375
spectrum,21,14016320,512,1,8,63,762e1c38,0.1825458019739017,0,98,30.654296875
spectrum,22,14656880,512,1,8,65,4b6bce5d,0.1907745930366218,0,97,33.095703125
spectrum,23,15297440,512,1,8,64,75b0b6f9,0.19853833399247378,0,104,32.2109375
spectrum,24,16015680,512,1,8,63,6a4dbc22,0.20779887796379626,0,99,31.13671875
spectrum,25,16656480,512,1,8,60,93fa67ea,0.2157741590635851,0,92,28.84765625
spectrum,26,17296480,512,1,8,72,f09db732,0.22377933701500297,0,119,38.15625
spectrum,27,18015680,512,1,8,72,2d8a0d21,0.2327900769887492,0,122,40.15625
spectrum,28,18656480,512,1,8,61,b74a5f97,0.24078339303378016,0,100,28.9921875
spectrum,29,19296480,512,1,8,60,58c66ae5,0.24876991496421397,0,87,29.822265625
spectrum,30,20015680,512,1,8,66,e5eb7b1d,0.25772623298689723,0,96,34.390625
spectrum,31,20662000,512,1,8,31,e3c4575e,0.2657181150279939,0,126,31.20703125
spectrum,32,21296560,512,1,8,62,620f6216,0.2737539910012856,0,101,30.109375
spectrum,33,22016640,512,1,8,60,2a9698f7,0.2827709140256047,0,96,29.451171875
spectrum,34,22656880,512,1,8,63,b938e4a5,0.29078909603413194,0,98,31.01171875
spectrum,35,23296800,512,1,8,63,01fd005e,0.29892828699667007,0,130,56.3203125
spectrum,36,24016000,512,1,8,29,00a2aff0,0.3077685449970886,0,122,29.859375
spectrum,37,24656480,512,1,8,60,788a52b2,0.3157849949784577,0,85,30.455078125
spectrum,38,25296480,512,1,8,31,fd2b9a9c,0.32380423904396594,0,122,30.990234375
spectrum,39,26015680,512,1,8,60,98e7af00,0.3327967650257051,0,96,29.806640625
spectrum,40,26656480,512,1,8,63,23ad8dbe,0.34075714799109846,0,92,31.224609375
spectrum,41,27296480,512,1,8,63,4b6fe267,0.34876089298631996,0,98,30.9453125
spectrum,42,28015680,512,1,8,63,dcfc4c4d,0.3577274699928239,0,102,30.6328125
spectrum,43,28657680,512,1,8,63,1d0a7995,0.3657244830392301,0,91,31.8359375
spectrum,44,29296880,512,1,8,62,112d0aaf,0.3737584750633687,0,104,31.134765625
spectrum,45,30016640,512,1,8,65,291687a0,0.38276085001416504,0,99,32.623046875
spectrum,46,30657440,512,1,8,64,33a9d503,0.39077736902981997,0,96,31.25
spectrum,47,31296800,512,1,8,37,a545762b,0.39886137598659843,0,123,30.974609375
spectrum,48,32016000,512,1,8,62,3fbf1845,0.40754763199947774,0,96,30.3046875
spectrum,49,32658400,512,1,8,60,25cffd8f,0.4157253069570288,0,89,29.080078125
spectrum,50,33296880,512,1,8,63,cbfb6a3f,0.4237656310433522,0,93,31.482421875
spectrum,51,34016000,512,1,8,72,8c391e3d,0.4328130909707397,0,119,40.73828125
spectrum,52,34656800,512,1,8,60,22db0e74,0.4407889529829845,0,85,28.54296875
spectrum,53,35296800,512,1,8,60,bdf902e4,0.4487712279660627,0,91,30.021484375
spectrum,54,36016000,512,1,8,63,903f2bbb,0.4577790329931304,0,95,30.939453125
spectrum,55,36658400,512,1,8,60,e3132bb3,0.46572236402425915,0,86,28.95703125
spectrum,56,37296560,512,1,8,63,95182031,0.4738013109890744,0,94,30.3515625
spectrum,57,38015680,512,1,8,60,abbf137f,0.4828819140093401,0,96,28.30078125
spectrum,58,38657680,512,1,8,60,6c2e38d7,0.49078560899943113,0,90,29.02734375
spectrum,59,39296800,512,1,8,72,73f5ff9c,0.49875741405412555,0,111,40.591796875
spectrum,60,40016000,512,1,8,72,49d17f04,0.507739259977825,0,112,39.962890625
spectrum,61,40656560,512,1,8,60,d26ee242,0.5156576139852405,0,89,30.732421875
spectrum,62,41299680,512,1,8,64,025cd28d,0.523771848063916,0,97,31.677734375
spectrum,63,42015680,512,1,8,63,80ef008a,0.532806062954478,0,91,31.3671875
spectrum,64,42656480,512,1,8,60,88f95542,0.5407779179513454,0,89,29.49609375
spectrum,65,43296480,512,1,8,63,cdea9f5b,0.5487809509504586,0,100,32.14453125
spectrum,66,44015680,512,1,8,72,47c3f3b1,0.5578009589808062,0,111,38.73828125
spectrum,67,44656480,512,1,8,72,5add2583,0.5658026810269803,0,119,42.97265625
spectrum,68,45297920,512,1,8,72,cd9fadc4,0.5737148229964077,0,118,38.078125
spectrum,69,46015680,512,1,8,63,2a3aca99,0.5827668510610238,0,98,32.421875
spectrum,70,46657760,512,1,8,36,fac631d7,0.5907805450260639,0,128,27.83984375
spectrum,71,47297440,512,1,8,62,a4150640,0.5987134060123935,0,98,31.236328125
spectrum,72,48016320,512,1,8,64,943355a3,0.6077774680452421,0,93,31.81640625
spectrum,73,48656880,512,1,8,61,ee268a0f,0.6157745600212365,0,90,30.732421875
spectrum,74,49296800,512,1,8,37,f35a70b9,0.6237751189619303,0,129,25.634765625
spectrum,75,50016000,512,1,8,72,8b9d40a1,0.6327647099969909,0,112,39.375
spectrum,76,50656800,512,1,8,72,e9a52bd9,0.6407764200121164,0,120,39.96484375
spectrum,77,51297440,512,1,8,60,e3fab706,0.6488052030326799,28,132,79.556640625
spectrum,78,52015680,512,1,8,72,375b7ba7,0.6577858059899881,0,119,38.130859375
spectrum,79,52656480,512,1,8,30,33365b42,0.6657613479765132,0,128,26.75390625
spectrum,80,53297680,512,1,8,62,47602ae8,0.6737943380139768,0,88,30.337890625
spectrum,81,54016000,512,1,8,63,ccc03229,0.6827692009974271,0,95,31.181640625
spectrum,82,54592960,512,1,8,64,1e41d860,0.6898283689515665,0,94,31.119140625
spectrum,83,55216640,512,1,8,57,c64126c3,0.6977765989722684,29,136,86.708984375
spectrum,84,55935680,512,1,8,60,8c67fa3f,0.7067680530017242,0,94,32.232421875
spectrum,85,56576480,512,1,8,63,90288960,0.7147721289657056,0,89,31.546875
spectrum,86,57216480,512,1,8,72,6a10130a,0.7227648129919544,0,120,39.783203125
spectrum,87,57935680,512,1,8,60,249ae215,0.7317590520251542,0,89,28.76171875
spectrum,88,58576480,512,1,8,72,29b26bbd,0.7397936360212043,0,119,39.333984375
spectrum,89,59216480,512,1,8,62,987f3197,0.7477806090610102,0,90,30.91796875
spectrum,90,59935680,512,1,8,49,b196e52a,0.7568181799724698,0,93,21.494140625
spectrum,91,60576480,512,1,8,62,b21b0968,0.7647575340233743,0,94,30.2421875
spectrum,92,61218400,512,1,8,30,363d70e6,0.772753142984584,0,129,26.07421875
spectrum,93,61936320,512,1,8,60,08189aee,0.7817856450565159,0,87,28.505859375
spectrum,94,62576800,512,1,8,63,0ef0707c,0.789810310001485,0,93,31.263671875
spectrum,95,63217840,512,1,8,62,026b4d70,0.7977747810073197,0,94,30.572265625
spectrum,96,63935680,512,1,8,59,d1588580,0.8067677880171686,0,88,29.638671875
spectrum,97,64577760,512,1,8,63,5b2bffc5,0.8147846680367365,0,96,31.212890625
spectrum,98,65216880,512,1,8,31,4cc4ec25,0.8228179189609364,0,124,31.03515625
spectrum,99,65936000,512,1,8,63,e9496ee2,0.831784405047074,0,98,32.1953125
spectrum,100,66576800,512,1,8,65,61fd8dd9,0.839778442052193,0,104,32.521484375
spectrum,101,67216800,512,1,8,61,9dff9463,0.8477608569664881,0,88,28.576171875
spectrum,102,67936000,512,1,8,60,7518a449,0.8567757450509816,0,88,28.41796875
spectrum,103,68591520,512,1,8,62,2900558c,0.8647490730509162,0,94,31.12890625
spectrum,104,69217600,512,1,8,63,bae43584,0.8727410660358146,0,94,30.84375
spectrum,105,69936000,512,1,8,72,9623dd4a,0.8817889370257035,0,112,40.392578125
spectrum,106,70576560,512,1,8,61,2e7b7169,0.8897760299732909,0,91,28.53125
spectrum,107,71217760,512,1,8,63,c780aaad,0.8977730430196971,0,93,31.06640625
spectrum,108,71936000,512,1,8,60,9fe7828c,0.9067905959673226,0,90,28.84765625
spectrum,109,72578720,512,1,8,72,dd3172c6,0.9146526530385017,0,112,40.201171875
spectrum,110,73216560,512,1,8,39,317f7065,0.9227956719696522,0,129,31.66796875
spectrum,111,73935680,512,1,8,72,2f8ea7bd,0.9317786199972034,0,120,39.845703125
spectrum,112,74576480,512,1,8,63,ad507328,0.9397749310592189,0,97,31.353515625
spectrum,113,75216480,512,1,8,39,c00dd0a3,0.9477865910157561,0,124,38.685546875
spectrum,114,75935680,512,1,8,60,37b2e0ec,0.9567800089716911,0,96,29.1328125
spectrum,115,76576480,512,1,8,63,1534229f,0.9647512120427564,0,94,31.236328125
spectrum,116,77216480,512,1,8,64,e067fb89,0.9727953840047121,0,101,32.44140625
spectrum,117,77936320,512,1,8,30,9df0198f,0.9817918570479378,0,123,29.638671875
spectrum,118,78577200,512,1,8,64,b41c59cf,0.9898163620382547,0,99,31.2265625
spectrum,119,79217760,512,1,8,63,3bbe854f,0.9977905909763649,0,96,31.310546875
spectrum,120,79936000,512,1,8,52,aa21fc70,1.0067708239657804,0,98,32.244140625
spectrum,121,80576800,512,1,8,64,9e7600c0,1.0148124099941924,0,98,32.1953125
spectrum,122,81217520,512,1,8,39,41253e0e,1.0228072890313342,0,129,32.765625
spectrum,123,81935680,512,1,8,60,e2e422f0,1.0315857200184837,0,92,28.1328125
spectrum,124,82579920,512,1,8,67,954d6135,1.039804422063753,0,116,33.6171875
spectrum,125,83216480,512,1,8,63,65846645,1.047748273005709,0,99,31.498046875
spectrum,126,83935680,512,1,8,37,34a05592,1.0567699649836868,0,132,57.109375
spectrum,127,84576560,512,1,8,72,9acb19e7,1.0647727779578418,0,120,40.345703125
spectrum,128,85216480,512,1,8,63,906c240d,1.0727631580084562,0,94,30.939453125
spectrum,129,85936640,512,1,8,39,d4d07f9b,1.0817850889870897,0,121,37.251953125
spectrum,130,86576880,512,1,8,62,2bacf2ff,1.0897785549750552,0,90,28.830078125
spectrum,131,87216800,512,1,8,64,805f2282,1.0977390380576253,0,96,32.888671875
spectrum,132,87936000,512,1,8,39,4a6eeaca,1.1068029489833862,0,134,29.3046875
spectrum,133,88576480,512,1,8,61,4c655d17,1.1147692130180076,0,98,28.078125
spectrum,134,89217760,512,1,8,72,1afa9389,1.1227423310047016,0,118,40.41796875
spectrum,135,89936000,512,1,8,60,701eb585,1.131777888047509,0,98,29.75
spectrum,136,90576800,512,1,8,61,11cb36cf,1.1404791630338877,0,86,28.822265625
spectrum,137,91216800,512,1,8,62,2f12b7c1,1.1478080210508779,0,95,31.103515625
spectrum,138,91936000,512,1,8,52,c1d3983d,1.1567697490099818,0,98,26.09765625
spectrum,139,92576800,512,1,8,63,84cb305b,1.1647602290613577,0,97,31.9765625
spectrum,140,93216800,512,1,8,62,645d86f7,1.1727744040545076,12,137,81.572265625
spectrum,141,93936000,512,1,8,60,1e829459,1.1817990710260347,0,98,28.734375
spectrum,142,94577600,512,1,8,72,451f3e3a,1.189796444028616,0,119,39.796875
spectrum,143,95216560,512,1,8,60,5e6e26ec,1.1977713940432295,0,89,27.923828125
spectrum,144,95936320,512,1,8,60,ad2a688e,1.2067984259920195,0,82,27.533203125
spectrum,145,96576800,512,1,8,37,98c13d82,1.2148145539686084,0,127,28.904296875
spectrum,146,97218640,512,1,8,63,5b2b5275,1.2227899050340056,0,93,29.98046875
spectrum,147,97935680,512,1,8,63,08d616e0,1.231803201022558,0,98,31.44140625
spectrum,148,98576480,512,1,8,62,a70031aa,1.2398114140378311,0,89,30.2421875
spectrum,149,99216480,512,1,8,31,25120945,1.2478020349517465,0,130,27.509765625
spectrum,150,99935680,512,1,8,48,4982c2d4,1.2567858339753002,0,98,20.583984375
spectrum,151,100576480,512,1,8,64,aa70ac8d,1.264772305963561,0,101,33.7578125
spectrum,152,101216480,512,1,8,63,bf7caeb4,1.272800707956776,0,96,30.755859375
spectrum,153,101935680,512,1,8,61,6af76fe5,1.2817694189725444,0,90,29.7578125
spectrum,154,102580960,512,1,8,40,9a47a512,1.28978145995643,0,125,35.08203125
spectrum,155,103216560,512,1,8,72,3aa023b3,1.297775886952877,0,118,39.232421875
spectrum,156,103936640,512,1,8,60,7e531d11,1.3068053129827604,0,91,28.521484375
spectrum,157,104576880,512,1,8,60,b9264a04,1.3148374720476568,0,88,30.279296875
spectrum,158,105216800,512,1,8,64,7e3fd417,1.3228176230331883,0,98,33.439453125
spectrum,159,105936000,512,1,8,29,10966e11,1.3318146870005876,0,119,31.04296875
spectrum,160,106576480,512,1,8,60,0dab5779,1.3398224799893796,0,94,29.14453125
spectrum,161,107216480,512,1,8,63,a9645f9a,1.3478056460153311,0,92,32.083984375
spectrum,162,107935680,512,1,8,39,f64a795e,1.3567880829796195,0,96,26.189453125
spectrum,163,108576480,512,1,8,63,52abe28d,1.3647820899495855,0,94,31.662109375
spectrum,164,109216480,512,1,8,62,fb8790e4,1.3727879989892244,0,93,29.697265625
spectrum,165,109935680,512,1,8,63,da02ad5b,1.3817885000025854,0,99,33.54296875
spectrum,166,110577760,512,1,8,61,3b0ed017,1.3897547640372068,0,85,30.076171875
spectrum,167,111216880,512,1,8,61,b8748ba2,1.397805968998,0,89,29.455078125
spectrum,168,111936640,512,1,8,57,a41dab63,1.4067761329934,0,87,27.134765625
spectrum,169,112577440,512,1,8,72,97f5aa75,1.4147684560157359,0,113,40.578125
spectrum,170,113216800,512,1,8,30,afbac7d9,1.4227868290618062,0,130,26.0859375
spectrum,171,113936000,512,1,8,60,36714be6,1.431777941994369,0,91,30.5390625
spectrum,172,114576560,512,1,8,62,c94d50cd,1.439823166001588,0,97,30.615234375
spectrum,173,115216480,512,1,8,63,98f26b6a,1.447795041021891,0,94,31.318359375
spectrum,174,115935680,512,1,8,64,3aa0fdb3,1.4568366999737918,0,108,25.94921875
spectrum,175,116576480,512,1,8,64,2d4833db,1.4647731180302799,0,95,31.283203125
spectrum,176,117216480,512,1,8,72,3581a527,1.4727918209973723,0,114,38.91015625
spectrum,177,117935680,512,1,8,60,be687f53,1.4817658619722351,0,106,31.548828125
spectrum,178,118578320,512,1,8,60,fd142fc1,1.4898227780358866,0,87,28.810546875
spectrum,179,119216880,512,1,8,60,5c89df17,1.4978236169554293,0,91,29.78515625
spectrum,180,119936000,512,1,8,52,6db57a7a,1.506760788965039,0,99,23.85546875
spectrum,181,120577520,512,1,8,62,ed1c4057,1.5148031669668853,0,100,30.4921875
spectrum,182,121218400,512,1,8,61,425d9c36,1.5228235030081123,0,98,29.59765625
spectrum,183,121936000,512,1,8,60,3022ddae,1.5318032749928534,0,92,29.587890625
spectrum,184,122576560,512,1,8,64,17a9ddca,1.5396519670030102,0,101,31.685546875
spectrum,185,123219600,512,1,8,63,e740a4fd,1.547812920063734,0,94,31.26171875
spectrum,186,123935680,512,1,8,64,e894add8,1.5568728130310774,0,141,55.65234375
spectrum,187,124576560,512,1,8,72,a35da3de,1.5647841730387881,0,113,39.306640625
spectrum,188,125216480,512,1,8,72,e880afd5,1.572805973002687,0,109,38.25
spectrum,189,125935680,512,1,8,39,f6937fb2,1.5817880890099332,0,136,31.845703125
spectrum,190,126576480,512,1,8,31,61415b84,1.5897744910325855,0,128,29.564453125
spectrum,191,127217840,512,1,8,62,481502ad,1.5977951979730278,0,95,29.7734375
spectrum,192,127935680,512,1,8,60,0765ad30,1.606816187966615,0,96,28.1953125
spectrum,193,128577760,512,1,8,64,58ba5411,1.614801087998785,0,97,32.12109375
spectrum,194,129216880,512,1,8,63,031fe606,1.6228213040158153,0,94,31.328125
spectrum,195,129936000,512,1,8,60,c4fba15e,1.6315722729777917,0,85,29.9140625
spectrum,196,130576560,512,1,8,60,088fb2b3,1.6397930789971724,0,92,30.03515625
spectrum,197,131216480,512,1,8,62,f9a1fb6b,1.6477791500510648,0,95,30.296875
spectrum,198,131935680,512,1,8,43,e7671676,1.656770194065757,14,162,74.109375
spectrum,199,132576560,512,1,8,60,4f3f6eb6,1.6648493920220062,0,86,29.470703125
spectrum,200,133216480,512,1,8,64,d2f8a1b9,1.6728053260594606,0,93,30.62109375
spectrum,201,133947840,512,1,8,63,37c3198e,1.6817888549994677,0,95,30.537109375
spectrum,202,134577520,512,1,8,60,98af8b53,1.6897645270219073,0,93,29.296875
spectrum,203,135217440,512,1,8,64,edda1b6d,1.6977638739626855,0,96,32.818359375
spectrum,204,135935680,512,1,8,51,0a7ce883,1.7067782010417432,0,99,22.96875
spectrum,205,136578320,512,1,8,59,62f3c730,1.7147738710045815,0,83,28.412109375
spectrum,206,137216880,512,1,8,62,3ed489d3,1.722802764037624,0,94,30.951171875
spectrum,207,137936000,512,1,8,38,715002c0,1.731795019004494,0,148,45.017578125
spectrum,208,138577600,512,1,8,62,a905d84b,1.7398475770605728,0,87,30.314453125
spectrum,209,139216480,512,1,8,65,b054b88e,1.7478338490473107,0,108,34.423828125
spectrum,210,139935680,512,1,8,43,65b1e07c,1.7568407820072025,38,158,77.833984375
spectrum,211,140576560,512,1,8,61,a3e54876,1.7647877699928358,0,97,30.119140625
spectrum,212,141216480,512,1,8,72,22d8aa8f,1.7727699540555477,0,113,38.708984375
spectrum,213,141935680,512,1,8,36,b916dd05,1.7817587930476293,0,144,18.3515625
spectrum,214,142577520,512,1,8,60,c16a5c31,1.7896813340485096,0,87,28.380859375
spectrum,215,143221600,512,1,8,30,f8557311,1.7977859099628404,0,127,29.0859375
spectrum,216,143936320,512,1,8,30,8b6028be,1.8067669350421056,0,123,30.208984375
spectrum,217,144578160,512,1,8,63,93209cc6,1.8148304530186579,0,94,31.4453125
spectrum,218,145217280,512,1,8,62,41fc3027,1.82280730700586,0,96,30.90625
spectrum,219,145935680,512,1,8,38,060e7371,1.831784373964183,0,112,30.16015625
spectrum,220,146577760,512,1,8,60,1e338299,1.8397919459966943,0,94,28.146484375
spectrum,221,147216880,512,1,8,63,71df927f,1.8477885680040345,0,89,31.404296875
spectrum,222,147936000,512,1,8,43,3ad3318a,1.8567929560085759,19,162,72.599609375
spectrum,223,148576880,512,1,8,72,1043e4d5,1.8647810920374468,0,120,39.0078125
spectrum,224,149216800,512,1,8,63,bafc5c00,1.8728161960607395,0,98,33.205078125
spectrum,225,149936000,512,1,8,36,c8b118e4,1.881809042999521,0,139,17.470703125
spectrum,226,150576720,512,1,8,60,3f50a044,1.8898507100529969,0,84,28.310546875
spectrum,227,151216800,512,1,8,62,64ba1d15,1.8978207210311666,0,93,31.08203125
spectrum,228,151936000,512,1,8,38,6c278aef,1.906806695042178,0,123,40.623046875
spectrum,229,152576560,512,1,8,61,2c53a4e9,1.9147990080527961,0,95,29.6328125
spectrum,230,153217760,512,1,8,63,c43783eb,1.9228103880304843,0,96,31.8984375
spectrum,231,153936000,512,1,8,38,3750f797,1.931780140963383,0,97,15.927734375
spectrum,232,154577360,512,1,8,60,3fa0b9ae,1.9398067489964887,0,89,29.05859375
spectrum,233,155216560,512,1,8,63,8a77abe9,1.947764376993291,0,97,31.73046875
spectrum,234,155935680,512,1,8,43,1680fade,1.9567844150587916,0,149,19.9375
spectrum,235,156576480,512,1,8,63,bbf7bde2,1.964810351957567,0,94,31.05859375
spectrum,236,157216480,512,1,8,39,3508fa57,1.9727902320446447,0,89,30.30859375
spectrum,237,157935680,512,1,8,38,ed98e566,1.9817678900435567,0,144,16.83984375
spectrum,238,158576400,512,1,8,60,fab61709,1.989804306998849,0,97,28.576171875
spectrum,239,159216480,512,1,8,64,63d9bb87,1.997820705990307,0,99,32.59765625
spectrum,240,159936320,512,1,8,52,cd3ec2da,2.0068025309592485,0,99,23.10546875
spectrum,241,160576800,512,1,8,72,d4c95723,2.0148018579930067,0,112,39.927734375
spectrum,242,161217440,512,1,8,62,f953ad45,2.0228001930518076,0,93,31.767578125
spectrum,243,161935680,512,1,8,39,8f2fe772,2.03179897100199,0,130,32.5703125
spectrum,244,162576480,512,1,8,35,2edb6d0c,2.039799029007554,0,120,35.427734375
spectrum,245,163221040,512,1,8,58,140dd51e,2.0477900500409305,0,85,27.265625
spectrum,246,163935680,512,1,8,40,3c8cd87f,2.0568070620065555,0,148,28.806640625
spectrum,247,164576480,512,1,8,72,67c46655,2.0647923320066184,0,116,39.87109375
spectrum,248,165216480,512,1,8,63,52433e7c,2.0727646480081603,0,94,31.1640625
spectrum,249,165935680,512,1,8,38,d7b295a8,2.0818408919731155,0,145,16.75390625
spectrum,250,166576400,512,1,8,39,e2819322,2.089817806961946,0,125,40.322265625
spectrum,251,167216480,512,1,8,72,b2f3ad76,2.097789661027491,0,115,39.24609375
spectrum,252,167936640,512,1,8,63,7e0bbe32,2.1068208100041375,0,96,31.67578125
spectrum,253,168576880,512,1,8,63,23ccd07c,2.114795090048574,0,93,31.556640625
spectrum,254,169218400,512,1,8,64,30b90df5,2.1227991150226444,0,97,29.5859375
spectrum,255,169935680,512,1,8,38,1cd38669,2.1317872230429202,0,150,43.466796875
spectrum,256,170576560,512,1,8,63,389769f6,2.1398362839827314,0,94,30.203125
spectrum,257,171217760,512,1,8,63,3ebce78e,2.147811484988779,0,94,31.39453125
spectrum,258,171936000,512,1,8,39,5b151d96,2.156775326002389,0,103,29.236328125
spectrum,259,172576800,512,1,8,72,a0d2bfac,2.164788780035451,0,119,40.6875
spectrum,260,173216800,512,1,8,72,7f2bdf0b,2.1727914130315185,0,112,39.068359375
spectrum,261,173936000,512,1,8,38,4ed0339d,2.18174109805841,12,160,80.69921875
spectrum,262,174576880,512,1,8,29,ac367e13,2.189798915060237,0,121,29.740234375
spectrum,263,175216800,512,1,8,60,89f2126f,2.1978013779735193,0,90,29.80078125
spectrum,264,175936640,512,1,8,57,f74a6ece,2.2068269359879196,0,89,26.333984375
spectrum,265,176577440,512,1,8,72,a7d23030,2.2148025679634884,0,124,40.974609375
spectrum,266,177216800,512,1,8,60,00a7ce3d,2.2228071050485596,0,90,29.009765625
spectrum,267,177936000,512,1,8,38,bf57b458,2.2317922769580036,0,97,14.861328125
spectrum,268,178576480,512,1,8,64,a4a1a1d7,2.239874911028892,0,97,32.298828125
spectrum,269,179217760,512,1,8,61,1db6e18b,2.2478025020100176,0,99,30.810546875
spectrum,270,179936000,512,1,8,39,e8de2529,2.256799006019719,0,109,29.984375
spectrum,271,180576800,512,1,8,61,699f6073,2.2647939739981666,0,91,29.599609375
spectrum,272,181216800,512,1,8,72,5110d89b,2.2728281669551507,0,114,38.841796875
spectrum,273,181936000,512,1,8,37,f290612d,2.2817834420129657,0,141,27.564453125
spectrum,274,182576720,512,1,8,63,ab1d9451,2.2898066339548677,0,94,31.853515625
spectrum,275,183216800,512,1,8,61,afc46d35,2.297652279958129,0,92,30.388671875
spectrum,276,183936000,512,1,8,64,0e1ec884,2.3069343339884654,0,145,47.21484375
spectrum,277,184578000,512,1,8,72,a15aca36,2.3148098459932953,0,120,39.921875
spectrum,278,185216560,512,1,8,60,b928eee7,2.3228959570406005,0,87,28.421875
spectrum,279,185936320,512,1,8,60,70334f92,2.331840072060004,0,92,29.6328125
spectrum,280,186576880,512,1,8,60,2ba6e5f5,2.339833796955645,0,90,28.708984375
spectrum,281,187223440,512,1,8,60,0a831677,2.347766709048301,0,89,29.556640625
spectrum,282,187935680,512,1,8,43,69f20665,2.3567765570478514,22,159,69.380859375
spectrum,283,188576560,512,1,8,60,75069daa,2.364817262045108,0,96,29.630859375
spectrum,284,189216480,512,1,8,61,f270764a,2.3728244439698756,0,96,29.892578125
spectrum,285,189935680,512,1,8,36,e6dbe5f9,2.3818820329615846,0,142,17.951171875
spectrum,286,190576400,512,1,8,62,f42c1edd,2.389804734964855,0,98,31.51953125
spectrum,287,191216480,512,1,8,61,df9a924d,2.3977949139662087,0,93,30.857421875
spectrum,288,191935680,512,1,8,64,c040cf98,2.406815433059819,0,149,57.193359375
spectrum,289,192577840,512,1,8,31,5f1abddc,2.4148810850456357,0,124,30.4453125
spectrum,290,193217440,512,1,8,62,30d890ed,2.422824476030655,0,93,30.0234375
spectrum,291,193936320,512,1,8,64,80ce29a8,2.431827742024325,0,97,27.310546875
spectrum,292,194576880,512,1,8,62,36af9adf,2.439823852968402,0,92,30.26171875
spectrum,293,195216800,512,1,8,60,d7b3d988,2.447818821063265,0,88,28.97265625
spectrum,294,195936000,512,1,8,37,2b391e5d,2.4568394409725443,0,130,42.05859375
spectrum,295,196576800,512,1,8,61,1c90a595,2.464829319040291,0,90,30.58203125
spectrum,296,197216800,512,1,8,63,9a0a9524,2.4728436650475487,0,98,30.90625
spectrum,297,197936000,512,1,8,38,f192d78b,2.4818473620107397,0,143,18.00390625
spectrum,298,198576720,512,1,8,63,3dc0f08e,2.4898516479879618,0,92,30.083984375
spectrum,299,199216800,512,1,8,72,805bd54d,2.4978130030212924,0,127,41.845703125
spectrum,300,199936000,512,1,8,40,8e38626d,2.5068196050124243,0,141,28.892578125
spectrum,301,200577440,512,1,8,60,8327230e,2.514768957043998,0,88,29.25
spectrum,302,201217200,512,1,8,62,37038d9a,2.5228221860015765,0,93,30.912109375
spectrum,303,201935680,512,1,8,29,17a28e51,2.5317592970095575,0,121,31.548828125
spectrum,304,202577520,512,1,8,64,43c4cc34,2.5398409300250933,0,92,31.580078125
spectrum,305,203216480,512,1,8,29,1013df1b,2.5475937500596046,0,123,29.328125
spectrum,306,203935680,512,1,8,39,039c114a,2.556812664028257,0,144,30.876953125
spectrum,307,204576480,512,1,8,64,66d694c2,2.564815958030522,0,96,32.37109375
spectrum,308,205216480,512,1,8,65,e76a350a,2.572812690050341,0,97,33.611328125
spectrum,309,205935680,512,1,8,38,1a513690,2.5818242919631302,14,159,81.556640625
spectrum,310,206576560,512,1,8,62,1fcebe80,2.5898153729503974,0,94,29.236328125
spectrum,311,207216480,512,1,8,65,14d5ee28,2.59779808903113,0,96,33.119140625
spectrum,312,207935680,512,1,8,43,ae3c6a4b,2.6065772409783676,12,155,72.962890625
spectrum,313,208576560,512,1,8,64,33303783,2.614817713969387,0,94,31.4140625
spectrum,314,209217920,512,1,8,37,52b7c80d,2.62277538201306,0,124,29.748046875
spectrum,315,209935680,512,1,8,166,5b886123,2.631821218994446,26,160,81.80859375
spectrum,316,210577840,512,1,8,64,fc3bf8d7,2.639818722032942,0,96,31.3828125
spectrum,317,211216880,512,1,8,60,608bf384,2.6478117069927976,0,89,29.64453125
spectrum,318,211936000,512,1,8,39,94c0bacd,2.656787140062079,0,97,23.37109375
spectrum,319,212576560,512,1,8,62,6d52de37,2.664802758023143,0,94,31.017578125
spectrum,320,213216480,512,1,8,72,82409396,2.6727847720030695,0,123,38.81640625
spectrum,321,213935680,512,1,8,38,128a035e,2.681788929970935,0,144,17.603515625
spectrum,322,214576400,512,1,8,60,d866ca9e,2.689769551041536,0,89,28.3828125
spectrum,323,215216480,512,1,8,60,0bd5f47e,2.6978032829938456,0,87,29.50390625
spectrum,324,215935680,512,1,8,43,63d866d4,2.706809625029564,0,148,32.5546875
spectrum,325,216576480,512,1,8,62,4bf39818,2.7148099340265617,0,91,30.435546875
spectrum,326,217217760,512,1,8,63,6b0b2cc5,2.722803359036334,0,95,30.546875
spectrum,327,217936000,512,1,8,64,589af2f1,2.7315721519989893,0,144,54.775390625
spectrum,328,218576880,512,1,8,29,d1b1b7a2,2.7397796020377427,0,123,30.82421875
spectrum,329,219217520,512,1,8,63,a34d81fd,2.7477862930390984,0,97,32.365234375
spectrum,330,219935680,512,1,8,36,30437691,2.756819857051596,0,132,42.5078125
spectrum,331,220577600,512,1,8,63,58cda7b0,2.7648249940248206,0,96,32.43359375
spectrum,332,221216480,512,1,8,61,60983593,2.7727934529539198,0,94,30.5703125
spectrum,333,221935680,512,1,8,38,9f0fc062,2.7818299919599667,0,145,35.515625
spectrum,334,222576560,512,1,8,29,8e339ede,2.789790806011297,0,122,28.966796875
spectrum,335,223216480,512,1,8,64,257cfdae,2.7976951219607145,0,101,33.232421875
spectrum,336,223935680,512,1,8,43,1243aa0f,2.8068007020046934,0,148,24.580078125
spectrum,337,224578080,512,1,8,39,ca283bef,2.8148037460632622,0,134,27.755859375
spectrum,338,225217440,512,1,8,30,28062cf3,2.8228207560023293,0,124,30.27734375
spectrum,339,225936320,512,1,8,31,cb28b0a1,2.8318090840475634,0,124,30.109375
spectrum,340,226577920,512,1,8,31,cdf70df5,2.8397950760554522,0,125,30.11328125
spectrum,341,227217440,512,1,8,65,4df67586,2.847793270018883,0,98,32.48046875
spectrum,342,227935680,512,1,8,40,c0342025,2.8568181979935616,0,144,30.169921875
spectrum,343,228577760,512,1,8,63,883aa987,2.8648063730215654,0,95,30.7890625
spectrum,344,229216880,512,1,8,63,64a08351,2.8728106890339404,0,93,30.390625
spectrum,345,229936000,512,1,8,38,06cf8765,2.8817943390458822,0,144,33.26953125
spectrum,346,230576800,512,1,8,39,b2e912ae,2.8897965910146013,0,124,40.587890625
spectrum,347,231216800,512,1,8,60,b51e624d,2.8978115370264277,0,87,29.0859375
spectrum,348,231936000,512,1,8,43,bd2c6ab7,2.9068236600141972,0,148,37.935546875
spectrum,349,232576880,512,1,8,62,f69333e9,2.914839548058808,0,94,30.32421875
spectrum,350,233231680,512,1,8,29,39575d29,2.922854044009,0,122,29.25
spectrum,351,233936000,512,1,8,30,8f3a2629,2.9318170939804986,0,132,26.806640625
spectrum,352,234576480,512,1,8,62,35771f2c,2.9398181539727375,0,98,31.005859375
spectrum,353,235217760,512,1,8,64,726f3d8d,2.947815516963601,0,97,31.669921875
spectrum,354,235936000,512,1,8,37,5d17480e,2.9568692289758474,0,134,43.6796875
spectrum,355,236577440,512,1,8,37,b133f1ef,2.964817628962919,0,124,29.732421875
spectrum,356,237216480,512,1,8,61,6ea05094,2.9728305810131133,0,85,28.701171875
spectrum,357,237935680,512,1,8,62,d2a5a027,2.9819796739611775,0,142,41.40625
spectrum,358,238576560,512,1,8,63,31634e46,2.9898601149907336,0,103,32.00390625
spectrum,359,239216480,512,1,8,60,9c7872c6,2.9978114910190925,0,95,29.146484375
spectrum,360,239935680,512,1,8,35,c40cd405,3.00684037595056,0,148,20.447265625
spectrum,361,240576480,512,1,8,63,a1100fb3,3.0148348530055955,0,108,33.1015625
spectrum,362,241216480,512,1,8,63,26f57291,3.022820433950983,0,95,31.73046875
spectrum,363,241936000,512,1,8,61,1bf4f7f6,3.0318283090600744,0,124,32.85546875
spectrum,364,242576560,512,1,8,64,2825a7d4,3.039833968039602,0,94,32.201171875
spectrum,365,243218400,512,1,8,63,1ec4e293,3.0476875690510496,0,97,31.3125
spectrum,366,243936000,512,1,8,36,d3600975,3.0568011440336704,0,147,20.703125
spectrum,367,244578720,512,1,8,38,eaf70f9f,3.0648130340268835,0,128,30.486328125
spectrum,368,245216560,512,1,8,61,d0cd3417,3.07282095705159,0,92,29.166015625
spectrum,369,245935680,512,1,8,61,2fb61b0e,3.081820757011883,0,139,40.22265625
spectrum,370,246576480,512,1,8,65,fc379976,3.089813270024024,0,103,31.953125
spectrum,371,247216480,512,1,8,64,db4baf40,3.0977883209707215,0,102,31.845703125
spectrum,372,247935680,512,1,8,36,1a95da21,3.106807657983154,0,141,42.0546875
spectrum,373,248576480,512,1,8,63,df177930,3.1148136269766837,0,101,32.41015625
spectrum,374,249216480,512,1,8,63,84b0591d,3.122811481007375,0,94,30.41796875
spectrum,375,249936320,512,1,8,62,88a85e3e,3.1318156990455464,0,138,37.53125
spectrum,376,250576880,512,1,8,31,54130f37,3.1398516150657088,0,121,31.251953125
spectrum,377,251216800,512,1,8,28,d8d5f8ac,3.1478255540132523,0,127,25.271484375
spectrum,378,251936000,512,1,8,60,9f70ec16,3.1568022599676624,0,89,28.740234375
spectrum,379,252577760,512,1,8,60,86c7b28b,3.1647903650300577,0,91,29.951171875
spectrum,380,253217280,512,1,8,62,b2c1670c,3.1728044090559706,0,96,29.162109375
spectrum,381,253935680,512,1,8,61,d08124e1,3.1817989490227774,0,140,38.05859375
spectrum,382,254576480,512,1,8,63,36f15c99,3.189819075050764,0,92,29.7734375
spectrum,383,255216480,512,1,8,31,5a6e68b4,3.197818942950107,0,125,30.666015625
spectrum,384,255935680,512,1,8,38,9324636f,3.206826327019371,0,152,72.166015625
spectrum,385,256576560,512,1,8,60,73338444,3.2148237799992785,0,86,29.01171875
spectrum,386,257217760,512,1,8,72,00868f39,3.2228151420131326,0,114,39.095703125
spectrum,387,257936000,512,1,8,65,65d5369d,3.231853503966704,0,104,33.984375
spectrum,388,258576560,512,1,8,65,b5ebda72,3.2398386140121147,0,98,33.732421875
spectrum,389,259217760,512,1,8,38,2d01560d,3.2478641100460663,0,126,30.998046875
spectrum,390,259936000,512,1,8,31,7bae550d,3.256799128022976,0,125,30.951171875
spectrum,391,260576480,512,1,8,60,cf88be8d,3.264806770021096,0,86,29.51953125
spectrum,392,261217760,512,1,8,63,69de6e2b,3.272803672007285,0,95,30.97265625
spectrum,393,261936000,512,1,8,63,4564d00d,3.281834600958973,0,145,41.150390625
spectrum,394,262576880,512,1,8,63,cc15cf39,3.289824730018154,0,104,31.82421875
spectrum,395,263218400,512,1,8,63,a67db725,3.297697636997327,0,96,30.921875
spectrum,396,263935680,512,1,8,38,117c85f7,3.306868170038797,12,162,77.578125
spectrum,397,264576560,512,1,8,61,cbe3c686,3.3148189750500023,0,93,28.32421875
spectrum,398,265216480,512,1,8,61,a3399e5d,3.3228204159531742,0,102,31.154296875
spectrum,399,265935680,512,1,8,62,4deb1602,3.331778677063994,0,144,39.859375
spectrum,400,266577920,512,1,8,62,e788a6b5,3.3398250519530848,0,93,30.74609375
spectrum,401,267216480,512,1,8,64,fb99eeb1,3.347822766052559,0,95,33.11328125
spectrum,402,267936320,512,1,8,38,85dc2c65,3.3568487049778923,0,162,77.18359375
spectrum,403,268576960,512,1,8,62,f96008e1,3.364801813964732,0,96,30.82421875
spectrum,404,269217360,512,1,8,63,e277e1da,3.372825096012093,0,95,30.970703125
spectrum,405,269935680,512,1,8,63,1368005d,3.381807142053731,0,145,42.8984375
spectrum,406,270576560,512,1,8,72,8687d6fa,3.389829572988674,0,122,38.478515625
spectrum,407,271216480,512,1,8,60,14c04440,3.3977881519822404,0,90,29.1171875
spectrum,408,271935680,512,1,8,38,02b359ff,3.4068335379706696,6,152,70.14453125
spectrum,409,272576560,512,1,8,60,26b8b510,3.414794893004,0,90,29.119140625
spectrum,410,273216480,512,1,8,66,b6555f4d,3.422804809990339,0,104,33.140625
spectrum,411,273935680,512,1,8,60,8971141b,3.431802746024914,0,137,39.3984375
spectrum,412,274578080,512,1,8,60,eba257df,3.439844712964259,0,89,29.48046875
spectrum,413,275216880,512,1,8,60,fff322ad,3.447844351059757,0,89,28.5546875
spectrum,414,275936000,512,1,8,37,e6fff729,3.4568583669606596,0,145,19.20703125
spectrum,415,276576480,512,1,8,65,b28a0091,3.4648204930126667,0,104,33.078125
spectrum,416,277216480,512,1,8,64,f7f662d0,3.472774585010484,0,105,32.083984375
spectrum,417,277936000,512,1,8,63,b426ef6b,3.481837513973005,0,95,33.865234375
spectrum,418,278576480,512,1,8,63,e17f411b,3.4898378220386803,0,97,32.1484375
spectrum,419,279216480,512,1,8,33,5c9033b1,3.497813484049402,0,123,35.013671875
spectrum,420,279935680,512,1,8,37,7879f53a,3.5068505340022966,0,145,43.904296875
spectrum,421,280576480,512,1,8,45,d09d9f48,3.5147997259628028,0,101,27.720703125
spectrum,422,281216480,512,1,8,31,848cb0b2,3.5228411729913205,0,125,31.029296875
spectrum,423,281935680,512,1,8,60,f4169be8,3.531834500026889,0,139,53.68359375
spectrum,424,282576560,512,1,8,60,09eb6bad,3.5398392570205033,0,126,43.09375
spectrum,425,283216480,512,1,8,61,231c783e,3.547809037961997,0,93,30.828125
spectrum,426,283940800,512,1,8,60,b9d681db,3.5567891800310463,0,127,41.62109375
spectrum,427,284581040,512,1,8,36,fd39f6b5,3.5647945180535316,0,117,36.87890625
spectrum,428,285216880,512,1,8,64,08effd85,3.5728004470001906,0,99,31.923828125
spectrum,429,285936320,512,1,8,37,7e1010e2,3.581829812959768,0,123,31.396484375
spectrum,430,286576560,512,1,8,64,7932833d,3.5898139009950683,0,94,30.865234375
spectrum,431,287216480,512,1,8,33,b86f027d,3.5978285970631987,0,122,36.6875
spectrum,432,287935680,512,1,8,38,2635eec2,3.606805082061328,0,148,21.03125
spectrum,433,288576480,512,1,8,31,b45097e3,3.6148142870515585,0,123,30.8046875
spectrum,434,289216480,512,1,8,62,b183a6bc,3.6227975039510056,0,94,30.765625
spectrum,435,289935680,512,1,8,63,ad601913,3.6318104680394754,0,147,41.892578125
spectrum,436,290580880,512,1,8,30,c7f9cd32,3.639828681014478,0,129,27.283203125
spectrum,437,291217440,512,1,8,31,f6c9bbe1,3.6478199620032683,0,129,28.072265625
spectrum,438,291936320,512,1,8,35,cd1712e8,3.6568139910232276,0,144,24.384765625
spectrum,439,292577440,512,1,8,45,b9074981,3.664828496053815,0,97,26.91796875
spectrum,440,293216560,512,1,8,34,fa8ff79c,3.672859683050774,0,91,30.83203125
spectrum,441,293935680,512,1,8,40,b5622be8,3.6818214809754863,0,127,42.234375
spectrum,442,294577600,512,1,8,32,b655da5f,3.68985447101295,0,121,38.177734375
spectrum,443,295216560,512,1,8,31,c08319f7,3.697824893053621,0,124,31.1875
spectrum,444,295935680,512,1,8,37,8e54b932,3.7068200040375814,0,141,42.275390625
spectrum,445,296592080,512,1,8,60,ebd85595,3.714839339023456,0,88,29.0078125
spectrum,446,297217600,512,1,8,30,317d60b6,3.722827635006979,0,131,29.697265625
spectrum,447,297936000,512,1,8,38,dbadaeb6,3.731833906029351,0,143,65.443359375
spectrum,448,298576880,512,1,8,64,a8bebc1a,3.739823715062812,0,100,32.3125
spectrum,449,299217520,512,1,8,72,30088a43,3.7478356660576537,0,116,42.1953125
spectrum,450,299935680,512,1,8,37,d4bf95c9,3.756814565975219,0,144,48.43359375
spectrum,451,300577840,512,1,8,30,d97b166c,3.764835063018836,0,124,29.517578125
spectrum,452,301216800,512,1,8,63,22758e90,3.7728195909876376,0,98,31.49609375
spectrum,453,301936640,512,1,8,63,96a93195,3.781865027034655,0,145,37.556640625
spectrum,454,302577520,512,1,8,39,a0a4bf5f,3.7898383550345898,0,124,32.896484375
spectrum,455,303216800,512,1,8,60,d3f7088a,3.7978722569532692,0,88,29.3359375
spectrum,456,303936000,512,1,8,36,3add8450,3.8068314399570227,0,147,23.5703125
spectrum,457,304576800,512,1,8,33,097eae58,3.814701481955126,0,127,36.42578125
spectrum,458,305219920,512,1,8,60,ad27cfb9,3.8228323169751093,0,128,40.41796875
spectrum,459,305936000,512,1,8,58,c933d4cf,3.8318429570645094,0,137,33.326171875
spectrum,460,306576800,512,1,8,62,9cc919f9,3.839855017955415,0,93,29.6796875
spectrum,461,307218000,512,1,8,31,bef4d4d2,3.8479954020585865,0,125,31.337890625
spectrum,462,307936000,512,1,8,36,79781446,3.856832353048958,0,143,44.580078125
spectrum,463,308578160,512,1,8,60,28fb2321,3.8648293659789488,0,91,28.82421875
spectrum,464,309216880,512,1,8,65,729369c6,3.872820646967739,0,94,33.640625
spectrum,465,309936000,512,1,8,62,fc126d06,3.8818601219682023,0,145,40.048828125
spectrum,466,310577680,512,1,8,62,7056823f,3.889852085034363,0,96,30.017578125
spectrum,467,311216480,512,1,8,60,1d2ca398,3.8978482850361615,0,92,30.16015625
spectrum,468,311935680,512,1,8,64,a69b4a17,3.906917024985887,0,148,67.193359375
spectrum,469,312577680,512,1,8,33,22d37ad4,3.9148322029504925,0,126,40.869140625
spectrum,470,313216560,512,1,8,61,d80187f6,3.922791813965887,0,91,29.365234375
spectrum,471,313935680,512,1,8,61,e819a786,3.931813715957105,0,139,38.150390625
spectrum,472,314576480,512,1,8,60,36411717,3.940232787048444,0,91,28.904296875
spectrum,473,315216480,512,1,8,33,fdf74b86,3.9478106760652736,0,129,37.9375
spectrum,474,315935680,512,1,8,64,dd2bc3f3,3.956861561979167,0,146,56.322265625
spectrum,475,316576560,512,1,8,61,3daf77f0,3.9648465419886634,0,92,29.771484375
spectrum,476,317217600,512,1,8,61,f08d93a3,3.972813908010721,0,91,28.736328125
spectrum,477,317935680,512,1,8,63,3f3f1ba0,3.981828897027299,0,146,41.345703125
spectrum,478,318577760,512,1,8,61,28309af6,3.989831428974867,0,85,28.783203125
spectrum,479,319216880,512,1,8,60,43272c8b,3.9978218789910898,0,90,30.0703125
spectrum,480,319936000,512,1,8,64,771adc04,4.00683236902114,0,148,61.53125
spectrum,481,320576880,512,1,8,31,6d284880,4.014821946970187,0,126,30.625
spectrum,482,321216800,512,1,8,62,836f7546,4.022810744005255,0,99,30.873046875
spectrum,483,321936000,512,1,8,55,642c332e,4.031831081956625,0,138,34.765625
spectrum,484,322576800,512,1,8,62,2a1d3c74,4.039842542028055,0,100,31.458984375
spectrum,485,323216800,512,1,8,64,5e762626,4.047807493014261,0,100,31.544921875
spectrum,486,323936000,512,1,8,38,da8eab0d,4.056811640970409,0,147,19.236328125
spectrum,487,324576480,512,1,8,63,d5acfed3,4.064688235986978,0,98,31.861328125
spectrum,488,325221520,512,1,8,64,d9681f85,4.072832306032069,0,92,31.978515625
spectrum,489,325936000,512,1,8,63,9ca5005b,4.08184135297779,0,145,41.703125
spectrum,490,326577760,512,1,8,64,84fc08a0,4.089847914059646,0,102,31.9921875
spectrum,491,327216560,512,1,8,72,71e5121e,4.097813916974701,0,122,40.50390625
spectrum,492,327935680,512,1,8,38,7a9f24bd,4.106843373039737,0,158,77.38671875
spectrum,493,328576560,512,1,8,63,dc50dc38,4.1148433909984306,0,95,32.271484375
spectrum,494,329216480,512,1,8,62,e816d191,4.122829091968015,0,92,30.087890625
spectrum,495,329935680,512,1,8,63,f9f4955f,4.13179372495506,0,143,41.7890625
spectrum,496,330576480,512,1,8,66,be33f917,4.13981224806048,0,99,34.6328125
spectrum,497,331216480,512,1,8,64,8382d437,4.147822945960797,0,99,32.26171875
spectrum,498,331936320,512,1,8,38,942bab5a,4.156849505961873,0,146,45.6171875
spectrum,499,332576880,512,1,8,61,180e156d,4.1648581710178405,0,91,29.5859375
spectrum,500,333218240,512,1,8,72,c8e14502,4.1728493720293045,0,120,39.45703125
spectrum,501,333936000,512,1,8,64,255f8dbb,4.181840806035325,0,147,42.142578125
spectrum,502,334576880,512,1,8,64,b7820cc4,4.189804745023139,0,93,31.607421875
spectrum,503,335217600,512,1,8,43,6dd613cd,4.197847214061767,0,133,33.544921875
spectrum,504,335936000,512,1,8,37,db9910e9,4.206611317000352,0,146,56.05859375
spectrum,505,336576560,512,1,8,64,8cfa51f4,4.214829819044098,0,97,33.173828125
spectrum,506,337216480,512,1,8,63,297c0c1c,4.222826119977981,0,94,31.310546875
spectrum,507,337935680,512,1,8,62,659ef921,4.231808907003142,0,143,40.208984375
spectrum,508,338576480,512,1,8,61,bc061fd0,4.239856765954755,0,89,29.751953125
spectrum,509,339216480,512,1,8,60,14c4868a,4.247827557963319,0,87,29.66796875
spectrum,510,339936320,512,1,8,39,00775532,4.256790247978643,0,151,52.42578125
spectrum,511,340576960,512,1,8,60,81f5c809,4.26484039996285,0,89,30.1171875
spectrum,512,341217440,512,1,8,29,869810c4,4.272827974986285,0,140,67.595703125
spectrum,513,341936320,512,1,8,62,a1ae0332,4.281826462014578,0,143,37.787109375
spectrum,514,342576880,512,1,8,61,925ff0d7,4.28980362706352,0,88,29.451171875
spectrum,515,343217440,512,1,8,62,5316e472,4.29782148799859,0,94,31.1328125
spectrum,516,343935680,512,1,8,33,b1d4e647,4.306839613011107,0,138,29.283203125
spectrum,517,344576480,512,1,8,66,1c57287d,4.314599325996824,0,104,33.88671875
spectrum,518,345221200,512,1,8,64,1053cbc7,4.322835801052861,0,98,33.1953125
spectrum,519,345936000,512,1,8,62,17dd919a,4.33183789497707,0,143,42.162109375
spectrum,520,346576880,512,1,8,64,9d540c2b,4.339821932953782,0,97,32.224609375
spectrum,521,347216800,512,1,8,39,c6196c1d,4.347921840031631,0,124,41.302734375
spectrum,522,347936960,512,1,8,37,8cafa8c0,4.356906700995751,0,144,44.80078125
spectrum,523,348577600,512,1,8,62,163b6124,4.364853327977471,0,94,30.958984375
spectrum,524,349216480,512,1,8,63,25f729dd,4.372837756993249,0,95,32.01171875
spectrum,525,349936320,512,1,8,62,8a0a76ef,4.381865308969282,0,144,39.93359375
spectrum,526,350576880,512,1,8,62,af5900cd,4.389815713046119,0,95,30.3203125
spectrum,527,351217440,512,1,8,60,a4d2a349,4.397866075974889,0,90,29.625
spectrum,528,351935680,512,1,8,36,dcfa717b,4.406723837018944,0,145,23.8984375
spectrum,529,352577600,512,1,8,31,e5ebcbd4,4.414842089056037,0,126,30.62890625
spectrum,530,353216480,512,1,8,38,ac6faf7b,4.422844902030192,0,126,30.240234375
spectrum,531,353935680,512,1,8,38,77b28dba,4.431826757965609,0,126,32.705078125
spectrum,532,354577840,512,1,8,60,e42f5c44,4.439855350065045,0,93,30.119140625
spectrum,533,355216560,512,1,8,72,927bb718,4.44787721906323,0,116,40.103515625
spectrum,534,355856320,512,1,8,29,46e086b9,4.455867548007518,0,126,27.943359375
spectrum,535,356497760,512,1,8,72,b904484f,4.4637946779839694,0,119,40.7421875
spectrum,536,357137280,512,1,8,64,88997e5d,4.471847626031376,0,149,42.16015625
spectrum,537,357856320,512,1,8,64,a6d3b008,4.48085481999442,0,95,32.79296875
spectrum,538,358496880,512,1,8,64,21a1f525,4.488854027003981,0,92,31.140625
spectrum,539,359136800,512,1,8,64,a720922e,4.496874914038926,6,147,57.80078125
spectrum,540,359856320,512,1,8,64,7ffa851a,4.505839406978339,0,100,31.576171875
spectrum,541,360496880,512,1,8,72,72b70ddf,4.513889288995415,0,122,39.7421875
spectrum,542,361136800,512,1,8,31,36dd8d4c,4.521804517018609,0,125,31.443359375
spectrum,543,361856320,512,1,8,63,a96f2818,4.530823142034933,0,95,31.833984375
spectrum,544,362496880,512,1,8,62,7c31a948,4.538846313022077,0,93,29.708984375
spectrum,545,363136800,512,1,8,38,e0f9a346,4.54687792097684,0,155,73.0859375
spectrum,546,363856640,512,1,8,60,666d815c,4.555863023037091,0,90,28.47265625
spectrum,547,364497440,512,1,8,30,e0533e0b,4.563834397005849,0,127,29.5078125
spectrum,548,365137760,512,1,8,31,40a022bf,4.571892524953,0,125,31.5078125
spectrum,549,365856000,512,1,8,28,708a45e7,4.580862908973359,0,121,30.888671875
spectrum,550,366502560,512,1,8,60,6b93e04c,4.588852677028626,0,83,27.46875
spectrum,551,367136880,512,1,8,64,53d0a5d0,4.596863185055554,0,144,51.814453125
spectrum,552,367856000,512,1,8,60,c7c1c36b,4.605874215951189,0,94,29.8125
spectrum,553,368496560,512,1,8,64,7732172f,4.61402158299461,0,100,32.62109375
spectrum,554,369137680,512,1,8,64,bc8e016a,4.621824747999199,0,113,33.4921875
spectrum,555,369855680,512,1,8,62,ec1e4abe,4.630838233977556,0,92,30.84765625
spectrum,556,370496480,512,1,8,67,20e76588,4.638829465024173,0,118,33.916015625
spectrum,557,371136480,512,1,8,38,9f926dba,4.6468596500344574,6,161,78.984375
spectrum,558,371856320,512,1,8,60,6e6c4020,4.655836906982586,0,91,28.939453125
spectrum,559,372502240,512,1,8,63,380bca02,4.663815204054117,0,95,31.310546875
spectrum,560,373137840,512,1,8,62,5810a531,4.671828125952743,0,143,39.173828125
spectrum,561,373856000,512,1,8,60,07881a12,4.680837664054707,0,88,28.486328125
spectrum,562,374497440,512,1,8,60,874c9bfd,4.688867849064991,0,89,28.64453125
spectrum,563,375137200,512,1,8,35,a1788dae,4.696873096982017,0,146,21.01953125
spectrum,564,375856320,512,1,8,30,8e788da3,4.705841467017308,0,125,29.779296875
spectrum,565,376496800,512,1,8,72,8e364b46,4.7138086430495605,0,114,40.1953125
spectrum,566,377136800,512,1,8,58,962b74a2,4.721838376950473,0,134,30.673828125
spectrum,567,377856000,512,1,8,62,f7ad9216,4.730822948040441,0,89,30.966796875
spectrum,568,378496800,512,1,8,39,4925eaf4,4.738835970987566,0,130,42.322265625
spectrum,569,379137600,512,1,8,30,90959565,4.746810519951396,0,132,31.005859375
spectrum,570,379855680,512,1,8,72,edf0d33b,4.75582512805704,0,107,37.6796875
spectrum,571,380496480,512,1,8,38,d15c7296,4.763820486958139,0,126,30.6484375
spectrum,572,381137520,512,1,8,31,6a12453b,4.771853037062101,0,128,29.759765625
spectrum,573,381856320,512,1,8,61,5bbf134e,4.780854008975439,0,88,30.154296875
spectrum,574,382497440,512,1,8,62,fdd133d0,4.78885926597286,0,89,30.677734375
spectrum,575,383136560,512,1,8,36,32a8e8ab,4.796847803052515,0,146,24.107421875
spectrum,576,383856640,512,1,8,60,ae99b961,4.805868342053145,0,85,28.306640625
spectrum,577,384497440,512,1,8,63,d306a703,4.81385340099223,0,100,31.30078125
spectrum,578,385136800,512,1,8,63,7a735139,4.821850663982332,0,144,39.080078125
spectrum,579,385856000,512,1,8,60,d5afbbb9,4.830724635976367,0,87,29.40625
spectrum,580,386499680,512,1,8,63,c00c0135,4.838855772046372,0,94,30.216796875
spectrum,581,387136480,512,1,8,36,dcf30bae,4.846844568033703,0,147,21.228515625
spectrum,582,387855680,512,1,8,60,9695c93f,4.855852843960747,0,91,29.580078125
spectrum,583,388496480,512,1,8,63,3a04c623,4.863822625018656,0,93,31.8984375
spectrum,584,389138080,512,1,8,63,5df854fc,4.871832140954211,0,145,37.05859375
spectrum,585,389856000,512,1,8,72,a86c428b,4.88083967496641,0,119,38.859375
spectrum,586,390498400,512,1,8,63,161ae0e9,4.88886289705988,0,90,31.703125
spectrum,587,391137280,512,1,8,37,24a6d467,4.896834771032445,14,160,78.79296875
spectrum,588,391855680,512,1,8,60,7341a13b,4.905844209017232,0,93,29.953125
spectrum,589,392497520,512,1,8,63,8f89e4b3,4.913845409057103,0,104,31.900390625
spectrum,590,393136560,512,1,8,64,573cb32f,4.921839726972394,0,147,44.125
spectrum,591,393855680,512,1,8,60,27472847,4.930822995025665,0,91,29.591796875
spectrum,592,394496480,512,1,8,72,3f0a2398,4.938851727056317,0,115,40.611328125
spectrum,593,395136480,512,1,8,38,f047c412,4.946871011983603,0,147,20.033203125
spectrum,594,395855680,512,1,8,72,5189feab,4.955843238974921,0,116,39.92578125
spectrum,595,396496480,512,1,8,61,cb577805,4.963816827046685,0,101,30.904296875
spectrum,596,397138320,512,1,8,39,3e756ae1,4.971872280002572,0,119,42.0625
spectrum,597,397856320,512,1,8,61,049b36ac,4.980843274970539,0,93,30.431640625
spectrum,598,398496880,512,1,8,63,036afff7,4.9888090080348775,0,95,32.5859375
spectrum,599,399137600,512,1,8,38,4b08fdc3,4.996885690954514,0,148,51.75
spectrum,600,399855680,512,1,8,60,afd15adc,5.005863038008101,0,95,29.4765625
spectrum,601,400496480,512,1,8,63,21e18fe1,5.013839732040651,0,100,31.71875
spectrum,602,401136480,512,1,8,57,70e658c6,5.022148494026624,0,133,31.83984375
spectrum,603,401855680,512,1,8,60,0e20ba96,5.030828137998469,0,92,30.392578125
spectrum,604,402496480,512,1,8,61,cbb792da,5.038851410034113,0,87,31.08984375
spectrum,605,403136480,512,1,8,38,42815616,5.046848110971041,14,161,79.45703125
spectrum,606,403855680,512,1,8,60,8d0df9e8,5.055843412061222,0,91,28.912109375
spectrum,607,404496480,512,1,8,62,61bdb0b8,5.063832600018941,0,100,31.513671875
spectrum,608,405136480,512,1,8,63,416ebe44,5.071820936049335,0,146,42.62109375
spectrum,609,405856000,512,1,8,63,3b821a76,5.080847376026213,0,94,31.7421875
spectrum,610,406496480,512,1,8,72,11a3168c,5.088736132951453,0,122,39.474609375
spectrum,611,407141520,512,1,8,60,591ca206,5.096853032009676,0,92,28.642578125
spectrum,612,407856320,512,1,8,60,cdcd0ba9,5.1058596150251105,0,98,29.275390625
spectrum,613,408497760,512,1,8,64,f3c70cae,5.113841196987778,0,105,31.869140625
spectrum,614,409136880,512,1,8,62,46e717e0,5.1218347429530695,0,142,39.806640625
spectrum,615,409856000,512,1,8,63,8c621a3a,5.130838911049068,0,99,31.4375
spectrum,616,410496800,512,1,8,63,31090d36,5.138824442052282,0,92,32.017578125
spectrum,617,411136800,512,1,8,38,2e8d95e9,5.14685704105068,0,147,20.974609375
spectrum,618,411856000,512,1,8,63,50f39d92,5.1558588340412825,0,96,32.251953125
spectrum,619,412496800,512,1,8,63,c2b62920,5.163837702013552,0,100,32.267578125
spectrum,620,413136800,512,1,8,62,4fb12cf4,5.1718443729914725,0,144,41.076171875
spectrum,621,413856000,512,1,8,62,a6813e0f,5.180836537969299,0,91,31.0703125
spectrum,622,414496560,512,1,8,72,de6a943c,5.188855802058242,0,113,37.689453125
spectrum,623,415137680,512,1,8,38,82672e5a,5.19685395702254,0,148,66.23046875
spectrum,624,415856000,512,1,8,60,6a1af15b,5.205866710981354,0,92,30.40234375
spectrum,625,416496800,512,1,8,63,e60699f5,5.21386523602996,0,96,32.974609375
spectrum,626,417137600,512,1,8,63,bc28f1ab,5.221853160997853,0,145,41.1953125
spectrum,627,417855680,512,1,8,62,d43d8329,5.230851368047297,0,94,31.87109375
spectrum,628,418496480,512,1,8,60,07dcf23f,5.238896821043454,0,95,29.998046875
spectrum,629,419136480,512,1,8,37,2859ba5e,5.246867793961428,12,162,79.046875
spectrum,630,419855680,512,1,8,60,08e34123,5.255842066020705,0,91,29.240234375
spectrum,631,420496480,512,1,8,61,7b69519a,5.263839429011568,0,93,29.720703125
spectrum,632,421136480,512,1,8,62,623cf591,5.271862850990146,0,145,37.748046875
spectrum,633,421856320,512,1,8,63,2ed51210,5.280860326020047,0,99,32.876953125
spectrum,634,422496880,512,1,8,61,60891047,5.288904697983526,0,88,29.720703125
spectrum,635,423137440,512,1,8,39,42a29a42,5.296919433050789,0,123,40.943359375
spectrum,636,423856000,512,1,8,64,85e771be,5.306204732973129,0,94,32.216796875
spectrum,637,424496480,512,1,8,61,fbe5e5d2,5.313833227963187,0,90,29.8515625
spectrum,638,425137760,512,1,8,62,711b377d,5.321856740978546,0,94,31.095703125
spectrum,639,425856000,512,1,8,60,55e3d6d8,5.330844126990996,0,91,30.44921875
spectrum,640,426496800,512,1,8,72,8f90a023,5.338864071993157,0,121,41.505859375
spectrum,641,427136800,512,1,8,60,53ec5fe1,5.3467550539644435,0,87,30.271484375
spectrum,642,427856000,512,1,8,63,90389401,5.35585011402145,0,95,30.80859375
spectrum,643,428496800,512,1,8,17,7d514c66,5.363757877028547,0,125,36.18359375
spectrum,644,429137920,512,1,8,63,46ff8db5,5.371860038023442,0,97,32.810546875
spectrum,645,429856640,512,1,8,31,85b1cb1b,5.380880487035029,0,125,30.5703125
spectrum,646,430497920,512,1,8,61,161a05b2,5.388830590061843,0,89,29.912109375
spectrum,647,431136880,512,1,8,61,1d35e248,5.396846057032235,0,96,29.654296875
spectrum,648,431856000,512,1,8,62,7049bb76,5.405835447018035,0,98,30.263671875
spectrum,649,432496560,512,1,8,65,2fe7711c,5.413888967013918,0,94,33.658203125
spectrum,650,433137760,512,1,8,61,73feb4d0,5.42187353502959,0,87,30.044921875
spectrum,651,433856000,512,1,8,72,fa46cce2,5.430866632028483,0,116,40.5234375
spectrum,652,434496800,512,1,8,72,9983117d,5.4388606189750135,0,111,39.576171875
spectrum,653,435136800,512,1,8,72,bfc719cc,5.446855577058159,0,109,39.390625
spectrum,654,435856000,512,1,8,62,c2a7df56,5.455854324973188,0,92,29.81640625
spectrum,655,436497440,512,1,8,72,64537fd1,5.463906281045638,0,115,40.80078125
spectrum,656,437136560,512,1,8,72,cee99b87,5.471865511033684,0,122,38.20703125
spectrum,657,437855680,512,1,8,72,89b8549d,5.4808741479646415,0,115,41.775390625
spectrum,658,438497520,512,1,8,63,06d07494,5.488873795024119,0,91,30.4140625
spectrum,659,439136560,512,1,8,63,8d55cd93,5.496856009005569,0,92,30.255859375
spectrum,660,439856320,512,1,8,30,a501587a,5.5058551479596645,0,127,29.52734375
spectrum,661,440496800,512,1,8,62,7b70f149,5.513841009000316,0,94,30.8203125
spectrum,662,441136800,512,1,8,35,5dbce8b1,5.521635266952217,0,118,35.314453125
spectrum,663,441856000,512,1,8,62,ae7c4af2,5.530841837986372,0,95,30.708984375
spectrum,664,442496480,512,1,8,72,c5dd995a,5.538831957033835,0,118,40.13671875
spectrum,665,443136480,512,1,8,61,d532e5c4,5.546873333049007,0,95,29.93359375
spectrum,666,443855680,512,1,8,63,584c12dc,5.555822327034548,0,94,30.380859375
spectrum,667,444496480,512,1,8,65,e12c4f3c,5.563811164000072,0,97,34.119140625
spectrum,668,445136480,512,1,8,64,79eeb632,5.571814939030446,0,95,31.60546875
spectrum,669,445855680,512,1,8,61,6c750fca,5.580833864049055,0,95,31.84765625
spectrum,670,446497760,512,1,8,28,12008389,5.588838431052864,0,120,28.451171875
spectrum,671,447137440,512,1,8,31,15b28077,5.596844549989328,0,124,30.587890625
spectrum,672,447856960,512,1,8,65,2bb83e1e,5.605880168033764,0,98,32.986328125
spectrum,673,448497520,512,1,8,65,5d4d1ef5,5.6139033189974725,0,97,33.017578125
spectrum,674,449136800,512,1,8,65,d89cefbd,5.62189907906577,0,97,32.90625
spectrum,675,449856000,512,1,8,61,ab4c7825,5.630879521952011,0,94,30.857421875
spectrum,676,450496560,512,1,8,61,8716d231,5.6388272809563205,0,88,29.59765625
spectrum,677,451136480,512,1,8,72,62fe74d8,5.6468525170348585,0,119,40.333984375
spectrum,678,451855680,512,1,8,63,4c727124,5.65586327703204,0,97,31.712890625
spectrum,679,452496480,512,1,8,62,18598814,5.663842506008223,0,97,32.328125
spectrum,680,453136480,512,1,8,72,ec67ab34,5.671837283996865,0,114,38.48046875
spectrum,681,453855680,512,1,8,63,efba4c2d,5.680843816022389,0,95,32.2421875
spectrum,682,454427040,512,1,8,64,3c9a325b,5.68785879004281,0,97,31.03125
spectrum,683,455056960,512,1,8,64,f6d95132,5.695886058965698,0,96,32.173828125
spectrum,684,455776000,512,1,8,64,453da433,5.704883454949595,0,98,32.90234375
spectrum,685,456417520,512,1,8,65,f0b97adb,5.712877571000718,0,103,34.021484375
spectrum,686,457057760,512,1,8,62,6d61909d,5.720872338977642,0,91,30.486328125
spectrum,687,457776000,512,1,8,31,c0bd8bb3,5.729833535966463,0,124,31.619140625
spectrum,688,458416480,512,1,8,63,7822c4fb,5.737861467059702,0,92,30.845703125
spectrum,689,459056480,512,1,8,62,d650df59,5.745846897014417,0,94,32.408203125
spectrum,690,459775680,512,1,8,62,c72a4066,5.754854461061768,0,91,29.498046875
spectrum,691,460416480,512,1,8,63,2e4803fb,5.762817368959077,0,101,32.08203125
spectrum,692,461056480,512,1,8,30,fe2182e5,5.770819401019253,0,129,29.158203125
spectrum,693,461775680,512,1,8,62,a63056b2,5.779847183031961,0,91,30.986328125
spectrum,694,462416480,512,1,8,62,2ac3b565,5.787850287044421,0,97,31.685546875
spectrum,695,463057520,512,1,8,63,17304e5d,5.795868659974076,0,98,31.494140625
spectrum,696,463776640,512,1,8,61,b7720942,5.80501107906457,0,96,30.87109375
spectrum,697,464417440,512,1,8,61,dc5bfe39,5.812881732010283,0,90,30.392578125
spectrum,698,465056560,512,1,8,72,76e6fa37,5.820920592988841,0,118,41.32421875
spectrum,699,465776640,512,1,8,60,30805bc6,5.829876048956066,0,95,28.943359375
spectrum,700,466417440,512,1,8,72,9204eb7d,5.837887919973582,0,114,39.91796875
spectrum,701,467056800,512,1,8,72,07cc4896,5.845874381950125,0,115,38.771484375
spectrum,702,467776000,512,1,8,63,2d64c5e8,5.854743444011547,0,98,31.97265625
spectrum,703,468422160,512,1,8,60,d20cb31e,5.862850634963252,0,99,29.427734375
spectrum,704,469056560,512,1,8,72,598c1987,5.870845222030766,0,114,40.826171875
spectrum,705,469775680,512,1,8,72,1d09a4be,5.87986363703385,0,117,40.23046875
spectrum,706,470416480,512,1,8,72,eaa5adfe,5.887870838982053,0,106,39.689453125
spectrum,707,471058080,512,1,8,63,5e97f38b,5.895882469019853,0,97,31.51953125
spectrum,708,471776000,512,1,8,63,043e0232,5.904896424966864,0,97,33.673828125
spectrum,709,472417760,512,1,8,39,2de35651,5.912884940975346,0,128,33.369140625
spectrum,710,473056560,512,1,8,63,6f4aaaea,5.920887554064393,0,93,31.677734375
spectrum,711,473775680,512,1,8,63,08beac19,5.92985904996749,0,91,31.357421875
spectrum,712,474417520,512,1,8,65,7a60c790,5.937881360063329,0,95,34.09765625
spectrum,713,475056560,512,1,8,65,63bb7931,5.945856070029549,0,101,34.0625
spectrum,714,475775680,512,1,8,63,fc3e8d92,5.954875446972437,0,94,30.69921875
spectrum,715,476416480,512,1,8,63,d8c8ab78,5.962851669988595,0,95,31.591796875
spectrum,716,477056480,512,1,8,72,09aeeb7f,5.970839333953336,0,113,40.416015625
spectrum,717,477775680,512,1,8,72,8826a562,5.979838903062046,0,113,40.875
spectrum,718,478416480,512,1,8,72,4c445a43,5.987829362973571,0,113,38.361328125
spectrum,719,479058720,512,1,8,61,f3c362a3,5.995875327964313,0,94,29.173828125
spectrum,720,479776000,512,1,8,61,b50b1a4c,6.004884766065516,0,94,30.884765625
spectrum,721,480416800,512,1,8,29,55f79f35,6.012885253992863,0,119,31.46484375
spectrum,722,481057520,512,1,8,60,f6e7d128,6.020870764972642,0,93,28.6015625
spectrum,723,481775680,512,1,8,63,21ae4b95,6.029867829056457,0,97,31.603515625
spectrum,724,482417680,512,1,8,62,212aa58c,6.037866984959692,0,96,31.060546875
spectrum,725,483056880,512,1,8,62,1c63b055,6.045887551968917,0,96,30.638671875
spectrum,726,483776000,512,1,8,62,345d8257,6.0548664319794625,0,90,30.255859375
spectrum,727,484416800,512,1,8,62,c02a4254,6.062851542024873,0,91,30.748046875
spectrum,728,485056800,512,1,8,63,0a77e3aa,6.070869504008442,0,92,30.021484375
spectrum,729,485776000,512,1,8,63,7970bd5c,6.079856708995067,0,91,30.453125
spectrum,730,486416800,512,1,8,63,5ad2e149,6.087859311955981,0,95,31.0546875
spectrum,731,487056800,512,1,8,65,92911517,6.095899806008674,0,95,32.96875
spectrum,732,487776000,512,1,8,62,370008bc,6.104879267979413,0,95,31.8125
spectrum,733,488416480,512,1,8,59,07adae18,6.11275888804812,0,105,27.28515625
spectrum,734,489061360,512,1,8,63,377df0cb,6.12087831099052,0,95,32.560546875
spectrum,735,489776000,512,1,8,66,165df57f,6.129868251970038,0,107,34.474609375
spectrum,736,490417680,512,1,8,63,473dd8ee,6.137859032955021,0,95,31.3828125
spectrum,737,491056560,512,1,8,63,c806e8cb,6.1459088049596176,0,91,32.3984375
spectrum,738,491775680,512,1,8,39,916c3058,6.154899446992204,0,124,41.322265625
spectrum,739,492416480,512,1,8,39,8d450cbb,6.162841615034267,0,126,40.9765625
spectrum,740,493056480,512,1,8,62,83051ad2,6.17087154998444,0,96,31.2578125
spectrum,741,493775680,512,1,8,62,e85d5740,6.17985710198991,0,91,30.57421875
spectrum,742,494416480,512,1,8,64,fb6207e2,6.187835128977895,0,95,33.84765625
spectrum,743,495056480,512,1,8,41,1ade6604,6.195862998953089,0,98,33.333984375
spectrum,744,495776320,512,1,8,64,a2a81e3c,6.2048680890584365,0,101,33.66015625
spectrum,745,496417200,512,1,8,61,9fd23716,6.212862055050209,0,96,30.00390625
spectrum,746,497057760,512,1,8,64,8a4299a2,6.220889986027032,0,97,33.244140625
spectrum,747,497776000,512,1,8,64,1343e0c3,6.229876860976219,0,96,32.87109375
spectrum,748,498416800,512,1,8,64,0288dac9,6.237709161010571,0,97,32.98046875
spectrum,749,499057600,512,1,8,72,891609c6,6.245883038034663,0,113,38.771484375
spectrum,750,499775680,512,1,8,72,b90358a8,6.254851849051192,0,113,38.5390625
spectrum,751,500416480,512,1,8,64,f6335523,6.262871223967522,0,95,31.912109375
spectrum,752,501056480,512,1,8,60,937691ff,6.270883374963887,0,89,29.7109375
spectrum,753,501775680,512,1,8,72,3601197d,6.279942977009341,0,122,41.22265625
spectrum,754,502416480,512,1,8,72,9c43ac0c,6.287887861020863,0,116,39.8203125
spectrum,755,503056480,512,1,8,72,0353fea2,6.295846860972233,0,117,39.599609375
spectrum,756,503776320,512,1,8,65,2938d41b,6.3048540350282565,0,99,33.0390625
spectrum,757,504416880,512,1,8,64,b9cfa4af,6.312867808970623,0,95,31.986328125
spectrum,758,505057440,512,1,8,29,e352b4a2,6.3208643100224435,0,123,30.091796875
spectrum,759,505776000,512,1,8,61,3590d5e4,6.329838000005111,0,102,29.568359375
spectrum,760,506416480,512,1,8,72,67bfd505,6.337856543017551,0,116,39.134765625
spectrum,761,507057760,512,1,8,64,36248da6,6.3458537850528955,0,102,33.05078125
spectrum,762,507776000,512,1,8,30,ad3efb51,6.354857551981695,0,118,30.50390625
spectrum,763,508417360,512,1,8,64,1b539e51,6.362863952061161,0,99,32.76953125
spectrum,764,509056560,512,1,8,72,898b61cb,6.370667589013465,0,114,40.822265625
spectrum,765,509775680,512,1,8,64,7058142b,6.379912422038615,0,93,31.169921875
spectrum,766,510416480,512,1,8,62,a75c2dfc,6.387866161996499,0,95,30.859375
spectrum,767,511056480,512,1,8,62,3a17d2c7,6.395882360986434,0,95,31.79296875
spectrum,768,511776960,512,1,8,29,c1bd6a0c,6.404830401996151,0,120,30.123046875
spectrum,769,512417600,512,1,8,62,4498d62e,6.412880124058574,0,95,31.71875
spectrum,770,513056480,512,1,8,62,d8d23bc5,6.42085422296077,0,92,31.234375
spectrum,771,513776320,512,1,8,63,e7704aeb,6.429891212959774,0,99,32.46875
spectrum,772,514416880,512,1,8,63,5de525bf,6.437922941055149,0,100,31.802734375
spectrum,773,515057440,512,1,8,64,cb22d8b3,6.4458780840504915,0,97,32.45703125
spectrum,774,515775680,512,1,8,64,d28f8180,6.454879445955157,0,99,32.556640625
spectrum,775,516417520,512,1,8,63,4313f2e2,6.462891145958565,0,94,31.01171875
spectrum,776,517056560,512,1,8,72,c85578de,6.4708809750154614,0,115,37.947265625
spectrum,777,517775680,512,1,8,72,ec7e2305,6.479872197960503,0,115,39.67578125
spectrum,778,518416480,512,1,8,64,8079126f,6.487887725001201,0,99,33.265625
spectrum,779,519056480,512,1,8,64,838729b1,6.49588646099437,0,102,32.80859375
spectrum,780,519776320,512,1,8,62,198ba2d8,6.504647369030863,0,93,30.587890625
spectrum,781,520417280,512,1,8,72,99d9d555,6.512870008009486,0,123,39.99609375
spectrum,782,521056560,512,1,8,62,ee038002,6.5208501080051064,0,96,29.83203125
spectrum,783,521776320,512,1,8,62,16f840e5,6.5298451780108735,0,97,31.37109375
spectrum,784,522416880,512,1,8,63,473bc853,6.537866365979426,0,99,32.8828125
spectrum,785,523056800,512,1,8,36,0c30c23a,6.545750263961963,0,122,37.650390625
spectrum,786,523776000,512,1,8,62,aa8a778e,6.554892663960345,0,100,31.66015625
spectrum,787,524417280,512,1,8,38,bf2aa29c,6.5628558120224625,0,128,30.466796875
spectrum,788,525056480,512,1,8,63,257a8c1c,6.570848376024514,0,97,31.23046875
spectrum,789,525775680,512,1,8,62,10c8bdb7,6.579851862043142,0,89,29.630859375
spectrum,790,526416480,512,1,8,72,12189931,6.587893118034117,0,116,39.55078125
spectrum,791,527056480,512,1,8,72,8efd8d48,6.595899277017452,0,124,39.9765625
spectrum,792,527775680,512,1,8,62,7c93413f,6.604864320950583,0,93,31.474609375
spectrum,793,528417760,512,1,8,31,b019afa1,6.6128760509891436,0,124,31.734375
spectrum,794,529057440,512,1,8,31,aac89d3b,6.62070897303056,0,126,31.0390625
spectrum,795,529776320,512,1,8,61,f90deffc,6.6298554700333625,0,94,28.890625
spectrum,796,530416880,512,1,8,72,2db731e7,6.6378642349736765,0,115,38.994140625
spectrum,797,531056800,512,1,8,72,20677711,6.645914357039146,0,126,40.408203125
spectrum,798,531776320,512,1,8,62,9000a565,6.654912594007328,0,93,31.16015625
spectrum,799,532416560,512,1,8,62,41a39364,6.6628626469755545,0,96,31.8359375
spectrum,800,533056480,512,1,8,62,f7d147d5,6.670891429064795,0,92,31.052734375
spectrum,801,533775680,512,1,8,62,580662df,6.679867965052836,0,95,31.5
spectrum,802,534416480,512,1,8,62,9661fae5,6.687852944014594,0,94,29.8046875
spectrum,803,535056480,512,1,8,62,43c32e1c,6.695925910025835,0,89,30.328125
spectrum,804,535775680,512,1,8,62,902f1b10,6.704893689020537,0,95,30.6640625
spectrum,805,536349840,512,1,8,60,6df259ff,6.711922198999673,0,100,29.673828125
spectrum,806,536976960,512,1,8,62,fffa7cc7,6.719874426024035,0,99,30.88671875
spectrum,807,537696000,512,1,8,63,43d0f98b,6.7288792750332505,0,94,32.580078125
spectrum,808,538337520,512,1,8,64,fa579195,6.73690247698687,0,97,33.025390625
spectrum,809,538977280,512,1,8,72,33e4dfd1,6.744870244059712,0,124,41.830078125
spectrum,810,539696320,512,1,8,61,c73aa88d,6.753873810986988,0,95,31.873046875
spectrum,811,540336880,512,1,8,38,605f57dd,6.761888656998053,0,122,44.1484375
spectrum,812,540976880,512,1,8,64,1374d5a6,6.769852124969475,0,102,31.416015625
spectrum,813,541696000,512,1,8,29,81017528,6.778865130036138,0,123,29.65234375
spectrum,814,542336720,512,1,8,63,309f9562,6.7868730530608445,0,92,31.572265625
spectrum,815,542976800,512,1,8,63,704aba8a,6.794878019951284,0,94,30.4765625
spectrum,816,543696000,512,1,8,31,2643ea6d,6.803871638025157,0,121,31.4296875
spectrum,817,544336720,512,1,8,60,17e07185,6.8118844700511545,0,92,29.732421875
spectrum,818,544977520,512,1,8,64,dd50c9f1,6.819885679986328,0,97,30.90625
spectrum,819,545695680,512,1,8,64,e2d4a2c6,6.828907591057941,0,99,32.583984375
spectrum,820,546337760,512,1,8,64,e6bba159,6.836857134010643,0,97,34.291015625
spectrum,821,546976880,512,1,8,64,5fd144e3,6.844903519027866,0,94,32.646484375
spectrum,822,547696640,512,1,8,62,2457be70,6.853937693987973,0,95,30.005859375
spectrum,823,548337440,512,1,8,62,f66fd506,6.8618706749984995,0,92,31.126953125
spectrum,824,548976800,512,1,8,63,2ac2a01e,6.869891081005335,0,92,31.861328125
spectrum,825,549696000,512,1,8,63,76d5679d,6.878764712018892,0,101,32.0859375
spectrum,826,550340240,512,1,8,63,a967bbc9,6.8868911389727145,0,97,31.130859375
spectrum,827,550976800,512,1,8,63,13a469f1,6.894899302977137,0,97,32.294921875
spectrum,828,551696000,512,1,8,62,112be7f2,6.903889804962091,0,92,31.05859375
spectrum,829,552336800,512,1,8,66,93a9e33c,6.911875364952721,0,103,34.521484375
spectrum,830,552977760,512,1,8,63,a2860725,6.919905169052072,0,100,32.216796875
spectrum,831,553695680,512,1,8,63,0707db30,6.928855765960179,0,98,31.365234375
spectrum,832,554338640,512,1,8,61,c72086d8,6.936870370991528,0,95,30.44921875
spectrum,833,554976880,512,1,8,72,1fd046f3,6.944866552017629,0,119,41.015625
spectrum,834,555696000,512,1,8,72,4ab3f675,6.953863766044378,0,115,39.921875
spectrum,835,556337520,512,1,8,60,9abe6fd2,6.9618809169624,0,98,29.9296875
spectrum,836,556976560,512,1,8,72,d6b82eea,6.9698862549848855,0,114,40.537109375
spectrum,837,557695680,512,1,8,72,318df212,6.978937912033871,0,118,40.30859375
spectrum,838,558336480,512,1,8,72,5128331a,6.986871705041267,0,121,38.837890625
spectrum,839,558977760,512,1,8,39,6ab9d1f2,6.994877733988687,0,125,42.287109375
spectrum,840,559696000,512,1,8,62,50064e0a,7.003892833017744,0,99,30.88671875
spectrum,841,560336800,512,1,8,38,2ecc19ee,7.011879054014571,0,127,41.25390625
spectrum,842,560978720,512,1,8,63,08d9b31f,7.019877027953044,0,98,32.90234375
spectrum,843,561695680,512,1,8,63,46f9a3cf,7.028863111976534,0,106,32.564453125
spectrum,844,562336480,512,1,8,29,464c09e1,7.036905850050971,0,126,29.65625
spectrum,845,562977520,512,1,8,61,1a10ef16,7.044917701045051,0,92,31.357421875
spectrum,846,563695680,512,1,8,72,b811d3a6,7.053928020060994,0,114,39.638671875
spectrum,847,564338080,512,1,8,72,fdf073b1,7.061870248988271,0,117,41.26953125
spectrum,848,564976880,512,1,8,63,bbdc3ae6,7.069889202015474,0,96,32.72265625
spectrum,849,565696000,512,1,8,63,008d4222,7.0788918669568375,0,92,31.12890625
spectrum,850,566337440,512,1,8,63,6cec3419,7.086878770031035,0,94,31.86328125
spectrum,851,566976560,512,1,8,63,40f4f29b,7.094898905954324,0,100,31.619140625
spectrum,852,567695680,512,1,8,72,119c04b2,7.103896170970984,0,118,39.86328125
spectrum,853,568336480,512,1,8,64,a724fb22,7.111873165005818,0,101,32.25390625
spectrum,854,568976480,512,1,8,64,07b1c837,7.119900814956054,0,108,32.46875
spectrum,855,569696000,512,1,8,62,40c91eb2,7.128755880985409,0,96,30.892578125
spectrum,856,570356240,512,1,8,63,7349cbb3,7.136837824014947,0,95,31.736328125
spectrum,857,570977920,512,1,8,63,c7905d43,7.144877266022377,0,97,31.4453125
spectrum,858,571695680,512,1,8,63,e64fbcee,7.153922380995937,0,95,30.654296875
spectrum,859,572337680,512,1,8,60,6e8db8f4,7.161888565053232,0,96,29.732421875
spectrum,860,572976880,512,1,8,63,db4a2983,7.169870398007333,0,96,31.958984375
spectrum,861,573696000,512,1,8,30,b0eff6ab,7.178853717050515,0,122,30.474609375
spectrum,862,574336720,512,1,8,60,670342d6,7.186870126053691,0,103,28.962890625
spectrum,863,574976800,512,1,8,72,ced890e4,7.194888478028588,0,114,41.01953125
spectrum,864,575696000,512,1,8,72,5fda2297,7.203887716983445,0,117,38.373046875
spectrum,865,576336800,512,1,8,39,cfaaf52d,7.211878838017583,0,122,43.169921875
spectrum,866,576976800,512,1,8,62,975bf837,7.2199070090427995,0,94,31.443359375
spectrum,867,577696000,512,1,8,66,e1b744a3,7.2288993139518425,0,106,35.58203125
spectrum,868,578336560,512,1,8,61,ad295a55,7.2368452900554985,0,96,29.82421875
spectrum,869,578977760,512,1,8,60,c242abb6,7.244877208024263,0,94,28.6953125
spectrum,870,579696000,512,1,8,61,647fbaf4,7.253897025017068,0,87,29.837890625
spectrum,871,580336800,512,1,8,65,ace15c06,7.2618900099769235,0,98,32.865234375
spectrum,872,580977600,512,1,8,72,a031c0a5,7.269972744048573,0,114,39.517578125
spectrum,873,581695680,512,1,8,63,4893f8ac,7.278886982006952,0,93,32.703125
spectrum,874,582336480,512,1,8,63,dfb26e4f,7.286860899999738,0,94,31.41796875
spectrum,875,582976480,512,1,8,63,03e167d1,7.294878841959871,0,96,32.291015625
spectrum,876,583695680,512,1,8,61,f5fef143,7.30389694601763,0,97,30.103515625
spectrum,877,584336480,512,1,8,60,8dbbb597,7.311870965058915,0,96,29.572265625
spectrum,878,584976480,512,1,8,64,1f44ea94,7.3198941859882325,0,99,31.203125
spectrum,879,585696320,512,1,8,61,ee7eced9,7.328884779009968,0,93,30.6328125
spectrum,880,586336800,512,1,8,72,6bfdc43f,7.336876119952649,0,118,40.0078125
spectrum,881,586977440,512,1,8,29,aed53acc,7.344895994989201,0,122,30.669921875
spectrum,882,587696000,512,1,8,61,83667ff8,7.353884282987565,0,92,30.15625
spectrum,883,588336480,512,1,8,62,521f403c,7.361872619017959,0,92,30.330078125
spectrum,884,588977760,512,1,8,65,c80c5d99,7.3699116200441495,0,95,32.96875
spectrum,885,589696000,512,1,8,65,487df55e,7.378870532964356,0,103,33.908203125
spectrum,886,590336800,512,1,8,62,f8079b40,7.386681964038871,0,95,31.14453125
spectrum,887,590979920,512,1,8,63,007f8f1c,7.394957702956162,0,96,32.34765625
spectrum,888,591696000,512,1,8,63,373a34b3,7.403879916062579,0,94,30.984375
spectrum,889,592336800,512,1,8,62,09c1a8ff,7.411870736046694,0,94,29.640625
spectrum,890,592976800,512,1,8,72,4a4ed3f0,7.419875242980197,0,120,40.439453125
spectrum,891,593696960,512,1,8,37,355764c3,7.428898607031442,0,125,30.49609375
spectrum,892,594338080,512,1,8,31,db5457f8,7.436922739958391,0,131,25.3515625
spectrum,893,594977760,512,1,8,29,135ca070,7.44491763797123,0,129,28.009765625
spectrum,894,595696000,512,1,8,72,9f406a46,7.4538812689716,0,115,40.396484375
spectrum,895,596336480,512,1,8,36,e31560eb,7.461866528959945,0,130,36.71875
spectrum,896,596977760,512,1,8,61,96961e0b,7.469893147004768,0,92,30.421875
spectrum,897,597696000,512,1,8,64,3015cf7d,7.478868942009285,0,97,32.640625
spectrum,898,598336800,512,1,8,64,341381cd,7.4869229110190645,0,97,32.140625
spectrum,899,598976800,512,1,8,64,5ec8d311,7.494902841048315,0,96,32.478515625
spectrum,900,599696000,512,1,8,64,9ada78eb,7.503894375055097,0,100,32.234375
spectrum,901,600336800,512,1,8,72,e25e2ebf,7.511874155024998,0,114,40.119140625
spectrum,902,600976800,512,1,8,61,65aacd90,7.5199009029893205,0,88,29.751953125
spectrum,903,601696000,512,1,8,72,9ba15f41,7.528914569062181,0,114,40.392578125
spectrum,904,602337520,512,1,8,64,0806f125,7.536974349990487,0,97,33.255859375
spectrum,905,602976560,512,1,8,64,2e5b0761,7.544889006065205,0,94,31.544921875
spectrum,906,603696320,512,1,8,61,eee1b500,7.5538808000274,0,94,29.595703125
spectrum,907,604337440,512,1,8,63,032c870a,7.561884906026535,0,96,33.068359375
spectrum,908,604977280,512,1,8,36,8241d23e,7.569871127954684,0,127,37.935546875
spectrum,909,605696000,512,1,8,63,fb51588f,7.578890684992075,0,96,32.763671875
spectrum,910,606336480,512,1,8,63,fd63460f,7.586900040041655,0,94,31.017578125
spectrum,911,606976480,512,1,8,63,d17ab35d,7.594873287016526,0,97,32.046875
spectrum,912,607695680,512,1,8,63,e0623cac,7.603913162951358,0,96,31.40625
spectrum,913,608336480,512,1,8,63,ccda59d7,7.611894765985198,0,104,32.57421875
spectrum,914,608976480,512,1,8,61,dcfd3da3,7.619898380013183,0,95,29.37890625
spectrum,915,609695680,512,1,8,63,e1f7c60a,7.628884464036673,0,95,31.583984375
spectrum,916,610337760,512,1,8,62,8e7eb922,7.636680255061947,0,96,30.84765625
spectrum,917,610980000,512,1,8,62,142305e8,7.644876264035702,0,96,31.53125
spectrum,918,611696320,512,1,8,61,edc18750,7.653888567001559,0,89,29.81640625
spectrum,919,612336560,512,1,8,61,fa573865,7.661902731982991,0,89,30.201171875
spectrum,920,612976480,512,1,8,72,6f37ad80,7.6699042819673195,0,118,40.833984375
spectrum,921,613696320,512,1,8,72,19e06831,7.67893184395507,0,113,40.59375
spectrum,922,614336880,512,1,8,72,d5c7df66,7.686893059057184,0,119,40.6953125
spectrum,923,614976800,512,1,8,63,6fa43a35,7.694894668995403,0,91,31.416015625
spectrum,924,615696000,512,1,8,63,c67ad90a,7.703878708998673,0,92,32.365234375
spectrum,925,616336800,512,1,8,37,a3233df5,7.711919895024039,0,126,37.5
spectrum,926,616976800,512,1,8,62,e7300d9d,7.719943757983856,0,94,31.283203125
spectrum,927,617696000,512,1,8,62,8b7d9953,7.728895946987905,0,92,29.349609375
spectrum,928,618272480,512,1,8,60,a6327695,7.735931399976835,0,92,27.98046875
spectrum,929,618896640,512,1,8,63,e1ca6961,7.743888356024399,0,94,31.6171875
spectrum,930,619616320,512,1,8,60,6d177260,7.752905428991653,0,95,29.47265625
spectrum,931,620257280,512,1,8,66,f1ff0afd,7.760900918045081,0,106,33.95703125
spectrum,932,620896560,512,1,8,64,0914308a,7.768871400039643,0,94,31.64453125
spectrum,933,621616320,512,1,8,61,f7896a41,7.777883192058653,0,92,29.833984375
spectrum,934,622257280,512,1,8,72,1d832252,7.785888700047508,0,119,40.7890625
spectrum,935,622896480,512,1,8,72,b128f8ac,7.793884219950996,0,118,39.916015625
spectrum,936,623616000,512,1,8,39,4c75a9d2,7.802910860045813,0,129,32.638671875
spectrum,937,624256480,512,1,8,65,9a980f62,7.810893435031176,0,98,33.810546875
spectrum,938,624896480,512,1,8,31,8cb2f36d,7.81892297801096,0,126,31.52734375
spectrum,939,625615680,512,1,8,63,1fc72271,7.827911757049151,0,96,31.1171875
spectrum,940,626256480,512,1,8,33,7c9e760b,7.835877840989269,0,110,30.345703125
spectrum,941,626897840,512,1,8,31,7c17c923,7.843849634984508,0,126,31.046875
spectrum,942,627616000,512,1,8,62,6d649ee8,7.852881254977547,0,98,30.5078125
spectrum,943,628257760,512,1,8,65,99162075,7.8609316679649055,0,103,33.158203125
spectrum,944,628896880,512,1,8,62,b75de4e4,7.868902249960229,0,94,30.412109375
spectrum,945,629616640,512,1,8,61,02864df5,7.877914163051173,0,90,29.744140625
spectrum,946,630257520,512,1,8,72,49bba4c7,7.886407344019972,0,112,39.91015625
spectrum,947,630896800,512,1,8,61,aaf60572,7.893701605964452,0,90,30.341796875
spectrum,948,631616000,512,1,8,61,891e650c,7.90290664404165,0,91,29.88671875
spectrum,949,632256800,512,1,8,63,f1ea9b80,7.910887054982595,0,96,30.9296875
spectrum,950,632896800,512,1,8,64,9192b727,7.918888535001315,0,96,32.458984375
spectrum,951,633616000,512,1,8,60,7e7c85ed,7.9278904990060255,0,88,29.70703125
spectrum,952,634256800,512,1,8,62,bce14c49,7.935939047951251,0,95,30.87890625
spectrum,953,634897760,512,1,8,61,654ab5ae,7.94393956696149,0,92,30.064453125
spectrum,954,635615680,512,1,8,61,8cd828b3,7.952951168990694,0,94,30.189453125
spectrum,955,636258400,512,1,8,62,badf661d,7.960908035049215,0,97,32.59765625
spectrum,956,636897280,512,1,8,63,89bc90e4,7.968922910979018,0,105,32.162109375
spectrum,957,637615680,512,1,8,63,532c9248,7.977892544004135,0,98,32.50390625
spectrum,958,638257520,512,1,8,63,60f7f071,7.985925283050165,0,94,31.7890625
spectrum,959,638897760,512,1,8,64,7d48f201,7.993891536956653,0,101,32.7734375
spectrum,960,639616000,512,1,8,64,f8cf57f8,8.002942834049463,0,94,32.5546875
spectrum,961,640257520,512,1,8,39,e9358530,8.010906193056144,0,126,40.533203125
spectrum,962,640896560,512,1,8,59,2d6e62f1,8.018900759983808,0,94,28.541015625
spectrum,963,641615680,512,1,8,60,5d9a5199,8.027871615020558,0,92,29.84375
spectrum,964,642256480,512,1,8,23,5900e672,8.03590321203228,0,103,16.21484375
spectrum,965,642898320,512,1,8,61,4454964d,8.043899412965402,0,87,29.888671875
spectrum,966,643616000,512,1,8,64,a74e94d0,8.052925541996956,0,99,31.78125
spectrum,967,644256480,512,1,8,29,e5814c7e,8.06089779699687,0,125,30.154296875
spectrum,968,644898160,512,1,8,72,ac0474a9,8.068929014028981,0,110,41.005859375
spectrum,969,645616000,512,1,8,63,32fdb485,8.077875413000584,0,98,31.625
spectrum,970,646257440,512,1,8,72,0feb76fe,8.085916789015755,0,125,40.431640625
spectrum,971,646896560,512,1,8,61,aceb6eb3,8.093879105057567,0,91,29.830078125
spectrum,972,647615680,512,1,8,63,03184def,8.102914432063699,0,94,32.09375
spectrum,973,648257760,512,1,8,39,d59711da,8.110916503006592,0,125,40.66015625
spectrum,974,648896880,512,1,8,62,6634e4f1,8.118938392028213,0,89,30.41015625
spectrum,975,649616000,512,1,8,62,ac9cf755,8.12787909002509,0,97,31.587890625
spectrum,976,650258400,512,1,8,37,de182216,8.135903513990343,0,130,26.4765625
spectrum,977,650896480,512,1,8,72,ff565bba,8.143775450065732,0,123,38.4140625
spectrum,978,651616000,512,1,8,62,d27c8e95,8.152888954035006,0,101,30.794921875
spectrum,979,652256480,512,1,8,63,ccb9f4a4,8.16091251699254,0,98,31.90234375
spectrum,980,652898080,512,1,8,65,f4ce4473,8.168994650011882,0,96,32.849609375
spectrum,981,653616000,512,1,8,64,22fa2dab,8.177908557001501,0,93,31.77734375
spectrum,982,654257440,512,1,8,72,56558591,8.185902182012796,0,123,40.69140625
spectrum,983,654896560,512,1,8,72,e26941c8,8.193900287034921,0,114,39.373046875
spectrum,984,655615680,512,1,8,37,3121adb2,8.202891709981486,0,129,28.423828125
spectrum,985,656256400,512,1,8,37,7eedb42f,8.210892279050313,0,124,30.740234375
spectrum,986,656896480,512,1,8,72,d42f3e18,8.218897948041558,0,115,39.69140625
spectrum,987,657615680,512,1,8,62,e0fe7dec,8.22786545602139,0,98,31.318359375
spectrum,988,658256480,512,1,8,39,65b30411,8.235896222060546,0,126,41.37890625
spectrum,989,658896480,512,1,8,62,c9ed15e9,8.243887993972749,0,93,31.19140625
spectrum,990,659618160,512,1,8,63,62241a95,8.252905225963332,0,90,31.376953125
spectrum,991,660257200,512,1,8,63,50c4aaac,8.260880558053032,0,94,31.970703125
spectrum,992,660897440,512,1,8,63,6ad91cc1,8.268898518988863,0,94,30.6015625
spectrum,993,661615680,512,1,8,64,7be0a3f6,8.277864675037563,0,99,33.111328125
spectrum,994,662257760,512,1,8,39,132a2ccf,8.285899428999983,0,129,31.625
spectrum,995,662897200,512,1,8,62,57e7957f,8.2938654019963,0,91,30.83203125
spectrum,996,663615680,512,1,8,38,e019f340,8.302899406058714,0,132,26.11328125
spectrum,997,664257680,512,1,8,72,661a1050,8.310915514011867,0,117,41.060546875
spectrum,998,664896880,512,1,8,63,2bd7daa9,8.318930039997213,0,94,31.7265625
spectrum,999,665616000,512,1,8,63,9e1e66a3,8.32791554206051,0,98,31.083984375
spectrum,1000,666257440,512,1,8,31,30828709,8.335911010974087,0,121,31.57421875
spectrum,1001,666896560,512,1,8,63,4cf4c626,8.343856867053546,0,94,32.298828125
spectrum,1002,667616320,512,1,8,62,ca0da482,8.352901260950603,0,95,30.38671875
spectrum,1003,668256880,512,1,8,62,8d4ab85e,8.360927899018861,0,89,30.55859375
spectrum,1004,668896800,512,1,8,27,99348630,8.368902739020996,0,126,27.40625
spectrum,1005,669616000,512,1,8,64,ff22d7f7,8.377917577046901,0,97,32.103515625
spectrum,1006,670256480,512,1,8,64,f0ede260,8.3859622690361,0,96,31.3046875
spectrum,1007,670897760,512,1,8,64,934081c3,8.3939176320564,0,95,32.359375
spectrum,1008,671616000,512,1,8,72,837001f9,8.402703155996278,0,112,39.689453125
spectrum,1009,672260000,512,1,8,36,f180c5ca,8.410904885968193,0,119,29.5859375
spectrum,1010,672896800,512,1,8,60,644046ce,8.41891469201073,0,96,29.576171875
spectrum,1011,673616320,512,1,8,39,e5840860,8.427881209063344,0,128,41.642578125
spectrum,1012,674256560,512,1,8,62,aaf8c886,8.435941671021283,0,92,31.306640625
spectrum,1013,674896480,512,1,8,61,204ed675,8.44388360902667,0,96,30.55078125
spectrum,1014,675616640,512,1,8,62,b4f62920,8.452923304052092,0,92,29.8671875
spectrum,1015,676257440,512,1,8,31,839be4a5,8.46089501795359,0,128,28.703125
spectrum,1016,676897760,512,1,8,31,bc2e6476,8.468949308036827,0,125,30.794921875
spectrum,1017,677616320,512,1,8,61,f421df27,8.477910064044409,0,103,30.048828125
spectrum,1018,678256880,512,1,8,61,60c09f2e,8.486125409021042,0,93,29.884765625
spectrum,1019,678897360,512,1,8,64,a2b44d3e,8.493917864048854,0,97,32.119140625
spectrum,1020,679616320,512,1,8,61,87a52868,8.502950857044198,0,92,29.859375
spectrum,1021,680256880,512,1,8,65,b4203acb,8.510919464984909,0,100,33.416015625
spectrum,1022,680896800,512,1,8,60,9981fc6c,8.518908011028543,0,100,30.53125
spectrum,1023,681616000,512,1,8,65,e438a676,8.527891870005988,0,101,33.146484375
spectrum,1024,682256560,512,1,8,72,94cb65a5,8.535918288049288,0,120,40.833984375
spectrum,1025,682896480,512,1,8,63,8742a878,8.543905962025747,0,93,31.333984375
spectrum,1026,683616320,512,1,8,37,68f34fce,8.552919017034583,0,125,30.935546875
spectrum,1027,684257520,512,1,8,63,3e29db6d,8.56090151204262,0,99,32.568359375
spectrum,1028,684896560,512,1,8,62,9cc50a51,8.568882853956893,0,93,30.552734375
spectrum,1029,685616320,512,1,8,61,a3734478,8.577905085985549,0,87,29.890625
spectrum,1030,686256880,512,1,8,72,9345f36e,8.585899202967994,0,114,39.24609375
spectrum,1031,686896800,512,1,8,35,41963b4b,8.593937503057532,0,124,35.423828125
spectrum,1032,687616000,512,1,8,72,2f579576,8.60306659701746,0,114,39.42578125
spectrum,1033,688256480,512,1,8,62,51504b5a,8.610897475038655,0,93,30.583984375
spectrum,1034,688896480,512,1,8,30,8455fcec,8.618904585950077,0,124,30.390625
spectrum,1035,689615680,512,1,8,62,be62df14,8.627894146018662,0,93,30.51953125
spectrum,1036,690256480,512,1,8,72,6a4ee4c9,8.635917678009719,0,116,39.44921875
spectrum,1037,690896480,512,1,8,62,45ebf2f8,8.643896676017903,0,93,31.14453125
spectrum,1038,691615680,512,1,8,62,4f86f325,8.652712336974218,0,93,30.09765625
spectrum,1039,692261520,512,1,8,62,e1abb2f1,8.660920729977079,0,89,31.115234375
spectrum,1040,692896880,512,1,8,63,5178d0c8,8.668902182020247,0,99,32.4609375
spectrum,1041,693616320,512,1,8,63,efd8a75e,8.677918422967196,0,93,30.275390625
spectrum,1042,694258720,512,1,8,62,3f469b6a,8.685900256037712,0,93,31.03125
spectrum,1043,694896880,512,1,8,62,4708a0d9,8.693919721059501,0,91,31.2109375
spectrum,1044,695616000,512,1,8,63,26596066,8.702913288027048,0,96,31.169921875
spectrum,1045,696256480,512,1,8,63,1536c31d,8.710912956041284,0,95,31.91015625
spectrum,1046,696897600,512,1,8,72,7799c64d,8.719118532026187,0,115,40.486328125
spectrum,1047,697615680,512,1,8,72,c81fa023,8.727935135015287,0,117,39.8125
spectrum,1048,698256480,512,1,8,63,d33dde64,8.735967554035597,0,94,31.59375
spectrum,1049,698897760,512,1,8,63,6c13258d,8.743924309965223,0,90,30.34765625
spectrum,1050,699616000,512,1,8,61,a56bc0aa,8.753083221032284,0,92,29.603515625
spectrum,1051,700258640,512,1,8,61,40c54344,8.760961418040097,0,94,30.744140625
spectrum,1052,700896560,512,1,8,63,d602de7d,8.768947058008052,0,96,31.1796875
spectrum,1053,701615680,512,1,8,63,b1c8d1af,8.777912263059989,0,97,31.607421875
spectrum,1054,702257520,512,1,8,72,924d26cd,8.785939431982115,0,119,40.01171875
spectrum,1055,702896560,512,1,8,72,4485887f,8.793924662051722,0,111,40.15625
spectrum,1056,703616320,512,1,8,61,4fe73e06,8.802919220994227,0,92,30.705078125
spectrum,1057,704256880,512,1,8,38,06d0c391,8.810928176040761,0,126,30.869140625
spectrum,1058,704896800,512,1,8,59,06544fdc,8.818993977969512,0,94,30.376953125
spectrum,1059,705616000,512,1,8,64,5d55b088,8.827903356053866,0,99,33.40234375
spectrum,1060,706256800,512,1,8,61,9b675934,8.835916899959557,0,95,30.845703125
spectrum,1061,706896800,512,1,8,63,3f670133,8.843883875058964,0,96,31.46875
spectrum,1062,707616000,512,1,8,65,6832f89c,8.85292334004771,0,98,34.203125
spectrum,1063,708256800,512,1,8,65,2a25d04d,8.860906464979053,0,99,32.86328125
spectrum,1064,708898240,512,1,8,63,bf267914,8.868933825055137,0,97,32.021484375
spectrum,1065,709616000,512,1,8,60,de85bb96,8.877889601048082,0,89,30.234375
spectrum,1066,710257440,512,1,8,64,f8c07757,8.885910277953371,0,100,32.5
spectrum,1067,710896560,512,1,8,64,6f00ea19,8.893909604055807,0,95,32.0234375
spectrum,1068,711616320,512,1,8,62,49ffa22a,8.902918440988287,0,95,31.091796875
spectrum,1069,712256880,512,1,8,72,ec11d266,8.910736153949983,0,123,39.005859375
spectrum,1070,712900240,512,1,8,60,29a5bfc2,8.918911232962273,0,96,28.322265625
spectrum,1071,713616320,512,1,8,72,6227f6b6,8.927922414033674,0,118,39.55859375
spectrum,1072,714257840,512,1,8,72,f91892f2,8.935954823042266,0,122,39.56640625
spectrum,1073,714896880,512,1,8,72,0efb7f01,8.943894747062586,0,113,40.173828125
spectrum,1074,715616000,512,1,8,37,0a4476c4,8.952993544051424,0,124,31.099609375
spectrum,1075,716256480,512,1,8,64,0c4da897,8.960887670982629,0,96,31.515625
spectrum,1076,716897760,512,1,8,60,6ae3330f,8.968898048973642,0,92,28.826171875
spectrum,1077,717616000,512,1,8,60,842f6e4e,8.97792631201446,0,100,28.90625
spectrum,1078,718258720,512,1,8,39,dc8c0a56,8.98592525802087,0,125,42.1015625
spectrum,1079,718896560,512,1,8,64,dbf0a1e0,8.993877024040557,0,97,32.189453125
spectrum,1080,719615680,512,1,8,30,7f0af36f,9.002946035005152,0,123,30.041015625
spectrum,1081,720257520,512,1,8,29,3c476da7,9.010904583963566,0,122,29.650390625
spectrum,1082,720896480,512,1,8,31,132c7e76,9.018939236993901,0,126,30.892578125
spectrum,1083,721615680,512,1,8,65,a8955348,9.027900213026442,0,100,32.65234375
spectrum,1084,722256480,512,1,8,60,19287028,9.035925167961977,0,98,28.787109375
spectrum,1085,722896480,512,1,8,63,b77e8338,9.043897163006477,0,98,32.080078125
spectrum,1086,723615680,512,1,8,62,22166c84,9.052985580055974,0,95,31.826171875
spectrum,1087,724256480,512,1,8,62,9da5c237,9.060923299985006,0,91,31.41015625
spectrum,1088,724898080,512,1,8,64,5297d232,9.068946180981584,0,100,32.947265625
spectrum,1089,725616000,512,1,8,62,2e5b3244,9.077921324060299,0,99,31.736328125
spectrum,1090,726256800,512,1,8,29,6f0748ea,9.085922844009474,0,123,31.04296875
spectrum,1091,726897520,512,1,8,72,6a09f242,9.093926078057848,0,121,40.474609375
spectrum,1092,727616000,512,1,8,32,baf07070,9.10291260201484,0,126,31.796875
spectrum,1093,728257680,512,1,8,62,5835fe8f,9.110886340029538,0,92,32.021484375
spectrum,1094,728896880,512,1,8,62,b648370d,9.118944477988407,0,98,30.732421875
spectrum,1095,729616000,512,1,8,63,708eb432,9.127900024061091,0,94,31.330078125
spectrum,1096,730256560,512,1,8,60,6cde27ce,9.135912514990196,0,99,30.6328125
spectrum,1097,730896480,512,1,8,72,6c416343,9.143948951968923,0,110,40.142578125
spectrum,1098,731616320,512,1,8,62,1dcda32a,9.152957236976363,0,98,32.486328125
spectrum,1099,732256880,512,1,8,62,bb49aa7b,9.160688446019776,0,93,30.541015625
spectrum,1100,732900240,512,1,8,62,1821cc1c,9.16891944105737,0,96,31.5859375
spectrum,1101,733616320,512,1,8,62,27521530,9.177945150062442,0,95,29.1796875
spectrum,1102,734256480,512,1,8,62,ce67df09,9.18591485999059,0,92,30.517578125
spectrum,1103,734897760,512,1,8,62,882dd006,9.193920769030228,0,91,30.91015625
spectrum,1104,735616000,512,1,8,62,c413f2b0,9.20297790702898,0,90,31.55859375
spectrum,1105,736257520,512,1,8,63,98b9f1cd,9.210901680053212,0,97,30.29296875
spectrum,1106,736896560,512,1,8,30,48a4c3ba,9.21889973396901,0,123,29.9609375
spectrum,1107,737615680,512,1,8,39,9583a980,9.227907718974166,0,124,41.919921875
spectrum,1108,738256480,512,1,8,40,22bf7b78,9.235966829000972,0,118,33.556640625
spectrum,1109,738896480,512,1,8,63,463b3f91,9.243906251969747,0,101,31.02734375
spectrum,1110,739615680,512,1,8,61,a661f11b,9.252899419050664,0,92,29.349609375
spectrum,1111,740257680,512,1,8,62,f4e6abc9,9.26088808500208,0,90,30.71875
spectrum,1112,740896880,512,1,8,60,b5f51fa3,9.268949178047478,0,100,29.169921875
spectrum,1113,741616000,512,1,8,62,c15fe17e,9.277967793983407,0,95,31.0703125
spectrum,1114,742256560,512,1,8,62,f90a786f,9.285936021013185,0,91,30.0
spectrum,1115,742897760,512,1,8,72,fd177b38,9.293909689062275,0,115,40.01171875
spectrum,1116,743616000,512,1,8,72,cd5f4902,9.302936399006285,0,120,39.912109375
spectrum,1117,744257600,512,1,8,38,e09cb5e8,9.310918131959625,0,132,28.5234375
spectrum,1118,744897280,512,1,8,31,c7684551,9.318949789972976,0,126,31.255859375
spectrum,1119,745615680,512,1,8,62,52ba9f17,9.32795905706007,0,97,30.87890625
spectrum,1120,746257520,512,1,8,72,0b6371e3,9.336088560055941,0,116,40.333984375
spectrum,1121,746896560,512,1,8,72,60ef5b59,9.343901304062456,0,114,40.865234375
spectrum,1122,747615680,512,1,8,72,7eff0cf5,9.352950486005284,0,124,39.3359375
spectrum,1123,748257760,512,1,8,63,ff11f040,9.36096102395095,0,95,31.232421875
spectrum,1124,748896880,512,1,8,61,270cf1be,9.369011597009376,0,95,31.19140625
spectrum,1125,749616000,512,1,8,62,11982f35,9.377930814982392,0,91,30.859375
spectrum,1126,750256560,512,1,8,72,a10b6b05,9.38592108397279,0,112,39.484375
spectrum,1127,750896480,512,1,8,29,7b0094ab,9.393936570966616,0,106,12.75
spectrum,1128,751616000,512,1,8,65,bc7ce250,9.402948734001257,0,98,32.8046875
spectrum,1129,752256480,512,1,8,61,5b9eaaad,9.410722843953408,0,95,29.06640625
spectrum,1130,752901520,512,1,8,61,a2b3f6ff,9.418935113004409,0,99,30.638671875
spectrum,1131,753616000,512,1,8,62,30651ad3,9.42792556504719,0,90,31.8046875
spectrum,1132,754256800,512,1,8,61,1712d49e,9.435940250987187,0,92,31.087890625
spectrum,1133,754896800,512,1,8,62,673e7eba,9.44392740400508,0,90,30.50390625
spectrum,1134,755616000,512,1,8,64,e6336f7a,9.452948083053343,0,96,31.9609375
spectrum,1135,756256800,512,1,8,72,782db39f,9.460947309038602,0,121,39.7265625
spectrum,1136,756896800,512,1,8,60,b4df7a25,9.4690169589594,0,96,29.5078125
spectrum,1137,757616320,512,1,8,31,66386cad,9.477919743978418,0,125,30.328125
spectrum,1138,758258080,512,1,8,31,5e6f6e30,9.485924100037664,0,125,31.451171875
spectrum,1139,758897440,512,1,8,63,8288d28c,9.493976327008568,0,95,31.412109375
spectrum,1140,759616320,512,1,8,65,cec8d0d7,9.5029642439913,0,103,33.052734375
spectrum,1141,760256880,512,1,8,72,0ed07c4d,9.510949413990602,0,116,40.537109375
spectrum,1142,760897760,512,1,8,61,b8db27bd,9.518948659999296,0,90,30.2890625
spectrum,1143,761615680,512,1,8,62,4e3be363,9.527927870047279,0,94,31.3515625
spectrum,1144,762256480,512,1,8,63,1b04bf6b,9.535893243039027,0,97,31.689453125
spectrum,1145,762896480,512,1,8,61,e312412e,9.543900744058192,0,92,31.158203125
spectrum,1146,763616000,512,1,8,62,24f4ef2e,9.552938385982998,0,93,31.818359375
spectrum,1147,764257760,512,1,8,61,1c89c88e,9.560909338062629,0,93,30.986328125
spectrum,1148,764896880,512,1,8,64,3058a0d2,9.568985590012744,0,101,32.296875
spectrum,1149,765616000,512,1,8,64,d047e168,9.577933772001415,0,98,31.84375
spectrum,1150,766257200,512,1,8,72,64d0b73b,9.585945151047781,0,114,41.11328125
spectrum,1151,766896480,512,1,8,38,3f6bc750,9.59394984797109,0,126,30.93359375
spectrum,1152,767616320,512,1,8,72,4897b872,9.602984793949872,0,113,39.33203125
spectrum,1153,768256880,512,1,8,40,5be78955,9.610836670966819,0,131,53.7265625
spectrum,1154,768898320,512,1,8,39,170d15a9,9.61899139196612,0,135,28.06640625
spectrum,1155,769616000,512,1,8,63,674180f9,9.62790987698827,0,91,31.40234375
spectrum,1156,770256800,512,1,8,64,28190966,9.635947445989586,0,96,32.703125
spectrum,1157,770896800,512,1,8,62,075e7bfb,9.643951511010528,0,95,31.45703125
spectrum,1158,771616000,512,1,8,62,5043e03c,9.65299173805397,0,92,31.55078125
spectrum,1159,772256800,512,1,8,62,a9dc80dc,9.660902086063288,0,98,30.896484375
spectrum,1160,772896800,512,1,8,61,1b069966,9.66896178596653,0,93,28.951171875
spectrum,1161,773616000,512,1,8,62,0a37583c,9.677884579985403,0,90,30.736328125
spectrum,1162,774257760,512,1,8,60,e676a9d9,9.68590183998458,0,88,29.517578125
spectrum,1163,774896560,512,1,8,63,319f5bad,9.693918479024433,0,94,30.880859375
spectrum,1164,775616320,512,1,8,29,bbf09827,9.702905314043164,0,121,29.9140625
spectrum,1165,776256800,512,1,8,61,25655dd7,9.710920621058904,0,96,31.224609375
spectrum,1166,776896800,512,1,8,38,e9c53191,9.718931328970939,0,127,31.412109375
spectrum,1167,777616000,512,1,8,62,c8a11ca0,9.72792928502895,0,94,30.404296875
spectrum,1168,778256560,512,1,8,60,c5c87f14,9.73592141806148,0,92,28.33203125
spectrum,1169,778896480,512,1,8,31,b4a98e21,9.743920693988912,0,126,31.552734375
spectrum,1170,779615680,512,1,8,62,00b14e3c,9.752935862983577,0,91,30.66796875
spectrum,1171,780256480,512,1,8,72,54c16211,9.760911994962953,0,121,39.8359375
spectrum,1172,780896480,512,1,8,60,28ca4bbd,9.769048501038924,0,90,29.228515625
spectrum,1173,781615680,512,1,8,61,0714a08a,9.777923204004765,0,96,28.412109375
spectrum,1174,782257680,512,1,8,63,57d1eaf3,9.785929784062319,0,97,32.25
spectrum,1175,782896880,512,1,8,64,ac51e20c,9.793917639064603,0,100,32.390625
spectrum,1176,783616000,512,1,8,29,8c49e416,9.802940572029911,0,122,30.72265625
spectrum,1177,784257520,512,1,8,38,773bf62d,9.810919801006094,0,122,38.86328125
spectrum,1178,784896560,512,1,8,39,f3f9e50d,9.81895165797323,0,124,41.296875
spectrum,1179,785616320,512,1,8,60,e14c7c66,9.827962207957171,0,101,30.6953125
spectrum,1180,786256880,512,1,8,60,d5802d2d,9.835909986984916,0,96,29.880859375
spectrum,1181,786896800,512,1,8,60,60daec49,9.8439390900312,0,93,29.77734375
spectrum,1182,787616000,512,1,8,60,631aad2a,9.852939259959385,0,89,28.794921875
spectrum,1183,788256800,512,1,8,62,11bbd0ec,9.860943245003,0,98,30.525390625
spectrum,1184,788896800,512,1,8,60,7809292a,9.868957699974999,0,90,28.5234375
spectrum,1185,789616000,512,1,8,29,737b38bd,9.877913928008638,0,122,29.58984375
spectrum,1186,790256720,512,1,8,31,61916878,9.885915859020315,0,117,32.123046875
spectrum,1187,790898000,512,1,8,40,39bf5068,9.893927589058876,0,125,41.935546875
spectrum,1188,791616000,512,1,8,32,d8aeda19,9.902941804961301,0,130,32.26953125
spectrum,1189,792257440,512,1,8,61,e6a4aed6,9.910931813996285,0,90,29.984375
spectrum,1190,792896560,512,1,8,62,5baac649,9.91895804204978,0,95,31.158203125
spectrum,1191,793616320,512,1,8,64,026d6668,9.927903417963535,0,105,33.869140625
spectrum,1192,794256880,512,1,8,61,f520d809,9.93591815396212,0,92,30.31640625
spectrum,1193,794896800,512,1,8,72,ec948ac8,9.943930655019358,0,119,40.1953125
spectrum,1194,795616000,512,1,8,62,2e9d829a,9.952946273959242,0,94,30.66796875
spectrum,1195,796256800,512,1,8,61,a74c5242,9.960928678978235,0,88,29.833984375
spectrum,1196,796896800,512,1,8,62,13cc76d5,9.968915952020325,0,92,30.826171875
spectrum,1197,797616000,512,1,8,30,ac0fdf0a,9.977907416061498,0,124,31.080078125
spectrum,1198,798256720,512,1,8,30,88e35258,9.98590037995018,0,119,30.361328125
spectrum,1199,798897680,512,1,8,61,b3fc1f7d,9.993914605001919,0,90,29.646484375
spectrum,1200,799615680,512,1,8,62,df1743dc,10.002945112995803,0,94,31.42578125
spectrum,1201,800257760,512,1,8,65,e3f48085,10.010946462978609,0,99,34.068359375
spectrum,1202,800896880,512,1,8,39,769dbaf0,10.018952221027575,0,131,41.353515625
spectrum,1203,801616000,512,1,8,64,67d0e711,10.027937322971411,0,100,33.01953125
spectrum,1204,802257600,512,1,8,63,f1029766,10.035932842059992,0,97,32.189453125
spectrum,1205,802896480,512,1,8,63,eed87bc2,10.043899385957047,0,98,32.419921875
spectrum,1206,803615680,512,1,8,65,9d9e5c0c,10.052914244006388,0,100,33.36328125
spectrum,1207,804256480,512,1,8,65,2b117105,10.060959537979215,0,102,34.404296875
spectrum,1208,804896480,512,1,8,62,97d88610,10.068952862988226,0,98,31.759765625
spectrum,1209,805615680,512,1,8,62,eb53223e,10.0779052330181,0,96,31.865234375
spectrum,1210,806256480,512,1,8,62,ef952691,10.085934606031515,0,97,31.828125
spectrum,1211,806897760,512,1,8,63,769dfa2c,10.093935725046322,0,94,31.2265625
spectrum,1212,807616000,512,1,8,62,4eb5c35c,10.102919745026156,0,96,30.857421875
spectrum,1213,808256800,512,1,8,64,64bb0879,10.110929050017148,0,97,33.146484375
spectrum,1214,808897600,512,1,8,64,5f3274a4,10.118930501048453,0,99,32.291015625
spectrum,1215,809615680,512,1,8,65,461cd520,10.127940849983133,0,101,33.810546875
spectrum,1216,810257520,512,1,8,63,b3b45b2b,10.135913265985437,0,92,32.201171875
spectrum,1217,810896560,512,1,8,63,44308da0,10.143928893026896,0,93,31.69140625
spectrum,1218,811615680,512,1,8,63,4c040280,10.152930776006542,0,95,31.955078125
spectrum,1219,812256480,512,1,8,64,2a46247e,10.160920514026657,0,97,33.037109375
spectrum,1220,812896480,512,1,8,63,bcce7ce0,10.16894115100149,0,101,31.376953125
spectrum,1221,813615680,512,1,8,72,89c4935b,10.177981207030825,0,109,40.115234375
spectrum,1222,814259680,512,1,8,61,c07bce44,10.18596372101456,0,90,30.572265625
spectrum,1223,814898720,512,1,8,30,b78ce75f,10.193934003007598,0,126,29.55859375
spectrum,1224,815616000,512,1,8,61,92d8a253,10.202959130052477,0,93,29.755859375
spectrum,1225,816256800,512,1,8,63,dc113579,10.210930784000084,0,101,31.548828125
spectrum,1226,816897520,512,1,8,32,62626b6c,10.218926253030077,0,128,32.37890625
spectrum,1227,817615680,512,1,8,64,337d3b58,10.227909852052107,0,97,32.365234375
spectrum,1228,818257760,512,1,8,61,faed6a5b,10.235984371043742,0,91,30.15234375
spectrum,1229,818896880,512,1,8,61,c4d1e4c5,10.243903966038488,0,87,29.12109375
spectrum,1230,819616000,512,1,8,38,515e6e37,10.253009645966813,0,126,31.10546875
spectrum,1231,820256800,512,1,8,65,9fb0bd40,10.260926055023447,0,100,32.662109375
spectrum,1232,820896800,512,1,8,37,13261eb5,10.268932424951345,0,125,39.04296875
spectrum,1233,821616000,512,1,8,64,6e781936,10.277917406987399,0,96,32.974609375
spectrum,1234,822256800,512,1,8,31,904b8ded,10.28591342701111,0,128,29.580078125
spectrum,1235,822896720,512,1,8,63,7a4a9935,10.293944322969764,0,98,31.8984375
spectrum,1236,823616320,512,1,8,31,0f6c729b,10.30299581005238,0,131,26.275390625
spectrum,1237,824257280,512,1,8,31,5c9a8eb8,10.310954048996791,0,124,31.23046875
spectrum,1238,824897760,512,1,8,64,234b4c1c,10.318958163959906,0,98,32.740234375
spectrum,1239,825616000,512,1,8,61,97cdd77a,10.3279135490302,0,92,29.822265625
spectrum,1240,826256800,512,1,8,63,514a1383,10.335958412033506,0,96,31.75390625
spectrum,1241,826897600,512,1,8,31,100ea6e1,10.34393696906045,0,126,30.640625
spectrum,1242,827615680,512,1,8,60,e2edc92d,10.352964570978656,0,92,30.15234375
spectrum,1243,828256480,512,1,8,63,b651f339,10.36093045398593,0,91,30.578125
spectrum,1244,828897520,512,1,8,61,882c4150,10.368992740055546,0,93,29.69140625
spectrum,1245,829616000,512,1,8,63,a666b897,10.3779100329848,0,95,31.623046875
spectrum,1246,830256480,512,1,8,72,6773c897,10.385940799023956,0,114,39.4296875
spectrum,1247,830896480,512,1,8,64,e55c2d6e,10.393956857034937,0,98,32.658203125
spectrum,1248,831616320,512,1,8,61,065a7756,10.402952098054811,0,92,30.123046875
spectrum,1249,832256880,512,1,8,39,bf06719e,10.410922278999351,0,100,17.30078125
spectrum,1250,832897360,512,1,8,31,7ad7e98a,10.418953686021268,0,126,31.220703125
spectrum,1251,833616320,512,1,8,37,038d824c,10.4277170880232,0,129,26.677734375
spectrum,1252,834260000,512,1,8,62,eaa8061f,10.43594670004677,0,92,31.17578125
spectrum,1253,834897920,512,1,8,63,27412c39,10.443929004017264,0,99,31.650390625
spectrum,1254,835615680,512,1,8,62,7c5a4ecf,10.45294712902978,0,94,29.890625
spectrum,1255,836256480,512,1,8,72,aebbade2,10.460959670017473,0,113,40.4609375
spectrum,1256,836896480,512,1,8,60,93e3e8e5,10.46893197495956,0,90,28.681640625
spectrum,1257,837615680,512,1,8,62,eea588be,10.477934340015054,0,95,31.03125
spectrum,1258,838256480,512,1,8,63,546f7c27,10.485931250965223,0,92,31.578125
spectrum,1259,838896480,512,1,8,64,d43d5d54,10.493935888051055,0,101,33.6796875
spectrum,1260,839616320,512,1,8,31,97e60d3a,10.502989489003085,0,131,27.3984375
spectrum,1261,840257440,512,1,8,31,997fd12d,10.51096254598815,0,127,30.744140625
spectrum,1262,840906160,512,1,8,72,387d0029,10.51894734497182,0,121,41.732421875
spectrum,1263,841616000,512,1,8,60,2dbd313b,10.527943497058004,0,93,30.158203125
spectrum,1264,842256560,512,1,8,63,2aaeb4da,10.53591872798279,0,94,31.1796875
spectrum,1265,842897760,512,1,8,72,e621b463,10.543954252963886,0,125,39.654296875
spectrum,1266,843616000,512,1,8,72,ab01336d,10.552953841979615,0,119,39.3984375
spectrum,1267,844256800,512,1,8,60,9d74a82f,10.560933470958844,0,93,29.181640625
spectrum,1268,844896800,512,1,8,63,d81d2a25,10.568916216026992,0,90,29.99609375
spectrum,1269,845616000,512,1,8,63,9955eedb,10.57788639899809,0,93,31.046875
spectrum,1270,846256800,512,1,8,62,ff60b5a0,10.585923837963492,0,91,30.865234375
spectrum,1271,846896800,512,1,8,63,37c178e4,10.593925788998604,0,94,31.0
spectrum,1272,847616000,512,1,8,33,ae53e62b,10.602982816984877,0,126,35.888671875
spectrum,1273,848257600,512,1,8,37,02508292,10.610954381059855,0,124,30.87890625
spectrum,1274,848896480,512,1,8,62,26c9fc28,10.618955421028659,0,90,29.984375
spectrum,1275,849616320,512,1,8,63,0345809e,10.627953637042083,0,93,31.609375
spectrum,1276,850256880,512,1,8,61,824ee916,10.635999931953847,0,93,30.490234375
spectrum,1277,850897440,512,1,8,72,09568d81,10.643927032011561,0,112,41.123046875
spectrum,1278,851615680,512,1,8,62,b257b033,10.65292587003205,0,89,30.70703125
spectrum,1279,852256480,512,1,8,64,bf95c462,10.660931668011472,0,96,31.97265625
spectrum,1280,852896480,512,1,8,62,727808a4,10.668955471017398,0,95,28.859375
spectrum,1281,853615680,512,1,8,62,a3b6d445,10.677957413950935,0,93,30.388671875
spectrum,1282,854259600,512,1,8,63,97272ed4,10.685943535994738,0,93,31.197265625
spectrum,1283,854896480,512,1,8,63,645965a1,10.693919448065571,0,91,32.142578125
spectrum,1284,855615680,512,1,8,62,116aa368,10.702942501055077,0,89,30.74609375
spectrum,1285,856258000,512,1,8,61,0f5b7db8,10.710935796028934,0,96,29.333984375
spectrum,1286,856896880,512,1,8,63,1e6aea4a,10.718927587964572,0,94,31.609375
spectrum,1287,857616000,512,1,8,39,a446658e,10.72793982096482,0,125,39.306640625
spectrum,1288,858256560,512,1,8,62,1d2cac97,10.735972410999238,0,93,30.73828125
spectrum,1289,858896480,512,1,8,72,dd572e77,10.743940787971951,0,120,41.115234375
spectrum,1290,859616000,512,1,8,72,fc78fc53,10.752969593042508,0,117,39.638671875
spectrum,1291,860256480,512,1,8,40,dae4f7ce,10.760954782017507,0,126,34.71484375
spectrum,1292,860896480,512,1,8,37,1c552c9c,10.768964258022606,0,121,38.552734375
spectrum,1293,861615680,512,1,8,61,f7a71864,10.777933359029703,0,91,29.84765625
spectrum,1294,862256480,512,1,8,64,0eab0c33,10.785943396040238,0,100,32.810546875
spectrum,1295,862896480,512,1,8,33,73846600,10.793899229960516,0,126,38.60546875
spectrum,1296,863615680,512,1,8,61,7f268be9,10.80301298503764,0,87,30.6953125
spectrum,1297,864257760,512,1,8,31,272fc3d3,10.81093429401517,0,126,30.052734375
spectrum,1298,864896800,512,1,8,61,6ac234ee,10.818952827015892,0,88,29.3125
spectrum,1299,865616640,512,1,8,38,31fa48da,10.827908472972922,0,121,37.849609375
spectrum,1300,866257520,512,1,8,64,13b78eae,10.835929639986716,0,98,32.62890625
spectrum,1301,866896800,512,1,8,64,e19ae9c1,10.843954073963687,0,97,31.84375
spectrum,1302,867616000,512,1,8,39,465a0f0b,10.853039485984482,0,128,43.037109375
spectrum,1303,868256560,512,1,8,40,a05a99be,10.860983988037333,0,128,44.181640625
spectrum,1304,868896560,512,1,8,38,7981ecfd,10.868963337037712,0,129,29.609375
spectrum,1305,869615680,512,1,8,61,bd9bbcdf,10.877963016042486,0,86,29.68359375
spectrum,1306,870256480,512,1,8,62,15ea5a6e,10.885944367968477,0,94,29.37109375
spectrum,1307,870896480,512,1,8,63,db086ec3,10.893904200056568,0,101,32.279296875
spectrum,1308,871615680,512,1,8,63,ff1a8e8b,10.902942521963269,0,94,31.55859375
spectrum,1309,872258320,512,1,8,31,780b63a2,10.910967095987871,0,125,30.623046875
spectrum,1310,872896880,512,1,8,63,7bb8dbca,10.918952947016805,0,95,29.7890625
spectrum,1311,873616000,512,1,8,64,0d67df1a,10.927759050042368,0,94,32.03515625
spectrum,1312,874261040,512,1,8,31,f3c5861e,10.935938748065382,0,125,31.056640625
spectrum,1313,874896560,512,1,8,72,5155c55e,10.943938435055315,0,112,39.68359375
spectrum,1314,875616640,512,1,8,63,964e0785,10.953078489983454,0,93,31.6875
spectrum,1315,876256880,512,1,8,63,02d42627,10.960944414022379,0,96,31.73046875
spectrum,1316,876896800,512,1,8,62,2eff07c9,10.96894384000916,0,98,31.298828125
spectrum,1317,877616000,512,1,8,31,c498d4e0,10.977939832955599,0,129,29.330078125
spectrum,1318,878256800,512,1,8,63,19679d41,10.985918599995784,0,97,31.111328125
spectrum,1319,878896800,512,1,8,65,c20c952b,10.993910541990772,0,102,33.1953125
spectrum,1320,879616000,512,1,8,39,f8f2ff5e,11.00296240998432,0,131,35.96875
spectrum,1321,880256800,512,1,8,31,7a24611d,11.01094179903157,0,123,30.845703125
spectrum,1322,880897520,512,1,8,72,86103899,11.01895447995048,0,110,38.923828125
spectrum,1323,881615680,512,1,8,64,b14000a1,11.027914004051127,0,98,32.9921875
spectrum,1324,882257760,512,1,8,60,9b60eb34,11.035965148010291,0,98,29.001953125
spectrum,1325,882896880,512,1,8,72,81f0c164,11.043975705979392,0,107,40.21875
spectrum,1326,883616640,512,1,8,62,100ff5ec,11.052973772049882,0,92,30.68359375
spectrum,1327,884257440,512,1,8,63,dd061281,11.060988137032837,0,95,31.107421875
spectrum,1328,884896800,512,1,8,35,952c512d,11.068959931028076,0,115,36.740234375
spectrum,1329,885616000,512,1,8,72,14329fcf,11.077932368032634,0,112,39.466796875
spectrum,1330,886256800,512,1,8,72,f07e033d,11.085968213970773,0,110,39.966796875
spectrum,1331,886896800,512,1,8,62,88f23d99,11.09397079597693,0,92,30.3125
spectrum,1332,887616000,512,1,8,65,97e1ae1f,11.102976517053321,0,105,33.21875
spectrum,1333,888256480,512,1,8,39,a7795f5d,11.110949011985213,0,129,31.376953125
spectrum,1334,888898000,512,1,8,63,28fa6f6b,11.118964769993909,0,96,30.95703125
spectrum,1335,889616000,512,1,8,62,de39ee71,11.127925595967099,0,98,30.46875
spectrum,1336,890258320,512,1,8,38,f7e0f0d5,11.135917798965238,0,132,27.8984375
spectrum,1337,890896880,512,1,8,62,f7b714f6,11.143960166024044,0,95,30.904296875
spectrum,1338,891616000,512,1,8,63,c53d9e2e,11.153013586997986,0,94,31.025390625
spectrum,1339,892257280,512,1,8,62,7391dbd2,11.16092950606253,0,94,31.6015625
spectrum,1340,892896480,512,1,8,37,83b44c5d,11.168952345964499,0,124,38.236328125
spectrum,1341,893615680,512,1,8,30,79d13620,11.17794879002031,0,124,30.046875
spectrum,1342,894256480,512,1,8,72,abb900b9,11.185780609026551,0,119,39.20703125
spectrum,1343,894899600,512,1,8,31,7b3e338d,11.193961048033088,0,131,27.509765625
spectrum,1344,895616320,512,1,8,72,9e743fa8,11.202955045970157,0,112,39.361328125
spectrum,1345,896256480,512,1,8,31,87ada263,11.210934375063516,0,127,29.470703125
spectrum,1346,896897680,512,1,8,41,0ad33e60,11.218962304992601,0,124,36.697265625
spectrum,1347,897616000,512,1,8,63,2623dbd6,11.227947787963785,0,93,30.603515625
spectrum,1348,898256800,512,1,8,28,64b5d99a,11.23598509596195,0,125,32.5625
spectrum,1349,898897520,512,1,8,29,dfbaad7f,11.243922285037115,0,127,24.751953125
spectrum,1350,899615680,512,1,8,65,720adb45,11.252957802033052,0,103,32.78515625
spectrum,1351,900257680,512,1,8,63,0294b979,11.260975994053297,0,92,30.849609375
spectrum,1352,900897280,512,1,8,63,d4902dc1,11.268945744028315,0,92,31.1484375
spectrum,1353,901615680,512,1,8,63,7ca8fd54,11.277906600036658,0,99,31.6328125
spectrum,1354,902256480,512,1,8,63,1fb8ffb5,11.285981458961032,0,93,30.5703125
spectrum,1355,902896480,512,1,8,60,3085094a,11.293950057006441,0,93,28.705078125
spectrum,1356,903615680,512,1,8,72,01eabc14,11.302966388058849,0,110,40.603515625
spectrum,1357,904256480,512,1,8,72,252016e4,11.310954643064179,0,110,40.560546875
spectrum,1358,904896480,512,1,8,40,a8012890,11.318978767027147,0,130,44.037109375
spectrum,1359,905616640,512,1,8,31,98e78759,11.327933310065418,0,123,30.2890625
spectrum,1360,906257440,512,1,8,64,82ab67d8,11.335954688023776,0,97,32.54296875
spectrum,1361,906897840,512,1,8,64,9a06350c,11.343979052035138,0,101,32.919921875
spectrum,1362,907616000,512,1,8,62,e702647c,11.352979231975041,0,90,30.494140625
spectrum,1363,908258320,512,1,8,62,4924de92,11.360968298977241,0,87,30.203125
spectrum,1364,908897840,512,1,8,62,313cbb1e,11.36897176306229,0,92,30.6796875
spectrum,1365,909616000,512,1,8,63,f07c3da3,11.377924954984337,0,100,33.146484375
spectrum,1366,910256800,512,1,8,72,094ce789,11.385959387058392,0,120,40.19140625
spectrum,1367,910896800,512,1,8,64,9ac4caf4,11.393947412027046,0,94,32.6640625
spectrum,1368,911616000,512,1,8,38,64fde417,11.402961769024841,0,102,15.20703125
spectrum,1369,912256720,512,1,8,63,83a7a711,11.410939163994044,0,93,32.30859375
spectrum,1370,912896800,512,1,8,63,6465796d,11.4189629269531,0,96,32.32421875
spectrum,1371,913616000,512,1,8,62,1480424b,11.427961223060265,0,95,30.873046875
spectrum,1372,914256560,512,1,8,72,f4c3057a,11.435990195954219,0,111,39.0390625
spectrum,1373,914899680,512,1,8,29,4715ef44,11.443999601062387,0,128,27.326171875
spectrum,1374,915616320,512,1,8,64,823c52ec,11.452955877990462,0,97,31.736328125
spectrum,1375,916256480,512,1,8,64,6d6ff67d,11.460957178031094,0,97,32.607421875
spectrum,1376,916897600,512,1,8,37,34a52670,11.469054510002024,0,119,35.83984375
spectrum,1377,917615680,512,1,8,61,3e259193,11.477948819985613,0,89,29.763671875
spectrum,1378,918256480,512,1,8,61,fbbe09e7,11.485971339978278,0,93,30.4375
spectrum,1379,918896480,512,1,8,72,0fe4b976,11.49393831496127,0,121,38.5234375
spectrum,1380,919615680,512,1,8,31,a36647f5,11.502979703014717,0,126,31.072265625
spectrum,1381,920256480,512,1,8,30,1479c6c8,11.510929906973615,0,127,28.9765625
spectrum,1382,920896480,512,1,8,64,c28b2e2e,11.518931286991574,0,99,32.94921875
spectrum,1383,921616320,512,1,8,62,21764dc0,11.527982263010927,0,93,31.15234375
spectrum,1384,922256880,512,1,8,61,56011fb9,11.53597973601427,0,89,28.65625
spectrum,1385,922896800,512,1,8,29,4b4f35b3,11.543944766977802,0,129,25.89453125
spectrum,1386,923616000,512,1,8,72,db1a77ed,11.552967590047047,0,117,40.07421875
spectrum,1387,924256560,512,1,8,72,1aa20213,11.560930727981031,0,112,40.40234375
spectrum,1388,924897760,512,1,8,37,363cf039,11.568937898962758,0,124,40.349609375
spectrum,1389,925616000,512,1,8,30,6242cfb7,11.577949411002919,0,124,30.447265625
spectrum,1390,926256720,512,1,8,64,a2326b98,11.585917377960868,0,100,32.275390625
spectrum,1391,926896800,512,1,8,62,0b2d43fc,11.59394822397735,0,95,30.1796875
spectrum,1392,927616000,512,1,8,62,a37a34f8,11.60294068895746,0,90,30.849609375
spectrum,1393,928256800,512,1,8,61,ebc06bf7,11.610927021014504,0,90,29.7734375
spectrum,1394,928896800,512,1,8,61,4de0ecb8,11.618976030964404,0,90,29.35546875
spectrum,1395,929616640,512,1,8,62,9fddf6ac,11.627953539020382,0,95,30.453125
spectrum,1396,930257440,512,1,8,61,2778a2e0,11.636011276044883,0,90,30.439453125
spectrum,1397,930896800,512,1,8,62,52d19b4f,11.643994702026248,0,97,31.697265625
spectrum,1398,931616000,512,1,8,62,e159b563,11.653004860971123,0,91,30.83984375
spectrum,1399,932256560,512,1,8,62,24091e99,11.66097001300659,0,93,31.26171875
spectrum,1400,932897760,512,1,8,62,004bc9e0,11.668960993061773,0,93,31.126953125
spectrum,1401,933616000,512,1,8,61,14a3ade6,11.677934353007004,0,93,30.1640625
spectrum,1402,934256800,512,1,8,72,cfed4df6,11.685976278968155,0,124,40.09765625
spectrum,1403,934900000,512,1,8,31,e3b8f184,11.693941631005146,0,127,29.55078125
spectrum,1404,935616000,512,1,8,63,ccc38ce5,11.7029723089654,0,100,31.220703125
spectrum,1405,936256800,512,1,8,62,e480802c,11.710951316985302,0,95,31.046875
spectrum,1406,936896800,512,1,8,62,82039e5b,11.718973295995966,0,92,32.87890625
spectrum,1407,937616000,512,1,8,39,2100007e,11.727983204997145,0,125,40.55078125
spectrum,1408,938257920,512,1,8,66,4b0e14f8,11.735964767984115,0,106,35.640625
spectrum,1409,938896560,512,1,8,64,cd8cdeed,11.743952010991052,0,94,32.2265625
spectrum,1410,939616320,512,1,8,63,7a961cb4,11.752959285047837,0,92,31.39453125
spectrum,1411,940256880,512,1,8,63,7e50f4ac,11.760962789063342,0,99,32.37109375
spectrum,1412,940911760,512,1,8,65,519c7412,11.76898825506214,0,100,32.80859375
spectrum,1413,941615680,512,1,8,29,db634495,11.777932279044762,0,122,29.642578125
spectrum,1414,942256480,512,1,8,72,84fff366,11.78606807300821,0,115,38.533203125
spectrum,1415,942896480,512,1,8,64,7afaaca8,11.79394843406044,0,93,32.57421875
spectrum,1416,943615680,512,1,8,64,437b07a1,11.80299890995957,0,99,31.470703125
spectrum,1417,944256480,512,1,8,30,6e473899,11.810985011048615,0,125,30.435546875
spectrum,1418,944896480,512,1,8,36,053a5503,11.819013232016005,0,129,37.23828125
spectrum,1419,945615680,512,1,8,64,9f6208b4,11.827957727015018,0,97,33.025390625
spectrum,1420,946257760,512,1,8,60,7fd5c90d,11.835996528039686,0,86,28.8203125
spectrum,1421,946896880,512,1,8,60,9762b982,11.843960587051697,0,92,29.2578125
spectrum,1422,947616640,512,1,8,61,db530877,11.853029026999138,0,91,29.904296875
spectrum,1423,948257440,512,1,8,61,9963e50d,11.860975021962076,0,93,30.703125
spectrum,1424,948896800,512,1,8,61,aa3c872b,11.868990028044209,0,91,29.658203125
spectrum,1425,949616000,512,1,8,63,ee45a965,11.877964108949527,0,95,31.572265625
spectrum,1426,950256560,512,1,8,63,df98ac68,11.885963495005853,0,96,32.029296875
spectrum,1427,950896480,512,1,8,29,747f3d93,11.893926472985186,0,121,29.625
spectrum,1428,951615680,512,1,8,63,d2588151,11.902940539061092,0,94,31.65625
spectrum,1429,952256480,512,1,8,64,346d06ba,11.91096034401562,0,96,32.248046875
spectrum,1430,952896480,512,1,8,63,e43e7e78,11.918995187967084,0,93,31.39453125
spectrum,1431,953615680,512,1,8,40,c63711a0,11.927957226056606,0,123,43.783203125
spectrum,1432,954265280,512,1,8,59,0632e6a0,11.935787321999669,0,84,27.859375
spectrum,1433,954900400,512,1,8,63,a36df413,11.943957410985604,0,96,31.798828125
spectrum,1434,955616000,512,1,8,28,c22b17a3,11.953016633051448,0,121,30.34765625
spectrum,1435,956257840,512,1,8,63,5f0d295d,11.960971244960092,0,99,31.640625
spectrum,1436,956896480,512,1,8,61,33e7c993,11.969000146957114,0,91,29.849609375
spectrum,1437,957616320,512,1,8,30,0ecf96ea,11.977946375031024,0,124,30.505859375
spectrum,1438,958256800,512,1,8,30,a119ad9f,11.98596510803327,0,127,29.46875
spectrum,1439,958896800,512,1,8,31,09d43d9b,11.993957491009496,0,125,30.921875
spectrum,1440,959616000,512,1,8,62,f1883f09,12.003007606021129,0,97,30.642578125
spectrum,1441,960256800,512,1,8,62,07b3fe20,12.010935576981865,0,92,31.48828125
spectrum,1442,960896800,512,1,8,40,cb7d735c,12.018958398024552,0,127,35.2109375
spectrum,1443,961616000,512,1,8,60,e722b9fd,12.027955261990428,0,91,29.876953125
spectrum,1444,962256800,512,1,8,67,0bcd91b7,12.035989725030959,0,103,35.865234375
spectrum,1445,962897600,512,1,8,64,4496587a,12.043932884000242,0,99,31.98046875
spectrum,1446,963615680,512,1,8,63,ce3f7fb5,12.05298421101179,0,96,31.380859375
spectrum,1447,964257760,512,1,8,62,57591e58,12.060956386034377,0,89,30.791015625
spectrum,1448,964896880,512,1,8,63,ecf28a6c,12.068990678992122,0,97,31.369140625
spectrum,1449,965616000,512,1,8,29,914d721c,12.077991569996811,0,122,30.05078125
spectrum,1450,966256480,512,1,8,29,ae65bafa,12.085951893008314,0,126,27.296875
spectrum,1451,966896480,512,1,8,31,a1eff03d,12.09394379495643,0,124,31.021484375
spectrum,1452,967615680,512,1,8,60,45168f71,12.102942983037792,0,92,29.771484375
spectrum,1453,968256480,512,1,8,64,9261cfe9,12.110964001039974,0,100,32.5703125
spectrum,1454,968896480,512,1,8,72,29c89ad9,12.118964137975127,0,119,40.09375
spectrum,1455,969615680,512,1,8,61,008d7ccd,12.127952174982056,0,94,31.64453125
spectrum,1456,970256480,512,1,8,63,1b95c0c2,12.13597134896554,0,98,30.638671875
spectrum,1457,970897680,512,1,8,29,94f161d5,12.143971667042933,0,126,26.669921875
spectrum,1458,971616000,512,1,8,61,b0cac620,12.1529986980604,0,94,31.125
spectrum,1459,972258400,512,1,8,60,56c127ff,12.160944654024206,0,89,29.67578125
spectrum,1460,972896880,512,1,8,65,349acabf,12.169408168061636,0,100,33.517578125
spectrum,1461,973616000,512,1,8,36,a8ffd031,12.177959238993935,0,129,37.712890625
spectrum,1462,974257600,512,1,8,31,f8855266,12.185973432962783,0,131,27.603515625
spectrum,1463,974896480,512,1,8,33,a9ef541f,12.194007285055704,0,128,33.09375
spectrum,1464,975615680,512,1,8,62,1283a31e,12.202983919996768,0,88,30.66015625
spectrum,1465,976256480,512,1,8,63,97719d07,12.210955152986571,0,99,31.619140625
spectrum,1466,976896480,512,1,8,63,f331a4aa,12.218931396026164,0,95,30.484375
spectrum,1467,977615680,512,1,8,63,425886b4,12.227961733005941,0,95,30.703125
spectrum,1468,978256480,512,1,8,64,c8ddfd58,12.235964606050402,0,97,32.03515625
spectrum,1469,978898080,512,1,8,62,088cd42c,12.243959374027327,0,95,32.34375
spectrum,1470,979616000,512,1,8,61,3b07f374,12.25299983995501,0,91,29.40234375
spectrum,1471,980256800,512,1,8,31,80ec77f2,12.261007611989044,0,125,30.92578125
spectrum,1472,980897600,512,1,8,63,3f88a4cc,12.268977383035235,0,94,32.501953125
spectrum,1473,981615680,512,1,8,30,d1102b41,12.27797026897315,0,125,30.322265625
spectrum,1474,982257680,512,1,8,30,31116b04,12.285966709954664,0,123,30.630859375
spectrum,1475,982896880,512,1,8,64,d5887b92,12.293983318959363,0,97,32.6953125
spectrum,1476,983616000,512,1,8,61,3dd40044,12.303023364045657,0,89,29.892578125
spectrum,1477,984256800,512,1,8,62,f47843d7,12.310969199053943,0,97,31.86328125
spectrum,1478,984896800,512,1,8,39,17ea7654,12.318983162986115,0,131,34.05859375
spectrum,1479,985616000,512,1,8,37,bbb760e7,12.327961261966266,0,124,30.32421875
spectrum,1480,986256720,512,1,8,64,88acd4ea,12.335987147991545,0,98,32.390625
spectrum,1481,986896800,512,1,8,63,af7c91a2,12.343980113044381,0,98,31.8671875
spectrum,1482,987616000,512,1,8,62,4d54077f,12.352973520057276,0,98,31.544921875
spectrum,1483,988256480,512,1,8,62,66fd4138,12.360974640003406,0,95,30.796875
spectrum,1484,988897520,512,1,8,37,60dc1021,12.368987011024728,0,124,39.314453125
spectrum,1485,989615680,512,1,8,64,a5697d33,12.377984074992128,0,96,31.908203125
spectrum,1486,990258400,512,1,8,63,4360c5f0,12.385965107008815,0,100,31.802734375
spectrum,1487,990896880,512,1,8,30,f6c164b9,12.393946088035591,0,121,30.830078125
spectrum,1488,991616000,512,1,8,72,56b1ce0c,12.403014015988447,0,125,39.056640625
spectrum,1489,992256800,512,1,8,62,b18df4d2,12.411001970991492,19,139,89.646484375
spectrum,1490,992896880,512,1,8,39,fc62642d,12.418982611969113,0,122,40.587890625
spectrum,1491,993616000,512,1,8,62,5b4bde92,12.427973765064962,0,90,30.84375
spectrum,1492,994256800,512,1,8,72,eaf27b91,12.435969364014454,0,122,40.357421875
spectrum,1493,994896800,512,1,8,72,54658d1d,12.443853873061016,0,124,39.90625
spectrum,1494,995616000,512,1,8,60,048b5977,12.452981143957004,0,88,29.89453125
spectrum,1495,996256560,512,1,8,63,a2e5dd8a,12.460996431065723,0,102,31.451171875
spectrum,1496,996898080,512,1,8,72,a4e4f7f7,12.468971249996684,0,125,40.5625
spectrum,1497,997616000,512,1,8,62,f8bec022,12.47799240006134,0,92,30.869140625
spectrum,1498,998258400,512,1,8,63,a5742703,12.485970156034455,0,96,30.43359375
spectrum,1499,998896560,512,1,8,39,21fdebf8,12.493962008040398,0,125,42.673828125
spectrum,1500,999615680,512,1,8,37,3771f15b,12.502124001970515,0,124,29.3359375
spectrum,1501,1000256480,512,1,8,39,ad7e1002,12.510969258961268,0,125,40.62890625
spectrum,1502,1000896480,512,1,8,39,46eedf07,12.518986359005794,0,125,32.955078125
spectrum,1503,1001615680,512,1,8,63,4437a459,12.527956492034718,0,96,31.615234375
spectrum,1504,1002256480,512,1,8,63,67f919c4,12.536027334048413,0,97,31.744140625
spectrum,1505,1002896480,512,1,8,72,ed00762e,12.5439445549855,0,120,39.447265625
spectrum,1506,1003616320,512,1,8,65,6dcb01ba,12.55297988106031,0,100,33.09765625
spectrum,1507,1004257520,512,1,8,72,8c2f3c03,12.560971232014708,0,115,40.44140625
spectrum,1508,1004898480,512,1,8,62,aee1d16a,12.568995826062746,0,91,30.326171875
spectrum,1509,1005616000,512,1,8,65,da218d47,12.577950429986231,0,97,30.9140625
spectrum,1510,1006256800,512,1,8,31,77d721fe,12.585951238987036,0,126,30.921875
spectrum,1511,1006897520,512,1,8,62,72c63edc,12.593934966018423,0,97,30.83984375
spectrum,1512,1007615680,512,1,8,38,7ca581a5,12.602992875967175,0,120,38.978515625
spectrum,1513,1008256480,512,1,8,61,46f6f0f3,12.610957616008818,0,86,30.482421875
spectrum,1514,1008897760,512,1,8,63,e05a6e72,12.618963766028173,0,97,30.103515625
spectrum,1515,1009616000,512,1,8,38,164d4583,12.627953496063128,0,126,30.1015625
spectrum,1516,1010256720,512,1,8,72,ff253f60,12.636055006063543,0,111,41.29296875
spectrum,1517,1010896800,512,1,8,39,26bc07df,12.643975832965225,0,122,40.470703125
spectrum,1518,1011616000,512,1,8,62,9ac878c6,12.652996913064271,0,93,30.966796875
spectrum,1519,1012256560,512,1,8,61,265f88a2,12.66097844496835,0,93,29.5078125
spectrum,1520,1012896480,512,1,8,63,0898f708,12.6689738240093,0,94,31.650390625
spectrum,1521,1013616000,512,1,8,72,d88c4f0a,12.677966539980844,0,120,40.13671875
spectrum,1522,1014256560,512,1,8,63,6d5015fb,12.686029838048853,0,93,30.677734375
spectrum,1523,1014897760,512,1,8,29,5f288abe,12.693972376990132,0,122,29.095703125
spectrum,1524,1015616000,512,1,8,63,161f6bd7,12.703053890960291,0,91,30.9765625
spectrum,1525,1016259920,512,1,8,63,1c63f2d1,12.710969849023968,0,93,31.1796875
spectrum,1526,1016896800,512,1,8,37,3a6fb2ca,12.718963303952478,0,124,30.94140625
spectrum,1527,1017616000,512,1,8,30,2d40faaf,12.727948326035403,0,124,30.654296875
spectrum,1528,1018256800,512,1,8,61,92434d0f,12.735959685058333,0,90,29.65625
spectrum,1529,1018896800,512,1,8,66,b07b5f0b,12.743953339988366,0,99,34.80859375
spectrum,1530,1019616000,512,1,8,61,18b3cc2c,12.753076522960328,0,95,29.837890625
spectrum,1531,1020258240,512,1,8,37,20c39563,12.760976852034219,0,119,29.97265625
spectrum,1532,1020896800,512,1,8,62,1f0397d2,12.768979905056767,0,96,31.0234375
spectrum,1533,1021616000,512,1,8,64,3aff0e65,12.777965778950602,0,95,32.654296875
spectrum,1534,1022256560,512,1,8,63,a37925d3,12.785989601048641,0,91,31.32421875
spectrum,1535,1022830480,512,1,8,64,cbe1ce0b,12.792959328973666,0,96,32.546875
spectrum,1536,1023536000,512,1,8,62,e24524fe,12.801942768041044,0,95,29.697265625
spectrum,1537,1024176800,512,1,8,62,4042b717,12.809958224999718,0,96,31.869140625
spectrum,1538,1024816800,512,1,8,63,2204b33d,12.817976998048835,0,98,32.578125
spectrum,1539,1025536000,512,1,8,65,af976b56,12.826932323048823,0,98,33.375
spectrum,1540,1026176800,512,1,8,38,0fb5e65e,12.834961005020887,0,129,30.384765625
spectrum,1541,1026816800,512,1,8,62,ead27937,12.842949250014499,0,90,29.90234375
spectrum,1542,1027536000,512,1,8,61,46bc45d0,12.851995176984929,0,96,29.388671875
spectrum,1543,1028177440,512,1,8,63,a06d0ab9,12.859996687038802,0,97,30.86328125
spectrum,1544,1028816560,512,1,8,38,0b99c5e1,12.867958912975155,0,115,27.296875
spectrum,1545,1029536320,512,1,8,61,56e5e532,12.876975274062715,0,94,29.8203125
spectrum,1546,1030176880,512,1,8,62,3957e4a0,12.884976002969779,0,92,30.353515625
spectrum,1547,1030816800,512,1,8,63,51656d28,12.892977894051,0,101,31.490234375
spectrum,1548,1031536000,512,1,8,62,f1a738aa,12.902001888956875,0,98,29.912109375
spectrum,1549,1032176480,512,1,8,64,fc268fac,12.90999193803873,0,98,32.33984375
spectrum,1550,1032816480,512,1,8,63,6e346bfb,12.917980203055777,0,96,32.140625
spectrum,1551,1033535680,512,1,8,30,bb76ece8,12.926220686058514,0,129,26.66796875
spectrum,1552,1034176400,512,1,8,72,5cea2e2e,12.934987675049342,0,121,39.3046875
spectrum,1553,1034816480,512,1,8,30,8150979b,12.942949610063806,0,120,30.47265625
spectrum,1554,1035535680,512,1,8,60,b6b3394a,12.951953968033195,0,90,29.884765625
spectrum,1555,1036177760,512,1,8,31,0c69c225,12.95978832198307,0,123,31.228515625
spectrum,1556,1036820400,512,1,8,60,915fc2db,12.967987557058223,0,88,29.330078125
spectrum,1557,1037535680,512,1,8,29,a8fcac62,12.976990823051892,0,124,30.916015625
spectrum,1558,1038177840,512,1,8,63,285f3abd,12.984991361037828,0,92,31.587890625
spectrum,1559,1038816480,512,1,8,63,f86867fc,12.992998152039945,0,98,32.181640625
spectrum,1560,1039536320,512,1,8,62,5d9949b9,13.001963766058907,0,94,31.044921875
spectrum,1561,1040176880,512,1,8,63,9d9282a3,13.009957812959328,0,94,33.19140625
spectrum,1562,1040816800,512,1,8,62,8f066e71,13.01794832199812,0,96,30.654296875
spectrum,1563,1041536000,512,1,8,31,db1fd750,13.026178925996646,0,130,27.369140625
spectrum,1564,1042176720,512,1,8,72,6b8298cf,13.034998844959773,0,122,40.3671875
spectrum,1565,1042816800,512,1,8,37,72048dbc,13.042173500987701,0,127,29.353515625
spectrum,1566,1043536000,512,1,8,63,11e095e4,13.051991148036905,0,93,30.865234375
spectrum,1567,1044176800,512,1,8,62,094b8ba8,13.060002397047356,0,96,30.806640625
spectrum,1568,1044817600,512,1,8,72,997cf05d,13.067968219053,0,120,41.20703125
spectrum,1569,1045535680,512,1,8,63,6be66f64,13.076995059964247,0,91,31.203125
spectrum,1570,1046177680,512,1,8,61,15922372,13.085011899005622,0,90,30.08984375
spectrum,1571,1046817520,512,1,8,60,9b002126,13.093035330995917,0,91,28.611328125
spectrum,1572,1047536320,512,1,8,64,518c4c1a,13.1020135700237,0,98,32.126953125
spectrum,1573,1048176880,512,1,8,62,3aee9fa7,13.110021542059258,0,91,30.978515625
spectrum,1574,1048816800,512,1,8,64,183b59a0,13.11798075295519,0,90,32.162109375
spectrum,1575,1049536000,512,1,8,63,f1ad517a,13.126964421011508,0,98,31.28125
spectrum,1576,1050176800,512,1,8,39,bbab1478,13.134976661996916,0,129,32.0625
spectrum,1577,1050818320,512,1,8,61,0d98df3d,13.142995856003836,0,86,28.71875
spectrum,1578,1051535680,512,1,8,72,550dd00a,13.151995614985935,0,126,38.384765625
spectrum,1579,1052176480,512,1,8,64,0780eed3,13.15999151498545,0,91,31.53125
spectrum,1580,1052817760,512,1,8,29,ea41912e,13.168044963967986,0,119,29.75390625
spectrum,1581,1053536320,512,1,8,31,5765d41a,13.176983386976644,0,125,30.875
spectrum,1582,1054178080,512,1,8,41,aa26f2f0,13.184968385961838,0,125,35.884765625
spectrum,1583,1054816880,512,1,8,63,1f05f1fe,13.193012075964361,0,98,31.8359375
spectrum,1584,1055536000,512,1,8,34,8887b782,13.202009922009893,0,122,34.796875
spectrum,1585,1056177600,512,1,8,63,3ef10189,13.20998322905507,0,94,31.923828125
spectrum,1586,1056816480,512,1,8,63,ed6389c4,13.217995289014652,0,94,32.1484375
spectrum,1587,1057535680,512,1,8,63,ae7b844d,13.226989026996307,0,98,31.482421875
spectrum,1588,1058176480,512,1,8,61,ff3e4eb7,13.234976270003244,0,95,29.83203125
spectrum,1589,1058816480,512,1,8,65,f5c955cb,13.242961199954152,0,122,64.76953125
spectrum,1590,1059535680,512,1,8,61,7d8f7b88,13.25196355395019,0,91,30.826171875
spectrum,1591,1060176480,512,1,8,64,60806783,13.259964402997866,0,97,32.51171875
spectrum,1592,1060818080,512,1,8,63,7fd1baeb,13.26797763502691,0,96,31.501953125
spectrum,1593,1061536000,512,1,8,63,c163b58a,13.276994487037882,0,92,31.453125
spectrum,1594,1062176800,512,1,8,29,26adda18,13.284986178972758,0,124,30.876953125
spectrum,1595,1062817520,512,1,8,62,29cd625f,13.2930237170076,0,89,29.193359375
spectrum,1596,1063535680,512,1,8,64,a1de668e,13.301994011038914,0,98,32.580078125
spectrum,1597,1064177760,512,1,8,61,eee1cd88,13.309989209054038,0,91,29.806640625
spectrum,1598,1064816880,512,1,8,60,38d5885f,13.317998173995875,0,89,30.017578125
spectrum,1599,1065536000,512,1,8,60,0b17d18f,13.326994386035949,0,101,28.41015625
spectrum,1600,1066176480,512,1,8,62,f4c4f24a,13.334978895029053,0,92,30.037109375
spectrum,1601,1066816480,512,1,8,63,aaa9325e,13.34298197797034,0,98,33.06640625
spectrum,1602,1067535680,512,1,8,63,ae6335aa,13.35115580400452,0,96,31.515625
spectrum,1603,1068176480,512,1,8,62,5ef0fe05,13.360012433025986,0,96,31.365234375
spectrum,1604,1068816480,512,1,8,60,817dc29d,13.368000859045424,0,91,30.220703125
spectrum,1605,1069536000,512,1,8,62,df197149,13.37698348495178,0,97,30.630859375
spectrum,1606,1070176480,512,1,8,62,da9b8311,13.384977782028727,0,100,32.001953125
spectrum,1607,1070817520,512,1,8,64,e44db6b9,13.393494787975214,0,95,31.724609375
spectrum,1608,1071535680,512,1,8,64,9d1f64d6,13.401972439023666,0,104,33.38671875
spectrum,1609,1072177760,512,1,8,72,d340f304,13.41005960199982,0,114,40.6953125
spectrum,1610,1072816880,512,1,8,62,36197689,13.41795892897062,0,90,30.56640625
spectrum,1611,1073536000,512,1,8,63,46efe3f8,13.426984407007694,0,99,31.3359375
spectrum,1612,1074176800,512,1,8,62,fee0dbb6,13.434965327964164,0,97,32.50390625
spectrum,1613,1074816800,512,1,8,30,7fa87279,13.442161443992518,0,119,30.619140625
spectrum,1614,1075536000,512,1,8,40,2e20ce50,13.45194844296202,0,128,33.984375
spectrum,1615,1076176800,512,1,8,72,7f4d1e47,13.459964951965958,0,125,39.21875
spectrum,1616,1076816800,512,1,8,31,ba481648,13.467785660061054,0,125,31.0078125
spectrum,1617,1077536000,512,1,8,62,cc7e5d78,13.476994605967775,0,89,30.18359375
spectrum,1618,1078176560,512,1,8,62,fa8bc31a,13.484974815975875,0,96,30.51953125
spectrum,1619,1078818080,512,1,8,65,eb8270e2,13.492976907058619,0,101,32.849609375
spectrum,1620,1079536000,512,1,8,65,0b749c5b,13.501964592956938,0,100,33.2109375
spectrum,1621,1080176800,512,1,8,36,0427965b,13.510075269965455,0,124,37.861328125
spectrum,1622,1080817600,512,1,8,62,c67823b8,13.517995798029006,0,90,31.54296875
spectrum,1623,1081535680,512,1,8,63,b15a1334,13.526983713964,0,91,31.48046875
spectrum,1624,1082176480,512,1,8,72,8a3225ba,13.534961009048857,0,117,41.2109375
spectrum,1625,1082816480,512,1,8,64,ce7e2214,13.542966166045517,0,95,32.666015625
spectrum,1626,1083535680,512,1,8,63,4b76d24b,13.551220654975623,0,95,31.6015625
spectrum,1627,1084176480,512,1,8,64,618fe6eb,13.559992913971655,0,95,33.02734375
spectrum,1628,1084816480,512,1,8,30,7bd11048,13.567149386042729,0,124,30.697265625
spectrum,1629,1085536320,512,1,8,23,87706e07,13.576973445015028,0,126,38.1328125
spectrum,1630,1086176880,512,1,8,63,b8d1aa2c,13.58498237899039,0,97,30.78125
spectrum,1631,1086816800,512,1,8,29,a26bf94a,13.59297230700031,0,123,30.65625
spectrum,1632,1087536000,512,1,8,64,93a495ad,13.601987486006692,0,97,31.625
spectrum,1633,1088176480,512,1,8,61,f7af5a8c,13.610008322983049,0,89,30.044921875
spectrum,1634,1088817520,512,1,8,72,170f28be,13.61798965500202,0,115,40.66015625
spectrum,1635,1089535680,512,1,8,63,18976eac,13.62698600802105,0,97,32.5390625
spectrum,1636,1090178720,512,1,8,30,113cdcd9,13.634998689987697,0,119,31.783203125
spectrum,1637,1090816880,512,1,8,64,c18fb81f,13.642990511027165,0,96,31.5
spectrum,1638,1091536000,512,1,8,62,05c563cf,13.651965182973072,0,94,29.75
spectrum,1639,1092176800,512,1,8,63,f6b74ede,13.659996910952032,0,99,33.087890625
spectrum,1640,1092816800,512,1,8,61,8f448340,13.66799022606574,0,90,29.236328125
spectrum,1641,1093536000,512,1,8,64,f6335e4f,13.677009662031196,0,99,32.21875
spectrum,1642,1094176560,512,1,8,31,f250514a,13.685007976950146,0,128,29.5703125
spectrum,1643,1094817520,512,1,8,24,2f308637,13.692993105971254,0,122,28.666015625
spectrum,1644,1095536000,512,1,8,62,aaa68873,13.701980973011814,0,92,31.5
spectrum,1645,1096176480,512,1,8,62,03c5b46e,13.70920499204658,0,93,30.56640625
spectrum,1646,1096817760,512,1,8,63,89a1e7ed,13.717965668998659,0,95,30.48046875
spectrum,1647,1097536000,512,1,8,60,e32017e8,13.727011885959655,0,90,29.232421875
spectrum,1648,1098180240,512,1,8,61,3c4d33cb,13.734971035970375,0,91,29.943359375
spectrum,1649,1098816800,512,1,8,37,c31adcbb,13.742203801986761,0,124,29.419921875
spectrum,1650,1099536000,512,1,8,62,08b623f3,13.752019845996983,0,92,31.275390625
spectrum,1651,1100176800,512,1,8,38,ea36999f,13.759269954054616,0,125,31.267578125
spectrum,1652,1100816800,512,1,8,31,a0899618,13.767188939033076,0,100,13.15234375
spectrum,1653,1101456000,512,1,8,31,e50dae34,13.77600686403457,0,120,31.490234375
spectrum,1654,1102098160,512,1,8,62,56b4649c,13.783995860023424,0,97,31.19140625
spectrum,1655,1102736560,512,1,8,62,7684f53d,13.791955020977184,0,96,30.60546875
spectrum,1656,1103456320,512,1,8,72,2b1467d3,13.80096106196288,0,117,39.626953125
spectrum,1657,1104096880,512,1,8,61,b203501b,13.809035610989667,0,90,29.3203125
spectrum,1658,1104736800,512,1,8,61,d3b46137,13.816991755040362,0,91,29.49609375
spectrum,1659,1105456000,512,1,8,36,12e2b65d,13.825970635050908,0,119,35.001953125
spectrum,1660,1106096480,512,1,8,35,3294ea7e,13.834003373980522,0,121,39.0703125
spectrum,1661,1106736480,512,1,8,31,f7e9bda8,13.841185434022918,0,128,29.404296875
spectrum,1662,1107456320,512,1,8,39,1fe8d203,13.85101131699048,0,126,42.484375
spectrum,1663,1108096880,512,1,8,63,c5f9609d,13.858991055982187,0,92,31.322265625
spectrum,1664,1108736800,512,1,8,60,17e936b1,13.866994870011695,0,89,29.865234375
spectrum,1665,1109456000,512,1,8,62,3bef6e21,13.87599612295162,0,92,29.9609375
spectrum,1666,1110097440,512,1,8,64,9e844fa9,13.883989316993393,0,95,31.8125
spectrum,1667,1110736560,512,1,8,61,9588b607,13.891973024001345,0,88,29.462890625
spectrum,1668,1111456320,512,1,8,61,17570d76,13.900969065958634,0,93,30.671875
spectrum,1669,1112096880,512,1,8,62,19259c82,13.909002025960945,0,92,31.8828125
spectrum,1670,1112736800,512,1,8,40,6ad67ec1,13.916977977962233,0,124,43.3203125
spectrum,1671,1113456000,512,1,8,60,beca5df2,13.925987274968065,0,92,28.8203125
spectrum,1672,1114096560,512,1,8,62,d3c2d55b,13.933982162969187,0,97,31.896484375
spectrum,1673,1114736480,512,1,8,63,8255115b,13.941180965048261,0,97,29.826171875
spectrum,1674,1115455680,512,1,8,31,97bffba4,13.950199329061434,0,125,31.0546875
spectrum,1675,1116096480,512,1,8,31,9cfd887f,13.958201450994238,0,126,31.029296875
spectrum,1676,1116736480,512,1,8,62,3f86cb7b,13.96700032998342,0,90,30.041015625
spectrum,1677,1117455680,512,1,8,65,38fc785b,13.975983276963234,0,102,32.97265625
spectrum,1678,1118097680,512,1,8,31,db0d4da9,13.983773097046651,0,121,32.513671875
spectrum,1679,1118741440,512,1,8,60,9c261f97,13.991977471043356,0,127,42.59375
spectrum,1680,1119456000,512,1,8,29,8f1b23a2,14.00098405405879,0,128,27.369140625
spectrum,1681,1120097840,512,1,8,39,24ced249,14.008988108951598,0,122,38.791015625
spectrum,1682,1120736560,512,1,8,72,c2272df9,14.01698368799407,0,122,40.01953125
spectrum,1683,1121456320,512,1,8,72,e0cc53eb,14.025999887962826,0,113,40.287109375
spectrum,1684,1122096880,512,1,8,72,69ffb455,14.034003081964329,0,113,41.755859375
spectrum,1685,1122736800,512,1,8,63,efb5afed,14.041984123061411,0,93,31.609375
spectrum,1686,1123456000,512,1,8,40,1413542f,14.050987759954296,0,125,41.447265625
spectrum,1687,1124096800,512,1,8,34,6c7dd483,14.058981384965591,0,119,38.251953125
spectrum,1688,1124736800,512,1,8,61,0f9c9c15,14.066179716028273,0,99,31.619140625
spectrum,1689,1125456000,512,1,8,60,597c15c0,14.075994638027623,0,127,43.50390625
spectrum,1690,1126096800,512,1,8,61,ea5d7278,14.083992901956663,0,92,30.443359375
spectrum,1691,1126737600,512,1,8,58,5be7709a,14.091977469972335,0,125,77.677734375
spectrum,1692,1127455680,512,1,8,65,664573dc,14.100186242954805,0,100,33.572265625
spectrum,1693,1128097760,512,1,8,38,0ff1e63f,14.10901280399412,0,124,39.455078125
spectrum,1694,1128736880,512,1,8,60,cf91a708,14.116983285988681,0,91,30.611328125
spectrum,1695,1129456640,512,1,8,62,871e748c,14.125979828997515,0,91,29.560546875
spectrum,1696,1130097440,512,1,8,61,508fb3bc,14.133986779022962,0,89,29.04296875
spectrum,1697,1130736800,512,1,8,62,a0d99729,14.141984132002108,0,95,30.68359375
spectrum,1698,1131456000,512,1,8,30,e412d8a8,14.150195279042237,0,124,29.771484375
spectrum,1699,1132096720,512,1,8,31,281f641f,14.158196619013324,0,122,31.0
spectrum,1700,1132736800,512,1,8,37,95cb89ee,14.166168302996084,0,124,29.697265625
spectrum,1701,1133456000,512,1,8,64,b256058d,14.176006429013796,0,95,33.1640625
spectrum,1702,1134096800,512,1,8,63,d06148eb,14.183978943969123,0,98,31.392578125
spectrum,1703,1134737440,512,1,8,31,e10f69e6,14.192012846004218,0,125,30.39453125
spectrum,1704,1135456000,512,1,8,61,a01498ab,14.20099270704668,0,100,31.171875
spectrum,1705,1136096560,512,1,8,31,1eb61b00,14.20901357405819,0,130,25.357421875
spectrum,1706,1136737520,512,1,8,60,68b25ccd,14.217001448967494,0,94,30.130859375
spectrum,1707,1137455680,512,1,8,39,4f072ce5,14.225998042034917,0,131,37.865234375
spectrum,1708,1138097600,512,1,8,34,4b04ad1f,14.234007006045431,0,126,34.748046875
spectrum,1709,1138736560,512,1,8,63,c01b0254,14.242003016057424,0,92,30.4453125
spectrum,1710,1139455680,512,1,8,63,45c42c97,14.250968720996752,0,96,32.6015625
spectrum,1711,1140096480,512,1,8,72,48019cf0,14.2589956499869,0,117,41.154296875
spectrum,1712,1140736480,512,1,8,65,fb0d8e7c,14.266186545952223,0,101,34.2578125
spectrum,1713,1141455680,512,1,8,61,4c737de9,14.275190924061462,0,89,29.505859375
spectrum,1714,1142096480,512,1,8,31,d52436f1,14.283189909998327,0,131,28.580078125
spectrum,1715,1142738000,512,1,8,39,6d3869e1,14.291970715043135,0,125,41.31640625
spectrum,1716,1143456000,512,1,8,63,a29bdf0c,14.30016905697994,0,98,31.15234375
spectrum,1717,1144096800,512,1,8,31,d3155ba9,14.309077513986267,0,120,31.734375
spectrum,1718,1144737600,512,1,8,39,283c760f,14.316980857984163,0,125,39.326171875
spectrum,1719,1145455680,512,1,8,63,d861ad98,14.325193017022684,0,95,30.7109375
spectrum,1720,1146097680,512,1,8,62,6712af8c,14.333979582996108,0,93,30.3359375
spectrum,1721,1146736880,512,1,8,72,eefd73e7,14.341971314977854,0,122,39.533203125
spectrum,1722,1147456000,512,1,8,29,c95bc073,14.350211697048508,0,122,28.771484375
spectrum,1723,1148096720,512,1,8,32,18149f95,14.3582446470391,0,127,32.0703125
spectrum,1724,1148736800,512,1,8,31,be3b277b,14.366183829959482,0,126,30.720703125
spectrum,1725,1149456000,512,1,8,64,af0a7cec,14.375186705030501,0,96,32.017578125
spectrum,1726,1150096800,512,1,8,64,34c59ecd,14.383971126982942,0,98,32.841796875
spectrum,1727,1150736800,512,1,8,62,dad610f3,14.39199773396831,18,135,83.6328125
spectrum,1728,1151456000,512,1,8,63,54780bc0,14.400959572056308,0,92,30.841796875
spectrum,1729,1152096480,512,1,8,72,e6ac727b,14.409006337984465,0,121,40.275390625
spectrum,1730,1152737520,512,1,8,62,0a3f7567,14.41698688804172,0,91,29.439453125
spectrum,1731,1153455680,512,1,8,63,e7348142,14.42602546105627,0,95,32.3203125
spectrum,1732,1154097760,512,1,8,61,8e2335dd,14.43400821601972,0,92,28.822265625
spectrum,1733,1154736880,512,1,8,61,e78ac68a,14.442023893003352,0,99,30.6875
spectrum,1734,1155456000,512,1,8,31,26f252fa,14.450178954051808,0,126,30.93359375
spectrum,1735,1156096720,512,1,8,30,0db7071c,14.458264624001458,0,118,31.12109375
spectrum,1736,1156736800,512,1,8,31,81a46a4f,14.466180240968242,0,126,30.994140625
spectrum,1737,1157456000,512,1,8,39,1b9d4c2f,14.47605584806297,0,126,41.544921875
spectrum,1738,1158096800,512,1,8,62,7a6c281f,14.483975472976454,0,93,30.294921875
spectrum,1739,1158736800,512,1,8,63,fef2bd93,14.491888436023146,0,101,31.796875
spectrum,1740,1159456000,512,1,8,62,bd3a6ba1,14.500978316063993,0,95,31.90625
spectrum,1741,1160096560,512,1,8,64,639c1a19,14.508995876996778,0,93,33.080078125
spectrum,1742,1160738080,512,1,8,62,aa1442f7,14.516990344040096,0,90,30.978515625
spectrum,1743,1161456000,512,1,8,37,0ff75326,14.526016031973995,0,125,40.634765625
spectrum,1744,1162109280,512,1,8,63,9d7c3ea0,14.534000750049017,0,95,32.056640625
spectrum,1745,1162736640,512,1,8,64,2b27efbd,14.54196999000851,0,105,32.138671875
spectrum,1746,1163455680,512,1,8,62,7325e620,14.550182109000161,0,94,30.345703125
spectrum,1747,1164096480,512,1,8,62,d7f60323,14.558209678041749,0,93,31.083984375
spectrum,1748,1164736480,512,1,8,37,bf7c231f,14.56618847604841,0,124,30.466796875
spectrum,1749,1165455680,512,1,8,39,e6f34ef4,14.575208142981865,0,130,32.8984375
spectrum,1750,1166096480,512,1,8,39,1703b422,14.584003595053218,0,125,41.732421875
spectrum,1751,1166736480,512,1,8,60,d84e31c7,14.591189712984487,0,98,29.189453125
spectrum,1752,1167456320,512,1,8,62,7c637b0f,14.60101455298718,0,95,31.015625
spectrum,1753,1168097440,512,1,8,63,614e4f35,14.60896263201721,0,95,30.060546875
spectrum,1754,1168736560,512,1,8,28,d6449180,14.616995953023434,0,120,30.029296875
spectrum,1755,1169456000,512,1,8,64,85f4881d,14.626018775976263,0,98,31.755859375
spectrum,1756,1170096480,512,1,8,62,7666e16d,14.633996631018817,0,90,31.0078125
spectrum,1757,1170737520,512,1,8,62,3a62fc02,14.642010555020534,0,94,30.73828125
spectrum,1758,1171455680,512,1,8,65,786f3c86,14.651052695000544,0,102,33.986328125
spectrum,1759,1172096480,512,1,8,62,039a12e8,14.658206120016985,0,96,29.640625
spectrum,1760,1172736480,512,1,8,63,ee83008e,14.666989049059339,0,93,30.962890625
spectrum,1761,1173456320,512,1,8,65,f2843376,14.675988367991522,0,97,32.73828125
spectrum,1762,1174096880,512,1,8,60,2af6cba6,14.683182951062918,0,90,29.935546875
spectrum,1763,1174736800,512,1,8,63,701987e0,14.691985185956582,0,92,30.84375
spectrum,1764,1175456000,512,1,8,63,cb563505,14.700990707031451,0,97,30.826171875
spectrum,1765,1176096560,512,1,8,40,337bc995,14.709011452971026,0,123,34.5078125
spectrum,1766,1176736480,512,1,8,62,6aeefb79,14.716985031031072,0,96,30.85546875
spectrum,1767,1177456000,512,1,8,65,7d3354c6,14.726007824065164,0,102,33.94921875
spectrum,1768,1178096560,512,1,8,61,3d6451c0,14.73395923897624,0,94,30.02734375
spectrum,1769,1178737760,512,1,8,63,de96484b,14.742022947059013,0,94,32.482421875
spectrum,1770,1179456000,512,1,8,62,ba82ee01,14.751039428054355,0,97,30.7578125
spectrum,1771,1180100240,512,1,8,72,9cee947b,14.759025939973071,0,123,39.9609375
spectrum,1772,1180736800,512,1,8,72,53d6d892,14.76700625999365,0,131,41.205078125
spectrum,1773,1181456000,512,1,8,40,7f1cf2e8,14.776008154032752,0,128,44.771484375
spectrum,1774,1182096880,512,1,8,39,f338188f,14.784012850024737,0,129,40.76171875
spectrum,1775,1182736800,512,1,8,65,03ffeb35,14.791218174039386,0,97,32.630859375
spectrum,1776,1183456000,512,1,8,64,1d834f82,14.801006064051762,0,95,32.912109375
spectrum,1777,1184098560,512,1,8,65,490ead28,14.80903654906433,0,98,32.91796875
spectrum,1778,1184736880,512,1,8,62,ef2288dc,14.816975080990233,0,94,31.330078125
spectrum,1779,1185456000,512,1,8,62,eb750ab1,14.826009124983102,0,93,31.0390625
spectrum,1780,1186096560,512,1,8,63,ece7b0e3,14.833174453000538,0,92,30.46484375
spectrum,1781,1186738640,512,1,8,64,6c347cd1,14.842010432039388,0,95,31.564453125
spectrum,1782,1187456000,512,1,8,30,2cd6ce78,14.850185371004045,0,129,25.712890625
spectrum,1783,1188096800,512,1,8,30,04ffb362,14.85821928200312,0,124,30.466796875
spectrum,1784,1188736720,512,1,8,30,08b0866b,14.866190394968726,0,127,28.638671875
spectrum,1785,1189456000,512,1,8,61,bccc767c,14.875196896959096,0,89,28.37109375
spectrum,1786,1190096800,512,1,8,61,b444c16b,14.883192577050067,0,94,30.857421875
spectrum,1787,1190736800,512,1,8,39,2808e80c,14.892007134971209,0,125,42.451171875
spectrum,1788,1191456000,512,1,8,37,0eee6135,14.900212591979653,0,124,30.537109375
spectrum,1789,1192097360,512,1,8,61,c3fdcea1,14.909044823958538,0,89,30.650390625
spectrum,1790,1192736560,512,1,8,63,b8ae15e2,14.91700854303781,0,95,31.630859375
spectrum,1791,1193456320,512,1,8,36,f7b6175c,14.926031104987487,0,125,35.197265625
spectrum,1792,1194096880,512,1,8,62,9e7d265c,14.933997167972848,0,92,31.416015625
spectrum,1793,1194736800,512,1,8,64,de57e8c2,14.942033324041404,0,97,33.548828125
spectrum,1794,1195456000,512,1,8,65,fa9e6f45,14.951015340047888,0,97,32.640625
spectrum,1795,1196096480,512,1,8,61,b95199f3,14.958209443022497,0,95,30.787109375
spectrum,1796,1196736480,512,1,8,61,db94c2aa,14.967025785008445,0,88,29.69921875
spectrum,1797,1197456000,512,1,8,63,ee6e309d,14.97602216701489,0,93,30.466796875
spectrum,1798,1198096480,512,1,8,39,1fc124f0,14.983985355007462,0,121,43.171875
spectrum,1799,1198736480,512,1,8,60,04bea129,14.99118948704563,0,89,28.8515625
spectrum,1800,1199455680,512,1,8,60,95436af6,15.000181681010872,0,98,30.4609375
spectrum,1801,1200101200,512,1,8,29,eb656ee8,15.009027319028974,0,120,29.5078125
spectrum,1802,1200737840,512,1,8,31,29f84cfc,15.017031615017913,0,126,30.51953125
spectrum,1803,1201456320,512,1,8,32,5074c9ef,15.026023227954283,0,115,33.939453125
spectrum,1804,1202097680,512,1,8,31,30f54d0e,15.034016633988358,0,126,30.27734375
spectrum,1805,1202736480,512,1,8,61,dbe04927,15.041198152001016,0,89,30.3125
spectrum,1806,1203456320,512,1,8,60,728586ea,15.051016240031458,0,90,30.08984375
spectrum,1807,1204096880,512,1,8,63,2c4589a5,15.059040963998996,0,105,32.095703125
spectrum,1808,1204736800,512,1,8,62,cde8c0b1,15.066205971990712,0,93,31.23828125
spectrum,1809,1205456000,512,1,8,63,88576ead,15.075201662955806,0,93,31.052734375
spectrum,1810,1206096800,512,1,8,63,bdf1ba12,15.083199626998976,0,94,31.576171875
spectrum,1811,1206736800,512,1,8,65,84177fdb,15.091215544031002,0,97,32.779296875
spectrum,1812,1207456000,512,1,8,65,72dfeb65,15.100219620973803,0,104,33.78515625
spectrum,1813,1208096800,512,1,8,63,4566c19f,15.109065560041927,0,102,31.373046875
spectrum,1814,1208737600,512,1,8,65,baaa1819,15.117034608963877,0,103,32.982421875
spectrum,1815,1209455680,512,1,8,63,cedb7c1d,15.126008459017612,0,91,31.373046875
spectrum,1816,1210097520,512,1,8,72,5ce5eac7,15.13404657796491,0,111,39.025390625
spectrum,1817,1210736560,512,1,8,64,adc3b172,15.141250008018687,0,96,30.958984375
spectrum,1818,1211456320,512,1,8,61,2bb3888d,15.151020506047644,0,92,30.5
spectrum,1819,1212096880,512,1,8,62,340ff884,15.159030131995678,0,92,31.646484375
spectrum,1820,1212736800,512,1,8,62,ca06f28d,15.166210327995941,0,92,30.673828125
spectrum,1821,1213456000,512,1,8,63,ddf5438e,15.176002557040192,0,96,31.74609375
spectrum,1822,1214096800,512,1,8,72,8993548e,15.183227907982655,0,117,39.921875
spectrum,1823,1214736800,512,1,8,62,51603477,15.191216815030202,0,92,30.427734375
spectrum,1824,1215456000,512,1,8,72,fb0b4f11,15.201041975989938,0,119,40.44921875
spectrum,1825,1216096800,512,1,8,72,4a8bc958,15.209063644055277,0,122,38.11328125
spectrum,1826,1216737520,512,1,8,64,5e3e48cc,15.21700966998469,0,99,31.68359375
spectrum,1827,1217455680,512,1,8,36,8d3839bb,15.226043152972125,0,122,38.21484375
spectrum,1828,1218097760,512,1,8,64,916d67ea,15.234036045963876,0,93,31.8828125
spectrum,1829,1218736880,512,1,8,30,b103f567,15.241226952988654,0,123,30.578125
spectrum,1830,1219456000,512,1,8,35,72f101a2,15.250796459964477,0,117,37.734375
spectrum,1831,1220101040,512,1,8,61,afc4153b,15.259012005990371,0,92,28.947265625
spectrum,1832,1220736560,512,1,8,39,dee6c0aa,15.267001552972943,0,126,42.103515625
spectrum,1833,1221456640,512,1,8,64,d0474bed,15.27603343303781,0,98,31.826171875
spectrum,1834,1222096880,512,1,8,61,57f784b6,15.283209591987543,0,98,31.056640625
spectrum,1835,1222736800,512,1,8,72,adbfef64,15.291208788054064,0,116,37.830078125
spectrum,1836,1223456000,512,1,8,36,d042b8ef,15.300195212010294,0,144,16.99609375
spectrum,1837,1224096720,512,1,8,62,c45968aa,15.30826534202788,0,91,30.537109375
spectrum,1838,1224737440,512,1,8,60,0c07f435,15.317006231052801,0,100,29.626953125
spectrum,1839,1225455680,512,1,8,38,c5835def,15.325254508061334,0,147,26.5859375
spectrum,1840,1226098400,512,1,8,63,48664007,15.33400504605379,0,92,31.8515625
spectrum,1841,1226736880,512,1,8,60,f4fda777,15.34121988795232,0,90,28.099609375
spectrum,1842,1227456000,512,1,8,64,dbfbdb01,15.351025240961462,0,142,41.03515625
spectrum,1843,1228097600,512,1,8,65,ffe34567,15.359039496048354,0,102,32.169921875
spectrum,1844,1228736560,512,1,8,61,a3efdc6c,15.366190796950832,0,95,29.9296875
spectrum,1845,1229455680,512,1,8,38,d1a02efc,15.375196777982637,0,146,21.216796875
spectrum,1846,1230096480,512,1,8,64,8b822051,15.38321367802564,0,99,32.728515625
spectrum,1847,1230736480,512,1,8,72,45825562,15.392065837979317,0,111,38.044921875
spectrum,1848,1231455680,512,1,8,37,280cae82,15.40105864405632,18,154,70.712890625
spectrum,1849,1232096560,512,1,8,63,3d49fd90,15.408305636025034,0,96,31.57421875
spectrum,1850,1232738000,512,1,8,64,f1b34a5b,15.417029634001665,0,95,32.30859375
spectrum,1851,1233456000,512,1,8,37,f83177e5,15.425991681986488,0,142,47.595703125
spectrum,1852,1234096880,512,1,8,63,1a515ab1,15.434005424962379,0,92,31.73046875
spectrum,1853,1234737600,512,1,8,72,9867ccfc,15.44201552204322,0,120,38.21875
spectrum,1854,1235455680,512,1,8,37,e6d8ca50,15.451032393029891,0,144,54.34765625
spectrum,1855,1236097840,512,1,8,63,a9c59418,15.459010810009204,0,96,31.548828125
spectrum,1856,1236736880,512,1,8,39,a56319ca,15.466218458022922,0,90,29.546875
spectrum,1857,1237456000,512,1,8,38,58619abc,15.476030063000508,12,150,72.025390625
spectrum,1858,1238096880,512,1,8,64,800cb35f,15.484024108969606,0,97,33.875
spectrum,1859,1238736800,512,1,8,64,d2322feb,15.491204255959019,0,96,32.041015625
spectrum,1860,1239456000,512,1,8,37,806797f7,15.501003577955998,25,159,81.859375
spectrum,1861,1240096880,512,1,8,63,91bc73b0,15.508220343035646,0,96,31.76953125
spectrum,1862,1240739920,512,1,8,60,32fa9251,15.51699859299697,0,88,28.58984375
spectrum,1863,1241456320,512,1,8,32,8fed7071,15.526042415993288,14,147,74.60546875
spectrum,1864,1242096640,512,1,8,62,236b2159,15.533216931042261,0,94,31.650390625
spectrum,1865,1242737760,512,1,8,72,886a77c2,15.5420448849909,0,121,38.14453125
spectrum,1866,1243456000,512,1,8,37,7b07e2fb,15.551030357019044,12,159,81.66015625
spectrum,1867,1244097520,512,1,8,62,3c2631a7,15.559027909999713,0,90,30.93359375
spectrum,1868,1244736560,512,1,8,60,3f2b6954,15.566214489052072,0,102,29.48046875
spectrum,1869,1245455680,512,1,8,37,ece230a7,15.57602479099296,0,145,63.279296875
spectrum,1870,1246096560,512,1,8,62,e0da2094,15.583200379041955,0,90,31.279296875
spectrum,1871,1246736480,512,1,8,31,a5fd4efa,15.59122159704566,0,121,31.828125
spectrum,1872,1247455680,512,1,8,36,49400a31,15.600091840955429,0,144,16.396484375
spectrum,1873,1248096480,512,1,8,63,3c09b171,15.608228627010249,0,89,30.623046875
spectrum,1874,1248736480,512,1,8,72,b1d89cb5,15.616278097964823,0,119,39.103515625
spectrum,1875,1249456640,512,1,8,38,260c3b1a,15.626027154969051,0,144,56.43359375
spectrum,1876,1250097280,512,1,8,64,b652642f,15.633980514016002,0,100,34.322265625
spectrum,1877,1250737440,512,1,8,63,bcc28f39,15.641993285971694,0,93,31.2890625
spectrum,1878,1251455680,512,1,8,36,f31dced5,15.650182922021486,0,144,17.619140625
spectrum,1879,1252096480,512,1,8,64,fa1ec8a9,15.65909313200973,0,90,31.533203125
spectrum,1880,1252737600,512,1,8,60,5b09081c,15.667004390968941,0,93,29.09765625
spectrum,1881,1253455680,512,1,8,64,3233a261,15.676005373010412,0,148,36.66796875
spectrum,1882,1254096560,512,1,8,63,fcc02f8d,15.683203052030876,0,94,30.666015625
spectrum,1883,1254736480,512,1,8,60,57398587,15.691198852029629,0,96,28.8125
spectrum,1884,1255455680,512,1,8,64,06092383,15.700214621028863,0,143,26.271484375
spectrum,1885,1256096480,512,1,8,64,8b4b35f6,15.708203186979517,0,93,31.75
spectrum,1886,1256736480,512,1,8,60,a15c9201,15.716202643001452,0,88,27.83984375
spectrum,1887,1257456320,512,1,8,39,04fd0283,15.726013698033057,14,162,71.111328125
spectrum,1888,1258096960,512,1,8,31,23cc9598,15.73325918696355,0,121,31.537109375
spectrum,1889,1258736800,512,1,8,37,45a284da,15.742037007003091,0,128,38.681640625
spectrum,1890,1259456000,512,1,8,37,35200b1c,15.751020765979774,12,148,63.052734375
spectrum,1891,1260096640,512,1,8,60,5d85431c,15.75824391306378,0,92,30.21875
spectrum,1892,1260739600,512,1,8,40,faa1cdcb,15.76705285103526,0,125,43.70703125
spectrum,1893,1261455680,512,1,8,38,f8fe5cce,15.776058300980367,0,156,67.48046875
spectrum,1894,1262096560,512,1,8,60,f0904696,15.783226054045372,0,93,29.59375
spectrum,1895,1262736480,512,1,8,64,82028ff6,15.791215742006898,0,92,31.1328125
spectrum,1896,1263455680,512,1,8,38,c2f28729,15.800195834017359,0,149,28.041015625
spectrum,1897,1264096480,512,1,8,61,a74d012e,15.808272736961953,0,86,29.4140625
spectrum,1898,1264736480,512,1,8,60,1d772bff,15.816222219029441,0,94,29.4609375
spectrum,1899,1265461600,512,1,8,60,5bc3528b,15.82600972801447,0,87,28.13671875
spectrum,1900,1266097520,512,1,8,31,989a7b03,15.834007221041247,0,125,30.755859375
spectrum,1901,1266737760,512,1,8,62,064cbe8d,15.842005013953894,0,93,29.47265625
spectrum,1902,1267456000,512,1,8,37,e1684391,15.851011996972375,0,143,21.017578125
spectrum,1903,1268096560,512,1,8,39,9d12ff5f,15.859004189958796,0,123,38.845703125
spectrum,1904,1268737760,512,1,8,72,4253b09e,15.867027541040443,0,115,38.099609375
spectrum,1905,1269456000,512,1,8,38,9f2d35ae,15.876031388062984,0,155,62.294921875
spectrum,1906,1270096880,512,1,8,61,e4294022,15.883220080984756,0,95,29.451171875
spectrum,1907,1270736800,512,1,8,38,4cff313e,15.89123119902797,0,126,30.455078125
spectrum,1908,1271456000,512,1,8,64,65de1643,15.90020083100535,0,143,19.556640625
spectrum,1909,1272096720,512,1,8,63,cb21c845,15.908216779003851,0,97,31.822265625
spectrum,1910,1272750560,512,1,8,60,84493eff,15.917036597966217,0,88,29.4921875
spectrum,1911,1273455680,512,1,8,38,afeb8321,15.926016618963331,24,146,62.685546875
spectrum,1912,1274097600,512,1,8,59,69fd9446,15.933989334967919,0,87,28.841796875
spectrum,1913,1274737760,512,1,8,31,88056bc1,15.942043856019154,0,126,30.71875
spectrum,1914,1275456000,512,1,8,31,7c165c2c,15.951001605950296,0,137,27.640625
spectrum,1915,1276096480,512,1,8,63,ca79e732,15.958199835964479,0,98,32.052734375
spectrum,1916,1276736480,512,1,8,35,0b89dff4,15.967030765954405,0,126,36.48046875
spectrum,1917,1277456000,512,1,8,39,9b19f758,15.975217335973866,0,146,20.33203125
spectrum,1918,1278097760,512,1,8,60,84ab39ae,15.98400323104579,0,92,29.658203125
spectrum,1919,1278736880,512,1,8,38,152eae06,15.991217290982604,0,132,25.908203125
spectrum,1920,1279456000,512,1,8,36,75fb5eaf,16.001020330004394,0,147,70.216796875
spectrum,1921,1280096880,512,1,8,64,03898a9c,16.008211367065087,0,96,32.33984375
spectrum,1922,1280739920,512,1,8,60,459c8a18,16.016231011017226,0,87,29.185546875
spectrum,1923,1281456000,512,1,8,37,733a6cef,16.026042656973004,0,142,48.494140625
spectrum,1924,1282097840,512,1,8,30,32353634,16.03402179502882,0,124,30.27734375
spectrum,1925,1282737280,512,1,8,60,7fe37e3b,16.042006041971035,0,87,29.7578125
spectrum,1926,1283456320,512,1,8,37,0ea77090,16.05023488297593,0,145,17.322265625
spectrum,1927,1284096800,512,1,8,40,f0857887,16.058227907051332,0,89,17.734375
spectrum,1928,1284736800,512,1,8,39,63f81279,16.066231069969945,0,125,40.2421875
spectrum,1929,1285456000,512,1,8,38,811639eb,16.07602127501741,0,146,29.349609375
spectrum,1930,1286096560,512,1,8,72,42d4d49a,16.0832270400133,0,119,39.01171875
spectrum,1931,1286736480,512,1,8,60,98862bbd,16.091215795953758,0,88,28.41796875
spectrum,1932,1287455680,512,1,8,37,27903504,16.10023296799045,0,145,17.826171875
spectrum,1933,1288096480,512,1,8,61,d1675cc8,16.108229328063317,0,92,30.169921875
spectrum,1934,1288736480,512,1,8,60,4d603baf,16.116256537032314,0,92,29.28515625
spectrum,1935,1289455680,512,1,8,29,2b99f0ce,16.125206561991945,0,128,30.193359375
spectrum,1936,1290098320,512,1,8,31,21329ddb,16.134021091042086,0,129,29.94921875
spectrum,1937,1290736880,512,1,8,31,f69b6ea9,16.141188192064874,0,126,30.04296875
spectrum,1938,1291456000,512,1,8,29,8c2de70f,16.15102782100439,0,136,29.97265625
spectrum,1939,1292097520,512,1,8,39,5d1513b9,16.159052815055475,0,127,40.619140625
spectrum,1940,1292736560,512,1,8,39,9405407f,16.167014410020784,0,125,41.46484375
spectrum,1941,1293456320,512,1,8,39,56601ccc,16.17602292599622,0,149,20.052734375
spectrum,1942,1294096880,512,1,8,61,97d13db9,16.183207110036165,0,93,29.13671875
spectrum,1943,1294736800,512,1,8,72,4632e656,16.191200745059177,0,122,38.884765625
spectrum,1944,1295456000,512,1,8,37,8a2dd501,16.2010239319643,0,147,61.55859375
spectrum,1945,1296096880,512,1,8,37,706816dc,16.208229767042212,0,127,27.76171875
spectrum,1946,1296736720,512,1,8,60,16442161,16.216234753956087,0,91,30.37890625
spectrum,1947,1297456000,512,1,8,30,147fa2ed,16.225216188002378,0,131,30.29296875
spectrum,1948,1298096800,512,1,8,62,25f61c04,16.23401162098162,0,98,31.369140625
spectrum,1949,1298737600,512,1,8,72,fe515afe,16.242004264029674,0,114,39.82421875
spectrum,1950,1299455680,512,1,8,34,6c370caf,16.2501986999996,0,145,19.525390625
spectrum,1951,1300097680,512,1,8,39,afa4ba11,16.259066759957932,0,120,33.005859375
spectrum,1952,1300740000,512,1,8,40,8811b3b1,16.267016262048855,0,127,39.955078125
spectrum,1953,1301456960,512,1,8,39,4e1907ad,16.276027912972495,0,149,46.25
spectrum,1954,1302097520,512,1,8,62,b959f045,16.283222145983018,0,93,30.083984375
spectrum,1955,1302736800,512,1,8,62,c88ea30b,16.29119828797411,0,92,31.451171875
spectrum,1956,1303456000,512,1,8,36,432eaf80,16.300093590049073,0,143,15.8828125
spectrum,1957,1304096720,512,1,8,63,65528c62,16.308195009012707,0,100,31.587890625
spectrum,1958,1304736800,512,1,8,65,de52f30a,16.316234471043572,0,107,33.177734375
spectrum,1959,1305456000,512,1,8,39,5b0f5140,16.325242014951073,0,149,22.7421875
spectrum,1960,1306096800,512,1,8,31,00e784f4,16.333209670963697,0,130,27.53125
spectrum,1961,1306737440,512,1,8,30,f1a949e5,16.3420165249845,0,129,24.20703125
spectrum,1962,1307455680,512,1,8,64,6709c771,16.351010001963004,0,141,48.986328125
spectrum,1963,1308097840,512,1,8,65,39ec33e2,16.35904734104406,0,94,32.24609375
spectrum,1964,1308736880,512,1,8,62,7038ef95,16.366214251960628,0,95,31.248046875
spectrum,1965,1309456000,512,1,8,40,ca61660d,16.376053769956343,0,152,49.828125
spectrum,1966,1310097600,512,1,8,63,e0df7829,16.384038127958775,0,93,31.87890625
spectrum,1967,1310736480,512,1,8,60,cee5d93f,16.39121003798209,0,87,28.640625
spectrum,1968,1311455680,512,1,8,62,4c64d9b5,16.401029558037408,12,150,73.43359375
spectrum,1969,1312096560,512,1,8,59,79a4dc56,16.408242195961066,0,87,27.6953125
spectrum,1970,1312736480,512,1,8,64,72c5a4c7,16.416258745011874,0,97,32.25390625
spectrum,1971,1313455680,512,1,8,64,5b74ed28,16.426063437014818,12,149,74.294921875
spectrum,1972,1314096560,512,1,8,32,ffed693f,16.433243753039278,0,126,31.392578125
spectrum,1973,1314738000,512,1,8,64,0788ddb4,16.442068531061523,0,97,32.611328125
spectrum,1974,1315456000,512,1,8,36,bf6d3666,16.450258238008246,0,144,16.509765625
spectrum,1975,1316096720,512,1,8,29,1944a228,16.459198393975385,0,124,30.546875
spectrum,1976,1316737520,512,1,8,40,c4504474,16.46704973001033,0,133,43.0546875
spectrum,1977,1317455680,512,1,8,63,a767047e,16.476062724017538,14,146,72.359375
spectrum,1978,1318097840,512,1,8,31,72b29545,16.484048665035516,0,125,31.767578125
spectrum,1979,1318736880,512,1,8,37,eb27b773,16.49206772900652,0,128,28.1328125
spectrum,1980,1319456000,512,1,8,37,a29f240f,16.501055235043168,6,150,69.99609375
spectrum,1981,1320096560,512,1,8,63,aceeb327,16.508211725973524,0,92,31.615234375
spectrum,1982,1320736480,512,1,8,60,2742d3d8,16.5162456179969,0,88,28.662109375
spectrum,1983,1321455680,512,1,8,30,9ea9ec03,16.525218075024895,0,124,31.603515625
spectrum,1984,1322096480,512,1,8,29,dd4d4213,16.533202543039806,0,122,30.521484375
spectrum,1985,1322736480,512,1,8,64,a5a9a1c9,16.542021911009215,0,109,33.177734375
spectrum,1986,1323456320,512,1,8,37,5db71d9e,16.5510880460497,6,150,64.828125
spectrum,1987,1324096560,512,1,8,62,d3e2fcf4,16.55824165197555,0,99,31.087890625
spectrum,1988,1324737760,512,1,8,31,906e12df,16.56703816598747,0,125,31.166015625
spectrum,1989,1325456000,512,1,8,64,c7dcfdfd,16.576022807043046,6,149,58.4140625
spectrum,1990,1326097520,512,1,8,40,faa1d0c3,16.584056918974966,0,126,42.771484375
spectrum,1991,1326736560,512,1,8,31,a9c57ea9,16.591227686963975,0,129,28.748046875
spectrum,1992,1327455680,512,1,8,62,4617801e,16.60021724703256,0,121,30.92578125
spectrum,1993,1328096480,512,1,8,62,4b3e9817,16.6082383840112,0,92,30.041015625
spectrum,1994,1328736480,512,1,8,60,25221943,16.61621061898768,0,94,30.69921875
spectrum,1995,1329455680,512,1,8,31,56d13026,16.625213294057176,0,122,31.3203125
spectrum,1996,1330096480,512,1,8,31,4040c92a,16.633228841004893,0,126,30.923828125
spectrum,1997,1330736480,512,1,8,63,7ca4a76e,16.641232024063356,0,97,31.744140625
spectrum,1998,1331456320,512,1,8,37,874283ce,16.651059729978442,0,149,64.4375
spectrum,1999,1332096960,512,1,8,56,4987da1b,16.65952201199252,0,129,84.44140625
spectrum,2000,1332737520,512,1,8,39,8893d638,16.66704828303773,0,124,43.0703125
spectrum,2001,1333456320,512,1,8,40,bdaf7f13,16.67606197798159,0,127,44.7265625
spectrum,2002,1334098480,512,1,8,35,a3b07fbb,16.684043330023997,0,122,35.3515625
spectrum,2003,1334737280,512,1,8,40,ae3bdbb4,16.69205183396116,0,131,43.904296875
spectrum,2004,1335455680,512,1,8,72,7bf80362,16.70022970798891,0,140,40.662109375
spectrum,2005,1336096480,512,1,8,60,f26f1cec,16.708234374062158,0,88,30.169921875
spectrum,2006,1336736480,512,1,8,60,f66f03cd,16.71626858599484,0,88,29.658203125
spectrum,2007,1337455680,512,1,8,31,917d2bd3,16.725235634017736,0,128,29.212890625
spectrum,2008,1338096480,512,1,8,31,de7c7605,16.733214230975136,0,126,31.048828125
spectrum,2009,1338738320,512,1,8,60,d3b80200,16.74203619302716,0,88,28.408203125
spectrum,2010,1339456000,512,1,8,31,5103a014,16.750222663977183,0,131,31.25390625
spectrum,2011,1340097760,512,1,8,30,d9cc9904,16.759065435966477,0,124,29.166015625
spectrum,2012,1340737840,512,1,8,29,78c7bc3c,16.766946899006143,0,123,31.423828125
spectrum,2013,1341456000,512,1,8,40,94584568,16.776053840992972,0,150,48.556640625
spectrum,2014,1342096560,512,1,8,29,9a56f5bf,16.783227934967726,0,121,29.314453125
spectrum,2015,1342738000,512,1,8,37,867f4c7d,16.79202603304293,0,123,30.544921875
spectrum,2016,1343456000,512,1,8,37,c8001777,16.80103324598167,6,151,71.703125
spectrum,2017,1344096880,512,1,8,62,36540307,16.80824705597479,0,99,29.7890625
spectrum,2018,1344736800,512,1,8,60,146ea40e,16.816245650989003,0,87,29.828125
spectrum,2019,1345456000,512,1,8,31,03b42dc0,16.82522290700581,0,124,31.0078125
spectrum,2020,1346096720,512,1,8,64,28cf529a,16.833196074003354,0,98,32.0703125
spectrum,2021,1346736800,512,1,8,31,cad877dc,16.84123111795634,0,125,30.412109375
spectrum,2022,1347456000,512,1,8,39,208ec3f7,16.85101769596804,0,150,41.1953125
spectrum,2023,1348096560,512,1,8,31,0e182b7f,16.858228630037047,0,126,29.2265625
spectrum,2024,1348736480,512,1,8,40,910c7015,16.867069427971728,0,124,34.484375
spectrum,2025,1349456000,512,1,8,38,d24a1d94,16.87522763502784,0,146,20.060546875
spectrum,2026,1350096480,512,1,8,40,49b2e8b5,16.884044487960637,0,125,42.53515625
spectrum,2027,1350737760,512,1,8,39,889650a0,16.89208326896187,0,128,43.10546875
spectrum,2028,1351456000,512,1,8,37,a0a047d5,16.90025882900227,0,145,21.984375
spectrum,2029,1352096800,512,1,8,65,4b931e30,16.908236813964322,0,107,32.59375
spectrum,2030,1352736800,512,1,8,60,122d8f67,16.91621816600673,0,88,29.1015625
spectrum,2031,1353456000,512,1,8,29,dff1eaf9,16.92521263496019,0,122,29.916015625
spectrum,2032,1354096720,512,1,8,29,20492260,16.93321793305222,0,127,24.740234375
spectrum,2033,1354736720,512,1,8,31,0aa2d4cf,16.941221015993506,0,124,31.939453125
spectrum,2034,1355456000,512,1,8,31,99727417,16.95102958602365,0,131,24.798828125
spectrum,2035,1356097520,512,1,8,64,3595fc8b,16.958239468047395,0,98,32.85546875
spectrum,2036,1356736480,512,1,8,37,7b644f98,16.96623186103534,0,127,29.470703125
spectrum,2037,1357456320,512,1,8,39,dbab2ae0,16.976046051015146,0,145,28.2109375
spectrum,2038,1358096880,512,1,8,61,d97fdf24,16.983218693058006,0,101,30.486328125
spectrum,2039,1358738400,512,1,8,61,06a3b96b,16.992052649031393,0,100,30.4140625
spectrum,2040,1359455680,512,1,8,61,f221a08f,17.001054722000845,6,146,67.10546875
spectrum,2041,1360096560,512,1,8,64,e034812a,17.0082413200289,0,97,31.537109375
spectrum,2042,1360736480,512,1,8,60,6e539e03,17.016234184033237,0,92,29.77734375
spectrum,2043,1361455680,512,1,8,64,a03b6c00,17.025259432033636,0,99,32.005859375
spectrum,2044,1362099600,512,1,8,61,30093a8d,17.033231014967896,0,95,28.765625
spectrum,2045,1362736480,512,1,8,31,ca97048d,17.041214401018806,0,130,27.60546875
spectrum,2046,1363455680,512,1,8,39,56cae17c,17.05024314497132,0,129,32.884765625
spectrum,2047,1364098000,512,1,8,64,6fb7bedd,17.059081419021823,0,102,31.7890625
spectrum,2048,1364736880,512,1,8,61,adeb3d9f,17.06623135705013,0,96,31.41015625
spectrum,2049,1365376000,512,1,8,60,92fc9910,17.07503547600936,0,86,29.021484375
spectrum,2050,1366016560,512,1,8,39,3de64e7e,17.0822553379694,0,123,40.828125
spectrum,2051,1366656480,512,1,8,63,31460fbf,17.091024440014735,0,129,39.51171875
spectrum,2052,1367376320,512,1,8,60,c4a7342d,17.100043114973232,0,98,29.0078125
spectrum,2053,1368016880,512,1,8,72,7fcb0706,17.10722990403883,0,127,38.66796875
spectrum,2054,1368656800,512,1,8,72,fa21922d,17.11608955799602,0,159,78.869140625
spectrum,2055,1369376000,512,1,8,61,9c433ca0,17.124228107044473,0,93,29.029296875
spectrum,2056,1370016800,512,1,8,39,943e3614,17.13224296295084,0,126,39.06640625
spectrum,2057,1370656800,512,1,8,72,22dbd5bd,17.14106111798901,0,161,78.20703125
spectrum,2058,1371376000,512,1,8,63,23bfb585,17.14924953202717,0,93,31.76953125
spectrum,2059,1372018400,512,1,8,31,e5cb5a03,17.15806489204988,0,130,27.607421875
spectrum,2060,1372656560,512,1,8,37,c234ff18,17.166076150955632,14,144,67.4140625
spectrum,2061,1373375680,512,1,8,40,ea6f33a6,17.17505825695116,0,129,45.150390625
spectrum,2062,1374017600,512,1,8,60,46a11123,17.183080555987544,0,89,30.0078125
spectrum,2063,1374656560,512,1,8,31,302a3810,17.19023308006581,0,138,31.177734375
spectrum,2064,1375376320,512,1,8,39,d9c16d61,17.200051006977446,0,125,36.47265625
spectrum,2065,1376016880,512,1,8,62,18fcd6a1,17.2072450700216,0,93,29.94140625
spectrum,2066,1376656800,512,1,8,62,ee3ffdc2,17.21604498103261,0,142,65.083984375
spectrum,2067,1377376000,512,1,8,63,ff0ac240,17.224308226024732,0,98,30.455078125
spectrum,2068,1378016800,512,1,8,60,27df656b,17.23224606597796,0,88,29.904296875
spectrum,2069,1378656800,512,1,8,62,be045d79,17.24108279705979,0,136,53.62109375
spectrum,2070,1379376000,512,1,8,31,310c1b18,17.24921165802516,0,125,31.125
spectrum,2071,1380016720,512,1,8,29,9f8fa0b5,17.258059820043854,0,127,25.1484375
spectrum,2072,1380657520,512,1,8,31,3ab770c7,17.266112767974846,0,133,36.2578125
spectrum,2073,1381375680,512,1,8,39,03b722f1,17.274233513046056,0,124,41.06640625
spectrum,2074,1382017760,512,1,8,40,c87a18af,17.283064233022742,0,92,31.0
spectrum,2075,1382660000,512,1,8,40,3b31e808,17.291071804007515,0,148,48.09765625
spectrum,2076,1383376960,512,1,8,62,098acba5,17.30006347806193,0,96,30.875
spectrum,2077,1384017440,512,1,8,62,dc2c7a1b,17.307234607054852,0,96,31.130859375
spectrum,2078,1384656800,512,1,8,62,07d58022,17.315237600007094,0,120,33.373046875
spectrum,2079,1385376000,512,1,8,60,f9667589,17.324119976954535,0,88,28.13671875
spectrum,2080,1386016720,512,1,8,60,ecb15a44,17.33223682595417,0,91,28.8671875
spectrum,2081,1386656800,512,1,8,62,71438395,17.34024774399586,0,121,30.51171875
spectrum,2082,1387376000,512,1,8,63,a7f19039,17.34928090602625,0,133,33.26953125
spectrum,2083,1388016800,512,1,8,31,0b134be9,17.357251998968422,0,126,30.142578125
spectrum,2084,1388657360,512,1,8,64,becebdf7,17.366066085989587,12,152,65.544921875
spectrum,2085,1389375680,512,1,8,39,874ab6e7,17.374256183975376,0,126,40.66796875
spectrum,2086,1390017760,512,1,8,63,aace329c,17.383063407964073,0,100,32.73046875
spectrum,2087,1390657520,512,1,8,39,9d0c8c77,17.391040201997384,0,150,40.44140625
spectrum,2088,1391375680,512,1,8,38,8914a787,17.40005385701079,0,126,31.1796875
spectrum,2089,1392017520,512,1,8,39,579a0f9d,17.40724172804039,0,128,32.0
spectrum,2090,1392656480,512,1,8,61,9c8c141a,17.415213873027824,0,105,31.666015625
spectrum,2091,1393375680,512,1,8,62,6ef5abf2,17.424242906970903,0,99,30.353515625
spectrum,2092,1394016480,512,1,8,64,05b181c0,17.432228868012317,0,101,32.484375
spectrum,2093,1394657760,512,1,8,37,58974369,17.44105219305493,0,149,55.77734375
spectrum,2094,1395376000,512,1,8,63,c72c13a6,17.44921339605935,0,97,31.9453125
spectrum,2095,1396016800,512,1,8,60,eb70e684,17.457248268998228,0,89,28.0625
spectrum,2096,1396657440,512,1,8,38,e0fe5ecc,17.46605590498075,0,144,53.873046875
spectrum,2097,1397375680,512,1,8,30,89607bf9,17.474240451003425,0,122,30.03125
spectrum,2098,1398016480,512,1,8,29,c7d0e62c,17.483080156962387,0,125,31.244140625
spectrum,2099,1398657520,512,1,8,40,5a1d69df,17.49106352298986,0,153,47.2265625
spectrum,2100,1399375680,512,1,8,66,7e0065ac,17.49925308895763,0,103,34.3984375
spectrum,2101,1400017760,512,1,8,37,2e8edbd2,17.50722859997768,0,125,30.181640625
spectrum,2102,1400656800,512,1,8,30,cdde4574,17.515246991999447,0,146,21.54296875
spectrum,2103,1401376000,512,1,8,60,24883f71,17.524247252964415,0,88,29.572265625
spectrum,2104,1402016800,512,1,8,62,03e2282c,17.5322506360244,0,97,30.68359375
spectrum,2105,1402656800,512,1,8,61,ed361878,17.5403095750371,0,112,30.900390625
spectrum,2106,1403376000,512,1,8,62,7a760f7e,17.549235775019042,0,90,31.1171875
spectrum,2107,1404016800,512,1,8,64,cdb89685,17.55728857195936,0,103,31.8359375
spectrum,2108,1404656800,512,1,8,62,7dd44ebb,17.566076471004635,0,109,31.578125
spectrum,2109,1405376320,512,1,8,30,d2e27e4b,17.575055871042423,0,129,24.333984375
spectrum,2110,1406017840,512,1,8,63,1701945f,17.583040409022942,0,94,30.818359375
spectrum,2111,1406657520,512,1,8,40,c7a1dfb7,17.591063380008563,0,153,49.015625
spectrum,2112,1407375680,512,1,8,31,f53f1d31,17.59912524500396,0,124,30.486328125
spectrum,2113,1408017680,512,1,8,61,35d952fa,17.60807490895968,0,90,28.212890625
spectrum,2114,1408656880,512,1,8,40,ad4f458c,17.616102549014613,0,153,58.744140625
spectrum,2115,1409376000,512,1,8,60,2c1db314,17.624299488961697,0,88,29.31640625
spectrum,2116,1410016800,512,1,8,60,b462b758,17.6322782660136,0,93,30.15625
spectrum,2117,1410656800,512,1,8,61,26c7ef70,17.64025544002652,0,98,29.78515625
spectrum,2118,1411376000,512,1,8,31,0ff54db2,17.64926464704331,0,126,31.216796875
spectrum,2119,1412016720,512,1,8,60,008e5118,17.657241040025838,0,88,27.650390625
spectrum,2120,1412656800,512,1,8,61,dd76d106,17.66530418698676,0,91,29.390625
spectrum,2121,1413376000,512,1,8,31,d9974cf0,17.674283958040178,0,105,30.8046875
spectrum,2122,1414016480,512,1,8,37,ae67dd5a,17.682287401985377,0,130,25.162109375
spectrum,2123,1414657680,512,1,8,39,9bd8b188,17.69108464801684,0,149,44.064453125
spectrum,2124,1415376000,512,1,8,62,e88479c5,17.699300243053585,0,93,32.455078125
spectrum,2125,1416016800,512,1,8,37,c0feb03a,17.70807497599162,0,122,30.775390625
spectrum,2126,1416657520,512,1,8,40,eee827a8,17.7160609170096,22,156,74.435546875
spectrum,2127,1417375680,512,1,8,60,f5e3e88d,17.724259390030056,0,91,28.970703125
spectrum,2128,1418016480,512,1,8,60,193e1692,17.73223593295552,0,89,30.837890625
spectrum,2129,1418656480,512,1,8,62,41c1c30e,17.740286175976507,0,90,29.6484375
spectrum,2130,1419375680,512,1,8,30,7bc8ba02,17.74920605297666,0,123,29.822265625
spectrum,2131,1420016480,512,1,8,29,332250c3,17.757105740951374,0,127,23.880859375
spectrum,2132,1420656480,512,1,8,29,f4de5bb2,17.765096610994078,0,118,29.9765625
spectrum,2133,1421376640,512,1,8,31,b0d747ed,17.775100760976784,0,124,30.845703125
spectrum,2134,1422017280,512,1,8,61,8295dfdc,17.78222543199081,0,99,29.37109375
spectrum,2135,1422656480,512,1,8,29,8c228652,17.79084661405068,0,123,31.162109375
spectrum,2136,1423376000,512,1,8,60,d88c1e12,17.799218415049836,0,94,29.34375
spectrum,2137,1424016480,512,1,8,64,765c4fe0,17.807234824053012,0,104,31.783203125
spectrum,2138,1424658080,512,1,8,38,e085187b,17.816060352954082,30,162,81.318359375
spectrum,2139,1425376000,512,1,8,66,94a99f1f,17.824249058030546,0,105,32.916015625
spectrum,2140,1426016800,512,1,8,62,e14d5b66,17.83224814303685,0,97,31.341796875
spectrum,2141,1426656800,512,1,8,62,e7f3ef73,17.841048024012707,0,91,30.814453125
spectrum,2142,1427376000,512,1,8,59,1beaabb4,17.849220367963426,0,87,28.99609375
spectrum,2143,1428016480,512,1,8,62,9c6dd9cd,17.857273475965485,0,90,29.373046875
spectrum,2144,1428656480,512,1,8,29,9d0eaf3a,17.86512550304178,0,122,30.296875
spectrum,2145,1429376320,512,1,8,62,7a7f397a,17.875049049966037,0,101,30.095703125
spectrum,2146,1430016880,512,1,8,61,fb915bd7,17.882255204953253,0,92,29.564453125
spectrum,2147,1430656800,512,1,8,29,8f148a01,17.89109547296539,0,125,29.798828125
spectrum,2148,1431376000,512,1,8,60,20e32e67,17.899236286990345,0,96,29.525390625
spectrum,2149,1432016480,512,1,8,62,da895a52,17.907268324983306,0,100,30.927734375
spectrum,2150,1432657760,512,1,8,43,e6260d05,17.916078445035964,0,147,22.2421875
spectrum,2151,1433376000,512,1,8,65,1768bf6b,17.924240519059822,0,103,34.01171875
spectrum,2152,1434016800,512,1,8,38,495e8127,17.932274691062048,0,125,37.3046875
spectrum,2153,1434656800,512,1,8,63,cb6e5be8,17.94025181501638,0,92,30.4609375
spectrum,2154,1435376000,512,1,8,60,615e6453,17.94923753698822,0,92,29.28515625
spectrum,2155,1436016800,512,1,8,72,9c8a5b76,17.9572652670322,0,110,39.8984375
spectrum,2156,1436656800,512,1,8,61,6491be69,17.965298376977444,0,94,31.318359375
spectrum,2157,1437376000,512,1,8,62,9184f83f,17.97507006698288,0,92,31.041015625
spectrum,2158,1438017600,512,1,8,29,441a3c13,17.982249662047252,0,122,29.2890625
spectrum,2159,1438656480,512,1,8,40,dea5c05b,17.99026399606373,0,125,39.650390625
spectrum,2160,1439376320,512,1,8,60,ec84616f,18.000052999006584,0,89,29.42578125
spectrum,2161,1440016880,512,1,8,39,bdba18e2,18.007266968954355,0,133,30.9609375
spectrum,2162,1440658400,512,1,8,43,e513d70c,18.016078170971014,0,151,56.59765625
spectrum,2163,1441375680,512,1,8,63,3e3df1b4,18.024258860037662,0,102,31.396484375
spectrum,2164,1442016480,512,1,8,63,e417b15c,18.032270419993438,0,98,31.427734375
spectrum,2165,1442656480,512,1,8,65,8a922128,18.040259946952574,0,101,33.54296875
spectrum,2166,1443375680,512,1,8,60,2dc95d39,18.04925415595062,0,121,40.185546875
spectrum,2167,1444019680,512,1,8,60,627b3073,18.057255055056885,0,88,29.091796875
spectrum,2168,1444656480,512,1,8,31,138caaa8,18.06525592401158,0,125,31.685546875
spectrum,2169,1445375680,512,1,8,37,0472a23e,18.07412610796746,0,124,30.439453125
spectrum,2170,1446018000,512,1,8,64,6a03cca0,18.083040524972603,0,106,32.638671875
spectrum,2171,1446656880,512,1,8,40,1717fd7e,18.090246870997362,0,124,35.591796875
spectrum,2172,1447376000,512,1,8,40,584ed343,18.10007895505987,0,127,42.822265625
spectrum,2173,1448016560,512,1,8,37,df250d6c,18.107140055974014,0,129,26.140625
spectrum,2174,1448656480,512,1,8,60,192221c8,18.116092676064,0,88,28.58203125
spectrum,2175,1449376000,512,1,8,63,8ea35c5a,18.125065412954427,0,102,31.587890625
spectrum,2176,1450016560,512,1,8,63,f8c703af,18.132273992989212,0,103,32.49609375
spectrum,2177,1450656480,512,1,8,62,16e25dc6,18.140266216010787,0,92,31.162109375
spectrum,2178,1451375680,512,1,8,31,ae358abc,18.14910838706419,0,126,31.33203125
spectrum,2179,1452016480,512,1,8,64,cd3fa5bd,18.157251405064017,0,94,32.541015625
spectrum,2180,1452656480,512,1,8,31,d820a871,18.16525056003593,0,125,31.427734375
spectrum,2181,1453375680,512,1,8,40,8db656e6,18.1741619319655,0,125,34.5078125
spectrum,2182,1454017680,512,1,8,64,2c371095,18.183061863062903,0,99,32.80859375
spectrum,2183,1454656880,512,1,8,61,e5055018,18.190268739010207,0,89,31.18359375
spectrum,2184,1455376000,512,1,8,39,575813d5,18.200077238027006,0,125,42.630859375
spectrum,2185,1456017680,512,1,8,39,e8014720,18.207263767020777,0,126,32.767578125
spectrum,2186,1456656480,512,1,8,64,21df87f1,18.215279303025454,0,98,32.52734375
spectrum,2187,1457376320,512,1,8,72,45692b8b,18.225065871025436,0,110,39.384765625
spectrum,2188,1458016880,512,1,8,62,79fd8e0a,18.232295730966143,0,93,30.953125
spectrum,2189,1458656800,512,1,8,31,c4e1271e,18.24017038103193,0,127,30.171875
spectrum,2190,1459376000,512,1,8,63,ee5ee6dc,18.249270871048793,0,98,31.77734375
spectrum,2191,1460016800,512,1,8,63,8e82e2da,18.257244108011946,0,99,30.84375
spectrum,2192,1460656800,512,1,8,62,7dd9e4e7,18.265282317064703,0,98,30.654296875
spectrum,2193,1461376000,512,1,8,40,c59a4ee6,18.274261277052574,0,129,44.224609375
spectrum,2194,1462016800,512,1,8,33,a07dd8d6,18.28307736897841,0,123,36.6328125
spectrum,2195,1462657600,512,1,8,31,f1a3bf41,18.290252955979668,0,126,30.5625
spectrum,2196,1463375680,512,1,8,60,d4a7893b,18.29912365099881,0,90,29.640625
spectrum,2197,1464021520,512,1,8,72,4c3188f2,18.30810287105851,0,116,39.486328125
spectrum,2198,1464656880,512,1,8,31,ab1c6ee6,18.31529757496901,0,125,30.771484375
spectrum,2199,1465376320,512,1,8,62,1f35d601,18.324261986999772,0,93,29.357421875
spectrum,2200,1466016480,512,1,8,61,60dfc873,18.332231856998987,0,92,30.130859375
spectrum,2201,1466656480,512,1,8,63,36bc837c,18.340261060046032,0,90,30.646484375
spectrum,2202,1467375680,512,1,8,60,e2b8fb39,18.349279284011573,0,88,29.36328125
spectrum,2203,1468016480,512,1,8,29,936b95fd,18.357145227026194,0,122,29.314453125
spectrum,2204,1468656480,512,1,8,62,bf7af014,18.36528249399271,0,92,30.171875
spectrum,2205,1469376320,512,1,8,39,666013e8,18.37425928004086,0,88,30.615234375
spectrum,2206,1470016880,512,1,8,39,87c5bc53,18.382227477035485,0,124,39.796875
spectrum,2207,1470657440,512,1,8,62,b4ac67e0,18.39105442899745,0,127,33.6015625
spectrum,2208,1471375680,512,1,8,59,c02f7ab6,18.399239026010036,0,89,28.794921875
spectrum,2209,1472018640,512,1,8,62,cc277c4b,18.408084272989072,0,88,30.677734375
spectrum,2210,1472656880,512,1,8,38,b78d45c2,18.415121878962964,0,127,30.826171875
spectrum,2211,1473376000,512,1,8,35,05e0c083,18.42507870902773,0,118,36.07421875
spectrum,2212,1474017600,512,1,8,40,b5e43f39,18.433080349001102,0,128,41.8203125
spectrum,2213,1474656560,512,1,8,64,f7a4a8e1,18.440259043010883,0,94,32.328125
spectrum,2214,1475375680,512,1,8,61,7d5302ca,18.44923979602754,0,91,29.93359375
spectrum,2215,1476016480,512,1,8,40,2cac8774,18.45725820795633,0,120,35.236328125
spectrum,2216,1476657760,512,1,8,42,53ddb103,18.46531507303007,0,147,21.984375
spectrum,2217,1477376000,512,1,8,63,764018ea,18.474258846021257,0,90,30.646484375
spectrum,2218,1478016800,512,1,8,62,c5067a25,18.48225420503877,0,97,30.544921875
spectrum,2219,1478657440,512,1,8,38,a9c3dabf,18.490262317005545,0,126,31.322265625
spectrum,2220,1479375680,512,1,8,64,7451ab9a,18.49927074299194,0,98,33.365234375
spectrum,2221,1480016480,512,1,8,29,afd19262,18.508107383036986,0,93,22.28125
spectrum,2222,1480657840,512,1,8,40,3f829974,18.516099596046843,0,145,48.927734375
spectrum,2223,1481376000,512,1,8,64,1d2ed772,18.524282108061016,0,105,31.501953125
spectrum,2224,1482017760,512,1,8,63,663ba43e,18.533068503951654,0,99,32.203125
spectrum,2225,1482656880,512,1,8,37,71b80fb6,18.540152247063816,0,122,30.771484375
spectrum,2226,1483376000,512,1,8,60,d9aeb85a,18.54924675601069,0,90,29.380859375
spectrum,2227,1484016800,512,1,8,72,8e782921,18.557298491010442,0,118,39.208984375
spectrum,2228,1484660240,512,1,8,43,dd9ee9cd,18.56534992600791,0,147,22.7734375
spectrum,2229,1485376000,512,1,8,40,eb0b2e39,18.57426203903742,0,131,42.20703125
spectrum,2230,1486017760,512,1,8,63,a1a0fb66,18.583061840035953,0,93,32.2890625
spectrum,2231,1486658080,512,1,8,31,d636ea91,18.591081895050593,0,126,31.0625
spectrum,2232,1487376000,512,1,8,31,c4ee1a77,18.5992592680268,0,125,30.685546875
spectrum,2233,1488017760,512,1,8,31,00fe73fc,18.6080823430093,0,125,30.236328125
spectrum,2234,1488657840,512,1,8,43,0b6e3464,18.6160999230342,0,147,21.591796875
spectrum,2235,1489376000,512,1,8,64,9a031343,18.624281193013303,0,95,31.501953125
spectrum,2236,1490017440,512,1,8,64,116da4a7,18.633053521974944,0,101,31.9453125
spectrum,2237,1490656560,512,1,8,72,ede9044c,18.640268553979695,0,119,39.08984375
spectrum,2238,1491375680,512,1,8,62,883d62ee,18.649256590986624,0,98,30.158203125
spectrum,2239,1492016480,512,1,8,63,92c18a1d,18.65727472305298,0,94,30.640625
spectrum,2240,1492656480,512,1,8,63,00248c5d,18.66526816796977,0,96,32.408203125
spectrum,2241,1493375680,512,1,8,64,b046ee26,18.674280751030892,0,92,31.478515625
spectrum,2242,1494016480,512,1,8,38,a096928d,18.68228349403944,0,132,28.48046875
spectrum,2243,1494656480,512,1,8,40,0b57ba0a,18.691098232055083,0,123,35.068359375
spectrum,2244,1495376000,512,1,8,37,140a0106,18.699253814062104,0,124,30.0078125
spectrum,2245,1496016480,512,1,8,63,42536ced,18.707259632996283,0,100,30.30078125
spectrum,2246,1496657760,512,1,8,62,ee5f1576,18.716102694976144,0,146,68.318359375
spectrum,2247,1497376000,512,1,8,72,1833aacb,18.724275770015083,0,125,38.5859375
spectrum,2248,1498016800,512,1,8,36,4221f392,18.733094305964187,0,122,38.7578125
spectrum,2249,1498657600,512,1,8,61,539af31d,18.740268490975723,0,91,28.83984375
spectrum,2250,1499375680,512,1,8,31,601d0b67,18.75008080806583,0,125,54.810546875
spectrum,2251,1500016560,512,1,8,31,f968ba14,18.75716132496018,0,125,30.953125
spectrum,2252,1500656480,512,1,8,31,e9edb6f9,18.765215946012177,0,126,30.845703125
spectrum,2253,1501375680,512,1,8,63,038f611d,18.774266290012747,0,95,31.240234375
spectrum,2254,1502016480,512,1,8,60,33a3ea0d,18.782095124013722,0,88,28.771484375
spectrum,2255,1502656480,512,1,8,65,7d6146e2,18.790250435005873,0,102,33.07421875
spectrum,2256,1503376720,512,1,8,31,cab7e185,18.800081236986443,0,125,29.828125
spectrum,2257,1504017200,512,1,8,38,fba86d41,18.80714765796438,0,127,30.234375
spectrum,2258,1504662160,512,1,8,31,2acca563,18.81609756196849,0,124,32.65234375
spectrum,2259,1505376000,512,1,8,63,73342250,18.824249456985854,0,96,31.048828125
spectrum,2260,1506016800,512,1,8,63,82992e02,18.832241849973798,0,95,31.1875
spectrum,2261,1506657760,512,1,8,63,0660cf20,18.841058172052726,0,109,35.623046875
spectrum,2262,1507375680,512,1,8,29,62d541c8,18.849124906002544,0,122,29.646484375
spectrum,2263,1508016480,512,1,8,72,75ec6215,18.857281349017285,0,118,38.791015625
spectrum,2264,1508656480,512,1,8,47,0d4a0673,18.865269653964788,0,123,42.078125
spectrum,2265,1509375680,512,1,8,31,5c5264eb,18.874117666040547,0,120,31.34375
spectrum,2266,1510016480,512,1,8,63,1cdd675d,18.882125057047233,0,105,31.130859375
spectrum,2267,1510656480,512,1,8,63,ebe02c40,18.890249339980073,0,94,31.359375
spectrum,2268,1511296320,512,1,8,64,d6831fdd,18.898290173965506,0,104,32.3671875
spectrum,2269,1511936880,512,1,8,64,a4d0aba5,18.907109051011503,19,129,81.85546875
spectrum,2270,1512576880,512,1,8,61,dcddf724,18.915121591999196,0,87,30.17578125
spectrum,2271,1513296000,512,1,8,62,6ad189c7,18.92332051601261,0,91,31.369140625
spectrum,2272,1513936560,512,1,8,61,33ba7e0a,18.93128917401191,0,92,28.8359375
spectrum,2273,1514577760,512,1,8,64,e944a6f9,18.939281726954505,0,110,31.69140625
spectrum,2274,1515296000,512,1,8,63,aa448857,18.94814039906487,0,94,30.96484375
spectrum,2275,1515936800,512,1,8,40,1f581428,18.956309176050127,0,125,43.2578125
spectrum,2276,1516576800,512,1,8,62,309b14d3,18.96413657697849,0,90,31.060546875
spectrum,2277,1517296000,512,1,8,63,ce1194e4,18.97326406801585,0,93,31.138671875
spectrum,2278,1517936800,512,1,8,61,e899c9b4,18.981242935056798,0,88,29.0
spectrum,2279,1518576800,512,1,8,65,9e3afb58,18.989294038969092,0,102,32.58984375
spectrum,2280,1519296000,512,1,8,72,9e7681e4,18.999092068057507,0,116,40.12890625
spectrum,2281,1519937920,512,1,8,62,e720a39c,19.006266964017414,0,92,29.56640625
spectrum,2282,1520576880,512,1,8,62,48ac219b,19.01418748102151,0,93,30.9921875
spectrum,2283,1521296000,512,1,8,63,dd1f997a,19.023290134966373,0,91,30.681640625
spectrum,2284,1521936560,512,1,8,58,d7bc4efe,19.032089504995383,36,139,90.64453125
spectrum,2285,1522578480,512,1,8,62,ef66cd4b,19.040094231022522,0,94,29.970703125
spectrum,2286,1523296000,512,1,8,61,996f8dab,19.04827014100738,0,95,30.03125
spectrum,2287,1523936800,512,1,8,60,c501c513,19.05628915503621,0,88,28.9921875
spectrum,2288,1524576800,512,1,8,62,091bc85d,19.06415771297179,0,96,30.591796875
spectrum,2289,1525296000,512,1,8,37,3bf8f7df,19.074128829990514,0,127,28.52734375
spectrum,2290,1525937840,512,1,8,64,34d4c57f,19.081284299027175,0,97,32.375
spectrum,2291,1526576480,512,1,8,31,cc6976c5,19.089118122006766,0,124,31.146484375
spectrum,2292,1527295680,512,1,8,72,f7a06b3e,19.098247837042436,0,120,42.177734375
spectrum,2293,1527937760,512,1,8,31,cd1f6be3,19.10627917398233,0,129,29.072265625
spectrum,2294,1528576880,512,1,8,60,a4bfaf02,19.114285844028927,0,89,28.7109375
spectrum,2295,1529296000,512,1,8,40,52111505,19.123268880997784,0,125,42.875
spectrum,2296,1529936800,512,1,8,38,62a8d8d9,19.131288415985182,0,124,37.880859375
spectrum,2297,1530576800,512,1,8,61,3f607b3f,19.14008288597688,0,87,28.03515625
spectrum,2298,1531296000,512,1,8,63,f21f18b4,19.14908673299942,20,138,88.26171875
spectrum,2299,1531936640,512,1,8,61,abb3dc1d,19.156267269980162,0,99,28.63671875
spectrum,2300,1532576480,512,1,8,61,66c7de7e,19.16428809601348,0,94,30.193359375
spectrum,2301,1533295680,512,1,8,61,b3326f66,19.173126870999113,0,90,30.1796875
spectrum,2302,1533936480,512,1,8,38,b7cbdc6c,19.18112345202826,0,131,27.146484375
spectrum,2303,1534576480,512,1,8,72,72bf1260,19.189141383045353,0,120,39.068359375
spectrum,2304,1535295680,512,1,8,37,0b534406,19.198146031005308,0,130,24.83203125
spectrum,2305,1535937680,512,1,8,60,5692c8b8,19.206316621042788,0,86,28.59765625
spectrum,2306,1536576880,512,1,8,65,e1dfa536,19.214295989018865,0,99,33.5546875
spectrum,2307,1537296000,512,1,8,29,8f725552,19.224105700966902,0,125,30.158203125
spectrum,2308,1537937520,512,1,8,38,d48d2a14,19.231290805968456,0,122,36.181640625
spectrum,2309,1538576560,512,1,8,62,73756d91,19.239172318950295,0,94,30.224609375
spectrum,2310,1539296320,512,1,8,60,86d21b79,19.248294610064477,0,89,28.791015625
spectrum,2311,1539936880,512,1,8,61,d31a4726,19.256289627985097,0,95,30.41015625
spectrum,2312,1540576800,512,1,8,64,ff15b510,19.264169148053043,0,98,33.142578125
spectrum,2313,1541296000,512,1,8,64,b1f766bf,19.27414889098145,0,97,33.34765625
spectrum,2314,1541936800,512,1,8,63,3633d0d1,19.281280113966204,0,98,31.12890625
spectrum,2315,1542576800,512,1,8,62,31b6de65,19.289280302007683,0,96,30.673828125
spectrum,2316,1543296000,512,1,8,30,2c28fd3a,19.298147820984013,0,127,29.486328125
spectrum,2317,1543936800,512,1,8,61,ee8ce00a,19.307079361053184,0,88,29.841796875
spectrum,2318,1544577600,512,1,8,64,de902e26,19.31431242695544,0,93,31.62890625
spectrum,2319,1545295680,512,1,8,64,7ca40059,19.323176178033464,0,99,31.25
spectrum,2320,1545938080,512,1,8,36,52905a6a,19.332110753981397,0,124,39.291015625
spectrum,2321,1546576880,512,1,8,61,8ce17264,19.339149493025616,0,86,29.048828125
spectrum,2322,1547296000,512,1,8,62,f67695da,19.34827359695919,0,93,31.591796875
spectrum,2323,1547936560,512,1,8,72,048413e4,19.356276670005172,0,119,41.45703125
spectrum,2324,1548576480,512,1,8,62,175b2f10,19.36417503503617,0,98,30.84765625
spectrum,2325,1549295680,512,1,8,41,d19f82d0,19.37315486604348,0,125,35.87109375
spectrum,2326,1549936480,512,1,8,72,7dc347ca,19.381147079053335,0,115,39.515625
spectrum,2327,1550576480,512,1,8,59,063f78a7,19.39013969397638,0,84,27.806640625
spectrum,2328,1551296000,512,1,8,30,2654906e,19.398166993050836,0,119,31.17578125
spectrum,2329,1551936480,512,1,8,61,5d326e2b,19.406205252977088,0,92,28.95703125
spectrum,2330,1552577680,512,1,8,31,633f260c,19.414290621993132,0,128,28.65234375
spectrum,2331,1553296000,512,1,8,64,fa6717f3,19.423290241044015,0,95,31.603515625
spectrum,2332,1553937760,512,1,8,40,34a93b65,19.432086004060693,0,126,42.125
spectrum,2333,1554576880,512,1,8,63,c1bd3d9d,19.439308981061913,0,97,32.46484375
spectrum,2334,1555296000,512,1,8,35,77855817,19.44910086900927,0,121,36.986328125
spectrum,2335,1555937600,512,1,8,72,cec9b8d6,19.45630974904634,0,114,39.41796875
spectrum,2336,1556576480,512,1,8,61,02b997fc,19.46421374497004,0,93,30.2578125
spectrum,2337,1557295680,512,1,8,38,a922d4f5,19.473193004960194,0,128,29.81640625
spectrum,2338,1557936480,512,1,8,60,6d19a18d,19.481174918008037,0,88,29.763671875
spectrum,2339,1558576480,512,1,8,31,664ec4bc,19.489182960009202,0,123,31.4453125
spectrum,2340,1559295680,512,1,8,60,4bfe3a85,19.498172380030155,0,90,29.0625
spectrum,2341,1559936480,512,1,8,61,d9df25e6,19.506164673017338,0,101,30.294921875
spectrum,2342,1560577760,512,1,8,62,ae888d6d,19.514270019019023,0,96,31.142578125
spectrum,2343,1561296000,512,1,8,65,858903c0,19.52326659206301,0,99,33.044921875
spectrum,2344,1561936800,512,1,8,29,72500899,19.532077844021842,0,126,28.953125
spectrum,2345,1562577520,512,1,8,60,2daa6b3f,19.539274732000194,0,85,29.21484375
spectrum,2346,1563295680,512,1,8,61,579833e7,19.54815155803226,0,88,28.822265625
spectrum,2347,1563937680,512,1,8,62,355f8f50,19.55630035698414,0,97,30.19921875
spectrum,2348,1564576880,512,1,8,64,4c4223b5,19.564283824060112,0,95,31.927734375
spectrum,2349,1565296000,512,1,8,63,031707de,19.573147193994373,0,95,31.455078125
spectrum,2350,1565936800,512,1,8,36,76a205e7,19.581291293958202,0,126,38.130859375
spectrum,2351,1566576800,512,1,8,62,930928b5,19.589177086018026,0,93,31.72265625
spectrum,2352,1567296000,512,1,8,72,eed5fbcf,19.599099369952455,0,126,40.23828125
spectrum,2353,1567937840,512,1,8,60,6408dece,19.606288442970254,0,89,29.80859375
spectrum,2354,1568578400,512,1,8,64,d0569d42,19.615091118961573,0,97,32.26171875
spectrum,2355,1569296320,512,1,8,31,1d5df302,19.623294410994276,0,128,30.431640625
spectrum,2356,1569937760,512,1,8,60,dd8dca07,19.63126811897382,0,92,29.369140625
spectrum,2357,1570577440,512,1,8,62,be05906c,19.63927478902042,0,92,30.677734375
spectrum,2358,1571295680,512,1,8,60,630982a8,19.648277253028937,0,88,29.111328125
spectrum,2359,1571937760,512,1,8,72,d907740c,19.656283973017707,0,111,38.505859375
spectrum,2360,1572580480,512,1,8,61,28047b86,19.66508744005114,0,97,31.099609375
spectrum,2361,1573295680,512,1,8,72,14e6016f,19.673148512956686,0,117,37.837890625
spectrum,2362,1573936480,512,1,8,37,b2d5663d,19.681282103061676,0,124,38.732421875
spectrum,2363,1574576480,512,1,8,64,06dc3319,19.68917585001327,0,89,31.552734375
spectrum,2364,1575295680,512,1,8,61,f69d3a50,19.698164668050595,0,90,29.6015625
spectrum,2365,1575936480,512,1,8,63,339b7242,19.706163964001462,0,94,30.1875
spectrum,2366,1576576480,512,1,8,31,c6b264e2,19.714282975997776,0,124,30.27734375
spectrum,2367,1577296000,512,1,8,72,e1aa1b30,19.723282163962722,0,111,40.5625
spectrum,2368,1577936560,512,1,8,60,fa289796,19.731270449003205,0,88,30.76953125
spectrum,2369,1578577760,512,1,8,62,08f0728e,19.73930721601937,0,99,30.81640625
spectrum,2370,1579296000,512,1,8,63,8ea73f50,19.748228607000783,0,91,31.83984375
spectrum,2371,1579938400,512,1,8,37,1a9ade94,19.75631395599339,0,119,29.986328125
spectrum,2372,1580576560,512,1,8,62,3da7dc64,19.76417570200283,0,93,30.08984375
spectrum,2373,1581295680,512,1,8,72,d4932715,19.773268767050467,0,113,40.087890625
spectrum,2374,1581936480,512,1,8,60,8386848f,19.781169726978987,0,99,28.76953125
spectrum,2375,1582576480,512,1,8,30,7af5769b,19.789176907972433,0,123,29.591796875
spectrum,2376,1583295680,512,1,8,72,d15d5931,19.799093201057985,0,117,39.490234375
spectrum,2377,1583937600,512,1,8,72,aafb56ec,19.80637356697116,0,120,40.271484375
spectrum,2378,1584576560,512,1,8,63,7fc43252,19.814198883017525,0,97,31.541015625
spectrum,2379,1585296960,512,1,8,31,c2042734,19.824158307979815,0,125,30.158203125
spectrum,2380,1585937600,512,1,8,37,cc8fd6d6,19.831177238957025,0,124,30.205078125
spectrum,2381,1586577680,512,1,8,62,a4e5c54e,19.839325106004253,0,96,30.640625
spectrum,2382,1587296000,512,1,8,61,8c3cc709,19.848151618032716,0,92,28.978515625
spectrum,2383,1587937440,512,1,8,61,8993542e,19.85630567604676,0,89,29.421875
spectrum,2384,1588577840,512,1,8,64,6dd0f2b4,19.864274414954707,0,97,32.10546875
spectrum,2385,1589296000,512,1,8,62,9a502074,19.87313747499138,0,96,30.154296875
spectrum,2386,1589936800,512,1,8,36,3134a8a3,19.881301081972197,0,124,38.392578125
spectrum,2387,1590576800,512,1,8,61,d884a667,19.89009617397096,12,133,75.1796875
spectrum,2388,1591296000,512,1,8,60,ff38fe52,19.898146716994233,0,95,29.255859375
spectrum,2389,1591936800,512,1,8,63,7906eae1,19.90618637902662,0,96,31.7421875
spectrum,2390,1592576800,512,1,8,72,a11e9ca9,19.914309137966484,0,118,39.876953125
spectrum,2391,1593216000,512,1,8,64,54e487ec,19.922324754996225,0,93,31.8125
spectrum,2392,1593856560,512,1,8,65,38b01e8a,19.930122360005043,0,99,33.740234375
spectrum,2393,1594496480,512,1,8,64,e841a06d,19.938163685030304,0,97,31.189453125
spectrum,2394,1595216320,512,1,8,60,1a9d6d77,19.9472781609511,0,87,28.857421875
spectrum,2395,1595856880,512,1,8,63,34b8d307,19.955300139961764,0,94,30.64453125
spectrum,2396,1596497440,512,1,8,64,5d88782b,19.963322650059126,0,100,32.0078125
spectrum,2397,1597215680,512,1,8,72,320c0549,19.97229826299008,0,109,39.470703125
spectrum,2398,1597856480,512,1,8,31,fa8f0d7b,19.980144419008866,0,130,27.15234375
spectrum,2399,1598496480,512,1,8,61,3348bb48,19.988201093976386,0,89,29.5078125
spectrum,2400,1599215680,512,1,8,60,dd7d1a68,19.997162790969014,0,95,29.244140625
spectrum,2401,1599856480,512,1,8,61,4f97b860,20.005220688064583,0,89,28.890625
spectrum,2402,1600496480,512,1,8,72,292b16de,20.01324643404223,0,117,41.716796875
spectrum,2403,1601215680,512,1,8,30,651ae8fa,20.02312768099364,0,126,30.267578125
spectrum,2404,1601857520,512,1,8,63,a7fb38b2,20.030290693975985,0,100,31.296875
spectrum,2405,1602496480,512,1,8,64,2573342f,20.038170804968104,0,97,32.619140625
spectrum,2406,1603216320,512,1,8,64,3516011a,20.047282034065574,0,94,31.408203125
spectrum,2407,1603856800,512,1,8,39,b025ba43,20.055335712968372,0,104,32.1484375
spectrum,2408,1604496800,512,1,8,63,24ef7ff2,20.06409913499374,0,97,31.31640625
spectrum,2409,1605216000,512,1,8,38,c20d1e35,20.07230833801441,0,121,38.759765625
spectrum,2410,1605859680,512,1,8,62,ecb84903,20.08026770898141,0,95,30.361328125
spectrum,2411,1606496480,512,1,8,60,d69104f0,20.08817270596046,0,91,28.810546875
spectrum,2412,1607215680,512,1,8,62,b34c448c,20.097154009970836,0,91,29.662109375
spectrum,2413,1607856480,512,1,8,61,388c1204,20.10517804301344,0,89,30.955078125
spectrum,2414,1608496480,512,1,8,63,b9e66b44,20.113179152016528,0,95,31.421875
spectrum,2415,1609215680,512,1,8,72,454f8b89,20.122179041965865,0,120,38.337890625
spectrum,2416,1609858080,512,1,8,62,437cb263,20.131170946056955,0,96,31.826171875
spectrum,2417,1610496880,512,1,8,61,cede302e,20.138176321052015,0,93,30.05859375
spectrum,2418,1611216640,512,1,8,37,2a881a6a,20.147280527977273,0,122,30.611328125
spectrum,2419,1611857440,512,1,8,61,4d3a698d,20.15531586203724,0,93,30.091796875
spectrum,2420,1612496800,512,1,8,64,b9923f2b,20.16408927203156,0,96,32.580078125
spectrum,2421,1613216000,512,1,8,39,18fe9b61,20.172347518033348,0,122,41.822265625
spectrum,2422,1613856560,512,1,8,64,4e958bdd,20.180185028002597,0,96,32.984375
spectrum,2423,1614496480,512,1,8,39,ff4e5cec,20.18829920096323,0,124,39.63671875
spectrum,2424,1615215680,512,1,8,62,45211379,20.197160467971116,0,92,29.697265625
spectrum,2425,1615856480,512,1,8,63,3521bf8e,20.205195953021757,0,94,30.56640625
spectrum,2426,1616496480,512,1,8,72,f93b4775,20.21317297697533,0,116,41.0234375
spectrum,2427,1617215680,512,1,8,72,e4c257e6,20.222155221970752,0,112,38.916015625
spectrum,2428,1617858080,512,1,8,64,5ac54273,20.230314822052605,0,99,33.2734375
spectrum,2429,1618496880,512,1,8,72,0e035212,20.238320218981244,0,114,39.80859375
spectrum,2430,1619216000,512,1,8,29,6cf5ce3c,20.248108951025642,0,120,31.791015625
spectrum,2431,1619857520,512,1,8,72,59d1844c,20.255330145009793,0,116,39.419921875
spectrum,2432,1620496480,512,1,8,62,e72a1ca1,20.263160711037926,0,91,31.486328125
spectrum,2433,1621216320,512,1,8,63,d7526a00,20.27231907006353,0,94,31.626953125
spectrum,2434,1621856880,512,1,8,61,2e8d976d,20.280179633991793,0,95,28.896484375
spectrum,2435,1622496800,512,1,8,60,d9f4497d,20.28822318301536,0,96,29.8203125
spectrum,2436,1623216000,512,1,8,61,3e715dd8,20.297148552024737,0,90,29.94140625
spectrum,2437,1623856800,512,1,8,39,e4f215fe,20.305157014983706,0,125,31.984375
spectrum,2438,1624497360,512,1,8,62,bd3afa18,20.31327283103019,0,93,32.064453125
spectrum,2439,1625216320,512,1,8,72,91555e58,20.32231903797947,0,113,40.11328125
spectrum,2440,1625860000,512,1,8,72,e8a793e3,20.33031754300464,0,109,39.392578125
spectrum,2441,1626496800,512,1,8,60,a06ee79f,20.338180560967885,0,88,28.23828125
spectrum,2442,1627216000,512,1,8,61,4ac0190b,20.347144511993974,0,90,30.84765625
spectrum,2443,1627857760,512,1,8,64,c8960de5,20.35532873799093,0,96,32.03125
spectrum,2444,1628496560,512,1,8,62,73d1ca46,20.363188460003585,0,86,31.59765625
spectrum,2445,1629216640,512,1,8,61,3e961377,20.372385672060773,0,90,28.5859375
spectrum,2446,1629857200,512,1,8,60,57788339,20.380212482064962,0,88,28.765625
spectrum,2447,1630496800,512,1,8,62,a2a29961,20.38817036896944,0,96,29.638671875
spectrum,2448,1631216000,512,1,8,31,32835793,20.397181479958817,0,129,28.490234375
spectrum,2449,1631856720,512,1,8,63,cedc6447,20.405165876960382,0,87,31.1796875
spectrum,2450,1632497440,512,1,8,39,a1ca58aa,20.413287464994937,0,125,39.78515625
spectrum,2451,1633215680,512,1,8,30,c6597e13,20.422174490988255,0,124,29.921875
spectrum,2452,1633856480,512,1,8,65,da55633d,20.430171611951664,0,99,33.392578125
spectrum,2453,1634498080,512,1,8,62,d8cbd32c,20.438325360999443,0,90,29.5234375
spectrum,2454,1635216000,512,1,8,60,27515b22,20.447161499992944,0,93,29.35546875
spectrum,2455,1635857440,512,1,8,21,1bef2d85,20.456138525973074,0,134,31.591796875
spectrum,2456,1636496560,512,1,8,63,6a5eee83,20.46320699097123,0,98,31.353515625
spectrum,2457,1637215680,512,1,8,34,a60d131e,20.47312654997222,0,118,35.34765625
spectrum,2458,1637857600,512,1,8,62,0d563789,20.4803118359996,0,93,30.08984375
spectrum,2459,1638496480,512,1,8,63,7259e3bf,20.48816714901477,0,92,31.423828125
spectrum,2460,1639215680,512,1,8,30,2fae154a,20.49715004605241,0,123,29.71875
spectrum,2461,1639857680,512,1,8,58,916c0083,20.505300328019075,0,92,27.8046875
spectrum,2462,1640496880,512,1,8,29,893b3c25,20.513151003047824,0,121,29.4609375
spectrum,2463,1641216640,512,1,8,72,0788a8a9,20.522321213968098,0,119,39.009765625
spectrum,2464,1641857520,512,1,8,31,761b2ca8,20.530172709957696,0,98,17.763671875
spectrum,2465,1642497440,512,1,8,39,83c671d3,20.539114168961532,0,126,42.796875
spectrum,2466,1643215680,512,1,8,60,df463693,20.5471808220027,0,92,30.0859375
spectrum,2467,1643856480,512,1,8,29,9dc8b4d4,20.556105248979293,0,125,31.78125
spectrum,2468,1644497600,512,1,8,63,faa5ddfe,20.56327240006067,0,94,30.3203125
spectrum,2469,1645215680,512,1,8,29,430787eb,20.572211605031043,0,122,29.236328125
spectrum,2470,1645861520,512,1,8,64,37b76cb4,20.581099141039886,0,131,37.716796875
spectrum,2471,1646496880,512,1,8,31,558baeaa,20.588218581979163,0,130,28.533203125
spectrum,2472,1647216000,512,1,8,60,d20b24aa,20.597212170017883,0,98,28.947265625
spectrum,2473,1647856800,512,1,8,62,5ae6b7f9,20.605224160011858,0,91,30.037109375
spectrum,2474,1648496800,512,1,8,62,8eee895a,20.61316175898537,0,102,30.88671875
spectrum,2475,1649216000,512,1,8,38,f83ac5ee,20.622183138970286,0,126,31.16796875
spectrum,2476,1649856720,512,1,8,64,5f130bbe,20.630164350033738,0,97,32.50390625
spectrum,2477,1650500960,512,1,8,30,043804a8,20.63830842997413,0,126,27.66796875
spectrum,2478,1651216320,512,1,8,31,7efeb16e,20.647294203052297,0,124,29.98828125
spectrum,2479,1651857440,512,1,8,29,6a34c147,20.656084746005945,0,125,30.521484375
spectrum,2480,1652497200,512,1,8,60,f4cd6880,20.66316773800645,0,86,30.06640625
spectrum,2481,1653215680,512,1,8,63,cbf05b03,20.672205268056132,0,92,31.359375
spectrum,2482,1653857760,512,1,8,60,31eb56e7,20.68028226098977,0,93,28.548828125
spectrum,2483,1654496880,512,1,8,61,e7dfc612,20.688182158977725,0,97,28.5
spectrum,2484,1655216000,512,1,8,72,6ceea8aa,20.697188160032965,0,116,39.859375
spectrum,2485,1655856800,512,1,8,64,522d2417,20.705165895051323,0,101,32.080078125
spectrum,2486,1656496800,512,1,8,64,e847f676,20.713184908032417,0,96,31.509765625
spectrum,2487,1657216000,512,1,8,60,929d3a03,20.722184036043473,0,91,28.802734375
spectrum,2488,1657856800,512,1,8,72,103b50b1,20.730182450963184,0,123,40.775390625
spectrum,2489,1658496800,512,1,8,59,7910b243,20.73910457303282,0,93,29.109375
spectrum,2490,1659216000,512,1,8,72,0edd75c8,20.747292325017042,0,122,43.037109375
spectrum,2491,1659856560,512,1,8,38,8e556aa5,20.75519517902285,0,124,30.466796875
spectrum,2492,1660497680,512,1,8,61,a7994fc8,20.763291607960127,0,94,30.50390625
spectrum,2493,1661216000,512,1,8,62,2aa0e515,20.77221060404554,0,92,30.857421875
spectrum,2494,1661858720,512,1,8,60,dfd544ba,20.780312894959934,0,90,29.423828125
spectrum,2495,1662496560,512,1,8,64,e5773bd7,20.788144113030285,0,98,33.130859375
spectrum,2496,1663215680,512,1,8,60,f7a17b9b,20.797161626047455,0,92,28.7734375
spectrum,2497,1663856480,512,1,8,62,72c729fe,20.805237366002984,0,88,30.095703125
spectrum,2498,1664496480,512,1,8,60,8bb2f0e0,20.813169816043228,0,95,28.388671875
spectrum,2499,1665215680,512,1,8,63,e9cf003b,20.822188280057162,0,97,31.697265625
spectrum,2500,1665856480,512,1,8,61,053ef363,20.83016057498753,0,89,30.23828125
spectrum,2501,1666499920,512,1,8,64,45aae325,20.83818199299276,0,99,31.77734375
spectrum,2502,1667216640,512,1,8,60,2865e12a,20.847314332961105,0,93,28.240234375
spectrum,2503,1667856800,512,1,8,60,2667d9b6,20.855240639997646,0,89,29.560546875
spectrum,2504,1668497440,512,1,8,62,70478def,20.863301111967303,0,90,30.958984375
spectrum,2505,1669215680,512,1,8,72,d4104566,20.872256728005596,0,119,40.06640625
spectrum,2506,1669856480,512,1,8,60,ed709e11,20.88108469103463,0,89,29.58203125
spectrum,2507,1670497520,512,1,8,30,b489b661,20.888302357983775,0,122,30.19140625
spectrum,2508,1671215680,512,1,8,31,f4a87eab,20.8971730429912,0,131,25.11328125
spectrum,2509,1671856480,512,1,8,63,ac59de83,20.906994746997952,0,92,30.37890625
spectrum,2510,1672496480,512,1,8,60,4668f17a,20.913182795979083,0,92,29.58203125
spectrum,2511,1673215680,512,1,8,61,1a0e8eca,20.922643727972172,0,87,29.4453125
spectrum,2512,1673856480,512,1,8,63,d1fc719d,20.930189304985106,0,95,31.728515625
spectrum,2513,1674496480,512,1,8,36,fa6126d1,20.938216103008017,0,122,38.8046875
spectrum,2514,1675216320,512,1,8,60,6d76bac4,20.94730999006424,0,90,29.404296875
spectrum,2515,1675856880,512,1,8,63,2148c431,20.95517580397427,0,98,32.232421875
spectrum,2516,1676496800,512,1,8,60,7c4e98ec,20.96331902197562,0,87,28.720703125
spectrum,2517,1677216000,512,1,8,60,bf664ae3,20.972330352989957,0,89,30.095703125
spectrum,2518,1677856560,512,1,8,62,a6152213,20.980163634056225,0,93,31.673828125
spectrum,2519,1678496480,512,1,8,65,626a3e62,20.98822670103982,0,98,33.25390625
spectrum,2520,1679215680,512,1,8,63,4e924d86,20.997213355032727,0,99,32.1796875
spectrum,2521,1679856480,512,1,8,61,ed9ebe5e,21.005260330974124,0,90,29.7109375
spectrum,2522,1680496480,512,1,8,59,08802e23,21.01320691697765,0,93,28.833984375
spectrum,2523,1681215680,512,1,8,72,69929205,21.022268243017606,0,121,38.7734375
spectrum,2524,1681856480,512,1,8,63,ecf2f2a0,21.030173741048202,0,91,30.58984375
spectrum,2525,1682496480,512,1,8,60,4c17105f,21.038253349019215,0,98,29.98828125
spectrum,2526,1683215680,512,1,8,33,e45c5264,21.04814767104108,0,122,35.46484375
spectrum,2527,1683857600,512,1,8,61,9197ac82,21.055383090977557,0,92,30.041015625
spectrum,2528,1684496560,512,1,8,39,200d6174,21.063295603031293,0,125,39.796875
spectrum,2529,1685216320,512,1,8,72,d459a74c,21.072363971965387,0,116,37.95703125
spectrum,2530,1685856880,512,1,8,61,dd1ae635,21.080202003009617,0,90,30.181640625
spectrum,2531,1686500880,512,1,8,37,05d19de9,21.089119907002896,0,123,37.75390625
spectrum,2532,1687215680,512,1,8,61,d47c05dc,21.097186960978433,0,90,30.013671875
spectrum,2533,1687856480,512,1,8,61,f533850d,21.105193790979683,0,89,30.8984375
spectrum,2534,1688496480,512,1,8,61,51b8ba17,21.113229035050608,0,93,34.291015625
spectrum,2535,1689215680,512,1,8,30,76ba93ce,21.12233873200603,0,107,41.326171875
spectrum,2536,1689856560,512,1,8,62,a03813cf,21.13017229398247,0,99,30.435546875
spectrum,2537,1690496480,512,1,8,62,325a936a,21.138180386042222,0,103,30.20703125
spectrum,2538,1691215680,512,1,8,61,cd00cc29,21.147669009980746,0,95,30.921875
spectrum,2539,1691858000,512,1,8,61,ef1b147a,21.155378477997147,0,92,29.474609375
spectrum,2540,1692496880,512,1,8,61,d3d37d69,21.16321870300453,0,93,30.24609375
spectrum,2541,1693216000,512,1,8,62,5f635707,21.17233574402053,0,92,30.35546875
spectrum,2542,1693856560,512,1,8,63,cd8a9917,21.18019289104268,0,92,30.16796875
spectrum,2543,1694496480,512,1,8,35,c7716376,21.18911436095368,0,95,25.7578125
spectrum,2544,1695216000,512,1,8,64,57e1f293,21.19734618696384,0,141,41.5625
spectrum,2545,1695856560,512,1,8,62,d8928ab5,21.205221018055454,0,97,30.904296875
spectrum,2546,1696496480,512,1,8,62,2b52afe3,21.213206848013215,0,94,31.6328125
spectrum,2547,1697215680,512,1,8,61,911928f4,21.222226905054413,0,91,29.216796875
spectrum,2548,1697856480,512,1,8,64,04d6f19e,21.2302174649667,0,94,32.6875
spectrum,2549,1698496480,512,1,8,60,f01b2884,21.238170273019932,0,97,30.140625
spectrum,2550,1699215680,512,1,8,63,b47391ec,21.24717096297536,0,97,31.44921875
spectrum,2551,1699857680,512,1,8,72,b4abcec8,21.255335752037354,0,111,40.099609375
spectrum,2552,1700497520,512,1,8,64,32bfa8ae,21.263372248969972,0,103,34.888671875
spectrum,2553,1701215680,512,1,8,28,6ae728a2,21.273139148950577,0,121,30.939453125
spectrum,2554,1701857520,512,1,8,63,432a2428,21.280305920052342,0,94,31.431640625
spectrum,2555,1702496480,512,1,8,62,06d112e2,21.2882303140359,0,95,31.45703125
spectrum,2556,1703216320,512,1,8,31,d7cde4a7,21.297288984060287,0,131,24.990234375
spectrum,2557,1703858400,512,1,8,60,4440d520,21.305344977998175,0,98,28.166015625
spectrum,2558,1704496560,512,1,8,30,6759778c,21.31318147596903,0,127,29.14453125
spectrum,2559,1705215680,512,1,8,60,37a25aa6,21.322252038051374,0,93,30.0859375
spectrum,2560,1705856480,512,1,8,62,72e7d8ba,21.330164760001935,0,99,32.27734375
spectrum,2561,1706496480,512,1,8,63,d2202d05,21.338181999977678,0,99,32.017578125
spectrum,2562,1707215680,512,1,8,60,5f287fa3,21.34720393095631,0,88,29.25390625
spectrum,2563,1707858720,512,1,8,61,467ee761,21.355380723020062,0,91,29.94921875
spectrum,2564,1708506320,512,1,8,30,dd40c949,21.36333848000504,0,123,30.265625
spectrum,2565,1709215680,512,1,8,60,5e6770f5,21.372393444064073,0,97,29.365234375
spectrum,2566,1709857520,512,1,8,60,31e5e63d,21.38032669504173,0,88,28.939453125
spectrum,2567,1710496560,512,1,8,29,503c5965,21.388224728987552,0,126,28.5078125
spectrum,2568,1711136320,512,1,8,31,090ac91b,21.396311891032383,0,129,30.2734375
spectrum,2569,1711776800,512,1,8,60,d5e27a0d,21.404191780951805,0,86,30.056640625
spectrum,2570,1712416800,512,1,8,72,63bf3d3d,21.412166240043007,0,117,40.248046875
spectrum,2571,1713136000,512,1,8,39,feaf0a12,21.421196787036024,0,123,41.09765625
spectrum,2572,1713777440,512,1,8,63,5863eb96,21.429307935060933,0,96,31.548828125
spectrum,2573,1714416560,512,1,8,60,5a88ca10,21.437201700988226,0,99,29.685546875
spectrum,2574,1715135680,512,1,8,72,f8d65337,21.446199415950105,0,108,37.99609375
spectrum,2575,1715776480,512,1,8,41,2bd884f1,21.454196137026884,0,144,29.564453125
spectrum,2576,1716417760,512,1,8,31,e4c0b20c,21.462372167035937,0,125,30.400390625
spectrum,2577,1717136000,512,1,8,72,5bc7dbf4,21.471380862989463,0,124,39.73046875
spectrum,2578,1717777840,512,1,8,30,d5049537,21.479330464964733,0,122,30.208984375
spectrum,2579,1718416800,512,1,8,39,440c87c6,21.48719161003828,0,128,32.7734375
spectrum,2580,1719136000,512,1,8,62,156c7479,21.49718161195051,0,129,39.626953125
spectrum,2581,1719777600,512,1,8,59,03125a77,21.504314208053984,0,90,29.07421875
spectrum,2582,1720416480,512,1,8,63,1a49113a,21.512188647990115,0,92,32.376953125
spectrum,2583,1721135680,512,1,8,62,1f243b5f,21.521188286016695,0,92,30.998046875
spectrum,2584,1721776480,512,1,8,38,6539aba8,21.529236173955724,0,124,38.734375
spectrum,2585,1722416480,512,1,8,63,24cf372c,21.537162221968174,0,95,31.3046875
spectrum,2586,1723135680,512,1,8,60,e5ba0d86,21.546170325949788,0,84,29.330078125
spectrum,2587,1723776480,512,1,8,39,e116a03b,21.5541624489706,0,129,32.423828125
spectrum,2588,1724417680,512,1,8,60,d32c4b21,21.562318059965037,0,95,28.005859375
spectrum,2589,1725136000,512,1,8,61,9114a109,21.571227177977562,0,87,30.126953125
spectrum,2590,1725778320,512,1,8,62,40ed1190,21.579350618063472,0,93,30.6953125
spectrum,2591,1726416560,512,1,8,31,8ce686c5,21.587204479030333,0,126,29.56640625
spectrum,2592,1727135680,512,1,8,40,9656372c,21.596211801981553,0,128,33.501953125
spectrum,2593,1727781520,512,1,8,60,4a2e2d6c,21.604338960023597,0,91,29.82421875
spectrum,2594,1728416880,512,1,8,60,9ce740d2,21.61219772999175,0,93,30.4453125
spectrum,2595,1729136000,512,1,8,62,e5392b25,21.62121118500363,0,93,30.57421875
spectrum,2596,1729776800,512,1,8,62,3b82add6,21.629207254969515,0,93,31.521484375
spectrum,2597,1730416800,512,1,8,64,6702a8a8,21.637164731975645,0,97,31.5546875
spectrum,2598,1731136000,512,1,8,60,3475867f,21.646186452009715,0,92,30.59765625
spectrum,2599,1731776800,512,1,8,62,59d49021,21.654188483022153,0,90,30.71484375
spectrum,2600,1732423680,512,1,8,31,485225f1,21.662310871994123,0,126,30.095703125
spectrum,2601,1733136320,512,1,8,63,8ce913ca,21.671328264055774,0,96,31.85546875
spectrum,2602,1733776880,512,1,8,28,a34c0521,21.680111182969995,0,121,30.37890625
spectrum,2603,1734417520,512,1,8,39,22a66ab4,21.68719844298903,0,129,31.798828125
spectrum,2604,1735135680,512,1,8,60,77b33e35,21.696176680969074,0,98,29.158203125
spectrum,2605,1735777760,512,1,8,60,d9a9400a,21.70434459601529,0,89,30.041015625
spectrum,2606,1736416880,512,1,8,61,dd877c7d,21.712212573969737,0,91,30.716796875
spectrum,2607,1737136000,512,1,8,72,8ca3de57,21.72126294800546,0,114,41.291015625
spectrum,2608,1737776800,512,1,8,61,5a040a00,21.729200267000124,0,88,28.806640625
spectrum,2609,1738416800,512,1,8,38,3cc7aebb,21.737190235056914,0,126,30.845703125
spectrum,2610,1739136000,512,1,8,39,06a77d60,21.746324458974414,0,121,42.88671875
spectrum,2611,1739776800,512,1,8,60,91472ddd,21.754202776006423,0,96,28.75390625
spectrum,2612,1740416800,512,1,8,37,ff84ef54,21.76219380600378,0,124,30.2734375
spectrum,2613,1741136000,512,1,8,62,b9d18c85,21.771330183022656,0,98,32.341796875
spectrum,2614,1741776560,512,1,8,40,fd6053eb,21.77928650798276,0,91,30.306640625
spectrum,2615,1742417760,512,1,8,65,fba15bd0,21.787342511001043,0,98,33.453125
spectrum,2616,1743136000,512,1,8,72,b28acaf0,21.79632905498147,0,119,39.607421875
spectrum,2617,1743778720,512,1,8,60,48bdb253,21.80432069604285,0,91,28.4453125
spectrum,2618,1744416560,512,1,8,60,61e1b3b9,21.812245190958492,0,92,28.39453125
spectrum,2619,1745135680,512,1,8,41,bf15698a,21.821251843008213,0,126,36.564453125
spectrum,2620,1745776480,512,1,8,61,0054d59b,21.829209320014343,0,95,29.904296875
spectrum,2621,1746416480,512,1,8,63,1c2e4e3a,21.83739422704093,0,95,30.662109375
spectrum,2622,1747135680,512,1,8,72,990bc76d,21.8462247250136,0,110,39.576171875
spectrum,2623,1747776480,512,1,8,59,efe14ddd,21.85424319806043,0,96,28.7265625
spectrum,2624,1748419920,512,1,8,60,3f42762f,21.86218605702743,0,93,28.775390625
spectrum,2625,1749136640,512,1,8,32,b0260792,21.871358042000793,0,124,32.3515625
spectrum,2626,1749777200,512,1,8,62,2c744823,21.87933718902059,0,92,30.77734375
spectrum,2627,1750418720,512,1,8,60,97ffabb9,21.887331465957686,0,91,30.2421875
spectrum,2628,1751136000,512,1,8,39,919d183b,21.896210185950622,0,129,40.8203125
spectrum,2629,1751776800,512,1,8,60,1f3e2dde,21.904330961056985,0,91,28.986328125
spectrum,2630,1752417520,512,1,8,39,c52a0b08,21.912348221056163,0,126,40.193359375
spectrum,2631,1753135680,512,1,8,62,1667876b,21.921241007978097,0,96,30.876953125
spectrum,2632,1753776480,512,1,8,62,9100d277,21.929200308048166,0,98,30.78125
spectrum,2633,1754416480,512,1,8,72,89f0fea4,21.937190736993216,0,117,41.408203125
spectrum,2634,1755135680,512,1,8,72,720cf78a,21.946214050985873,0,122,41.228515625
spectrum,2635,1755776480,512,1,8,37,4257f1e8,21.954213417018764,0,124,31.04296875
spectrum,2636,1756416480,512,1,8,62,9a26c090,21.962184999953024,0,93,29.685546875
spectrum,2637,1757136320,512,1,8,39,19aaf895,21.971347096026875,0,129,31.62890625
spectrum,2638,1757776800,512,1,8,61,7e1c91fc,21.979210144025274,0,88,29.216796875
spectrum,2639,1758416800,512,1,8,29,7af6991a,21.988156151026487,0,122,31.697265625
spectrum,2640,1759136000,512,1,8,60,742415a7,21.996217634994537,0,85,28.80078125
spectrum,2641,1759776480,512,1,8,60,06d62e84,22.004231648985296,0,92,30.142578125
spectrum,2642,1760417760,512,1,8,62,a298693e,22.012334319995716,0,92,30.99609375
spectrum,2643,1761136000,512,1,8,63,9fdd4e73,22.021205745986663,0,97,31.951171875
spectrum,2644,1761776800,512,1,8,63,84268c54,22.029182979953475,0,98,31.001953125
spectrum,2645,1762416800,512,1,8,38,c8855f67,22.037198427016847,0,126,41.34765625
spectrum,2646,1763136000,512,1,8,60,454e6337,22.046237280010246,0,97,29.033203125
spectrum,2647,1763776800,512,1,8,65,b729ab2e,22.054204966058023,0,96,33.3828125
spectrum,2648,1764416800,512,1,8,65,1cefd911,22.06226200098172,0,96,34.423828125
spectrum,2649,1765136000,512,1,8,33,a83afb11,22.072271530050784,0,125,36.189453125
spectrum,2650,1765777600,512,1,8,62,6bf02571,22.079208084964193,0,95,30.3203125
spectrum,2651,1766416480,512,1,8,37,d410d861,22.08717589196749,0,125,38.279296875
spectrum,2652,1767136320,512,1,8,60,4739608c,22.096203563036397,0,101,29.6640625
spectrum,2653,1767776880,512,1,8,60,463e1d82,22.10419377195649,0,98,29.642578125
spectrum,2654,1768420880,512,1,8,63,fef27a06,22.11232693097554,0,94,31.5078125
spectrum,2655,1769135680,512,1,8,69,aa94acba,22.12118234706577,0,118,36.62890625
spectrum,2656,1769776480,512,1,8,63,5dbd343a,22.12916995002888,0,95,31.783203125
spectrum,2657,1770416480,512,1,8,37,09ac7585,22.137196719064377,0,126,38.33984375
spectrum,2658,1771135680,512,1,8,38,40ace44d,22.146185687044635,0,132,26.078125
spectrum,2659,1771776480,512,1,8,59,a4dccb27,22.154198779026046,0,85,28.3515625
spectrum,2660,1772416480,512,1,8,39,a12b8dbd,22.162202303064987,0,130,32.263671875
spectrum,2661,1773135680,512,1,8,63,c117ca9e,22.171279828995466,0,93,31.99609375
spectrum,2662,1773778000,512,1,8,62,1fcf3686,22.179328929050826,0,98,30.251953125
spectrum,2663,1774416880,512,1,8,60,3127b3b1,22.1872347779572,0,92,28.51953125
spectrum,2664,1775136000,512,1,8,37,4ac4efbc,22.196348421974108,0,126,41.115234375
spectrum,2665,1775776560,512,1,8,29,40330e63,22.204165303031914,0,121,29.28125
spectrum,2666,1776416480,512,1,8,72,cf3ee7fb,22.213180611026473,0,124,40.171875
spectrum,2667,1777136000,512,1,8,62,17841bfc,22.22121661703568,0,92,31.0703125
spectrum,2668,1777776480,512,1,8,60,166d4a5b,22.229210963007063,0,94,29.78125
spectrum,2669,1778416480,512,1,8,36,54cdfee8,22.237208936014213,0,122,36.376953125
spectrum,2670,1779135680,512,1,8,61,44d6affb,22.246216770960018,0,89,29.669921875
spectrum,2671,1779776480,512,1,8,63,5138bc4d,22.25425134296529,0,93,31.345703125
spectrum,2672,1780416480,512,1,8,61,c2288fa2,22.26221955998335,0,90,29.708984375
spectrum,2673,1781135680,512,1,8,63,44962c19,22.271307145012543,0,96,31.8984375
spectrum,2674,1781777760,512,1,8,29,f218194b,22.279368979972787,0,116,30.353515625
spectrum,2675,1782417440,512,1,8,60,5cb6afad,22.28732445195783,0,88,28.451171875
spectrum,2676,1783136640,512,1,8,61,7831814f,22.296308621997014,0,91,29.603515625
spectrum,2677,1783777520,512,1,8,65,6506f9e5,22.304208158981055,0,106,33.193359375
spectrum,2678,1784416800,512,1,8,61,61cd9510,22.312196995015256,0,89,29.359375
spectrum,2679,1785136000,512,1,8,61,87610744,22.321226450032555,0,92,29.91796875
spectrum,2680,1785776560,512,1,8,63,b8045149,22.329245332977735,0,93,32.6953125
spectrum,2681,1786416480,512,1,8,31,6430c14e,22.337172231986187,0,95,12.390625
spectrum,2682,1787055680,512,1,8,60,1fbb747e,22.3452044200385,0,89,29.203125
spectrum,2683,1787696480,512,1,8,63,2b36c6a8,22.353191682952456,0,92,31.556640625
spectrum,2684,1788336480,512,1,8,61,0a2bc5dd,22.36118925595656,0,89,29.2578125
spectrum,2685,1789071440,512,1,8,72,a49cffe1,22.371149061014876,0,113,38.880859375
spectrum,2686,1789697600,512,1,8,60,76c299cb,22.379161251010373,0,87,28.966796875
spectrum,2687,1790337280,512,1,8,60,8349164f,22.386205118964426,0,89,28.98828125
spectrum,2688,1791055680,512,1,8,31,e10c23df,22.395220036967658,0,125,31.33984375
spectrum,2689,1791697680,512,1,8,29,c45aeccf,22.40322213806212,0,122,28.97265625
spectrum,2690,1792336800,512,1,8,62,75bff604,22.411190876038745,0,91,31.45703125
spectrum,2691,1792976000,512,1,8,60,57ba08f4,22.41919757600408,0,88,29.568359375
spectrum,2692,1793616560,512,1,8,64,5d7da6fb,22.42723281995859,0,95,31.583984375
spectrum,2693,1794256480,512,1,8,64,3db49b14,22.43519951403141,0,98,32.15234375
spectrum,2694,1794975680,512,1,8,60,35867261,22.444192119059153,0,89,29.7734375
spectrum,2695,1795616480,512,1,8,62,54b336f9,22.452182198059745,0,100,31.30078125
spectrum,2696,1796256480,512,1,8,64,491d9edd,22.460187494987622,0,103,32.759765625
spectrum,2697,1796975680,512,1,8,63,134ad574,22.469221077975817,0,95,31.8671875
spectrum,2698,1797616480,512,1,8,39,d12a6403,22.47722182702273,0,129,42.162109375
spectrum,2699,1798257760,512,1,8,30,ddab9705,22.48614303697832,0,124,30.8203125
spectrum,2700,1798976320,512,1,8,63,a06691af,22.494327572989278,0,101,32.779296875
spectrum,2701,1799617760,512,1,8,38,9c0a5ec6,22.502399125951342,0,125,39.580078125
spectrum,2702,1800256880,512,1,8,60,0c667a7c,22.510266802972183,0,91,29.19921875
spectrum,2703,1800976000,512,1,8,72,573d21da,22.52028933702968,22,152,97.296875
spectrum,2704,1801617680,512,1,8,60,650a4858,22.527207216015086,0,90,30.220703125
spectrum,2705,1802256560,512,1,8,72,915834d2,22.535213956958614,0,125,39.552734375
spectrum,2706,1802975680,512,1,8,60,d5fc40ab,22.54420260398183,0,90,28.548828125
spectrum,2707,1803616480,512,1,8,37,05d8ab87,22.552164259017445,0,128,28.154296875
spectrum,2708,1804256480,512,1,8,65,eb34837a,22.560198821011,0,100,33.61328125
spectrum,2709,1804975680,512,1,8,37,6c7e685c,22.56917184998747,0,118,36.53515625
spectrum,2710,1805616480,512,1,8,60,9160b25e,22.577205431065522,0,95,30.0078125
spectrum,2711,1806257760,512,1,8,29,ade97427,22.58530289202463,0,122,30.033203125
spectrum,2712,1806976000,512,1,8,31,1ea4c4a4,22.594221577979624,0,129,29.306640625
spectrum,2713,1807616800,512,1,8,29,bd9ded8b,22.60233755398076,0,123,30.421875
spectrum,2714,1808257520,512,1,8,62,08a3f578,22.610234215972014,0,91,31.33203125
spectrum,2715,1808975680,512,1,8,60,868d1088,22.61921293498017,0,93,29.654296875
spectrum,2716,1809621520,512,1,8,72,23d61e8d,22.627354981028475,0,124,40.267578125
spectrum,2717,1810256880,512,1,8,31,0a7ff64a,22.63517636002507,0,126,30.828125
spectrum,2718,1810976000,512,1,8,60,7bb6638c,22.64418010704685,0,93,28.908203125
spectrum,2719,1811616800,512,1,8,62,aa310fdf,22.652223755954765,0,99,31.546875
spectrum,2720,1812256800,512,1,8,60,0d03f33a,22.660285650985315,0,94,29.767578125
spectrum,2721,1812976000,512,1,8,61,09f241e3,22.669211499975063,0,93,29.529296875
spectrum,2722,1813616800,512,1,8,60,ec5bd672,22.67725294502452,0,97,31.072265625
spectrum,2723,1814256800,512,1,8,39,ae22a9d3,22.68621149600949,0,127,41.884765625
spectrum,2724,1814976320,512,1,8,61,5041892b,22.69420861802064,0,93,29.7578125
spectrum,2725,1815616480,512,1,8,60,6bf9c9dd,22.702203736058436,0,89,28.953125
spectrum,2726,1816257680,512,1,8,39,85e72a1b,22.710364436963573,0,128,32.78515625
spectrum,2727,1816976000,512,1,8,59,34ceb20d,22.719348035985604,0,129,57.6328125
spectrum,2728,1817617520,512,1,8,31,54ce2c84,22.72732690302655,0,126,31.998046875
spectrum,2729,1818256560,512,1,8,64,a606da2c,22.735193197033368,0,97,32.046875
spectrum,2730,1818975680,512,1,8,39,888553a0,22.744221810949966,0,125,41.46875
spectrum,2731,1819616480,512,1,8,64,43c520ca,22.752209665020928,0,94,30.90234375
spectrum,2732,1820256480,512,1,8,40,f7529715,22.760213489062153,0,125,44.638671875
spectrum,2733,1820975680,512,1,8,61,f77672df,22.76921014196705,0,88,29.453125
spectrum,2734,1821616480,512,1,8,60,e406d490,22.777321781031787,0,86,28.62890625
spectrum,2735,1822256480,512,1,8,60,66420e97,22.78519853495527,0,97,29.005859375
spectrum,2736,1822976320,512,1,8,63,71b98557,22.79434212599881,0,97,32.080078125
spectrum,2737,1823616880,512,1,8,62,ed237d5d,22.802209021057934,0,97,31.296875
spectrum,2738,1824257440,512,1,8,64,790326b4,22.81033942499198,0,91,31.17578125
spectrum,2739,1824975680,512,1,8,62,ae90d2a3,22.819182708044536,0,87,29.94921875
spectrum,2740,1825616480,512,1,8,36,078f9177,22.82815727905836,0,127,36.4296875
spectrum,2741,1826257600,512,1,8,61,22ecc296,22.835243426961824,0,94,30.935546875
spectrum,2742,1826975680,512,1,8,60,3fadc789,22.844144428963773,0,89,29.44140625
spectrum,2743,1827616480,512,1,8,65,a91db67b,22.852226451970637,0,98,34.4921875
spectrum,2744,1828256480,512,1,8,64,494fbfdc,22.86022619798314,0,100,32.568359375
spectrum,2745,1828975680,512,1,8,62,763b591a,22.869230646057986,0,98,31.955078125
spectrum,2746,1829616480,512,1,8,72,afa77e23,22.87719772104174,0,111,39.6640625
spectrum,2747,1830260000,512,1,8,61,591d54b8,22.88521255599335,0,89,30.125
spectrum,2748,1830976960,512,1,8,31,72c02577,22.895224740961567,0,125,31.361328125
spectrum,2749,1831617360,512,1,8,65,6a88b35d,22.902334113023244,0,100,33.7734375
spectrum,2750,1832270960,512,1,8,59,bd45bcea,22.91118648299016,0,89,28.916015625
spectrum,2751,1832976000,512,1,8,29,e4f7fcf6,22.919163155951537,0,118,29.830078125
spectrum,2752,1833616800,512,1,8,63,cf7541ae,22.927194611984305,0,92,30.880859375
spectrum,2753,1834257440,512,1,8,72,11e6050f,22.93537954997737,0,111,39.712890625
spectrum,2754,1834975680,512,1,8,60,7ab7a7a0,22.9441738500027,0,88,28.681640625
spectrum,2755,1835616480,512,1,8,65,df160570,22.95220928406343,0,92,31.71875
spectrum,2756,1836256480,512,1,8,61,92502aa5,22.960203310009092,0,93,31.888671875
spectrum,2757,1836975680,512,1,8,60,5bcf0315,22.96920124499593,0,93,28.681640625
spectrum,2758,1837616480,512,1,8,63,cf115e06,22.977208456024528,0,91,30.962890625
spectrum,2759,1838256480,512,1,8,64,549c8676,22.985185810015537,0,97,31.681640625
spectrum,2760,1838976640,512,1,8,72,a79505a9,22.9943580259569,0,119,39.822265625
spectrum,2761,1839617520,512,1,8,72,de56f8ab,23.00221058400348,0,119,40.236328125
spectrum,2762,1840256800,512,1,8,38,57fbc821,23.0104183240328,0,122,31.208984375
spectrum,2763,1840976000,512,1,8,39,92a643ad,23.019323694054037,0,122,36.814453125
spectrum,2764,1841616560,512,1,8,60,204dfeb2,23.027235463960096,0,87,29.45703125
spectrum,2765,1842257760,512,1,8,62,a51c6942,23.035322566051036,0,95,30.0859375
spectrum,2766,1842976000,512,1,8,61,de339c55,23.044210623949766,0,88,29.46484375
spectrum,2767,1843616800,512,1,8,63,fa8badfc,23.052235628012568,0,95,31.603515625
spectrum,2768,1844256800,512,1,8,62,ae9f88af,23.06026712502353,0,95,32.314453125
spectrum,2769,1844976000,512,1,8,59,c1d4ff26,23.069200537982397,0,88,28.548828125
spectrum,2770,1845616800,512,1,8,61,4193b937,23.077152934973128,0,85,29.865234375
spectrum,2771,1846256800,512,1,8,72,fdb6f168,23.085216743056662,0,116,39.337890625
spectrum,2772,1846976000,512,1,8,62,bacf6046,23.09512760594953,0,95,31.34375
spectrum,2773,1847617520,512,1,8,36,898c63d8,23.102206279989332,0,118,29.6484375
spectrum,2774,1848256480,512,1,8,64,b8bbbcdb,23.110165960970335,0,104,32.291015625
spectrum,2775,1848976320,512,1,8,62,23bb5ad3,23.119191157980822,0,93,31.0
spectrum,2776,1849616880,512,1,8,31,a9bde58e,23.12720334797632,0,126,30.80078125
spectrum,2777,1850262160,512,1,8,61,ddc33042,23.135340815060772,0,93,30.720703125
spectrum,2778,1850976640,512,1,8,62,9531784b,23.144240524969064,0,98,30.91015625
spectrum,2779,1851616880,512,1,8,63,5a43f96b,23.1521936430363,0,93,31.259765625
spectrum,2780,1852256800,512,1,8,64,29e36627,23.16024631995242,0,99,32.580078125
spectrum,2781,1852976000,512,1,8,39,a56b9f2c,23.169218837982044,0,121,42.462890625
spectrum,2782,1853616800,512,1,8,37,fb1ce02a,23.17732134903781,0,123,30.017578125
spectrum,2783,1854256800,512,1,8,62,5c6f124f,23.185208893031813,0,101,31.541015625
spectrum,2784,1854976000,512,1,8,63,8a39cba3,23.19420753000304,0,97,32.23046875
spectrum,2785,1855617440,512,1,8,72,2b0a7dc0,23.202329296967946,0,118,40.8359375
spectrum,2786,1856257840,512,1,8,64,13614356,23.210331798996776,0,93,31.05859375
spectrum,2787,1856976000,512,1,8,59,fa41705f,23.219214346027,0,86,27.412109375
spectrum,2788,1857616480,512,1,8,60,619d4c25,23.227195778046735,0,94,29.1484375
spectrum,2789,1858256480,512,1,8,40,9709e4a1,23.236307468963787,0,128,42.81640625
spectrum,2790,1858976000,512,1,8,64,b78b0ee2,23.244201175053604,0,96,32.306640625
spectrum,2791,1859616560,512,1,8,72,2909f066,23.252219676971436,0,129,40.673828125
spectrum,2792,1860256480,512,1,8,61,1f2ff257,23.26116674602963,0,90,30.08203125
spectrum,2793,1860976000,512,1,8,62,f104780c,23.26926283503417,0,94,31.419921875
spectrum,2794,1861616480,512,1,8,40,abd4f2f0,23.277270767022856,0,126,43.787109375
spectrum,2795,1862256560,512,1,8,61,e3bf82e2,23.285123927053064,0,93,30.90234375
spectrum,2796,1862975680,512,1,8,60,c7514639,23.294120418955572,0,89,28.2109375
spectrum,2797,1863617680,512,1,8,31,e0788a93,23.303189659956843,0,124,30.91796875
spectrum,2798,1864258240,512,1,8,31,da2573f9,23.310346622020006,0,125,31.3359375
spectrum,2799,1864976000,512,1,8,61,94993a9a,23.319358753971756,0,91,29.771484375
spectrum,2800,1865617760,512,1,8,61,cb2de93a,23.327342960983515,0,90,29.5546875
spectrum,2801,1866256880,512,1,8,62,44f7fe6a,23.335207732976414,0,96,31.5
spectrum,2802,1866976000,512,1,8,63,877e6233,23.34419590001926,0,90,31.09765625
spectrum,2803,1867616800,512,1,8,60,c502a45a,23.352195946965367,0,87,29.248046875
spectrum,2804,1868256800,512,1,8,62,dbbe4b7c,23.360228414996527,0,95,31.82421875
spectrum,2805,1868976000,512,1,8,61,5225aaa0,23.369202645961195,0,92,28.279296875
spectrum,2806,1869616800,512,1,8,60,a57a9a5e,23.377219123998657,0,96,30.26171875
spectrum,2807,1870256800,512,1,8,60,aa6b85bd,23.385205936036073,0,97,29.46484375
spectrum,2808,1870976000,512,1,8,39,acf20650,23.39420035504736,0,129,32.15625
spectrum,2809,1871616800,512,1,8,62,d8426f50,23.403193881968036,0,91,31.19921875
spectrum,2810,1872257920,512,1,8,31,1396b11e,23.410261234967038,0,126,31.2890625
spectrum,2811,1872976320,512,1,8,61,3f1c44a7,23.419200579053722,0,91,29.560546875
spectrum,2812,1873617440,512,1,8,60,b9b44053,23.42726101097651,0,92,29.62890625
spectrum,2813,1874256560,512,1,8,64,4a318ec4,23.43522495997604,0,94,32.3359375
spectrum,2814,1874896320,512,1,8,59,63f46033,23.443238171981648,0,85,27.841796875
spectrum,2815,1875536880,512,1,8,31,1cf132e3,23.451175529975444,0,124,30.677734375
spectrum,2816,1876176800,512,1,8,64,220c1ed5,23.459250348969363,0,101,32.28515625
spectrum,2817,1876896000,512,1,8,60,3103bdfa,23.468193160020746,0,86,29.77734375
spectrum,2818,1877536800,512,1,8,64,ad15b983,23.476203287020326,0,98,32.322265625
spectrum,2819,1878176800,512,1,8,61,b095b1cf,23.48417516099289,0,91,29.2578125
spectrum,2820,1878896000,512,1,8,63,4eed7d6d,23.493193804984912,0,89,31.17578125
spectrum,2821,1879536800,512,1,8,72,e24420ed,23.50123406795319,0,111,39.5234375
spectrum,2822,1880177440,512,1,8,65,af75f708,23.509367207065225,0,95,31.603515625
spectrum,2823,1880895680,512,1,8,31,5ab46de7,23.518160967039876,0,126,31.2734375
spectrum,2824,1881537680,512,1,8,60,de858323,23.526398704038,0,85,28.94921875
spectrum,2825,1882176880,512,1,8,60,049a2559,23.53416635096073,0,93,28.984375
spectrum,2826,1882896000,512,1,8,30,ba1fd2d3,23.54336184996646,0,124,30.0546875
spectrum,2827,1883537520,512,1,8,60,c530c83f,23.55119765701238,0,92,28.40625
spectrum,2828,1884176560,512,1,8,62,c41cd3f6,23.559233902953565,0,98,30.318359375
spectrum,2829,1884895680,512,1,8,60,7eeba9aa,23.568198133958504,0,96,30.27734375
spectrum,2830,1885536480,512,1,8,60,d3fa74c0,23.576220222981647,0,94,28.66796875
spectrum,2831,1886176480,512,1,8,62,66f6acd4,23.58421265601646,0,93,30.12890625
spectrum,2832,1886895680,512,1,8,39,82d90179,23.593221722054295,0,129,40.669921875
spectrum,2833,1887536480,512,1,8,60,8e7d555e,23.601362745976076,0,93,28.75
spectrum,2834,1888177760,512,1,8,60,6381e1bf,23.609363846015185,0,92,29.8125
spectrum,2835,1888896000,512,1,8,60,adb5f111,23.618219361058436,0,98,29.6171875
spectrum,2836,1889536800,512,1,8,39,b2b732e0,23.626385973999277,0,124,41.255859375
spectrum,2837,1890177600,512,1,8,30,a826cc9f,23.634214075980708,0,126,29.552734375
spectrum,2838,1890895680,512,1,8,37,8eaf4b6b,23.643216719967313,0,126,39.271484375
spectrum,2839,1891541520,512,1,8,38,671eeb28,23.651322577963583,0,120,37.6015625
spectrum,2840,1892176880,512,1,8,58,0f32c748,23.659574782010168,0,91,27.1171875
spectrum,2841,1892896000,512,1,8,62,bcc91ec8,23.668199812062085,0,93,31.40625
spectrum,2842,1893536800,512,1,8,72,871c94c1,23.67621509800665,0,127,39.908203125
spectrum,2843,1894176800,512,1,8,65,694f1ccf,23.684216837980784,0,97,32.845703125
spectrum,2844,1894896000,512,1,8,37,bd6261de,23.693117480026558,0,123,29.892578125
spectrum,2845,1895536720,512,1,8,60,71550d00,23.701241901959293,0,93,30.06640625
spectrum,2846,1896176800,512,1,8,61,3e6ae7b2,23.710175805957988,0,89,29.3984375
spectrum,2847,1896896640,512,1,8,60,8dc07fdd,23.71880728902761,0,97,28.787109375
spectrum,2848,1897536800,512,1,8,60,e55c24a1,23.726248427992687,0,93,28.859375
spectrum,2849,1898177440,512,1,8,63,d0833367,23.734246831969358,0,95,31.296875
spectrum,2850,1898895680,512,1,8,64,efb4c727,23.74323879601434,0,100,32.392578125
spectrum,2851,1899538640,512,1,8,39,36c2faf2,23.75139232398942,0,124,39.333984375
spectrum,2852,1900176880,512,1,8,50,cca2889f,23.7593660519924,0,159,62.951171875
spectrum,2853,1900896000,512,1,8,63,6bf5fa49,23.76821618701797,0,97,33.896484375
spectrum,2854,1901536800,512,1,8,38,c7cf8051,23.776196797960438,0,126,30.19140625
spectrum,2855,1902176720,512,1,8,40,caf7d55a,23.784179221955128,0,121,35.1484375
spectrum,2856,1902896000,512,1,8,72,ecbcf2a1,23.79323447495699,0,120,41.36328125
spectrum,2857,1903536800,512,1,8,39,a332e2b3,23.801221388042904,0,123,41.677734375
spectrum,2858,1904176800,512,1,8,60,fa5ec97d,23.80918559699785,0,86,28.822265625
spectrum,2859,1904896000,512,1,8,60,19596084,23.81823302595876,0,96,30.16796875
spectrum,2860,1905536560,512,1,8,37,ef4b531e,23.82623567804694,0,130,26.548828125
spectrum,2861,1906177760,512,1,8,60,b81a3aee,23.834271162981167,0,90,28.587890625
spectrum,2862,1906896000,512,1,8,31,cdf48e1b,23.84325085405726,0,128,30.587890625
spectrum,2863,1907536800,512,1,8,35,738bba64,23.852195568033494,0,123,36.740234375
spectrum,2864,1908177600,512,1,8,40,8368c289,23.859229007037356,0,122,35.05078125
spectrum,2865,1908895680,512,1,8,61,742a668c,23.868169864057563,0,92,31.447265625
spectrum,2866,1909536480,512,1,8,61,a6f72703,23.876242147991434,0,94,28.822265625
spectrum,2867,1910176480,512,1,8,72,c34603c7,23.8842198230559,0,114,39.91796875
spectrum,2868,1910895680,512,1,8,60,f52819e8,23.893239869968966,0,84,28.98046875
spectrum,2869,1911536480,512,1,8,39,66b7771a,23.901220840984024,0,128,39.935546875
spectrum,2870,1912180000,512,1,8,59,26475cb1,23.909268058021553,0,86,29.208984375
spectrum,2871,1912896960,512,1,8,31,6a5b0c2a,23.91921750397887,0,121,31.1875
spectrum,2872,1913537280,512,1,8,62,c17beeb9,23.926253136014566,0,93,30.751953125
spectrum,2873,1914176480,512,1,8,29,16a36c9f,23.934356368961744,0,120,28.96484375
spectrum,2874,1914896000,512,1,8,30,bda23c6a,23.94321478996426,0,121,30.587890625
spectrum,2875,1915536480,512,1,8,60,c1890469,23.95122326305136,0,93,29.90625
spectrum,2876,1916177760,512,1,8,64,6fd98b68,23.959289295016788,0,94,31.322265625
spectrum,2877,1916896000,512,1,8,65,ce72e67e,23.968213030020706,0,96,34.09765625
spectrum,2878,1917536800,512,1,8,63,d6d3cf66,23.97623987798579,0,93,31.736328125
spectrum,2879,1918176800,512,1,8,31,2693aad6,23.984228753950447,0,124,31.548828125
spectrum,2880,1918896000,512,1,8,30,581cfde2,23.993158951052465,0,124,30.322265625
spectrum,2881,1919536720,512,1,8,64,64ac3c60,24.001196880009957,0,98,32.212890625
spectrum,2882,1920176800,512,1,8,60,fd6aacc5,24.009190435055643,0,89,29.02734375
spectrum,2883,1920896640,512,1,8,36,c1b06314,24.01823099097237,0,124,28.150390625
spectrum,2884,1921537440,512,1,8,72,618cbf22,24.026242880965583,0,116,38.73828125
spectrum,2885,1922176800,512,1,8,38,1e16077f,24.03414097498171,0,123,30.935546875
spectrum,2886,1922896000,512,1,8,39,9cb9a61e,24.04338052798994,0,122,40.998046875
spectrum,2887,1923536560,512,1,8,38,2d0e2506,24.051152964006178,0,126,30.7109375
spectrum,2888,1924177680,512,1,8,62,4c2c9648,24.059221180039458,0,99,29.65234375
spectrum,2889,1924896000,512,1,8,60,af0fac18,24.06822077895049,0,92,30.41015625
spectrum,2890,1925536800,512,1,8,63,a5838fb4,24.076292261015624,0,95,32.154296875
spectrum,2891,1926176800,512,1,8,37,c3090236,24.084216144052334,0,127,37.72265625
spectrum,2892,1926896000,512,1,8,37,8147a433,24.0931546370266,0,129,26.583984375
spectrum,2893,1927536720,512,1,8,60,b2baf675,24.10122692096047,0,91,30.662109375
spectrum,2894,1928176800,512,1,8,38,e526b719,24.109199256054126,0,127,30.4453125
spectrum,2895,1928896000,512,1,8,62,0d880ffa,24.118368956027552,0,93,31.1015625
spectrum,2896,1929537840,512,1,8,30,2df6dff5,24.12639750703238,0,121,30.65234375
spectrum,2897,1930177280,512,1,8,61,e732a043,24.134206483024172,0,92,30.0390625
spectrum,2898,1930896320,512,1,8,62,ce2edd80,24.14321489795111,0,92,31.353515625
spectrum,2899,1931536880,512,1,8,30,3df78314,24.15123609500006,0,123,29.724609375
spectrum,2900,1932183280,512,1,8,61,50aedafd,24.159348224988207,0,89,29.697265625
spectrum,2901,1932895680,512,1,8,40,1befe521,24.168217887054197,0,129,43.994140625
spectrum,2902,1933536560,512,1,8,64,5222f1a1,24.176168660982512,0,98,31.365234375
spectrum,2903,1934176480,512,1,8,40,99974463,24.18421625904739,0,128,42.869140625
spectrum,2904,1934895680,512,1,8,36,f5d78f30,24.19315174606163,0,126,39.435546875
spectrum,2905,1935536480,512,1,8,63,6177f126,24.20120832999237,0,96,32.1328125
spectrum,2906,1936176480,512,1,8,60,29b568e8,24.209196635056287,0,87,29.810546875
spectrum,2907,1936895680,512,1,8,31,37218a25,24.218183238990605,0,126,30.890625
spectrum,2908,1937538000,512,1,8,39,9da8aadb,24.226379157043993,0,125,42.013671875
spectrum,2909,1938176880,512,1,8,62,7adae550,24.234214892960154,0,99,31.59765625
spectrum,2910,1938896000,512,1,8,35,d2ba82b7,24.24327086796984,0,120,36.349609375
spectrum,2911,1939536560,512,1,8,60,edd772f7,24.251231009955518,0,89,29.740234375
spectrum,2912,1940176480,512,1,8,53,655fa497,24.259345783968456,0,94,32.087890625
spectrum,2913,1940896000,512,1,8,60,77ebd8cb,24.26824389095418,0,92,30.517578125
spectrum,2914,1941536560,512,1,8,40,f64fcc44,24.2762674120022,0,124,42.53125
spectrum,2915,1942176560,512,1,8,63,dada63ae,24.284213336999528,0,96,31.419921875
spectrum,2916,1942895680,512,1,8,39,c0e86ad4,24.293193308985792,0,129,39.28125
spectrum,2917,1943536480,512,1,8,63,79b0d3fd,24.30122045695316,0,97,32.8125
spectrum,2918,1944176480,512,1,8,63,db8c412d,24.30922177701723,0,94,30.431640625
spectrum,2919,1944895680,512,1,8,63,faeea209,24.318173995008692,0,94,32.673828125
spectrum,2920,1945537760,512,1,8,30,12b63d3f,24.326282507972792,0,124,30.048828125
spectrum,2921,1946177440,512,1,8,63,7fb8b1c7,24.334356614970602,0,95,32.73046875
spectrum,2922,1946895680,512,1,8,30,59aef6fb,24.34336457005702,0,131,26.23046875
spectrum,2923,1947537520,512,1,8,72,9e8fe0a9,24.351235753041692,0,109,39.72265625
spectrum,2924,1948176560,512,1,8,31,713b5408,24.359223376959562,0,89,18.3828125
spectrum,2925,1948896320,512,1,8,60,9ae3ca0a,24.368231181055307,0,92,30.232421875
spectrum,2926,1949536880,512,1,8,30,8d5c7a24,24.376238901983015,0,118,30.93359375
spectrum,2927,1950176800,512,1,8,64,3981e85c,24.384170960984193,0,100,32.921875
spectrum,2928,1950896000,512,1,8,61,b5a5880d,24.393178374040872,0,91,30.927734375
spectrum,2929,1951536800,512,1,8,60,eb5b46dd,24.40116863301955,0,86,30.248046875
spectrum,2930,1952176800,512,1,8,62,76fdd384,24.409247088013217,0,93,30.05859375
spectrum,2931,1952896000,512,1,8,38,502a0c8d,24.418194908997975,0,125,31.5859375
spectrum,2932,1953536800,512,1,8,63,f9c51469,24.42641635495238,0,99,32.037109375
spectrum,2933,1954177920,512,1,8,63,e097a8be,24.4342312120134,0,96,31.634765625
spectrum,2934,1954895680,512,1,8,29,228031ca,24.443357130046934,0,123,31.216796875
spectrum,2935,1955537520,512,1,8,39,f8d3b450,24.45125236804597,0,125,32.958984375
spectrum,2936,1956176480,512,1,8,61,a9aacaf0,24.459229753003456,0,103,28.736328125
spectrum,2937,1956896320,512,1,8,31,793326ea,24.468241384020075,0,123,31.47265625
spectrum,2938,1957536800,512,1,8,62,870726dc,24.476249567000195,0,90,30.19140625
spectrum,2939,1958176800,512,1,8,64,61cccada,24.48422618000768,0,97,32.78125
spectrum,2940,1958896000,512,1,8,40,69c5813d,24.49323915306013,0,129,41.9140625
spectrum,2941,1959536800,512,1,8,63,fb63a167,24.501168285962194,0,97,30.64453125
spectrum,2942,1960176800,512,1,8,59,53f4891d,24.509169645956717,0,85,27.548828125
spectrum,2943,1960896000,512,1,8,61,bfc2dd99,24.518169836024754,0,88,30.333984375
spectrum,2944,1961536800,512,1,8,39,b00fbd32,24.52619964897167,0,129,32.095703125
spectrum,2945,1962177440,512,1,8,61,862e6870,24.534374095965177,0,92,30.443359375
spectrum,2946,1962896000,512,1,8,63,2f7fa1f3,24.543246965040453,0,98,31.98046875
spectrum,2947,1963536480,512,1,8,62,94208bc8,24.551255719037727,0,92,30.9296875
spectrum,2948,1964177760,512,1,8,37,519cac81,24.55924731004052,0,120,36.61328125
spectrum,2949,1964896000,512,1,8,34,68e5bd96,24.56837102305144,0,118,35.59765625
spectrum,2950,1965537600,512,1,8,61,38e62b6b,24.576232208055444,0,89,29.484375
spectrum,2951,1966176480,512,1,8,61,aeae4370,24.584228898980655,0,91,30.205078125
spectrum,2952,1966895680,512,1,8,62,92359531,24.593159385956824,0,96,30.26953125
spectrum,2953,1967536480,512,1,8,60,5f188e61,24.601159173063934,0,86,28.0625
spectrum,2954,1968176480,512,1,8,62,2dfdc146,24.6091986449901,0,90,31.1328125
spectrum,2955,1968895680,512,1,8,30,fe9f840f,24.61815731599927,0,122,29.25390625
spectrum,2956,1969536480,512,1,8,72,a7c63b3d,24.626295104040764,0,116,41.498046875
spectrum,2957,1970177760,512,1,8,61,bb23b132,24.634238644037396,0,94,29.291015625
spectrum,2958,1970896000,512,1,8,31,4caba602,24.643277726951055,0,126,30.302734375
spectrum,2959,1971536720,512,1,8,62,ad897544,24.65115799801424,0,93,30.39453125
spectrum,2960,1972177440,512,1,8,62,c0fb67ea,24.659317387035117,0,97,30.162109375
spectrum,2961,1972895680,512,1,8,61,03de6d28,24.668162773014046,0,90,29.951171875
spectrum,2962,1973538080,512,1,8,63,bac722a7,24.676399728981778,0,100,31.701171875
spectrum,2963,1974176880,512,1,8,72,ba6fc8be,24.684241035953164,0,116,41.306640625
spectrum,2964,1974896000,512,1,8,63,ec4f9126,24.693229833967052,0,95,31.521484375
spectrum,2965,1975536800,512,1,8,60,bfc54104,24.701213769963942,0,88,29.556640625
spectrum,2966,1976176800,512,1,8,53,b09d8081,24.709237953065895,0,96,25.017578125
spectrum,2967,1976896000,512,1,8,31,28376a0c,24.718240416957997,0,124,31.1640625
spectrum,2968,1977536720,512,1,8,72,f188893c,24.72621861298103,0,118,39.955078125
spectrum,2969,1978191760,512,1,8,31,51524afc,24.73437808197923,0,115,27.849609375
spectrum,2970,1978895680,512,1,8,39,6e792835,24.743379313964397,0,134,61.6484375
spectrum,2971,1979536560,512,1,8,60,66d781c7,24.751253852969967,0,84,28.66796875
spectrum,2972,1980177760,512,1,8,61,c7041e0b,24.75926217599772,0,88,28.91796875
spectrum,2973,1980896000,512,1,8,66,4a6fac61,24.76826316700317,0,99,34.43359375
spectrum,2974,1981537440,512,1,8,37,d3f36aa6,24.77628198999446,0,119,38.29296875
spectrum,2975,1982176560,512,1,8,61,d13cdc48,24.784283831017092,0,98,30.37109375
spectrum,2976,1982895680,512,1,8,59,ed1f54b6,24.793191335047595,0,84,28.3046875
spectrum,2977,1983536480,512,1,8,63,fb20d26a,24.80123453401029,0,96,31.849609375
spectrum,2978,1984176480,512,1,8,54,b55a8639,24.809222618001513,0,97,24.498046875
spectrum,2979,1984895680,512,1,8,39,13de1c9e,24.818251361954026,0,129,31.990234375
spectrum,2980,1985536480,512,1,8,62,790b7a37,24.826234546955675,0,94,29.794921875
spectrum,2981,1986176480,512,1,8,62,19004a8f,24.834376191953197,0,90,30.904296875
spectrum,2982,1986896000,512,1,8,31,c1c624bd,24.843254682025872,0,125,31.265625
spectrum,2983,1987536480,512,1,8,60,ad9da157,24.85123118397314,0,89,29.265625
spectrum,2984,1988177760,512,1,8,58,2c8cfabe,24.85934833297506,0,90,27.580078125
spectrum,2985,1988896000,512,1,8,62,14969194,24.868231041007675,0,94,31.8984375
spectrum,2986,1989538400,512,1,8,63,996c4209,24.876235336065292,0,97,32.443359375
spectrum,2987,1990176560,512,1,8,63,7322ea66,24.88418808300048,0,94,30.98828125
spectrum,2988,1990895680,512,1,8,37,e762499f,24.8931755090598,0,127,29.3203125
spectrum,2989,1991536480,512,1,8,72,4f24531a,24.901192878955044,0,110,38.8828125
spectrum,2990,1992176480,512,1,8,39,68221447,24.90923519595526,0,131,40.275390625
spectrum,2991,1992895680,512,1,8,65,79523418,24.918177156010643,0,97,33.103515625
spectrum,2992,1993539600,512,1,8,60,bc4cf502,24.92624678404536,0,96,39.962890625
spectrum,2993,1994176560,512,1,8,72,288cbfec,24.93422485003248,0,121,39.8203125
spectrum,2994,1994896960,512,1,8,31,5d8bf226,24.944217488053255,0,125,31.013671875
spectrum,2995,1995537360,512,1,8,31,2e024896,24.951221349998377,0,125,31.076171875
spectrum,2996,1996178400,512,1,8,62,d16328fc,24.959268255974166,0,89,30.1171875
spectrum,2997,1996896000,512,1,8,63,930e9f90,24.968270970042795,0,99,32.3671875
spectrum,2998,1997536800,512,1,8,61,694a012f,24.976404068991542,0,91,30.908203125
spectrum,2999,1998177520,512,1,8,39,2eebbe8a,24.984385560965165,0,127,42.365234375
spectrum,3000,1998895680,512,1,8,60,d5dd2788,24.993188056978397,0,85,29.55078125
spectrum,3001,1999536480,512,1,8,60,a64009e4,25.001188184018247,0,87,29.419921875
spectrum,3002,2000176480,512,1,8,58,678e6c43,25.009166360017844,0,95,27.73046875
spectrum,3003,2000895680,512,1,8,61,08caeef9,25.01822338695638,0,93,30.427734375
spectrum,3004,2001536480,512,1,8,39,a3ec9ab4,25.02617733704392,0,129,32.767578125
spectrum,3005,2002176480,512,1,8,62,86d20bed,25.03424455097411,0,99,30.517578125
spectrum,3006,2002896320,512,1,8,33,998a908c,25.043251694063656,0,120,34.466796875
spectrum,3007,2003537440,512,1,8,72,cc823fd5,25.051248574978672,0,119,40.822265625
spectrum,3008,2004176560,512,1,8,38,d5dcbbaf,25.05923510703724,0,132,25.5546875
spectrum,3009,2004896320,512,1,8,59,add5e77a,25.068300398997962,0,97,27.826171875
spectrum,3010,2005536880,512,1,8,61,e6de686a,25.076221687952057,0,91,30.365234375
spectrum,3011,2006177440,512,1,8,62,ba381af8,25.08425079996232,0,92,30.845703125
spectrum,3012,2006895680,512,1,8,61,cd869f3e,25.09323331597261,0,94,30.60546875
spectrum,3013,2007536480,512,1,8,37,e5511c89,25.10139526904095,0,123,30.125
spectrum,3014,2008177520,512,1,8,61,75c3260c,25.109234813018702,0,91,28.69921875
spectrum,3015,2008895680,512,1,8,60,87f97aa9,25.118180579971522,0,88,29.873046875
spectrum,3016,2009536480,512,1,8,72,46567c69,25.126183292013593,0,125,40.5234375
spectrum,3017,2010176480,512,1,8,33,8fde6e20,25.134254744043574,0,122,40.40234375
spectrum,3018,2010895680,512,1,8,62,e1d2756c,25.143368478049524,0,93,31.294921875
spectrum,3019,2011538160,512,1,8,31,9c65d27a,25.151258117053658,0,130,26.55859375
spectrum,3020,2012177440,512,1,8,39,cc7237c5,25.15939804899972,0,127,42.7265625
spectrum,3021,2012896320,512,1,8,39,5da91773,25.16827917296905,0,134,27.646484375
spectrum,3022,2013540000,512,1,8,62,97aecaab,25.176282315980643,0,95,32.13671875
spectrum,3023,2014177760,512,1,8,60,9e6cd12a,25.18425130401738,0,102,30.52734375
spectrum,3024,2014895680,512,1,8,62,f25d9287,25.193189857061952,0,97,30.3984375
spectrum,3025,2015536480,512,1,8,72,ead1f47e,25.201229389058426,0,127,39.38671875
spectrum,3026,2016176480,512,1,8,53,03efdbb7,25.209164934,0,101,22.99609375
spectrum,3027,2016895680,512,1,8,37,99db1256,25.218260394060053,0,124,30.458984375
spectrum,3028,2017536480,512,1,8,72,c1bb5a5c,25.22628285398241,0,119,39.78515625
spectrum,3029,2018176480,512,1,8,63,bde7796d,25.234215312986635,0,91,31.244140625
spectrum,3030,2018895680,512,1,8,63,21166061,25.243216032977216,0,91,30.646484375
spectrum,3031,2019537760,512,1,8,60,3b7f3f82,25.251259573036805,0,98,29.681640625
spectrum,3032,2020176880,512,1,8,53,cc8f5188,25.259244892047718,0,100,29.59375
spectrum,3033,2020896000,512,1,8,60,3badc2c2,25.268252565991133,0,90,31.13671875
spectrum,3034,2021536560,512,1,8,61,5dc82bd0,25.276246211025864,0,94,30.4609375
spectrum,3035,2022176480,512,1,8,62,298dbf68,25.284410809981637,0,88,31.40625
spectrum,3036,2022896000,512,1,8,63,b58fd78a,25.293241609004326,0,94,31.96875
spectrum,3037,2023536480,512,1,8,60,a794602c,25.301221547997557,0,86,29.326171875
spectrum,3038,2024176480,512,1,8,63,4b74d03c,25.309247403987683,0,91,30.615234375
spectrum,3039,2024895680,512,1,8,64,eea02f4d,25.318167372024618,0,91,30.66796875
spectrum,3040,2025536480,512,1,8,38,824b10b1,25.326227382058278,0,122,38.640625
spectrum,3041,2026176480,512,1,8,72,bcac5a58,25.334195459028706,0,118,39.681640625
spectrum,3042,2026895680,512,1,8,63,df0d63b1,25.343208012054674,0,96,31.783203125
spectrum,3043,2027537760,512,1,8,63,9d9f91e5,25.35124620096758,0,92,31.392578125
spectrum,3044,2028176880,512,1,8,58,65e85c7f,25.35936181701254,14,130,81.099609375
spectrum,3045,2028896640,512,1,8,39,f6c01694,25.368227691971697,0,124,33.107421875
spectrum,3046,2029537440,512,1,8,72,6ff56761,25.37627176300157,0,112,40.546875
spectrum,3047,2030176800,512,1,8,38,3a384929,25.384221435058862,0,123,37.17578125
spectrum,3048,2030896000,512,1,8,36,be84b6ed,25.393270206055604,0,125,38.666015625
spectrum,3049,2031536560,512,1,8,72,2fcb89c8,25.401251498027705,0,126,40.791015625
spectrum,3050,2032176480,512,1,8,72,73e7279e,25.409262815956026,0,116,39.87109375
spectrum,3051,2032895680,512,1,8,72,bcee19fc,25.41823662596289,0,115,40.828125
spectrum,3052,2033536480,512,1,8,61,958c23f5,25.426227636053227,0,91,30.01953125
spectrum,3053,2034179600,512,1,8,61,e5c5709a,25.434225118951872,0,89,28.890625
spectrum,3054,2034895680,512,1,8,61,ca5d8c17,25.443203998031095,0,88,29.685546875
spectrum,3055,2035538640,512,1,8,62,430a2988,25.451324142049998,0,95,30.81640625
spectrum,3056,2036176880,512,1,8,61,63afd871,25.459272391046397,0,91,29.927734375
spectrum,3057,2036896000,512,1,8,38,6ccf3a30,25.46839701605495,0,124,38.2421875
spectrum,3058,2037537520,512,1,8,72,5cb339eb,25.476260464987718,0,117,39.857421875
spectrum,3059,2038176560,512,1,8,59,d191d365,25.484262295998633,0,87,29.076171875
spectrum,3060,2038896320,512,1,8,72,9db8b613,25.493289637030102,0,129,41.037109375
spectrum,3061,2039536880,512,1,8,37,dac566cd,25.50125146098435,0,101,14.69140625
spectrum,3062,2040176720,512,1,8,62,0fa67492,25.509243834065273,0,91,30.955078125
spectrum,3063,2040896000,512,1,8,60,838cde77,25.518223835970275,0,88,28.609375
spectrum,3064,2041536800,512,1,8,64,5d1132cd,25.526229963987134,0,93,31.986328125
spectrum,3065,2042176800,512,1,8,63,ce14ea95,25.534259277046658,0,98,32.1015625
spectrum,3066,2042896000,512,1,8,38,e866f80c,25.543260689009912,0,121,39.4765625
spectrum,3067,2043536800,512,1,8,64,15b73eb7,25.5513922550017,0,95,32.0078125
spectrum,3068,2044177520,512,1,8,31,06618b3e,25.559235175023787,0,125,31.525390625
spectrum,3069,2044895680,512,1,8,61,ce10b23d,25.56817994895391,0,89,29.671875
spectrum,3070,2045537760,512,1,8,61,583dc04b,25.57630470197182,0,85,28.626953125
spectrum,3071,2046176880,512,1,8,63,6ae93c35,25.584236519993283,0,96,32.080078125
spectrum,3072,2046896640,512,1,8,58,c2c38ba5,25.593265844974667,0,90,28.34765625
spectrum,3073,2047537440,512,1,8,60,1fc8527a,25.601213622954674,0,93,29.880859375
spectrum,3074,2048176800,512,1,8,63,aa4ed22e,25.609187731985003,0,96,31.900390625
spectrum,3075,2048896000,512,1,8,38,3fc5ba8f,25.61841210501734,0,121,39.74609375
spectrum,3076,2049537520,512,1,8,62,34523c94,25.626349915051833,0,93,30.646484375
spectrum,3077,2050176560,512,1,8,63,54d00d0c,25.634229474002495,0,97,32.05078125
spectrum,3078,2050896320,512,1,8,72,c29c9c47,25.643269959953614,0,121,40.572265625
spectrum,3079,2051536880,512,1,8,62,29eb9fc5,25.65127232100349,0,94,31.6796875
spectrum,3080,2052177440,512,1,8,64,f800f06c,25.659247591975145,0,97,32.61328125
spectrum,3081,2052895680,512,1,8,64,270ba446,25.66826797905378,0,95,32.767578125
spectrum,3082,2053537680,512,1,8,63,9da9448a,25.676271914038807,0,92,31.4921875
spectrum,3083,2054180000,512,1,8,63,43e2cadf,25.68426599004306,0,95,31.92578125
spectrum,3084,2054896320,512,1,8,62,30ad5afd,25.69339527399279,0,91,31.28515625
spectrum,3085,2055537280,512,1,8,61,a26894ff,25.701254194020294,0,92,30.2734375
spectrum,3086,2056176480,512,1,8,61,50050459,25.709185892017558,0,90,29.048828125
spectrum,3087,2056895680,512,1,8,60,0adfd8d1,25.718179768999107,0,95,29.9140625
spectrum,3088,2057536480,512,1,8,72,f68ad4d2,25.726261441013776,0,113,40.654296875
spectrum,3089,2058176480,512,1,8,62,c33b90fa,25.734235187992454,0,91,30.369140625
spectrum,3090,2058895680,512,1,8,62,1b9fc76c,25.743264151969925,0,93,31.1171875
spectrum,3091,2059536480,512,1,8,31,631e9755,25.75122655800078,0,124,31.708984375
spectrum,3092,2060113360,512,1,8,31,65cd11d4,25.759239629958756,0,126,30.89453125
spectrum,3093,2060816320,512,1,8,31,bafb84e3,25.767237553023733,0,122,31.4140625
spectrum,3094,2061457440,512,1,8,29,3fbe6690,25.77542058704421,0,123,30.873046875
spectrum,3095,2062097200,512,1,8,38,eb17f06e,25.783261041971855,0,122,39.00390625
spectrum,3096,2062815680,512,1,8,62,b68be26f,25.79226114100311,0,90,30.53515625
spectrum,3097,2063457760,512,1,8,65,e041c3a2,25.800253845052794,0,103,32.576171875
spectrum,3098,2064096880,512,1,8,63,2b694207,25.808298796997406,0,96,30.560546875
spectrum,3099,2064816000,512,1,8,39,b4ef89e2,25.817235767026432,0,126,32.787109375
spectrum,3100,2065456800,512,1,8,63,4326783f,25.82528834301047,0,90,30.857421875
spectrum,3101,2066096800,512,1,8,64,047fb66b,25.83318614703603,0,97,33.267578125
spectrum,3102,2066816000,512,1,8,38,7713f1ad,25.842215541983023,0,126,41.779296875
spectrum,3103,2067456800,512,1,8,65,c57a875b,25.85018788697198,0,106,34.125
spectrum,3104,2068096800,512,1,8,39,7fa2cd46,25.858266272000037,0,130,32.27734375
spectrum,3105,2068816000,512,1,8,63,80ecc4c4,25.8672715210123,0,98,31.857421875
spectrum,3106,2069456560,512,1,8,40,437340b3,25.8752501179697,0,125,40.267578125
spectrum,3107,2070097760,512,1,8,72,9fa471fe,25.88326876005158,0,123,41.3828125
spectrum,3108,2070816000,512,1,8,61,c54aa5f3,25.892220327979885,0,92,29.849609375
spectrum,3109,2071458400,512,1,8,31,7f911b52,25.900259318994358,0,122,30.5703125
spectrum,3110,2072096480,512,1,8,62,23513a5c,25.908219038974494,0,90,29.92578125
spectrum,3111,2072815680,512,1,8,39,34ca2973,25.91719055501744,0,131,34.31640625
spectrum,3112,2073456480,512,1,8,63,53190899,25.925252889981493,0,89,30.013671875
spectrum,3113,2074096480,512,1,8,63,d151c350,25.933198724058457,0,90,31.9609375
spectrum,3114,2074815680,512,1,8,65,94992cda,25.94221530505456,0,99,32.646484375
spectrum,3115,2075456480,512,1,8,62,a1fa1aa5,25.95021265698597,0,94,30.623046875
spectrum,3116,2076096480,512,1,8,63,f117ccc8,25.95823557698168,0,92,30.615234375
spectrum,3117,2076816640,512,1,8,61,1864fc74,25.967264381004497,0,91,30.49609375
spectrum,3118,2077456880,512,1,8,63,2d205d40,25.97519629902672,0,94,31.490234375
spectrum,3119,2078098400,512,1,8,62,d74e7195,25.983266690047458,0,92,30.89453125
spectrum,3120,2078815680,512,1,8,61,b7a7d689,25.992194592021406,0,95,29.4296875
spectrum,3121,2079456480,512,1,8,63,d5748ca0,26.00037122401409,0,97,30.962890625
spectrum,3122,2080097520,512,1,8,39,4dee6c9b,26.00824652495794,0,128,42.658203125
spectrum,3123,2080815680,512,1,8,63,e942d487,26.017186910961755,0,98,31.6484375
spectrum,3124,2081456480,512,1,8,72,5e3f28f4,26.02520313905552,0,109,38.8203125
spectrum,3125,2082096480,512,1,8,63,c5c82f34,26.033203365979716,0,95,31.62109375
spectrum,3126,2082815680,512,1,8,37,3ad1b8d4,26.042244603973813,0,123,38.83984375
spectrum,3127,2083456480,512,1,8,64,4fa61f26,26.050268486025743,0,91,31.6484375
spectrum,3128,2084096480,512,1,8,62,f4494703,26.058296064962633,0,90,30.25390625
spectrum,3129,2084816320,512,1,8,64,55c95e0e,26.06726957403589,0,101,31.982421875
spectrum,3130,2085456880,512,1,8,63,700063f9,26.07519909797702,0,93,30.3515625
spectrum,3131,2086097440,512,1,8,29,85511971,26.083385106991045,0,123,30.9765625
spectrum,3132,2086816000,512,1,8,62,d55ec90b,26.09222148603294,0,93,30.525390625
spectrum,3133,2087456480,512,1,8,62,c1e66e19,26.10027503501624,0,92,31.072265625
spectrum,3134,2088097760,512,1,8,64,5db180e4,26.108262888970785,0,96,31.4453125
spectrum,3135,2088816000,512,1,8,64,92681ee6,26.1171988369897,0,96,31.8125
spectrum,3136,2089456800,512,1,8,64,242807e0,26.125250410987064,0,98,31.314453125
spectrum,3137,2090097440,512,1,8,61,31c4e29b,26.133253735024482,0,114,31.275390625
spectrum,3138,2090815680,512,1,8,59,3a395b10,26.142321833060123,48,136,86.78125
spectrum,3139,2091456560,512,1,8,62,5c2540d1,26.15023674897384,0,96,30.083984375
spectrum,3140,2092096480,512,1,8,64,8379bb90,26.158206167980097,0,94,32.17578125
spectrum,3141,2092815680,512,1,8,64,dbd1be13,26.167382471030578,0,102,32.359375
spectrum,3142,2093458160,512,1,8,31,9f3a1507,26.175284142023884,0,125,30.666015625
spectrum,3143,2094097440,512,1,8,30,685b227a,26.18327123404015,0,129,28.125
spectrum,3144,2094816320,512,1,8,63,db4ba5c4,26.192273076972924,0,101,30.97265625
spectrum,3145,2095456880,512,1,8,63,4dcf764a,26.200276821036823,0,89,31.279296875
spectrum,3146,2096097680,512,1,8,61,466b906b,26.208267780952156,0,90,29.2265625
spectrum,3147,2096815680,512,1,8,64,7a117cb2,26.217267961008474,0,95,31.9453125
spectrum,3148,2097456480,512,1,8,62,8c23e7f9,26.22524441301357,0,93,31.556640625
spectrum,3149,2098096480,512,1,8,61,ab720579,26.233359707985073,0,95,30.9765625
spectrum,3150,2098815680,512,1,8,31,5776501a,26.242208592011593,0,126,30.48828125
spectrum,3151,2099456480,512,1,8,64,fcc7ae48,26.250231803045608,0,99,32.84375
spectrum,3152,2100096480,512,1,8,72,db99e9f0,26.258224566001445,0,123,39.298828125
spectrum,3153,2100815680,512,1,8,60,7525ad34,26.267202503047884,0,93,30.162109375
spectrum,3154,2101457760,512,1,8,63,e1278aac,26.275284265051596,0,94,31.283203125
spectrum,3155,2102096880,512,1,8,72,31192e68,26.28324767295271,0,111,39.248046875
spectrum,3156,2102816000,512,1,8,64,c7ef1530,26.29226199898403,0,93,30.884765625
spectrum,3157,2103456560,512,1,8,63,8bd3fe10,26.30022919399198,0,91,30.857421875
spectrum,3158,2104096480,512,1,8,72,17c29fa2,26.308461220003664,0,114,38.822265625
spectrum,3159,2104816000,512,1,8,39,0240d40a,26.317265999969095,0,126,41.267578125
spectrum,3160,2105456560,512,1,8,61,db045185,26.325204411055893,0,91,29.8203125
spectrum,3161,2106096480,512,1,8,38,e7a29a69,26.333104377961718,0,126,30.306640625
spectrum,3162,2106815680,512,1,8,72,b327df74,26.342277124058455,0,119,39.943359375
spectrum,3163,2107456480,512,1,8,61,ad96f27b,26.350192371057346,0,92,29.658203125
spectrum,3164,2108096480,512,1,8,63,9230d99d,26.358200193033554,0,93,30.240234375
spectrum,3165,2108815680,512,1,8,62,704c4a0a,26.36721071205102,0,93,31.177734375
spectrum,3166,2109457760,512,1,8,63,735c0cb5,26.37525140598882,0,92,30.224609375
spectrum,3167,2110096880,512,1,8,63,38ca6eea,26.383206528029405,0,92,30.880859375
spectrum,3168,2110816640,512,1,8,37,83eff15e,26.392260069027543,0,125,30.259765625
spectrum,3169,2111457440,512,1,8,72,08b35eb4,26.400265124975704,0,118,40.435546875
spectrum,3170,2112096800,512,1,8,30,28485798,26.408190511050634,0,125,29.951171875
spectrum,3171,2112816000,512,1,8,72,58b70233,26.41729374602437,0,111,39.861328125
spectrum,3172,2113456560,512,1,8,65,c0ed379d,26.425292309955694,0,100,32.69140625
spectrum,3173,2114096480,512,1,8,72,d5e4fd34,26.433337062015198,0,116,39.224609375
spectrum,3174,2114815680,512,1,8,65,d3086cb7,26.442267008009367,0,100,33.490234375
spectrum,3175,2115459920,512,1,8,38,b5c73d18,26.450183146982454,0,126,30.64453125
spectrum,3176,2116096480,512,1,8,72,17811d18,26.45823717606254,0,109,38.919921875
spectrum,3177,2116815680,512,1,8,72,79a8fa59,26.467219962971285,0,122,41.748046875
spectrum,3178,2117460560,512,1,8,63,176ff6c8,26.4753376620356,0,93,30.716796875
spectrum,3179,2118096880,512,1,8,37,d02c0674,26.483338049962185,0,125,29.99609375
spectrum,3180,2118816000,512,1,8,64,76c0533f,26.49239962606225,0,98,32.25390625
spectrum,3181,2119457520,512,1,8,62,baea8d8d,26.5003031300148,0,95,31.384765625
spectrum,3182,2120096560,512,1,8,72,c346341a,26.508215982001275,0,118,40.5625
spectrum,3183,2120816320,512,1,8,61,545e924c,26.51726661704015,0,91,29.4609375
spectrum,3184,2121456800,512,1,8,63,52782c4b,26.525189848965965,0,100,32.10546875
spectrum,3185,2122096800,512,1,8,63,2e755fa6,26.533294474007562,0,99,32.595703125
spectrum,3186,2122816000,512,1,8,64,51d5da6e,26.54222312802449,0,94,30.828125
spectrum,3187,2123456800,512,1,8,64,2f178c38,26.550277538015507,0,99,33.099609375
spectrum,3188,2124096800,512,1,8,72,4e0e6b6a,26.558249132009223,0,115,38.125
spectrum,3189,2124816000,512,1,8,31,78a446d9,26.567250282969326,0,130,27.76171875
spectrum,3190,2125456800,512,1,8,62,d106d4b8,26.575244629057124,0,96,30.45703125
spectrum,3191,2126097520,512,1,8,31,70ad585a,26.58327255898621,0,122,30.634765625
spectrum,3192,2126815680,512,1,8,61,b60df89b,26.592226732056588,0,90,30.720703125
spectrum,3193,2127457760,512,1,8,63,2fbd02d1,26.60026115400251,0,98,33.19140625
spectrum,3194,2128096880,512,1,8,63,847f7bf5,26.608217047993094,0,96,30.189453125
spectrum,3195,2128816640,512,1,8,61,6d0e4858,26.617272421950474,0,89,29.703125
spectrum,3196,2129457440,512,1,8,64,2f715e8c,26.62521561095491,0,91,31.81640625
spectrum,3197,2130096800,512,1,8,62,d30e562c,26.633248019963503,0,94,30.521484375
spectrum,3198,2130816000,512,1,8,39,ec82b1e7,26.642167977057397,0,132,29.998046875
spectrum,3199,2131456720,512,1,8,62,c098f326,26.65021405101288,0,89,30.16015625
spectrum,3200,2132096800,512,1,8,61,020439f0,26.658290383056737,0,95,29.79296875
spectrum,3201,2132816000,512,1,8,62,1be030ba,26.667182959034108,0,91,30.556640625
spectrum,3202,2133456800,512,1,8,29,767fc318,26.67541688901838,0,124,28.306640625
spectrum,3203,2134097440,512,1,8,60,1501b8cc,26.6833055249881,0,102,29.634765625
spectrum,3204,2134815680,512,1,8,62,3e0a05e0,26.692259837989695,0,92,29.466796875
spectrum,3205,2135389680,512,1,8,60,9887ee71,26.699423872982152,0,91,30.048828125
spectrum,3206,2136020400,512,1,8,72,e59307b1,26.707250811974518,0,114,39.212890625
spectrum,3207,2136736000,512,1,8,37,5299e7b1,26.716191238956526,0,121,30.328125
spectrum,3208,2137377680,512,1,8,61,58fd1438,26.72427318105474,0,94,30.23828125
spectrum,3209,2138016560,512,1,8,61,5a769427,26.73219708399847,0,98,29.455078125
spectrum,3210,2138735680,512,1,8,63,dd36cfad,26.741236367961392,0,93,31.32421875
spectrum,3211,2139376480,512,1,8,61,37f69569,26.749232247006148,0,91,29.251953125
spectrum,3212,2140016480,512,1,8,72,0799cac4,26.75725131004583,0,120,39.611328125
spectrum,3213,2140735680,512,1,8,62,3f63f0df,26.7662595550064,0,95,30.931640625
spectrum,3214,2141376480,512,1,8,62,a9e97ff6,26.774208695976995,0,93,30.482421875
spectrum,3215,2142016480,512,1,8,31,f6e468eb,26.7823914779583,0,125,31.185546875
spectrum,3216,2142736320,512,1,8,34,b3657154,26.791283022030257,0,119,35.99609375
spectrum,3217,2143376880,512,1,8,62,c3b4f236,26.799264324014075,0,92,31.673828125
spectrum,3218,2144017520,512,1,8,30,32bd6897,26.807229705969803,0,118,31.318359375
spectrum,3219,2144735680,512,1,8,63,e04caac2,26.81628928799182,0,95,32.52734375
spectrum,3220,2145377760,512,1,8,62,71997760,26.824303811998107,0,91,29.77734375
spectrum,3221,2146016880,512,1,8,63,f32d6e10,26.832226632977836,0,102,32.017578125
spectrum,3222,2146736000,512,1,8,72,4ef08117,26.84121107298415,0,108,39.181640625
spectrum,3223,2147376800,512,1,8,63,228e86b7,26.84919534996152,0,95,31.263671875
spectrum,3224,2148018640,512,1,8,30,969492ff,26.857246162951924,0,123,30.265625
spectrum,3225,2148735680,512,1,8,63,7c89b8d9,26.86629052599892,0,96,30.90625
spectrum,3226,2149376480,512,1,8,63,ebf42428,26.87428634602111,0,91,30.28125
spectrum,3227,2150016480,512,1,8,60,2679f383,26.882289277971722,0,100,28.9921875
spectrum,3228,2150736000,512,1,8,62,46a27ec5,26.89124216802884,0,88,29.037109375
spectrum,3229,2151376560,512,1,8,62,0b03fc10,26.899193532997742,0,89,30.529296875
spectrum,3230,2152017760,512,1,8,61,331e8e04,26.907271889038384,0,88,29.326171875
spectrum,3231,2152736000,512,1,8,61,65d00168,26.916201333981007,0,95,29.49609375
spectrum,3232,2153378640,512,1,8,39,47de4fc4,26.924222792033106,0,129,31.640625
spectrum,3233,2154016560,512,1,8,63,5918e8bf,26.93227641005069,0,93,31.869140625
spectrum,3234,2154735680,512,1,8,39,8876551e,26.941225472954102,0,125,40.765625
spectrum,3235,2155376480,512,1,8,62,98fcc3cf,26.949244707007892,0,93,31.865234375
spectrum,3236,2156016480,512,1,8,31,40886678,26.957143142004497,0,122,31.57421875
spectrum,3237,2156735680,512,1,8,62,9f3d7c84,26.966283987043425,0,96,32.009765625
spectrum,3238,2157378960,512,1,8,64,2ab71d96,26.97428566706367,0,96,31.94921875
spectrum,3239,2158016880,512,1,8,63,90ab9a32,26.98232915706467,0,94,31.6953125
spectrum,3240,2158736000,512,1,8,31,28507dac,26.99142798304092,0,130,27.490234375
spectrum,3241,2159377280,512,1,8,62,fc036965,26.999385018018074,0,96,31.29296875
spectrum,3242,2160017840,512,1,8,28,9c19f662,27.00733074301388,0,124,28.533203125
spectrum,3243,2160736000,512,1,8,65,2c5b7f25,27.01620441302657,0,98,34.111328125
spectrum,3244,2161376480,512,1,8,65,453f72bd,27.02439175499603,0,104,31.935546875
spectrum,3245,2162017600,512,1,8,29,3fc622a9,27.032238741987385,0,122,29.0859375
spectrum,3246,2162735680,512,1,8,64,f4f71bfc,27.041306469007395,0,98,31.685546875
spectrum,3247,2163376480,512,1,8,61,111e0e5a,27.049136894987896,0,93,30.037109375
spectrum,3248,2164016480,512,1,8,72,02cf9021,27.057291364995763,0,109,39.04296875
spectrum,3249,2164735680,512,1,8,64,ba3d457e,27.066199971013702,0,95,33.03125
spectrum,3250,2165376480,512,1,8,65,b2cbc3e5,27.074289668002166,0,98,32.81640625
spectrum,3251,2166016480,512,1,8,62,f58ce8d3,27.082294013001956,0,96,30.591796875
spectrum,3252,2166736320,512,1,8,64,a7a7ab1f,27.09127068798989,0,97,32.365234375
spectrum,3253,2167376880,512,1,8,65,d27b54d2,27.099212785018608,0,97,32.458984375
spectrum,3254,2168016800,512,1,8,29,78679e10,27.107257336960174,0,122,30.8046875
spectrum,3255,2168736000,512,1,8,50,89d2aac7,27.116223101038486,0,142,27.357421875
spectrum,3256,2169376480,512,1,8,63,02b4f5e8,27.12426675099414,0,98,31.783203125
spectrum,3257,2170017760,512,1,8,63,390ef3bc,27.132275925017893,0,97,31.98046875
spectrum,3258,2170736000,512,1,8,62,11340c12,27.141250635962933,0,97,30.970703125
spectrum,3259,2171376800,512,1,8,31,e6ffe588,27.149194756988436,0,127,31.080078125
spectrum,3260,2172016800,512,1,8,61,08e18214,27.157204022048973,0,96,29.662109375
spectrum,3261,2172736000,512,1,8,39,3a87907a,27.166218088008463,0,127,40.443359375
spectrum,3262,2173376800,512,1,8,62,34ec8c5b,27.174249534029514,0,91,30.001953125
spectrum,3263,2174016800,512,1,8,63,4b1d5f42,27.182253459002823,0,101,31.298828125
spectrum,3264,2174736000,512,1,8,62,710284f0,27.191467292024754,0,91,29.904296875
spectrum,3265,2175377840,512,1,8,64,7caccdeb,27.19929435197264,0,91,28.927734375
spectrum,3266,2176017840,512,1,8,38,3a1987b9,27.20724760100711,0,125,31.181640625
spectrum,3267,2176736320,512,1,8,42,799678ab,27.216414274997078,0,124,30.572265625
spectrum,3268,2177377920,512,1,8,62,48cbf6c3,27.22421316197142,0,94,30.251953125
spectrum,3269,2177948800,512,1,8,63,a634650d,27.231405962025747,0,95,30.80859375
spectrum,3270,2178656000,512,1,8,62,9114f007,27.24028528202325,0,91,30.482421875
spectrum,3271,2179296800,512,1,8,61,c42453d9,27.248249692027457,0,93,29.810546875
spectrum,3272,2179936800,512,1,8,63,a734c3e8,27.256262704031542,0,94,31.818359375
spectrum,3273,2180656000,512,1,8,65,5fde4ff5,27.265259706997313,0,97,32.501953125
spectrum,3274,2181296800,512,1,8,64,fc012f88,27.273264011950232,0,95,31.296875
spectrum,3275,2181936800,512,1,8,61,e2815f8e,27.281231467961334,0,91,29.951171875
spectrum,3276,2182656000,512,1,8,63,a5383b34,27.29025132395327,0,93,30.837890625
spectrum,3277,2183297440,512,1,8,41,255a162f,27.29829588602297,0,124,36.404296875
spectrum,3278,2183936560,512,1,8,65,265bdc63,27.30626789003145,0,95,32.1875
spectrum,3279,2184656320,512,1,8,64,dcb23cab,27.315295340958983,0,97,31.6953125
spectrum,3280,2185296880,512,1,8,62,62710908,27.323258458054624,0,91,30.349609375
spectrum,3281,2185936800,512,1,8,63,bde158fd,27.331321023986675,0,95,31.748046875
spectrum,3282,2186656000,512,1,8,38,8c75b9e5,27.340355377993546,0,125,31.251953125
spectrum,3283,2187296480,512,1,8,64,3d482e18,27.348280673031695,0,98,32.208984375
spectrum,3284,2187936480,512,1,8,64,bb146d5b,27.356164089986123,0,96,32.2890625
spectrum,3285,2188655680,512,1,8,72,bba32726,27.365263066021726,0,117,39.216796875
spectrum,3286,2189296480,512,1,8,61,867ed43a,27.373727421974763,0,88,29.482421875
spectrum,3287,2189936480,512,1,8,72,73b85835,27.38132250297349,0,114,40.0234375
spectrum,3288,2190655680,512,1,8,64,4c782bf7,27.39030955696944,0,91,31.5859375
spectrum,3289,2191304880,512,1,8,62,5348a287,27.398272664053366,0,90,30.427734375
spectrum,3290,2191937200,512,1,8,62,df16b12d,27.40632759500295,0,92,30.439453125
spectrum,3291,2192656000,512,1,8,30,b7593bc6,27.415284132002853,0,127,31.5234375
spectrum,3292,2193297200,512,1,8,63,723c63b8,27.423380221007392,0,96,30.515625
spectrum,3293,2193936480,512,1,8,29,2adf58f0,27.43127016001381,0,122,29.275390625
spectrum,3294,2194656320,512,1,8,62,28ae2d77,27.440261072013527,0,91,30.369140625
spectrum,3295,2195296880,512,1,8,65,37267e09,27.44827685900964,0,100,32.798828125
spectrum,3296,2195936800,512,1,8,60,926669fa,27.45619875798002,0,93,29.38671875
spectrum,3297,2196656000,512,1,8,64,0d779fbb,27.465303956065327,0,100,33.068359375
spectrum,3298,2197299920,512,1,8,64,85d123ec,27.47332027403172,0,93,31.44921875
spectrum,3299,2197936800,512,1,8,62,de88fd6c,27.48131355806254,0,90,29.84375
spectrum,3300,2198656000,512,1,8,62,90cb421d,27.49031065206509,0,89,29.419921875
spectrum,3301,2199296800,512,1,8,64,8253518f,27.49843130703084,0,96,32.638671875
spectrum,3302,2199937920,512,1,8,37,43892e5b,27.506277734064497,0,125,29.205078125
spectrum,3303,2200655680,512,1,8,61,c7b302f4,27.515283073065802,0,94,30.005859375
spectrum,3304,2201297680,512,1,8,65,dfa42477,27.52332868601661,0,95,32.0703125
spectrum,3305,2201936880,512,1,8,63,658a26b0,27.531230687978677,0,98,32.66015625
spectrum,3306,2202656000,512,1,8,63,a050d663,27.540307182003744,0,96,30.5625
spectrum,3307,2203296560,512,1,8,29,9202c815,27.548270359053276,0,123,29.958984375
spectrum,3308,2203936480,512,1,8,63,3f43de6a,27.55615305399988,0,96,30.974609375
spectrum,3309,2204655680,512,1,8,31,0b72a2bf,27.565278621041216,0,130,27.98046875
spectrum,3310,2205296480,512,1,8,60,4c0d277f,27.573236408061348,0,93,28.64453125
spectrum,3311,2205936480,512,1,8,72,ad1894ea,27.581234851968475,0,122,39.8515625
spectrum,3312,2206655680,512,1,8,62,2c48be7f,27.590285717044026,0,90,30.470703125
spectrum,3313,2207296480,512,1,8,31,3c31d3be,27.598264424013905,0,121,31.38671875
spectrum,3314,2207937680,512,1,8,31,fa74cc83,27.60631495702546,0,131,25.50390625
spectrum,3315,2208656000,512,1,8,64,54f39ad2,27.615223602973856,0,100,32.837890625
spectrum,3316,2209297760,512,1,8,31,0154656f,27.623245571972802,0,128,29.56640625
spectrum,3317,2209936800,512,1,8,72,3e5ef9a7,27.631330028059892,0,112,40.76953125
spectrum,3318,2210656000,512,1,8,35,1f3b348b,27.640441728988662,0,123,36.025390625
spectrum,3319,2211297600,512,1,8,62,c79959be,27.648808249039575,0,94,30.17578125
spectrum,3320,2211936480,512,1,8,30,c5086cea,27.656584472977556,0,124,29.501953125
spectrum,3321,2212655680,512,1,8,65,51c864b4,27.665253135026433,0,104,33.474609375
spectrum,3322,2213296480,512,1,8,63,3b95a670,27.673207796062343,0,94,30.17578125
spectrum,3323,2213936480,512,1,8,63,87deaa4b,27.68127054197248,0,99,31.67578125
spectrum,3324,2214655680,512,1,8,62,1d19205b,27.69025664497167,0,89,29.427734375
spectrum,3325,2215296480,512,1,8,39,8c8230d4,27.69823849806562,0,133,30.453125
spectrum,3326,2215937680,512,1,8,63,fc877502,27.706270596012473,0,94,31.576171875
spectrum,3327,2216656000,512,1,8,64,5363b027,27.715295401983894,0,98,31.98046875
spectrum,3328,2217310240,512,1,8,39,155e43ae,27.723468426032923,0,129,31.81640625
spectrum,3329,2217936640,512,1,8,63,048c51e0,27.731229641009122,0,94,31.287109375
spectrum,3330,2218655680,512,1,8,62,06142137,27.740270748035982,0,91,29.75390625
spectrum,3331,2219298000,512,1,8,72,4d69f0a0,27.74830771505367,0,123,41.025390625
spectrum,3332,2219936880,512,1,8,72,f66fd9d2,27.756305878981948,0,117,38.5078125
spectrum,3333,2220656000,512,1,8,63,f5f59280,27.76529687095899,0,95,31.314453125
spectrum,3334,2221296800,512,1,8,38,56dee0e3,27.77325770398602,0,125,32.109375
spectrum,3335,2221936800,512,1,8,64,7cee5de8,27.781212655012496,0,98,31.66015625
spectrum,3336,2222656000,512,1,8,72,f0153191,27.790218295063823,0,118,39.2109375
spectrum,3337,2223296800,512,1,8,63,f4e7a803,27.798290899954736,0,99,31.4140625
spectrum,3338,2223937520,512,1,8,29,aebd5fc5,27.80647647799924,0,127,25.62890625
spectrum,3339,2224656640,512,1,8,31,365890e1,27.816270750015974,0,131,25.5625
spectrum,3340,2225297360,512,1,8,72,43099a4a,27.82424979703501,0,115,40.0390625
spectrum,3341,2225937680,512,1,8,29,7e5e4bd7,27.831310927984305,0,121,29.4609375
spectrum,3342,2226655680,512,1,8,63,42f5fcfc,27.840286641032435,0,98,31.923828125
spectrum,3343,2227297760,512,1,8,39,cb26d385,27.848315382027067,0,126,40.16796875
spectrum,3344,2227936880,512,1,8,61,5e8c39d4,27.856311692041345,0,89,29.8671875
spectrum,3345,2228656000,512,1,8,30,63c39193,27.8652140670456,0,122,30.9921875
spectrum,3346,2229296720,512,1,8,72,c0bddfef,27.873271632008255,0,115,39.314453125
spectrum,3347,2229936800,512,1,8,62,ae386a61,27.88129409204703,0,92,30.447265625
spectrum,3348,2230656000,512,1,8,36,6b85570b,27.89011416095309,0,123,29.30859375
spectrum,3349,2231296720,512,1,8,62,4432fa80,27.898237571003847,0,88,30.544921875
spectrum,3350,2231936800,512,1,8,38,94dbc24c,27.906283235060982,0,124,39.25
spectrum,3351,2232656000,512,1,8,63,aa15f9ff,27.91528862400446,0,93,32.431640625
spectrum,3352,2233296560,512,1,8,40,b12820d9,27.92329367098864,0,127,39.84765625
spectrum,3353,2233937760,512,1,8,39,d5fa359d,27.931275133043528,0,135,28.505859375
spectrum,3354,2234656000,512,1,8,63,7e2fc682,27.940346205956303,0,89,29.83984375
spectrum,3355,2235298640,512,1,8,39,a3813137,27.948268015054055,0,129,32.048828125
spectrum,3356,2235936560,512,1,8,62,6005f957,27.95633708301466,0,93,30.82421875
spectrum,3357,2236655680,512,1,8,39,360ef84c,27.965231301961467,0,129,32.0546875
spectrum,3358,2237296480,512,1,8,63,e22b75f7,27.973266916000284,0,94,30.6875
spectrum,3359,2237939920,512,1,8,66,534d8e94,27.981288023060188,0,101,34.560546875
spectrum,3360,2238655680,512,1,8,64,6f54e759,27.990267412969843,0,92,30.61328125
spectrum,3361,2239296480,512,1,8,38,af8ae016,27.998246900970116,0,131,40.77734375
spectrum,3362,2239936480,512,1,8,63,80079565,28.00655595306307,0,95,32.1171875
spectrum,3363,2240656640,512,1,8,62,44cc980d,28.015227501047775,0,94,30.923828125
spectrum,3364,2241296880,512,1,8,34,1b02d062,28.023239359958097,0,120,32.87109375
spectrum,3365,2241944720,512,1,8,38,b1d80270,28.031321843038313,0,127,30.966796875
spectrum,3366,2242655680,512,1,8,63,a0413a78,28.04037810896989,0,89,29.888671875
spectrum,3367,2243296480,512,1,8,62,4df96313,28.04829725297168,0,89,30.74609375
spectrum,3368,2243937520,512,1,8,40,7f378f14,28.056290577049367,0,126,43.146484375
spectrum,3369,2244655680,512,1,8,63,c034c8fe,28.065289063029923,0,96,31.23828125
spectrum,3370,2245296480,512,1,8,64,16787a84,28.073271307046525,0,90,31.08984375
spectrum,3371,2245936480,512,1,8,62,6c9ed065,28.081232459982857,0,95,31.1015625
spectrum,3372,2246656320,512,1,8,63,d8b37a68,28.090356303961016,0,93,31.115234375
spectrum,3373,2247296880,512,1,8,30,ed4f2bbc,28.09821845998522,0,121,30.83984375
spectrum,3374,2247936800,512,1,8,31,4fda9a44,28.106315360055305,0,130,28.5078125
spectrum,3375,2248656000,512,1,8,64,2bd8ba24,28.115318014053628,0,102,32.310546875
spectrum,3376,2249296560,512,1,8,64,a922090b,28.12325167597737,0,101,31.4375
spectrum,3377,2249936480,512,1,8,39,641067a4,28.131444226950407,0,126,40.806640625
spectrum,3378,2250656000,512,1,8,63,4a58a64c,28.14026598900091,0,93,31.720703125
spectrum,3379,2251296560,512,1,8,36,bd342366,28.14822984696366,0,126,37.892578125
spectrum,3380,2251937760,512,1,8,63,236b86d4,28.156223942991346,0,91,31.486328125
spectrum,3381,2252656000,512,1,8,61,dd589804,28.165207630954683,0,92,28.59765625
spectrum,3382,2253296800,512,1,8,38,05abb274,28.173265918972902,0,127,31.017578125
spectrum,3383,2253936800,512,1,8,63,41c26243,28.181225638953038,0,93,31.322265625
spectrum,3384,2254656000,512,1,8,63,dd402ab3,28.190344884060323,0,97,30.390625
spectrum,3385,2255296800,512,1,8,62,11461472,28.198284166050144,0,92,29.8125
spectrum,3386,2255936800,512,1,8,62,cc1b9c83,28.206263554049656,0,96,30.900390625
spectrum,3387,2256656000,512,1,8,63,46183a0d,28.215437953011133,0,96,31.177734375
spectrum,3388,2257298160,512,1,8,31,609008e4,28.223320799064822,0,130,28.146484375
spectrum,3389,2257940720,512,1,8,62,cf1430da,28.231267545023,0,90,30.775390625
spectrum,3390,2258656640,512,1,8,64,24dc24e6,28.240333799039945,0,97,32.34375
spectrum,3391,2259296880,512,1,8,60,69096601,28.248284823959693,0,90,29.146484375
spectrum,3392,2259870080,512,1,8,61,f2d879c1,28.25543425104115,0,94,30.509765625
spectrum,3393,2260575680,512,1,8,72,9cea4b0f,28.264235354028642,0,117,41.279296875
spectrum,3394,2261216480,512,1,8,61,d15e00dc,28.272245940985158,0,90,30.353515625
spectrum,3395,2261856480,512,1,8,61,5110e28e,28.280279712053016,0,90,30.19921875
spectrum,3396,2262575680,512,1,8,72,ea3aec9c,28.289222383056767,0,115,40.244140625
spectrum,3397,2263216480,512,1,8,62,e015784d,28.297298333025537,0,93,30.126953125
spectrum,3398,2263856480,512,1,8,72,fb18ccac,28.30529192800168,0,116,39.953125
spectrum,3399,2264575680,512,1,8,72,38cbd7f3,28.314156451029703,0,116,40.87890625
spectrum,3400,2265217760,512,1,8,63,f8434df3,28.322313153999858,0,95,31.65625
spectrum,3401,2265856880,512,1,8,65,ce74ade5,28.330309574957937,0,101,32.701171875
spectrum,3402,2266576000,512,1,8,62,d30b1e6c,28.339376881020144,0,94,29.9609375
spectrum,3403,2267217200,512,1,8,63,1d5f6b38,28.347305241972208,0,96,33.26953125
spectrum,3404,2267856480,512,1,8,33,631fdcda,28.35531946597621,0,126,36.34375
spectrum,3405,2268576000,512,1,8,63,d1bb3122,28.364257488050498,0,97,32.025390625
spectrum,3406,2269216560,512,1,8,62,2f5d8ee4,28.372316507040523,0,91,30.138671875
spectrum,3407,2269856480,512,1,8,64,e2424381,28.380347972968593,0,99,32.216796875
spectrum,3408,2270575680,512,1,8,62,ee01b1e5,28.38927802001126,0,96,29.63671875
spectrum,3409,2271216480,512,1,8,38,7b7c49eb,28.39727865799796,0,127,31.2421875
spectrum,3410,2271856480,512,1,8,63,d5962cea,28.405279928003438,0,93,31.3046875
spectrum,3411,2272575680,512,1,8,63,7eddede1,28.41426881600637,0,92,31.88671875
spectrum,3412,2273217680,512,1,8,31,355533da,28.422231602016836,0,126,30.412109375
spectrum,3413,2273857440,512,1,8,61,7cff7e8a,28.430319646024145,0,94,29.44921875
spectrum,3414,2274575680,512,1,8,29,db919162,28.439373126020655,0,123,30.953125
spectrum,3415,2275217520,512,1,8,67,6bb1d4cc,28.447269808035344,0,110,35.1484375
spectrum,3416,2275856480,512,1,8,63,d4507219,28.455168933956884,0,94,30.59375
spectrum,3417,2276576320,512,1,8,63,57f90aa2,28.4642515090527,0,94,30.86328125
spectrum,3418,2277217440,512,1,8,63,597229b6,28.472311779973097,0,89,31.05859375
spectrum,3419,2277856560,512,1,8,61,3e01d7cc,28.4803385080304,0,98,30.16796875
spectrum,3420,2278575680,512,1,8,65,5fd72f17,28.489272000966594,0,92,32.10546875
spectrum,3421,2279216480,512,1,8,60,e123c664,28.497263101045974,0,90,30.05859375
spectrum,3422,2279856480,512,1,8,72,b962e905,28.50530953600537,0,117,41.775390625
spectrum,3423,2280575680,512,1,8,31,ad1f222c,28.514184067957103,0,129,29.546875
spectrum,3424,2281216480,512,1,8,61,def7864b,28.522308600018732,0,88,29.376953125
spectrum,3425,2281858480,512,1,8,61,06159d84,28.53036685695406,0,92,29.6875
spectrum,3426,2282576000,512,1,8,60,d1905b8d,28.539348652004264,0,127,44.634765625
spectrum,3427,2283217440,512,1,8,64,8784e2c9,28.54747379606124,12,140,69.541015625
spectrum,3428,2283856640,512,1,8,60,131674c0,28.555215112981386,0,107,28.955078125
spectrum,3429,2284576320,512,1,8,64,ec46003b,28.56431520206388,0,103,31.560546875
spectrum,3430,2285216880,512,1,8,61,0cea248e,28.572282116045244,0,89,29.572265625
spectrum,3431,2285856800,512,1,8,72,118671d3,28.580225505982526,0,113,41.28125
spectrum,3432,2286576000,512,1,8,62,e2abbb24,28.58926841604989,0,94,30.123046875
spectrum,3433,2287216800,512,1,8,60,06d6f806,28.597297628992237,0,96,29.671875
spectrum,3434,2287856800,512,1,8,39,066436bf,28.605226841988042,0,123,40.953125
spectrum,3435,2288576000,512,1,8,65,2b65a04c,28.614299798966385,0,99,33.978515625
spectrum,3436,2289216800,512,1,8,60,e5d0ebb9,28.622432276024483,0,100,29.271484375
spectrum,3437,2289857920,512,1,8,63,22d858ad,28.63023088197224,0,98,31.68359375
spectrum,3438,2290576000,512,1,8,65,3d2dd903,28.639220261014998,0,100,32.607421875
spectrum,3439,2291217440,512,1,8,63,90a4e619,28.647330767009407,0,98,31.4921875
spectrum,3440,2291856560,512,1,8,62,e8d64ff2,28.65528547903523,0,95,31.244140625
spectrum,3441,2292575680,512,1,8,34,4b9b6ebc,28.66429965395946,0,116,34.67578125
spectrum,3442,2293217520,512,1,8,63,4f263d10,28.672440367983654,0,100,31.0390625
spectrum,3443,2293857280,512,1,8,56,70a2ae35,28.6802613560576,0,88,30.609375
spectrum,3444,2294575680,512,1,8,65,328860a4,28.689249322051182,0,95,32.9140625
spectrum,3445,2295216480,512,1,8,62,79d1edcf,28.697293934063055,0,95,30.763671875
spectrum,3446,2295856480,512,1,8,30,9b46ae26,28.705287268036045,0,123,30.7109375
spectrum,3447,2296575680,512,1,8,62,584fec90,28.714324317057617,0,98,32.23046875
spectrum,3448,2297216480,512,1,8,39,03bcfe4c,28.722305128001608,0,127,39.337890625
spectrum,3449,2297857760,512,1,8,30,cbe9e230,28.730341073009185,0,118,30.767578125
spectrum,3450,2298576640,512,1,8,62,f9e29765,28.739299903973006,0,92,31.2890625
spectrum,3451,2299217200,512,1,8,29,d698499d,28.747402735985816,0,125,31.0
spectrum,3452,2299857280,512,1,8,61,dd1d8ed4,28.75537664303556,0,93,29.4140625
spectrum,3453,2300575680,512,1,8,64,03a5df85,28.76429893495515,0,97,33.765625
spectrum,3454,2301217760,512,1,8,40,ba57d38e,28.772310954984277,0,130,47.240234375
spectrum,3455,2301856960,512,1,8,66,166389f2,28.780266548041254,0,102,34.390625
spectrum,3456,2302576000,512,1,8,63,35a31eed,28.78922982804943,0,95,31.189453125
spectrum,3457,2303216800,512,1,8,72,c49599e1,28.797262025997043,0,125,40.001953125
spectrum,3458,2303856800,512,1,8,62,9d78a989,28.805340060032904,0,89,30.58203125
spectrum,3459,2304576000,512,1,8,62,d7eb82ff,28.81429903197568,0,93,31.275390625
spectrum,3460,2305216560,512,1,8,62,e7f0382b,28.82232529798057,0,92,30.45703125
spectrum,3461,2305856480,512,1,8,58,4cb14a9f,28.830494896043092,0,97,28.4375
spectrum,3462,2306576000,512,1,8,59,bfd2922e,28.839278816012666,0,95,28.810546875
spectrum,3463,2307216480,512,1,8,72,088fb9d9,28.84734341595322,0,109,40.82421875
spectrum,3464,2307857520,512,1,8,62,a04d8b09,28.855263091041707,0,93,30.642578125
spectrum,3465,2308575680,512,1,8,62,a1973b4b,28.864246168057434,0,95,30.39453125
spectrum,3466,2309217760,512,1,8,63,4fd61e7e,28.872266283025965,0,93,32.115234375
spectrum,3467,2309856880,512,1,8,63,a8c9c733,28.880351471016183,0,93,32.072265625
spectrum,3468,2310576000,512,1,8,62,e109346b,28.88928376196418,0,96,30.4296875
spectrum,3469,2311216800,512,1,8,62,41582f3a,28.897268199012615,0,89,30.91796875
spectrum,3470,2311856800,512,1,8,72,18a49cb3,28.905157826957293,0,120,40.5859375
spectrum,3471,2312576000,512,1,8,72,353dd5bc,28.914325524005108,0,116,40.162109375
spectrum,3472,2313216800,512,1,8,62,ba163ba8,28.922247573034838,0,94,30.443359375
spectrum,3473,2313856800,512,1,8,62,ab572106,28.930358209996484,0,90,30.720703125
spectrum,3474,2314576000,512,1,8,63,5ae53758,28.93927919899579,0,95,30.900390625
spectrum,3475,2315216560,512,1,8,38,25362c28,28.94726011995226,0,131,28.1796875
spectrum,3476,2315857760,512,1,8,35,aeca3274,28.95530345896259,0,96,27.841796875
spectrum,3477,2316576000,512,1,8,59,5e0eaaef,28.964307785965502,0,91,28.720703125
spectrum,3478,2317218400,512,1,8,39,d80ce59b,28.97230316500645,0,126,33.044921875
spectrum,3479,2317856560,512,1,8,48,bb3c0ca8,28.980323159019463,0,127,41.0078125
spectrum,3480,2318575680,512,1,8,61,4ec674dc,28.989196339040063,0,90,29.4140625
spectrum,3481,2319219600,512,1,8,61,d8dd16d0,28.997259314986877,0,92,30.068359375
spectrum,3482,2319856480,512,1,8,37,c9b1cd1e,29.005292334011756,0,130,24.982421875
spectrum,3483,2320575680,512,1,8,63,c5b492e5,29.014293735963292,0,92,32.95703125
spectrum,3484,2321216480,512,1,8,64,cce60e2a,29.022158927982673,0,101,32.775390625
spectrum,3485,2321856480,512,1,8,63,78eb0899,29.03033758304082,0,97,31.732421875
spectrum,3486,2322575680,512,1,8,62,a3d4aa06,29.039286073995754,0,92,30.98828125
spectrum,3487,2323216480,512,1,8,61,9b09677a,29.047255372977816,0,103,30.63671875
spectrum,3488,2323874160,512,1,8,62,30e1445b,29.055441302014515,0,100,31.609375
spectrum,3489,2324576000,512,1,8,63,2771decd,29.0642509709578,0,102,32.0703125
spectrum,3490,2325216800,512,1,8,63,14949ec4,29.072337421006523,0,87,29.708984375
spectrum,3491,2325857520,512,1,8,62,443b71a8,29.080335865030065,0,96,31.216796875
spectrum,3492,2326575680,512,1,8,62,d9f54f11,29.089312991010956,0,93,30.58984375
spectrum,3493,2327216480,512,1,8,59,d68e96f3,29.09731332899537,0,124,41.390625
spectrum,3494,2327856480,512,1,8,64,655a4fc0,29.10518380103167,0,104,32.96484375
spectrum,3495,2328575680,512,1,8,61,ff8b9dcd,29.11436591402162,0,91,28.4921875
spectrum,3496,2329216480,512,1,8,62,ad8237ef,29.122287934063934,0,90,30.314453125
spectrum,3497,2329856480,512,1,8,60,756801d2,29.13035407604184,0,125,43.193359375
spectrum,3498,2330576640,512,1,8,29,70285323,29.139395363046788,0,123,29.345703125
spectrum,3499,2331217840,512,1,8,31,cae451e7,29.14724985405337,0,131,26.33984375
spectrum,3500,2331857440,512,1,8,62,364168b8,29.15526778495405,0,95,31.3359375
spectrum,3501,2332575680,512,1,8,64,f07f7ce4,29.164233359042555,0,101,32.5390625
spectrum,3502,2333216480,512,1,8,29,0ff2ce9f,29.172340178047307,0,123,30.34375
spectrum,3503,2333857840,512,1,8,37,20333117,29.18031800305471,0,122,29.75390625
spectrum,3504,2334576000,512,1,8,64,9064fc5a,29.189254782977514,0,103,31.34375
spectrum,3505,2335216800,512,1,8,47,c977993b,29.19733310805168,0,123,40.310546875
spectrum,3506,2335856800,512,1,8,62,cb15e92c,29.20525524695404,0,96,30.91796875
spectrum,3507,2336576000,512,1,8,60,902e2058,29.21434860303998,0,127,44.103515625
spectrum,3508,2337216800,512,1,8,45,e2501fb5,29.222111031063832,0,100,26.41796875
spectrum,3509,2337856800,512,1,8,31,032fb5b8,29.230295776971616,0,130,25.0390625
spectrum,3510,2338576000,512,1,8,62,a6ce34fc,29.24036480905488,6,129,69.7578125
spectrum,3511,2339221120,512,1,8,61,6913ad08,29.247263833065517,0,95,30.02734375
spectrum,3512,2339856560,512,1,8,59,1c6018e4,29.25528497004416,0,125,42.205078125
spectrum,3513,2340575680,512,1,8,29,31620ef2,29.264320396003313,0,126,30.12890625
spectrum,3514,2341217920,512,1,8,60,e1f881ac,29.27233124303166,0,87,29.7109375
spectrum,3515,2341858400,512,1,8,62,2cfcfcd1,29.280260166036896,0,91,30.837890625
spectrum,3516,2342576000,512,1,8,60,9dd45955,29.289268058957532,0,129,43.88671875
spectrum,3517,2343216880,512,1,8,33,34c1424c,29.297239092062227,0,126,37.0078125
spectrum,3518,2343856800,512,1,8,60,0f34d7db,29.305258024018258,0,128,42.935546875
spectrum,3519,2344576000,512,1,8,60,fc8d24b1,29.314360618009232,0,126,45.263671875
spectrum,3520,2345216880,512,1,8,63,95e8b27e,29.32230396696832,0,96,30.841796875
spectrum,3521,2345856800,512,1,8,63,f31486b0,29.33025507198181,0,94,32.412109375
spectrum,3522,2346576000,512,1,8,63,8a2dd5ef,29.339304313994944,0,97,30.814453125
spectrum,3523,2347216800,512,1,8,29,19540fe5,29.34731041197665,0,125,30.080078125
spectrum,3524,2347857520,512,1,8,62,265214e7,29.35524488496594,0,103,30.42578125
spectrum,3525,2348576320,512,1,8,60,acbd25a2,29.364322029985487,0,97,29.4296875
spectrum,3526,2349216880,512,1,8,29,44d1dfcb,29.372070061042905,0,125,27.9609375
spectrum,3527,2349856800,512,1,8,63,89b57a90,29.38031731499359,0,95,31.08203125
spectrum,3528,2350576000,512,1,8,62,cd3553bf,29.389253093046136,0,90,30.748046875
spectrum,3529,2351216480,512,1,8,61,24072f93,29.39726083399728,0,89,29.205078125
spectrum,3530,2351856480,512,1,8,64,c0418df7,29.405249650008045,0,93,31.96484375
spectrum,3531,2352575680,512,1,8,64,60a7da4f,29.41407438798342,0,99,32.03125
spectrum,3532,2353216480,512,1,8,63,5288d617,29.42224059905857,0,93,31.33984375
spectrum,3533,2353856480,512,1,8,62,36c274fe,29.430311230011284,0,93,30.83203125
spectrum,3534,2354575680,512,1,8,63,e8b34776,29.43908666400239,0,91,30.486328125
spectrum,3535,2355217680,512,1,8,63,1bd1c2d0,29.447272281977348,0,95,29.890625
spectrum,3536,2355856880,512,1,8,63,a80fcb08,29.455279974034056,0,92,30.85546875
spectrum,3537,2356576000,512,1,8,46,d9cff479,29.4644627480302,0,122,38.771484375
spectrum,3538,2357217600,512,1,8,63,87ef548c,29.472248911042698,0,92,31.3671875
spectrum,3539,2357856480,512,1,8,62,9019ad13,29.48029958398547,0,92,31.232421875
spectrum,3540,2358576320,512,1,8,64,0520192f,29.489276438951492,0,91,31.61328125
spectrum,3541,2359216880,512,1,8,61,110bc429,29.49727754795458,0,88,30.1875
spectrum,3542,2359859920,512,1,8,61,7cf67540,29.505280610988848,0,92,29.73828125
spectrum,3543,2360576000,512,1,8,62,4576c9b2,29.514270890969783,0,99,31.75390625
spectrum,3544,2361216800,512,1,8,29,c79ff321,29.52228611696046,0,122,30.349609375
spectrum,3545,2361856800,512,1,8,63,e9853b7b,29.53029741498176,0,94,31.337890625
spectrum,3546,2362576000,512,1,8,64,9ef0b617,29.539290540968068,0,93,31.458984375
spectrum,3547,2363228640,512,1,8,65,639ef12d,29.54731143801473,0,96,33.21484375
spectrum,3548,2363856640,512,1,8,62,2fe29d16,29.55534176202491,0,92,30.818359375
spectrum,3549,2364575680,512,1,8,31,c0cfd7e1,29.564290925045498,0,125,30.40625
spectrum,3550,2365217680,512,1,8,40,d77c8e90,29.57231847406365,0,121,34.95703125
spectrum,3551,2365856880,512,1,8,64,a121ec48,29.580233871005476,0,93,32.67578125
spectrum,3552,2366576000,512,1,8,60,81f94c6c,29.58934715401847,0,92,30.03125
spectrum,3553,2367216560,512,1,8,63,5269368e,29.59726180997677,0,97,31.171875
spectrum,3554,2367856480,512,1,8,64,4af2030c,29.60530880605802,0,130,38.3203125
spectrum,3555,2368575680,512,1,8,62,cf7d159c,29.614291111007333,0,91,30.85546875
spectrum,3556,2369216480,512,1,8,63,ad3c24c3,29.622264237026684,0,98,31.53515625
spectrum,3557,2369857760,512,1,8,63,a5c4a28a,29.63026947400067,0,95,32.1328125
spectrum,3558,2370576000,512,1,8,14,b59b1705,29.6393130159704,0,116,28.892578125
spectrum,3559,2371216720,512,1,8,63,5923ab1e,29.647322459961288,0,97,31.24609375
spectrum,3560,2371857520,512,1,8,37,2661d858,29.655233017983846,0,96,22.236328125
spectrum,3561,2372575680,512,1,8,63,81002e9f,29.6642619719496,0,102,31.658203125
spectrum,3562,2373217760,512,1,8,72,5b1773c2,29.672240508021787,0,122,39.39453125
spectrum,3563,2373857520,512,1,8,72,a7a3b06e,29.68031380395405,0,114,38.93359375
spectrum,3564,2374576640,512,1,8,63,456be841,29.68928529904224,0,94,32.37890625
spectrum,3565,2375217520,512,1,8,63,44bcbee7,29.697235140949488,0,94,31.32421875
spectrum,3566,2375856800,512,1,8,64,d1cce62f,29.705272558960132,0,99,32.5234375
spectrum,3567,2376576000,512,1,8,61,0f6ed29a,29.714313535019755,0,91,30.25390625
spectrum,3568,2377216800,512,1,8,63,c60187e1,29.72217127296608,0,95,30.748046875
spectrum,3569,2377856800,512,1,8,40,cda58805,29.730292899999768,0,125,44.7578125
spectrum,3570,2378576000,512,1,8,61,0762fe14,29.739076258963905,0,92,29.57421875
spectrum,3571,2379216800,512,1,8,38,88d9146f,29.747167748981155,0,127,31.33203125
spectrum,3572,2379861200,512,1,8,62,0ac4625e,29.755318101029843,0,93,30.39453125
spectrum,3573,2380575680,512,1,8,61,53fcb857,29.76432349998504,0,91,30.0546875
spectrum,3574,2381218960,512,1,8,39,1f54384d,29.772316253045574,0,100,21.291015625
spectrum,3575,2381856800,512,1,8,64,a376e507,29.78031231299974,0,96,32.484375
spectrum,3576,2382576000,512,1,8,39,6afd5a36,29.789367857039906,0,127,42.484375
spectrum,3577,2383217600,512,1,8,60,db1a7d4e,29.797351032029837,0,91,30.244140625
spectrum,3578,2383856560,512,1,8,72,06825ab6,29.80532015103381,0,124,38.921875
spectrum,3579,2384575680,512,1,8,62,e57f9685,29.814312444999814,0,90,30.732421875
spectrum,3580,2385216480,512,1,8,64,12b70d43,29.82209374802187,0,95,32.197265625
spectrum,3581,2385856480,512,1,8,62,de1b802d,29.83028962602839,0,93,29.966796875
spectrum,3582,2386576320,512,1,8,61,ab83bd01,29.839270608965307,0,89,29.15234375
spectrum,3583,2387216800,512,1,8,62,6dcfd7bf,29.847268061013892,0,92,31.5625
spectrum,3584,2387858720,512,1,8,62,9d6040b4,29.855343349976465,0,93,32.017578125
spectrum,3585,2388575680,512,1,8,62,411bc087,29.86423946300056,0,95,31.068359375
spectrum,3586,2389216480,512,1,8,29,582e9425,29.872335521969944,0,125,30.779296875
spectrum,3587,2389857520,512,1,8,41,c76beace,29.88032339606434,0,120,35.896484375
spectrum,3588,2390575680,512,1,8,65,345b16b0,29.889277206966653,0,99,32.5546875
spectrum,3589,2391217760,512,1,8,62,bdc249e5,29.897395948995836,0,92,31.4296875
spectrum,3590,2391856880,512,1,8,34,cb471242,29.90523634396959,0,120,35.142578125
spectrum,3591,2392576000,512,1,8,63,0d686e75,29.914267983054742,0,94,31.609375
spectrum,3592,2393216800,512,1,8,40,e13638c2,29.922304128063843,0,127,41.53515625
spectrum,3593,2393856800,512,1,8,64,54da371e,29.930319815059192,0,95,32.677734375
spectrum,3594,2394576000,512,1,8,29,a47eb844,29.939301538979635,0,121,29.85546875
spectrum,3595,2395216800,512,1,8,64,653d96d1,29.94731647404842,0,95,32.521484375
spectrum,3596,2395856800,512,1,8,62,f90cfa1c,29.955356396967545,0,93,30.890625
spectrum,3597,2396576320,512,1,8,31,08fac51c,29.964348420966417,0,128,29.8671875
spectrum,3598,2397217440,512,1,8,60,06948af0,29.972319934051484,0,127,44.599609375
spectrum,3599,2397857840,512,1,8,72,7c4133d7,29.980344637064263,0,119,38.84375
spectrum,3600,2398576000,512,1,8,61,0e4f98d8,29.989334988058545,0,93,29.921875
spectrum,3601,2399217440,512,1,8,61,9a7ec5a5,29.99727993097622,0,93,31.072265625
spectrum,3602,2399856560,512,1,8,61,1d900fc3,30.00528720195871,0,90,30.7890625
spectrum,3603,2400575680,512,1,8,63,4c2c98da,30.014248447027057,0,93,31.26171875
spectrum,3604,2401216480,512,1,8,63,ccd8a91e,30.022296624956653,0,93,30.810546875
spectrum,3605,2401858080,512,1,8,40,8d8d1fdc,30.030280141043477,0,126,42.466796875
spectrum,3606,2402576000,512,1,8,38,2b4c31c5,30.039323171949945,0,129,29.759765625
spectrum,3607,2403216800,512,1,8,65,c49b3464,30.047311265952885,0,96,33.318359375
spectrum,3608,2403856800,512,1,8,36,4e38f162,30.05527014506515,0,121,38.712890625
spectrum,3609,2404576000,512,1,8,61,e19f7102,30.06434449495282,0,93,30.1015625
spectrum,3610,2405216560,512,1,8,60,d207d883,30.072261073975824,0,89,28.580078125
spectrum,3611,2405857760,512,1,8,60,455eb21f,30.080261180992238,0,88,28.7265625
spectrum,3612,2406576000,512,1,8,62,38cdb9c7,30.089290064992383,0,94,30.15625
spectrum,3613,2407216800,512,1,8,63,bb0743af,30.097081547020935,0,102,30.966796875
spectrum,3614,2407857440,512,1,8,61,4f0b4efa,30.105316168046556,0,92,29.578125
spectrum,3615,2408575680,512,1,8,72,28d7bd31,30.114327438059263,0,120,39.408203125
spectrum,3616,2409216480,512,1,8,61,44ae89ff,30.12229833996389,0,91,28.69921875
spectrum,3617,2409856480,512,1,8,31,c18a36a3,30.130293307011016,0,122,31.384765625
spectrum,3618,2410575680,512,1,8,72,e50a7962,30.13930481800344,0,113,40.375
spectrum,3619,2411216480,512,1,8,62,86b17f14,30.147352584986947,0,93,30.7578125
spectrum,3620,2411856480,512,1,8,65,3bba5a97,30.155311685055494,0,99,33.5859375
spectrum,3621,2412576320,512,1,8,31,e1a0f90e,30.164272519992664,0,127,30.5234375
spectrum,3622,2413217440,512,1,8,31,a8f8e824,30.17232547700405,0,123,30.423828125
spectrum,3623,2413857840,512,1,8,28,6b1b1c88,30.180326775996946,0,121,30.033203125
spectrum,3624,2414576000,512,1,8,72,a7422619,30.189230522955768,0,112,39.1484375
spectrum,3625,2415216480,512,1,8,61,e194233a,30.19730563205667,0,93,30.478515625
spectrum,3626,2415857760,512,1,8,63,5c8a6f55,30.205301161040552,0,92,30.9296875
spectrum,3627,2416576000,512,1,8,65,dbf1e15b,30.214253279031254,0,100,33.244140625
spectrum,3628,2417216800,512,1,8,31,0017aab3,30.222308560973033,0,127,29.65625
spectrum,3629,2417856720,512,1,8,62,236790f4,30.230289931991138,0,95,30.330078125
spectrum,3630,2418576000,512,1,8,72,f6378397,30.239329586038366,0,114,39.41796875
spectrum,3631,2419216800,512,1,8,62,6b853d02,30.247319433954544,0,91,30.9296875
spectrum,3632,2419856800,512,1,8,61,985c70b0,30.255219051032327,0,95,30.71484375
spectrum,3633,2420576960,512,1,8,39,9e292e06,30.264302527997643,0,129,32.0
spectrum,3634,2421217440,512,1,8,72,c87a3261,30.272251448011957,0,118,37.75
spectrum,3635,2421856800,512,1,8,62,f6becd77,30.28005837998353,0,90,30.55078125
spectrum,3636,2422576000,512,1,8,63,a466d791,30.289337586960755,0,90,30.138671875
spectrum,3637,2423216560,512,1,8,63,a805d321,30.29723488003947,0,89,30.615234375
spectrum,3638,2423857680,512,1,8,61,11438d0c,30.305311291012913,0,99,29.966796875
spectrum,3639,2424576000,512,1,8,62,79ce89a1,30.314122152049094,0,91,30.658203125
spectrum,3640,2425216800,512,1,8,31,79f4cbfb,30.32229785202071,0,124,30.6640625
spectrum,3641,2425856720,512,1,8,64,262a5e47,30.330275846994482,0,98,32.537109375
spectrum,3642,2426576000,512,1,8,72,62b1cddb,30.33930789597798,0,122,39.24609375
spectrum,3643,2427216800,512,1,8,62,76c07fde,30.347139485063963,0,100,30.912109375
spectrum,3644,2427856800,512,1,8,63,3c1769bc,30.35526161303278,0,95,31.625
spectrum,3645,2428576000,512,1,8,72,0d911843,30.36455041798763,0,119,40.49609375
spectrum,3646,2429217600,512,1,8,61,98a613aa,30.372261157957837,0,93,29.599609375
spectrum,3647,2429856560,512,1,8,72,2e73f6b8,30.3802599220071,0,120,39.763671875
spectrum,3648,2430576320,512,1,8,60,5f84e3b9,30.389363958034664,0,128,42.091796875
spectrum,3649,2431216880,512,1,8,64,ecea5b8e,30.397301597055048,0,94,31.466796875
spectrum,3650,2431856800,512,1,8,36,c7638a2e,30.405381946009584,0,121,38.486328125
spectrum,3651,2432576000,512,1,8,62,fb2095e4,30.41420849703718,0,95,31.25390625
spectrum,3652,2433216480,512,1,8,62,017759a3,30.42231932305731,0,94,29.712890625
spectrum,3653,2433856480,512,1,8,63,8a9cfa10,30.430339318001643,0,98,31.8046875
spectrum,3654,2434575680,512,1,8,64,efe09121,30.439362701959908,0,94,31.365234375
spectrum,3655,2435216480,512,1,8,64,abd69f57,30.447388216969557,0,96,32.755859375
spectrum,3656,2435857600,512,1,8,31,00672317,30.455091843032278,0,126,30.4453125
spectrum,3657,2436575680,512,1,8,37,273065fb,30.464380608056672,0,126,38.33203125
spectrum,3658,2437217760,512,1,8,39,8ce38dfb,30.472254986991175,0,125,41.064453125
spectrum,3659,2437856880,512,1,8,63,739fd25f,30.480199109064415,0,90,31.802734375
spectrum,3660,2438576640,512,1,8,62,05fe1573,30.489334243000485,0,96,29.49609375
spectrum,3661,2439217440,512,1,8,63,1e4bde12,30.49729331303388,0,94,32.984375
spectrum,3662,2439857440,512,1,8,62,2b553ca5,30.505278842058033,0,90,30.81640625
spectrum,3663,2440576320,512,1,8,29,a86223c3,30.51424731197767,0,122,30.017578125
spectrum,3664,2441216800,512,1,8,63,319a9e2a,30.52230563899502,0,91,30.66796875
spectrum,3665,2441856800,512,1,8,30,92bd4cb4,30.530298792989925,0,123,30.12890625
spectrum,3666,2442576000,512,1,8,62,950636df,30.539335150970146,0,90,30.58984375
spectrum,3667,2443216800,512,1,8,72,97f0bb08,30.547307295026258,0,110,39.951171875
spectrum,3668,2443794880,512,1,8,61,558bc2ab,30.55446562904399,0,88,30.025390625
spectrum,3669,2444495680,512,1,8,63,248bea60,30.56336322496645,0,89,30.955078125
spectrum,3670,2445150160,512,1,8,64,a52e23ae,30.571471316041425,0,99,33.27734375
spectrum,3671,2445776960,512,1,8,62,851be2bd,30.57927413005382,0,94,31.982421875
spectrum,3672,2446496000,512,1,8,63,e3f7d52a,30.58831054798793,0,92,31.375
spectrum,3673,2447137520,512,1,8,63,ca4314f8,30.596288532949984,0,89,31.076171875
spectrum,3674,2447776560,512,1,8,60,88aa654c,30.60410028405022,0,86,28.822265625
spectrum,3675,2448496320,512,1,8,62,fda915b6,30.613276205956936,0,96,30.626953125
spectrum,3676,2449136880,512,1,8,39,6294fa34,30.621313262032345,0,129,31.705078125
spectrum,3677,2449776800,512,1,8,64,e77b2a26,30.629297790001146,0,97,30.595703125
spectrum,3678,2450496000,512,1,8,61,e03b1c92,30.638349837972783,0,90,30.326171875
spectrum,3679,2451136800,512,1,8,72,285a25bd,30.646280833985656,0,110,38.951171875
spectrum,3680,2451776800,512,1,8,63,c76e8547,30.654302933020517,0,99,31.349609375
spectrum,3681,2452496000,512,1,8,36,750302e4,30.66326329705771,0,121,37.31640625
spectrum,3682,2453136800,512,1,8,64,fec51a49,30.67133541998919,0,97,31.923828125
spectrum,3683,2453777520,512,1,8,66,8ab8578c,30.679333372972906,0,106,33.013671875
spectrum,3684,2454495680,512,1,8,61,db2f4ef4,30.688350294018164,0,89,29.416015625
spectrum,3685,2455137760,512,1,8,72,9e680725,30.69628733198624,0,115,39.017578125
spectrum,3686,2455776880,512,1,8,60,ddb8ea60,30.70425686100498,0,98,30.1953125
spectrum,3687,2456496640,512,1,8,62,cc036dbe,30.713274654000998,0,93,31.791015625
spectrum,3688,2457137520,512,1,8,62,f21b8107,30.72110167297069,0,94,30.595703125
spectrum,3689,2457776800,512,1,8,72,f9cf3580,30.729301418061368,0,111,39.57421875
spectrum,3690,2458496000,512,1,8,64,30d4c565,30.738328407984227,0,96,31.703125
spectrum,3691,2459136800,512,1,8,37,60b5415d,30.746312275063246,0,124,30.412109375
spectrum,3692,2459776800,512,1,8,37,f37bac67,30.75432880304288,0,123,29.923828125
spectrum,3693,2460496000,512,1,8,65,539fcc1a,30.76310146204196,0,103,33.400390625
spectrum,3694,2461140240,512,1,8,66,0b5b61cd,30.771324309986085,0,102,32.728515625
spectrum,3695,2461778080,512,1,8,58,a3501fa3,30.779362229048274,0,88,28.4296875
spectrum,3696,2462496000,512,1,8,61,af70c6c3,30.7883877659915,0,94,30.240234375
spectrum,3697,2463071920,512,1,8,31,22a610ab,30.795372172025964,0,121,31.484375
spectrum,3698,2463696960,512,1,8,63,f3668668,30.80332680302672,0,90,31.611328125
spectrum,3699,2464416000,512,1,8,63,c52e8826,30.81229232705664,0,103,32.16796875
spectrum,3700,2465057440,512,1,8,62,f374cdfd,30.82028356695082,0,94,30.66015625
spectrum,3701,2465696560,512,1,8,65,d5c5d82c,30.8280688370578,0,101,33.521484375
spectrum,3702,2466415680,512,1,8,61,692d5035,30.837325701955706,0,94,29.6015625
spectrum,3703,2467057680,512,1,8,29,a8f2fb99,30.845281917019747,0,128,30.498046875
spectrum,3704,2467696880,512,1,8,37,89181277,30.85309533996042,0,126,36.869140625
spectrum,3705,2468416000,512,1,8,38,e2ac7116,30.862331536016427,0,129,30.05859375
spectrum,3706,2469056720,512,1,8,64,8f4e1eb9,30.870317687047645,0,99,32.052734375
spectrum,3707,2469696800,512,1,8,60,c793e169,30.878319366951473,0,93,29.962890625
spectrum,3708,2470416000,512,1,8,64,c8376688,30.887354301987216,0,97,30.923828125
spectrum,3709,2471057760,512,1,8,63,3d6813cb,30.895352274994366,0,94,31.4609375
spectrum,3710,2471697280,512,1,8,63,0dfabfe4,30.90334575995803,0,98,31.1015625
spectrum,3711,2472415680,512,1,8,62,bc22c382,30.91233556997031,0,96,31.681640625
spectrum,3712,2473057760,512,1,8,57,7d537644,30.920210449956357,0,90,28.052734375
spectrum,3713,2473696880,512,1,8,72,acac1e89,30.928351273061708,0,122,41.8828125
spectrum,3714,2474416000,512,1,8,72,064dceb9,30.937336805043742,0,117,40.6015625
spectrum,3715,2475056800,512,1,8,72,3a7fbd4f,30.945308006950654,0,119,39.77734375
spectrum,3716,2475696800,512,1,8,40,24a53fcc,30.953275543055497,0,125,44.244140625
spectrum,3717,2476416000,512,1,8,29,931135c4,30.9623256160412,0,125,27.552734375
spectrum,3718,2477056720,512,1,8,72,805950a8,30.970325764035806,0,114,38.861328125
spectrum,3719,2477696800,512,1,8,63,684af36d,30.978270877036266,0,95,31.82421875
spectrum,3720,2478416320,512,1,8,30,f6b5be86,30.987340065999888,0,127,28.86328125
spectrum,3721,2479057760,512,1,8,40,1b86776a,30.995330555015244,0,124,40.189453125
spectrum,3722,2479697360,512,1,8,62,8391e4f5,31.00328330299817,0,91,30.86328125
spectrum,3723,2480415680,512,1,8,62,1de0d08f,31.012398589984514,0,91,31.958984375
spectrum,3724,2481062960,512,1,8,63,61d9c7b1,31.02037967101205,0,101,30.8203125
spectrum,3725,2481700320,512,1,8,64,fcd0585f,31.02828456799034,0,98,33.501953125
spectrum,3726,2482416000,512,1,8,37,de5708ab,31.037350311060436,0,124,30.296875
spectrum,3727,2483056720,512,1,8,61,927d0b1c,31.045359535957687,0,92,29.796875
spectrum,3728,2483696800,512,1,8,31,fc86a787,31.05334036599379,0,126,30.33984375
spectrum,3729,2484416000,512,1,8,63,d53da1aa,31.062322290963493,0,96,31.33984375
spectrum,3730,2485056800,512,1,8,61,74a96bac,31.070377352065407,0,94,30.419921875
spectrum,3731,2485696800,512,1,8,31,54f49a20,31.078304160037078,0,124,31.490234375
spectrum,3732,2486416320,512,1,8,72,338bd7b1,31.087379161035642,0,111,39.76171875
spectrum,3733,2487056560,512,1,8,63,69281491,31.09532294201199,0,96,32.142578125
spectrum,3734,2487698720,512,1,8,32,300e0b80,31.1033264050493,0,121,35.3984375
spectrum,3735,2488416000,512,1,8,62,76ff0813,31.112343156011775,0,99,31.537109375
spectrum,3736,2489056800,512,1,8,62,38dda892,31.120338052976876,0,93,31.15625
spectrum,3737,2489697520,512,1,8,56,05d0b811,31.128347216988914,12,130,81.8984375
spectrum,3738,2490415680,512,1,8,39,a27e102c,31.137337096966803,0,128,32.623046875
spectrum,3739,2491056480,512,1,8,60,e9cdca73,31.145315303001553,0,94,29.498046875
spectrum,3740,2491696480,512,1,8,62,d352be6d,31.15309595502913,0,87,31.359375
spectrum,3741,2492415680,512,1,8,62,29e91b73,31.1623115419643,0,89,30.1328125
spectrum,3742,2493056480,512,1,8,31,9a9a7dc2,31.170305637060665,0,123,31.8359375
spectrum,3743,2493696480,512,1,8,65,b5c60b45,31.178332034032792,0,96,33.0546875
spectrum,3744,2494416320,512,1,8,30,0a922584,31.187490032054484,0,123,30.447265625
spectrum,3745,2495057440,512,1,8,60,98fce2df,31.195379529963247,0,122,41.578125
spectrum,3746,2495696560,512,1,8,29,602aca24,31.203270811005495,0,123,30.30859375
spectrum,3747,2496416000,512,1,8,61,1e003c17,31.212337897042744,0,90,29.4140625
spectrum,3748,2497056480,512,1,8,62,bcedeec5,31.220336962025613,0,90,31.07421875
spectrum,3749,2497697760,512,1,8,31,b6ddae7f,31.228314104955643,0,127,28.85546875
spectrum,3750,2498416000,512,1,8,62,cb1a696c,31.237352887983434,0,90,30.50390625
spectrum,3751,2499056800,512,1,8,60,a5778faa,31.245341503061354,0,89,28.94921875
spectrum,3752,2499696800,512,1,8,60,9f1463d8,31.253335479064845,0,88,29.435546875
spectrum,3753,2500416000,512,1,8,72,6db92504,31.26235065597575,0,122,40.66015625
spectrum,3754,2501056800,512,1,8,65,993f6971,31.270332499057986,0,94,33.7890625
spectrum,3755,2501696800,512,1,8,62,a7659a48,31.27810622798279,0,93,30.603515625
spectrum,3756,2502416000,512,1,8,66,2232bb24,31.287376518012024,0,103,34.53125
spectrum,3757,2503058240,512,1,8,72,774d6d64,31.29527273902204,0,121,41.0859375
spectrum,3758,2503696880,512,1,8,61,266e28d8,31.303326818044297,0,89,28.822265625
spectrum,3759,2504416000,512,1,8,64,901bd781,31.31234265700914,0,97,33.298828125
spectrum,3760,2505057280,512,1,8,40,7ca826fd,31.320298981037922,0,125,34.673828125
spectrum,3761,2505634800,512,1,8,62,fe27a7fb,31.327338980976492,0,93,30.8828125
spectrum,3762,2506336000,512,1,8,65,336a9ce2,31.336422077030875,0,100,32.533203125
spectrum,3763,2506976800,512,1,8,64,34060760,31.344102039001882,0,95,33.1328125
spectrum,3764,2507616800,512,1,8,62,c706a432,31.352318014018238,0,91,30.8671875
spectrum,3765,2508336000,512,1,8,64,ea848f5b,31.36134165804833,0,96,33.19921875
spectrum,3766,2508976800,512,1,8,61,71db389a,31.369327447959222,0,95,30.095703125
spectrum,3767,2509616800,512,1,8,61,eed60203,31.377328527043574,0,87,28.484375
spectrum,3768,2510336000,512,1,8,62,0bb8599c,31.386355206021108,0,97,29.71484375
spectrum,3769,2510977760,512,1,8,31,a48888c2,31.394291331991553,0,128,28.77734375
spectrum,3770,2511616800,512,1,8,62,b5ae3b47,31.402349889976904,0,90,30.318359375
spectrum,3771,2512336000,512,1,8,64,ddf0c425,31.411328639020212,0,100,31.994140625
spectrum,3772,2512983760,512,1,8,72,6f5ae577,31.41935685905628,0,125,41.80078125
spectrum,3773,2513616960,512,1,8,39,93dad538,31.427344672963955,0,124,41.505859375
spectrum,3774,2514336000,512,1,8,72,f2137a83,31.436294888029806,0,115,41.1953125
spectrum,3775,2514976560,512,1,8,62,158c9a5b,31.44411352102179,0,92,32.0859375
spectrum,3776,2515616480,512,1,8,61,4793092d,31.45235711906571,0,91,31.099609375
spectrum,3777,2516335680,512,1,8,63,ee0c9387,31.461363069014624,0,97,32.62890625
spectrum,3778,2516976480,512,1,8,37,484e309c,31.469334312016144,0,123,29.626953125
spectrum,3779,2517616480,512,1,8,64,1c763620,31.47740708605852,0,94,31.880859375
spectrum,3780,2518336320,512,1,8,30,91fd1c0e,31.486327555030584,0,124,30.978515625
spectrum,3781,2518977440,512,1,8,62,42986ac1,31.4943089770386,0,88,29.79296875
spectrum,3782,2519616560,512,1,8,64,285a7a83,31.502344671054743,0,99,32.716796875
spectrum,3783,2520335680,512,1,8,29,68a97fa8,31.511336434050463,0,125,30.142578125
spectrum,3784,2520977520,512,1,8,65,d0c38f4a,31.519201035029255,0,101,32.1796875
spectrum,3785,2521616480,512,1,8,64,a64cbb82,31.5273207280552,0,95,31.548828125
spectrum,3786,2522336320,512,1,8,68,2fac6167,31.536350173060782,0,112,35.71484375
spectrum,3787,2522980000,512,1,8,37,bf831b0a,31.544271852006204,0,123,30.734375
spectrum,3788,2523616800,512,1,8,61,3a9219c2,31.552327804034576,0,93,29.9921875
spectrum,3789,2524336000,512,1,8,62,046a03fb,31.561360514955595,0,102,31.515625
spectrum,3790,2524977760,512,1,8,63,0f11b188,31.569336517015472,0,97,31.310546875
spectrum,3791,2525616560,512,1,8,65,5d3e0590,31.57739088695962,0,99,33.080078125
spectrum,3792,2526335680,512,1,8,39,e2282d0e,31.586327334982343,0,133,29.880859375
spectrum,3793,2526976480,512,1,8,63,d48a16ee,31.594356357003562,0,99,32.0
spectrum,3794,2527617600,512,1,8,39,6f5f766f,31.602305887965485,0,130,29.482421875
spectrum,3795,2528335680,512,1,8,64,d1347430,31.611459317966364,0,93,33.224609375
spectrum,3796,2528977760,512,1,8,62,471e680e,31.619383421028033,0,95,31.0
spectrum,3797,2529616880,512,1,8,60,3b72ab4e,31.627387105021626,0,95,28.48046875
spectrum,3798,2530336000,512,1,8,72,114fd0e8,31.636136590037495,0,119,41.40234375
spectrum,3799,2530976800,512,1,8,62,103f8ffa,31.64433777704835,0,97,31.005859375
spectrum,3800,2531616800,512,1,8,38,03cb3c2f,31.652326432988048,0,128,39.51953125
spectrum,3801,2532336000,512,1,8,72,384cc4fb,31.661338253994472,0,111,39.767578125
spectrum,3802,2532977360,512,1,8,72,40ccfdbf,31.669364721048623,0,116,39.9375
spectrum,3803,2533616560,512,1,8,72,aaadec6d,31.67729081795551,0,113,41.578125
spectrum,3804,2534335680,512,1,8,72,f0b603ab,31.68639627704397,0,111,40.224609375
spectrum,3805,2534976480,512,1,8,62,804a3bc0,31.69431623199489,0,94,31.818359375
spectrum,3806,2535617760,512,1,8,63,e64a6609,31.702384417993017,0,101,32.3125
spectrum,3807,2536336000,512,1,8,63,9f6585b4,31.711345292977057,0,94,31.921875
spectrum,3808,2536977440,512,1,8,72,2bec88c7,31.71935436700005,0,120,40.6875
spectrum,3809,2537617280,512,1,8,65,ad9f62b1,31.727284871973097,0,101,33.716796875
spectrum,3810,2538335680,512,1,8,36,1ec84e28,31.736393045983277,0,126,39.41015625
spectrum,3811,2538977600,512,1,8,62,5ef94c0c,31.744286230998114,0,90,31.193359375
spectrum,3812,2539616480,512,1,8,62,b5b68550,31.752296978025697,6,123,70.740234375
spectrum,3813,2540335680,512,1,8,62,ba61a543,31.76133926701732,0,92,30.978515625
spectrum,3814,2540976480,512,1,8,61,c95d7c63,31.769339574035257,0,94,30.369140625
spectrum,3815,2541617760,512,1,8,62,d7fa2914,31.77729190106038,0,94,30.748046875
spectrum,3816,2542336000,512,1,8,60,306478c6,31.786384625011124,0,103,29.486328125
spectrum,3817,2542976800,512,1,8,39,b0a1b0ab,31.794210292049684,0,135,27.4765625
spectrum,3818,2543621200,512,1,8,30,c0190dfa,31.80250434600748,0,125,29.029296875
spectrum,3819,2544336320,512,1,8,62,31fb7c3f,31.811352396965958,0,91,29.58203125
spectrum,3820,2544992000,512,1,8,60,f3233c18,31.819369697012007,0,91,29.24609375
spectrum,3821,2545617920,512,1,8,72,b4990876,31.82728109601885,0,121,38.91796875
spectrum,3822,2546336000,512,1,8,63,f9e747f7,31.83637026406359,0,92,31.126953125
spectrum,3823,2546977440,512,1,8,64,f8bf4814,31.844369007973,0,98,32.123046875
spectrum,3824,2547616560,512,1,8,64,fcddd3b3,31.85235202300828,0,101,32.21875
spectrum,3825,2548335680,512,1,8,63,7e9bacde,31.86134136200417,0,95,33.451171875
spectrum,3826,2548976480,512,1,8,61,b16c7750,31.869339504977688,0,93,28.84375
spectrum,3827,2549616480,512,1,8,72,4eb89bc7,31.877338350052014,0,110,39.5625
spectrum,3828,2550335680,512,1,8,29,ad24744e,31.88634078297764,0,118,30.041015625
spectrum,3829,2550976480,512,1,8,61,f575a9d4,31.894328215974383,0,85,28.685546875
spectrum,3830,2551616480,512,1,8,33,1bd6f505,31.902344524045475,0,125,36.03125
spectrum,3831,2552336000,512,1,8,66,3826ae76,31.91136861895211,0,102,35.203125
spectrum,3832,2552976480,512,1,8,72,ff54ec29,31.919349118950777,0,115,39.939453125
spectrum,3833,2553617520,512,1,8,72,3466a4d0,31.927333766012453,0,115,40.263671875
spectrum,3834,2554335680,512,1,8,72,3ad417b1,31.936352511052974,0,118,39.9921875
spectrum,3835,2554977760,512,1,8,59,91cdf6c9,31.944316079025157,0,103,28.88671875
spectrum,3836,2555616880,512,1,8,64,e431d370,31.952340302057564,0,100,32.82421875
spectrum,3837,2556336000,512,1,8,65,d7e31a2b,31.961329089011997,0,104,33.044921875
spectrum,3838,2556976800,512,1,8,65,693209f3,31.969304639962502,0,98,32.421875
spectrum,3839,2557616800,512,1,8,65,53a76ebd,31.97734580503311,0,97,33.556640625
spectrum,3840,2558336000,512,1,8,63,a1cdc774,31.986344350967556,0,94,31.046875
spectrum,3841,2558976800,512,1,8,61,865502fb,31.99435032904148,0,89,29.75390625
spectrum,3842,2559616800,512,1,8,38,e4d3cd21,32.00228634499945,0,130,40.697265625
spectrum,3843,2560336000,512,1,8,64,7e89b1d1,32.01137322804425,0,104,31.96875
spectrum,3844,2560977200,512,1,8,30,c3850034,32.01934218604583,0,123,30.818359375
spectrum,3845,2561617760,512,1,8,61,a92c1b7e,32.02736502606422,0,91,30.166015625
spectrum,3846,2562336000,512,1,8,61,6fa17801,32.0363465299597,0,93,30.3671875
spectrum,3847,2562981360,512,1,8,63,63ed535e,32.044343190966174,0,98,32.212890625
spectrum,3848,2563616560,512,1,8,37,28e569d9,32.052225054008886,0,123,38.06640625
spectrum,3849,2564335680,512,1,8,61,ffc72a9c,32.06138601701241,0,94,31.1171875
spectrum,3850,2564976480,512,1,8,63,d2392a59,32.06933130102698,0,94,32.068359375
spectrum,3851,2565616480,512,1,8,61,b98b699b,32.0773438810138,0,90,30.88671875
spectrum,3852,2566335680,512,1,8,61,dbe5a5cc,32.08636186399963,0,90,30.130859375
spectrum,3853,2566976480,512,1,8,63,123ca40e,32.09434407798108,0,93,31.251953125
spectrum,3854,2567616480,512,1,8,37,e22f5479,32.10233894502744,0,123,40.0078125
spectrum,3855,2568336640,512,1,8,63,53bc80fd,32.11135656700935,0,97,31.720703125
spectrum,3856,2568976880,512,1,8,65,62b0aa42,32.11937359604053,0,97,34.45703125
spectrum,3857,2569622000,512,1,8,58,ee851202,32.127296717022546,0,90,29.7265625
spectrum,3858,2570336000,512,1,8,30,806b8406,32.13636898295954,0,121,30.650390625
spectrum,3859,2570976720,512,1,8,61,84e207c3,32.14435035502538,0,88,30.130859375
spectrum,3860,2571617440,512,1,8,39,15db5728,32.15231763001066,0,125,40.853515625
spectrum,3861,2572335680,512,1,8,63,12719108,32.16135583096184,0,93,32.70703125
spectrum,3862,2572976480,512,1,8,72,319c5a1f,32.169339617015794,0,117,40.646484375
spectrum,3863,2573616480,512,1,8,64,ffce565a,32.177316048997454,0,97,32.69140625
spectrum,3864,2574336000,512,1,8,66,757e85b9,32.18627119297162,0,100,33.666015625
spectrum,3865,2574976560,512,1,8,62,3a61f93d,32.19432526198216,0,96,31.255859375
spectrum,3866,2575616480,512,1,8,61,76ca89a7,32.20234076795168,0,90,29.248046875
spectrum,3867,2576336320,512,1,8,31,287189a0,32.21132505801506,0,125,31.28515625
spectrum,3868,2576977440,512,1,8,31,65c24d45,32.21935324801598,0,123,31.041015625
spectrum,3869,2577617280,512,1,8,29,7ae8c680,32.227368023013696,0,121,31.826171875
spectrum,3870,2578336000,512,1,8,64,a48a97f6,32.23629580496345,0,100,32.419921875
spectrum,3871,2578976480,512,1,8,64,55c5b808,32.24433214101009,0,101,33.447265625
spectrum,3872,2579617760,512,1,8,63,7e43f4ee,32.25226887804456,0,95,31.974609375
spectrum,3873,2580336000,512,1,8,62,486b56bd,32.26130766002461,0,99,31.033203125
spectrum,3874,2580976800,512,1,8,37,9a78baa7,32.269323216052726,0,124,29.435546875
spectrum,3875,2581616720,512,1,8,64,478dbb69,32.27733480499592,0,100,31.65234375
spectrum,3876,2582336000,512,1,8,63,0db5a36d,32.28632190998178,0,97,31.4140625
spectrum,3877,2582976800,512,1,8,63,21b07592,32.294331143959425,0,98,31.580078125
spectrum,3878,2583616800,512,1,8,62,2512c992,32.302200534031726,0,95,31.2734375
spectrum,3879,2584336000,512,1,8,63,bf31b2d4,32.31137958099134,0,93,31.642578125
spectrum,3880,2584977920,512,1,8,40,7d53debe,32.31929716200102,0,128,41.9140625
spectrum,3881,2585616560,512,1,8,62,17a9f019,32.32734028098639,0,98,31.05859375
spectrum,3882,2586336320,512,1,8,61,b5b7a2eb,32.33630101499148,0,91,29.9765625
spectrum,3883,2586976880,512,1,8,62,50ff26f3,32.34436940099113,0,96,30.990234375
spectrum,3884,2587618400,512,1,8,60,f7f559ac,32.3523170290282,0,84,28.884765625
spectrum,3885,2588335680,512,1,8,62,1c3dfa8c,32.361366110970266,0,100,30.96875
spectrum,3886,2588976480,512,1,8,60,57bf45db,32.36934508802369,0,94,29.826171875
spectrum,3887,2589616480,512,1,8,63,198b93ec,32.37734259001445,0,100,29.955078125
spectrum,3888,2590335680,512,1,8,63,68b31718,32.386337468982674,0,92,30.341796875
spectrum,3889,2590976480,512,1,8,60,43dd53ea,32.394314753008075,0,97,29.1171875
spectrum,3890,2591616480,512,1,8,31,260fe513,32.40233434701804,0,128,30.171875
spectrum,3891,2592335680,512,1,8,61,97ff6ee3,32.411341700004414,0,87,29.908203125
spectrum,3892,2592977760,512,1,8,64,14adcb82,32.419349692063406,0,98,33.064453125
spectrum,3893,2593616880,512,1,8,64,591bae4b,32.4273567419732,0,96,32.833984375
spectrum,3894,2594336000,512,1,8,61,c4c6ea1e,32.436306827003136,0,91,29.390625
spectrum,3895,2594976560,512,1,8,72,13e80968,32.44439203501679,0,126,38.92578125
spectrum,3896,2595616480,512,1,8,62,cac74581,32.452368767000735,0,92,30.462890625
spectrum,3897,2596336000,512,1,8,39,1e2c75a0,32.46135367802344,0,129,32.4921875
spectrum,3898,2596976480,512,1,8,61,cfa76e5f,32.46936463506427,0,90,29.49609375
spectrum,3899,2597617760,512,1,8,37,40f8cb0c,32.477230769000016,0,124,29.8203125
spectrum,3900,2598336000,512,1,8,31,e896ea7f,32.48633082699962,0,126,31.203125
spectrum,3901,2598976800,512,1,8,65,afab6751,32.494345942977816,0,97,33.466796875
spectrum,3902,2599616800,512,1,8,62,db2b6f9e,32.502361678984016,0,93,30.78125
spectrum,3903,2600336000,512,1,8,60,76190298,32.51137127599213,0,124,43.517578125
spectrum,3904,2600977440,512,1,8,72,0004204f,32.519291703007184,0,111,38.240234375
spectrum,3905,2601616560,512,1,8,72,5e02cf1f,32.52735513902735,0,119,39.0390625
spectrum,3906,2602336640,512,1,8,61,a5c76432,32.53636635001749,0,88,29.486328125
spectrum,3907,2602977520,512,1,8,63,fb86ef13,32.5443328829715,0,97,31.822265625
spectrum,3908,2603616800,512,1,8,61,5a00a6fa,32.55210493900813,0,91,30.439453125
spectrum,3909,2604336000,512,1,8,63,273b9ce6,32.5612900480628,0,99,31.4609375
spectrum,3910,2604976560,512,1,8,64,5da9908b,32.56933792505879,0,97,31.77734375
spectrum,3911,2605616480,512,1,8,62,7eae1427,32.577432962018065,0,96,30.927734375
spectrum,3912,2606335680,512,1,8,62,9ffb0f70,32.586324776057154,0,93,30.482421875
spectrum,3913,2606976480,512,1,8,60,b6e79bb1,32.59435232495889,0,97,28.396484375
spectrum,3914,2607616480,512,1,8,62,67be9f5f,32.602344868006185,0,92,31.11328125
spectrum,3915,2608335680,512,1,8,31,22a6eae1,32.611381505965255,0,126,31.310546875
spectrum,3916,2608976480,512,1,8,61,858aeb95,32.619494977989234,0,92,29.92578125
spectrum,3917,2609618320,512,1,8,62,8c787eab,32.62732327997219,0,95,31.208984375
spectrum,3918,2610336000,512,1,8,63,7faa66bf,32.636447392986156,0,96,31.287109375
spectrum,3919,2610977440,512,1,8,56,a126aee6,32.64437647606246,0,88,25.62890625
spectrum,3920,2611616560,512,1,8,63,386480e0,32.65237320703454,0,93,32.533203125
spectrum,3921,2612336640,512,1,8,60,867493c4,32.661429592058994,0,91,29.169921875
spectrum,3922,2612977200,512,1,8,63,5e3a1420,32.66935924603604,0,94,32.3046875
spectrum,3923,2613617440,512,1,8,64,d5298d2b,32.67732692195568,0,104,33.720703125
spectrum,3924,2614336320,512,1,8,62,deace2fa,32.68630632199347,0,97,31.275390625
spectrum,3925,2614976880,512,1,8,59,0254833e,32.69437988800928,0,125,40.921875
spectrum,3926,2615616800,512,1,8,59,14a10eed,32.702381668030284,0,135,73.728515625
spectrum,3927,2616336000,512,1,8,38,6cb7f6c1,32.71138237800915,0,127,31.982421875
spectrum,3928,2616976800,512,1,8,63,07ae96bd,32.71928774600383,0,99,31.486328125
spectrum,3929,2617617520,512,1,8,31,d7da40b5,32.727334670955315,0,125,31.4453125
spectrum,3930,2618335680,512,1,8,31,c64dc7f6,32.73634649300948,0,126,31.185546875
spectrum,3931,2618977680,512,1,8,72,1f39bc33,32.744340759003535,0,111,39.798828125
spectrum,3932,2619616880,512,1,8,63,0751e9aa,32.75239372602664,0,95,31.71484375
spectrum,3933,2620336640,512,1,8,60,7ab5fba8,32.76144066406414,0,128,44.826171875
spectrum,3934,2620977520,512,1,8,61,aff971de,32.769372742041014,0,96,29.025390625
spectrum,3935,2621616560,512,1,8,63,bfd236e2,32.77734877297189,0,101,31.22265625
spectrum,3936,2622335680,512,1,8,64,ac673a3a,32.78632989700418,0,94,32.02734375
spectrum,3937,2622976480,512,1,8,64,aa6bc42d,32.794383244006895,0,98,32.712890625
spectrum,3938,2623616480,512,1,8,39,8b4f43b7,32.802369054057635,0,129,32.58203125
spectrum,3939,2624256320,512,1,8,26,ba9326ba,32.81041533895768,0,132,38.986328125
spectrum,3940,2624900320,512,1,8,60,fe2d8523,32.818339462042786,0,93,29.998046875
spectrum,3941,2625537760,512,1,8,30,0b8b7c03,32.82653635099996,0,128,26.59375
spectrum,3942,2626256320,512,1,8,39,54129415,32.835299693048,0,121,35.46875
spectrum,3943,2626912160,512,1,8,59,f7f72811,32.843539612949826,0,89,28.423828125
spectrum,3944,2627537600,512,1,8,61,43ce3089,32.85140672896523,0,93,29.40625
spectrum,3945,2628256000,512,1,8,38,9e8f3107,32.860348036978394,0,122,31.533203125
spectrum,3946,2628897360,512,1,8,64,c9ff7000,32.86838528397493,0,98,32.46484375
spectrum,3947,2629536560,512,1,8,62,df692bde,32.87633990496397,0,90,30.1015625
spectrum,3948,2630255680,512,1,8,72,44059916,32.88533385202754,0,116,39.85546875
spectrum,3949,2630896480,512,1,8,39,5f30d788,32.89336779399309,0,127,32.767578125
spectrum,3950,2631536480,512,1,8,63,82c8f52a,32.90133893606253,0,97,32.611328125
spectrum,3951,2632255680,512,1,8,62,fda4923d,32.91043211100623,0,90,29.580078125
spectrum,3952,2632897680,512,1,8,62,1592aaa5,32.91830724198371,0,95,32.0703125
spectrum,3953,2633536880,512,1,8,33,fc7b3f62,32.926391858025454,0,126,35.994140625
spectrum,3954,2634256000,512,1,8,62,cd140fba,32.93536993605085,0,96,32.068359375
spectrum,3955,2634896480,512,1,8,61,2be6d769,32.94335532502737,0,138,70.423828125
spectrum,3956,2635537840,512,1,8,61,e435209d,32.95135690504685,0,89,30.48046875
spectrum,3957,2636256000,512,1,8,65,a326a319,32.96036503906362,0,101,33.451171875
spectrum,3958,2636897440,512,1,8,62,0305ce7b,32.96835043898318,0,90,30.5
spectrum,3959,2637536560,512,1,8,63,902cdfe2,32.97636137600057,0,91,30.82421875
spectrum,3960,2638255680,512,1,8,63,1bbf598a,32.98536769696511,0,97,30.583984375
spectrum,3961,2638896480,512,1,8,62,1979fca8,32.99337319401093,0,95,32.091796875
spectrum,3962,2639536480,512,1,8,65,cc069733,33.001335178967565,0,101,33.814453125
spectrum,3963,2640256000,512,1,8,62,bbaba6ba,33.01038031303324,0,90,31.138671875
spectrum,3964,2640896480,512,1,8,63,9c842503,33.018348129000515,0,102,31.330078125
spectrum,3965,2641536480,512,1,8,61,424b361b,33.02636711206287,0,91,29.556640625
spectrum,3966,2642256640,512,1,8,31,ec4da360,33.03536584798712,0,121,31.060546875
spectrum,3967,2642897440,512,1,8,31,c8cbc2db,33.04340950795449,0,128,29.095703125
spectrum,3968,2643537760,512,1,8,59,d337d216,33.051325976033695,0,100,28.671875
spectrum,3969,2644256000,512,1,8,38,4138b25e,33.06014375097584,0,125,40.6328125
spectrum,3970,2644910800,512,1,8,37,80e122b0,33.06832978897728,0,123,30.912109375
spectrum,3971,2645536640,512,1,8,63,4a12a2c3,33.07639421802014,0,91,31.7578125
spectrum,3972,2646255680,512,1,8,72,05dab107,33.08535981201567,0,122,39.775390625
spectrum,3973,2646896480,512,1,8,61,09c56b64,33.09335236402694,0,90,30.51953125
spectrum,3974,2647536480,512,1,8,61,1bb422a5,33.10134429601021,0,88,29.947265625
spectrum,3975,2648255680,512,1,8,65,6c5fbe8c,33.110353050986305,0,101,34.75
spectrum,3976,2648896480,512,1,8,63,de342c8b,33.11835298803635,0,96,31.625
spectrum,3977,2649536480,512,1,8,62,1b084e6e,33.12635634106118,0,90,31.115234375
spectrum,3978,2650256640,512,1,8,59,14eb29cf,33.13532189500984,0,97,28.4375
spectrum,3979,2650896880,512,1,8,63,4eea78ff,33.143381324014626,0,94,31.375
spectrum,3980,2651536800,512,1,8,29,e60b106c,33.15131717000622,0,123,30.982421875
spectrum,3981,2652256000,512,1,8,32,151e2afa,33.160359128029086,0,119,34.28125
spectrum,3982,2652896480,512,1,8,61,ddb521b6,33.168356840033084,0,89,31.36328125
spectrum,3983,2653537760,512,1,8,64,58ec7549,33.17631191201508,0,100,32.994140625
spectrum,3984,2654256000,512,1,8,62,1b7a11d2,33.18535884004086,0,95,30.640625
spectrum,3985,2654896800,512,1,8,64,149bbdb1,33.19340186798945,0,95,32.490234375
spectrum,3986,2655536800,512,1,8,64,dbbc488a,33.201356578967534,0,97,32.6796875
spectrum,3987,2656256000,512,1,8,65,b06a271e,33.21035461395513,0,97,33.4453125
spectrum,3988,2656896800,512,1,8,30,ab86ef20,33.21834849996958,0,124,30.080078125
spectrum,3989,2657536720,512,1,8,64,1c79a2c5,33.22635391703807,0,94,31.21484375
spectrum,3990,2658256000,512,1,8,62,3a08a780,33.2353297600057,0,92,31.029296875
spectrum,3991,2658896560,512,1,8,63,fbba98d3,33.24336712702643,0,96,32.041015625
spectrum,3992,2659536480,512,1,8,29,a889a71b,33.25133925105911,0,124,30.94921875
spectrum,3993,2660256000,512,1,8,38,bde807fa,33.26036748406477,0,126,30.373046875
spectrum,3994,2660896480,512,1,8,65,71497757,33.26833023002837,0,103,33.78515625
spectrum,3995,2661537760,512,1,8,62,75934ce6,33.27630865597166,0,92,30.859375
spectrum,3996,2662256000,512,1,8,31,5c7d0189,33.28537051205058,0,131,25.26171875
spectrum,3997,2662896800,512,1,8,38,93e4d500,33.29342517198529,0,124,31.74609375
spectrum,3998,2663536800,512,1,8,60,471ed0ce,33.30138759803958,0,97,28.623046875
spectrum,3999,2664256000,512,1,8,38,48a6761b,33.31032323499676,0,126,31.09765625
spectrum,4000,2664896800,512,1,8,63,1d05a733,33.31823404296301,0,93,31.04296875
spectrum,4001,2665539920,512,1,8,62,5a1f2403,33.326335933059454,0,93,30.1171875
spectrum,4002,2666256000,512,1,8,72,7dd6a67c,33.335388771025464,0,114,41.685546875
spectrum,4003,2666897920,512,1,8,65,8a6ed29e,33.34339945798274,0,101,33.833984375
spectrum,4004,2667536560,512,1,8,64,175e3cd5,33.351367664989084,0,103,31.685546875
spectrum,4005,2668256320,512,1,8,64,27694b1e,33.360317780054174,0,97,32.189453125
spectrum,4006,2668897200,512,1,8,61,6dd67f4f,33.36834511801135,0,95,29.068359375
spectrum,4007,2669538400,512,1,8,63,2d49c766,33.37629902805202,0,90,31.390625
spectrum,4008,2670256000,512,1,8,30,eb074ca4,33.38535549398512,0,124,29.8203125
spectrum,4009,2670896720,512,1,8,72,b7edd396,33.39335850602947,0,113,39.88671875
spectrum,4010,2671536800,512,1,8,72,76704340,33.40137086599134,0,119,39.69140625
spectrum,4011,2672256000,512,1,8,31,21c97c12,33.410341338953,0,126,31.375
spectrum,4012,2672896720,512,1,8,62,fc333b5b,33.41836410900578,0,92,30.51171875
spectrum,4013,2673536800,512,1,8,31,02bdc5d0,33.426362202037126,0,120,31.0078125
spectrum,4014,2674256000,512,1,8,60,b6712896,33.43534534901846,0,88,29.134765625
spectrum,4015,2674897440,512,1,8,39,d037a0a9,33.44333723105956,0,124,40.185546875
spectrum,4016,2675536560,512,1,8,62,79d88323,33.451321347034536,0,94,31.259765625
spectrum,4017,2676256320,512,1,8,62,531bcfa3,33.46031903196126,0,92,31.12109375
spectrum,4018,2676896880,512,1,8,72,48a0bb1a,33.46838006400503,0,115,40.671875
spectrum,4019,2677536800,512,1,8,63,dfa70021,33.47633507603314,0,92,31.12890625
spectrum,4020,2678256000,512,1,8,31,3bcb8ec3,33.485380080062896,0,127,31.42578125
spectrum,4021,2678896480,512,1,8,61,2bbc5f95,33.49336855497677,0,100,30.09375
spectrum,4022,2679536480,512,1,8,61,ff3dcb1d,33.50134787301067,0,92,30.703125
spectrum,4023,2680255680,512,1,8,37,41b3d234,33.51041228300892,0,126,40.962890625
spectrum,4024,2680896480,512,1,8,61,38a31724,33.51837565097958,0,93,29.55859375
spectrum,4025,2681536480,512,1,8,64,cbd02464,33.526447774027474,0,98,30.845703125
spectrum,4026,2682255680,512,1,8,62,d2783736,33.53536638896912,0,94,31.099609375
spectrum,4027,2682897680,512,1,8,30,e79a919e,33.54337446100544,0,124,30.591796875
spectrum,4028,2683537440,512,1,8,72,d116bca4,33.55132026504725,0,115,40.42578125
spectrum,4029,2684264880,512,1,8,62,8e5f0423,33.56037970702164,0,91,30.814453125
spectrum,4030,2684897520,512,1,8,63,65cc5614,33.568143366021104,0,94,31.876953125
spectrum,4031,2685540000,512,1,8,62,4910b9d5,33.57639546995051,0,95,31.2265625
spectrum,4032,2686256320,512,1,8,72,51d3fc3f,33.585369109059684,0,117,40.44140625
spectrum,4033,2686896560,512,1,8,62,57a521e2,33.59340526396409,0,90,30.943359375
spectrum,4034,2687537760,512,1,8,72,38ff8dfa,33.60130390897393,0,114,40.083984375
spectrum,4035,2688256000,512,1,8,65,c5e2e3f7,33.61036236898508,0,105,33.068359375
spectrum,4036,2688896800,512,1,8,72,8ece47a8,33.61834334000014,0,112,39.4296875
spectrum,4037,2689536800,512,1,8,44,ff057864,33.626331613981165,0,122,30.6171875
spectrum,4038,2690256000,512,1,8,40,5a67d847,33.63533100206405,0,129,43.890625
spectrum,4039,2690896800,512,1,8,62,6d5ed1a6,33.643531167996116,0,98,30.4375
spectrum,4040,2691537680,512,1,8,31,a5185f08,33.65140293200966,0,130,27.193359375
spectrum,4041,2692256320,512,1,8,62,c021097d,33.66037502803374,0,95,32.134765625
spectrum,4042,2692897280,512,1,8,61,483061fa,33.668339997995645,0,92,29.857421875
spectrum,4043,2693536560,512,1,8,62,1ffe98a2,33.67635373095982,0,97,30.515625
spectrum,4044,2694256320,512,1,8,62,02fd4899,33.68522695999127,0,91,31.58984375
spectrum,4045,2694896880,512,1,8,37,2fc44f9f,33.69337233202532,0,124,30.35546875
spectrum,4046,2695536800,512,1,8,62,18dff404,33.70135010697413,0,103,31.46484375
spectrum,4047,2696256000,512,1,8,36,08b45a23,33.710337311029434,0,121,37.75390625
spectrum,4048,2696896800,512,1,8,63,507418e9,33.71836346795317,0,94,32.28125
spectrum,4049,2697536800,512,1,8,39,307d0183,33.726350961020216,0,123,39.04296875
spectrum,4050,2698256000,512,1,8,61,9117d241,33.73535732203163,0,86,29.322265625
spectrum,4051,2698896800,512,1,8,65,5e63b959,33.7433223919943,0,99,33.677734375
spectrum,4052,2699537520,512,1,8,63,1894a73b,33.75137034000363,0,97,31.978515625
spectrum,4053,2700255680,512,1,8,63,b24765cd,33.76037173101213,0,89,31.732421875
spectrum,4054,2700897760,512,1,8,63,2a73d652,33.768312526051886,0,99,32.09765625
spectrum,4055,2701536880,512,1,8,64,1fa108b1,33.77639867598191,0,103,32.099609375
spectrum,4056,2702256000,512,1,8,39,3b0bc8aa,33.78533445298672,0,134,30.748046875
spectrum,4057,2702897200,512,1,8,72,bfe15430,33.79339233995415,0,118,39.34765625
spectrum,4058,2703536480,512,1,8,64,89a132b7,33.80138830898795,0,99,33.064453125
spectrum,4059,2704255680,512,1,8,40,5e93a84e,33.81037312897388,0,125,42.51953125
spectrum,4060,2704896480,512,1,8,63,69f89777,33.8182089549955,0,95,31.46484375
spectrum,4061,2705539600,512,1,8,36,6516a3fd,33.82638113806024,0,128,26.6328125
spectrum,4062,2706255680,512,1,8,63,229961b0,33.83535802306142,0,95,31.76171875
spectrum,4063,2706898000,512,1,8,62,ae7eea35,33.843441016972065,0,92,30.583984375
spectrum,4064,2707538240,512,1,8,31,6e4ec747,33.85153157496825,0,125,30.4609375
spectrum,4065,2708256320,512,1,8,63,3209f21f,33.86017146205995,0,96,31.884765625
spectrum,4066,2708901280,512,1,8,64,abd1fadc,33.868376347003505,25,135,85.361328125
spectrum,4067,2709536640,512,1,8,64,a85dd06c,33.87638589204289,0,99,31.64453125
spectrum,4068,2710255680,512,1,8,37,84b1e0b7,33.88536145398393,0,123,30.498046875
spectrum,4069,2710897520,512,1,8,62,3e204881,33.89339470397681,0,93,31.0390625
spectrum,4070,2711536560,512,1,8,37,d45116e5,33.90134391502943,0,124,30.09765625
spectrum,4071,2712255680,512,1,8,64,5770a0d3,33.91041119105648,0,92,32.447265625
spectrum,4072,2712896480,512,1,8,64,c69a4c25,33.918376722955145,0,98,31.166015625
spectrum,4073,2713536480,512,1,8,62,0db0deb9,33.926393590983935,0,88,30.228515625
spectrum,4074,2714255680,512,1,8,62,26974b10,33.93539810902439,0,97,32.2578125
spectrum,4075,2714898080,512,1,8,42,3b882321,33.94338167400565,0,126,33.396484375
spectrum,4076,2715538160,512,1,8,40,4056e11f,33.951355532044545,0,126,43.7421875
spectrum,4077,2716256000,512,1,8,63,c9d99683,33.96041035396047,0,95,32.06640625
spectrum,4078,2716897440,512,1,8,61,b0a7ceb3,33.968405312043615,0,87,29.11328125
spectrum,4079,2717537280,512,1,8,63,77e94e4f,33.97636730596423,0,101,30.18359375
spectrum,4080,2718271360,512,1,8,60,76b37701,33.98541877302341,0,95,28.33203125
spectrum,4081,2718897600,512,1,8,72,50ad6e9e,33.9933663100237,0,115,40.984375
spectrum,4082,2719536560,512,1,8,72,9327ee82,34.001382568036206,0,108,39.71484375
spectrum,4083,2720255680,512,1,8,72,9aa48062,34.01036577497143,0,116,40.650390625
spectrum,4084,2720896480,512,1,8,65,fbd99518,34.01838734198827,0,100,33.56640625
spectrum,4085,2721536480,512,1,8,72,d4bb7b37,34.026395455002785,0,121,40.244140625
spectrum,4086,2722255680,512,1,8,72,e3d14b66,34.03536709002219,39,149,92.771484375
spectrum,4087,2722896560,512,1,8,63,74203c51,34.043402033043094,0,93,30.728515625
spectrum,4088,2723536480,512,1,8,39,515e226e,34.05139729997609,0,131,31.587890625
spectrum,4089,2724256640,512,1,8,61,fb8b8dca,34.06036092003342,0,98,29.806640625
spectrum,4090,2724897200,512,1,8,62,767397b7,34.06814641098026,0,94,31.5234375
spectrum,4091,2725541200,512,1,8,64,fe3e2ccd,34.07636813796125,0,97,31.3359375
spectrum,4092,2726255680,512,1,8,63,620d06fa,34.0853527369909,0,92,31.646484375
spectrum,4093,2726898960,512,1,8,59,7db71ffa,34.09334647201467,0,89,27.765625
spectrum,4094,2727536880,512,1,8,61,b9658473,34.10141061001923,0,87,29.34765625
spectrum,4095,2728256000,512,1,8,62,9ebed659,34.11066750495229,0,95,30.06640625
spectrum,4096,2728896800,512,1,8,62,1c6fce21,34.11836558103096,0,98,30.916015625
spectrum,4097,2729536800,512,1,8,64,96188877,34.12665243004449,0,96,33.013671875
spectrum,4098,2730256000,512,1,8,63,9841384c,34.1354181059869,0,92,31.33984375
spectrum,4099,2730896800,512,1,8,65,3032cc84,34.14339243399445,0,103,32.8046875
spectrum,4100,2731536800,512,1,8,63,1fbd33dd,34.15135596203618,0,94,32.048828125
spectrum,4101,2732256000,512,1,8,63,8111804e,34.16035579005256,0,92,31.4921875
spectrum,4102,2732896560,512,1,8,61,3ff7eab3,34.16835100797471,0,93,29.720703125
spectrum,4103,2733537760,512,1,8,63,d3a737a9,34.176358749042265,0,95,30.591796875
spectrum,4104,2734256000,512,1,8,61,510990e9,34.18534554296639,0,88,29.69140625
spectrum,4105,2734896800,512,1,8,62,d0d33374,34.19334424706176,0,96,30.1484375
spectrum,4106,2735537520,512,1,8,72,a2064443,34.20131926704198,0,124,42.81640625
spectrum,4107,2736255680,512,1,8,63,8f965836,34.21035731805023,0,92,32.271484375
spectrum,4108,2736896480,512,1,8,63,3e0bb7d8,34.21835725498386,0,95,32.125
spectrum,4109,2737536480,512,1,8,63,136f0306,34.226371658965945,0,97,32.904296875
spectrum,4110,2738255680,512,1,8,63,9fb64076,34.23535217996687,0,94,30.84375
spectrum,4111,2738896480,512,1,8,39,a981554d,34.24340419599321,0,129,32.498046875
spectrum,4112,2739536480,512,1,8,31,e9ac0581,34.2513939429773,0,124,30.7734375
spectrum,4113,2740256320,512,1,8,40,c4d1ccb3,34.26039440301247,0,118,34.43359375
spectrum,4114,2740896880,512,1,8,63,08d6c2bd,34.268345096032135,0,97,31.205078125
spectrum,4115,2741536800,512,1,8,29,f3160a4f,34.27637028100435,0,128,30.046875
spectrum,4116,2742256000,512,1,8,72,46e1cdcf,34.28540813096333,0,112,39.857421875
spectrum,4117,2742896560,512,1,8,62,8039cc51,34.293397507979535,0,92,30.3671875
spectrum,4118,2743537760,512,1,8,62,9d798eb0,34.3013780079782,0,97,30.765625
spectrum,4119,2744256000,512,1,8,63,1232b3f8,34.310401531052776,0,97,31.857421875
spectrum,4120,2744896800,512,1,8,39,89ef348b,34.31843138404656,0,128,41.556640625
spectrum,4121,2745536800,512,1,8,62,b7a662d3,34.32615663099568,0,93,30.05078125
spectrum,4122,2746256000,512,1,8,31,3aaa4fa3,34.335371496970765,0,130,27.353515625
spectrum,4123,2746896800,512,1,8,37,7dfc2046,34.34339134104084,0,120,31.0234375
spectrum,4124,2747536800,512,1,8,38,004836dd,34.35135667200666,0,125,31.55859375
spectrum,4125,2748264240,512,1,8,62,ed23c49b,34.36036014696583,0,93,31.931640625
spectrum,4126,2748897520,512,1,8,40,19936ec1,34.368372838012874,0,126,42.580078125
spectrum,4127,2749536880,512,1,8,39,43b39e68,34.3763708609622,0,106,20.80859375
spectrum,4128,2750256000,512,1,8,64,ed88db09,34.38536911702249,0,97,32.962890625
spectrum,4129,2750896560,512,1,8,72,c2ef0896,34.393370316014625,0,118,39.087890625
spectrum,4130,2751537760,512,1,8,62,dd83f081,34.401330698048696,0,92,31.421875
spectrum,4131,2752256000,512,1,8,63,cf6c1fa5,34.4103611940518,0,100,30.884765625
spectrum,4132,2752896800,512,1,8,62,2d2b4df9,34.41835125198122,0,90,31.271484375
spectrum,4133,2753536800,512,1,8,62,2200993c,34.42638195701875,0,90,31.28125
spectrum,4134,2754256000,512,1,8,63,1b428381,34.43532766296994,6,129,71.16796875
spectrum,4135,2754896880,512,1,8,38,ed890edc,34.44340555695817,0,127,30.849609375
spectrum,4136,2755536720,512,1,8,65,2bcddea9,34.451371419010684,0,101,33.14453125
spectrum,4137,2756256000,512,1,8,62,a60be533,34.46033776504919,0,88,29.72265625
spectrum,4138,2756897520,512,1,8,62,a74f85d5,34.46836911095306,0,98,30.296875
spectrum,4139,2757536560,512,1,8,62,8507b583,34.47638668096624,0,94,31.826171875
spectrum,4140,2758256320,512,1,8,60,6181205c,34.48537545802537,0,91,29.6328125
spectrum,4141,2758896880,512,1,8,62,2385918f,34.49342196295038,0,94,31.146484375
spectrum,4142,2759536800,512,1,8,35,b08b6773,34.501368287950754,0,122,34.794921875
spectrum,4143,2760256000,512,1,8,37,9536925a,34.51038599095773,0,121,38.380859375
spectrum,4144,2760896480,512,1,8,62,30b549b9,34.51836005796213,0,92,30.626953125
spectrum,4145,2761536480,512,1,8,72,4bfa0bdd,34.52640168403741,0,123,38.466796875
spectrum,4146,2762255680,512,1,8,37,f7f35112,34.53538421005942,0,124,30.373046875
spectrum,4147,2762896480,512,1,8,72,f0b61482,34.54344217595644,0,112,39.953125
spectrum,4148,2763536480,512,1,8,37,6a1bba69,34.55134078103583,0,124,30.056640625
spectrum,4149,2764255680,512,1,8,65,eb4083c7,34.56035858299583,0,95,36.130859375
spectrum,4150,2764897760,512,1,8,30,d564e9c4,34.5683727869764,0,123,29.341796875
spectrum,4151,2765536800,512,1,8,72,3eb497b8,34.576279197004624,0,117,39.583984375
spectrum,4152,2766256000,512,1,8,60,f66e10e7,34.585393641958944,0,90,28.65625
spectrum,4153,2766896560,512,1,8,62,1effd434,34.59338924102485,0,91,29.64453125
spectrum,4154,2767536480,512,1,8,62,db3301c2,34.60143619601149,0,92,30.515625
spectrum,4155,2768255680,512,1,8,62,94a0fea2,34.61038791399915,0,95,31.4296875
spectrum,4156,2768896480,512,1,8,62,3e613767,34.618415693053976,0,90,29.787109375
spectrum,4157,2769536480,512,1,8,61,e9cb67bc,34.62638660497032,0,96,29.748046875
spectrum,4158,2770255680,512,1,8,31,b85e9620,34.635381193016656,0,126,30.701171875
spectrum,4159,2770896480,512,1,8,65,1bfebf27,34.64345092198346,0,100,33.3671875
spectrum,4160,2771536480,512,1,8,63,4ae5ffc4,34.651396907051094,0,94,32.123046875
spectrum,4161,2772255680,512,1,8,64,b531bc5a,34.66042827500496,0,97,33.443359375
spectrum,4162,2772898720,512,1,8,66,5a4f143c,34.66841080901213,0,105,35.45703125
spectrum,4163,2773536880,512,1,8,61,c1872d7b,34.67639980500098,0,86,30.61328125
spectrum,4164,2774256000,512,1,8,29,28e756ad,34.68580848700367,0,121,31.248046875
spectrum,4165,2774897520,512,1,8,64,257fb99d,34.693419227027334,0,96,31.890625
spectrum,4166,2775536480,512,1,8,63,bf8e21b5,34.70145658403635,0,95,31.189453125
spectrum,4167,2776256320,512,1,8,61,98b1cfe3,34.71049715997651,0,95,30.990234375
spectrum,4168,2776896880,512,1,8,64,6d40ce78,34.71841226599645,0,98,32.400390625
spectrum,4169,2777536800,512,1,8,63,dd3d6537,34.72637244698126,0,93,30.400390625
spectrum,4170,2778256000,512,1,8,37,04a95327,34.73539671197068,0,123,30.751953125
spectrum,4171,2778896800,512,1,8,62,09eb540a,34.74343727598898,0,94,31.087890625
spectrum,4172,2779536800,512,1,8,30,352ff801,34.751381346955895,0,120,31.15234375
spectrum,4173,2780256000,512,1,8,36,a717e754,34.76036940305494,0,127,37.81640625
spectrum,4174,2780896800,512,1,8,39,c706005b,34.768409235053696,0,125,41.505859375
spectrum,4175,2781537600,512,1,8,31,29095ef8,34.77640898094978,0,126,30.27734375
spectrum,4176,2782256320,512,1,8,31,39995194,34.7853894130094,0,124,30.27734375
spectrum,4177,2782897840,512,1,8,29,70895fbf,34.79340487904847,0,125,32.02734375
spectrum,4178,2783537200,512,1,8,62,cb890b3c,34.801373376045376,0,93,31.150390625
spectrum,4179,2784256320,512,1,8,60,508b0d38,34.810382161987945,0,90,28.693359375
spectrum,4180,2784896800,512,1,8,61,6aaab32f,34.8183897130657,0,89,30.025390625
spectrum,4181,2785536800,512,1,8,63,8ce778e1,34.82639170298353,0,99,31.69921875
spectrum,4182,2786256000,512,1,8,38,a6064602,34.835260955034755,0,122,30.853515625
spectrum,4183,2786899920,512,1,8,62,2c19a9b2,34.84342392999679,0,94,30.224609375
spectrum,4184,2787536800,512,1,8,38,af32129c,34.85137442301493,0,126,29.875
spectrum,4185,2788256000,512,1,8,61,070f823b,34.86039605305996,0,92,30.240234375
spectrum,4186,2788896800,512,1,8,38,0a534df8,34.868393455049954,0,126,31.890625
spectrum,4187,2789537680,512,1,8,62,1a9dc8bd,34.87637364398688,0,96,30.361328125
spectrum,4188,2790255680,512,1,8,65,7500e4f3,34.885368522955105,0,101,33.650390625
spectrum,4189,2790897760,512,1,8,60,d57d19d8,34.893355134991,0,86,29.990234375
spectrum,4190,2791538400,512,1,8,60,1778f750,34.90126636298373,0,86,28.615234375
spectrum,4191,2792255680,512,1,8,62,5e1182d1,34.91037993703503,0,93,30.5625
spectrum,4192,2792897520,512,1,8,63,ed73a96c,34.918429356999695,0,91,30.408203125
spectrum,4193,2793536480,512,1,8,72,0ebbd25a,34.926422751974314,0,111,38.373046875
spectrum,4194,2794255680,512,1,8,64,37c203d4,34.93536900903564,0,92,31.765625
spectrum,4195,2794896480,512,1,8,38,58bc81ad,34.94341398100369,0,126,30.255859375
spectrum,4196,2795536480,512,1,8,39,912f019d,34.95142722199671,0,132,30.310546875
spectrum,4197,2796255680,512,1,8,31,fd252215,34.960406312020496,0,130,25.83984375
spectrum,4198,2796896480,512,1,8,31,89719314,34.96837727399543,0,126,30.677734375
spectrum,4199,2797537680,512,1,8,72,702804e6,34.97633413900621,0,114,38.98046875
spectrum,4200,2798256000,512,1,8,72,dad40d69,34.985383720952086,0,115,39.818359375
spectrum,4201,2798896800,512,1,8,29,a175b788,34.9933678379748,0,123,31.216796875
spectrum,4202,2799537520,512,1,8,62,12cfb1ab,35.00138786295429,0,89,31.201171875
spectrum,4203,2800255680,512,1,8,31,90310f96,35.01039569603745,0,126,31.40625
spectrum,4204,2800897680,512,1,8,63,efdcaf08,35.01839916000608,0,97,31.365234375
spectrum,4205,2801536880,512,1,8,63,a11b4b0e,35.026430986006744,0,93,30.703125
spectrum,4206,2802256000,512,1,8,63,1869ea25,35.03541612694971,0,91,30.7890625
spectrum,4207,2802896800,512,1,8,37,8a1b8d9f,35.04340114595834,0,124,30.552734375
spectrum,4208,2803536800,512,1,8,38,bf16dadf,35.051399249001406,0,125,31.65234375
spectrum,4209,2804256000,512,1,8,62,0f6c2504,35.06042824196629,0,95,30.771484375
spectrum,4210,2804896800,512,1,8,63,ddb09216,35.06838550802786,0,95,32.87890625
spectrum,4211,2805536800,512,1,8,40,f7a7641f,35.07640188606456,0,124,35.552734375
spectrum,4212,2806256000,512,1,8,60,7c0ca292,35.085260146996006,0,95,28.146484375
spectrum,4213,2806899680,512,1,8,62,0b9c9022,35.093404505983926,0,100,31.150390625
spectrum,4214,2807538080,512,1,8,61,bd586548,35.101180198951624,0,90,29.775390625
spectrum,4215,2808256640,512,1,8,36,e8643524,35.11038611701224,0,125,37.794921875
spectrum,4216,2808897920,512,1,8,62,f7eaa96f,35.118406862951815,0,94,30.78125
spectrum,4217,2809536880,512,1,8,38,07f6accc,35.126403584028594,0,88,24.4140625
spectrum,4218,2810256000,512,1,8,62,db60fffb,35.135393623961136,0,102,31.3515625
spectrum,4219,2810896800,512,1,8,63,dabd238a,35.14342568104621,0,95,30.724609375
spectrum,4220,2811536800,512,1,8,31,90b0adc5,35.151402703952044,0,124,31.353515625
spectrum,4221,2812256000,512,1,8,35,93136c99,35.16042525600642,0,95,26.71484375
spectrum,4222,2812896800,512,1,8,64,e8e10284,35.16840019496158,0,100,31.529296875
spectrum,4223,2813536800,512,1,8,64,ec8e7961,35.1763715170091,0,96,31.107421875
spectrum,4224,2814256000,512,1,8,63,4eb09939,35.1854146879632,0,98,32.322265625
spectrum,4225,2814896560,512,1,8,63,a29671fb,35.19342301005963,0,96,30.8984375
spectrum,4226,2815537760,512,1,8,62,46376a69,35.20116905705072,0,92,30.984375
spectrum,4227,2816256000,512,1,8,59,f3897584,35.21038802003022,0,93,27.6640625
spectrum,4228,2816896800,512,1,8,35,8542e778,35.218349823961034,0,118,35.40625
spectrum,4229,2817537600,512,1,8,62,ffc63b70,35.22639767196961,0,98,31.30859375
spectrum,4230,2818255680,512,1,8,31,dc5c75b4,35.235389966052026,0,129,28.494140625
spectrum,4231,2818896400,512,1,8,39,d46fe6fa,35.24338931101374,0,128,32.61328125
spectrum,4232,2819536480,512,1,8,29,734da628,35.251361745991744,0,127,23.65625
spectrum,4233,2820255680,512,1,8,65,da37aaa2,35.260399515973404,0,101,34.015625
spectrum,4234,2820896480,512,1,8,64,e0f303bb,35.268387499963865,0,97,32.208984375
spectrum,4235,2821536480,512,1,8,64,864c9e25,35.276403978001326,0,96,31.7734375
spectrum,4236,2822256320,512,1,8,63,93d3620f,35.285367517964914,0,98,31.83984375
spectrum,4237,2822896880,512,1,8,64,9a17fa89,35.29353320796508,0,96,32.4609375
spectrum,4238,2823536800,512,1,8,30,1b6891b9,35.30145312298555,0,123,29.8515625
spectrum,4239,2824256000,512,1,8,64,a6fe2cb9,35.31038606504444,0,105,31.658203125
spectrum,4240,2824896480,512,1,8,40,ba075ba4,35.31838187400717,0,127,43.697265625
spectrum,4241,2825537760,512,1,8,62,6160858a,35.32639247097541,0,99,30.02734375
spectrum,4242,2826256000,512,1,8,31,495be219,35.33516328595579,0,124,31.076171875
spectrum,4243,2826899920,512,1,8,37,e4bacf13,35.34346069500316,0,122,30.361328125
spectrum,4244,2827536800,512,1,8,63,2bbea89a,35.35140572802629,0,96,32.298828125
spectrum,4245,2828256000,512,1,8,37,e77aa2fa,35.360395326977596,0,122,36.53125
spectrum,4246,2828896800,512,1,8,38,854da001,35.368493029032834,0,125,30.83984375
spectrum,4247,2829536800,512,1,8,72,2a1c9293,35.37641260295641,0,121,38.275390625
spectrum,4248,2830256960,512,1,8,64,11c51d66,35.38541366404388,0,96,32.625
spectrum,4249,2830897520,512,1,8,64,26a017dd,35.39341227803379,0,101,31.8984375
spectrum,4250,2831536800,512,1,8,63,227e5211,35.401280655991286,0,93,31.703125
spectrum,4251,2832256000,512,1,8,61,1969d2b8,35.41043578798417,0,92,30.32421875
spectrum,4252,2832896560,512,1,8,60,898ffc4e,35.41836382902693,0,97,30.02734375
spectrum,4253,2833537760,512,1,8,60,29983f78,35.426406536018476,0,90,29.826171875
spectrum,4254,2834256000,512,1,8,31,4d43e7fc,35.435386036057025,0,129,29.21875
spectrum,4255,2834896800,512,1,8,37,05458108,35.4434222120326,0,124,30.458984375
spectrum,4256,2835536800,512,1,8,38,956f3a59,35.451391299953684,0,124,30.79296875
spectrum,4257,2836256000,512,1,8,39,7cdc968b,35.4604069479974,0,124,41.033203125
spectrum,4258,2836896800,512,1,8,64,48194e49,35.468387488042936,0,91,29.640625
spectrum,4259,2837536800,512,1,8,72,da0def2f,35.47641348396428,0,122,38.8125
spectrum,4260,2838256000,512,1,8,62,820abb9d,35.485377073986456,0,92,31.4609375
spectrum,4261,2838897520,512,1,8,61,63d765e6,35.4934444980463,0,92,30.37890625
spectrum,4262,2839536480,512,1,8,60,6397c103,35.50141080096364,0,91,28.173828125
spectrum,4263,2840256320,512,1,8,62,1254087d,35.511347942985594,0,91,31.09765625
spectrum,4264,2840896880,512,1,8,60,20e212d0,35.51838961697649,0,85,28.662109375
spectrum,4265,2841538400,512,1,8,72,441861b6,35.52619721903466,0,113,38.337890625
spectrum,4266,2842255680,512,1,8,31,a35c89f9,35.53540304803755,0,125,31.7421875
spectrum,4267,2842896480,512,1,8,62,a924b872,35.54338478005957,0,96,30.248046875
spectrum,4268,2843536480,512,1,8,64,662f45bb,35.551379867014475,0,102,33.55078125
spectrum,4269,2844255680,512,1,8,32,1e169d25,35.56038352299947,0,130,27.45703125
spectrum,4270,2844896480,512,1,8,40,6d4908ea,35.568405310972594,0,126,41.921875
spectrum,4271,2845536480,512,1,8,30,2b55ecb6,35.57647916697897,0,116,46.16015625
spectrum,4272,2846255680,512,1,8,61,e02286b5,35.58540052699391,0,90,28.416015625
spectrum,4273,2846825200,512,1,8,31,f9475087,35.59237316995859,0,126,30.734375
spectrum,4274,2847461280,512,1,8,64,875e31e2,35.60048782406375,0,97,31.62109375
spectrum,4275,2848175680,512,1,8,29,0f56bd95,35.609353368054144,0,119,31.037109375
spectrum,4276,2848817840,512,1,8,60,38cc5309,35.61740215704776,0,94,30.052734375
spectrum,4277,2849456560,512,1,8,60,049dca8c,35.62540368700866,0,94,28.015625
spectrum,4278,2850176320,512,1,8,30,fa0bd259,35.634404737968,0,127,28.5078125
spectrum,4279,2850816800,512,1,8,63,64e57567,35.64240962394979,0,92,32.560546875
spectrum,4280,2851456800,512,1,8,60,ac7ca276,35.6503820780199,0,95,29.369140625
spectrum,4281,2852176000,512,1,8,63,4d830c7b,35.65942391601857,0,97,30.517578125
spectrum,4282,2852816800,512,1,8,65,67d15f7a,35.667399276047945,0,102,34.7421875
spectrum,4283,2853456800,512,1,8,72,1476df67,35.67539989401121,0,109,38.2421875
spectrum,4284,2854176000,512,1,8,63,688e4c45,35.68440254800953,0,97,30.21484375
spectrum,4285,2854818640,512,1,8,63,cff0d735,35.69242751202546,0,89,30.26953125
spectrum,4286,2855456560,512,1,8,64,7e652c00,35.70045271702111,0,99,31.630859375
spectrum,4287,2856175680,512,1,8,37,254b0f3f,35.70918753405567,0,123,29.9921875
spectrum,4288,2856817520,512,1,8,61,39f7cf72,35.717439497006126,0,94,30.845703125
spectrum,4289,2857456560,512,1,8,63,731922d5,35.72544711804949,0,100,30.84765625
spectrum,4290,2858176320,512,1,8,62,1fe05feb,35.73441360401921,0,90,29.744140625
spectrum,4291,2858816880,512,1,8,64,571cf67b,35.74241334001999,0,95,31.638671875
spectrum,4292,2859456800,512,1,8,62,9230ff39,35.750393989961594,0,95,29.724609375
spectrum,4293,2860176000,512,1,8,65,6e227d2c,35.75943173002452,0,99,33.693359375
spectrum,4294,2860816800,512,1,8,39,0d0d8f68,35.76743630506098,0,134,28.994140625
spectrum,4295,2861456800,512,1,8,39,8dcedc77,35.775397719000466,0,126,32.5390625
spectrum,4296,2862176000,512,1,8,63,cf8d2361,35.78440988098737,0,94,31.9375
spectrum,4297,2862816800,512,1,8,60,e42f990f,35.792375692981295,0,94,27.896484375
spectrum,4298,2863457840,512,1,8,31,d826fb56,35.80043314804789,0,126,28.25390625
spectrum,4299,2864176000,512,1,8,37,44bb257b,35.80920763104223,0,124,40.62109375
spectrum,4300,2864817840,512,1,8,61,50977f4b,35.81743580906186,0,98,32.029296875
spectrum,4301,2865456880,512,1,8,72,7eb5d2ff,35.82536799705122,0,115,38.61328125
spectrum,4302,2866176000,512,1,8,64,52defb3e,35.834427388967015,0,97,31.814453125
spectrum,4303,2866816560,512,1,8,62,e9a1ac84,35.84243122301996,0,93,29.990234375
spectrum,4304,2867456480,512,1,8,72,07d2ba58,35.850275104050525,0,120,39.873046875
spectrum,4305,2868175680,512,1,8,37,f9206e51,35.859394147992134,0,124,36.419921875
spectrum,4306,2868817920,512,1,8,60,c3fbbb85,35.86740595696028,0,93,31.064453125
spectrum,4307,2869456560,512,1,8,62,b2f49886,35.87547214899678,0,89,29.716796875
spectrum,4308,2870175680,512,1,8,59,7d070df2,35.88443476695102,0,108,30.6328125
spectrum,4309,2870817600,512,1,8,61,2c85a757,35.892410909058526,0,89,30.728515625
spectrum,4310,2871457760,512,1,8,61,475acb1d,35.90041134599596,0,92,29.791015625
spectrum,4311,2872176000,512,1,8,61,51b51a18,35.90943074203096,0,89,29.3359375
spectrum,4312,2872817440,512,1,8,62,4925963d,35.91741361597087,0,97,31.79296875
spectrum,4313,2873456560,512,1,8,61,bfdd8e3d,35.92541407397948,0,92,29.283203125
spectrum,4314,2874175680,512,1,8,62,80f24b7b,35.93444298696704,0,95,30.376953125
spectrum,4315,2874817600,512,1,8,72,d8759b59,35.94243576005101,0,109,39.08984375
spectrum,4316,2875456560,512,1,8,62,9e835b53,35.95041283406317,0,89,31.375
spectrum,4317,2876175680,512,1,8,36,dce6253a,35.9594100570539,0,119,29.697265625
spectrum,4318,2876816400,512,1,8,39,1fcd3b66,35.967409271979704,0,134,29.677734375
spectrum,4319,2877456480,512,1,8,65,f6bb87cc,35.97539632499684,0,101,33.216796875
spectrum,4320,2878175680,512,1,8,62,9339515a,35.984398297034204,0,91,32.54296875
spectrum,4321,2878817680,512,1,8,62,1c79d9f4,35.99240547697991,0,96,29.908203125
spectrum,4322,2879457440,512,1,8,60,6d8f67a3,36.00041840900667,0,89,29.6640625
spectrum,4323,2880175680,512,1,8,63,1ca84104,36.00941079296172,0,94,30.021484375
spectrum,4324,2880816480,512,1,8,28,88dbd4e1,36.017271446064115,0,117,30.392578125
spectrum,4325,2881457520,512,1,8,61,7c7ec65a,36.02542831900064,0,89,29.33203125
spectrum,4326,2882175680,512,1,8,62,4f2ead4f,36.03440541506279,0,96,32.119140625
spectrum,4327,2882817760,512,1,8,62,382fe163,36.042416192009114,0,90,30.40234375
spectrum,4328,2883456880,512,1,8,62,909ec192,36.05040940595791,0,90,29.62109375
spectrum,4329,2884176000,512,1,8,60,7eb5197e,36.05939097004011,0,92,29.19140625
spectrum,4330,2884816800,512,1,8,63,7221940a,36.06738480506465,0,98,33.447265625
spectrum,4331,2885456800,512,1,8,29,1af3de43,36.07540541002527,0,121,29.6640625
spectrum,4332,2886176000,512,1,8,39,738d2281,36.08440682198852,0,122,40.982421875
spectrum,4333,2886816800,512,1,8,65,f3b42d6a,36.09240076702554,0,105,32.615234375
spectrum,4334,2887456800,512,1,8,62,e0901360,36.10044287296478,0,97,31.607421875
spectrum,4335,2888176000,512,1,8,37,4aa71436,36.10939698503353,0,123,30.45703125
spectrum,4336,2888816480,512,1,8,60,81ddb4ce,36.117399387061596,0,95,31.001953125
spectrum,4337,2889458080,512,1,8,72,c2865cfe,36.12546915502753,0,117,38.38671875
spectrum,4338,2890176000,512,1,8,61,d6779235,36.13441124395467,0,90,30.615234375
spectrum,4339,2890817440,512,1,8,60,14f9d83c,36.14239891804755,0,91,29.8671875
spectrum,4340,2891456560,512,1,8,63,a0f69f7b,36.1504403030267,0,95,32.39453125
spectrum,4341,2892175680,512,1,8,39,6f909ad1,36.159430513042025,0,124,33.34375
spectrum,4342,2892816480,512,1,8,62,67a98103,36.16740847798064,0,98,32.232421875
spectrum,4343,2893456480,512,1,8,30,c290ef90,36.175407032016665,0,125,30.05859375
spectrum,4344,2894175680,512,1,8,62,54da6efd,36.18441066797823,0,91,30.6484375
spectrum,4345,2894816480,512,1,8,63,846cf470,36.19242595299147,0,89,32.162109375
spectrum,4346,2895456480,512,1,8,64,57dc7ee7,36.20041264500469,0,95,33.6328125
spectrum,4347,2896176320,512,1,8,72,3d4ef7c4,36.20940627204254,0,112,39.263671875
spectrum,4348,2896816880,512,1,8,62,c64c514a,36.21737888595089,0,98,32.703125
spectrum,4349,2897457440,512,1,8,64,59c441b9,36.2254629220115,0,94,31.701171875
spectrum,4350,2898175680,512,1,8,62,7559e2c4,36.23440698499326,0,93,30.751953125
spectrum,4351,2898816480,512,1,8,36,839ceecf,36.24240996700246,0,125,38.888671875
spectrum,4352,2899457600,512,1,8,62,61971084,36.2503888939973,0,90,30.83203125
spectrum,4353,2900175680,512,1,8,31,3baa9c53,36.2594082900323,0,114,48.83984375
spectrum,4354,2900816560,512,1,8,31,003ac363,36.267413727007806,0,124,30.818359375
spectrum,4355,2901456480,512,1,8,63,b27c0048,36.275550852995366,0,95,30.990234375
spectrum,4356,2902175680,512,1,8,64,93d9db37,36.284395097056404,0,98,32.322265625
spectrum,4357,2902816480,512,1,8,65,517d9f79,36.29246314195916,0,97,32.986328125
spectrum,4358,2903456480,512,1,8,37,f3e3a041,36.300417613005266,0,123,29.88671875
spectrum,4359,2904176320,512,1,8,65,bc00cbb6,36.309408725006506,0,94,32.42578125
spectrum,4360,2904816880,512,1,8,62,bfeabc4a,36.31740598601755,0,96,32.5546875
spectrum,4361,2905456800,512,1,8,29,7f469922,36.32527736003976,0,125,30.26171875
spectrum,4362,2906176000,512,1,8,61,d16c1b86,36.33441162202507,0,90,30.154296875
spectrum,4363,2906816480,512,1,8,61,e5e0b2ab,36.34241236106027,0,91,30.912109375
spectrum,4364,2907457760,512,1,8,62,fd611dcc,36.350409562001005,0,100,30.78515625
spectrum,4365,2908176000,512,1,8,39,c119f029,36.35925419698469,0,128,32.693359375
spectrum,4366,2908819920,512,1,8,72,f8cacf66,36.3674165509874,0,116,45.3828125
spectrum,4367,2909456880,512,1,8,37,951bc5e1,36.375466982950456,0,127,28.013671875
spectrum,4368,2910176000,512,1,8,61,03342015,36.3844015779905,0,92,30.505859375
spectrum,4369,2910816800,512,1,8,37,5ba2b607,36.39241898700129,0,123,29.69921875
spectrum,4370,2911456720,512,1,8,63,f3ab7cc0,36.4004588490352,0,95,31.171875
spectrum,4371,2912176320,512,1,8,29,f9a621bc,36.409441586001776,0,122,29.59375
spectrum,4372,2912817200,512,1,8,62,52f7cae7,36.41740703699179,0,97,32.763671875
spectrum,4373,2913456480,512,1,8,63,15353587,36.42542643996421,0,94,30.724609375
spectrum,4374,2914176000,512,1,8,62,ba2a935f,36.434368939953856,0,93,30.89453125
spectrum,4375,2914817280,512,1,8,63,5d998c11,36.44244241598062,0,98,30.279296875
spectrum,4376,2915457760,512,1,8,62,31f2fdf2,36.45041695400141,0,90,30.126953125
spectrum,4377,2916176000,512,1,8,62,6f019735,36.45945179904811,0,91,31.388671875
spectrum,4378,2916816800,512,1,8,38,55559897,36.467410658020526,0,125,31.966796875
spectrum,4379,2917456800,512,1,8,38,e2c0e8d3,36.475474414997734,0,129,29.341796875
spectrum,4380,2918176000,512,1,8,60,dcbe8cb2,36.484398841043,0,84,28.7109375
spectrum,4381,2918817440,512,1,8,62,156a100e,36.49242259305902,0,92,30.2734375
spectrum,4382,2919456560,512,1,8,63,03fa1366,36.500445762998424,0,97,31.5390625
spectrum,4383,2920175680,512,1,8,63,50fbbdab,36.50941638601944,0,96,30.939453125
spectrum,4384,2920817520,512,1,8,61,be484695,36.51740303798579,0,94,32.314453125
spectrum,4385,2921456480,512,1,8,38,d9ef2172,36.5254165600054,0,131,27.60546875
spectrum,4386,2922176320,512,1,8,72,b6feec0b,36.53447265503928,0,121,40.359375
spectrum,4387,2922816880,512,1,8,62,eb6d877a,36.54241276800167,0,91,30.755859375
spectrum,4388,2923458400,512,1,8,63,f80012f5,36.55041920696385,0,92,31.8359375
spectrum,4389,2924175680,512,1,8,30,79efd61f,36.559419416007586,0,123,30.173828125
spectrum,4390,2924816480,512,1,8,60,259eba63,36.56739724101499,0,95,31.06640625
spectrum,4391,2925456480,512,1,8,63,b411b60e,36.575429619057104,0,95,32.0078125
spectrum,4392,2926175680,512,1,8,62,f1193b54,36.58442286495119,0,92,31.521484375
spectrum,4393,2926816480,512,1,8,62,5b774d42,36.59242845198605,0,88,29.759765625
spectrum,4394,2927456480,512,1,8,61,83a5baae,36.600404203054495,0,92,29.29296875
spectrum,4395,2928175680,512,1,8,60,18752a0b,36.60935939697083,0,90,28.5625
spectrum,4396,2928821520,512,1,8,30,cdc805bf,36.617398428032175,0,129,24.72265625
spectrum,4397,2929457760,512,1,8,31,7e62976c,36.625401600962505,0,130,27.650390625
spectrum,4398,2930176320,512,1,8,61,ea44f30a,36.63440010603517,0,89,29.900390625
spectrum,4399,2930816880,512,1,8,64,9281f337,36.642419349984266,0,101,31.943359375
spectrum,4400,2931456800,512,1,8,63,c544787a,36.65040601103101,0,95,30.94140625
spectrum,4401,2932176000,512,1,8,31,6d1400d3,36.65942930395249,0,124,31.158203125
spectrum,4402,2932816480,512,1,8,38,d42d6878,36.667419823003,0,127,29.986328125
spectrum,4403,2933456480,512,1,8,30,af2674bc,36.67541004100349,0,123,30.6640625
spectrum,4404,2934175680,512,1,8,62,502e2ceb,36.68440989905503,0,100,32.083984375
spectrum,4405,2934817760,512,1,8,63,a8ecef3e,36.692537156981416,0,103,31.53515625
spectrum,4406,2935456880,512,1,8,62,13e2386a,36.700408239034005,0,96,29.595703125
spectrum,4407,2936176000,512,1,8,64,da52b57e,36.709420682047494,0,98,32.26953125
spectrum,4408,2936817440,512,1,8,62,23d4e1d8,36.71743867197074,0,96,32.53515625
spectrum,4409,2937456560,512,1,8,30,5c2e1609,36.72539889405016,0,125,29.75
spectrum,4410,2938175680,512,1,8,29,f2ae9095,36.734394473955035,0,129,25.615234375
spectrum,4411,2938817520,512,1,8,63,54868d91,36.74240862799343,0,98,29.95703125
spectrum,4412,2939456480,512,1,8,66,c1040efc,36.750427440041676,0,101,34.8359375
spectrum,4413,2940176320,512,1,8,30,aac37d98,36.75956630206201,0,124,30.12109375
spectrum,4414,2940816800,512,1,8,60,735d2b95,36.767422856995836,0,91,30.181640625
spectrum,4415,2941456800,512,1,8,30,4e944d89,36.77541077102069,0,125,30.0234375
spectrum,4416,2942176000,512,1,8,30,9de5bce6,36.784410489024594,0,122,29.75
spectrum,4417,2942816720,512,1,8,64,df698467,36.79249254101887,0,92,30.8203125
spectrum,4418,2943456800,512,1,8,64,14c1f9e0,36.8004657169804,0,105,32.697265625
spectrum,4419,2944176000,512,1,8,62,800053d8,36.809443452977575,0,91,30.04296875
spectrum,4420,2944816800,512,1,8,60,c59e0e6b,36.81742129800841,0,94,31.2734375
spectrum,4421,2945457920,512,1,8,62,9b3bd562,36.825492409057915,0,97,30.30078125
spectrum,4422,2946176000,512,1,8,61,b0e307b9,36.83440180704929,0,92,30.92578125
spectrum,4423,2946818640,512,1,8,63,ec1c5880,36.84243672003504,0,97,31.09765625
spectrum,4424,2947456560,512,1,8,63,400c6a78,36.85040515696164,0,92,31.822265625
spectrum,4425,2948176320,512,1,8,31,276ee575,36.8594289800385,0,131,25.158203125
spectrum,4426,2948816800,512,1,8,38,61cc6759,36.86721449100878,0,127,31.337890625
spectrum,4427,2949460240,512,1,8,31,579e30cf,36.87541332398541,0,126,30.701171875
spectrum,4428,2950176000,512,1,8,61,20978bcd,36.88441457506269,0,96,30.638671875
spectrum,4429,2950816800,512,1,8,37,036afdd5,36.89243741496466,0,124,30.244140625
spectrum,4430,2951456800,512,1,8,61,52434a4f,36.900422664009966,0,94,30.80859375
spectrum,4431,2952176960,512,1,8,61,39ec0ad6,36.90942196105607,0,90,29.564453125
spectrum,4432,2952817520,512,1,8,38,53cd9954,36.917415275005624,0,122,37.96484375
spectrum,4433,2953457440,512,1,8,40,77ea8ec0,36.92540296900552,0,128,41.759765625
spectrum,4434,2954175680,512,1,8,72,3bf08e4b,36.934425108949654,0,118,40.236328125
spectrum,4435,2954817760,512,1,8,64,faad6f53,36.942410698975436,0,102,32.53515625
spectrum,4436,2955456880,512,1,8,60,7afc4c60,36.95049589697737,0,85,28.98828125
spectrum,4437,2956176000,512,1,8,35,c7070587,36.959404872963205,0,123,35.220703125
spectrum,4438,2956817600,512,1,8,62,d199643c,36.96743479697034,0,101,32.251953125
spectrum,4439,2957456480,512,1,8,30,bbd486ab,36.97542561602313,0,124,29.5703125
spectrum,4440,2958175680,512,1,8,64,d019e236,36.984410876990296,0,96,31.212890625
spectrum,4441,2958816480,512,1,8,61,69a82087,36.992498098057695,0,97,28.291015625
spectrum,4442,2959456480,512,1,8,60,ee333df4,37.00046410097275,0,93,28.552734375
spectrum,4443,2960175680,512,1,8,62,6e99db85,37.009596870979294,0,89,29.583984375
spectrum,4444,2960816480,512,1,8,33,fc46928c,37.01742003299296,0,128,36.55859375
spectrum,4445,2961457760,512,1,8,31,5eed79a8,37.025457600015216,0,126,31.0390625
spectrum,4446,2962176000,512,1,8,72,13319da0,37.03445971303154,0,116,40.169921875
spectrum,4447,2962816560,512,1,8,63,18e9a7f7,37.042433149996214,0,96,31.130859375
spectrum,4448,2963457600,512,1,8,63,e9b5919a,37.05042016203515,0,98,32.427734375
spectrum,4449,2964175680,512,1,8,62,329adfb7,37.05954120901879,0,90,30.1484375
spectrum,4450,2964817760,512,1,8,60,8cc78522,37.067445405060425,0,98,29.87109375
spectrum,4451,2965456880,512,1,8,72,4b74196f,37.075448688003235,0,116,39.19921875
spectrum,4452,2966176000,512,1,8,72,6a88acb9,37.0844300610479,0,122,39.8515625
spectrum,4453,2966816800,512,1,8,63,3b7e5da3,37.09244757099077,0,91,31.88671875
spectrum,4454,2967456800,512,1,8,60,c4908d98,37.1004387709545,0,89,29.951171875
spectrum,4455,2968176000,512,1,8,72,0863c565,37.109444690984674,0,112,40.162109375
spectrum,4456,2968816800,512,1,8,39,b2d94c83,37.117197148967534,0,115,33.63671875
spectrum,4457,2969462160,512,1,8,63,55fd34f5,37.12540915701538,0,93,30.478515625
spectrum,4458,2970175680,512,1,8,63,da61c07c,37.13442048698198,0,95,31.646484375
spectrum,4459,2970816480,512,1,8,62,95731128,37.14242844900582,0,90,28.716796875
spectrum,4460,2971458000,512,1,8,60,ea0a811d,37.15042451804038,0,93,29.21484375
spectrum,4461,2972176000,512,1,8,30,90f42258,37.15942272404209,0,89,28.7109375
spectrum,4462,2972817440,512,1,8,38,97c43a51,37.167450692970306,0,125,30.091796875
spectrum,4463,2973456560,512,1,8,62,7a3e3af7,37.175488781998865,0,90,28.751953125
spectrum,4464,2974175680,512,1,8,40,9582cf6b,37.18443969800137,0,125,35.392578125
spectrum,4465,2974816480,512,1,8,37,8849c856,37.192449472961016,0,124,29.953125
spectrum,4466,2975456480,512,1,8,62,3a67614f,37.2004095739685,0,93,31.20703125
spectrum,4467,2976175680,512,1,8,62,556ce383,37.20941739703994,0,92,30.50390625
spectrum,4468,2976816480,512,1,8,60,2708971e,37.21745917305816,0,88,28.322265625
spectrum,4469,2977457760,512,1,8,64,a1ff07d2,37.2254075120436,0,96,32.20703125
spectrum,4470,2978176000,512,1,8,63,3b520115,37.234450352028944,0,96,31.365234375
spectrum,4471,2978816480,512,1,8,40,21d94071,37.242459835950285,0,128,43.1796875
spectrum,4472,2979457760,512,1,8,62,1158a4f6,37.250453862012364,0,89,30.6640625
spectrum,4473,2980176000,512,1,8,37,3031c70d,37.25942837202456,0,122,30.251953125
spectrum,4474,2980818320,512,1,8,64,7aa515e4,37.26752128498629,28,141,86.314453125
spectrum,4475,2981458560,512,1,8,30,c24c2c72,37.27543204301037,0,123,30.2578125
spectrum,4476,2982176000,512,1,8,63,bcc1d214,37.284426040016115,0,100,32.154296875
spectrum,4477,2982816800,512,1,8,63,6c72b708,37.29243916098494,0,97,31.03515625
spectrum,4478,2983456800,512,1,8,63,f139d6f7,37.30042050301563,0,89,30.375
spectrum,4479,2984176000,512,1,8,62,8b655efc,37.30945793201681,0,92,29.712890625
spectrum,4480,2984816800,512,1,8,39,9d6ef542,37.317407944006845,0,127,36.224609375
spectrum,4481,2985456800,512,1,8,65,aca5a80c,37.325421796995215,0,97,32.509765625
spectrum,4482,2986176000,512,1,8,63,4e20fa82,37.33441141596995,0,95,31.296875
spectrum,4483,2986816560,512,1,8,64,1ef8904c,37.342440137057565,0,94,32.76953125
spectrum,4484,2987458400,512,1,8,63,70ae1316,37.350446867058054,0,94,31.6796875
spectrum,4485,2988176000,512,1,8,63,73fcc757,37.35943882004358,0,94,30.630859375
spectrum,4486,2988816800,512,1,8,64,e510670b,37.3673838529503,0,96,32.435546875
spectrum,4487,2989457520,512,1,8,62,06f48235,37.37530916801188,0,92,29.705078125
spectrum,4488,2990175680,512,1,8,38,eee83e0c,37.384438922046684,0,121,38.791015625
spectrum,4489,2990816480,512,1,8,66,041eb22e,37.392418059986085,0,106,33.611328125
spectrum,4490,2991456480,512,1,8,31,d1ce9710,37.40046360203996,0,125,31.337890625
spectrum,4491,2992175680,512,1,8,62,89b49f49,37.40944686997682,0,93,30.6640625
spectrum,4492,2992816480,512,1,8,60,8da077b6,37.41742855205666,0,95,29.76953125
spectrum,4493,2993456480,512,1,8,31,3b1a578e,37.42541495198384,0,125,30.8671875
spectrum,4494,2994176960,512,1,8,31,413f00e8,37.43441795697436,0,126,31.91015625
spectrum,4495,2994817440,512,1,8,48,d495cd7a,37.44244808098301,0,125,35.845703125
spectrum,4496,2995456560,512,1,8,61,8fd9031f,37.45046794496011,0,94,31.47265625
spectrum,4497,2996176320,512,1,8,60,c1cbea08,37.459433799027465,0,94,28.21875
spectrum,4498,2996816800,512,1,8,39,625b16d7,37.467430007993244,0,134,29.138671875
spectrum,4499,2997457440,512,1,8,30,4d05c55c,37.47547814599238,0,131,28.35546875
spectrum,4500,2998175680,512,1,8,62,97c2e94c,37.48442625696771,0,96,30.0546875
spectrum,4501,2998816480,512,1,8,62,9b5bf6f7,37.49244191299658,0,90,29.646484375
spectrum,4502,2999456480,512,1,8,38,62a5ab29,37.50039977999404,0,126,31.88671875
spectrum,4503,3000175680,512,1,8,64,f864e628,37.50944565504324,0,94,32.03125
spectrum,4504,3000816480,512,1,8,62,d155fa7f,37.51742815901525,0,97,31.314453125
spectrum,4505,3001456480,512,1,8,72,2c55cf97,37.52544890495483,0,119,39.3671875
spectrum,4506,3002175680,512,1,8,31,1944b24e,37.53443856397644,0,123,33.955078125
spectrum,4507,3002817520,512,1,8,65,078ebff4,37.54247831599787,0,97,32.388671875
spectrum,4508,3003456480,512,1,8,62,3a9dfa17,37.55042792705353,0,97,31.0859375
spectrum,4509,3004176320,512,1,8,37,160c7e54,37.559438526048325,0,124,30.3515625
spectrum,4510,3004816800,512,1,8,63,5151ecc1,37.56745437299833,0,100,32.9921875
spectrum,4511,3005457440,512,1,8,62,2af3aadd,37.575472292955965,0,91,29.82421875
spectrum,4512,3006175680,512,1,8,63,89fc9e1b,37.58444540097844,0,97,31.505859375
spectrum,4513,3006816480,512,1,8,27,0d7b4722,37.59244314301759,0,133,45.142578125
spectrum,4514,3007457600,512,1,8,63,6704aaa5,37.600438882014714,0,98,31.458984375
spectrum,4515,3008175680,512,1,8,63,8c5053c5,37.60952095605899,0,93,30.28125
spectrum,4516,3008816480,512,1,8,72,6ce838f0,37.617439788999036,0,109,39.4609375
spectrum,4517,3009456480,512,1,8,72,5bbecabf,37.625332702999,0,115,39.04296875
spectrum,4518,3010175680,512,1,8,29,c6a65969,37.63439984899014,0,118,30.119140625
spectrum,4519,3010818000,512,1,8,29,1cd2c28e,37.64246293506585,0,124,27.697265625
spectrum,4520,3011458160,512,1,8,60,c4374a9c,37.65045130997896,0,90,28.791015625
spectrum,4521,3012176000,512,1,8,31,26e36c8c,37.65941629197914,0,126,30.00390625
spectrum,4522,3012816480,512,1,8,59,c72fe4e8,37.667415758012794,0,88,29.24609375
spectrum,4523,3013456480,512,1,8,30,1790f68d,37.67542692495044,0,124,29.90625
spectrum,4524,3014176000,512,1,8,64,e3de09f1,37.684491607011296,0,93,31.490234375
spectrum,4525,3014816480,512,1,8,61,02082d36,37.69242717104498,0,91,30.220703125
spectrum,4526,3015457760,512,1,8,39,8e552806,37.700445782975294,0,122,38.8125
spectrum,4527,3016176000,512,1,8,72,229ae540,37.70943300798535,0,111,39.01953125
spectrum,4528,3016816800,512,1,8,64,84c38aeb,37.71742504904978,0,92,32.974609375
spectrum,4529,3017457520,512,1,8,63,a87cbd5d,37.72545708704274,0,93,29.8125
spectrum,4530,3018175680,512,1,8,37,de19be84,37.73441739997361,0,123,30.408203125
spectrum,4531,3018817680,512,1,8,37,1fb92aba,37.74243002105504,0,126,29.72265625
spectrum,4532,3019456800,512,1,8,38,c6b7b138,37.75044857303146,0,126,32.056640625
spectrum,4533,3020176000,512,1,8,61,2c2aa424,37.75944538495969,0,87,29.931640625
spectrum,4534,3020817520,512,1,8,37,88aa6121,37.76744717499241,0,126,29.046875
spectrum,4535,3021457760,512,1,8,39,0f5f22e8,37.77540628495626,0,129,32.18359375
spectrum,4536,3022176000,512,1,8,31,e5c9f09e,37.78442324500065,0,123,30.7109375
spectrum,4537,3022816480,512,1,8,72,8fd682ee,37.792425535968505,0,116,39.630859375
spectrum,4538,3023456480,512,1,8,29,c67b5de4,37.80043736496009,0,127,24.744140625
spectrum,4539,3024175680,512,1,8,60,6e517576,37.80943623196799,0,89,28.8515625
spectrum,4540,3024816480,512,1,8,64,3d17a40a,37.817422381951474,0,102,31.62890625
spectrum,4541,3025456480,512,1,8,63,087e3aec,37.82544640498236,0,93,31.533203125
spectrum,4542,3026175680,512,1,8,72,2ae3d2f4,37.83446737297345,0,119,40.06640625
spectrum,4543,3026818320,512,1,8,29,469c4fc0,37.84247261995915,0,126,27.71875
spectrum,4544,3027458000,512,1,8,39,5b79be26,37.850486182025634,0,130,31.109375
spectrum,4545,3028176000,512,1,8,27,f52b63b8,37.85945617395919,0,127,26.5546875
spectrum,4546,3028817520,512,1,8,40,663fc4dd,37.867448715958744,0,128,42.923828125
spectrum,4547,3029456560,512,1,8,72,1c5105e4,37.875404027989134,0,109,38.109375
spectrum,4548,3030175680,512,1,8,61,47e9e6e8,37.88445163704455,0,91,30.474609375
spectrum,4549,3030816480,512,1,8,60,0a6f608d,37.892511636950076,0,89,29.80078125
spectrum,4550,3031456480,512,1,8,61,cecc0930,37.90043472801335,0,89,30.11328125
spectrum,4551,3032175680,512,1,8,64,464659f0,37.90951829496771,0,94,31.541015625
spectrum,4552,3032816480,512,1,8,60,6f51149a,37.91743244999088,0,103,29.17578125
spectrum,4553,3033456480,512,1,8,39,6a4a3d0e,37.92544166406151,0,127,32.90234375
spectrum,4554,3034175680,512,1,8,60,d7dd5e57,37.934419741039164,0,93,29.5234375
spectrum,4555,3034816480,512,1,8,31,3d8a50ec,37.94245345098898,0,122,31.900390625
spectrum,4556,3035457840,512,1,8,31,9ba2f075,37.95049843296874,0,125,30.90234375
spectrum,4557,3036175680,512,1,8,62,610ffdf1,37.95945080195088,0,90,29.521484375
spectrum,4558,3036754080,512,1,8,38,162270a8,37.96647484204732,0,126,30.73828125
spectrum,4559,3037376960,512,1,8,31,64bce8ce,37.9743975920137,0,130,28.478515625
spectrum,4560,3038096000,512,1,8,37,ea063205,37.98344404902309,0,163,78.71484375
spectrum,4561,3038737680,512,1,8,64,41ca4ce8,37.99140342895407,0,92,30.7734375
spectrum,4562,3039377760,512,1,8,62,6e327bb0,37.99944092601072,0,96,31.55859375
spectrum,4563,3040096000,512,1,8,48,4c5e4da2,38.00841582706198,0,135,51.10546875
spectrum,4564,3040736880,512,1,8,72,9fb70267,38.01642052305397,0,112,40.130859375
spectrum,4565,3041376800,512,1,8,39,cba6a11d,38.024429577053525,0,127,41.30078125
spectrum,4566,3042096000,512,1,8,37,1bfa6338,38.033405961003155,0,143,24.08984375
spectrum,4567,3042736800,512,1,8,31,c2423509,38.04143435100559,0,126,30.48828125
spectrum,4568,3043376800,512,1,8,31,8035a3fb,38.04944448696915,0,124,33.2421875
spectrum,4569,3044096320,512,1,8,37,0399c2bf,38.05843223200645,0,124,31.138671875
spectrum,4570,3044738400,512,1,8,39,4fc7c7a5,38.06646688398905,0,132,31.16015625
spectrum,4571,3045376560,512,1,8,63,66610263,38.07444771495648,0,89,30.28515625
spectrum,4572,3046095680,512,1,8,35,78dd184b,38.083420471986756,0,142,21.021484375
spectrum,4573,3046737680,512,1,8,57,09a11f38,38.091444854973815,0,87,26.48046875
spectrum,4574,3047376880,512,1,8,66,58e90d73,38.09943378996104,0,98,33.6875
spectrum,4575,3048096000,512,1,8,40,c97c97fa,38.10844073200133,0,121,42.421875
spectrum,4576,3048736800,512,1,8,29,6c10a804,38.1164207609836,0,118,29.763671875
spectrum,4577,3049376720,512,1,8,60,cb038dce,38.12441123998724,0,85,29.1015625
spectrum,4578,3050096000,512,1,8,35,124f7a69,38.133311829995364,0,145,19.369140625
spectrum,4579,3050739920,512,1,8,72,c2431148,38.14144626096822,0,114,39.587890625
spectrum,4580,3051380240,512,1,8,61,7af4ba90,38.149471806013025,0,98,30.54296875
spectrum,4581,3052095680,512,1,8,57,47cc1fe4,38.15844189806376,0,153,36.83203125
spectrum,4582,3052736480,512,1,8,72,d40a17c0,38.166450641001575,0,116,39.427734375
spectrum,4583,3053377760,512,1,8,31,d6b556fb,38.17444385495037,0,123,30.9453125
spectrum,4584,3054096000,512,1,8,37,fe61e3e5,38.183444965980016,39,152,77.041015625
spectrum,4585,3054737520,512,1,8,60,002bea5e,38.1914265480591,0,92,29.41015625
spectrum,4586,3055376560,512,1,8,30,a7835f1f,38.19945540896151,0,124,30.685546875
spectrum,4587,3056095680,512,1,8,64,549006db,38.20843264495488,0,157,38.69140625
spectrum,4588,3056736480,512,1,8,60,2440d51d,38.216439884970896,0,132,40.40625
spectrum,4589,3057376480,512,1,8,60,ecd48b44,38.22445177403279,0,126,44.466796875
spectrum,4590,3058095680,512,1,8,37,f09f608d,38.23348452500068,20,160,78.666015625
spectrum,4591,3058736560,512,1,8,64,fe3a24eb,38.24143287399784,0,114,67.66015625
spectrum,4592,3059376560,512,1,8,63,a974c4cf,38.249508392997086,0,98,31.041015625
spectrum,4593,3060096320,512,1,8,31,7ccf64eb,38.25842874101363,0,124,31.5859375
spectrum,4594,3060737760,512,1,8,60,d631aedd,38.26642616302706,0,88,28.9453125
spectrum,4595,3061377520,512,1,8,62,922db748,38.27445099700708,0,90,29.966796875
spectrum,4596,3062095680,512,1,8,37,6380809b,38.283444884000346,0,157,73.212890625
spectrum,4597,3062738480,512,1,8,29,36b428c0,38.29142948100343,14,140,82.103515625
spectrum,4598,3063376960,512,1,8,34,6461b367,38.29948153602891,0,121,33.34765625
spectrum,4599,3064096000,512,1,8,58,f6339952,38.308455875958316,0,156,56.08984375
spectrum,4600,3064736880,512,1,8,30,de358001,38.31641990505159,0,125,29.087890625
spectrum,4601,3065376800,512,1,8,64,57251469,38.32440010400023,0,95,31.361328125
spectrum,4602,3066096000,512,1,8,64,6846df35,38.33345412497874,0,142,59.0
spectrum,4603,3066736880,512,1,8,60,369263eb,38.34141686104704,0,89,29.462890625
spectrum,4604,3067376800,512,1,8,60,44c97889,38.34943327901419,0,89,28.568359375
spectrum,4605,3068096000,512,1,8,60,6c82e7f9,38.358471689978614,0,157,40.716796875
spectrum,4606,3068736560,512,1,8,72,e488f50e,38.36642572004348,0,117,40.298828125
spectrum,4607,3069378400,512,1,8,37,f631cd5a,38.37442742998246,0,124,30.791015625
spectrum,4608,3070096000,512,1,8,37,d68d1174,38.38322529604193,14,163,80.80859375
spectrum,4609,3070740080,512,1,8,60,a1dd69ea,38.39144000899978,0,88,28.6171875
spectrum,4610,3071377920,512,1,8,37,5118e8cc,38.39946498302743,0,120,31.25
spectrum,4611,3072095680,512,1,8,61,1254bfbc,38.40851136902347,0,160,38.013671875
spectrum,4612,3072736480,512,1,8,61,957bd50a,38.41647083905991,0,92,30.2578125
spectrum,4613,3073376480,512,1,8,64,c0b4f0ef,38.42445847205818,0,90,31.427734375
spectrum,4614,3074096320,512,1,8,40,3919fc99,38.433477045968175,0,149,53.408203125
spectrum,4615,3074736960,512,1,8,39,39634adf,38.44148022902664,0,130,31.34765625
spectrum,4616,3075377440,512,1,8,31,612a088f,38.449494372005574,0,126,30.255859375
spectrum,4617,3076096320,512,1,8,61,e79ca93b,38.45846392295789,0,163,37.927734375
spectrum,4618,3076736880,512,1,8,60,8474d128,38.46649132098537,0,87,28.98828125
spectrum,4619,3077376800,512,1,8,39,eb7ee9e3,38.474445421015844,0,129,32.349609375
spectrum,4620,3078096000,512,1,8,35,1eca0838,38.48357712896541,0,144,19.888671875
spectrum,4621,3078736480,512,1,8,31,b5b0a7a7,38.49144289200194,0,124,30.91796875
spectrum,4622,3079377680,512,1,8,31,818b32c8,38.499495708034374,0,125,31.05859375
spectrum,4623,3080096000,512,1,8,57,b3c8fc27,38.508461863035336,0,153,34.521484375
spectrum,4624,3080736800,512,1,8,60,35df56d0,38.51643872598652,0,84,27.966796875
spectrum,4625,3081376800,512,1,8,65,0fbba517,38.524438451975584,0,103,31.82421875
spectrum,4626,3082096000,512,1,8,39,02f51059,38.533438781043515,0,150,45.49609375
spectrum,4627,3082736880,512,1,8,31,12bebfd4,38.54145114100538,0,125,30.6875
spectrum,4628,3083376800,512,1,8,63,c0f42e2f,38.54944691003766,0,91,30.267578125
spectrum,4629,3084096000,512,1,8,31,1019046a,38.55846882995684,0,121,34.4453125
spectrum,4630,3084737200,512,1,8,60,443a4b99,38.566459789988585,0,90,28.97265625
spectrum,4631,3085376480,512,1,8,64,0c994074,38.574433346046135,0,99,32.744140625
spectrum,4632,3086096320,512,1,8,37,35b53e0c,38.583441089023836,0,144,18.619140625
spectrum,4633,3086736800,512,1,8,60,27da58f5,38.59141387499403,0,91,28.337890625
spectrum,4634,3087377440,512,1,8,38,9c65a1aa,38.59944400796667,0,130,28.912109375
spectrum,4635,3088095680,512,1,8,59,dcfb4a75,38.608447063015774,0,158,43.09375
spectrum,4636,3088736560,512,1,8,36,692a09f5,38.616450765985064,0,124,37.23828125
spectrum,4637,3089376480,512,1,8,62,115845e0,38.6244343520375,0,91,31.720703125
spectrum,4638,3090095680,512,1,8,35,eb0d29b6,38.6334365849616,0,144,20.240234375
spectrum,4639,3090736480,512,1,8,72,9b4f35b6,38.6412642049836,0,121,40.2734375
spectrum,4640,3091379680,512,1,8,62,f0e7cf3a,38.64943595696241,0,95,30.626953125
spectrum,4641,3092095680,512,1,8,57,932ffd88,38.65844220703002,0,153,36.958984375
spectrum,4642,3092738080,512,1,8,34,852b69c9,38.66643830703106,0,115,33.265625
spectrum,4643,3093376880,512,1,8,31,f3dce580,38.67443087906577,0,128,29.3359375
spectrum,4644,3094096000,512,1,8,31,18a1a9aa,38.68346987199038,0,133,28.1171875
spectrum,4645,3094736480,512,1,8,38,4cf6556a,38.691443098010495,0,132,26.9296875
spectrum,4646,3095376480,512,1,8,61,56393fd0,38.69947262003552,0,94,30.66796875
spectrum,4647,3096095680,512,1,8,55,cf5c08bd,38.7084726189496,0,150,34.392578125
spectrum,4648,3096736480,512,1,8,61,5d505e1a,38.71648438798729,0,94,30.669921875
spectrum,4649,3097376480,512,1,8,63,9cce9f8e,38.72446950606536,0,98,31.07421875
spectrum,4650,3098095680,512,1,8,35,763bf54a,38.733444888028316,0,144,21.560546875
spectrum,4651,3098736480,512,1,8,60,d7451d59,38.74144318199251,0,91,28.583984375
spectrum,4652,3099376480,512,1,8,62,f09a01f1,38.74947910604533,0,96,31.076171875
spectrum,4653,3100095680,512,1,8,55,b7fba2a2,38.758460429962724,0,151,33.248046875
spectrum,4654,3100737760,512,1,8,60,6b26262d,38.76643507799599,0,92,29.509765625
spectrum,4655,3101376880,512,1,8,63,35c163f1,38.77442708995659,0,94,30.111328125
spectrum,4656,3102096000,512,1,8,61,3a63c95a,38.78342948295176,0,89,30.42578125
spectrum,4657,3102737600,512,1,8,31,f0b26558,38.791411394951865,0,125,30.619140625
spectrum,4658,3103376480,512,1,8,30,c17861e1,38.79944308195263,0,129,25.076171875
spectrum,4659,3104095680,512,1,8,57,b4451601,38.808416840969585,0,152,37.001953125
spectrum,4660,3104736480,512,1,8,60,0bea73de,38.81643086404074,0,96,30.171875
spectrum,4661,3105376480,512,1,8,62,cf13e0da,38.82445622899104,0,92,31.34765625
spectrum,4662,3106095680,512,1,8,64,40c3f57f,38.83342282404192,0,141,41.294921875
spectrum,4663,3106736560,512,1,8,60,20c576b7,38.84143041505013,0,90,28.080078125
spectrum,4664,3107376480,512,1,8,64,6dafb591,38.849497808958404,0,98,31.3203125
spectrum,4665,3108095680,512,1,8,55,37e21162,38.85846002702601,0,149,35.13671875
spectrum,4666,3108738400,512,1,8,38,e8b5947e,38.86647627397906,0,126,31.10546875
spectrum,4667,3109377920,512,1,8,60,5528de12,38.87446510896552,0,84,28.923828125
spectrum,4668,3110096000,512,1,8,29,715c1d0f,38.88359697803389,0,132,32.89453125
spectrum,4669,3110737520,512,1,8,38,9c99a0e0,38.89133872499224,0,126,30.908203125
spectrum,4670,3111379680,512,1,8,38,c72b6c9c,38.89946767606307,0,128,30.66015625
spectrum,4671,3112095680,512,1,8,61,7f888719,38.90842733904719,0,160,40.75390625
spectrum,4672,3112736560,512,1,8,60,9d28710f,38.916440480039455,0,89,30.224609375
spectrum,4673,3113376480,512,1,8,63,88c13fa6,38.92441931704525,0,100,30.916015625
spectrum,4674,3114095680,512,1,8,36,b9f05bb4,38.93346967105754,22,157,78.611328125
spectrum,4675,3114736560,512,1,8,60,b4f5f99f,38.941431654966436,0,86,29.2578125
spectrum,4676,3115376480,512,1,8,61,c9aadc98,38.949424428050406,0,97,29.1953125
spectrum,4677,3116095680,512,1,8,55,477026dd,38.95844187005423,0,151,33.044921875
spectrum,4678,3116736480,512,1,8,36,e0d90baf,38.966257267049514,0,121,39.5078125
spectrum,4679,3117377920,512,1,8,62,c3a9ca9e,38.97444307501428,0,97,30.41796875
spectrum,4680,3118095680,512,1,8,37,8d92b787,38.983474332955666,12,156,74.20703125
spectrum,4681,3118737840,512,1,8,31,6e1f0fc4,38.99145506299101,0,126,30.81640625
spectrum,4682,3119376800,512,1,8,38,8c9dd2de,38.999456332065165,0,126,31.001953125
spectrum,4683,3120096640,512,1,8,56,3bfc817a,39.0084425250534,0,150,35.5078125
spectrum,4684,3120737520,512,1,8,60,0a6f50de,39.01642545906361,0,87,29.900390625
spectrum,4685,3121376800,512,1,8,65,d3fa6451,39.024451124016196,0,104,32.0859375
spectrum,4686,3122096000,512,1,8,64,b966c4aa,39.03348210104741,0,141,37.3984375
spectrum,4687,3122737600,512,1,8,39,2f091eff,39.041445769020356,0,126,39.91796875
spectrum,4688,3123376560,512,1,8,62,a1dbcd57,39.049476593965665,0,90,30.1484375
spectrum,4689,3124095680,512,1,8,38,b2ff4dcb,39.058465642039664,0,126,34.091796875
spectrum,4690,3124737760,512,1,8,38,c5718a20,39.06644473900087,0,126,31.048828125
spectrum,4691,3125377760,512,1,8,62,03e83942,39.07444459502585,0,95,30.009765625
spectrum,4692,3126095680,512,1,8,36,7d5d51ef,39.08348022203427,0,156,77.3515625
spectrum,4693,3126738320,512,1,8,60,ca32fcda,39.09142505400814,0,95,29.625
spectrum,4694,3127376880,512,1,8,39,d09ca27b,39.0994807559764,0,134,27.677734375
spectrum,4695,3128096000,512,1,8,60,766ec4cd,39.10845119797159,0,158,41.248046875
spectrum,4696,3128737600,512,1,8,36,c0045742,39.116445914958604,0,124,38.857421875
spectrum,4697,3129376560,512,1,8,39,8497a63d,39.12443071301095,0,129,32.3203125
spectrum,4698,3130095680,512,1,8,35,97b98b32,39.13346054800786,0,142,56.240234375
spectrum,4699,3130736560,512,1,8,72,034cba04,39.14131560001988,0,123,39.349609375
spectrum,4700,3131379600,512,1,8,62,479fb7d2,39.14944564295001,0,93,31.134765625
spectrum,4701,3132095680,512,1,8,31,ed34ca38,39.15842543297913,0,144,38.71875
spectrum,4702,3132736480,512,1,8,60,5e2ca82d,39.16642097104341,0,88,29.33984375
spectrum,4703,3133378640,512,1,8,63,eb9d7cf3,39.17447493004147,0,98,30.8203125
spectrum,4704,3134096000,512,1,8,37,dc02df00,39.18345297698397,28,161,81.068359375
spectrum,4705,3134736880,512,1,8,29,cd0f17f3,39.19145355501678,0,123,30.740234375
spectrum,4706,3135377520,512,1,8,37,ee1ea45d,39.19949028105475,0,129,28.66015625
spectrum,4707,3136096320,512,1,8,61,dda5c63d,39.20846973103471,0,160,42.517578125
spectrum,4708,3136737520,512,1,8,31,dd6a2d17,39.21643751603551,0,125,29.87109375
spectrum,4709,3137376480,512,1,8,62,a53ecf4e,39.224460316007026,0,98,30.173828125
spectrum,4710,3138095680,512,1,8,36,7dc63dbb,39.23345388297457,0,142,18.673828125
spectrum,4711,3138736480,512,1,8,40,1ddcd931,39.24143835995346,0,131,42.8203125
spectrum,4712,3139376480,512,1,8,62,c259efff,39.2494487259537,0,104,30.390625
spectrum,4713,3140096320,512,1,8,60,e91ce347,39.25845820305403,0,156,40.482421875
spectrum,4714,3140736880,512,1,8,62,3f5ae37c,39.26644460298121,0,100,30.849609375
spectrum,4715,3141376800,512,1,8,62,17a81eab,39.27447054896038,0,93,30.45703125
spectrum,4716,3142096320,512,1,8,31,13a58765,39.283469244954176,0,121,30.521484375
spectrum,4717,3142737440,512,1,8,32,e9bc4e6b,39.291470444062725,0,127,31.693359375
spectrum,4718,3143377760,512,1,8,40,4ae0bcce,39.2994929329725,0,122,34.703125
spectrum,4719,3144096000,512,1,8,55,5c50fa3b,39.30845213495195,0,151,40.720703125
spectrum,4720,3144737440,512,1,8,60,8bacf153,39.31645619904157,0,87,28.521484375
spectrum,4721,3145376560,512,1,8,32,82639b7f,39.32442126900423,0,126,31.478515625
spectrum,4722,3146095680,512,1,8,20,aff4913a,39.33341384399682,0,144,19.025390625
spectrum,4723,3146736480,512,1,8,72,f8eda131,39.341441433061846,0,124,39.177734375
spectrum,4724,3147376480,512,1,8,64,0118b10a,39.34946870105341,0,99,32.126953125
spectrum,4725,3148095680,512,1,8,34,eeb159d1,39.358445105026476,0,144,34.224609375
spectrum,4726,3148736480,512,1,8,60,2280bb14,39.366429702960886,0,95,29.1953125
spectrum,4727,3149376480,512,1,8,64,676e6a59,39.37445944501087,0,99,31.333984375
spectrum,4728,3150096320,512,1,8,31,9e5ce363,39.38344404497184,0,135,30.263671875
spectrum,4729,3150736800,512,1,8,39,1f169097,39.39133775001392,0,128,31.9921875
spectrum,4730,3151382160,512,1,8,39,226cf27a,39.39949097705539,0,131,32.78125
spectrum,4731,3152095680,512,1,8,38,2ef9cf6d,39.4084880000446,0,126,32.986328125
spectrum,4732,3152736480,512,1,8,31,f0422329,39.41649504005909,0,124,30.830078125
spectrum,4733,3153376480,512,1,8,64,5d60731c,39.424436785979196,0,97,32.900390625
spectrum,4734,3154095680,512,1,8,54,eca420d0,39.43349683796987,0,135,48.267578125
spectrum,4735,3154736560,512,1,8,61,61f902ae,39.441433334955946,0,91,29.263671875
spectrum,4736,3155376480,512,1,8,61,cdfd8eb6,39.44949730206281,0,95,29.818359375
spectrum,4737,3156095680,512,1,8,39,6f5aefe6,39.45847336598672,0,147,44.1484375
spectrum,4738,3156736480,512,1,8,64,cc35f831,39.46643947798293,0,93,32.66796875
spectrum,4739,3157376480,512,1,8,60,a520b7c5,39.474434175062925,0,91,29.583984375
spectrum,4740,3158096640,512,1,8,30,5f2f2e1d,39.48349848506041,0,131,31.0625
spectrum,4741,3158736800,512,1,8,60,4183ab4a,39.49148347298615,0,87,29.95703125
spectrum,4742,3159376800,512,1,8,29,a96ac314,39.49948931101244,0,120,30.626953125
spectrum,4743,3160096000,512,1,8,59,42956966,39.5084519990487,0,156,37.6484375
spectrum,4744,3160736560,512,1,8,72,49c7308e,39.516477233031765,12,136,74.736328125
spectrum,4745,3161377840,512,1,8,72,8a1e9d4d,39.524486217065714,0,124,38.482421875
spectrum,4746,3162096000,512,1,8,35,5c666fbb,39.533489180961624,0,144,21.25
spectrum,4747,3162736800,512,1,8,60,17c517db,39.541418344015256,0,92,29.32421875
spectrum,4748,3163376800,512,1,8,62,30133796,39.549464276991785,0,97,30.79296875
spectrum,4749,3164096000,512,1,8,39,59293e35,39.55844882701058,0,135,31.2734375
spectrum,4750,3164736800,512,1,8,62,48bf688e,39.566462800023146,0,99,31.765625
spectrum,4751,3165376800,512,1,8,61,93d0acb6,39.57446599204559,0,91,29.267578125
spectrum,4752,3166096640,512,1,8,35,7c6bd493,39.583451393060386,0,144,19.1328125
spectrum,4753,3166737440,512,1,8,63,5217f432,39.59143465803936,0,92,31.4765625
spectrum,4754,3167376800,512,1,8,63,69ee9770,39.59948719397653,0,96,31.94140625
spectrum,4755,3168096000,512,1,8,40,a5aea547,39.608468107064255,0,124,46.63671875
spectrum,4756,3168736560,512,1,8,29,29a17656,39.61645482806489,0,122,29.23046875
spectrum,4757,3169377680,512,1,8,63,bb34f265,39.624431240023114,0,96,30.474609375
spectrum,4758,3170096000,512,1,8,64,639f2494,39.633472847985104,0,142,61.77734375
spectrum,4759,3170736880,512,1,8,72,07da7739,39.64146019006148,0,123,39.79296875
spectrum,4760,3171376800,512,1,8,62,380f9981,39.64935902506113,0,89,31.810546875
spectrum,4761,3172096000,512,1,8,28,b2003a3e,39.658459785045125,0,129,32.779296875
spectrum,4762,3172736800,512,1,8,36,9067fdc0,39.666445243987255,0,127,39.423828125
spectrum,4763,3173376800,512,1,8,72,2ffe5f78,39.67445544002112,0,110,38.33984375
spectrum,4764,3174096000,512,1,8,72,288da883,39.6835013149539,0,146,68.23046875
spectrum,4765,3174738000,512,1,8,38,f269f567,39.691469501005486,0,126,30.904296875
spectrum,4766,3175376480,512,1,8,31,ae87f9ef,39.699466011021286,0,128,29.197265625
spectrum,4767,3176096320,512,1,8,29,11b3d5be,39.70848908403423,0,122,30.919921875
spectrum,4768,3176736800,512,1,8,38,28c17915,39.71644580794964,0,126,31.662109375
spectrum,4769,3177376800,512,1,8,36,852d365a,39.72440781304613,0,121,36.619140625
spectrum,4770,3178096000,512,1,8,37,30bad242,39.73348441696726,14,163,77.73828125
spectrum,4771,3178736560,512,1,8,64,26706b47,39.74145947606303,0,96,31.712890625
spectrum,4772,3179376480,512,1,8,65,a873f9de,39.749491833965294,0,98,31.662109375
spectrum,4773,3180095680,512,1,8,63,b5328022,39.75845036399551,0,137,40.333984375
spectrum,4774,3180736480,512,1,8,72,e67d677a,39.76647892501205,0,119,38.6875
spectrum,4775,3181376480,512,1,8,72,2fc65258,39.77445773105137,0,115,40.248046875
spectrum,4776,3182095680,512,1,8,31,2ea6c3b0,39.783469130983576,0,127,29.943359375
spectrum,4777,3182737680,512,1,8,30,ac7f699f,39.791706467047334,0,127,28.13671875
spectrum,4778,3183376800,512,1,8,31,9dc957b5,39.799460929003544,0,131,25.513671875
spectrum,4779,3184096000,512,1,8,30,b03dfa04,39.808464303961955,0,122,31.732421875
spectrum,4780,3184736480,512,1,8,37,7938ad54,39.81644648697693,0,125,29.482421875
spectrum,4781,3185376480,512,1,8,65,58373357,39.82444187498186,0,100,32.87109375
spectrum,4782,3186096320,512,1,8,37,301d6624,39.833453314960934,0,160,80.107421875
spectrum,4783,3186736960,512,1,8,72,25d4d21b,39.84142317506485,0,121,40.154296875
spectrum,4784,3187376800,512,1,8,60,97a124ac,39.84950643905904,0,87,29.3828125
spectrum,4785,3188096000,512,1,8,72,ebbfa56d,39.85848616901785,14,147,76.23046875
spectrum,4786,3188736880,512,1,8,60,abfbe5d0,39.86647112702485,0,97,29.3359375
spectrum,4787,3189376800,512,1,8,39,59ffb736,39.874456175020896,0,126,39.474609375
spectrum,4788,3190096000,512,1,8,72,33d3ecc6,39.8834707220085,34,166,83.78125
spectrum,4789,3190737520,512,1,8,29,072ad497,39.89149989304133,0,122,29.369140625
spectrum,4790,3191378000,512,1,8,63,60d8a4dc,39.899253444047645,0,96,31.5859375
spectrum,4791,3192096000,512,1,8,30,b2899681,39.908471234026365,0,126,33.97265625
spectrum,4792,3192737840,512,1,8,31,4b58a32b,39.91644025198184,0,130,25.84765625
spectrum,4793,3193376480,512,1,8,67,f61e2121,39.92449053400196,0,106,33.787109375
spectrum,4794,3194096320,512,1,8,37,9c96158a,39.93326671898831,14,156,76.921875
spectrum,4795,3194736960,512,1,8,72,400efa8a,39.94146795698907,0,118,39.87109375
spectrum,4796,3195377440,512,1,8,63,7019144c,39.9494807269657,0,96,32.33984375
spectrum,4797,3196095680,512,1,8,33,56160ee5,39.958436351967975,0,150,39.892578125
spectrum,4798,3196736560,512,1,8,72,be3486d5,39.96648656402249,0,118,41.818359375
spectrum,4799,3197376480,512,1,8,64,2eb6f757,39.97446952795144,0,99,30.94140625
spectrum,4800,3198095680,512,1,8,63,9acf8a7f,39.983472432009876,0,131,38.703125
spectrum,4801,3198736480,512,1,8,30,672327f8,39.99146433302667,0,124,29.85546875
spectrum,4802,3199377840,512,1,8,31,b1bfbe63,39.99949778302107,0,125,30.552734375
spectrum,4803,3200096000,512,1,8,62,7e10ec72,40.008483845042065,24,134,89.7578125
spectrum,4804,3200737520,512,1,8,39,2384703c,40.01647474500351,0,126,39.62890625
spectrum,4805,3201376560,512,1,8,63,d90bc4d1,40.0244521680288,0,88,30.830078125
spectrum,4806,3202096320,512,1,8,37,a45265d4,40.03347418899648,0,158,75.357421875
spectrum,4807,3202736960,512,1,8,39,fc7a5597,40.041472282027826,0,123,36.943359375
spectrum,4808,3203376800,512,1,8,62,39d75189,40.049477337975986,0,94,30.779296875
spectrum,4809,3204096000,512,1,8,62,0d1d7a7a,40.058468398987316,0,94,31.466796875
spectrum,4810,3204736800,512,1,8,60,8f33e28f,40.06644954998046,0,90,29.453125
spectrum,4811,3205376800,512,1,8,62,704b566b,40.07446761103347,0,91,30.736328125
spectrum,4812,3206096000,512,1,8,60,e70748d0,40.08347378100734,0,140,42.916015625
spectrum,4813,3206736800,512,1,8,63,23ec109e,40.09144595498219,0,95,31.10546875
spectrum,4814,3207377440,512,1,8,31,817fccdd,40.09947267198004,0,125,31.068359375
spectrum,4815,3208096320,512,1,8,37,d3e1a882,40.10848390206229,0,114,43.66015625
spectrum,4816,3208737520,512,1,8,37,0d3d288d,40.116480492055416,0,124,29.67578125
spectrum,4817,3209376480,512,1,8,62,b593e39f,40.124446364003234,0,92,29.83203125
spectrum,4818,3210095680,512,1,8,36,61b834be,40.133484004065394,0,121,36.4453125
spectrum,4819,3210737520,512,1,8,31,e1d03dd5,40.14148377999663,0,124,30.57421875
spectrum,4820,3211376480,512,1,8,64,e4424e5f,40.14949311502278,0,98,31.62890625
spectrum,4821,3212095680,512,1,8,64,fa69d1b3,40.15827347803861,0,92,32.20703125
spectrum,4822,3212739600,512,1,8,72,e61737b9,40.16645519796293,0,116,40.69140625
spectrum,4823,3213376480,512,1,8,64,feb389f0,40.174470153055154,0,93,31.015625
spectrum,4824,3214095680,512,1,8,29,c07a6447,40.18347378796898,0,121,30.072265625
spectrum,4825,3214736480,512,1,8,39,147063bc,40.191459908965044,0,129,32.1484375
spectrum,4826,3215378320,512,1,8,59,f3b64f31,40.199945613974705,0,95,28.287109375
spectrum,4827,3216096000,512,1,8,32,8e0e0e64,40.20844257099088,0,142,41.1953125
spectrum,4828,3216736880,512,1,8,39,291f70a8,40.21649316302501,0,126,40.40234375
spectrum,4829,3217377520,512,1,8,63,a6bedeb1,40.22446947498247,0,93,32.17578125
spectrum,4830,3218095680,512,1,8,71,4bd75fd6,40.23347251897212,19,167,80.763671875
spectrum,4831,3218737840,512,1,8,63,3683f616,40.24147330701817,0,92,31.3203125
spectrum,4832,3219376880,512,1,8,47,0aaec9cf,40.24948238104116,0,118,37.998046875
spectrum,4833,3220096000,512,1,8,63,87fb4320,40.258440320030786,0,90,31.224609375
spectrum,4834,3220736800,512,1,8,36,b71c4a02,40.266459673061036,0,123,37.34765625
spectrum,4835,3221376800,512,1,8,38,51b1d6fa,40.274433469981886,0,125,30.890625
spectrum,4836,3222096000,512,1,8,30,a8a88c14,40.28346949699335,0,123,30.30078125
spectrum,4837,3222736720,512,1,8,65,241f978e,40.29147700802423,0,129,28.509765625
spectrum,4838,3223376800,512,1,8,33,e17ac0e4,40.299499816959724,0,130,35.2890625
spectrum,4839,3224096320,512,1,8,31,a5fafb64,40.30849133001175,0,121,33.505859375
spectrum,4840,3224737440,512,1,8,31,40695796,40.3164935009554,0,124,29.373046875
spectrum,4841,3225377840,512,1,8,31,c839125e,40.324477095971815,0,125,31.23828125
spectrum,4842,3226096000,512,1,8,63,829d9e21,40.333477656007744,0,113,31.958984375
spectrum,4843,3226737440,512,1,8,61,33085ff4,40.3415535959648,0,87,29.572265625
spectrum,4844,3227376560,512,1,8,60,143e893f,40.35039025603328,0,88,28.8515625
spectrum,4845,3228095680,512,1,8,63,ce9a2f63,40.358501391950995,0,88,30.76953125
spectrum,4846,3228736480,512,1,8,60,307ab004,40.36644272797275,0,88,28.76171875
spectrum,4847,3229376480,512,1,8,40,97e8f2b0,40.3744878800353,0,125,40.4453125
spectrum,4848,3230095680,512,1,8,39,82b5b717,40.383498318027705,0,130,36.8671875
spectrum,4849,3230736480,512,1,8,62,0f0b90c7,40.39146306796465,0,90,29.974609375
spectrum,4850,3231376480,512,1,8,63,70eae154,40.399482922046445,0,103,31.611328125
spectrum,4851,3232096320,512,1,8,58,0c47a51a,40.40838621801231,0,157,37.318359375
spectrum,4852,3232740080,512,1,8,39,1174a778,40.416497124009766,0,125,39.453125
spectrum,4853,3233377760,512,1,8,61,1b0a5f5c,40.424470150028355,0,95,29.287109375
spectrum,4854,3234095680,512,1,8,61,9ab442df,40.433454788988456,0,87,29.494140625
spectrum,4855,3234736480,512,1,8,65,77a8f7bc,40.44146932300646,0,98,32.326171875
spectrum,4856,3235377600,512,1,8,61,299d111a,40.44947722495999,0,90,30.7109375
spectrum,4857,3236095680,512,1,8,31,0cd4879a,40.45845753606409,0,129,31.291015625
spectrum,4858,3236736480,512,1,8,38,e4915cfa,40.466499982983805,0,129,30.0
spectrum,4859,3237376480,512,1,8,31,4c56c0e4,40.47444398398511,0,125,31.353515625
spectrum,4860,3238095680,512,1,8,60,eb5fcbf3,40.483536798041314,0,88,29.14453125
spectrum,4861,3238736480,512,1,8,63,fa25bd4d,40.491459649056196,0,100,31.068359375
spectrum,4862,3239376480,512,1,8,40,387526c0,40.499515200033784,0,128,42.775390625
spectrum,4863,3240096320,512,1,8,38,3ef03677,40.508498596958816,0,142,16.7578125
spectrum,4864,3240736800,512,1,8,62,513b717f,40.51653143600561,0,90,31.1484375
spectrum,4865,3241377440,512,1,8,64,127b61e5,40.52446114004124,0,97,31.443359375
spectrum,4866,3242095680,512,1,8,60,2a6b7f7a,40.53349593398161,0,87,29.15625
spectrum,4867,3242736480,512,1,8,72,807babbb,40.54146936000325,0,109,38.03125
spectrum,4868,3243377760,512,1,8,72,12cf7647,40.54947700095363,0,121,40.791015625
spectrum,4869,3244096000,512,1,8,31,31e2b80f,40.55845982697792,0,126,30.6796875
spectrum,4870,3244736800,512,1,8,60,c2dd530b,40.56649785605259,0,88,29.34765625
spectrum,4871,3245376800,512,1,8,72,f878ae77,40.574489066028036,0,115,39.8828125
spectrum,4872,3246096000,512,1,8,30,e2043932,40.5834761899896,0,122,30.583984375
spectrum,4873,3246736480,512,1,8,30,531a5dde,40.591464124037884,0,123,29.986328125
spectrum,4874,3247376480,512,1,8,39,5353239b,40.59948469896335,0,121,40.5078125
spectrum,4875,3248096320,512,1,8,38,08024d79,40.6085074209841,0,142,17.0546875
spectrum,4876,3248736800,512,1,8,31,850275fe,40.616447945008986,0,131,27.763671875
spectrum,4877,3249376800,512,1,8,62,ed27224b,40.624460926046595,0,94,30.8203125
spectrum,4878,3250096000,512,1,8,63,01b25e03,40.6335063399747,0,108,32.513671875
spectrum,4879,3250736560,512,1,8,72,b00187b6,40.64147881499957,0,121,39.052734375
spectrum,4880,3251377760,512,1,8,60,6cf60608,40.64946233003866,0,88,27.125
spectrum,4881,3252096000,512,1,8,64,a84dd4fb,40.65838857903145,0,135,59.736328125
spectrum,4882,3252740080,512,1,8,60,b1704e2c,40.666445123031735,0,96,28.82421875
spectrum,4883,3253376800,512,1,8,65,bda1d0ad,40.674472752027214,0,108,33.158203125
spectrum,4884,3254096000,512,1,8,29,60eb228a,40.68345709098503,0,116,30.083984375
spectrum,4885,3254736720,512,1,8,38,0f66834b,40.69151143997442,0,125,30.466796875
spectrum,4886,3255376720,512,1,8,38,87da6fdf,40.69946516898926,0,131,27.046875
spectrum,4887,3256096000,512,1,8,61,b345ce19,40.70849344099406,0,93,29.591796875
spectrum,4888,3256737840,512,1,8,62,47ca4834,40.71647582401056,0,96,30.8515625
spectrum,4889,3257376480,512,1,8,65,8b7a4935,40.72446213499643,0,105,31.109375
spectrum,4890,3258096320,512,1,8,62,a8b464bf,40.73347236297559,0,103,32.4140625
spectrum,4891,3258736880,512,1,8,30,366c0638,40.741498979972675,0,123,30.19921875
spectrum,4892,3259378320,512,1,8,63,843bb86f,40.749493867042474,0,96,31.984375
spectrum,4893,3260095680,512,1,8,63,2829897e,40.75848932703957,0,111,31.91015625
spectrum,4894,3260736480,512,1,8,60,8144f48c,40.7664963969728,0,93,29.73828125
spectrum,4895,3261376480,512,1,8,62,51c288b2,40.77446876105387,0,103,30.373046875
spectrum,4896,3262095680,512,1,8,30,9a15e31e,40.78350141097326,0,126,29.703125
spectrum,4897,3262736480,512,1,8,29,5cea39a0,40.7914693870116,0,122,29.037109375
spectrum,4898,3263376480,512,1,8,31,6974c30d,40.79946917295456,0,126,30.43359375
spectrum,4899,3264095680,512,1,8,61,00f26eb8,40.80846720805857,0,86,29.51953125
spectrum,4900,3264737760,512,1,8,40,32f24bdb,40.81648033997044,0,124,33.162109375
spectrum,4901,3265376880,512,1,8,64,e7e34d18,40.82446800300386,0,96,31.474609375
spectrum,4902,3266096320,512,1,8,63,b7efac60,40.83349006297067,0,106,33.416015625
spectrum,4903,3266736880,512,1,8,40,ef1ebc38,40.84147320804186,0,126,42.654296875
spectrum,4904,3267376560,512,1,8,60,3a62bd0b,40.84945139300544,0,91,28.529296875
spectrum,4905,3268096000,512,1,8,38,eac47f29,40.85844443901442,0,142,18.228515625
spectrum,4906,3268736480,512,1,8,72,c4d71297,40.866485793027095,0,121,39.638671875
spectrum,4907,3269376480,512,1,8,39,dc59cf6d,40.874487994005904,0,130,39.80078125
spectrum,4908,3270095680,512,1,8,64,8490596b,40.88349429506343,0,98,32.916015625
spectrum,4909,3270736480,512,1,8,72,88ea4bc6,40.89144724200014,0,117,39.849609375
spectrum,4910,3271376480,512,1,8,38,d92935ab,40.8994628880173,0,130,29.650390625
spectrum,4911,3272095680,512,1,8,63,0390a38f,40.908360864035785,0,95,31.123046875
spectrum,4912,3272741840,512,1,8,31,3ff06d04,40.916514951968566,0,127,31.171875
spectrum,4913,3273378000,512,1,8,63,e45bf9a0,40.92447697697207,0,92,31.3671875
spectrum,4914,3274095680,512,1,8,25,000e4346,40.93345191795379,0,126,43.931640625
spectrum,4915,3274737600,512,1,8,31,a2175456,40.94146260502748,0,131,24.92578125
spectrum,4916,3275376480,512,1,8,30,b40118aa,40.94947453401983,6,139,60.98828125
spectrum,4917,3276096320,512,1,8,39,b0184695,40.958495471975766,0,148,34.03515625
spectrum,4918,3276736880,512,1,8,61,c320dd31,40.966473376960494,0,96,30.466796875
spectrum,4919,3277376800,512,1,8,64,31907391,40.97451931005344,0,101,31.90234375
spectrum,4920,3278096000,512,1,8,72,872c78d3,40.98352206405252,0,121,44.640625
spectrum,4921,3278736560,512,1,8,63,d75485ed,40.99147223599721,0,99,30.71484375
spectrum,4922,3279376480,512,1,8,37,2b8faa39,40.99947995704133,0,124,29.875
spectrum,4923,3280096320,512,1,8,39,ee3b5c54,41.00846742198337,0,145,43.498046875
spectrum,4924,3280736880,512,1,8,30,f141954b,41.01647270901594,0,122,30.576171875
spectrum,4925,3281377520,512,1,8,60,f85f84da,41.02449461701326,0,86,29.23046875
spectrum,4926,3282095680,512,1,8,65,14ad4fc6,41.0334951459663,0,105,33.66015625
spectrum,4927,3282737520,512,1,8,40,8da4231d,41.04146960400976,0,129,41.5546875
spectrum,4928,3283376560,512,1,8,62,9dfac7d4,41.04946742695756,0,97,30.44921875
spectrum,4929,3284096320,512,1,8,72,6071ade7,41.05848588002846,34,166,82.294921875
spectrum,4930,3284736960,512,1,8,37,0b824d4b,41.06649118696805,0,122,40.193359375
spectrum,4931,3285376800,512,1,8,66,25f6d1ed,41.07448038295843,0,103,32.837890625
spectrum,4932,3286096000,512,1,8,63,30539e20,41.08348142297473,0,100,32.544921875
spectrum,4933,3286736800,512,1,8,31,0deb30ca,41.091554958955385,0,88,26.736328125
spectrum,4934,3287376800,512,1,8,63,615e8a0b,41.09949440101627,0,90,30.701171875
spectrum,4935,3288096000,512,1,8,62,a8927183,41.10850618197583,0,91,29.8203125
spectrum,4936,3288736800,512,1,8,30,2f4ca8e6,41.116512960987166,0,127,29.01171875
spectrum,4937,3289377520,512,1,8,31,78d419ab,41.1244941620389,0,125,30.884765625
spectrum,4938,3290096320,512,1,8,63,f265804b,41.1334701749729,0,107,32.765625
spectrum,4939,3290737520,512,1,8,60,36eb8947,41.141470593051054,0,89,27.55859375
spectrum,4940,3291376560,512,1,8,62,dc605c44,41.14948979602195,0,89,31.66796875
spectrum,4941,3292096640,512,1,8,37,842886d8,41.15846478706226,0,139,17.474609375
spectrum,4942,3292737440,512,1,8,60,ca7e5a6b,41.16636049596127,0,93,30.390625
spectrum,4943,3293380000,512,1,8,63,87e6e13a,41.174470970989205,0,97,30.01953125
spectrum,4944,3294096000,512,1,8,72,40687f14,41.18347904505208,0,117,41.208984375
spectrum,4945,3294736800,512,1,8,63,2398aaaf,41.191477498970926,0,101,30.83984375
spectrum,4946,3295377760,512,1,8,41,bb31e027,41.19949359598104,0,91,18.97265625
spectrum,4947,3296096320,512,1,8,38,19741d85,41.208515685983,0,142,16.958984375
spectrum,4948,3296736800,512,1,8,72,c7f9ab56,41.216508358949795,0,114,41.646484375
spectrum,4949,3297377440,512,1,8,66,0b9d4d26,41.22458296699915,0,100,33.404296875
spectrum,4950,3298095680,512,1,8,62,64a63aaf,41.233474340057,0,92,30.744140625
spectrum,4951,3298736480,512,1,8,29,74efe134,41.24148540699389,0,129,28.94921875
spectrum,4952,3299377520,512,1,8,61,4fa19566,41.24949086399283,0,91,29.130859375
spectrum,4953,3300095680,512,1,8,62,82f21d50,41.25850412796717,0,99,30.2578125
spectrum,4954,3300737520,512,1,8,61,b67e74a8,41.266498242970556,0,91,29.90234375
spectrum,4955,3301376560,512,1,8,63,97a03cdf,41.27447429404128,0,96,32.306640625
spectrum,4956,3302095680,512,1,8,39,2dedc71f,41.283498328062706,0,130,32.765625
spectrum,4957,3302736480,512,1,8,30,adfb7b5c,41.2914656130597,0,120,30.78515625
spectrum,4958,3303376480,512,1,8,37,1256c214,41.299499794025905,0,123,29.99609375
spectrum,4959,3304095680,512,1,8,60,2400e212,41.308497617952526,0,90,28.96484375
spectrum,4960,3304736480,512,1,8,61,e568bf70,41.316463561030105,0,92,30.423828125
spectrum,4961,3305378400,512,1,8,62,cb4955e3,41.32449631905183,0,90,30.267578125
spectrum,4962,3306096000,512,1,8,62,78467002,41.33347424597014,0,90,32.099609375
spectrum,4963,3306736480,512,1,8,39,64ae9f04,41.34145839198027,0,123,39.6796875
spectrum,4964,3307377600,512,1,8,60,3d97f34e,41.3494771940168,0,96,29.447265625
spectrum,4965,3308095680,512,1,8,64,7f8fbe4d,41.35849649901502,0,94,31.662109375
spectrum,4966,3308737760,512,1,8,72,260dd10d,41.36647971405182,0,117,39.935546875
spectrum,4967,3309376880,512,1,8,63,44713ee6,41.37449552095495,0,95,31.779296875
spectrum,4968,3310096000,512,1,8,37,e8538249,41.38348730397411,0,123,29.54296875
spectrum,4969,3310736720,512,1,8,30,b3e02ca7,41.39147297304589,0,120,29.228515625
spectrum,4970,3311376800,512,1,8,38,5e04788a,41.399464193033054,0,123,31.54296875
spectrum,4971,3312096000,512,1,8,61,2a4f5859,41.40848741505761,0,91,29.671875
spectrum,4972,3312736800,512,1,8,31,730eebd9,41.41638868500013,0,126,30.869140625
spectrum,4973,3313382160,512,1,8,61,9e0ae909,41.42449798900634,0,91,28.81640625
spectrum,4974,3314096320,512,1,8,63,1a3a9fa0,41.43349747604225,0,108,33.26171875
spectrum,4975,3314736480,512,1,8,60,1162834b,41.44145211705472,0,89,28.65625
spectrum,4976,3315377760,512,1,8,64,a88bdaa4,41.44947947503533,0,97,31.908203125
spectrum,4977,3316096000,512,1,8,31,09626c87,41.45850215596147,0,124,30.826171875
spectrum,4978,3316738320,512,1,8,61,72b66c84,41.46652050805278,0,91,30.09765625
spectrum,4979,3317376560,512,1,8,72,cfcbbe69,41.474458917975426,0,117,38.576171875
spectrum,4980,3318095680,512,1,8,60,d558d465,41.48347957502119,0,89,29.21484375
spectrum,4981,3318736480,512,1,8,31,c51ac3b0,41.49150959902909,0,131,26.072265625
spectrum,4982,3319376480,512,1,8,38,fc232257,41.49946031195577,0,122,31.431640625
spectrum,4983,3320095680,512,1,8,31,89601680,41.50847058999352,0,125,30.845703125
spectrum,4984,3320736480,512,1,8,60,4283fa01,41.51645550795365,0,88,29.8515625
spectrum,4985,3321376480,512,1,8,31,03f1787b,41.524484068970196,0,121,31.337890625
spectrum,4986,3322096320,512,1,8,57,8ccc77be,41.533486141008325,0,86,26.177734375
spectrum,4987,3322736800,512,1,8,60,699d1898,41.541466630995274,0,87,29.4453125
spectrum,4988,3323377440,512,1,8,64,111c4ce2,41.54950773506425,0,105,32.650390625
spectrum,4989,3324095680,512,1,8,62,9f90a75f,41.5584889879683,0,94,30.236328125
spectrum,4990,3324736480,512,1,8,31,4e221cd5,41.566455511027016,0,124,31.146484375
spectrum,4991,3325377680,512,1,8,64,1456290f,41.574497718014754,0,97,32.162109375
spectrum,4992,3326096000,512,1,8,72,fbaf9bbd,41.5835093180649,0,120,39.51171875
spectrum,4993,3326736800,512,1,8,31,4c87c6d5,41.59148731303867,0,126,29.23828125
spectrum,4994,3327376720,512,1,8,62,9c0b63a2,41.59951189602725,0,92,32.607421875
spectrum,4995,3328096000,512,1,8,31,592e9d6e,41.60849064402282,0,124,30.298828125
spectrum,4996,3328736800,512,1,8,60,0f76087a,41.616493075038306,0,92,28.955078125
spectrum,4997,3329376800,512,1,8,31,9b178468,41.62448525696527,0,125,31.017578125
spectrum,4998,3330096000,512,1,8,62,4fe49257,41.63348182896152,0,93,31.43359375
spectrum,4999,3330736560,512,1,8,60,8c0c7761,41.641515849973075,0,99,29.544921875
spectrum,5000,3331376480,512,1,8,29,de124e22,41.64950066804886,0,129,25.615234375
spectrum,5001,3332096000,512,1,8,62,3643dd5e,41.65852348005865,0,142,57.443359375
spectrum,5002,3332736560,512,1,8,60,d634c39f,41.666494430974126,0,94,29.12890625
spectrum,5003,3333377760,512,1,8,64,ccc83a76,41.67443585698493,0,99,31.9296875
spectrum,5004,3334096000,512,1,8,29,ed5c4bfd,41.6834878140362,0,122,29.708984375
spectrum,5005,3334736800,512,1,8,38,4ed544ed,41.691492820042185,0,127,31.490234375
spectrum,5006,3335376800,512,1,8,61,e4e1b0b4,41.69949548097793,0,91,29.462890625
spectrum,5007,3336096000,512,1,8,63,88ad0bff,41.70923950802535,0,95,30.90625
spectrum,5008,3336736800,512,1,8,60,1ddefcb4,41.71645331697073,0,87,29.1015625
spectrum,5009,3337376800,512,1,8,63,e7b9da6c,41.724486725986935,0,97,31.234375
spectrum,5010,3338108160,512,1,8,30,6a248a75,41.73348142497707,0,121,30.2265625
spectrum,5011,3338737600,512,1,8,60,c4056bf4,41.74147480900865,0,91,28.435546875
spectrum,5012,3339376560,512,1,8,29,4492368d,41.749495274038054,0,124,30.6953125
spectrum,5013,3340096000,512,1,8,60,1075465f,41.7585156209534,0,129,39.728515625
spectrum,5014,3340736560,512,1,8,59,600f6c5d,41.766468959045596,0,96,29.125
spectrum,5015,3341377760,512,1,8,63,6c82249b,41.77447649999522,0,92,30.373046875
spectrum,5016,3342096000,512,1,8,30,1c78aa56,41.78350223705638,0,122,29.40234375
spectrum,5017,3342736800,512,1,8,38,1ccfda0d,41.791491674026474,0,122,30.8828125
spectrum,5018,3343376800,512,1,8,31,4826b9d0,41.799482853966765,0,129,28.517578125
spectrum,5019,3344096000,512,1,8,31,3a113145,41.80855685204733,0,125,31.615234375
spectrum,5020,3344736800,512,1,8,60,f3bb376a,41.81649399001617,0,88,29.8359375
spectrum,5021,3345376800,512,1,8,29,d79b28a4,41.82446129398886,0,122,29.1015625
spectrum,5022,3346096000,512,1,8,60,27d5b706,41.833500107051805,0,96,29.98046875
spectrum,5023,3346737520,512,1,8,64,991eed56,41.841497718007304,0,92,31.61328125
spectrum,5024,3347376560,512,1,8,62,4f3576f5,41.84951126098167,0,94,31.705078125
spectrum,5025,3348096320,512,1,8,72,d83b19dd,41.85850092000328,0,123,40.7265625
spectrum,5026,3348736880,512,1,8,59,a4e0d7c9,41.86651757801883,0,94,29.12890625
spectrum,5027,3349376800,512,1,8,36,77e4dc8e,41.87450573197566,0,124,37.080078125
spectrum,5028,3350096000,512,1,8,60,54649272,41.8835209190147,0,93,30.396484375
spectrum,5029,3350736480,512,1,8,64,b04a4a5b,41.891516176983714,0,98,31.171875
spectrum,5030,3351376480,512,1,8,60,dd145dc1,41.899476979044266,0,93,29.740234375
spectrum,5031,3352095680,512,1,8,59,cc5c60e7,41.90849917999003,0,83,27.3828125
spectrum,5032,3352736480,512,1,8,60,961aa06a,41.916480110026896,0,96,31.298828125
spectrum,5033,3353376480,512,1,8,64,cf09bba8,41.92450108600315,0,97,31.04296875
spectrum,5034,3354095680,512,1,8,60,02f1e8d2,41.933384072966874,0,93,30.228515625
spectrum,5035,3354741520,512,1,8,31,cab42f32,41.941515719052404,0,125,30.671875
spectrum,5036,3355377840,512,1,8,60,d97491d6,41.949487452046014,0,94,30.083984375
spectrum,5037,3356096640,512,1,8,38,555caf89,41.95850782899652,0,125,31.220703125
spectrum,5038,3356737440,512,1,8,60,c443151f,41.96649963001255,0,90,29.740234375
spectrum,5039,3357376800,512,1,8,63,02fb609e,41.974494245951064,0,104,30.46484375
spectrum,5040,3358096000,512,1,8,72,6b73b00a,41.98350485495757,0,119,40.05859375
spectrum,5041,3358736560,512,1,8,31,06383623,41.99147981405258,0,127,31.017578125
spectrum,5042,3359376480,512,1,8,37,a1c48fec,41.99950777296908,0,124,29.7890625
spectrum,5043,3360095680,512,1,8,38,88be3022,42.00849650101736,0,130,29.212890625
spectrum,5044,3360736480,512,1,8,72,a5b03fb9,42.01678050495684,0,114,40.51171875
spectrum,5045,3361377760,512,1,8,62,613ea89a,42.02451311505865,0,100,30.294921875
spectrum,5046,3362096000,512,1,8,72,2566c4b9,42.03348141396418,0,114,39.666015625
spectrum,5047,3362738720,512,1,8,64,dff043d0,42.041486819973215,0,99,33.35546875
spectrum,5048,3363376560,512,1,8,60,fc51059c,42.04950690502301,0,89,28.30078125
spectrum,5049,3364095680,512,1,8,29,645cfd39,42.058522172039375,0,122,30.90234375
spectrum,5050,3364737520,512,1,8,41,45ac8f6f,42.06648393603973,0,143,26.78125
spectrum,5051,3365377760,512,1,8,62,6ca44b30,42.07447679899633,0,91,30.388671875
spectrum,5052,3366096000,512,1,8,62,7d2cdbe3,42.08351731405128,0,94,31.236328125
spectrum,5053,3366736560,512,1,8,40,b6295b9c,42.09148196398746,0,129,40.853515625
spectrum,5054,3367376480,512,1,8,31,d83dbd98,42.09950305998791,0,126,30.875
spectrum,5055,3368095680,512,1,8,60,835eb8a1,42.10847332305275,0,93,29.62890625
spectrum,5056,3368736480,512,1,8,63,0f8a30ad,42.11650506895967,0,103,32.01953125
spectrum,5057,3369376480,512,1,8,39,29acd924,42.124471461982466,0,129,32.734375
spectrum,5058,3370095680,512,1,8,60,d3c67912,42.133476560004056,0,90,29.2578125
spectrum,5059,3370736480,512,1,8,72,5b97219e,42.14154472597875,0,115,38.873046875
spectrum,5060,3371377600,512,1,8,31,d6718d74,42.149500158033334,0,131,25.912109375
spectrum,5061,3372096320,512,1,8,38,ca737d34,42.15850852197036,0,124,37.6875
spectrum,5062,3372737520,512,1,8,39,90394081,42.16652081196662,0,125,41.50390625
spectrum,5063,3373376560,512,1,8,39,43ab4045,42.17451229202561,0,129,32.509765625
spectrum,5064,3374096320,512,1,8,29,ab7bda4e,42.18349607998971,0,116,30.62109375
spectrum,5065,3374736800,512,1,8,60,24831323,42.191383213037625,0,91,30.033203125
spectrum,5066,3375380240,512,1,8,60,839c7bd3,42.19952963700052,0,90,29.625
spectrum,5067,3376096000,512,1,8,64,dc50dbbf,42.20850227295887,0,101,31.908203125
spectrum,5068,3376736800,512,1,8,29,dbd945b4,42.21651318098884,0,122,29.19140625
spectrum,5069,3377376720,512,1,8,63,cc9a613f,42.224481426994316,0,97,30.7421875
spectrum,5070,3378096000,512,1,8,72,94a6d124,42.23347218800336,0,126,40.189453125
spectrum,5071,3378736800,512,1,8,72,e25c960b,42.241479277960025,0,114,39.318359375
spectrum,5072,3379377760,512,1,8,60,53b238ba,42.249525411985815,0,86,29.3984375
spectrum,5073,3380095680,512,1,8,62,bed781c7,42.258503549033776,0,93,31.1953125
spectrum,5074,3380737760,512,1,8,62,90abde0b,42.266469620983116,0,94,30.865234375
spectrum,5075,3381376880,512,1,8,72,b8cc2165,42.27449396403972,0,112,40.017578125
spectrum,5076,3382096000,512,1,8,31,973da49a,42.28351643495262,0,125,30.583984375
spectrum,5077,3382737520,512,1,8,29,e5069f42,42.29149512096774,0,118,30.34375
spectrum,5078,3383376480,512,1,8,39,e5ac4bac,42.29949117999058,0,129,31.939453125
spectrum,5079,3384095680,512,1,8,61,75fb80cb,42.30850946297869,0,91,30.48046875
spectrum,5080,3384736480,512,1,8,60,ceccc603,42.31647493399214,0,89,30.392578125
spectrum,5081,3385376480,512,1,8,64,1ae37818,42.32450419606175,0,95,32.61328125
spectrum,5082,3386095680,512,1,8,61,7ec44185,42.333487743046135,0,91,29.8671875
spectrum,5083,3386736480,512,1,8,40,b7fdf821,42.34151199599728,0,124,42.751953125
spectrum,5084,3387378080,512,1,8,60,32009fb6,42.34948327799793,0,85,30.21875
spectrum,5085,3388096000,512,1,8,60,55b554a2,42.35849409701768,0,88,28.470703125
spectrum,5086,3388670400,512,1,8,37,5bf75e9b,42.36550244700629,0,124,29.8203125
spectrum,5087,3389296640,512,1,8,62,5be2d019,42.37350871495437,0,95,30.744140625
spectrum,5088,3390015680,512,1,8,63,bdf7f6ad,42.382512861979194,0,97,32.111328125
spectrum,5089,3390657760,512,1,8,64,6208584f,42.39050215797033,0,92,31.962890625
spectrum,5090,3391296880,512,1,8,40,748da176,42.39850650297012,0,126,42.80859375
spectrum,5091,3392016640,512,1,8,60,3a247c9d,42.407496873056516,0,95,28.5
spectrum,5092,3392657440,512,1,8,38,ba9f9532,42.415520785027184,0,129,29.169921875
spectrum,5093,3393296800,512,1,8,30,60a78c68,42.423481125966646,0,123,30.337890625
spectrum,5094,3394016000,512,1,8,60,ff027b24,42.432520229020156,0,101,29.876953125
spectrum,5095,3394656800,512,1,8,60,bd4cc4ca,42.44050612905994,0,90,30.03515625
spectrum,5096,3395296800,512,1,8,64,c7761aa6,42.44851088395808,20,137,81.765625
spectrum,5097,3396016000,512,1,8,62,3bcae7e2,42.457534566987306,0,91,29.92578125
spectrum,5098,3396656480,512,1,8,63,67151fc5,42.46552640805021,0,97,31.763671875
spectrum,5099,3397298080,512,1,8,61,0863ade0,42.473502169013955,0,93,28.490234375
spectrum,5100,3398016000,512,1,8,72,1cc9dfec,42.48254427697975,0,110,39.080078125
spectrum,5101,3398658400,512,1,8,62,855e97fe,42.49051199306268,0,95,29.517578125
spectrum,5102,3399296560,512,1,8,60,5f1df2ff,42.49849908496253,0,92,29.59765625
spectrum,5103,3400015680,512,1,8,60,8d31b14b,42.50752873905003,0,90,28.927734375
spectrum,5104,3400656480,512,1,8,72,2272c5a6,42.51550291699823,0,113,39.54296875
spectrum,5105,3401296480,512,1,8,63,0b731f14,42.52347602206282,0,92,31.140625
spectrum,5106,3402015680,512,1,8,60,8f21f59a,42.5325333600631,0,93,29.228515625
spectrum,5107,3402656480,512,1,8,37,39b4d04c,42.540512165986,0,121,30.69140625
spectrum,5108,3403296480,512,1,8,60,7117b376,42.54851612995844,0,94,29.802734375
spectrum,5109,3404016320,512,1,8,60,220d71f3,42.55753140698653,0,93,29.09375
spectrum,5110,3404656880,512,1,8,60,a6f12ce7,42.56548297195695,0,93,29.240234375
spectrum,5111,3405297440,512,1,8,41,ad8529d2,42.57350907800719,0,126,36.478515625
spectrum,5112,3406015680,512,1,8,62,4ad8c3e8,42.58247967099305,0,98,29.611328125
spectrum,5113,3406656480,512,1,8,60,3abeb4d3,42.59053202602081,0,93,29.392578125
spectrum,5114,3407297520,512,1,8,62,db4214f3,42.59852006996516,14,158,80.466796875
spectrum,5115,3408015680,512,1,8,63,ab5720c6,42.60750777495559,0,109,58.8203125
spectrum,5116,3408656560,512,1,8,39,d93fd74e,42.61550187098328,0,128,41.86328125
spectrum,5117,3409296480,512,1,8,62,20fc9327,42.623504612012766,0,96,30.001953125
spectrum,5118,3410015680,512,1,8,60,b4dbd5b2,42.632514048949815,0,95,29.658203125
spectrum,5119,3410656480,512,1,8,62,fc427b90,42.64048492000438,0,96,31.646484375
spectrum,5120,3411296480,512,1,8,40,e437f480,42.64852577401325,0,127,44.84375
spectrum,5121,3412016320,512,1,8,63,2a9af7a9,42.65750728803687,0,91,30.126953125
spectrum,5122,3412657440,512,1,8,63,66ac8db5,42.66551513900049,0,93,30.66015625
spectrum,5123,3413296560,512,1,8,64,a6484b3f,42.67350696003996,0,96,32.04296875
spectrum,5124,3414016320,512,1,8,60,1e7ef40a,42.68252026406117,0,89,29.396484375
spectrum,5125,3414656880,512,1,8,62,967f68dd,42.69050037197303,0,95,30.12890625
spectrum,5126,3415297440,512,1,8,72,7c2175f3,42.69852787104901,0,114,39.76171875
spectrum,5127,3416015680,512,1,8,60,2712f998,42.7072962509701,0,88,27.75390625
spectrum,5128,3416659600,512,1,8,60,396debca,42.7155233270023,0,89,30.169921875
spectrum,5129,3417296480,512,1,8,64,2a24320b,42.723532291012816,0,98,30.59765625
spectrum,5130,3418016640,512,1,8,40,95df7f8d,42.73250988696236,0,128,42.791015625
spectrum,5131,3418656880,512,1,8,63,822d54b5,42.74051602499094,0,98,31.31640625
spectrum,5132,3419296800,512,1,8,59,85e94999,42.74848394095898,0,87,28.681640625
spectrum,5133,3420029200,512,1,8,30,e3160926,42.75749890797306,0,128,28.267578125
spectrum,5134,3420658320,512,1,8,61,370d9fa3,42.76550788106397,0,97,29.453125
spectrum,5135,3421296880,512,1,8,72,af5998cc,42.77351162501145,0,121,39.458984375
spectrum,5136,3422016000,512,1,8,59,0bf3ea3e,42.782501745037735,0,92,29.814453125
spectrum,5137,3422656560,512,1,8,60,0c1239df,42.790504837059416,0,89,28.173828125
spectrum,5138,3423297760,512,1,8,31,64804f03,42.79864354606252,0,125,30.99609375
spectrum,5139,3424016000,512,1,8,63,061df5db,42.807528286008164,0,98,30.876953125
spectrum,5140,3424656800,512,1,8,40,793c566a,42.81552099902183,0,122,40.689453125
spectrum,5141,3425296800,512,1,8,39,38d6566c,42.823508691973984,0,130,40.16796875
spectrum,5142,3426016000,512,1,8,60,2dc146b5,42.832503300043754,0,94,28.83984375
spectrum,5143,3426656800,512,1,8,63,566f3c3f,42.84049996105023,0,92,31.609375
spectrum,5144,3427296800,512,1,8,62,c6b69a12,42.848553527961485,0,95,31.892578125
spectrum,5145,3428016000,512,1,8,72,a455c2f6,42.857505385996774,0,118,38.876953125
spectrum,5146,3428657520,512,1,8,40,a7a77156,42.86549106496386,0,130,43.02734375
spectrum,5147,3429296560,512,1,8,61,12d13014,42.87347251700703,0,93,29.55859375
spectrum,5148,3430016320,512,1,8,61,9c320316,42.882544600986876,0,89,29.81640625
spectrum,5149,3430656880,512,1,8,62,34698af9,42.89051857904997,0,97,31.0546875
spectrum,5150,3431296800,512,1,8,35,7c752e71,42.89853025705088,0,124,36.388671875
spectrum,5151,3432016000,512,1,8,37,d1decce9,42.90751322405413,0,129,26.625
spectrum,5152,3432656480,512,1,8,62,ccc5a936,42.91549643804319,0,90,30.369140625
spectrum,5153,3433296480,512,1,8,64,9809df13,42.92350871802773,0,104,31.814453125
spectrum,5154,3434015680,512,1,8,32,0575d076,42.93251081102062,0,127,31.1328125
spectrum,5155,3434656480,512,1,8,31,0e4e7a63,42.94049952598289,0,124,30.6015625
spectrum,5156,3435296480,512,1,8,41,b67d4c2d,42.94851858797483,0,124,35.474609375
spectrum,5157,3436015680,512,1,8,62,0a9a77c2,42.95731828804128,0,92,30.130859375
spectrum,5158,3436661520,512,1,8,30,ad7212df,42.96551870298572,0,124,29.568359375
spectrum,5159,3437297840,512,1,8,31,3cb7174c,42.973538547055796,0,126,29.490234375
spectrum,5160,3438016640,512,1,8,65,255f53ba,42.9825461700093,0,97,33.5546875
spectrum,5161,3438657520,512,1,8,63,6e4be838,42.99051412602421,0,95,30.62109375
spectrum,5162,3439296800,512,1,8,61,332b6140,42.99849415500648,0,91,30.3828125
spectrum,5163,3440016000,512,1,8,37,8bfbe956,43.007524520973675,0,122,30.171875
spectrum,5164,3440656480,512,1,8,31,26173663,43.01551068096887,0,131,26.283203125
spectrum,5165,3441296480,512,1,8,63,90768548,43.02350870403461,0,93,30.19921875
spectrum,5166,3442015680,512,1,8,63,b7a142f8,43.03251229901798,0,95,32.583984375
spectrum,5167,3442656480,512,1,8,60,661e8a34,43.04055015696213,0,91,28.708984375
spectrum,5168,3443296480,512,1,8,60,89f4a56c,43.048517741961405,0,88,29.509765625
spectrum,5169,3444015680,512,1,8,65,ebe3ace4,43.057542116963305,0,99,32.65625
spectrum,5170,3444658640,512,1,8,60,4d9a12b3,43.065567731973715,0,95,29.896484375
spectrum,5171,3445296880,512,1,8,34,f83c283c,43.073572025983594,0,124,36.201171875
spectrum,5172,3446016000,512,1,8,29,af25d3e4,43.082530635991134,0,129,25.61328125
spectrum,5173,3446657520,512,1,8,62,4fe42a9f,43.09051648597233,0,98,31.44921875
spectrum,5174,3447296480,512,1,8,64,2cfe9c83,43.098541480023414,0,94,31.908203125
spectrum,5175,3448016320,512,1,8,72,36e5b28c,43.10756063496228,0,114,39.53125
spectrum,5176,3448656880,512,1,8,31,4acfcda3,43.115520213963464,0,127,30.796875
spectrum,5177,3449296800,512,1,8,31,0145756e,43.12350851902738,0,130,27.169921875
spectrum,5178,3450016000,512,1,8,60,f1a97f27,43.13251706305891,0,91,29.630859375
spectrum,5179,3450656800,512,1,8,36,b2011641,43.140522861038335,0,119,29.841796875
spectrum,5180,3451296800,512,1,8,60,ea050afb,43.148529159021564,0,93,29.740234375
spectrum,5181,3452016000,512,1,8,72,f14823c3,43.15752915805206,0,112,39.728515625
spectrum,5182,3452656800,512,1,8,60,77e786b3,43.16554021497723,0,95,29.689453125
spectrum,5183,3453297600,512,1,8,40,1179b0b7,43.173503622063436,0,118,41.146484375
spectrum,5184,3454015680,512,1,8,60,3551158c,43.182522066053934,0,96,29.19140625
spectrum,5185,3454657760,512,1,8,63,2fa1f50d,43.1905315000331,0,93,32.03125
spectrum,5186,3455296880,512,1,8,60,0b0a3eb0,43.19851970404852,0,91,29.251953125
spectrum,5187,3456016000,512,1,8,30,fdd4b370,43.20755153300706,0,121,30.65234375
spectrum,5188,3456656480,512,1,8,31,dca6e419,43.21531566302292,0,125,30.666015625
spectrum,5189,3457299920,512,1,8,63,d2bec53a,43.223491212003864,0,92,31.853515625
spectrum,5190,3458015680,512,1,8,62,37d3eb16,43.23248834500555,0,92,31.3203125
spectrum,5191,3458656480,512,1,8,38,e0ef4ccb,43.24053297599312,0,132,25.7265625
spectrum,5192,3459296480,512,1,8,61,473e9405,43.24862891295925,0,91,30.9296875
spectrum,5193,3460015680,512,1,8,60,aaa35ffc,43.257494107005186,0,90,28.98046875
spectrum,5194,3460656480,512,1,8,39,06b75d1d,43.26554159296211,0,129,32.451171875
spectrum,5195,3461298000,512,1,8,61,5fbb66be,43.27351894695312,0,89,29.49609375
spectrum,5196,3462016000,512,1,8,64,ca4aae74,43.28249863698147,0,101,32.560546875
spectrum,5197,3462657440,512,1,8,63,6dd0cc71,43.290528921061195,0,97,30.98046875
spectrum,5198,3463296560,512,1,8,72,c7ed79a3,43.29849614505656,0,118,39.78515625
spectrum,5199,3464015680,512,1,8,63,ddd68124,43.30757572397124,0,93,30.525390625
spectrum,5200,3464657520,512,1,8,60,caf521f7,43.31559691100847,0,87,29.08203125
spectrum,5201,3465296560,512,1,8,37,6159bb35,43.32350831897929,0,126,29.349609375
spectrum,5202,3466015680,512,1,8,63,7893a5e1,43.332534838002175,0,93,31.041015625
spectrum,5203,3466656480,512,1,8,63,a63e26f7,43.34048834699206,0,96,31.275390625
spectrum,5204,3467296480,512,1,8,60,bf62eb5f,43.3485242810566,0,94,30.322265625
spectrum,5205,3468015680,512,1,8,64,d1b7e453,43.35751470096875,0,98,32.095703125
spectrum,5206,3468656480,512,1,8,31,6fb8c6e8,43.36551135103218,0,124,30.9375
spectrum,5207,3469297680,512,1,8,37,2c653fbc,43.373511689016595,0,125,40.33203125
spectrum,5208,3470016000,512,1,8,61,3745e12a,43.38255706301425,0,92,30.115234375
spectrum,5209,3470656560,512,1,8,29,c5a08640,43.39053134096321,0,127,29.92578125
spectrum,5210,3471297520,512,1,8,72,551e5953,43.39853095600847,0,113,40.806640625
spectrum,5211,3472015680,512,1,8,36,7960eae3,43.40751289098989,0,125,29.091796875
spectrum,5212,3472657680,512,1,8,62,63bf7a4b,43.41549411206506,0,100,30.046875
spectrum,5213,3473296880,512,1,8,65,dca6ef49,43.423482796992175,0,102,32.7578125
spectrum,5214,3474016000,512,1,8,64,e85e92b5,43.432525085052475,0,93,32.119140625
spectrum,5215,3474656800,512,1,8,62,9faedefd,43.44057093805168,0,95,31.82421875
spectrum,5216,3475297600,512,1,8,31,1c78ef72,43.44853586796671,0,128,29.31640625
spectrum,5217,3476016320,512,1,8,60,42a604ab,43.45750714302994,0,92,28.017578125
spectrum,5218,3476656800,512,1,8,72,a97b6b8c,43.46541349205654,0,123,40.68359375
spectrum,5219,3477300320,512,1,8,37,9c2852e7,43.47375536500476,0,127,36.958984375
spectrum,5220,3478016320,512,1,8,63,2b9ca29b,43.48251778399572,0,95,30.666015625
spectrum,5221,3478656480,512,1,8,63,e561d08d,43.49050900398288,0,96,30.853515625
spectrum,5222,3479297760,512,1,8,60,68048878,43.49855360505171,0,96,29.0234375
spectrum,5223,3480016000,512,1,8,64,eb8e42c6,43.507541781058535,0,98,31.748046875
spectrum,5224,3480657440,512,1,8,44,14f5435f,43.515579518978484,0,100,26.8125
spectrum,5225,3481296560,512,1,8,39,ff02eedf,43.52350530505646,0,125,38.396484375
spectrum,5226,3482015680,512,1,8,63,c6177039,43.532525300979614,0,92,31.35546875
spectrum,5227,3482656480,512,1,8,64,50791bc2,43.54049603198655,0,94,31.396484375
spectrum,5228,3483296480,512,1,8,72,e6148c8a,43.54854206601158,0,122,38.8984375
spectrum,5229,3484015680,512,1,8,62,c6138438,43.557535402011126,0,93,31.36328125
spectrum,5230,3484657760,512,1,8,63,2d98dc73,43.565544674987905,0,97,31.8984375
spectrum,5231,3485296880,512,1,8,63,354cb10d,43.57352402305696,0,94,30.21875
spectrum,5232,3486016000,512,1,8,72,fedcf894,43.58254048204981,0,119,39.544921875
spectrum,5233,3486656560,512,1,8,62,8b0166c3,43.59054293402005,0,93,30.263671875
spectrum,5234,3487303520,512,1,8,56,a99cd65d,43.59852077800315,0,153,36.427734375
spectrum,5235,3488016000,512,1,8,72,f1f55961,43.607525735977106,0,117,38.955078125
spectrum,5236,3488656800,512,1,8,35,7c6484a3,43.61556076898705,0,120,36.35546875
spectrum,5237,3489297600,512,1,8,38,72878fd2,43.623504939023405,0,126,31.2578125
spectrum,5238,3490015680,512,1,8,64,48010f55,43.632523373002186,0,98,31.93359375
spectrum,5239,3490656480,512,1,8,62,41144eb4,43.6405214460101,0,89,30.109375
spectrum,5240,3491296480,512,1,8,31,485eced9,43.6485065940069,0,125,30.62890625
spectrum,5241,3492015680,512,1,8,60,f8a2d9ab,43.657524756970815,0,95,28.552734375
spectrum,5242,3492656480,512,1,8,62,4c641b00,43.66554218600504,0,89,30.916015625
spectrum,5243,3493296480,512,1,8,60,225ca59d,43.67352511000354,0,133,45.359375
spectrum,5244,3494016320,512,1,8,31,53da95a0,43.68256145797204,0,126,30.927734375
spectrum,5245,3494656800,512,1,8,61,3edd53d7,43.6905009499751,0,88,28.94140625
spectrum,5246,3495306000,512,1,8,55,88513f10,43.69854762405157,0,146,34.484375
spectrum,5247,3496015680,512,1,8,61,90928cbe,43.70756412402261,0,126,63.8515625
spectrum,5248,3496656560,512,1,8,32,685a329e,43.71535798104014,0,129,27.728515625
spectrum,5249,3497301520,512,1,8,165,a154a89d,43.72355633205734,14,161,80.33984375
spectrum,5250,3498016000,512,1,8,63,7bd2be36,43.73248904303182,0,93,31.380859375
spectrum,5251,3498656800,512,1,8,63,0d4ab88f,43.74051249399781,0,91,30.833984375
spectrum,5252,3499296800,512,1,8,61,1cfb4137,43.748543338966556,0,89,29.923828125
spectrum,5253,3500016000,512,1,8,63,2c1e481d,43.757518640952185,0,95,30.291015625
spectrum,5254,3500656800,512,1,8,31,007237ab,43.76555027696304,0,125,31.103515625
spectrum,5255,3501296800,512,1,8,63,1517133b,43.77351800305769,0,134,70.287109375
spectrum,5256,3502016640,512,1,8,31,aeeada86,43.78254967101384,0,125,31.52734375
spectrum,5257,3502658080,512,1,8,31,dd816b32,43.79056983499322,0,125,30.11328125
spectrum,5258,3503297920,512,1,8,62,ad06ce20,43.798535616951995,0,99,30.541015625
spectrum,5259,3504016000,512,1,8,37,ad354d9b,43.80755463195965,0,122,30.189453125
spectrum,5260,3504657760,512,1,8,38,b67cb717,43.81554293597583,0,126,31.33984375
spectrum,5261,3505297440,512,1,8,29,18d4f9ff,43.823510832036845,0,120,29.880859375
spectrum,5262,3506015680,512,1,8,61,92839bb7,43.832512001972646,0,94,29.359375
spectrum,5263,3506656480,512,1,8,63,c4b6f17e,43.84048174100462,0,98,30.0234375
spectrum,5264,3507296480,512,1,8,63,de45dcf7,43.84848213905934,0,101,31.681640625
spectrum,5265,3508015680,512,1,8,61,2f1d4fe8,43.857511642971076,0,95,29.845703125
spectrum,5266,3508657680,512,1,8,40,175efbd3,43.86552143795416,0,127,42.779296875
spectrum,5267,3509296880,512,1,8,37,45b26c1a,43.87352955003735,0,128,43.79296875
spectrum,5268,3510016000,512,1,8,63,63191337,43.882544156047516,0,96,30.619140625
spectrum,5269,3510657520,512,1,8,60,7765a9c0,43.89048890804406,0,94,29.548828125
spectrum,5270,3511296480,512,1,8,62,917c2258,43.898579705972224,0,98,31.05078125
spectrum,5271,3512016320,512,1,8,39,16365f64,43.90754280495457,0,129,31.21484375
spectrum,5272,3512656800,512,1,8,37,9689a800,43.91552998695988,0,121,30.85546875
spectrum,5273,3513298640,512,1,8,38,53d1abad,43.923571081017144,0,125,30.52734375
spectrum,5274,3514015680,512,1,8,64,63f729a7,43.93256965698674,0,87,28.6875
spectrum,5275,3514656480,512,1,8,32,b7ef834e,43.94052259402815,0,129,30.08984375
spectrum,5276,3515296480,512,1,8,61,645599cb,43.94852129800711,0,92,29.787109375
spectrum,5277,3516015680,512,1,8,60,bf7fcea8,43.9575081319781,0,90,27.79296875
spectrum,5278,3516656480,512,1,8,62,89bf3496,43.9655357709853,0,97,30.36328125
spectrum,5279,3517296480,512,1,8,61,ee8e5239,43.97332513798028,0,92,29.005859375
spectrum,5280,3518015680,512,1,8,62,f231c211,43.98252284096088,0,100,30.818359375
spectrum,5281,3518658080,512,1,8,31,892bf2df,43.99282784899697,0,131,25.380859375
spectrum,5282,3519298480,512,1,8,60,86389488,43.99857453198638,0,92,29.673828125
spectrum,5283,3520016000,512,1,8,30,b277b55b,44.00758081197273,0,129,30.572265625
spectrum,5284,3520657520,512,1,8,31,b7cceb9a,44.01552838901989,0,125,30.849609375
spectrum,5285,3521296480,512,1,8,29,3fb8939c,44.02354737103451,0,122,30.01953125
spectrum,5286,3522016000,512,1,8,31,ea22e6b9,44.03252634999808,0,130,27.318359375
spectrum,5287,3522656480,512,1,8,61,20074ac0,44.04051049705595,0,91,28.4609375
spectrum,5288,3523296480,512,1,8,72,bc779fe4,44.048519560019486,0,128,41.59765625
spectrum,5289,3524015680,512,1,8,62,c2a1aa62,44.057533203973435,0,101,30.083984375
spectrum,5290,3524656480,512,1,8,63,77dc36e9,44.0655075419927,0,98,31.609375
spectrum,5291,3525296480,512,1,8,61,522b5ddc,44.07352145505138,0,96,29.20703125
spectrum,5292,3526015680,512,1,8,63,8b77b39d,44.08252142299898,0,94,30.458984375
spectrum,5293,3526657680,512,1,8,61,106c61a9,44.090525527950376,0,93,29.904296875
spectrum,5294,3527296880,512,1,8,62,c46c9b57,44.09851710801013,0,92,30.517578125
spectrum,5295,3528016640,512,1,8,62,4e7fe39c,44.10754241398536,0,100,30.10546875
spectrum,5296,3528657440,512,1,8,31,2f172e3f,44.115558692021295,0,126,30.77734375
spectrum,5297,3529296800,512,1,8,62,567b7baa,44.123530976008624,0,95,29.828125
spectrum,5298,3530016000,512,1,8,35,eaa0379b,44.132563294959255,0,120,36.107421875
spectrum,5299,3530656560,512,1,8,31,f9af4cea,44.14051829604432,0,128,30.228515625
spectrum,5300,3531296480,512,1,8,38,0a39794b,44.148535736021586,0,126,31.669921875
spectrum,5301,3532015680,512,1,8,64,1a99ca86,44.157554729958065,0,93,30.591796875
spectrum,5302,3532656480,512,1,8,63,e80092d9,44.165510002058,0,97,31.15625
spectrum,5303,3533296480,512,1,8,60,d2b5b680,44.17351991706528,6,126,82.8671875
spectrum,5304,3534015680,512,1,8,72,9d3c4fa3,44.18255034298636,0,112,39.658203125
spectrum,5305,3534656480,512,1,8,61,b74062ec,44.19054307602346,0,90,29.0625
spectrum,5306,3535297600,512,1,8,61,f1174003,44.198521782062016,0,94,29.931640625
spectrum,5307,3536015680,512,1,8,60,5ccec1d2,44.20754064596258,0,91,27.82421875
spectrum,5308,3536657760,512,1,8,30,a1baf512,44.2155544180423,0,129,24.48046875
spectrum,5309,3537296800,512,1,8,30,79297ecf,44.223551849951036,0,123,30.51953125
spectrum,5310,3537936000,512,1,8,31,c0186954,44.23143510601949,0,122,31.130859375
spectrum,5311,3538580000,512,1,8,37,ea3ff9d5,44.23953268700279,0,126,27.84375
spectrum,5312,3539216480,512,1,8,31,fbc78963,44.247525849961676,0,130,25.7734375
spectrum,5313,3539935680,512,1,8,72,c7e26ebe,44.25653662905097,0,126,38.294921875
spectrum,5314,3540576480,512,1,8,61,70ac40d5,44.264517909963615,0,87,29.74609375
spectrum,5315,3541216480,512,1,8,33,ea97b66f,44.27251234604046,0,98,15.439453125
spectrum,5316,3541935680,512,1,8,63,3caa1a28,44.28154184995219,0,94,31.966796875
spectrum,5317,3542576480,512,1,8,60,5fc355af,44.28954086499289,0,94,28.537109375
spectrum,5318,3543218080,512,1,8,60,8647c240,44.297571299015544,0,93,29.177734375
spectrum,5319,3543936000,512,1,8,72,3195e605,44.306553493021056,0,119,39.5078125
spectrum,5320,3544577440,512,1,8,37,ce2494e1,44.314537910046056,0,128,26.80078125
spectrum,5321,3545216480,512,1,8,31,06e2b5a8,44.32251061499119,0,123,30.748046875
spectrum,5322,3545935680,512,1,8,31,9054f687,44.331530099967495,0,131,25.419921875
spectrum,5323,3546577520,512,1,8,38,76b76cbf,44.33955243905075,0,124,30.46875
spectrum,5324,3547216480,512,1,8,62,d51d43ae,44.34756836597808,0,87,30.830078125
spectrum,5325,3547935680,512,1,8,60,9e034961,44.35653641400859,0,90,28.97265625
spectrum,5326,3548576480,512,1,8,38,5508f9ea,44.36453199200332,0,126,30.611328125
spectrum,5327,3549216480,512,1,8,63,67bfbeac,44.37251697003376,0,104,30.783203125
spectrum,5328,3549935680,512,1,8,37,20b40b78,44.38152239797637,0,124,30.16015625
spectrum,5329,3550576480,512,1,8,61,421cfc05,44.38953551906161,0,96,30.359375
spectrum,5330,3551217760,512,1,8,72,0f289a14,44.397549682995304,0,119,39.01171875
spectrum,5331,3551936000,512,1,8,60,0b775b42,44.40655639395118,0,90,29.599609375
spectrum,5332,3552576800,512,1,8,29,ce4f4c29,44.41455821401905,0,122,30.40625
spectrum,5333,3553217520,512,1,8,62,e73474d7,44.42251269402914,0,88,30.16015625
spectrum,5334,3553935680,512,1,8,37,4d401f4c,44.43152473506052,0,129,28.7890625
spectrum,5335,3554577680,512,1,8,66,db2aee71,44.439547804999165,0,101,32.228515625
spectrum,5336,3555216880,512,1,8,60,f1cef2e6,44.4475549350027,0,105,29.87890625
spectrum,5337,3555936000,512,1,8,31,a09aa3fa,44.45659454900306,0,125,31.515625
spectrum,5338,3556576800,512,1,8,63,8a983ac9,44.46453921997454,0,94,31.10546875
spectrum,5339,3557216800,512,1,8,62,37cd68ca,44.472519499016926,0,88,30.66015625
spectrum,5340,3557936000,512,1,8,62,aca7367f,44.48135843302589,0,90,30.9921875
spectrum,5341,3558580240,512,1,8,63,d094a118,44.4895306850085,0,88,30.57421875
spectrum,5342,3559216800,512,1,8,61,df5f04c2,44.49761516205035,0,98,30.27734375
spectrum,5343,3559936320,512,1,8,60,e91b1ee8,44.506565436022356,0,88,29.75390625
spectrum,5344,3560576480,512,1,8,61,effc66bd,44.514539993950166,0,93,30.14453125
spectrum,5345,3561217760,512,1,8,60,b90e13fb,44.52254479995463,0,86,28.44921875
spectrum,5346,3561936000,512,1,8,62,2b083bcc,44.531563143013045,0,92,31.529296875
spectrum,5347,3562577440,512,1,8,72,39b2c3ca,44.53956275898963,0,118,39.7578125
spectrum,5348,3563216560,512,1,8,60,380a56fb,44.54753381002229,0,91,28.974609375
spectrum,5349,3563935680,512,1,8,60,65e0b020,44.55658434401266,0,93,28.5390625
spectrum,5350,3564576480,512,1,8,60,63b5f5f4,44.564591925009154,0,90,29.796875
spectrum,5351,3565216480,512,1,8,60,0c3e23f5,44.572572074015625,0,88,29.88671875
spectrum,5352,3565936000,512,1,8,63,04e104c9,44.581549800001085,0,91,31.875
spectrum,5353,3566576480,512,1,8,61,3be1d225,44.58952454896644,0,92,29.267578125
spectrum,5354,3567216480,512,1,8,72,fbfa0e54,44.5975483499933,0,117,40.388671875
spectrum,5355,3567936320,512,1,8,37,a1e16a59,44.60656594205648,0,123,30.267578125
spectrum,5356,3568576800,512,1,8,62,807b327a,44.61458091705572,0,91,30.716796875
spectrum,5357,3569217440,512,1,8,62,79db1710,44.62254900299013,0,93,30.056640625
spectrum,5358,3569935680,512,1,8,29,7e9cc1cf,44.631532169063576,0,122,29.779296875
spectrum,5359,3570576480,512,1,8,37,4ed9cd67,44.63952666497789,0,127,28.69921875
spectrum,5360,3571217520,512,1,8,38,7d8b5be0,44.647520310012624,0,126,30.501953125
spectrum,5361,3571935680,512,1,8,60,4282be34,44.65654436405748,0,95,27.74609375
spectrum,5362,3572576480,512,1,8,63,4bd79d1a,44.66452416195534,0,97,31.509765625
spectrum,5363,3573216480,512,1,8,38,e62ce3c4,44.67256117798388,0,127,30.4921875
spectrum,5364,3573935680,512,1,8,60,c90bb961,44.681541129015386,0,128,43.96484375
spectrum,5365,3574576480,512,1,8,39,c20cbb20,44.68951959500555,0,125,41.5625
spectrum,5366,3575216480,512,1,8,60,81cc4065,44.69755639100913,0,88,28.60546875
spectrum,5367,3575936320,512,1,8,60,378b8217,44.706541810999624,0,92,28.328125
spectrum,5368,3576576800,512,1,8,61,d55ab0a5,44.71457981003914,0,95,30.060546875
spectrum,5369,3577216800,512,1,8,29,f1bd6d18,44.72256225300953,0,123,30.72265625
spectrum,5370,3577936000,512,1,8,62,eae11887,44.73161484103184,0,90,30.689453125
spectrum,5371,3578580000,512,1,8,60,59809432,44.73955593595747,0,88,28.849609375
spectrum,5372,3579218080,512,1,8,31,5f3fdb9e,44.747554569970816,0,95,13.806640625
spectrum,5373,3579936000,512,1,8,39,3a69214b,44.7565345299663,0,127,39.212890625
spectrum,5374,3580576800,512,1,8,64,58a70b43,44.764543503988534,0,96,33.00390625
spectrum,5375,3581216800,512,1,8,64,6f889ab9,44.77253208798356,0,96,31.84765625
spectrum,5376,3581936000,512,1,8,64,ff52f792,44.7815751680173,0,96,31.779296875
spectrum,5377,3582576800,512,1,8,62,220da9e9,44.78954654105473,0,94,31.435546875
spectrum,5378,3583216800,512,1,8,60,32531a96,44.797552939038724,0,92,29.171875
spectrum,5379,3583936640,512,1,8,29,bcaf27e4,44.80651940405369,0,124,28.7421875
spectrum,5380,3584577440,512,1,8,31,fb1c91d2,44.81453637301456,0,120,31.560546875
spectrum,5381,3585218080,512,1,8,28,316ff4db,44.82253982499242,0,123,29.8125
spectrum,5382,3585936000,512,1,8,30,8910a074,44.83154999301769,0,125,29.40234375
spectrum,5383,3586576480,512,1,8,31,dedd0d2e,44.83951140695717,0,125,29.626953125
spectrum,5384,3587217680,512,1,8,37,aa3efd85,44.847605020040646,0,123,30.052734375
spectrum,5385,3587936000,512,1,8,72,12d05078,44.85653085797094,0,123,39.39453125
spectrum,5386,3588576800,512,1,8,60,1b858ef5,44.86455051205121,0,90,30.39453125
spectrum,5387,3589216800,512,1,8,62,572406f3,44.87255257205106,0,88,30.908203125
spectrum,5388,3589936000,512,1,8,63,d6cdcf89,44.88155446399469,0,95,30.921875
spectrum,5389,3590576800,512,1,8,60,2af39283,44.88955386902671,0,84,29.0859375
spectrum,5390,3591216800,512,1,8,59,5e64d13c,44.89751794806216,0,89,27.6171875
spectrum,5391,3591936000,512,1,8,60,be0ac275,44.906578590977006,0,96,27.9609375
spectrum,5392,3592577520,512,1,8,61,e7620a84,44.91458225401584,0,85,29.138671875
spectrum,5393,3593216480,512,1,8,37,ac77e896,44.92251774901524,0,125,30.322265625
spectrum,5394,3593936320,512,1,8,61,a91a2ae8,44.931597979040816,0,95,29.50390625
spectrum,5395,3594576880,512,1,8,37,c282143c,44.939532801974565,0,119,29.927734375
spectrum,5396,3595218640,512,1,8,60,9cf0b2a9,44.94758630997967,0,93,29.232421875
spectrum,5397,3595935680,512,1,8,62,3dd13eb2,44.956528579001315,0,93,30.357421875
spectrum,5398,3596576480,512,1,8,38,e762bbae,44.96459786698688,0,132,25.826171875
spectrum,5399,3597216480,512,1,8,64,29f67d32,44.97255198599305,0,101,32.01953125
spectrum,5400,3597935680,512,1,8,64,d1444b7a,44.98154785705265,0,98,32.595703125
spectrum,5401,3598579920,512,1,8,60,b6341b95,44.98950212704949,0,89,29.087890625
spectrum,5402,3599216480,512,1,8,61,1c69a75c,44.99757537106052,0,90,29.015625
spectrum,5403,3599935680,512,1,8,37,ea1ccaf0,45.00658668100368,0,124,29.798828125
spectrum,5404,3600578000,512,1,8,62,7d6075eb,45.01454492902849,0,91,29.78515625
spectrum,5405,3601216880,512,1,8,60,5b35a005,45.022550005000085,0,89,29.31640625
spectrum,5406,3601936000,512,1,8,63,67bc44a5,45.03155790804885,0,96,31.73046875
spectrum,5407,3602576560,512,1,8,60,0fd53193,45.039510254049674,0,88,30.748046875
spectrum,5408,3603216480,512,1,8,60,4ee45f97,45.04752657096833,0,89,29.6875
spectrum,5409,3603936000,512,1,8,72,cb6c8b4e,45.056534755043685,0,121,39.353515625
spectrum,5410,3604576560,512,1,8,60,2f15c399,45.06454387900885,0,90,28.703125
spectrum,5411,3605216480,512,1,8,62,53d24140,45.07255534699652,0,93,30.04296875
spectrum,5412,3605935680,512,1,8,61,58c057d1,45.08152073004749,0,91,30.498046875
spectrum,5413,3606576480,512,1,8,61,9341a485,45.08954201696906,0,89,29.9765625
spectrum,5414,3607216480,512,1,8,41,330fbe63,45.09756040805951,0,120,35.787109375
spectrum,5415,3607935680,512,1,8,31,9b9afc62,45.10653584997635,0,125,31.064453125
spectrum,5416,3608577680,512,1,8,66,0cd672c7,45.114551355014555,0,99,33.90234375
spectrum,5417,3609216880,512,1,8,38,c2398b39,45.122523088008165,0,120,31.15234375
spectrum,5418,3609936000,512,1,8,30,5edeb3ee,45.13166174897924,0,131,29.515625
spectrum,5419,3610577520,512,1,8,63,0cff3885,45.13958673295565,0,93,30.541015625
spectrum,5420,3611216480,512,1,8,37,9ada4423,45.147554098046385,0,126,29.48828125
spectrum,5421,3611936320,512,1,8,60,17c0daab,45.15660178696271,0,92,28.330078125
spectrum,5422,3612576800,512,1,8,62,b03a6b33,45.16455230896827,0,90,30.990234375
spectrum,5423,3613216800,512,1,8,61,025bbe91,45.17256338696461,0,89,28.896484375
spectrum,5424,3613936000,512,1,8,72,54ccdcef,45.18153025198262,0,116,40.001953125
spectrum,5425,3614576800,512,1,8,72,01da935a,45.18958438106347,0,113,40.41796875
spectrum,5426,3615216800,512,1,8,60,175839e5,45.19754051498603,0,98,31.083984375
spectrum,5427,3615936000,512,1,8,39,ca0d8458,45.20655719505157,0,132,31.306640625
spectrum,5428,3616576800,512,1,8,62,b8ac6568,45.214593128999695,0,95,32.0546875
spectrum,5429,3617217600,512,1,8,61,0f801de0,45.22253368305974,0,91,30.2265625
spectrum,5430,3617935680,512,1,8,62,a67f6c7d,45.23157905705739,0,90,31.095703125
spectrum,5431,3618581200,512,1,8,72,99c78426,45.239592678961344,0,122,39.57421875
spectrum,5432,3619216880,512,1,8,31,d77dc964,45.24755264003761,0,131,24.626953125
spectrum,5433,3619856320,512,1,8,61,d4df2552,45.25554134498816,0,89,30.103515625
spectrum,5434,3620496560,512,1,8,30,86220db6,45.26353554998059,0,126,28.861328125
spectrum,5435,3621136480,512,1,8,39,be2f07b3,45.2715591910528,0,128,38.5859375
spectrum,5436,3621856320,512,1,8,62,d49fb126,45.28057833597995,0,99,30.431640625
spectrum,5437,3622496880,512,1,8,37,9cc3d380,45.28853226499632,0,126,28.7890625
spectrum,5438,3623136800,512,1,8,64,32c82a45,45.29654405405745,0,100,32.876953125
spectrum,5439,3623856000,512,1,8,63,b7e07be0,45.30553722905461,0,100,31.50390625
spectrum,5440,3624496800,512,1,8,62,50f753a3,45.31359456398059,0,97,31.578125
spectrum,5441,3625137440,512,1,8,63,4ea77f65,45.32154495699797,0,101,31.6015625
spectrum,5442,3625855680,512,1,8,72,a042f3c6,45.33055164804682,0,117,40.7265625
spectrum,5443,3626497760,512,1,8,32,44e99a0b,45.33853349997662,0,126,32.275390625
spectrum,5444,3627136880,512,1,8,62,61e7a637,45.34659872006159,0,93,30.7734375
spectrum,5445,3627856000,512,1,8,30,3b9dc83b,45.3555621689884,0,122,30.68359375
spectrum,5446,3628496720,512,1,8,31,89097d6f,45.363582363002934,0,130,27.333984375
spectrum,5447,3629136720,512,1,8,39,c9b9d0c0,45.371562842978165,0,130,33.1875
spectrum,5448,3629856000,512,1,8,61,0956778c,45.380557231022976,0,95,29.931640625
spectrum,5449,3630496800,512,1,8,61,175d0642,45.38855914096348,0,94,31.5390625
spectrum,5450,3631136800,512,1,8,61,5802c996,45.396572252037004,0,89,29.77734375
spectrum,5451,3631856000,512,1,8,72,2d2afb1e,45.405560187995434,0,112,38.046875
spectrum,5452,3632496800,512,1,8,72,2ccd4e96,45.41354807105381,0,116,41.283203125
spectrum,5453,3633140320,512,1,8,61,4bed32d0,45.42156369704753,0,94,29.873046875
spectrum,5454,3633855680,512,1,8,63,83689989,45.43055654200725,0,92,31.919921875
spectrum,5455,3634496480,512,1,8,29,54dc4f7d,45.438590893056244,0,123,31.876953125
spectrum,5456,3635137520,512,1,8,64,997f5d36,45.44657711300533,0,96,32.75390625
spectrum,5457,3635855680,512,1,8,31,148e2391,45.45553352904972,0,125,31.01171875
spectrum,5458,3636497680,512,1,8,63,3c434b6d,45.46361141302623,0,99,31.693359375
spectrum,5459,3637136880,512,1,8,63,e4e211a2,45.471549010952,0,97,30.80859375
spectrum,5460,3637856000,512,1,8,63,52095d60,45.48060178000014,0,95,30.724609375
spectrum,5461,3638496800,512,1,8,66,11e35f3e,45.48858719796408,0,106,34.638671875
spectrum,5462,3639139920,512,1,8,60,d6359578,45.49653793196194,0,94,29.220703125
spectrum,5463,3639856000,512,1,8,62,3d95b368,45.50553179800045,0,94,29.748046875
spectrum,5464,3640496800,512,1,8,63,743ded2b,45.513548996998,0,95,32.498046875
spectrum,5465,3641136800,512,1,8,63,038c2760,45.52159966004547,0,95,30.60546875
spectrum,5466,3641856320,512,1,8,64,bbe54b01,45.53055876097642,0,98,30.595703125
spectrum,5467,3642496480,512,1,8,63,f14322d6,45.53852947195992,0,96,31.68359375
spectrum,5468,3643137760,512,1,8,65,649b04dc,45.546537493006326,0,99,32.560546875
spectrum,5469,3643856000,512,1,8,34,435db39a,45.55552718206309,0,133,32.296875
spectrum,5470,3644497440,512,1,8,29,f18b775d,45.56365371798165,0,126,28.4296875
spectrum,5471,3645136560,512,1,8,61,4dd17cb8,45.571563382982276,0,93,29.169921875
spectrum,5472,3645855680,512,1,8,62,17cb7fb6,45.58058185700793,0,97,31.0078125
spectrum,5473,3646496480,512,1,8,62,6773b165,45.58853416296188,0,94,31.017578125
spectrum,5474,3647136480,512,1,8,72,2b3c8f8f,45.59656183095649,0,121,40.203125
spectrum,5475,3647855680,512,1,8,40,f9405165,45.60556552698836,0,129,42.755859375
spectrum,5476,3648496480,512,1,8,63,8a8919cc,45.61357795703225,0,100,31.734375
spectrum,5477,3649136480,512,1,8,36,47201c2b,45.621539038955234,0,130,33.923828125
spectrum,5478,3649856320,512,1,8,32,f69029fa,45.63058025599457,0,128,30.9375
spectrum,5479,3650497840,512,1,8,64,9e529e24,45.63854543596972,0,97,31.84765625
spectrum,5480,3651137520,512,1,8,60,97c2d859,45.64654549304396,0,94,29.4765625
spectrum,5481,3651855680,512,1,8,62,17e39337,45.65555610100273,0,93,30.4921875
spectrum,5482,3652496480,512,1,8,36,2088e753,45.66359193495009,0,126,37.828125
spectrum,5483,3653137600,512,1,8,72,46e3bf64,45.671535023953766,0,117,41.6953125
spectrum,5484,3653855680,512,1,8,64,94f6d617,45.68055285606533,0,98,31.8515625
spectrum,5485,3654496480,512,1,8,64,8ae34078,45.688546029967256,0,97,32.01953125
spectrum,5486,3655136480,512,1,8,64,f75399f5,45.69653747999109,0,98,32.70703125
spectrum,5487,3655856320,512,1,8,64,b03551d4,45.70556425896939,0,94,33.419921875
spectrum,5488,3656496880,512,1,8,72,39254de3,45.713546913000755,0,118,40.83203125
spectrum,5489,3657136800,512,1,8,40,efe9da6d,45.72154713899363,0,125,42.458984375
spectrum,5490,3657856000,512,1,8,37,9f88a938,45.73056254698895,0,120,30.97265625
spectrum,5491,3658496480,512,1,8,72,66c516aa,45.73857680999208,0,114,39.73046875
spectrum,5492,3659141520,512,1,8,62,be8b3ce2,45.74656488397159,0,97,30.177734375
spectrum,5493,3659856000,512,1,8,31,7e4586a7,45.75554032600485,0,126,30.017578125
spectrum,5494,3660496720,512,1,8,72,85809599,45.7636190810008,0,111,40.91015625
spectrum,5495,3661137760,512,1,8,29,bb50703c,45.77156781102531,0,122,30.306640625
spectrum,5496,3661855680,512,1,8,63,c947ff5f,45.7805712959962,0,94,31.56640625
spectrum,5497,3662496480,512,1,8,67,7b0dca9e,45.788570309989154,0,105,35.091796875
spectrum,5498,3663136480,512,1,8,63,751651f1,45.79656066803727,0,99,32.4609375
spectrum,5499,3663855680,512,1,8,61,83cd7426,45.80561313603539,0,93,29.72265625
spectrum,5500,3664496480,512,1,8,40,91d17964,45.81357226497494,0,124,34.69140625
spectrum,5501,3665136480,512,1,8,59,ce1c1b01,45.82155875605531,14,128,76.841796875
spectrum,5502,3665856640,512,1,8,62,2081c684,45.83054966700729,0,92,31.044921875
spectrum,5503,3666497440,512,1,8,72,ada7dbb9,45.83857261703815,0,121,40.615234375
spectrum,5504,3667136800,512,1,8,62,21010fe3,45.846537537057884,0,92,30.84765625
spectrum,5505,3667856000,512,1,8,28,a1e82b55,45.85554105206393,0,123,26.173828125
spectrum,5506,3668496480,512,1,8,30,c0c0036b,45.86354895296972,0,129,24.8515625
spectrum,5507,3669137680,512,1,8,29,a2dd541e,45.8715706410585,0,122,29.3046875
spectrum,5508,3669856000,512,1,8,63,c049fca9,45.880553837050684,6,121,68.662109375
spectrum,5509,3670496880,512,1,8,64,06948077,45.88853930600453,0,100,32.357421875
spectrum,5510,3671136800,512,1,8,64,f0ecfd67,45.89654203795362,0,97,31.673828125
spectrum,5511,3671856000,512,1,8,64,153339a9,45.90552698797546,0,95,33.501953125
spectrum,5512,3672496800,512,1,8,64,94dcb2cb,45.91358186805155,0,98,32.38671875
spectrum,5513,3673136800,512,1,8,59,00c24e50,45.921551206032746,0,95,28.896484375
spectrum,5514,3673856000,512,1,8,62,1943e50f,45.93058356596157,0,91,31.107421875
spectrum,5515,3674497520,512,1,8,72,8fddfda6,45.938544527976774,0,119,39.462890625
spectrum,5516,3675136480,512,1,8,72,f276fda0,45.94656427204609,0,127,39.21484375
spectrum,5517,3675856320,512,1,8,63,d8048123,45.9555912920041,0,93,30.73828125
spectrum,5518,3676496880,512,1,8,30,5943b66a,45.96356399601791,0,124,30.712890625
spectrum,5519,3677138640,512,1,8,62,a8911c7b,45.97158502298407,0,91,30.5703125
spectrum,5520,3677855680,512,1,8,63,d57d1728,45.98054963396862,0,95,32.0703125
spectrum,5521,3678496480,512,1,8,65,b6cb2b93,45.98856862599496,0,103,33.443359375
spectrum,5522,3679136480,512,1,8,60,9e224044,45.99662155297119,0,91,29.935546875
spectrum,5523,3679855680,512,1,8,38,9c1c992a,46.00556012499146,0,127,31.513671875
spectrum,5524,3680496480,512,1,8,62,a2412d63,46.013560993014835,0,93,30.9765625
spectrum,5525,3681136480,512,1,8,61,8dbceffa,46.021523928968236,0,90,28.087890625
spectrum,5526,3681855680,512,1,8,37,e0856dec,46.03057025501039,0,124,37.736328125
spectrum,5527,3682498080,512,1,8,61,957fb4d9,46.038572786026634,0,92,29.228515625
spectrum,5528,3683136880,512,1,8,62,3e1e477d,46.04654868703801,0,99,31.333984375
spectrum,5529,3683856000,512,1,8,72,fa33a6a7,46.05556157999672,0,110,41.533203125
spectrum,5530,3684496560,512,1,8,40,4b4b6648,46.06358396797441,0,129,47.46484375
spectrum,5531,3685136560,512,1,8,62,9064a44e,46.07157379598357,0,91,30.203125
spectrum,5532,3685856000,512,1,8,63,ba386840,46.08059415197931,0,95,31.583984375
spectrum,5533,3686496560,512,1,8,63,ef1794f4,46.08857675595209,0,95,32.140625
spectrum,5534,3687136480,512,1,8,64,c64da364,46.096568476059474,0,98,32.220703125
spectrum,5535,3687855680,512,1,8,63,5f951582,46.10557194100693,0,95,31.43359375
spectrum,5536,3688496480,512,1,8,63,01ba8a75,46.11357706703711,0,95,30.853515625
spectrum,5537,3689136480,512,1,8,64,3d88a79a,46.12157781503629,0,97,32.71484375
spectrum,5538,3689855680,512,1,8,64,2a1621b0,46.13055035204161,0,98,32.52734375
spectrum,5539,3690497680,512,1,8,72,3289670f,46.1385607579723,0,112,40.765625
spectrum,5540,3691136880,512,1,8,72,f52620c2,46.14655430195853,0,129,39.783203125
spectrum,5541,3691856000,512,1,8,29,da8da0b7,46.15557035000529,0,129,26.37890625
spectrum,5542,3692497520,512,1,8,38,01ab2784,46.16364316502586,0,126,30.7109375
spectrum,5543,3693136480,512,1,8,30,400ebd4e,46.17189486697316,0,128,26.7578125
spectrum,5544,3693855680,512,1,8,31,d23c7bfb,46.18057367799338,0,124,31.279296875
spectrum,5545,3694496480,512,1,8,38,f94468a8,46.18857728096191,0,126,30.345703125
spectrum,5546,3695136480,512,1,8,29,921306d5,46.19655983406119,0,122,29.57421875
spectrum,5547,3695855680,512,1,8,63,73fc7410,46.205546897952445,0,96,33.0703125
spectrum,5548,3696496480,512,1,8,60,3e13c58e,46.21357232297305,0,93,29.77734375
spectrum,5549,3697136480,512,1,8,39,f26e7fd9,46.22153056995012,0,125,41.92578125
spectrum,5550,3697855680,512,1,8,37,d83fe161,46.23057202703785,0,130,25.4453125
spectrum,5551,3698496480,512,1,8,62,dfeadb62,46.23856845602859,0,90,30.3125
spectrum,5552,3699137520,512,1,8,62,129f3166,46.24662842601538,0,94,30.935546875
spectrum,5553,3699855680,512,1,8,30,d38a06a3,46.255563240963966,0,123,30.84765625
spectrum,5554,3700498000,512,1,8,31,bd4675cc,46.26356214506086,0,125,30.677734375
spectrum,5555,3701136800,512,1,8,62,e1d95734,46.271565168048255,0,99,32.5234375
spectrum,5556,3701776000,512,1,8,30,d1084b4e,46.279544634977356,0,131,26.861328125
spectrum,5557,3702416480,512,1,8,72,241f76da,46.28756062197499,0,112,39.3828125
spectrum,5558,3703056480,512,1,8,31,3a28952b,46.29557430406567,0,125,30.982421875
spectrum,5559,3703775680,512,1,8,72,a5245ca7,46.30456019495614,0,119,39.615234375
spectrum,5560,3704416480,512,1,8,63,413de68c,46.312566563952714,0,96,31.814453125
spectrum,5561,3705056480,512,1,8,63,c0fe6132,46.320591958006844,0,93,31.607421875
spectrum,5562,3705775680,512,1,8,72,69f2eddc,46.3295689530205,0,115,39.8125
spectrum,5563,3706416480,512,1,8,62,aa1d09f6,46.337574820034206,0,89,31.080078125
spectrum,5564,3707057760,512,1,8,65,85c0b2ec,46.345580848050304,0,97,33.01171875
spectrum,5565,3707776000,512,1,8,64,b8ca9699,46.35455666098278,0,96,32.67578125
spectrum,5566,3708417440,512,1,8,61,185d696e,46.36260699201375,0,95,31.583984375
spectrum,5567,3709056560,512,1,8,63,4252a1ff,46.37058066902682,0,97,31.25390625
spectrum,5568,3709775680,512,1,8,60,6d7951f6,46.37962244602386,0,90,29.2265625
spectrum,5569,3710417520,512,1,8,64,9c3fe6a0,46.38757291901857,0,94,30.56640625
spectrum,5570,3711056480,512,1,8,64,547b3f5c,46.39557619194966,0,96,33.259765625
spectrum,5571,3711775680,512,1,8,61,e58125be,46.40457356499974,0,93,29.587890625
spectrum,5572,3712416480,512,1,8,61,25e54b1e,46.41255998599809,0,90,30.072265625
spectrum,5573,3713057760,512,1,8,61,435b0452,46.42058304499369,0,89,30.59375
spectrum,5574,3713776000,512,1,8,64,addacc47,46.42954479099717,0,95,31.736328125
spectrum,5575,3714416800,512,1,8,64,91bd93b6,46.43753955804277,0,97,33.103515625
spectrum,5576,3715057440,512,1,8,31,b5bbf755,46.44559416803531,0,126,31.220703125
spectrum,5577,3715776320,512,1,8,32,2fe4a25e,46.45457530999556,0,127,30.876953125
spectrum,5578,3716417440,512,1,8,64,8a2aab8a,46.462588120950386,0,99,33.25390625
spectrum,5579,3717057280,512,1,8,72,56b29951,46.470617422950454,0,114,38.791015625
spectrum,5580,3717775680,512,1,8,63,e1912904,46.479597343015485,0,98,31.8046875
spectrum,5581,3718417680,512,1,8,31,4e69be22,46.4875883719651,0,128,29.65625
spectrum,5582,3719057440,512,1,8,62,aa95b85a,46.49565036606509,0,94,30.423828125
spectrum,5583,3719775680,512,1,8,62,b005b24d,46.50459485896863,0,96,31.580078125
spectrum,5584,3720419920,512,1,8,64,d1cd02fb,46.51258188101929,0,101,31.197265625
spectrum,5585,3721056480,512,1,8,63,625f0a2d,46.52057166805025,0,97,31.568359375
spectrum,5586,3721775680,512,1,8,60,7e24b647,46.52956512395758,0,98,29.541015625
spectrum,5587,3722416480,512,1,8,72,b3bd074b,46.53754532302264,0,116,40.291015625
spectrum,5588,3723056480,512,1,8,72,9e2de7e8,46.54560471198056,0,119,41.607421875
spectrum,5589,3723776320,512,1,8,63,9214a3ff,46.55459003197029,0,101,31.392578125
spectrum,5590,3724416480,512,1,8,72,9e4f60fd,46.56259691203013,0,120,41.708984375
spectrum,5591,3725057760,512,1,8,64,0f63fcff,46.570598741061985,0,100,33.0859375
spectrum,5592,3725776000,512,1,8,62,86a345e3,46.57967768900562,0,101,30.93359375
spectrum,5593,3726417440,512,1,8,29,3425e247,46.587592383963056,0,122,29.609375
spectrum,5594,3727056480,512,1,8,58,950335e2,46.59563362901099,0,133,73.076171875
spectrum,5595,3727775680,512,1,8,64,cdb55a68,46.604560459032655,0,97,30.7265625
spectrum,5596,3728416480,512,1,8,64,34b135b0,46.61257937096525,0,98,32.607421875
spectrum,5597,3729056480,512,1,8,62,096d35e8,46.62053830898367,0,92,30.96875
spectrum,5598,3729775680,512,1,8,35,a9d17a5b,46.629547365009785,0,114,32.814453125
spectrum,5599,3730416480,512,1,8,65,46846fb9,46.63756348204333,0,104,33.6171875
spectrum,5600,3731056480,512,1,8,65,94f0ef9e,46.64556498103775,0,102,34.12109375
spectrum,5601,3731776320,512,1,8,60,2a9da594,46.654573736013845,0,94,29.193359375
spectrum,5602,3732416880,512,1,8,65,d51c545d,46.66257973306347,0,100,33.80859375
spectrum,5603,3733057440,512,1,8,64,a2ffcc56,46.67054652702063,0,94,32.4609375
spectrum,5604,3733775680,512,1,8,60,0034bffb,46.6796027419623,0,92,29.34765625
spectrum,5605,3734416480,512,1,8,36,cc5d03d5,46.68758773896843,0,125,36.123046875
spectrum,5606,3735057600,512,1,8,60,9366450f,46.69560650095809,0,98,30.33984375
spectrum,5607,3735775680,512,1,8,63,9451b043,46.704544242005795,0,92,31.052734375
spectrum,5608,3736417680,512,1,8,61,dbb650d9,46.71264110202901,0,90,30.775390625
spectrum,5609,3737056880,512,1,8,65,170daea1,46.72056898102164,0,95,33.24609375
spectrum,5610,3737776000,512,1,8,65,d24be197,46.72960497799795,0,94,32.109375
spectrum,5611,3738416480,512,1,8,65,32a21273,46.73757114005275,0,100,32.2578125
spectrum,5612,3739057760,512,1,8,61,6dab1a5a,46.74559326795861,0,87,30.287109375
spectrum,5613,3739776000,512,1,8,31,1698ada6,46.7543712570332,0,125,30.66015625
spectrum,5614,3740420400,512,1,8,63,6a117e5a,46.76261308102403,0,92,32.08203125
spectrum,5615,3741058240,512,1,8,60,c8f12607,46.77057801105548,0,86,29.517578125
spectrum,5616,3741776320,512,1,8,60,a53420ef,46.77957101596985,0,92,30.833984375
spectrum,5617,3742416880,512,1,8,72,9782d740,46.78756957896985,0,118,40.712890625
spectrum,5618,3743057440,512,1,8,31,27946824,46.79559441294987,0,129,28.650390625
spectrum,5619,3743775680,512,1,8,72,7eefd0a5,46.80457957298495,0,124,38.525390625
spectrum,5620,3744416480,512,1,8,63,17a0ad43,46.81259391596541,0,91,30.69140625
spectrum,5621,3745056480,512,1,8,62,8ec282d2,46.82055456796661,0,90,30.048828125
spectrum,5622,3745775680,512,1,8,61,76391ebe,46.82955668098293,0,90,31.24609375
spectrum,5623,3746416480,512,1,8,72,a63b0ee8,46.837581995059736,0,117,42.052734375
spectrum,5624,3747056480,512,1,8,72,c224a721,46.845564648043364,0,110,38.8125
spectrum,5625,3747776640,512,1,8,62,1073b5e5,46.854540311032906,0,94,31.287109375
spectrum,5626,3748417520,512,1,8,63,8192a48a,46.86265033495147,0,95,32.552734375
spectrum,5627,3749056800,512,1,8,63,f782f7e6,46.87057608098257,0,97,30.6640625
spectrum,5628,3749776000,512,1,8,61,e6adf0ac,46.879610163974576,0,99,29.892578125
spectrum,5629,3750416560,512,1,8,37,38692f51,46.88756101706531,0,124,30.08203125
spectrum,5630,3751057680,512,1,8,61,2e4f5f7a,46.89555791800376,0,88,29.724609375
spectrum,5631,3751776000,512,1,8,62,a6c6ad5c,46.90456661302596,0,91,30.271484375
spectrum,5632,3752416800,512,1,8,72,21a9cd92,46.9126488850452,0,119,39.498046875
spectrum,5633,3753056800,512,1,8,62,1dbdfbe6,46.92057353805285,0,95,28.802734375
spectrum,5634,3753776000,512,1,8,63,7cacb708,46.92957112204749,0,100,31.515625
spectrum,5635,3754416800,512,1,8,62,451120b5,46.93756738200318,0,92,30.3125
spectrum,5636,3755056800,512,1,8,62,ad5c37bd,46.94559141295031,0,93,31.16796875
spectrum,5637,3755776000,512,1,8,63,0841d51a,46.9545634490205,0,92,31.8828125
spectrum,5638,3756417520,512,1,8,63,e033e9ae,46.962568033952266,0,94,31.501953125
spectrum,5639,3757056480,512,1,8,62,0490a4f9,46.9705554760294,0,94,30.296875
spectrum,5640,3757776320,512,1,8,63,c3fc8489,46.9795827959897,0,101,31.78125
spectrum,5641,3758416880,512,1,8,63,297933c9,46.987552445032634,0,98,32.662109375
spectrum,5642,3759058720,512,1,8,60,835d6804,46.995591094950214,0,90,29.865234375
spectrum,5643,3759775680,512,1,8,62,6a5d6de6,47.004571455996484,0,95,29.859375
spectrum,5644,3760416480,512,1,8,64,374740a3,47.01263865898363,0,93,33.017578125
spectrum,5645,3761059920,512,1,8,61,30aeec04,47.02056521701161,0,95,30.23828125
spectrum,5646,3761775680,512,1,8,63,bd9fc073,47.02956863096915,0,96,31.67578125
spectrum,5647,3762416480,512,1,8,65,6ef639cc,47.0376255849842,0,99,32.634765625
spectrum,5648,3763056480,512,1,8,65,361add09,47.04559810005594,0,99,32.873046875
spectrum,5649,3763775680,512,1,8,64,764e0cdc,47.054580284049734,0,98,32.703125
spectrum,5650,3764418000,512,1,8,62,0a61eb90,47.06258654303383,0,88,30.6953125
spectrum,5651,3765056880,512,1,8,63,7b19b7b2,47.07056032901164,0,94,31.59765625
spectrum,5652,3765776000,512,1,8,31,ea3e56b1,47.07959146599751,0,128,30.15625
spectrum,5653,3766416480,512,1,8,65,bd06a8bd,47.08755349100102,0,98,33.85546875
spectrum,5654,3767056480,512,1,8,65,34368eda,47.09559692896437,0,101,32.494140625
spectrum,5655,3767776000,512,1,8,64,7469a26b,47.10460800898727,0,98,30.9375
spectrum,5656,3768416480,512,1,8,64,157f437f,47.11260242399294,0,93,32.158203125
spectrum,5657,3769056480,512,1,8,36,3327f766,47.119785304996185,0,130,28.236328125
spectrum,5658,3769775680,512,1,8,29,c854d499,47.128801433951594,0,126,27.1171875
spectrum,5659,3770416480,512,1,8,61,47004e0c,47.137569142039865,0,92,29.51953125
spectrum,5660,3771056480,512,1,8,72,9e9216de,47.14569171098992,0,119,41.4765625
spectrum,5661,3771775680,512,1,8,63,96ccade4,47.15519916906487,0,94,31.474609375
spectrum,5662,3772417680,512,1,8,65,a9bcd5ff,47.16259522305336,0,101,34.447265625
spectrum,5663,3773056880,512,1,8,72,592e2bc4,47.17056047299411,0,115,40.875
spectrum,5664,3773776000,512,1,8,29,347f9836,47.1796039439505,0,124,31.6953125
spectrum,5665,3774417520,512,1,8,62,4cc367d0,47.187599651981145,0,90,31.794921875
spectrum,5666,3775056480,512,1,8,62,37b5fdd0,47.19556741695851,0,99,30.62890625
spectrum,5667,3775776320,512,1,8,72,fb6146cd,47.20465106400661,0,119,40.75390625
spectrum,5668,3776416880,512,1,8,72,c5705dd2,47.212625651969574,0,113,39.861328125
spectrum,5669,3777056800,512,1,8,60,2cfd6314,47.22067747602705,0,99,29.638671875
spectrum,5670,3777776000,512,1,8,63,8d314ebf,47.22958378796466,0,92,32.185546875
spectrum,5671,3778416800,512,1,8,61,9fc2cf92,47.237587610958144,0,96,31.55859375
spectrum,5672,3779056800,512,1,8,63,d49c8033,47.245614137966186,0,98,31.90625
spectrum,5673,3779776000,512,1,8,31,25c7de5a,47.253850079956464,0,125,30.765625
spectrum,5674,3780416720,512,1,8,72,0759a2f1,47.26255729503464,0,111,40.626953125
spectrum,5675,3781061040,512,1,8,37,9f62c277,47.27056238101795,0,124,29.958984375
spectrum,5676,3781775680,512,1,8,63,7053e8c1,47.27879720099736,0,101,31.69921875
spectrum,5677,3782418000,512,1,8,62,b888f92c,47.28757658204995,0,94,30.794921875
spectrum,5678,3783056880,512,1,8,60,da2d6f69,47.29558481404092,0,93,28.857421875
spectrum,5679,3783696000,512,1,8,62,9eb7b4e8,47.303565773996525,0,91,31.33203125
spectrum,5680,3784336560,512,1,8,65,9d441994,47.31156161299441,0,102,33.822265625
spectrum,5681,3784976480,512,1,8,63,fd6f4a5f,47.31956959399395,0,91,30.859375
spectrum,5682,3785695680,512,1,8,63,68b17480,47.32775358797517,0,94,30.744140625
spectrum,5683,3786336480,512,1,8,65,f767c408,47.33655217604246,0,96,32.9765625
spectrum,5684,3786976480,512,1,8,65,7d6eb512,47.34458389203064,0,97,33.580078125
spectrum,5685,3787695680,512,1,8,65,36fcde60,47.3536322619766,0,105,32.9609375
spectrum,5686,3788336480,512,1,8,63,cc529c19,47.361592713044956,0,91,31.578125
spectrum,5687,3788977760,512,1,8,61,b1104771,47.3696494869655,0,93,28.763671875
spectrum,5688,3789696000,512,1,8,63,e16c685f,47.37858804897405,0,97,32.982421875
spectrum,5689,3790337440,512,1,8,60,6b7b742c,47.38659071002621,0,92,28.50390625
spectrum,5690,3790976560,512,1,8,65,1172ce96,47.39519734401256,0,102,32.859375
spectrum,5691,3791711440,512,1,8,60,3dcef76c,47.40361600299366,0,93,29.7421875
spectrum,5692,3792337920,512,1,8,63,9ca29d80,47.411705999984406,0,98,32.380859375
spectrum,5693,3792977440,512,1,8,72,14507fb2,47.41961507406086,0,113,38.75
spectrum,5694,3793696320,512,1,8,62,edf93f31,47.42867594701238,0,92,30.30859375
spectrum,5695,3794336880,512,1,8,61,46602552,47.43657968204934,0,90,29.87109375
spectrum,5696,3794976800,512,1,8,64,0baa7fc0,47.4445871419739,0,92,32.509765625
spectrum,5697,3795696000,512,1,8,64,16844504,47.45356473803986,0,93,31.6953125
spectrum,5698,3796336800,512,1,8,60,f83af704,47.46159190603066,0,92,28.666015625
spectrum,5699,3796977440,512,1,8,72,8861d005,47.46961764106527,0,121,40.080078125
spectrum,5700,3797696320,512,1,8,63,8e33f9a5,47.47863819799386,0,91,31.13671875
spectrum,5701,3798336880,512,1,8,29,439cc664,47.48661698400974,0,120,30.76171875
spectrum,5702,3798977520,512,1,8,61,78da6fb0,47.49462162901182,0,97,31.09375
spectrum,5703,3799695680,512,1,8,64,f9b576d9,47.50359088904224,0,97,32.607421875
spectrum,5704,3800337760,512,1,8,63,5ef283fb,47.511621362995356,0,90,31.841796875
spectrum,5705,3800976880,512,1,8,72,eb27b955,47.51961193198804,0,112,39.79296875
spectrum,5706,3801696000,512,1,8,61,7ca45ccb,47.528583675972186,0,111,59.3984375
spectrum,5707,3802336880,512,1,8,61,02f64bf1,47.53575985401403,0,92,28.8359375
spectrum,5708,3802976800,512,1,8,63,2fc2c24f,47.54457150597591,0,96,31.4609375
spectrum,5709,3803696000,512,1,8,63,b8d34c18,47.55358350696042,0,98,31.80078125
spectrum,5710,3804336800,512,1,8,62,2f0a5454,47.5615802470129,0,91,29.078125
spectrum,5711,3804976800,512,1,8,63,e5f370c8,47.56959010194987,0,91,30.90625
spectrum,5712,3805696640,512,1,8,31,9d6e5af0,47.57859047106467,0,125,31.923828125
spectrum,5713,3806337440,512,1,8,29,2c75c1b1,47.586602911003865,0,124,30.40234375
spectrum,5714,3806977200,512,1,8,38,bc5ca023,47.594600292039104,0,126,31.984375
spectrum,5715,3807695680,512,1,8,30,37235cc7,47.602777483989485,0,123,30.400390625
spectrum,5716,3808337680,512,1,8,63,dc4e031a,47.611574808950536,0,91,31.732421875
spectrum,5717,3808976880,512,1,8,63,1e5ae973,47.61960336903576,0,97,31.822265625
spectrum,5718,3809696000,512,1,8,62,da6ef4b5,47.627796630957164,0,97,31.142578125
spectrum,5719,3810336800,512,1,8,61,36a6493a,47.63660564797465,0,92,30.138671875
spectrum,5720,3810976800,512,1,8,65,a496c7c3,47.64459217898548,0,102,33.685546875
spectrum,5721,3811696000,512,1,8,63,0aa23cfa,47.65277900896035,0,103,31.302734375
spectrum,5722,3812336800,512,1,8,63,375dc69a,47.661633161013015,0,93,31.794921875
spectrum,5723,3812976800,512,1,8,63,3d80979c,47.6695661409758,0,96,31.833984375
spectrum,5724,3813696000,512,1,8,62,0756e764,47.67857109801844,0,93,30.77734375
spectrum,5725,3814336560,512,1,8,72,91864319,47.68657849903684,0,118,41.814453125
spectrum,5726,3814977760,512,1,8,64,00957609,47.69462903996464,0,96,32.517578125
spectrum,5727,3815696000,512,1,8,65,751825cd,47.70362511102576,0,95,33.0390625
spectrum,5728,3816336800,512,1,8,31,da4cfe91,47.711598296999,0,127,31.171875
spectrum,5729,3816977520,512,1,8,63,ecda784b,47.719584807986394,0,97,30.947265625
spectrum,5730,3817695680,512,1,8,62,599f2889,47.728580227005295,0,89,31.091796875
spectrum,5731,3818336480,512,1,8,60,73ec4335,47.735774819971994,0,98,29.021484375
spectrum,5732,3818976480,512,1,8,61,f116f6e3,47.744585289037786,0,97,30.90625
spectrum,5733,3819695680,512,1,8,61,efc83b32,47.75356127205305,0,92,30.05859375
spectrum,5734,3820336480,512,1,8,62,79435374,47.761676487047225,0,95,32.35546875
spectrum,5735,3820976480,512,1,8,61,a6909389,47.76974325906485,0,91,31.435546875
spectrum,5736,3821696960,512,1,8,31,7667c094,47.77863636496477,0,120,31.44921875
spectrum,5737,3822337680,512,1,8,64,7688c43e,47.78657551703509,0,98,32.978515625
spectrum,5738,3822978400,512,1,8,59,4ce8932f,47.794613113976084,0,94,27.912109375
spectrum,5739,3823696000,512,1,8,65,391de0b7,47.80358614097349,0,103,32.693359375
spectrum,5740,3824336800,512,1,8,61,1d2431e9,47.8107896510046,0,95,29.208984375
spectrum,5741,3824977440,512,1,8,72,fe193980,47.81960528995842,0,113,39.794921875
spectrum,5742,3825695680,512,1,8,62,8e59d672,47.82858573202975,0,96,31.6484375
spectrum,5743,3826336480,512,1,8,62,86c9ba61,47.83657304395456,0,94,30.64453125
spectrum,5744,3826976480,512,1,8,65,7c25589b,47.84378313599154,0,102,34.453125
spectrum,5745,3827696320,512,1,8,72,9db9a169,47.853575794026256,0,114,39.7265625
spectrum,5746,3828336880,512,1,8,61,dacb4fb9,47.861570480046794,0,91,30.15625
spectrum,5747,3828976800,512,1,8,63,80cb9247,47.86962761403993,0,92,31.123046875
spectrum,5748,3829696640,512,1,8,72,d6fa6567,47.87859490106348,0,113,39.1171875
spectrum,5749,3830337520,512,1,8,64,c67aee24,47.886584708001465,0,100,32.935546875
spectrum,5750,3830976800,512,1,8,61,aa585b54,47.894557883031666,0,94,31.005859375
spectrum,5751,3831696000,512,1,8,63,6c19adb9,47.903591505018994,0,97,32.595703125
spectrum,5752,3832336560,512,1,8,64,bec52573,47.91161125898361,0,94,31.607421875
spectrum,5753,3832977760,512,1,8,72,f649043a,47.919601056026295,0,111,38.32421875
spectrum,5754,3833696000,512,1,8,64,0f5de8a1,47.927776935044676,0,101,31.939453125
spectrum,5755,3834336800,512,1,8,61,f6457fec,47.93659189296886,0,90,30.203125
spectrum,5756,3834976800,512,1,8,63,9bef85be,47.94378539395984,0,99,32.86328125
spectrum,5757,3835696000,512,1,8,65,1d2babd0,47.95278733596206,0,95,32.59765625
spectrum,5758,3836336800,512,1,8,66,69d6ea09,47.961668609059416,0,103,34.701171875
spectrum,5759,3836976800,512,1,8,63,5a6845a6,47.96963718603365,0,96,31.966796875
spectrum,5760,3837696000,512,1,8,64,5946afb2,47.97863678401336,0,98,32.71875
spectrum,5761,3838337840,512,1,8,31,58a0c5f0,47.986591474036686,0,126,29.837890625
spectrum,5762,3838976880,512,1,8,38,0163f599,47.99377219006419,0,132,28.525390625
spectrum,5763,3839696000,512,1,8,63,a7ffdf9a,48.003605826059356,0,103,31.10546875
spectrum,5764,3840336560,512,1,8,62,56b2d5aa,48.011677077040076,0,97,31.064453125
spectrum,5765,3840978320,512,1,8,61,188a7078,48.01959747297224,0,91,30.755859375
spectrum,5766,3841696000,512,1,8,64,94e35877,48.02863656496629,0,96,32.51953125
spectrum,5767,3842339680,512,1,8,64,cba4fda4,48.0365842320025,0,97,32.8046875
spectrum,5768,3842978080,512,1,8,72,9b0d9935,48.04461070895195,0,115,40.0234375
spectrum,5769,3843696000,512,1,8,62,92d68f3a,48.05361483502202,0,93,30.69921875
spectrum,5770,3844336800,512,1,8,61,a7ccc33e,48.060809436952695,0,91,30.482421875
spectrum,5771,3844976800,512,1,8,61,6a973396,48.06879085802939,0,85,29.439453125
spectrum,5772,3845696000,512,1,8,65,4cbfcc40,48.07777258194983,0,97,32.9375
spectrum,5773,3846337440,512,1,8,72,dd7dae9b,48.08660801895894,0,120,39.787109375
spectrum,5774,3846976560,512,1,8,63,eed18c57,48.09458373906091,0,98,31.896484375
spectrum,5775,3847696320,512,1,8,39,46811968,48.10360272298567,0,126,40.025390625
spectrum,5776,3848336880,512,1,8,63,f01f3c8d,48.11161294905469,0,99,32.228515625
spectrum,5777,3848976800,512,1,8,63,90d63168,48.11959818704054,0,95,30.732421875
spectrum,5778,3849696000,512,1,8,64,4ba83551,48.128650604980066,0,100,32.076171875
spectrum,5779,3850336480,512,1,8,39,d9900070,48.13657554902602,0,123,41.666015625
spectrum,5780,3850976480,512,1,8,31,4f33958b,48.14378044102341,0,126,30.24609375
spectrum,5781,3851695680,512,1,8,61,a072aadb,48.153567899018526,0,92,31.169921875
spectrum,5782,3852336480,512,1,8,63,9e09ad01,48.16076425497886,0,90,30.123046875
spectrum,5783,3852976480,512,1,8,63,df688eef,48.16957678797189,0,95,31.64453125
spectrum,5784,3853695680,512,1,8,62,17715b16,48.17776676395442,0,91,30.9375
spectrum,5785,3854337760,512,1,8,31,34984c37,48.18660122901201,0,126,30.87109375
spectrum,5786,3854977440,512,1,8,62,15499189,48.1945993519621,0,96,32.146484375
spectrum,5787,3855695680,512,1,8,29,31855e21,48.20357915200293,0,123,31.263671875
spectrum,5788,3856337520,512,1,8,31,384f4961,48.21160640998278,0,125,31.931640625
spectrum,5789,3856976480,512,1,8,31,14264505,48.21962756605353,0,126,31.10546875
spectrum,5790,3857696000,512,1,8,64,84c58b7b,48.2285937910201,0,97,32.603515625
spectrum,5791,3858336560,512,1,8,62,6fbc2463,48.23578367405571,0,90,30.328125
spectrum,5792,3858976480,512,1,8,61,0195ce91,48.24460374203045,0,88,31.00390625
spectrum,5793,3859695680,512,1,8,63,07ce5571,48.25280603102874,0,95,31.87109375
spectrum,5794,3860336480,512,1,8,63,c5af97f1,48.26080689905211,0,95,32.92578125
spectrum,5795,3860976480,512,1,8,61,fdf9a95e,48.26960956398398,0,88,30.765625
spectrum,5796,3861696320,512,1,8,72,2b3731e7,48.27852731605526,0,113,39.390625
spectrum,5797,3862340000,512,1,8,61,d7915800,48.28660818596836,0,91,30.88671875
spectrum,5798,3862977920,512,1,8,65,012bd596,48.29457905702293,0,101,34.294921875
spectrum,5799,3863695680,512,1,8,64,a7360c9a,48.30279479105957,0,97,32.232421875
spectrum,5800,3864337760,512,1,8,41,a0b05c8a,48.31158113502897,0,96,19.658203125
spectrum,5801,3864976880,512,1,8,60,81649e3c,48.31879327096976,0,104,30.16796875
spectrum,5802,3865616000,512,1,8,63,08bf16b2,48.32756929495372,0,98,31.60546875
spectrum,5803,3866256560,512,1,8,62,a087783a,48.33560632204171,0,92,30.642578125
spectrum,5804,3866896480,512,1,8,38,08c09d6d,48.34356960898731,0,126,31.775390625
spectrum,5805,3867615680,512,1,8,63,659f85c7,48.35178435104899,0,98,32.533203125
spectrum,5806,3868256480,512,1,8,65,55bf5130,48.36058093502652,0,100,33.4375
spectrum,5807,3868896480,512,1,8,63,9f5b9fb8,48.36867508897558,0,99,31.939453125
spectrum,5808,3869615680,512,1,8,63,44bd0df0,48.37681523000356,0,101,32.18359375
spectrum,5809,3870256480,512,1,8,61,4b26c29f,48.38480423600413,0,97,31.046875
spectrum,5810,3870897760,512,1,8,30,f8471580,48.39363027503714,0,123,30.40625
spectrum,5811,3871616000,512,1,8,62,8375963e,48.4025893160142,0,96,31.1796875
spectrum,5812,3872257840,512,1,8,61,89bab76c,48.410605954006314,0,91,31.173828125
spectrum,5813,3872896880,512,1,8,63,993abf0d,48.41875141498167,0,102,32.0390625
spectrum,5814,3873616000,512,1,8,37,149f4548,48.427600438008085,0,124,29.64453125
spectrum,5815,3874257520,512,1,8,39,1b955f7c,48.43558794003911,0,128,32.275390625
spectrum,5816,3874896480,512,1,8,64,bf96bf05,48.44358252605889,0,125,78.87109375
spectrum,5817,3875615680,512,1,8,60,953c4a1a,48.451794574037194,0,91,29.185546875
spectrum,5818,3876256480,512,1,8,66,62d19bfd,48.45978064404335,0,106,33.927734375
spectrum,5819,3876896480,512,1,8,39,286ffe5f,48.46863930497784,0,124,42.796875
spectrum,5820,3877615680,512,1,8,62,dc9fefb4,48.47679142898414,0,94,30.904296875
spectrum,5821,3878256480,512,1,8,35,6b8d243e,48.484845006023534,0,120,35.84375
spectrum,5822,3878897760,512,1,8,63,cdc39c75,48.493595783016644,0,101,31.396484375
spectrum,5823,3879616000,512,1,8,63,0d5b4e17,48.50178048899397,0,95,31.5
spectrum,5824,3880256800,512,1,8,29,0e1edce1,48.5106291109696,0,129,27.61328125
spectrum,5825,3880897840,512,1,8,72,2bf294d7,48.5186131070368,0,119,39.9765625
spectrum,5826,3881616000,512,1,8,72,a7aeb21f,48.52758153504692,0,118,41.958984375
spectrum,5827,3882257440,512,1,8,29,ab44c181,48.53562220802996,0,122,29.443359375
spectrum,5828,3882899680,512,1,8,38,7a7d0dc2,48.54357118799817,0,127,30.142578125
spectrum,5829,3883615680,512,1,8,40,3822329a,48.55258264800068,0,134,42.890625
spectrum,5830,3884256480,512,1,8,64,96b4d324,48.56059712206479,0,101,33.275390625
spectrum,5831,3884896480,512,1,8,62,6995cef0,48.56781260401476,0,97,31.048828125
spectrum,5832,3885615680,512,1,8,63,13622b70,48.576819694950245,0,94,30.4921875
spectrum,5833,3886256480,512,1,8,40,9e7164b4,48.5855965820374,0,129,43.521484375
spectrum,5834,3886896480,512,1,8,61,42782c2d,48.59360866097268,0,90,30.1953125
spectrum,5835,3887616320,512,1,8,63,edc9ca5e,48.60262321704067,0,97,30.98046875
spectrum,5836,3888256480,512,1,8,63,8b0bd772,48.609786259010434,0,96,31.55078125
spectrum,5837,3888897760,512,1,8,65,1ce3ff1d,48.618611757061444,0,98,33.697265625
spectrum,5838,3889616000,512,1,8,39,ae9a3fff,48.62760637595784,0,125,40.87109375
spectrum,5839,3890257440,512,1,8,64,441f225a,48.635593137005344,0,99,33.771484375
spectrum,5840,3890897840,512,1,8,64,954d5bb5,48.64361527503934,0,98,32.560546875
spectrum,5841,3891616000,512,1,8,65,f8b01963,48.651794970966876,0,96,32.9296875
spectrum,5842,3892256800,512,1,8,31,e8efb719,48.65978260396514,0,127,30.21875
spectrum,5843,3892896800,512,1,8,62,4e7efd3b,48.667820342001505,0,94,30.642578125
spectrum,5844,3893616000,512,1,8,62,94e80490,48.67679301800672,0,98,30.146484375
spectrum,5845,3894256800,512,1,8,61,e4de0d04,48.684817800996825,0,90,30.8515625
spectrum,5846,3894896800,512,1,8,62,538d85a5,48.69279756897595,0,90,30.091796875
spectrum,5847,3895616000,512,1,8,61,20c76e4b,48.70259620901197,0,99,30.21875
spectrum,5848,3896256560,512,1,8,64,efcec107,48.7098230420379,0,96,32.015625
spectrum,5849,3896897760,512,1,8,47,43eae3e4,48.71864240895957,0,126,43.08984375
spectrum,5850,3897616000,512,1,8,39,b87b9a47,48.726768944063224,0,128,32.728515625
spectrum,5851,3898256800,512,1,8,31,b3a0f5be,48.73478946904652,0,128,29.3671875
spectrum,5852,3898896800,512,1,8,31,18f9bf9f,48.742798964027315,0,130,27.505859375
spectrum,5853,3899616000,512,1,8,39,7d2ce984,48.752599737024866,0,123,42.533203125
spectrum,5854,3900256800,512,1,8,62,b5941fff,48.76057911396492,0,96,30.607421875
spectrum,5855,3900896800,512,1,8,58,2df4a926,48.76779161102604,0,88,28.140625
spectrum,5856,3901616000,512,1,8,65,11139fb0,48.77680180803873,0,99,33.115234375
spectrum,5857,3902256800,512,1,8,63,69210bbc,48.78482132102363,0,90,31.734375
spectrum,5858,3902899920,512,1,8,63,0e4c1d1b,48.79360816604458,0,97,31.1484375
spectrum,5859,3903616640,512,1,8,31,2c4d13e3,48.80262435495388,0,123,30.53515625
spectrum,5860,3904257360,512,1,8,64,e13ccf78,48.81061183800921,0,99,30.890625
spectrum,5861,3904899680,512,1,8,30,4dc5cdc8,48.818612255039625,0,126,29.05078125
spectrum,5862,3905616000,512,1,8,63,855bd800,48.826811588020064,0,94,31.94140625
spectrum,5863,3906256800,512,1,8,62,c4566b7a,48.83479091501795,0,92,30.419921875
spectrum,5864,3906897440,512,1,8,63,9ba8b561,48.8436187079642,0,94,31.521484375
spectrum,5865,3907615680,512,1,8,62,7cae39b2,48.851775421062484,0,94,30.103515625
spectrum,5866,3908256480,512,1,8,62,91dbd87a,48.85978088702541,0,88,29.44921875
spectrum,5867,3908896480,512,1,8,63,12e0bc36,48.867875472060405,0,92,30.373046875
spectrum,5868,3909615680,512,1,8,66,bb309e85,48.8768131530378,0,102,34.431640625
spectrum,5869,3910256480,512,1,8,36,a3fc34f7,48.88481431105174,0,95,30.884765625
spectrum,5870,3910896480,512,1,8,64,d3620e35,48.8927961330628,0,96,31.064453125
spectrum,5871,3911616640,512,1,8,62,5dd00b71,48.9025996819837,0,93,30.662109375
spectrum,5872,3912257440,512,1,8,64,5b263dc0,48.910594237968326,0,101,32.328125
spectrum,5873,3912896800,512,1,8,64,3e23dc12,48.91862185602076,0,96,32.341796875
spectrum,5874,3913616000,512,1,8,63,a9cfc7fe,48.927649797988124,0,102,33.162109375
spectrum,5875,3914256560,512,1,8,31,1076ae4c,48.93480792106129,0,129,28.158203125
spectrum,5876,3914897680,512,1,8,61,e4066df6,48.94360410398804,0,91,29.32421875
spectrum,5877,3915616000,512,1,8,72,4a9b031c,48.95260970306117,0,108,37.41796875
spectrum,5878,3916256800,512,1,8,37,4cf4fb66,48.95976837701164,0,124,30.115234375
spectrum,5879,3916896800,512,1,8,39,95073317,48.96863200701773,0,125,39.59765625
spectrum,5880,3917616000,512,1,8,72,348172db,48.97679572296329,0,128,40.494140625
spectrum,5881,3918256800,512,1,8,62,e314ee12,48.985628925962374,0,93,31.83203125
spectrum,5882,3918897520,512,1,8,63,ec2e542a,48.99361464497633,0,100,30.724609375
spectrum,5883,3919615680,512,1,8,63,986ea4ac,49.00261914206203,0,99,31.81640625
spectrum,5884,3920257840,512,1,8,44,7227ca3c,49.01061665301677,0,129,25.59765625
spectrum,5885,3920896880,512,1,8,39,9da432c6,49.01779694901779,0,132,31.455078125
spectrum,5886,3921616000,512,1,8,72,e555838b,49.02759989595506,0,117,38.400390625
spectrum,5887,3922256560,512,1,8,63,b22eb150,49.034816159983166,0,95,32.470703125
spectrum,5888,3922901840,512,1,8,72,d78b21c6,49.04362818202935,0,110,38.8828125
spectrum,5889,3923616000,512,1,8,62,bffa008d,49.05183947796468,0,97,30.6484375
spectrum,5890,3924256800,512,1,8,62,9016119b,49.05979197402485,0,94,31.9453125
spectrum,5891,3924896800,512,1,8,72,06c547d8,49.06781848100945,0,110,40.494140625
spectrum,5892,3925616000,512,1,8,39,3a4acd77,49.07757887803018,0,124,39.98828125
spectrum,5893,3926256800,512,1,8,63,7e22ef30,49.08480202395003,0,96,32.53515625
spectrum,5894,3926896800,512,1,8,62,a7ca421a,49.09281123802066,0,91,31.279296875
spectrum,5895,3927616000,512,1,8,63,67ad7c58,49.10186038899701,0,98,31.556640625
spectrum,5896,3928257680,512,1,8,63,0c2fddfa,49.11060731904581,0,99,31.634765625
spectrum,5897,3928896560,512,1,8,63,e99a1779,49.11861086101271,0,96,32.390625
spectrum,5898,3929616320,512,1,8,63,78cf6874,49.127631608978845,0,99,33.818359375
spectrum,5899,3930256880,512,1,8,62,67a91285,49.13480077299755,0,94,30.326171875
spectrum,5900,3930896800,512,1,8,61,f6f1b20c,49.14359869901091,0,93,29.39453125
spectrum,5901,3931616000,512,1,8,63,ad43b6e9,49.15262784296647,0,93,31.875
spectrum,5902,3932256480,512,1,8,63,75fc0587,49.15980398003012,0,94,31.90234375
spectrum,5903,3932896480,512,1,8,72,6ae85c26,49.1678191650426,0,115,39.201171875
spectrum,5904,3933615680,512,1,8,64,0de5788e,49.1768207460409,0,96,32.3125
spectrum,5905,3934256480,512,1,8,36,6b587bb9,49.18480248795822,0,122,37.23046875
spectrum,5906,3934896480,512,1,8,39,0c6d759e,49.192825027043,0,130,32.568359375
spectrum,5907,3935615680,512,1,8,62,c4e93204,49.20180626004003,0,90,30.3671875
spectrum,5908,3936257680,512,1,8,31,a2453caa,49.21062169899233,0,124,31.265625
spectrum,5909,3936897440,512,1,8,31,fc0b1a23,49.21862317796331,0,126,29.9375
spectrum,5910,3937616640,512,1,8,29,54253577,49.22760790702887,0,123,32.251953125
spectrum,5911,3938257280,512,1,8,38,05224dd3,49.235620817984454,0,124,40.23046875
spectrum,5912,3938896560,512,1,8,64,5ef1235b,49.2427882590564,0,93,31.43359375
spectrum,5913,3939616320,512,1,8,31,ecefc9f9,49.2526198499836,0,125,30.375
spectrum,5914,3940256800,512,1,8,72,2d029e63,49.26061664998997,0,115,39.142578125
spectrum,5915,3940896800,512,1,8,72,993d2955,49.26862288895063,0,118,40.896484375
spectrum,5916,3941616000,512,1,8,61,1851f334,49.276806512032636,0,93,28.62109375
spectrum,5917,3942256800,512,1,8,62,b68c8cf4,49.28480140899774,0,94,30.294921875
spectrum,5918,3942896800,512,1,8,62,27220407,49.292817085050046,0,92,30.34375
spectrum,5919,3943616000,512,1,8,63,f655e3f9,49.301812603953294,0,90,31.845703125
spectrum,5920,3944256800,512,1,8,63,1aec2780,49.31063434504904,0,94,32.61328125
spectrum,5921,3944897920,512,1,8,72,6096b408,49.31864140497055,0,114,40.755859375
spectrum,5922,3945615680,512,1,8,61,81982d43,49.32679021300282,0,88,30.6953125
spectrum,5923,3946257760,512,1,8,31,a38aa9a0,49.33559601404704,0,128,29.509765625
spectrum,5924,3946896880,512,1,8,63,4073cf0c,49.342792529962026,0,97,32.203125
spectrum,5925,3947616000,512,1,8,62,4313f0bc,49.352663715952076,0,97,31.6328125
spectrum,5926,3948256480,512,1,8,62,4683ac75,49.359790851012804,0,90,31.66015625
spectrum,5927,3948896480,512,1,8,62,3ac5c45e,49.367891306988895,0,92,30.796875
spectrum,5928,3949615680,512,1,8,63,0a706c4d,49.376801274949685,0,92,30.29296875
spectrum,5929,3950256480,512,1,8,62,57a73a0c,49.38478418905288,0,86,29.228515625
spectrum,5930,3950896480,512,1,8,63,caa87299,49.39280110702384,0,91,30.328125
spectrum,5931,3951615680,512,1,8,63,197bf855,49.40182829706464,0,93,31.037109375
spectrum,5932,3952256480,512,1,8,63,5e44d79a,49.40979361801874,0,95,31.037109375
spectrum,5933,3952897760,512,1,8,62,36b726d2,49.418644143035635,0,94,30.896484375
spectrum,5934,3953616000,512,1,8,63,2a6a3b26,49.42680385103449,0,94,31.623046875
spectrum,5935,3954257440,512,1,8,61,a4df02ae,49.435624590027146,0,91,29.90625
spectrum,5936,3954896560,512,1,8,61,edd030d9,49.44279441598337,0,94,29.279296875
spectrum,5937,3955615680,512,1,8,35,7515027c,49.45268401701469,0,122,38.779296875
spectrum,5938,3956257600,512,1,8,62,3d5faa6f,49.46061982202809,0,91,30.58203125
spectrum,5939,3956896480,512,1,8,72,5d29a085,49.46787132206373,0,116,40.169921875
spectrum,5940,3957615680,512,1,8,72,35d96abd,49.476810746011324,0,113,41.443359375
spectrum,5941,3958256480,512,1,8,30,cc42f1c3,49.48483924602624,0,124,29.55859375
spectrum,5942,3958896480,512,1,8,72,e1a53859,49.4936343570007,0,109,39.330078125
spectrum,5943,3959615680,512,1,8,37,d0b8b080,49.50183633505367,0,123,29.841796875
spectrum,5944,3960256480,512,1,8,62,b4aecef7,49.50978535495233,0,96,30.59375
spectrum,5945,3960897760,512,1,8,64,5e1c0f5d,49.518657851964235,0,92,31.884765625
spectrum,5946,3961616000,512,1,8,72,110bc047,49.52685509098228,0,125,38.625
spectrum,5947,3962258720,512,1,8,61,21c27546,49.535642878036015,0,92,29.94140625
spectrum,5948,3962896560,512,1,8,63,ec5bf073,49.54280962795019,0,94,31.30859375
spectrum,5949,3963615680,512,1,8,63,75347029,49.55180986598134,0,93,32.701171875
spectrum,5950,3964258080,512,1,8,72,1d32865d,49.56059762299992,0,114,38.87109375
spectrum,5951,3964896880,512,1,8,64,12877f6e,49.56782271305565,0,100,33.095703125
spectrum,5952,3965616000,512,1,8,61,24c44872,49.57680026895832,0,91,29.361328125
spectrum,5953,3966256800,512,1,8,62,5b6291c0,49.58481045404915,0,90,30.427734375
spectrum,5954,3966896800,512,1,8,37,0ace918b,49.59281879698392,0,123,30.013671875
spectrum,5955,3967616000,512,1,8,65,e6e4e7f8,49.60180143197067,0,101,33.025390625
spectrum,5956,3968256800,512,1,8,60,92109ecc,49.609859418007545,0,89,29.330078125
spectrum,5957,3968912560,512,1,8,63,81598eae,49.61865732399747,0,97,30.994140625
spectrum,5958,3969615680,512,1,8,63,099b00c6,49.62681436701678,0,90,31.369140625
spectrum,5959,3970256480,512,1,8,62,51fcd2ce,49.635619146050885,0,97,30.51953125
spectrum,5960,3970897520,512,1,8,63,a1c0eb40,49.643606108031236,0,90,31.87890625
spectrum,5961,3971615680,512,1,8,62,1aea6f9b,49.65184005605988,0,91,31.650390625
spectrum,5962,3972257760,512,1,8,65,38222169,49.66063079901505,0,97,32.3359375
spectrum,5963,3972896880,512,1,8,63,b6f02dc4,49.66788723797072,0,100,30.408203125
spectrum,5964,3973616000,512,1,8,62,6f6a9032,49.67679853900336,0,95,30.703125
spectrum,5965,3974256800,512,1,8,64,cfe79e7e,49.68481319199782,0,96,33.177734375
spectrum,5966,3974896800,512,1,8,64,97746afb,49.692816053982824,0,96,32.443359375
spectrum,5967,3975616000,512,1,8,72,0505b95f,49.70265310595278,0,112,39.455078125
spectrum,5968,3976256560,512,1,8,31,6b679757,49.70980164106004,0,130,26.8125
spectrum,5969,3976896480,512,1,8,64,bcf4a5c5,49.71866938902531,0,98,32.775390625
spectrum,5970,3977616000,512,1,8,63,1e96d173,49.727592441951856,0,94,32.537109375
spectrum,5971,3978256560,512,1,8,63,17b75f50,49.73480505798943,0,96,31.71484375
spectrum,5972,3978897760,512,1,8,63,9ccf95d1,49.74358889798168,0,94,30.30859375
spectrum,5973,3979616000,512,1,8,63,1ffd94d0,49.75180221803021,0,95,30.609375
spectrum,5974,3980258640,512,1,8,61,b6cd44ae,49.760631363024004,0,90,30.142578125
spectrum,5975,3980896560,512,1,8,72,26628385,49.76785581198055,0,110,39.34375
spectrum,5976,3981615680,512,1,8,63,84066dd4,49.77681075502187,0,96,30.1484375
spectrum,5977,3982256480,512,1,8,61,c90a1bbd,49.78479808697011,0,94,30.54296875
spectrum,5978,3982896480,512,1,8,64,a45fe6e1,49.79278920602519,0,96,31.248046875
spectrum,5979,3983615680,512,1,8,62,23130e29,49.8018216160126,0,90,31.376953125
spectrum,5980,3984256480,512,1,8,62,59152952,49.80981133203022,0,94,30.544921875
spectrum,5981,3984896480,512,1,8,64,6e1e7b21,49.81783694704063,0,95,32.345703125
spectrum,5982,3985616960,512,1,8,31,256b368d,49.8276594519848,0,131,27.859375
spectrum,5983,3986257280,512,1,8,64,7a1d9ff6,49.83562658599112,0,103,31.94921875
spectrum,5984,3986898720,512,1,8,63,9ea1b236,49.8436150100315,41,135,84.564453125
spectrum,5985,3987616000,512,1,8,61,3b2b51cb,49.8518314959947,0,92,29.572265625
spectrum,5986,3988256800,512,1,8,72,cf71b904,49.86060536606237,0,116,40.44140625
spectrum,5987,3988897520,512,1,8,63,ee63cdde,49.8686216030037,0,94,32.318359375
spectrum,5988,3989615680,512,1,8,61,c2134b94,49.87679401598871,0,94,30.28515625
spectrum,5989,3990256480,512,1,8,63,2fbf0e6b,49.88481255702209,0,95,32.306640625
spectrum,5990,3990897760,512,1,8,62,e1f1a6c0,49.89358773001004,0,93,30.421875
spectrum,5991,3991616000,512,1,8,72,780f8316,49.901861043064855,0,114,38.943359375
spectrum,5992,3992256800,512,1,8,65,33b5d8e0,49.90982791699935,0,101,34.462890625
spectrum,5993,3992896800,512,1,8,65,bfabdd84,49.91784149897285,0,100,34.580078125
spectrum,5994,3993616320,512,1,8,63,816b126d,49.92761354800314,0,92,30.703125
spectrum,5995,3994256880,512,1,8,62,0154815e,49.934840059955604,0,95,31.3203125
spectrum,5996,3994898720,512,1,8,29,e02185ea,49.943635632051155,0,119,30.921875
spectrum,5997,3995616000,512,1,8,65,686b5209,49.9518287939718,0,107,33.763671875
spectrum,5998,3996256480,512,1,8,65,058ce4f4,49.959829600993544,0,96,33.748046875
spectrum,5999,3996897760,512,1,8,62,4124bc87,49.96865388704464,0,102,30.712890625
spectrum,6000,3997616000,512,1,8,62,0d38c18e,49.97683466505259,0,95,30.345703125
spectrum,6001,3998256800,512,1,8,62,66d6304e,49.984791390015744,0,89,30.1875
spectrum,6002,3998896800,512,1,8,37,da1b062e,49.992802898050286,0,120,30.166015625
spectrum,6003,3999616000,512,1,8,63,87655f76,50.001805030042306,0,100,31.533203125
spectrum,6004,4000256800,512,1,8,66,174c925d,50.009801369044,0,109,33.1015625
spectrum,6005,4000896800,512,1,8,62,f35d1cb1,50.0178113640286,0,95,30.654296875
spectrum,6006,4001616000,512,1,8,65,73c20229,50.02767047798261,0,103,33.0703125
spectrum,6007,4002257920,512,1,8,31,08ec2ce3,50.035640708054416,0,121,30.53125
spectrum,6008,4002897200,512,1,8,31,54617ba0,50.042839879053645,0,126,30.419921875
spectrum,6009,4003616320,512,1,8,63,56fbe16a,50.05264348699711,0,95,32.017578125
spectrum,6010,4004257920,512,1,8,64,41279565,50.060607495950535,0,95,31.349609375
spectrum,6011,4004897680,512,1,8,72,f567001f,50.06863275996875,0,108,40.662109375
spectrum,6012,4005616000,512,1,8,62,ad3e5c35,50.07679843902588,0,94,30.3125
spectrum,6013,4006256800,512,1,8,63,aa75efa7,50.08479598106351,0,92,30.212890625
spectrum,6014,4006896800,512,1,8,63,ee40ae96,50.09282293799333,0,92,29.654296875
spectrum,6015,4007616000,512,1,8,61,167c004b,50.10181114403531,0,88,29.021484375
spectrum,6016,4008256800,512,1,8,72,f46462da,50.10981511801947,0,113,38.974609375
spectrum,6017,4008896800,512,1,8,61,1d1242df,50.11786474799737,0,87,30.189453125
spectrum,6018,4009616000,512,1,8,72,c7177cdc,50.12684628099669,0,117,39.72265625
spectrum,6019,4010257440,512,1,8,64,74ece55c,50.13563876703847,0,101,32.380859375
spectrum,6020,4010896560,512,1,8,64,81bc5ed7,50.14283471205272,0,103,33.263671875
spectrum,6021,4011616320,512,1,8,63,7cc77803,50.152675410034135,0,99,31.599609375
spectrum,6022,4012256880,512,1,8,66,d9d0ca2e,50.159813606063835,0,108,34.234375
spectrum,6023,4012896800,512,1,8,62,d1c25c83,50.16877072304487,0,95,29.80859375
spectrum,6024,4013616000,512,1,8,63,e9ed7c11,50.1776042659767,0,100,32.484375
spectrum,6025,4014256480,512,1,8,37,6336743d,50.184824227006175,0,131,31.69921875
spectrum,6026,4014896480,512,1,8,62,46ab392e,50.192797041963786,0,91,29.263671875
spectrum,6027,4015615680,512,1,8,31,de055541,50.20183441997506,0,128,29.201171875
spectrum,6028,4016256480,512,1,8,64,999c28ab,50.20980067295022,0,95,31.546875
spectrum,6029,4016896480,512,1,8,62,5d5d0f1e,50.21782983397134,0,93,31.037109375
spectrum,6030,4017615680,512,1,8,62,7b8d2e41,50.22681853105314,0,97,30.5234375
spectrum,6031,4018257760,512,1,8,30,8918cdd3,50.235644179047085,0,126,30.115234375
spectrum,6032,4018897440,512,1,8,62,77f3000e,50.24362708302215,0,91,31.98046875
spectrum,6033,4019616640,512,1,8,72,6132063c,50.25261992798187,0,120,39.419921875
spectrum,6034,4020257520,512,1,8,72,1a92137c,50.259794643032365,0,111,40.2734375
spectrum,6035,4020896800,512,1,8,63,6da0e1c4,50.26785211695824,0,93,31.17578125
spectrum,6036,4021616000,512,1,8,64,197ec513,50.27765529497992,0,99,31.326171875
spectrum,6037,4022257760,512,1,8,61,3c394db0,50.28564273798838,0,93,30.10546875
spectrum,6038,4022896880,512,1,8,61,0deb3820,50.29279843706172,0,91,29.623046875
spectrum,6039,4023616000,512,1,8,72,ef807cca,50.30183245905209,0,111,38.5
spectrum,6040,4024259920,512,1,8,63,463ffbd3,50.31063495401759,0,92,30.66796875
spectrum,6041,4024896800,512,1,8,38,a3d80123,50.31783420499414,0,123,30.78515625
spectrum,6042,4025616000,512,1,8,64,b2d02c67,50.32682396401651,0,102,32.671875
spectrum,6043,4026258080,512,1,8,31,8ada6203,50.335639302036725,0,130,28.421875
spectrum,6044,4026896560,512,1,8,62,18a63e3a,50.34279923897702,0,87,29.70703125
spectrum,6045,4027615680,512,1,8,29,f26157cd,50.3526457590051,0,123,31.333984375
spectrum,6046,4028257520,512,1,8,64,527b6a3c,50.36062547704205,0,96,32.955078125
spectrum,6047,4028896560,512,1,8,63,29a6b1c0,50.36784359405283,0,100,29.66015625
spectrum,6048,4029616320,512,1,8,62,fed8726f,50.3776155320229,0,91,30.62890625
spectrum,6049,4030256880,512,1,8,37,dcce930d,50.38484888803214,0,125,29.111328125
spectrum,6050,4030896800,512,1,8,31,309d6f0a,50.39280535199214,0,127,30.27734375
spectrum,6051,4031616000,512,1,8,64,30cce249,50.401818144950084,0,103,32.130859375
spectrum,6052,4032256800,512,1,8,65,ce4192b9,50.40979944495484,0,102,34.091796875
spectrum,6053,4032896800,512,1,8,63,56876824,50.41784510796424,0,97,31.5390625
spectrum,6054,4033616000,512,1,8,63,c4bf9d23,50.42681489896495,0,98,32.650390625
spectrum,6055,4034256800,512,1,8,62,c653e5bf,50.43566583504435,0,95,30.220703125
spectrum,6056,4034897520,512,1,8,64,d367e06a,50.443623802042566,0,98,32.072265625
spectrum,6057,4035616000,512,1,8,31,26a9333a,50.45183846401051,0,124,30.654296875
spectrum,6058,4036257680,512,1,8,62,2cf2e551,50.46062076999806,0,94,30.3984375
spectrum,6059,4036896880,512,1,8,63,85523aba,50.46795486705378,0,94,31.8203125
spectrum,6060,4037616640,512,1,8,63,e66899ca,50.47771817899775,0,98,32.123046875
spectrum,6061,4038257520,512,1,8,61,f23e7240,50.48482624802273,0,87,29.587890625
spectrum,6062,4038896800,512,1,8,64,b8f3e06b,50.492814842029475,0,99,32.580078125
spectrum,6063,4039616000,512,1,8,72,308fa4a2,50.50181783596054,0,109,39.634765625
spectrum,6064,4040256800,512,1,8,37,e80955bc,50.50982235104311,0,129,28.9375
spectrum,6065,4040896800,512,1,8,63,728f8c7b,50.51781785895582,0,95,31.056640625
spectrum,6066,4041616000,512,1,8,63,25400300,50.526820502011105,0,95,31.734375
spectrum,6067,4042256800,512,1,8,72,3ef3a1fa,50.5348240849562,0,116,39.888671875
spectrum,6068,4042896800,512,1,8,65,96ff3560,50.543639724026434,0,95,32.2109375
spectrum,6069,4043616000,512,1,8,62,48a2f684,50.552516218973324,0,93,30.486328125
spectrum,6070,4044261360,512,1,8,61,018336b5,50.56066134001594,0,91,30.087890625
spectrum,6071,4044896560,512,1,8,63,f826d65c,50.56787778297439,0,98,31.197265625
spectrum,6072,4045615680,512,1,8,62,0ff26836,50.57767136301845,0,90,30.29296875
spectrum,6073,4046257840,512,1,8,72,f86bb9ef,50.585648376028985,0,113,40.095703125
spectrum,6074,4046896560,512,1,8,62,e06c3cb4,50.592822970007546,0,94,31.08203125
spectrum,6075,4047615680,512,1,8,62,8f48d2af,50.602653129026294,0,92,30.244140625
spectrum,6076,4048257520,512,1,8,63,df7ecac5,50.61062315898016,0,107,32.099609375
spectrum,6077,4048896480,512,1,8,61,5a2581b3,50.6178601810243,0,91,29.314453125
spectrum,6078,4049615680,512,1,8,61,7d3ab62e,50.626813580980524,0,88,29.615234375
spectrum,6079,4050256480,512,1,8,63,d01aac7d,50.63481766497716,0,96,30.95703125
spectrum,6080,4050898640,512,1,8,63,8ed17f56,50.64362160197925,0,93,31.857421875
spectrum,6081,4051616000,512,1,8,72,13918db6,50.6518433180172,0,118,38.60546875
spectrum,6082,4052256480,512,1,8,29,35faae1b,50.66065616195556,0,124,31.3515625
spectrum,6083,4052897520,512,1,8,64,b3c5c357,50.667894907994196,0,101,32.173828125
spectrum,6084,4053615680,512,1,8,64,998e0630,50.67684917000588,0,93,31.353515625
spectrum,6085,4054257760,512,1,8,37,600fd21e,50.68561890197452,0,110,33.462890625
spectrum,6086,4054896880,512,1,8,62,407748f9,50.693615071009845,0,97,28.9140625
spectrum,6087,4055616000,512,1,8,31,4e7ab03b,50.70181393402163,0,121,31.78125
spectrum,6088,4056256480,512,1,8,64,b90f7f5b,50.70984575001057,0,101,31.74609375
spectrum,6089,4056896480,512,1,8,62,9ed84add,50.71786901005544,0,88,30.021484375
spectrum,6090,4057615680,512,1,8,72,c8688ca3,50.726858459063806,0,125,40.4765625
spectrum,6091,4058256480,512,1,8,63,6b3d02e4,50.734846121049486,0,92,30.994140625
spectrum,6092,4058896480,512,1,8,63,b29f28f1,50.74362465098966,0,101,31.08203125
spectrum,6093,4059616000,512,1,8,60,346dd5d6,50.75191278196871,0,90,29.115234375
spectrum,6094,4060256480,512,1,8,62,54c13101,50.75983997003641,0,91,30.216796875
spectrum,6095,4060897760,512,1,8,61,8a8558ec,50.76866489695385,0,90,29.3203125
spectrum,6096,4061616000,512,1,8,65,ccb6a2fb,50.776821690029465,0,96,32.990234375
spectrum,6097,4062257440,512,1,8,60,71b74b63,50.78566388995387,0,93,28.087890625
spectrum,6098,4062896560,512,1,8,63,7ad133a6,50.792840267997235,0,93,31.501953125
spectrum,6099,4063615680,512,1,8,63,6869b5f9,50.80182353395503,0,93,32.0078125
spectrum,6100,4064256480,512,1,8,63,0a63c4c6,50.809865901013836,0,97,31.61328125
spectrum,6101,4064899920,512,1,8,72,7e904054,50.81865453906357,0,116,39.859375
spectrum,6102,4065615680,512,1,8,72,01eee078,50.82685041602235,0,117,40.681640625
spectrum,6103,4066256480,512,1,8,59,f16de182,50.83483856997918,0,98,28.244140625
spectrum,6104,4066896480,512,1,8,63,87421786,50.84284703200683,0,95,29.990234375
spectrum,6105,4067616640,512,1,8,65,0e568a5f,50.85263218602631,0,98,32.87890625
spectrum,6106,4068256880,512,1,8,62,0df9c095,50.85983315005433,0,93,31.953125
spectrum,6107,4068897440,512,1,8,64,b1c3a9f4,50.86864095402416,0,98,33.271484375
spectrum,6108,4069615680,512,1,8,63,bb7fef0d,50.876844034995884,0,93,30.6796875
spectrum,6109,4070256480,512,1,8,36,2543d8e0,50.885672888951376,0,120,36.673828125
spectrum,6110,4070897600,512,1,8,29,de00c4a3,50.89282452000771,0,122,29.640625
spectrum,6111,4071615680,512,1,8,63,2b0438d7,50.9018433339661,0,96,32.357421875
spectrum,6112,4072256480,512,1,8,63,2ec68d47,50.910662951064296,0,92,31.232421875
spectrum,6113,4072897600,512,1,8,61,47d6c66e,50.917847975040786,0,91,28.517578125
spectrum,6114,4073615680,512,1,8,64,19aa6037,50.92684432701208,0,97,32.044921875
spectrum,6115,4074256480,512,1,8,63,8fff19b2,50.93485434202012,0,90,30.859375
spectrum,6116,4074896480,512,1,8,63,7d940ed3,50.94286697206553,0,101,30.607421875
spectrum,6117,4075616320,512,1,8,39,547c9aea,50.9526631369954,0,125,40.478515625
spectrum,6118,4076256880,512,1,8,63,534f42a5,50.95983803202398,0,101,32.837890625
spectrum,6119,4076896800,512,1,8,29,f42e98a9,50.96867596299853,0,129,27.54296875
spectrum,6120,4077616000,512,1,8,61,9e9f381c,50.97685518802609,0,92,30.353515625
spectrum,6121,4078256480,512,1,8,62,547e1b33,50.9848545830464,0,94,30.98828125
spectrum,6122,4078897760,512,1,8,72,2fc3148a,50.993612903985195,0,117,39.685546875
spectrum,6123,4079616000,512,1,8,63,1d578d19,51.00188680901192,0,100,30.50390625
spectrum,6124,4080256800,512,1,8,63,83a7d5a9,51.00983314297628,0,90,31.23046875
spectrum,6125,4080896800,512,1,8,64,ae0314ba,51.01785775600001,0,95,32.3359375
spectrum,6126,4081616000,512,1,8,63,8fe67d16,51.026832606992684,0,103,32.025390625
spectrum,6127,4082256800,512,1,8,62,afa2c239,51.03484375402331,0,94,30.76953125
spectrum,6128,4082896800,512,1,8,63,65a51b02,51.04282492399216,0,95,31.82421875
spectrum,6129,4083616640,512,1,8,62,96093529,51.05268520000391,0,99,31.142578125
spectrum,6130,4084257520,512,1,8,61,a182c4a1,51.059830068959855,0,93,29.771484375
spectrum,6131,4084900240,512,1,8,64,f8a9f5a4,51.06868077395484,0,94,31.666015625
spectrum,6132,4085616320,512,1,8,64,26d7d295,51.07762524695136,0,95,33.232421875
spectrum,6133,4086256560,512,1,8,36,7210b885,51.08484199200757,0,132,29.361328125
spectrum,6134,4086897760,512,1,8,62,415330aa,51.09362246398814,0,92,29.525390625
spectrum,6135,4087616000,512,1,8,62,d786ac9a,51.101842115982436,0,96,30.85546875
spectrum,6136,4088256800,512,1,8,62,9b5b52c7,51.10981240600813,0,94,30.80859375
spectrum,6137,4088896800,512,1,8,31,5b837a8b,51.11784645705484,0,126,30.568359375
spectrum,6138,4089616000,512,1,8,62,a9d28d52,51.126826917985454,0,95,31.4453125
spectrum,6139,4090256800,512,1,8,61,2b870ba7,51.13484398601577,0,91,29.466796875
spectrum,6140,4090896800,512,1,8,61,a73f1ef4,51.14281501795631,0,90,29.947265625
spectrum,6141,4091616000,512,1,8,72,29ae5201,51.15265907300636,0,112,39.275390625
spectrum,6142,4092257520,512,1,8,39,ee980997,51.15986277197953,0,132,30.18359375
spectrum,6143,4092896480,512,1,8,65,9b4faaa5,51.167831078055315,0,103,33.7109375
spectrum,6144,4093616320,512,1,8,64,0dd0eeb8,51.17763238295447,0,98,32.44140625
spectrum,6145,4094256880,512,1,8,64,8bec018d,51.184835089952685,0,99,33.158203125
spectrum,6146,4094896800,512,1,8,36,2bc06ce8,51.193643535953015,0,125,37.205078125
spectrum,6147,4095616000,512,1,8,65,cc427244,51.202678360044956,0,92,33.16796875
spectrum,6148,4096257280,512,1,8,72,257f7721,51.20985090103932,0,120,39.203125
spectrum,6149,4096896480,512,1,8,31,aeb91cf6,51.21785674802959,0,130,28.90625
spectrum,6150,4097615680,512,1,8,72,06fa95db,51.226841307012364,0,110,39.0859375
spectrum,6151,4098256480,512,1,8,63,c8426e74,51.23483902902808,0,97,31.173828125
spectrum,6152,4098896480,512,1,8,72,1c86c561,51.243657003040425,0,125,39.1796875
spectrum,6153,4099616000,512,1,8,72,d9b85ee4,51.25264157203492,0,122,39.625
spectrum,6154,4100257520,512,1,8,30,aa9172e5,51.260628342977725,0,119,29.94140625
spectrum,6155,4100897760,512,1,8,31,daff506f,51.268668896052986,0,126,29.9296875
spectrum,6156,4101616640,512,1,8,40,d3d0ccbb,51.277637624996714,0,117,39.466796875
spectrum,6157,4102257200,512,1,8,37,aae38606,51.28484966000542,0,101,29.05859375
spectrum,6158,4102896800,512,1,8,63,1cfea120,51.29283009900246,0,90,30.388671875
spectrum,6159,4103616000,512,1,8,64,22a0f3b4,51.30267134902533,0,100,32.173828125
spectrum,6160,4104256560,512,1,8,37,12aa2ebe,51.30985626298934,0,127,28.6875
spectrum,6161,4104899920,512,1,8,61,84afb1a0,51.3178453190485,0,90,29.68359375
spectrum,6162,4105615680,512,1,8,62,ff9fc70d,51.326860825996846,0,89,30.28125
spectrum,6163,4106256480,512,1,8,64,603df3cc,51.334852706990205,0,105,33.00390625
spectrum,6164,4106896480,512,1,8,63,ce6537ed,51.34281983098481,0,90,30.373046875
spectrum,6165,4107615680,512,1,8,31,5deafcd8,51.35171672399156,0,130,27.76953125
spectrum,6166,4108184880,512,1,8,62,f39be43e,51.35964556504041,0,93,31.361328125
spectrum,6167,4108816880,512,1,8,63,d02a99df,51.36684214195702,0,95,30.798828125
spectrum,6168,4109536000,512,1,8,61,349560de,51.376690524979495,0,88,28.326171875
spectrum,6169,4110177520,512,1,8,62,d30bb841,51.38464554597158,0,93,29.947265625
spectrum,6170,4110816560,512,1,8,62,d22ef06a,51.391831442015246,0,96,29.900390625
spectrum,6171,4111536320,512,1,8,72,d77e774d,51.40166626905557,0,115,40.552734375
spectrum,6172,4112176880,512,1,8,72,912181cc,51.408856163034216,0,120,38.013671875
spectrum,6173,4112816800,512,1,8,72,59a75afa,51.4168470420409,0,115,38.845703125
spectrum,6174,4113536000,512,1,8,64,c6ff62b9,51.42582915595267,0,97,31.91796875
spectrum,6175,4114176800,512,1,8,63,552d77d9,51.43383084598463,0,93,30.953125
spectrum,6176,4114816800,512,1,8,63,9d555f11,51.441812056000344,0,96,31.017578125
spectrum,6177,4115536000,512,1,8,63,654cad5b,51.4508307200158,0,98,32.466796875
spectrum,6178,4116176800,512,1,8,72,74e5284d,51.45965732994955,0,116,39.81640625
spectrum,6179,4116817520,512,1,8,63,39ca80eb,51.46768869506195,0,101,32.4765625
spectrum,6180,4117535680,512,1,8,40,ed2d9ef5,51.475839967955835,0,123,35.189453125
spectrum,6181,4118177760,512,1,8,61,f075b96e,51.48467164696194,0,94,29.091796875
spectrum,6182,4118816880,512,1,8,65,cd817869,51.491849096957594,0,97,31.81640625
spectrum,6183,4119536640,512,1,8,63,7d530123,51.501633548992686,0,96,31.5078125
spectrum,6184,4120177440,512,1,8,39,ba333a5a,51.50885229697451,0,126,31.958984375
spectrum,6185,4120816800,512,1,8,62,359c7887,51.51685842499137,0,92,31.26171875
spectrum,6186,4121536000,512,1,8,61,453b009b,51.52569137699902,0,90,29.763671875
spectrum,6187,4122176800,512,1,8,72,218e9e1a,51.53383338195272,0,112,38.54296875
spectrum,6188,4122816800,512,1,8,72,0984cc14,51.542660563020036,0,117,39.8515625
spectrum,6189,4123536000,512,1,8,60,abcefc5e,51.55083889700472,0,93,28.841796875
spectrum,6190,4124176480,512,1,8,72,4fd176fa,51.55883520597126,0,110,39.3984375
spectrum,6191,4124817760,512,1,8,63,65ece953,51.56767076300457,0,95,32.435546875
spectrum,6192,4125536000,512,1,8,63,5c172653,51.57587612804491,0,92,30.705078125
spectrum,6193,4126177760,512,1,8,38,cd19f8c4,51.584659005049616,0,127,39.484375
spectrum,6194,4126816560,512,1,8,44,ccfa1e66,51.591840693028644,0,131,19.53515625
spectrum,6195,4127536320,512,1,8,72,36ab68c1,51.60164525406435,0,115,40.421875
spectrum,6196,4128177280,512,1,8,64,946fb4b7,51.60885652701836,0,94,31.03515625
spectrum,6197,4128816480,512,1,8,63,aae135b9,51.61682573496364,0,97,30.4375
spectrum,6198,4129535680,512,1,8,72,f0e612ae,51.6258514119545,0,111,39.876953125
spectrum,6199,4130176480,512,1,8,38,5cb14973,51.63382754300255,0,125,39.1640625
spectrum,6200,4130816480,512,1,8,63,9d32c85f,51.64184302906506,0,101,31.615234375
spectrum,6201,4131535680,512,1,8,63,59c0ffea,51.65083429997321,0,92,32.115234375
spectrum,6202,4132176480,512,1,8,62,ef5a0883,51.658832733053714,0,92,29.978515625
spectrum,6203,4132818640,512,1,8,63,a98f6521,51.66764778201468,0,92,31.521484375
spectrum,6204,4133536000,512,1,8,63,03d34c94,51.67582486302126,0,92,30.791015625
spectrum,6205,4134176800,512,1,8,29,38ce2997,51.684648087015375,0,124,30.71484375
spectrum,6206,4134817520,512,1,8,62,ed9cb481,51.691834202967584,0,99,30.318359375
spectrum,6207,4135535680,512,1,8,62,66877645,51.700835142983124,0,89,32.06640625
spectrum,6208,4136177760,512,1,8,63,aa56dea0,51.70966287504416,0,95,31.0
spectrum,6209,4136816880,512,1,8,61,f7b9e2ad,51.71681431599427,0,93,28.384765625
spectrum,6210,4137536000,512,1,8,72,3bc7fe38,51.72583430202212,0,110,39.578125
spectrum,6211,4138176800,512,1,8,72,219444df,51.73386311298236,0,119,40.0
spectrum,6212,4138816800,512,1,8,62,08369ffa,51.741854642983526,0,89,29.873046875
spectrum,6213,4139536000,512,1,8,65,4e84d4c0,51.75085409998428,0,99,32.837890625
spectrum,6214,4140176800,512,1,8,62,43d99723,51.758834218024276,0,90,30.4140625
spectrum,6215,4140816800,512,1,8,63,9571d402,51.76766435499303,0,94,31.73828125
spectrum,6216,4141536000,512,1,8,72,2c91cf49,51.775836477056146,0,111,38.7890625
spectrum,6217,4142176560,512,1,8,72,c0cc06b0,51.78388323204126,0,113,40.58984375
spectrum,6218,4142817760,512,1,8,63,ae84c6cc,51.792668833979405,0,97,31.119140625
spectrum,6219,4143536000,512,1,8,63,9835303b,51.80083225900307,0,99,30.359375
spectrum,6220,4144177360,512,1,8,64,07833882,51.80964749795385,0,99,31.458984375
spectrum,6221,4144816560,512,1,8,39,d882febc,51.81670926895458,0,131,30.849609375
spectrum,6222,4145536320,512,1,8,62,7731465d,51.82583779003471,0,95,29.34765625
spectrum,6223,4146176880,512,1,8,64,9c13078b,51.8338903960539,0,95,32.640625
spectrum,6224,4146816800,512,1,8,39,313b5a0e,51.84170743601862,0,128,31.677734375
spectrum,6225,4147536000,512,1,8,63,534528a9,51.85087667405605,0,95,31.162109375
spectrum,6226,4148176800,512,1,8,63,5f7e3025,51.859686702955514,0,97,31.806640625
spectrum,6227,4148817840,512,1,8,66,9cd8e5cd,51.86768183996901,0,104,34.634765625
spectrum,6228,4149536320,512,1,8,64,c9308429,51.876639749039896,0,100,31.69921875
spectrum,6229,4150176880,512,1,8,61,faa0685b,51.88468749495223,0,93,30.421875
spectrum,6230,4150817920,512,1,8,65,0e786736,51.89266203297302,0,97,32.642578125
spectrum,6231,4151536000,512,1,8,63,eb626ead,51.90083980595227,0,96,31.35546875
spectrum,6232,4152176800,512,1,8,72,e925352e,51.909660113975406,0,122,39.392578125
spectrum,6233,4152817600,512,1,8,72,36922397,51.91767097101547,0,110,39.083984375
spectrum,6234,4153535680,512,1,8,62,2c225c59,51.925718105980195,0,94,29.42578125
spectrum,6235,4154176480,512,1,8,62,371da2b3,51.9338705400005,0,92,30.10546875
spectrum,6236,4154816480,512,1,8,63,6379af6c,51.94184584997129,0,93,30.220703125
spectrum,6237,4155535680,512,1,8,61,128cb624,51.95088087406475,0,92,30.16796875
spectrum,6238,4156176480,512,1,8,65,f4ed8c5c,51.958837418002076,0,99,32.10546875
spectrum,6239,4156816480,512,1,8,64,8377ab3c,51.96685778303072,0,96,32.56640625
spectrum,6240,4157536320,512,1,8,72,69603ee8,51.976646002032794,0,114,39.783203125
spectrum,6241,4158176880,512,1,8,61,ea2f39cf,51.983866594033316,0,98,29.9765625
spectrum,6242,4158816800,512,1,8,30,050bf2f1,51.99266000103671,0,127,31.49609375
spectrum,6243,4159536000,512,1,8,63,0e09037a,52.00082908698823,0,93,31.37109375
spectrum,6244,4160176480,512,1,8,64,114be940,52.008712793001905,0,95,31.732421875
spectrum,6245,4160817760,512,1,8,63,480bc9b1,52.01762672897894,0,99,30.953125
spectrum,6246,4161536000,512,1,8,48,3ab4fcb4,52.025855498039164,0,126,43.779296875
spectrum,6247,4162176800,512,1,8,72,ce8b19e1,52.03383177903015,0,117,39.90625
spectrum,6248,4162816800,512,1,8,64,60592da4,52.04169384401757,0,94,31.7109375
spectrum,6249,4163536000,512,1,8,62,b883ed0f,52.050881437025964,0,88,29.900390625
spectrum,6250,4164176800,512,1,8,62,c16162cf,52.05875065596774,0,87,28.5078125
spectrum,6251,4164816800,512,1,8,72,dd33f1a9,52.06686364603229,0,122,39.58203125
spectrum,6252,4165536640,512,1,8,30,5d6350b4,52.07585498702247,0,121,31.103515625
spectrum,6253,4166181280,512,1,8,31,5bf70393,52.08464101096615,0,130,29.828125
spectrum,6254,4166818160,512,1,8,62,4783950c,52.09264172799885,0,95,30.693359375
spectrum,6255,4167536000,512,1,8,60,1ac18f66,52.101660151034594,0,144,40.23046875
spectrum,6256,4168176560,512,1,8,64,f34f7090,52.10884189896751,0,99,31.716796875
spectrum,6257,4168753280,512,1,8,59,8ee8c93c,52.11668098100927,0,101,27.525390625
spectrum,6258,4169456000,512,1,8,62,5ca4becd,52.12483651097864,0,100,29.83984375
spectrum,6259,4170096800,512,1,8,62,f7bfb1fc,52.13285231695045,0,94,30.546875
spectrum,6260,4170736800,512,1,8,63,ef037e97,52.140856671961956,0,94,30.517578125
spectrum,6261,4171456000,512,1,8,62,3a76947f,52.149760366999544,0,100,31.166015625
spectrum,6262,4172096800,512,1,8,72,6b09f458,52.157868759008124,0,111,39.392578125
spectrum,6263,4172736800,512,1,8,61,983b2535,52.1658521030331,0,90,29.857421875
spectrum,6264,4173456000,512,1,8,63,de2a5c82,52.17474230402149,0,95,29.94140625
spectrum,6265,4174097360,512,1,8,65,b8b5fb7c,52.18370239599608,0,93,33.015625
spectrum,6266,4174736560,512,1,8,62,3d5dd1f5,52.190833278000355,0,90,30.466796875
spectrum,6267,4175456320,512,1,8,61,5e2850c8,52.19988812005613,0,95,29.46484375
spectrum,6268,4176096880,512,1,8,62,c2713238,52.20786324900109,0,93,30.642578125
spectrum,6269,4176736800,512,1,8,63,2e60054c,52.216674430062994,0,95,31.169921875
spectrum,6270,4177456000,512,1,8,62,e325dcff,52.224862101022154,0,95,28.720703125
spectrum,6271,4178096480,512,1,8,39,c6f75225,52.2327111819759,0,130,32.234375
spectrum,6272,4178736480,512,1,8,62,3c3304ff,52.2407096150564,0,87,29.875
spectrum,6273,4179455680,512,1,8,72,2e0b119e,52.24982544197701,0,117,41.07421875
spectrum,6274,4180096480,512,1,8,61,8510ba3a,52.25867909297813,0,88,29.28515625
spectrum,6275,4180737600,512,1,8,64,e1cb9a67,52.26584410003852,0,100,31.921875
spectrum,6276,4181455680,512,1,8,72,5f2721c0,52.27487593796104,0,117,40.390625
spectrum,6277,4182097760,512,1,8,34,ca4a8d74,52.28370031400118,0,121,38.986328125
spectrum,6278,4182736880,512,1,8,62,b6340f8d,52.29083057504613,0,91,29.37890625
spectrum,6279,4183456640,512,1,8,38,2014db55,52.2998543579597,0,126,31.5234375
spectrum,6280,4184097440,512,1,8,65,191fd726,52.30786009505391,0,96,33.892578125
spectrum,6281,4184736800,512,1,8,60,85ee8ef6,52.31586994905956,0,91,29.8984375
spectrum,6282,4185456000,512,1,8,65,f08df163,52.32486576004885,0,97,32.88671875
spectrum,6283,4186096560,512,1,8,63,b5799a55,52.332875755033456,0,95,32.1875
spectrum,6284,4186742160,512,1,8,60,14de1307,52.34164118906483,0,124,41.37890625
spectrum,6285,4187456000,512,1,8,63,3b39caa0,52.34982970205601,0,94,32.478515625
spectrum,6286,4188096800,512,1,8,60,78283219,52.357723145978525,0,98,28.095703125
spectrum,6287,4188736800,512,1,8,62,af078a76,52.36584901099559,0,95,30.8203125
spectrum,6288,4189456000,512,1,8,39,1ceecfe7,52.374689557007514,0,130,32.2421875
spectrum,6289,4190106960,512,1,8,39,1b9d68ef,52.38367788295727,0,119,35.033203125
spectrum,6290,4190736640,512,1,8,66,3e3b7727,52.39087117300369,0,98,33.638671875
spectrum,6291,4191455680,512,1,8,63,c91c2d5d,52.40067372901831,0,93,31.076171875
spectrum,6292,4192097520,512,1,8,63,2f2ab526,52.40784080000594,0,95,31.578125
spectrum,6293,4192736560,512,1,8,62,1850188f,52.415892323013395,0,93,31.95703125
spectrum,6294,4193456320,512,1,8,38,62e8397d,52.42492322996259,0,127,31.716796875
spectrum,6295,4194096880,512,1,8,61,75d26e68,52.432846380979754,0,94,29.4140625
spectrum,6296,4194736800,512,1,8,62,103fb34f,52.44083336205222,0,91,29.361328125
spectrum,6297,4195456000,512,1,8,64,e8e1eb07,52.449851865065284,0,95,32.40234375
spectrum,6298,4196096800,512,1,8,62,07849fe4,52.45789206796326,0,91,31.927734375
spectrum,6299,4196736800,512,1,8,68,d8514472,52.46630928304512,0,116,35.791015625
spectrum,6300,4197456000,512,1,8,61,bcf7f801,52.47496175405104,0,88,30.626953125
spectrum,6301,4198096800,512,1,8,61,86ed18c4,52.4837041440187,0,95,30.12109375
spectrum,6302,4198737520,512,1,8,62,e87c8f3b,52.490858269971795,0,90,31.1796875
spectrum,6303,4199455680,512,1,8,60,ffb7929b,52.49989317404106,0,92,29.568359375
spectrum,6304,4200097760,512,1,8,62,98ab96b5,52.50787780096289,0,96,30.76953125
spectrum,6305,4200736880,512,1,8,61,83a65e3b,52.515894619049504,0,90,30.0234375
spectrum,6306,4201456640,512,1,8,63,aa2116fc,52.524880971061066,0,96,30.896484375
spectrum,6307,4202097520,512,1,8,63,cdca1443,52.532851201016456,0,92,30.787109375
spectrum,6308,4202736800,512,1,8,61,c0647762,52.54084807203617,0,90,29.7265625
spectrum,6309,4203456000,512,1,8,61,f573b484,52.5497292149812,0,87,29.11328125
spectrum,6310,4204096800,512,1,8,63,2724c2df,52.557861601002514,0,93,32.37890625
spectrum,6311,4204736800,512,1,8,63,197c5fbc,52.56588070397265,0,94,30.986328125
spectrum,6312,4205456000,512,1,8,61,a84f3347,52.57475379202515,0,90,29.193359375
spectrum,6313,4206096800,512,1,8,61,be42ff1c,52.58285672299098,0,89,30.46484375
spectrum,6314,4206737440,512,1,8,61,14d9b81d,52.59169333195314,0,89,29.162109375
spectrum,6315,4207455680,512,1,8,61,8e45a024,52.599852429004386,0,88,29.298828125
spectrum,6316,4208098720,512,1,8,38,3cee3809,52.60869520902634,0,132,39.53515625
spectrum,6317,4208736880,512,1,8,60,67fc80a4,52.61573411698919,0,93,29.126953125
spectrum,6318,4209456000,512,1,8,64,ec743473,52.62569110596087,0,99,31.072265625
spectrum,6319,4210097520,512,1,8,61,e7e6d95f,52.63288037804887,0,91,29.921875
spectrum,6320,4210736560,512,1,8,61,7c4e5c90,52.64085223095026,0,89,29.880859375
spectrum,6321,4211455680,512,1,8,39,22ad6e5c,52.649860354023986,0,125,41.763671875
spectrum,6322,4212096480,512,1,8,63,c4806f7f,52.65772508503869,0,92,31.587890625
spectrum,6323,4212736480,512,1,8,60,25d148e9,52.66574137203861,0,94,29.09765625
spectrum,6324,4213455680,512,1,8,30,db9b32df,52.67474675003905,0,122,31.412109375
spectrum,6325,4214096480,512,1,8,63,02dac0dc,52.68284236697946,0,96,32.373046875
spectrum,6326,4214736480,512,1,8,31,e3ef0b79,52.69168811303098,0,120,31.84375
spectrum,6327,4215456320,512,1,8,61,e81fac23,52.69985459395684,0,90,29.49609375
spectrum,6328,4216096880,512,1,8,29,d2f19404,52.7086552149849,0,123,30.69140625
spectrum,6329,4216737520,512,1,8,63,a56164a9,52.71586134901736,0,94,32.802734375
spectrum,6330,4217455680,512,1,8,65,7aea2dc2,52.72489325795323,0,104,32.712890625
spectrum,6331,4218097760,512,1,8,63,8cc46c1d,52.73288331495132,0,95,30.970703125
spectrum,6332,4218736880,512,1,8,62,bf789f22,52.74084611097351,0,94,31.015625
spectrum,6333,4219456000,512,1,8,62,b1a20c6a,52.74974308395758,0,89,30.90234375
spectrum,6334,4220096800,512,1,8,61,43b40c85,52.757854921976104,0,90,29.13671875
spectrum,6335,4220736800,512,1,8,62,a3f1e567,52.7657245809678,0,92,30.693359375
spectrum,6336,4221456000,512,1,8,64,14227700,52.77718707895838,0,96,32.146484375
spectrum,6337,4222096800,512,1,8,63,201cf21e,52.78288118203636,0,95,32.28125
spectrum,6338,4222736800,512,1,8,61,0e82ff21,52.791683144983836,0,90,28.845703125
spectrum,6339,4223456000,512,1,8,60,50a53303,52.79987980402075,0,96,30.3125
spectrum,6340,4224096480,512,1,8,72,36845d24,52.8078451739857,0,109,39.666015625
spectrum,6341,4224737760,512,1,8,62,1bb0c31a,52.8166718139546,0,90,30.8046875
spectrum,6342,4225456000,512,1,8,63,ac186155,52.82485869398806,0,93,31.25
spectrum,6343,4226097760,512,1,8,63,2bc55f45,52.8328791790409,0,97,31.765625
spectrum,6344,4226736880,512,1,8,32,95c59059,52.84079243103042,0,130,30.994140625
spectrum,6345,4227456000,512,1,8,63,c198d143,52.849954596022144,0,98,32.689453125
spectrum,6346,4228099920,512,1,8,63,4b2013b2,52.85786619503051,0,97,30.5859375
spectrum,6347,4228736800,512,1,8,63,1942aa71,52.86577297502663,0,93,30.298828125
spectrum,6348,4229456000,512,1,8,17,87aef2c4,52.87570495600812,0,126,35.37890625
spectrum,6349,4230097920,512,1,8,37,f7aae604,52.8828810530249,0,119,34.83984375
spectrum,6350,4230736480,512,1,8,63,c1efd6e0,52.8907512340229,0,91,31.390625
spectrum,6351,4231456640,512,1,8,29,e6fcff73,52.900692602968775,0,120,30.11328125
spectrum,6352,4232097840,512,1,8,63,d72fefa1,52.90785488404799,0,93,30.92578125
spectrum,6353,4232737520,512,1,8,61,a652a437,52.91588230198249,0,93,29.51953125
spectrum,6354,4233455680,512,1,8,63,cdef9cec,52.92475242505316,0,91,31.279296875
spectrum,6355,4234096480,512,1,8,62,69b2a50d,52.93366743205115,0,94,30.650390625
spectrum,6356,4234737600,512,1,8,61,8d942da3,52.940867985016666,0,88,30.421875
spectrum,6357,4235455680,512,1,8,72,30999b3c,52.94976986804977,0,115,39.541015625
spectrum,6358,4236096480,512,1,8,59,1e1ce408,52.95772037003189,0,95,28.7578125
spectrum,6359,4236736480,512,1,8,64,248cda42,52.965897371061146,0,95,33.8125
spectrum,6360,4237455680,512,1,8,64,1baf2c0d,52.97476427804213,0,93,31.705078125
spectrum,6361,4238096480,512,1,8,72,69e11341,52.98285939404741,0,109,38.96875
spectrum,6362,4238736480,512,1,8,61,f6850b93,52.99086803605314,0,90,29.080078125
spectrum,6363,4239456320,512,1,8,63,a8968167,52.999875908950344,0,96,30.607421875
spectrum,6364,4240096800,512,1,8,64,1389a5d2,53.00785391405225,0,96,32.650390625
spectrum,6365,4240736800,512,1,8,29,fea026b8,53.01669417996891,0,121,31.521484375
spectrum,6366,4241456000,512,1,8,61,eb0be68d,53.0248738960363,0,93,30.578125
spectrum,6367,4242096480,512,1,8,37,f79bc99b,53.03276149905287,0,124,29.962890625
spectrum,6368,4242737680,512,1,8,63,175f1124,53.041696634027176,0,96,32.0234375
spectrum,6369,4243456000,512,1,8,64,d026253e,53.0497369869845,0,102,33.46875
spectrum,6370,4244096800,512,1,8,63,af3d427c,53.05780251696706,0,89,31.068359375
spectrum,6371,4244736800,512,1,8,63,2db533b5,53.06587584200315,0,97,32.9765625
spectrum,6372,4245456000,512,1,8,64,7d8f8b40,53.07488142105285,0,95,31.458984375
spectrum,6373,4246096800,512,1,8,61,171a87ba,53.08275258296635,0,93,30.478515625
spectrum,6374,4246736800,512,1,8,61,cacf2fc2,53.09074265998788,0,89,29.763671875
spectrum,6375,4247456640,512,1,8,30,14529a72,53.1000149929896,0,130,24.79296875
spectrum,6376,4248101280,512,1,8,60,4ed4bd76,53.1086884039687,0,131,43.04296875
spectrum,6377,4248736640,512,1,8,63,52189e76,53.115735696977936,0,106,31.86328125
spectrum,6378,4249456640,512,1,8,64,e88f71a0,53.12489501701202,0,96,32.12890625
spectrum,6379,4250096880,512,1,8,61,8012ec55,53.13274819497019,0,90,31.134765625
spectrum,6380,4250737440,512,1,8,0,ca802b9a,53.14168615604285,0,131,30.611328125
spectrum,6381,4251456000,512,1,8,30,0b17ccbe,53.14971368398983,0,123,30.431640625
spectrum,6382,4252096480,512,1,8,62,1647d3d4,53.15773361804895,0,103,30.712890625
spectrum,6383,4252737760,512,1,8,39,1c588e51,53.16666489595082,0,127,39.6796875
spectrum,6384,4253456000,512,1,8,62,ae9eab9e,53.174926095991395,0,92,30.259765625
spectrum,6385,4254096800,512,1,8,62,dc20d933,53.1827874800656,0,98,31.333984375
spectrum,6386,4254736800,512,1,8,37,3acc3c9c,53.19084679801017,0,124,37.826171875
spectrum,6387,4255456000,512,1,8,64,bc06ae7f,53.200752350036055,0,93,31.939453125
spectrum,6388,4256097520,512,1,8,62,cfea2feb,53.20787308202125,0,98,31.86328125
spectrum,6389,4256736560,512,1,8,62,8154950b,53.215771837043576,0,96,30.943359375
spectrum,6390,4257456320,512,1,8,38,92c68fed,53.22488296497613,0,124,30.90625
spectrum,6391,4258096800,512,1,8,60,6f757a0e,53.23290696705226,0,101,28.95703125
spectrum,6392,4258736800,512,1,8,35,423b7621,53.24171153502539,0,122,35.67578125
spectrum,6393,4259456000,512,1,8,63,5e0b1f09,53.24987375806086,0,98,31.017578125
spectrum,6394,4260096480,512,1,8,30,4cb4897a,53.25774559204001,0,124,30.890625
spectrum,6395,4260736480,512,1,8,63,700b80ea,53.26575194997713,0,93,31.62890625
spectrum,6396,4261455680,512,1,8,62,14117ccc,53.27483486500569,0,92,30.857421875
spectrum,6397,4262096480,512,1,8,72,5d4aaa42,53.282881499035284,0,124,40.36328125
spectrum,6398,4262736480,512,1,8,61,f74a6926,53.2909150889609,0,88,28.591796875
spectrum,6399,4263455680,512,1,8,31,5070234f,53.29980872501619,0,131,27.74609375
spectrum,6400,4264097680,512,1,8,63,edb40a5f,53.30787669005804,0,92,31.85546875
spectrum,6401,4264736880,512,1,8,63,4aaef555,53.31572261499241,0,99,32.611328125
spectrum,6402,4265456000,512,1,8,63,7f165352,53.32488187402487,0,94,31.126953125
spectrum,6403,4266096480,512,1,8,40,b8c84d11,53.33287694095634,0,128,42.658203125
spectrum,6404,4266736480,512,1,8,63,64678ddd,53.340725069982,0,92,30.072265625
spectrum,6405,4267456320,512,1,8,61,3f735bb0,53.34988252597395,0,92,30.6171875
spectrum,6406,4268096880,512,1,8,64,d0d02170,53.35789597698022,0,100,31.931640625
spectrum,6407,4268740880,512,1,8,62,030faca6,53.36667533800937,0,94,30.07421875
spectrum,6408,4269455680,512,1,8,64,4a21a521,53.37487646494992,0,94,31.37109375
spectrum,6409,4270096480,512,1,8,60,910ba675,53.382735052960925,0,94,28.701171875
spectrum,6410,4270736480,512,1,8,61,b291a518,53.39073454798199,0,99,29.181640625
spectrum,6411,4271455680,512,1,8,72,f6b977c2,53.39973954600282,0,120,40.990234375
spectrum,6412,4272030080,512,1,8,60,dbf66c6c,53.40767713403329,0,96,30.23046875
spectrum,6413,4272656960,512,1,8,62,b1c1dc07,53.414928443031386,0,100,30.8671875
spectrum,6414,4273376000,512,1,8,62,a2fb0e30,53.42476154805627,0,88,30.990234375
spectrum,6415,4274017520,512,1,8,63,b437007c,53.43196168995928,0,95,31.734375
spectrum,6416,4274656560,512,1,8,62,2f26bd3f,53.439763732021675,0,92,30.521484375
spectrum,6417,4275376320,512,1,8,63,637c9465,53.448890869971365,0,96,30.66015625
spectrum,6418,4276016800,512,1,8,61,995923ea,53.456781159038655,0,87,29.103515625
spectrum,6419,4276656800,512,1,8,61,84471d75,53.46474877395667,0,92,30.03125
spectrum,6420,4277376000,512,1,8,63,247dea0d,53.4737828259822,0,94,30.93359375
spectrum,6421,4278016800,512,1,8,37,aed37c4e,53.48174815706443,0,123,29.85546875
spectrum,6422,4278656720,512,1,8,64,a9e2c538,53.48989718500525,0,94,31.6796875
spectrum,6423,4279376000,512,1,8,62,98b57741,53.498739655013196,0,95,31.005859375
spectrum,6424,4280016800,512,1,8,62,3c2e47ff,53.507691952981986,0,96,30.369140625
spectrum,6425,4280657520,512,1,8,62,4a3e7de6,53.51489280699752,0,94,31.201171875
spectrum,6426,4281375680,512,1,8,40,abe66a50,53.52406683401205,0,128,41.646484375
spectrum,6427,4282017760,512,1,8,61,2db5b65b,53.531893262057565,0,88,29.029296875
spectrum,6428,4282656880,512,1,8,61,b62a5fb8,53.53987672703806,0,91,29.453125
spectrum,6429,4283376640,512,1,8,62,d4b30645,53.54889708303381,0,102,30.501953125
spectrum,6430,4284017440,512,1,8,61,7a0bcbf4,53.55673753796145,0,87,28.96875
spectrum,6431,4284656800,512,1,8,61,247efcdd,53.564760437002406,0,90,29.701171875
spectrum,6432,4285376000,512,1,8,62,953d709e,53.57375992403831,0,94,30.98828125
spectrum,6433,4286018400,512,1,8,31,a97984b1,53.58186187304091,0,126,32.560546875
spectrum,6434,4286656560,512,1,8,63,b7abedee,53.589739889022894,0,94,31.630859375
spectrum,6435,4287375680,512,1,8,63,98eedcb4,53.598731430014595,0,98,31.021484375
spectrum,6436,4288016480,512,1,8,38,3b4ef67d,53.60686766402796,0,121,38.28515625
spectrum,6437,4288657760,512,1,8,64,e208a594,53.61489375005476,0,101,32.75
spectrum,6438,4289376000,512,1,8,63,ce5bc9e8,53.623741279006936,0,92,31.603515625
spectrum,6439,4290018080,512,1,8,62,96ef38a1,53.63271628995426,0,93,31.509765625
spectrum,6440,4290656560,512,1,8,61,9c69a68a,53.63977263099514,0,93,30.576171875
spectrum,6441,4291375680,512,1,8,37,1db5eb04,53.64886947197374,0,130,24.8203125
spectrum,6442,4292017520,512,1,8,63,fecc310a,53.65689380397089,0,95,31.47265625
spectrum,6443,4292656560,512,1,8,63,4fe46a4e,53.66486439504661,0,94,31.236328125
spectrum,6444,4293375680,512,1,8,61,320c19a7,53.67376777995378,0,91,29.3203125
spectrum,6445,4294016480,512,1,8,62,c43bae67,53.68174839997664,0,94,31.1875
spectrum,6446,4294656480,512,1,8,63,a1938ca3,53.68975728203077,0,91,31.529296875
spectrum,6447,4295375680,512,1,8,39,ddc675eb,53.698865485028364,0,127,41.91015625
spectrum,6448,4296016480,512,1,8,72,21c06362,53.7068875329569,0,121,39.79296875
spectrum,6449,4296658400,512,1,8,30,30658deb,53.71488176798448,0,125,30.353515625
spectrum,6450,4297376000,512,1,8,31,6735c6d1,53.72388773795683,0,125,30.560546875
spectrum,6451,4298017760,512,1,8,61,9036abd1,53.732679993030615,0,93,30.083984375
spectrum,6452,4298657200,512,1,8,72,34ce126d,53.73973322799429,0,115,38.82421875
spectrum,6453,4299375680,512,1,8,63,5df6c85b,53.748738526017405,0,94,31.099609375
spectrum,6454,4300017760,512,1,8,63,6f58ffbf,53.7568704909645,0,92,30.42578125
spectrum,6455,4300656880,512,1,8,66,bde65ba3,53.764884855016135,0,99,35.763671875
spectrum,6456,4301376000,512,1,8,31,486fa263,53.77375060901977,0,127,30.10546875
spectrum,6457,4301944080,512,1,8,59,be601698,53.78166765801143,0,88,28.38671875
spectrum,6458,4302576560,512,1,8,63,7f01b3fa,53.78968862397596,0,94,32.34375
spectrum,6459,4303296000,512,1,8,48,cddda386,53.79866413504351,0,126,41.951171875
spectrum,6460,4303936560,512,1,8,31,953196a0,53.80574212700594,0,126,31.0078125
spectrum,6461,4304576480,512,1,8,65,9431bc1b,53.81470129801892,0,97,33.408203125
spectrum,6462,4305296000,512,1,8,31,4faf71f5,53.822852579993196,0,120,31.185546875
spectrum,6463,4305938080,512,1,8,60,90c9f35f,53.830893593956716,0,88,28.4296875
spectrum,6464,4306577440,512,1,8,64,992cf986,53.838866899954155,0,92,30.814453125
spectrum,6465,4307295680,512,1,8,27,55176e04,53.847896764054894,0,130,42.916015625
spectrum,6466,4307936480,512,1,8,34,c2e8574e,53.85670422797557,0,117,35.591796875
spectrum,6467,4308577600,512,1,8,72,0909b392,53.863885425031185,0,113,40.681640625
spectrum,6468,4309295680,512,1,8,60,6a2d1e24,53.87277774896938,0,91,29.0390625
spectrum,6469,4309939600,512,1,8,62,869edf65,53.880889847059734,0,98,32.17578125
spectrum,6470,4310576480,512,1,8,60,ce2897bf,53.88876829401124,0,93,28.31640625
spectrum,6471,4311295680,512,1,8,63,8916df61,53.897767659975216,0,94,31.775390625
spectrum,6472,4311936480,512,1,8,61,3fe90854,53.90578076103702,0,94,29.9921875
spectrum,6473,4312576480,512,1,8,64,c0533681,53.913757293019444,0,97,32.46875
spectrum,6474,4313296960,512,1,8,31,e8b3bb04,53.92368515697308,0,125,30.294921875
spectrum,6475,4313937840,512,1,8,61,9eb62eb7,53.930889407056384,0,91,30.673828125
spectrum,6476,4314577440,512,1,8,31,7c717039,53.938901104964316,0,124,31.544921875
spectrum,6477,4315295680,512,1,8,62,1a87b68b,53.947763583040796,0,101,30.42578125
spectrum,6478,4315936480,512,1,8,31,3a50d8b0,53.955902621964924,0,131,25.98046875
spectrum,6479,4316577520,512,1,8,61,6fc28f63,53.96391258703079,0,88,29.447265625
spectrum,6480,4317295680,512,1,8,62,ee5d1b9d,53.97275470697787,0,94,30.95703125
spectrum,6481,4317936480,512,1,8,65,cbd3e5ef,53.98073923296761,0,99,33.669921875
spectrum,6482,4318576480,512,1,8,63,c02e0d3d,53.98875237500761,0,93,30.564453125
spectrum,6483,4319295680,512,1,8,64,3c412aa3,53.99776194104925,0,92,31.21484375
spectrum,6484,4319936480,512,1,8,63,8e09859b,54.00573351304047,0,93,30.939453125
spectrum,6485,4320576480,512,1,8,63,aa190e6d,54.01376734301448,0,101,31.4375
spectrum,6486,4321296320,512,1,8,24,be2a8531,54.023058852995746,0,120,37.94921875
spectrum,6487,4321936880,512,1,8,31,995bcba1,54.03210320498329,0,131,29.080078125
spectrum,6488,4322576800,512,1,8,63,3966cf83,54.03969317500014,0,97,32.046875
spectrum,6489,4323296000,512,1,8,63,dae5e727,54.047905032057315,0,101,32.853515625
spectrum,6490,4323936560,512,1,8,64,c6b3cecc,54.0557735490147,0,96,30.845703125
spectrum,6491,4324577760,512,1,8,61,00047f79,54.06390458298847,0,93,30.69921875
spectrum,6492,4325296000,512,1,8,72,be87fe9c,54.07278793002479,0,114,40.3515625
spectrum,6493,4325936800,512,1,8,62,f930a89b,54.0807848010445,0,92,31.140625
spectrum,6494,4326576800,512,1,8,63,b376e783,54.088797079981305,0,97,31.296875
spectrum,6495,4327296000,512,1,8,60,67212bbb,54.09777780098375,0,95,30.384765625
spectrum,6496,4327936800,512,1,8,62,d2cd4545,54.10580605105497,0,90,31.162109375
spectrum,6497,4328576800,512,1,8,62,de14320b,54.11380866204854,0,92,30.71484375
spectrum,6498,4329296000,512,1,8,59,0a9cc263,54.12360771198291,0,123,42.037109375
spectrum,6499,4329941120,512,1,8,72,8dae30e8,54.130900640040636,0,117,40.607421875
spectrum,6500,4330576560,512,1,8,64,7e6c8cf6,54.138773245038465,0,97,31.611328125
spectrum,6501,4331296640,512,1,8,60,dfb6a77c,54.14792215498164,0,93,29.548828125
spectrum,6502,4331936800,512,1,8,64,ef7100da,54.15577301895246,0,94,32.048828125
spectrum,6503,4332514400,512,1,8,63,c293a1e2,54.163715917035006,0,93,32.111328125
spectrum,6504,4333215680,512,1,8,63,0d0b6579,54.17177817004267,0,94,31.068359375
spectrum,6505,4333856480,512,1,8,63,f3545200,54.17980505700689,0,94,31.87890625
spectrum,6506,4334496480,512,1,8,63,3ae89c0c,54.187784263980575,0,94,30.87109375
spectrum,6507,4335215680,512,1,8,63,b809e941,54.196734328055754,0,99,31.6796875
spectrum,6508,4335856480,512,1,8,61,8a938270,54.20473443402443,0,94,30.06640625
spectrum,6509,4336496480,512,1,8,61,5fc16027,54.21275246399455,0,91,31.357421875
spectrum,6510,4337215680,512,1,8,64,826ac634,54.22175371495541,0,99,32.2109375
spectrum,6511,4337857760,512,1,8,63,4c96b1a8,54.23071522999089,0,93,31.625
spectrum,6512,4338497280,512,1,8,63,5d7c9964,54.237882841029204,0,96,31.83984375
spectrum,6513,4339216320,512,1,8,61,83adf362,54.24688662600238,0,90,30.56640625
spectrum,6514,4339856880,512,1,8,72,346c80be,54.254867005045526,0,122,39.48828125
spectrum,6515,4340496800,512,1,8,72,1eb71128,54.263717469992116,0,115,40.681640625
spectrum,6516,4341216000,512,1,8,72,ce72f708,54.27193363499828,0,115,41.20703125
spectrum,6517,4341856560,512,1,8,64,7576c172,54.27983960299753,0,95,31.55078125
spectrum,6518,4342496480,512,1,8,62,a69247c7,54.28778249199968,0,97,31.390625
spectrum,6519,4343215680,512,1,8,64,ac1d6218,54.29678094701376,0,97,32.736328125
spectrum,6520,4343856480,512,1,8,62,73665d1e,54.3047683989862,0,98,31.9296875
spectrum,6521,4344496480,512,1,8,62,cccd38f9,54.312761903041974,0,97,31.39453125
spectrum,6522,4345215680,512,1,8,35,2a92e825,54.3218582830159,0,131,36.013671875
spectrum,6523,4345856480,512,1,8,62,1c3dca85,54.33075773098972,0,95,30.388671875
spectrum,6524,4346497520,512,1,8,60,222ae0fd,54.337904692976736,0,105,29.533203125
spectrum,6525,4347215680,512,1,8,29,601d0dee,54.347698232973926,0,125,30.447265625
spectrum,6526,4347857520,512,1,8,62,f9242685,54.35488921799697,0,91,31.611328125
spectrum,6527,4348496480,512,1,8,62,056da3f7,54.36276954796631,0,98,30.923828125
spectrum,6528,4349216320,512,1,8,62,daf1c42c,54.371905853040516,0,95,31.49609375
spectrum,6529,4349856880,512,1,8,62,0614083d,54.37975911202375,0,92,30.66015625
spectrum,6530,4350499920,512,1,8,62,31ec2351,54.38788502605166,0,94,30.7734375
spectrum,6531,4351216000,512,1,8,63,14fcc446,54.39688184799161,0,93,32.091796875
spectrum,6532,4351856800,512,1,8,60,0ab65656,54.40477547305636,0,98,30.62109375
spectrum,6533,4352496800,512,1,8,64,6390eae4,54.41277458705008,0,97,33.44921875
spectrum,6534,4353216000,512,1,8,72,fbdc5f25,54.42275747505482,0,117,39.560546875
spectrum,6535,4353857920,512,1,8,61,00d8eba0,54.42992133903317,0,94,30.369140625
spectrum,6536,4354496480,512,1,8,61,f128ed07,54.437770279007964,0,97,30.16796875
spectrum,6537,4355216320,512,1,8,62,0fba784f,54.4469386159908,0,94,30.91796875
spectrum,6538,4355857440,512,1,8,62,32393753,54.45490275404882,0,95,30.78125
spectrum,6539,4356496560,512,1,8,62,567bbcb8,54.462895667064004,0,97,32.013671875
spectrum,6540,4357216320,512,1,8,37,2d75ff7d,54.47190942103043,0,124,30.57421875
spectrum,6541,4357856800,512,1,8,61,d6a3fb67,54.47986868000589,0,97,29.994140625
spectrum,6542,4358496800,512,1,8,62,4a501e7c,54.48779186105821,0,96,31.3828125
spectrum,6543,4359216000,512,1,8,60,0168a306,54.496757062966935,0,101,27.8125
spectrum,6544,4359856800,512,1,8,61,5494a013,54.50475111801643,0,89,29.705078125
spectrum,6545,4360496800,512,1,8,61,472ba0ed,54.51281262002885,0,92,30.306640625
spectrum,6546,4361216000,512,1,8,63,0323bd21,54.521762693999335,0,94,31.654296875
spectrum,6547,4361856800,512,1,8,31,6e633a52,54.52976448298432,0,126,31.140625
spectrum,6548,4362497680,512,1,8,31,a2c4a82b,54.53789501602296,0,128,29.642578125
spectrum,6549,4363216320,512,1,8,72,1735655d,54.54696315305773,0,109,39.517578125
spectrum,6550,4363856880,512,1,8,60,1c860129,54.555717395967804,0,91,30.17578125
spectrum,6551,4364497520,512,1,8,40,84a573b9,54.56371011806186,0,128,44.77734375
spectrum,6552,4365215680,512,1,8,35,0c9f9d9d,54.57271656906232,0,124,35.904296875
spectrum,6553,4365857600,512,1,8,65,4584c3af,54.57988421001937,0,100,33.91015625
spectrum,6554,4366496480,512,1,8,72,e829614c,54.58776711404789,0,112,40.5
spectrum,6555,4367215680,512,1,8,61,771c8ddb,54.59672981197946,0,91,29.201171875
spectrum,6556,4367856480,512,1,8,61,7509d8b2,54.60475117806345,0,91,29.49609375
spectrum,6557,4368496480,512,1,8,72,0b0f304a,54.61288858496118,0,111,40.283203125
spectrum,6558,4369215680,512,1,8,39,0b5698d0,54.62176690204069,0,128,41.408203125
spectrum,6559,4369856480,512,1,8,61,02812805,54.62976981396787,0,92,30.306640625
spectrum,6560,4370501520,512,1,8,63,34456d04,54.63790870306548,0,100,31.548828125
spectrum,6561,4371216000,512,1,8,63,1ff4ad1a,54.64678946498316,0,94,31.923828125
spectrum,6562,4371856800,512,1,8,29,220ffe89,54.655710733961314,0,124,31.44140625
spectrum,6563,4372497840,512,1,8,61,fbb5163a,54.66277625202201,0,94,29.615234375
spectrum,6564,4373215680,512,1,8,64,61cd9216,54.67174124403391,0,99,32.76171875
spectrum,6565,4373857760,512,1,8,64,76f674bc,54.67988378996961,0,96,32.4453125
spectrum,6566,4374496880,512,1,8,61,e7567671,54.68774204805959,0,90,28.833984375
spectrum,6567,4375216000,512,1,8,39,ca4de74e,54.69678462599404,0,124,40.865234375
spectrum,6568,4375856800,512,1,8,72,0a429fc0,54.704776757978834,0,112,39.015625
spectrum,6569,4376496800,512,1,8,65,81e560a9,54.71275697601959,0,96,33.25
spectrum,6570,4377216000,512,1,8,65,b741d57d,54.7217397519853,0,98,32.919921875
spectrum,6571,4377856800,512,1,8,65,1011dc33,54.72975609905552,0,101,32.71484375
spectrum,6572,4378496800,512,1,8,62,a335b4ad,54.738705090014264,0,93,30.26171875
spectrum,6573,4379216320,512,1,8,61,28cd85d6,54.747801339952275,0,91,29.970703125
spectrum,6574,4379857280,512,1,8,63,efb001a3,54.755694504012354,0,95,31.5859375
spectrum,6575,4380497520,512,1,8,61,7069b668,54.76291312195826,0,94,29.93359375
spectrum,6576,4381215680,512,1,8,31,08569b09,54.77176266501192,0,127,30.576171875
spectrum,6577,4381857680,512,1,8,63,5e4869ca,54.779870275058784,0,95,31.671875
spectrum,6578,4382496880,512,1,8,72,51a81c8b,54.787769631017,0,114,40.173828125
spectrum,6579,4383216000,512,1,8,64,4dabd3b4,54.79675251606386,0,102,32.525390625
spectrum,6580,4383856800,512,1,8,61,58abb9af,54.804796866024844,0,90,30.068359375
spectrum,6581,4384496800,512,1,8,30,e529590f,54.8127520569833,0,128,27.28125
spectrum,6582,4385216000,512,1,8,63,4bce35e9,54.82174466201104,0,95,31.455078125
spectrum,6583,4385856800,512,1,8,31,2b25263c,54.82977143803146,0,125,31.595703125
spectrum,6584,4386497360,512,1,8,63,4b92425e,54.83869624405634,0,95,31.498046875
spectrum,6585,4387216000,512,1,8,60,2b0c518f,54.84688556799665,0,93,29.892578125
spectrum,6586,4387856480,512,1,8,72,dde465e1,54.854812575969845,0,114,41.486328125
spectrum,6587,4388497760,512,1,8,60,3262d1f6,54.862947628018446,0,91,28.962890625
spectrum,6588,4389216000,512,1,8,37,46c33ce4,54.87174894998316,0,124,29.474609375
spectrum,6589,4389861840,512,1,8,63,b8734f80,54.87988747796044,0,93,32.193359375
spectrum,6590,4390496560,512,1,8,61,ea2ff6c8,54.88776783796493,0,89,28.912109375
spectrum,6591,4391215680,512,1,8,62,dc6abe56,54.89677146298345,0,91,31.591796875
spectrum,6592,4391856480,512,1,8,31,0044202d,54.90477694896981,0,121,32.072265625
spectrum,6593,4392496480,512,1,8,63,9116b3d9,54.91278289700858,0,98,32.083984375
spectrum,6594,4393215680,512,1,8,38,ab0a3dbe,54.92176723503508,0,122,31.09765625
spectrum,6595,4393856480,512,1,8,62,8b4be28f,54.929767661960796,0,90,30.947265625
spectrum,6596,4394496480,512,1,8,61,1178ecca,54.93777545297053,0,94,29.4140625
spectrum,6597,4395216640,512,1,8,30,2eee77dd,54.94769994006492,0,121,30.76171875
spectrum,6598,4395857520,512,1,8,31,8febc01a,54.95488834101707,0,129,28.19140625
spectrum,6599,4396498080,512,1,8,60,3d18a339,54.96387641597539,0,127,42.580078125
spectrum,6600,4397216000,512,1,8,61,2b510ef5,54.97177006106358,0,90,30.931640625
spectrum,6601,4397856800,512,1,8,60,c72bebd5,54.979920882033184,0,92,28.61328125
spectrum,6602,4398497520,512,1,8,61,c1127d43,54.98791068897117,0,92,30.482421875
spectrum,6603,4399215680,512,1,8,61,2267f291,54.99679227301385,0,92,31.01953125
spectrum,6604,4399856480,512,1,8,64,02c206e0,55.00475505797658,0,103,32.318359375
spectrum,6605,4400496480,512,1,8,64,d009b586,55.012772758025676,0,94,31.880859375
spectrum,6606,4401215680,512,1,8,31,2b97cec0,55.021743530989625,0,123,31.88671875
spectrum,6607,4401856480,512,1,8,63,d19cc56b,55.029771580011584,0,98,32.568359375
spectrum,6608,4402496480,512,1,8,62,95c16826,55.03775764000602,0,94,31.349609375
spectrum,6609,4403216320,512,1,8,60,84dd6ecf,55.04693349997979,0,89,29.162109375
spectrum,6610,4403856880,512,1,8,39,a4bd43e4,55.05569221195765,0,129,31.51171875
spectrum,6611,4404497520,512,1,8,29,c207400e,55.06375155004207,0,123,30.1875
spectrum,6612,4405216000,512,1,8,63,c24acb30,55.07302428397816,0,96,32.97265625
spectrum,6613,4405856480,512,1,8,63,e032c175,55.079760489054024,0,95,31.72265625
spectrum,6614,4406497760,512,1,8,60,9ded60e9,55.08794584602583,0,93,28.935546875
spectrum,6615,4407216000,512,1,8,64,f272848b,55.09678260504734,0,103,32.5390625
spectrum,6616,4407856800,512,1,8,62,ee221ba4,55.10478758998215,0,94,31.5078125
spectrum,6617,4408496800,512,1,8,37,63375d76,55.11275014595594,0,130,25.4609375
spectrum,6618,4409216000,512,1,8,63,13e74976,55.12176791706588,0,91,30.349609375
spectrum,6619,4409856800,512,1,8,72,e13aac13,55.129784354008734,0,121,40.44140625
spectrum,6620,4410496800,512,1,8,72,fa06fe50,55.1379638799699,0,121,39.466796875
spectrum,6621,4411216000,512,1,8,63,29498ab6,55.14773971599061,0,95,31.62109375
spectrum,6622,4411857920,512,1,8,63,aba324a6,55.15477647900116,0,95,31.61328125
spectrum,6623,4412496480,512,1,8,62,2d88e500,55.16277639498003,0,89,31.5234375
spectrum,6624,4413216320,512,1,8,39,02445fe3,55.171960011008196,0,124,37.57421875
spectrum,6625,4413856880,512,1,8,61,2be26948,55.179770027054474,0,94,31.23046875
spectrum,6626,4414498400,512,1,8,60,96176d12,55.18792687996756,0,93,28.9765625
spectrum,6627,4415215680,512,1,8,63,47aa64ac,55.196787744993344,0,92,31.55078125
spectrum,6628,4415856480,512,1,8,64,b0cbf319,55.2048145319568,0,94,32.5859375
spectrum,6629,4416496480,512,1,8,64,ae74661d,55.21280406799633,0,101,32.849609375
spectrum,6630,4417215680,512,1,8,63,0a9f4310,55.22179096098989,0,93,31.53125
spectrum,6631,4417857760,512,1,8,30,52266743,55.22978198004421,0,124,29.208984375
spectrum,6632,4418496800,512,1,8,62,b3933b26,55.2378164610127,0,95,30.958984375
spectrum,6633,4419216000,512,1,8,62,51ff50de,55.246799046057276,0,89,30.4453125
spectrum,6634,4419857440,512,1,8,63,9b8861df,55.254906004993245,0,92,31.9296875
spectrum,6635,4420496560,512,1,8,63,daa4615d,55.262769422028214,0,96,32.720703125
spectrum,6636,4421216320,512,1,8,60,f13300d0,55.27191995503381,0,93,28.9453125
spectrum,6637,4421856880,512,1,8,64,31bed1e2,55.279776921030134,0,99,33.693359375
spectrum,6638,4422496800,512,1,8,72,240e5aea,55.28872327704448,0,119,39.46484375
spectrum,6639,4423216000,512,1,8,63,2bd079a2,55.29687730502337,0,96,31.6015625
spectrum,6640,4423856480,512,1,8,39,881122dd,55.30481353995856,0,131,32.1953125
spectrum,6641,4424496480,512,1,8,64,4e657b9d,55.31276838097256,0,95,32.400390625
spectrum,6642,4425215680,512,1,8,60,6babf4e2,55.32178175402805,0,92,29.564453125
spectrum,6643,4425856480,512,1,8,60,75470603,55.32978144905064,0,91,30.37109375
spectrum,6644,4426496480,512,1,8,64,ed1b5135,55.33776412298903,0,95,31.234375
spectrum,6645,4427215680,512,1,8,60,8d651bca,55.346791872987524,0,94,29.25
spectrum,6646,4427858000,512,1,8,62,9ec47045,55.3549076380441,0,95,30.97265625
spectrum,6647,4428496880,512,1,8,61,714627f6,55.36277427198365,0,97,30.341796875
spectrum,6648,4429216000,512,1,8,29,517e1336,55.371919914963655,0,123,30.896484375
spectrum,6649,4429857520,512,1,8,64,839be51d,55.379774627042934,0,97,32.59375
spectrum,6650,4430496480,512,1,8,72,e3c27cd7,55.38778170605656,0,116,40.544921875
spectrum,6651,4431216320,512,1,8,72,411f6142,55.39690888498444,0,117,40.21484375
spectrum,6652,4431856880,512,1,8,60,176b1acd,55.40480330097489,0,100,29.802734375
spectrum,6653,4432496800,512,1,8,60,03fcf94d,55.412756658974104,0,85,29.341796875
spectrum,6654,4433216000,512,1,8,64,23979170,55.42177531204652,0,102,32.74609375
spectrum,6655,4433856800,512,1,8,63,71214e6c,55.429803190985695,0,91,29.90625
spectrum,6656,4434496800,512,1,8,62,5b3f2ff8,55.437779942993075,0,92,29.94140625
spectrum,6657,4435216000,512,1,8,36,d6710474,55.44678911799565,0,126,38.447265625
spectrum,6658,4435875120,512,1,8,59,45939a09,55.45576411904767,0,89,28.353515625
spectrum,6659,4436496640,512,1,8,63,53a8ddb7,55.46276214905083,0,99,30.748046875
spectrum,6660,4437215680,512,1,8,72,03810082,55.4717735289596,0,122,39.591796875
spectrum,6661,4437857760,512,1,8,63,a4df7d86,55.47991546301637,0,95,31.859375
spectrum,6662,4438496880,512,1,8,60,713c2b62,55.48778289905749,0,88,29.171875
spectrum,6663,4439216000,512,1,8,63,30252aad,55.49690966599155,0,93,31.53515625
spectrum,6664,4439856560,512,1,8,72,4437243b,55.50475602201186,0,109,39.349609375
spectrum,6665,4440496480,512,1,8,60,ebe45506,55.512762179016136,0,94,29.291015625
spectrum,6666,4441215680,512,1,8,72,059599a7,55.52179013006389,0,113,40.765625
spectrum,6667,4441856480,512,1,8,29,bcf57767,55.52980722906068,0,125,28.966796875
spectrum,6668,4442496480,512,1,8,60,45f81997,55.53778910997789,0,94,28.400390625
spectrum,6669,4443215680,512,1,8,62,d3e7a358,55.546965252025984,0,91,31.310546875
spectrum,6670,4443856480,512,1,8,60,38e713aa,55.554915433051065,0,90,29.51171875
spectrum,6671,4444497520,512,1,8,30,a1916c06,55.56371884897817,0,123,30.220703125
spectrum,6672,4445216000,512,1,8,63,143746b5,55.571782115031965,0,94,31.80859375
spectrum,6673,4445857760,512,1,8,62,11660745,55.579925443045795,0,93,30.75390625
spectrum,6674,4446496880,512,1,8,39,02d0a972,55.587777798995376,0,127,39.2109375
spectrum,6675,4447216640,512,1,8,59,3c61da7d,55.596913604065776,0,95,29.3671875
spectrum,6676,4447857440,512,1,8,64,2406f545,55.60480275005102,0,97,32.021484375
spectrum,6677,4448496800,512,1,8,72,d02203f0,55.61278843902983,0,120,40.017578125
spectrum,6678,4449216000,512,1,8,60,4a1cfa8c,55.621761476038955,0,86,29.271484375
spectrum,6679,4449856800,512,1,8,62,84524fd3,55.63073782995343,0,95,30.353515625
spectrum,6680,4450497520,512,1,8,60,3d708656,55.63779870897997,0,88,28.482421875
spectrum,6681,4451216320,512,1,8,60,a77a5a04,55.6469345940277,0,91,28.884765625
spectrum,6682,4451856880,512,1,8,60,46166837,55.65480795002077,0,88,28.71484375
spectrum,6683,4452497760,512,1,8,60,d6731ba5,55.662928574951366,0,92,29.357421875
spectrum,6684,4453215680,512,1,8,72,0385c578,55.67176262906287,0,113,39.056640625
spectrum,6685,4453858400,512,1,8,61,a0184ecc,55.679924249998294,0,96,30.490234375
spectrum,6686,4454496880,512,1,8,60,f9bf68b7,55.687782188062556,0,92,29.24609375
spectrum,6687,4455216000,512,1,8,64,119b16fd,55.69828892603982,0,108,31.287109375
spectrum,6688,4455857840,512,1,8,60,9ad79300,55.70492402999662,0,96,29.783203125
spectrum,6689,4456496880,512,1,8,60,62da4e5a,55.71278250799514,0,89,28.669921875
spectrum,6690,4457216000,512,1,8,63,25c4c02e,55.72178506106138,0,94,31.767578125
spectrum,6691,4457856800,512,1,8,63,b80ff878,55.72977279406041,0,98,33.138671875
spectrum,6692,4458496800,512,1,8,72,0f3db63f,55.737776646972634,0,118,40.525390625
spectrum,6693,4459216000,512,1,8,60,1866847e,55.746812622994184,0,90,29.35546875
spectrum,6694,4459856800,512,1,8,60,51192723,55.75479894399177,0,91,29.66796875
spectrum,6695,4460498400,512,1,8,31,d5b48d92,55.76289694500156,0,126,31.119140625
spectrum,6696,4461216320,512,1,8,30,2563af7a,55.772738395025954,0,124,30.302734375
spectrum,6697,4461857840,512,1,8,60,8e43f64a,55.78079983696807,0,91,28.6484375
spectrum,6698,4462497280,512,1,8,60,e1ed5f70,55.78792234300636,0,94,30.412109375
spectrum,6699,4463215680,512,1,8,31,c422451b,55.7967137460364,0,126,30.11328125
spectrum,6700,4463857680,512,1,8,61,8c6070c4,55.804919602000155,0,94,31.001953125
spectrum,6701,4464496880,512,1,8,60,8fd92de6,55.812746840994805,0,92,30.423828125
spectrum,6702,4465216000,512,1,8,60,5acff9c7,55.821764642954804,0,85,28.400390625
spectrum,6703,4465856800,512,1,8,60,318849e2,55.82977979700081,0,90,30.697265625
spectrum,6704,4466496800,512,1,8,31,b0d56853,55.8377841420006,0,126,31.02734375
spectrum,6705,4467216000,512,1,8,60,48b5929f,55.846784190041944,0,90,28.697265625
spectrum,6706,4467856800,512,1,8,62,55570971,55.854832006036304,0,91,31.45703125
spectrum,6707,4468496800,512,1,8,60,f64d158c,55.863751522032544,0,88,29.72265625
spectrum,6708,4469216000,512,1,8,60,7172370d,55.87181281403173,0,84,29.21875
spectrum,6709,4469856480,512,1,8,61,1708506c,55.87982663605362,0,88,30.462890625
spectrum,6710,4470497760,512,1,8,60,0f76d46f,55.88790383795276,0,90,30.05078125
spectrum,6711,4471216640,512,1,8,60,00df4ca2,55.896792936953716,0,90,28.2890625
spectrum,6712,4471861920,512,1,8,60,fc28f31e,55.90491282904986,0,90,30.13671875
spectrum,6713,4472496560,512,1,8,60,7259b5ac,55.91278889100067,0,90,30.556640625
spectrum,6714,4473215680,512,1,8,60,5bd0f85e,55.921795060974546,0,89,29.7578125
spectrum,6715,4473856480,512,1,8,61,1a567da6,55.929786721011624,0,89,29.416015625
spectrum,6716,4474496480,512,1,8,72,505d6a45,55.93778283998836,0,111,39.53515625
spectrum,6717,4475215680,512,1,8,60,9e713309,55.94678631401621,0,85,28.54296875
spectrum,6718,4475858960,512,1,8,63,99deab68,55.954939058981836,0,98,32.599609375
spectrum,6719,4476496880,512,1,8,63,844f77c9,55.96279273799155,0,102,33.3671875
spectrum,6720,4477216000,512,1,8,39,32b131ab,55.97192427504342,0,126,39.322265625
spectrum,6721,4477856560,512,1,8,60,e717f110,55.97981381195132,0,90,28.9375
spectrum,6722,4478497760,512,1,8,61,6a5c3a8e,55.98793073906563,0,88,29.8515625
spectrum,6723,4479216000,512,1,8,60,8a51d323,55.99689889699221,0,89,30.1171875
spectrum,6724,4479856800,512,1,8,31,7c64c241,56.004902499960735,0,126,30.755859375
spectrum,6725,4480497520,512,1,8,72,09b0c5a5,56.01277213904541,0,121,40.216796875
spectrum,6726,4481215680,512,1,8,60,1aad9ec5,56.02177265798673,0,91,29.48828125
spectrum,6727,4481856480,512,1,8,72,b866863c,56.02978556905873,0,111,40.3671875
spectrum,6728,4482496480,512,1,8,60,c3a0c89a,56.037764144013636,0,90,28.5390625
spectrum,6729,4483215680,512,1,8,39,21273310,56.04679379798472,0,126,40.615234375
spectrum,6730,4483856480,512,1,8,63,77e9a23e,56.05477145197801,0,92,32.263671875
spectrum,6731,4484496480,512,1,8,60,2aeecb45,56.06276683905162,0,89,30.109375
spectrum,6732,4485216320,512,1,8,60,d93eba94,56.071895661065355,0,96,29.0234375
spectrum,6733,4485856880,512,1,8,60,caba9ab4,56.07976146298461,0,90,30.09765625
spectrum,6734,4486496800,512,1,8,29,cfd1732a,56.087921541999094,0,124,30.611328125
spectrum,6735,4487216000,512,1,8,61,e9e85c6c,56.0971175909508,0,97,31.169921875
spectrum,6736,4487856480,512,1,8,61,c9d7bdae,56.104784175986424,0,89,29.826171875
spectrum,6737,4488497680,512,1,8,60,540a00ea,56.112920699990354,0,95,29.05859375
spectrum,6738,4489216000,512,1,8,37,74482d33,56.12180263502523,0,121,29.833984375
spectrum,6739,4489856720,512,1,8,63,2a86e0a6,56.129770800005645,0,94,32.576171875
spectrum,6740,4490496800,512,1,8,62,13df8904,56.137791065033525,0,91,30.72265625
spectrum,6741,4491216000,512,1,8,61,f7ffe99a,56.146794389002025,0,92,29.98828125
spectrum,6742,4491856800,512,1,8,31,179c918e,56.154767364030704,0,128,30.04296875
spectrum,6743,4492500240,512,1,8,61,c084428d,56.16280533198733,0,93,30.32421875
spectrum,6744,4493219440,512,1,8,62,b633235f,56.17193347204011,0,92,30.328125
spectrum,6745,4493857520,512,1,8,60,ad2a0224,56.17980988405179,0,101,29.91796875
spectrum,6746,4494496800,512,1,8,60,c9d7b44b,56.18779368000105,0,87,29.16015625
spectrum,6747,4495216000,512,1,8,35,acad3766,56.19694278005045,0,119,35.400390625
spectrum,6748,4495856560,512,1,8,62,527a6507,56.20537010405678,0,92,31.025390625
spectrum,6749,4496497760,512,1,8,72,5cca101c,56.2129204190569,0,118,40.60546875
spectrum,6750,4497216000,512,1,8,60,9d62096b,56.22177995205857,0,91,28.9765625
spectrum,6751,4497856800,512,1,8,61,a852a533,56.22981803002767,0,91,30.193359375
spectrum,6752,4498496800,512,1,8,40,906a81a3,56.23778828897048,0,128,43.14453125
spectrum,6753,4499216000,512,1,8,72,1841eed8,56.246773399063386,0,117,39.103515625
spectrum,6754,4499856800,512,1,8,64,2e79618d,56.25479279202409,0,97,32.345703125
spectrum,6755,4500496800,512,1,8,60,29008726,56.26279897999484,0,92,30.19921875
spectrum,6756,4501216000,512,1,8,72,2433afd9,56.27527867106255,0,112,40.0234375
spectrum,6757,4501857520,512,1,8,63,737deb97,56.279926595045254,0,94,32.294921875
spectrum,6758,4502496560,512,1,8,72,31b6f2fe,56.28777157806326,0,111,39.6171875
spectrum,6759,4503216320,512,1,8,72,dc590706,56.29697129398119,0,112,41.06640625
spectrum,6760,4503856880,512,1,8,61,1bfaa372,56.30499517498538,0,89,30.0234375
spectrum,6761,4504496800,512,1,8,39,2865eb69,56.31295030598994,0,130,31.505859375
spectrum,6762,4505216000,512,1,8,63,f1ec8d81,56.321815929957666,0,91,30.7109375
spectrum,6763,4505856480,512,1,8,61,07869fa5,56.3297811599914,0,94,29.67578125
spectrum,6764,4506496480,512,1,8,62,78fb0cf0,56.33778835902922,0,94,32.2890625
spectrum,6765,4507215680,512,1,8,60,7cb50476,56.346778849023394,0,95,30.0703125
spectrum,6766,4507856480,512,1,8,59,28d9d2a6,56.35476533998735,0,92,29.59375
spectrum,6767,4508429680,512,1,8,40,69cfebed,56.36271749495063,0,95,16.5078125
spectrum,6768,4509136000,512,1,8,60,3b587ca4,56.37079114106018,0,94,30.3671875
spectrum,6769,4509784560,512,1,8,30,e86defee,56.37978822295554,0,124,30.38671875
spectrum,6770,4510417360,512,1,8,60,f47888bf,56.386820888961665,0,93,30.326171875
spectrum,6771,4511136640,512,1,8,60,06f57ef0,56.3957990759518,0,88,28.962890625
spectrum,6772,4511777440,512,1,8,61,caa7603d,56.40379692695569,0,91,29.71484375
spectrum,6773,4512416800,512,1,8,60,ab783c68,56.41175403201487,0,86,28.548828125
spectrum,6774,4513136000,512,1,8,36,d21b1509,56.420784738031216,0,124,28.599609375
spectrum,6775,4513776480,512,1,8,60,5b06bf7b,56.42878075700719,0,92,29.78125
spectrum,6776,4514416480,512,1,8,63,0c84f61f,56.43680425698403,0,92,30.892578125
spectrum,6777,4515135680,512,1,8,61,4fa454e6,56.44579047895968,0,91,30.0546875
spectrum,6778,4515776480,512,1,8,63,517849c0,56.45378811098635,0,90,32.984375
spectrum,6779,4516416480,512,1,8,60,b7044605,56.46179101197049,0,89,30.328125
spectrum,6780,4517135680,512,1,8,60,a31be61b,56.47079918603413,0,88,29.6484375
spectrum,6781,4517776480,512,1,8,31,57e77c2d,56.47972308995668,0,128,29.294921875
spectrum,6782,4518417920,512,1,8,60,1edcc4fa,56.48679954803083,0,91,29.341796875
spectrum,6783,4519135680,512,1,8,60,d333f0f7,56.49591892200988,0,93,29.2265625
spectrum,6784,4519777520,512,1,8,61,b5e9083d,56.50382115296088,0,92,30.71484375
spectrum,6785,4520416560,512,1,8,38,a0871775,56.51174013596028,0,126,29.916015625
spectrum,6786,4521136320,512,1,8,37,0237a6af,56.520770590985194,0,123,30.109375
spectrum,6787,4521776800,512,1,8,63,afb50552,56.52879329002462,0,98,31.4140625
spectrum,6788,4522416800,512,1,8,72,25e2cacd,56.53681604901794,0,114,40.541015625
spectrum,6789,4523136000,512,1,8,60,6ed10925,56.54574660595972,0,86,28.556640625
spectrum,6790,4523776800,512,1,8,64,bebc1001,56.55376624898054,0,93,33.0703125
spectrum,6791,4524416800,512,1,8,60,d0a6be19,56.561803966993466,0,88,29.275390625
spectrum,6792,4525136000,512,1,8,60,544a46f1,56.570770842023194,0,93,29.548828125
spectrum,6793,4525776800,512,1,8,64,2a745a4e,56.57894255302381,0,92,31.9921875
spectrum,6794,4526417520,512,1,8,32,7efb95c1,56.58777599595487,0,127,32.07421875
spectrum,6795,4527136320,512,1,8,60,229a576b,56.59581183898263,0,94,28.890625
spectrum,6796,4527777440,512,1,8,59,90a22d61,56.60392539005261,0,86,28.962890625
spectrum,6797,4528416560,512,1,8,39,3b956961,56.61180796404369,0,126,39.7265625
spectrum,6798,4529136640,512,1,8,60,d1e61b41,56.62079909502063,0,86,28.95703125
spectrum,6799,4529777440,512,1,8,60,d23ea148,56.628805784042925,0,91,30.20703125
spectrum,6800,4530416800,512,1,8,72,2b06519f,56.6368053490296,0,115,41.4921875
spectrum,6801,4531136000,512,1,8,37,aa4d28fd,56.645824944018386,0,128,40.095703125
spectrum,6802,4531776800,512,1,8,31,ac9b19a3,56.65379887097515,0,128,30.923828125
spectrum,6803,4532416800,512,1,8,60,5484d56d,56.66179662302602,0,86,29.53125
spectrum,6804,4533136000,512,1,8,62,3a8e64f8,56.67075487202965,0,94,30.5546875
spectrum,6805,4533779920,512,1,8,62,259362ab,56.67883424798492,0,94,31.16015625
spectrum,6806,4534417760,512,1,8,58,78834b79,56.686913724057376,0,86,26.8515625
spectrum,6807,4535135680,512,1,8,60,04e847c8,56.69583070499357,0,90,29.044921875
spectrum,6808,4535778320,512,1,8,61,7716d1ec,56.70393175201025,0,89,30.09765625
spectrum,6809,4536416880,512,1,8,62,5a3a2b69,56.71181386499666,0,95,31.37109375
spectrum,6810,4537136000,512,1,8,60,e0571cf9,56.72093358903658,0,91,29.607421875
spectrum,6811,4537777520,512,1,8,38,bd4fac76,56.728781637968495,0,125,31.494140625
spectrum,6812,4538416560,512,1,8,60,c3207e1b,56.736791483010165,0,84,29.638671875
spectrum,6813,4539135680,512,1,8,60,725f9e4a,56.74571303196717,0,90,29.3203125
spectrum,6814,4539776480,512,1,8,62,dd10ef27,56.75380241696257,0,92,30.17578125
spectrum,6815,4540416480,512,1,8,38,7214b2cf,56.761787033989094,0,127,30.51953125
spectrum,6816,4541135680,512,1,8,39,156b42ea,56.77079008799046,0,129,37.94921875
spectrum,6817,4541776480,512,1,8,61,957d830c,56.7788229159778,0,93,31.056640625
spectrum,6818,4542418320,512,1,8,61,20de6018,56.78695988096297,0,89,28.830078125
spectrum,6819,4543136000,512,1,8,60,9697b1b3,56.79576583195012,0,89,29.19921875
spectrum,6820,4543776480,512,1,8,29,73c004e4,56.803960746969096,0,124,31.669921875
spectrum,6821,4544417520,512,1,8,72,53b01f3a,56.81191560695879,0,117,39.966796875
spectrum,6822,4545135680,512,1,8,60,799238ae,56.82078523898963,0,87,29.470703125
spectrum,6823,4545777760,512,1,8,60,77fd50a1,56.82882879697718,0,90,29.32421875
spectrum,6824,4546416880,512,1,8,72,6c60f479,56.83683042600751,0,114,39.927734375
spectrum,6825,4547143440,512,1,8,60,8fe4d1b3,56.84595479001291,0,91,29.5390625
spectrum,6826,4547777520,512,1,8,60,41a133d9,56.85379496298265,0,92,29.30078125
spectrum,6827,4548416800,512,1,8,31,2faf4f55,56.86174054595176,0,122,31.37109375
spectrum,6828,4549136000,512,1,8,60,5fe86617,56.870797671959735,0,92,30.7578125
spectrum,6829,4549776800,512,1,8,60,4c5942b0,56.878779434016906,0,88,30.076171875
spectrum,6830,4550416800,512,1,8,72,f1535fee,56.88773606996983,0,115,40.208984375
spectrum,6831,4551136000,512,1,8,63,327de725,56.89580208004918,0,96,31.982421875
spectrum,6832,4551776480,512,1,8,72,d547e727,56.90378828998655,0,113,40.83203125
spectrum,6833,4552417760,512,1,8,60,33a75dd1,56.91181327402592,0,89,29.267578125
spectrum,6834,4553136000,512,1,8,60,7b080a89,56.92080391396303,0,90,30.072265625
spectrum,6835,4553782160,512,1,8,64,c15abeb3,56.92891288595274,0,95,31.755859375
spectrum,6836,4554416560,512,1,8,37,d63b9ece,56.936803695047274,0,124,30.041015625
spectrum,6837,4555135680,512,1,8,37,b178551a,56.945801559020765,0,125,40.033203125
spectrum,6838,4555776480,512,1,8,60,debed1e7,56.95378652703948,0,90,30.125
spectrum,6839,4556416480,512,1,8,72,1da9c6c5,56.96178344695363,0,117,39.29296875
spectrum,6840,4557135680,512,1,8,60,5156f9cb,56.970803812961094,0,89,28.580078125
spectrum,6841,4557776480,512,1,8,62,d8701c22,56.97877359203994,0,91,31.17578125
spectrum,6842,4558416480,512,1,8,72,42f9bf1c,56.98686026199721,0,127,40.78125
spectrum,6843,4559136640,512,1,8,59,ae84bd9e,56.995968354051,0,124,45.638671875
spectrum,6844,4559776880,512,1,8,72,1fc778b4,57.003869503038004,0,125,39.00390625
spectrum,6845,4560418720,512,1,8,60,1a693317,57.01180216204375,0,92,29.455078125
spectrum,6846,4561135680,512,1,8,72,c0000866,57.02081358095165,0,111,39.703125
spectrum,6847,4561776480,512,1,8,37,1366fdda,57.02894461504184,0,123,30.265625
spectrum,6848,4562417520,512,1,8,60,72f60820,57.03679355606437,0,95,28.92578125
spectrum,6849,4563135680,512,1,8,60,dc11514e,57.04573309898842,0,92,29.55078125
spectrum,6850,4563776480,512,1,8,65,be1e8914,57.05374710203614,0,102,33.517578125
spectrum,6851,4564416480,512,1,8,60,5298b576,57.061804516008124,0,93,30.162109375
spectrum,6852,4565135680,512,1,8,63,d8dad76a,57.07080723904073,0,91,31.376953125
spectrum,6853,4565776480,512,1,8,64,dc92264d,57.07882455806248,0,96,32.57421875
spectrum,6854,4566416480,512,1,8,72,d2a41f70,57.08686898800079,0,114,41.400390625
spectrum,6855,4567136320,512,1,8,31,497c15b5,57.09579480497632,0,125,30.8984375
spectrum,6856,4567776800,512,1,8,63,fa749158,57.103759504971094,0,96,31.822265625
spectrum,6857,4568416800,512,1,8,29,07f1fb65,57.11194298800547,0,129,27.169921875
spectrum,6858,4569136000,512,1,8,60,c784408c,57.120811055996455,0,93,30.166015625
spectrum,6859,4569776480,512,1,8,63,c4950743,57.12882084096782,0,99,31.728515625
spectrum,6860,4570417760,512,1,8,62,281ca7b7,57.136930063017644,0,93,31.91015625
spectrum,6861,4571136000,512,1,8,60,882149be,57.1457754089497,0,100,29.837890625
spectrum,6862,4571776800,512,1,8,42,2f4b6669,57.15476862399373,0,125,30.708984375
spectrum,6863,4572417600,512,1,8,61,b229f313,57.16182003496215,0,100,31.4921875
spectrum,6864,4573136320,512,1,8,60,b1fbf926,57.17080803005956,0,90,29.408203125
spectrum,6865,4573776880,512,1,8,62,19d5ee81,57.178803947987035,0,95,31.37890625
spectrum,6866,4574420240,512,1,8,60,ee4f9f93,57.1870158649981,0,92,29.58984375
spectrum,6867,4575142000,512,1,8,36,1a00e3bc,57.195939698955044,0,124,38.431640625
spectrum,6868,4575777520,512,1,8,60,8a0f21c5,57.20379654399585,0,90,29.951171875
spectrum,6869,4576416800,512,1,8,30,7ae2ff2f,57.21176137402654,0,120,30.568359375
spectrum,6870,4577136000,512,1,8,60,7ed9e8ed,57.22081977198832,0,97,30.240234375
spectrum,6871,4577776560,512,1,8,62,8c9b031c,57.22877954202704,0,97,30.484375
spectrum,6872,4578417760,512,1,8,39,caa9dffd,57.236813833005726,0,127,32.810546875
spectrum,6873,4579136000,512,1,8,60,d54354e8,57.245810794993304,0,97,30.548828125
spectrum,6874,4579776800,512,1,8,66,b1accbe9,57.25381111202296,0,101,34.857421875
spectrum,6875,4580416800,512,1,8,39,aee154f9,57.26180463505443,0,123,39.810546875
spectrum,6876,4581136000,512,1,8,60,93409498,57.27080029505305,0,86,29.458984375
spectrum,6877,4581776800,512,1,8,62,2e7a2231,57.27894310106058,0,95,30.34375
spectrum,6878,4582417520,512,1,8,60,7af2f266,57.28679236199241,0,86,28.3125
spectrum,6879,4583135680,512,1,8,60,1c1b9834,57.2959646260133,0,88,29.59375
spectrum,6880,4583777520,512,1,8,61,447c3ff6,57.30381863506045,0,96,29.869140625
spectrum,6881,4584416560,512,1,8,72,7679fe2c,57.31183243705891,0,117,39.626953125
spectrum,6882,4585136320,512,1,8,37,568cdc94,57.320817216997966,0,127,28.833984375
spectrum,6883,4585776800,512,1,8,60,5b210a49,57.32881904602982,0,89,29.232421875
spectrum,6884,4586417440,512,1,8,36,46e00a87,57.336990716983564,0,119,37.15625
spectrum,6885,4587136000,512,1,8,60,c7ea05a6,57.34582765598316,0,96,30.427734375
spectrum,6886,4587776480,512,1,8,31,2b596ccc,57.353727151989006,0,125,31.04296875
spectrum,6887,4588417680,512,1,8,60,192f785b,57.361825232976116,0,98,28.5078125
spectrum,6888,4589136000,512,1,8,60,5f0dedab,57.37073726498056,0,92,28.65234375
spectrum,6889,4589776800,512,1,8,62,78073c5e,57.37880949804094,0,88,30.95703125
spectrum,6890,4590416800,512,1,8,72,189e3c4d,57.38680545601528,0,113,38.677734375
spectrum,6891,4591136000,512,1,8,37,69a0fc5e,57.395803850959055,0,126,40.20703125
spectrum,6892,4591777440,512,1,8,65,41291874,57.403817693004385,0,112,33.64453125
spectrum,6893,4592416560,512,1,8,31,bafecc0d,57.41179618798196,0,126,31.171875
spectrum,6894,4593136320,512,1,8,60,53d42f0e,57.420843856059946,0,95,30.27734375
spectrum,6895,4593776880,512,1,8,61,04911474,57.42882715095766,0,93,30.146484375
spectrum,6896,4594420240,512,1,8,60,2d09ce81,57.43681281898171,0,89,29.0078125
spectrum,6897,4595136320,512,1,8,37,7acd06fc,57.44595558801666,0,128,42.396484375
spectrum,6898,4595776560,512,1,8,31,c4894c3e,57.45376446202863,0,125,30.525390625
spectrum,6899,4596416480,512,1,8,63,18deee7d,57.461747455992736,0,99,32.154296875
spectrum,6900,4597135680,512,1,8,60,64f5e099,57.47075301397126,0,91,29.884765625
spectrum,6901,4597776480,512,1,8,60,77451605,57.47875972301699,0,100,30.31640625
spectrum,6902,4598416480,512,1,8,63,c2e9014c,57.486809903988615,0,98,32.333984375
spectrum,6903,4599135680,512,1,8,60,37337dc9,57.49578661797568,0,92,30.173828125
spectrum,6904,4599778640,512,1,8,63,e066273f,57.5038128530141,0,97,31.388671875
spectrum,6905,4600416880,512,1,8,63,8c4f8a86,57.511792100034654,0,99,32.44921875
spectrum,6906,4601136640,512,1,8,39,5650feed,57.5208054529503,0,129,31.916015625
spectrum,6907,4601777440,512,1,8,37,f2cf0683,57.528803866007365,0,124,29.90625
spectrum,6908,4602416800,512,1,8,72,cc0f1d8a,57.53683530096896,0,114,39.572265625
spectrum,6909,4603136000,512,1,8,60,6adadfd0,57.54583045002073,0,89,29.720703125
spectrum,6910,4603776560,512,1,8,65,88f7cb6b,57.55383679806255,0,96,33.328125
spectrum,6911,4604416480,512,1,8,33,b99b53da,57.56181971204933,0,89,21.58203125
spectrum,6912,4605135680,512,1,8,60,44a7a3f1,57.570820961962454,0,86,29.0703125
spectrum,6913,4605777680,512,1,8,33,3a82f404,57.57895880902652,0,126,36.7109375
spectrum,6914,4606416880,512,1,8,60,863cf0b3,57.586761130951345,0,83,28.240234375
spectrum,6915,4607136000,512,1,8,60,8984af64,57.59583508898504,0,89,29.390625
spectrum,6916,4607776800,512,1,8,41,6efe493d,57.60395846795291,0,125,36.763671875
spectrum,6917,4608417840,512,1,8,31,5c9a703f,57.61200480198022,0,131,25.1796875
spectrum,6918,4609136000,512,1,8,31,65864bbb,57.62082127202302,0,121,31.046875
spectrum,6919,4609777760,512,1,8,29,793af8ad,57.629798987996764,0,126,29.939453125
spectrum,6920,4610417280,512,1,8,62,f9cb0eca,57.636842263978906,0,92,31.478515625
spectrum,6921,4611136320,512,1,8,60,61dcb7a7,57.64581925806124,0,88,30.009765625
spectrum,6922,4611776880,512,1,8,24,de6fe2ec,57.653843339998275,0,125,30.240234375
spectrum,6923,4612416800,512,1,8,39,c3948a92,57.661751903011464,0,129,31.56640625
spectrum,6924,4613136000,512,1,8,60,ec203519,57.670825249981135,0,90,29.82421875
spectrum,6925,4613776800,512,1,8,64,a7cf21e0,57.6788139740238,0,101,33.052734375
spectrum,6926,4614420240,512,1,8,60,0179cff4,57.68683342705481,0,93,29.478515625
spectrum,6927,4615136000,512,1,8,60,0efb13a6,57.69575104897376,0,91,29.17578125
spectrum,6928,4615776800,512,1,8,61,ff4d8cd4,57.70374201796949,0,95,31.6796875
spectrum,6929,4616417760,512,1,8,39,29311b11,57.71195644000545,0,127,44.68359375
spectrum,6930,4617135680,512,1,8,60,e3ac002f,57.720735540031455,0,87,29.484375
spectrum,6931,4617777760,512,1,8,60,37c78ee1,57.72882578603458,0,94,29.138671875
spectrum,6932,4618416880,512,1,8,60,8916c5e7,57.73682733497117,0,87,29.384765625
spectrum,6933,4619136000,512,1,8,60,c8605182,57.74596493400168,0,85,28.42578125
spectrum,6934,4619777520,512,1,8,31,62c06bbd,57.75384457199834,0,125,31.3515625
spectrum,6935,4620416480,512,1,8,72,4a81b1d1,57.76182782603428,0,127,40.341796875
spectrum,6936,4621135680,512,1,8,60,344395b1,57.770880192983896,0,88,29.138671875
spectrum,6937,4621776480,512,1,8,63,8b98bfca,57.77884837903548,0,92,31.521484375
spectrum,6938,4622416480,512,1,8,63,df9d82e3,57.78682365803979,0,95,31.607421875
spectrum,6939,4623135680,512,1,8,60,a57847ef,57.795741018955596,0,91,28.54296875
spectrum,6940,4623776480,512,1,8,35,3e9b51ed,57.803772074053995,0,89,30.0625
spectrum,6941,4624418080,512,1,8,31,28f08df4,57.81280010496266,0,125,30.66796875
spectrum,6942,4625136320,512,1,8,60,26c8780d,57.82082712196279,0,88,28.28515625
spectrum,6943,4625776800,512,1,8,72,f4c4ad0e,57.828953376971185,0,117,40.720703125
spectrum,6944,4626417520,512,1,8,72,db41abbf,57.83683343604207,0,119,39.775390625
spectrum,6945,4627135680,512,1,8,60,99e01478,57.845754715031944,0,88,28.181640625
spectrum,6946,4627776480,512,1,8,30,0fbd7842,57.85382298997138,0,126,29.97265625
spectrum,6947,4628416480,512,1,8,60,27a08da9,57.86175788298715,0,89,28.54296875
spectrum,6948,4629135680,512,1,8,60,f580c88e,57.8707703150576,0,89,30.3125
spectrum,6949,4629776480,512,1,8,72,b29ca2a8,57.878831746988,0,110,39.501953125
spectrum,6950,4630416480,512,1,8,60,06cf07ee,57.886805383022875,0,91,29.30078125
spectrum,6951,4631135680,512,1,8,60,43e9edf0,57.89581990800798,0,95,30.298828125
spectrum,6952,4631778720,512,1,8,72,5688b768,57.90396523906384,0,118,40.103515625
spectrum,6953,4632416880,512,1,8,66,f6e39d78,57.91197729797568,0,102,35.400390625
spectrum,6954,4633136000,512,1,8,61,2597dde2,57.920836359029636,0,94,30.2109375
spectrum,6955,4633776480,512,1,8,60,990bf4bb,57.92876379797235,0,90,29.732421875
spectrum,6956,4634421200,512,1,8,60,8bc9f185,57.93694958498236,0,93,28.92578125
spectrum,6957,4635136320,512,1,8,63,af9c98f6,57.94584424397908,0,91,31.1796875
spectrum,6958,4635777760,512,1,8,61,06e09d89,57.95382530405186,0,91,30.171875
spectrum,6959,4636416880,512,1,8,62,242aab97,57.961818787967786,0,94,31.65234375
spectrum,6960,4637136000,512,1,8,62,86831001,57.97082781302743,0,95,30.97265625
spectrum,6961,4637776800,512,1,8,72,070363e1,57.978839369956404,0,116,40.2734375
spectrum,6962,4638416800,512,1,8,61,626475cc,57.986823657061905,0,89,29.78125
spectrum,6963,4639136000,512,1,8,63,8664fb7d,57.995832592016086,0,99,31.81640625
spectrum,6964,4639776560,512,1,8,40,b9377149,58.00384383904748,0,129,43.71484375
spectrum,6965,4640416560,512,1,8,61,daf913b2,58.01178496296052,0,89,29.974609375
spectrum,6966,4641136320,512,1,8,39,fd36f857,58.02100029902067,0,125,40.66015625
spectrum,6967,4641776880,512,1,8,60,8f1cfa1a,58.02884009096306,0,87,29.21875
spectrum,6968,4642417440,512,1,8,72,734a4b67,58.036844496033154,0,119,39.27734375
spectrum,6969,4643135680,512,1,8,60,08e73cf8,58.045774381025694,0,87,28.99609375
spectrum,6970,4643776480,512,1,8,35,e126c0e0,58.05395834497176,0,118,35.845703125
spectrum,6971,4644417600,512,1,8,40,3bdb1303,58.061829586979,0,122,34.318359375
spectrum,6972,4645135680,512,1,8,63,2bb74c3b,58.070790881989524,0,104,31.892578125
spectrum,6973,4645776480,512,1,8,37,c0e9279e,58.07877084997017,0,125,30.1796875
spectrum,6974,4646416480,512,1,8,63,d81b949d,58.086809659027494,0,94,31.8671875
spectrum,6975,4647135680,512,1,8,60,4a2fbd87,58.09583303099498,0,91,28.388671875
spectrum,6976,4647776480,512,1,8,64,cdbe4420,58.10384104202967,0,100,32.439453125
spectrum,6977,4648416480,512,1,8,62,6d1d6846,58.11177095596213,0,92,31.154296875
spectrum,6978,4649136320,512,1,8,65,48907881,58.12081779201981,0,94,33.123046875
spectrum,6979,4649776880,512,1,8,63,20f1ae72,58.12877212197054,0,92,30.6328125
spectrum,6980,4650417440,512,1,8,62,5c4ed835,58.136845226050355,0,92,30.291015625
spectrum,6981,4651135680,512,1,8,59,85550f30,58.14577967999503,0,90,28.857421875
spectrum,6982,4651776480,512,1,8,64,5e0e03d9,58.15395467705093,0,105,31.923828125
spectrum,6983,4652417600,512,1,8,31,ea8b862e,58.16181098099332,0,127,30.841796875
spectrum,6984,4653135680,512,1,8,61,b6b617d9,58.17076898901723,0,89,29.78515625
spectrum,6985,4653776480,512,1,8,72,3bd5333f,58.178783593000844,0,119,39.796875
spectrum,6986,4654416480,512,1,8,60,b1085f67,58.18679308705032,0,90,28.576171875
spectrum,6987,4655135680,512,1,8,64,399daa38,58.1957549219951,0,94,34.01953125
spectrum,6988,4655776480,512,1,8,72,57a7c095,58.20386166998651,0,117,39.9609375
spectrum,6989,4656416480,512,1,8,61,10ce2e8e,58.211847088998184,0,92,30.16015625
spectrum,6990,4657136640,512,1,8,30,c3decdbe,58.22101834102068,0,121,30.267578125
spectrum,6991,4657777920,512,1,8,62,48be98e0,58.22884100105148,0,94,29.8359375
spectrum,6992,4658416880,512,1,8,61,dbb7ef8e,58.2368367590243,0,102,30.216796875
spectrum,6993,4659136000,512,1,8,61,d1dabd23,58.24583542405162,0,88,29.18359375
spectrum,6994,4659776480,512,1,8,40,794507fd,58.253791096038185,0,106,33.568359375
spectrum,6995,4660417760,512,1,8,63,b3bdfb2a,58.26206216495484,0,99,33.03125
spectrum,6996,4661136000,512,1,8,61,c98749fe,58.27084950101562,0,91,30.826171875
spectrum,6997,4661776800,512,1,8,59,651b4f77,58.278972479049116,0,92,28.654296875
spectrum,6998,4662416800,512,1,8,60,16422bdf,58.286862427019514,0,96,29.365234375
spectrum,6999,4663136000,512,1,8,60,0180c0cb,58.29583630501293,0,90,29.447265625
spectrum,7000,4663776800,512,1,8,72,a9e974c0,58.30379781895317,0,120,39.517578125
spectrum,7001,4664416800,512,1,8,39,f0f8b769,58.31183569598943,0,126,33.2421875
spectrum,7002,4665136000,512,1,8,63,53b55a1f,58.32097429595888,0,98,32.33984375
spectrum,7003,4665777520,512,1,8,60,41eb0762,58.32884276297409,0,94,30.486328125
spectrum,7004,4666416560,512,1,8,60,c778c278,58.33682651899289,0,88,29.02734375
spectrum,7005,4667136320,512,1,8,60,0ad3c728,58.345838880049996,0,91,28.53125
spectrum,7006,4667776880,512,1,8,60,aa8705b7,58.35377581603825,0,92,29.212890625
spectrum,7007,4668418400,512,1,8,62,0b9ebbdd,58.36184120597318,0,93,31.4375
spectrum,7008,4669135680,512,1,8,62,532428f1,58.370756904012524,0,96,30.859375
spectrum,7009,4669776480,512,1,8,60,acd3da48,58.37877553596627,0,93,29.2890625
spectrum,7010,4670416480,512,1,8,61,b4fee7f5,58.38682039605919,0,89,29.369140625
spectrum,7011,4671135680,512,1,8,61,14f8d94c,58.395815244992264,0,90,30.328125
spectrum,7012,4671776480,512,1,8,61,ec0b2146,58.40392956696451,0,87,29.41015625
spectrum,7013,4672416480,512,1,8,60,59c2c90c,58.41179061005823,0,91,29.4375
spectrum,7014,4673135680,512,1,8,60,4d4b14e3,58.42074600304477,0,95,29.615234375
spectrum,7015,4673777760,512,1,8,31,7ba938bc,58.42893133999314,0,128,29.486328125
spectrum,7016,4674417600,512,1,8,31,c97ed9d3,58.43683717795648,0,125,30.939453125
spectrum,7017,4675139040,512,1,8,60,93e823e0,58.446748259011656,0,88,29.900390625
spectrum,7018,4675777600,512,1,8,63,656ebed0,58.4538539230125,0,94,31.751953125
spectrum,7019,4676416560,512,1,8,64,2bf4d01c,58.461954419035465,0,96,32.314453125
spectrum,7020,4677136000,512,1,8,62,e39314fe,58.470822197035886,0,96,31.78125
spectrum,7021,4677776560,512,1,8,72,3ca25e69,58.47884343296755,0,117,40.0703125
spectrum,7022,4678416480,512,1,8,72,db1770e1,58.48685287695844,0,125,40.1953125
spectrum,7023,4679135680,512,1,8,60,4fdbda19,58.495818839990534,0,97,28.775390625
spectrum,7024,4679776480,512,1,8,64,880c20c4,58.50376365205739,0,99,32.37890625
spectrum,7025,4680416480,512,1,8,63,fe225442,58.511753618950024,0,94,31.466796875
spectrum,7026,4681135680,512,1,8,41,6d347e36,58.52076800400391,0,123,35.328125
spectrum,7027,4681777760,512,1,8,60,8900316d,58.52883317298256,0,87,29.3984375
spectrum,7028,4682416880,512,1,8,62,2a702d8a,58.53683432098478,0,98,30.763671875
spectrum,7029,4683136000,512,1,8,29,3ffb49ac,58.545987177989446,0,128,28.169921875
spectrum,7030,4683777520,512,1,8,62,deed90ae,58.5538444040576,0,101,30.228515625
spectrum,7031,4684416480,512,1,8,63,91f72228,58.5617577759549,0,99,31.380859375
spectrum,7032,4685136320,512,1,8,63,c75e6ffa,58.57082313799765,0,94,30.826171875
spectrum,7033,4685776880,512,1,8,64,45b6973a,58.57878389896359,0,100,33.18359375
spectrum,7034,4686416800,512,1,8,62,37dbd7e3,58.586781600955874,0,91,29.947265625
spectrum,7035,4687136000,512,1,8,59,fc59bc9f,58.59577374404762,0,98,28.70703125
spectrum,7036,4687776800,512,1,8,64,8ff70417,58.60378403903451,0,96,32.8671875
spectrum,7037,4688416800,512,1,8,62,fe84f1dd,58.611867252970114,0,91,30.703125
spectrum,7038,4689136000,512,1,8,64,0fb7a1e1,58.62083509005606,0,100,32.638671875
spectrum,7039,4689776800,512,1,8,33,d0c4d626,58.62897188402712,0,126,35.5234375
spectrum,7040,4690417600,512,1,8,60,85bd4c6c,58.63679392402992,0,91,28.923828125
spectrum,7041,4691135680,512,1,8,62,a7b1a9c5,58.645765939028934,0,101,31.14453125
spectrum,7042,4691777760,512,1,8,62,3ba2bafc,58.65382144995965,0,90,30.31640625
spectrum,7043,4692416880,512,1,8,65,5a2dc1e8,58.66177714196965,0,103,32.8359375
spectrum,7044,4693136000,512,1,8,37,08a1926d,58.67084032902494,0,124,29.8515625
spectrum,7045,4693776480,512,1,8,61,3998891c,58.67877986095846,0,88,30.28515625
spectrum,7046,4694416480,512,1,8,61,827c899a,58.68686146102846,0,91,29.328125
spectrum,7047,4695135680,512,1,8,60,f5d57aef,58.695829477976076,0,92,29.1875
spectrum,7048,4695779600,512,1,8,62,6b931d79,58.70375803904608,0,95,31.376953125
spectrum,7049,4696416480,512,1,8,64,ad1ad312,58.71180231904145,0,98,33.04296875
spectrum,7050,4697135680,512,1,8,64,6b40de79,58.72084187204018,0,98,31.91015625
spectrum,7051,4697776480,512,1,8,61,faafa6a3,58.72896841703914,0,91,29.44140625
spectrum,7052,4698418240,512,1,8,72,c5939df7,58.736968433018774,0,117,39.794921875
spectrum,7053,4699136000,512,1,8,60,77bc61ab,58.745844095014036,0,92,27.73046875
spectrum,7054,4699777360,512,1,8,64,35fdfb81,58.7539228600217,0,101,33.2265625
spectrum,7055,4700416560,512,1,8,62,93367395,58.7617854870623,0,96,30.580078125
spectrum,7056,4701135680,512,1,8,35,0a4d6cbc,58.770896614994854,0,118,37.23046875
spectrum,7057,4701776480,512,1,8,61,f3ba9e6e,58.778787935036235,0,99,31.525390625
spectrum,7058,4702416480,512,1,8,62,af503bcd,58.78686525695957,0,98,30.693359375
spectrum,7059,4703135680,512,1,8,60,38fc4502,58.79582259396557,0,87,29.45703125
spectrum,7060,4703776480,512,1,8,62,6ba8d156,58.80387669301126,0,95,31.08203125
spectrum,7061,4704416480,512,1,8,61,d692d29a,58.811778092058375,0,89,29.974609375
spectrum,7062,4705135680,512,1,8,31,b1d37a33,58.820772959967144,0,124,29.9296875
spectrum,7063,4705776480,512,1,8,61,c154aae0,58.828762046061456,0,93,30.216796875
spectrum,7064,4706417760,512,1,8,60,66783df9,58.83687783998903,0,93,29.46484375
spectrum,7065,4707136000,512,1,8,61,68da5b88,58.84584340301808,0,95,30.396484375
spectrum,7066,4707776800,512,1,8,28,9d555aeb,58.853860961971804,0,120,28.74609375
spectrum,7067,4708417360,512,1,8,29,7ca2a166,58.861865557031706,0,117,30.107421875
spectrum,7068,4709135680,512,1,8,72,164ab6e7,58.87077408202458,0,124,40.373046875
spectrum,7069,4709777760,512,1,8,60,644bddf2,58.878844761056826,0,96,29.830078125
spectrum,7070,4710417520,512,1,8,63,6ccbd38c,58.88686603796668,0,95,32.205078125
spectrum,7071,4711135680,512,1,8,32,d82ff8ac,58.89580413803924,0,120,35.26171875
spectrum,7072,4711776480,512,1,8,37,bedbeed5,58.90382522402797,0,126,40.4921875
spectrum,7073,4712416480,512,1,8,61,ccd6e1e6,58.911855838028714,0,92,30.5234375
spectrum,7074,4713135680,512,1,8,39,f273ec3d,58.920805000001565,0,128,32.8828125
spectrum,7075,4713776480,512,1,8,63,9adaad9a,58.92879954504315,0,100,32.060546875
spectrum,7076,4714418400,512,1,8,30,b23822a8,58.93701063096523,0,124,29.30078125
spectrum,7077,4715136320,512,1,8,61,f09bad46,58.9458267709706,0,94,29.74609375
spectrum,7078,4715780000,512,1,8,31,d9251c75,58.95384252700023,0,130,28.12109375
spectrum,7079,4716417760,512,1,8,63,55552500,58.96184236195404,0,94,32.275390625
spectrum,7080,4717136320,512,1,8,63,2dedd687,58.970848241006024,0,95,31.15625
spectrum,7081,4717777440,512,1,8,60,b71df0fc,58.978852425003424,0,96,29.755859375
spectrum,7082,4718416560,512,1,8,72,ef0e1101,58.986839376040734,0,127,42.658203125
spectrum,7083,4719135680,512,1,8,59,04b79805,58.99577414104715,0,92,27.9921875
spectrum,7084,4719776480,512,1,8,63,0367afca,59.003823930979706,0,96,31.7734375
spectrum,7085,4720416480,512,1,8,63,66ef8864,59.01179708598647,0,95,32.0859375
spectrum,7086,4721136320,512,1,8,61,cdedc744,59.0208409660263,0,94,29.408203125
spectrum,7087,4721776880,512,1,8,61,ad32b7c4,59.028774386039004,0,95,30.548828125
spectrum,7088,4722416800,512,1,8,60,22f625f6,59.03698077297304,0,97,28.82421875
spectrum,7089,4723136000,512,1,8,57,13a42ec3,59.045849762973376,0,85,27.50390625
spectrum,7090,4723776480,512,1,8,61,69c4fd1a,59.053799472982064,0,95,31.1953125
spectrum,7091,4724417760,512,1,8,63,d2a5107b,59.0618197680451,0,102,32.849609375
spectrum,7092,4725136000,512,1,8,64,ad78686e,59.07084790896624,0,96,32.3671875
spectrum,7093,4725778400,512,1,8,62,89651473,59.07884336600546,0,94,30.74609375
spectrum,7094,4726416560,512,1,8,60,640a872c,59.0868357779691,0,93,28.90625
spectrum,7095,4727135680,512,1,8,61,3b0a2398,59.09583529504016,0,90,29.109375
spectrum,7096,4727776480,512,1,8,37,d6a605a9,59.103803019970655,0,124,39.849609375
spectrum,7097,4728416480,512,1,8,63,de973f7f,59.111787555972114,0,95,31.912109375
spectrum,7098,4729135680,512,1,8,63,8f759764,59.12086154404096,0,94,31.21484375
spectrum,7099,4729776480,512,1,8,60,dd6c42dd,59.12882899795659,0,96,28.076171875
spectrum,7100,4730416480,512,1,8,31,4307e330,59.13683066703379,0,125,31.158203125
spectrum,7101,4731136320,512,1,8,61,810ff7f2,59.145862595993094,0,88,30.44140625
spectrum,7102,4731776880,512,1,8,63,3736c431,59.15379120595753,0,95,31.818359375
spectrum,7103,4732418400,512,1,8,61,8076d86a,59.16192021605093,0,95,30.033203125
spectrum,7104,4733135680,512,1,8,63,1eb96d05,59.17077748395968,0,94,31.466796875
spectrum,7105,4733777760,512,1,8,60,dda7010a,59.179008407052606,0,92,28.935546875
spectrum,7106,4734417280,512,1,8,60,1eade284,59.18685851898044,0,87,29.935546875
spectrum,7107,4735135680,512,1,8,59,2245e376,59.19577928702347,0,97,29.1875
spectrum,7108,4735776480,512,1,8,64,7b138f39,59.20388195698615,0,108,32.291015625
spectrum,7109,4736419600,512,1,8,64,03363674,59.21185537299607,0,95,33.162109375
spectrum,7110,4737135680,512,1,8,62,3b318abc,59.220826196018606,0,96,31.181640625
spectrum,7111,4737778000,512,1,8,60,969be5d1,59.22885781095829,0,93,29.14453125
spectrum,7112,4738416880,512,1,8,39,45f0c905,59.23841787897982,0,126,41.806640625
spectrum,7113,4739136000,512,1,8,64,795995c9,59.245918459957466,0,100,33.46484375
spectrum,7114,4739776560,512,1,8,61,a76ec13c,59.25511505000759,0,96,29.900390625
spectrum,7115,4740416480,512,1,8,29,06130e2e,59.26201831095386,0,124,30.3203125
spectrum,7116,4741136000,512,1,8,59,60f03e1b,59.270777552970685,0,96,29.498046875
spectrum,7117,4741776480,512,1,8,60,1ec7431c,59.278870805050246,0,90,28.501953125
spectrum,7118,4742417760,512,1,8,60,20158ead,59.28687686298508,0,88,28.71875
spectrum,7119,4743136000,512,1,8,59,284ad3c8,59.29580519499723,0,90,28.25390625
spectrum,7120,4743776800,512,1,8,38,57198633,59.30381626205053,0,125,30.783203125
spectrum,7121,4744416800,512,1,8,38,ac10b69f,59.31187621096615,0,132,28.517578125
spectrum,7122,4745136000,512,1,8,37,ae608f49,59.320850159972906,0,120,31.357421875
spectrum,7123,4745776800,512,1,8,60,611afa99,59.32887697604019,0,86,27.533203125
spectrum,7124,4746416800,512,1,8,62,cae958d8,59.336891680024564,0,99,30.4453125
spectrum,7125,4747136000,512,1,8,59,7534836b,59.34599030402023,0,93,27.85546875
spectrum,7126,4747777840,512,1,8,31,c6386b3a,59.35387911996804,0,130,27.12890625
spectrum,7127,4748417440,512,1,8,72,a4a3edc5,59.36184800695628,0,119,40.525390625
spectrum,7128,4749136320,512,1,8,61,952e5485,59.37086777202785,0,91,30.12109375
spectrum,7129,4749776880,512,1,8,60,34c5ae88,59.37875695805997,0,94,29.0078125
spectrum,7130,4750417440,512,1,8,62,46f9d20f,59.3868340899935,0,93,31.6015625
spectrum,7131,4751135680,512,1,8,39,c4c08b37,59.395776047953404,0,128,32.16015625
spectrum,7132,4751776480,512,1,8,35,6d08a272,59.403810358955525,0,118,33.86328125
spectrum,7133,4752416480,512,1,8,39,f71bec9a,59.41180326102767,0,126,40.509765625
spectrum,7134,4753135680,512,1,8,72,d0205f43,59.42080214701127,0,114,41.966796875
spectrum,7135,4753776480,512,1,8,62,2dbd937a,59.42882287199609,0,93,30.935546875
spectrum,7136,4754416480,512,1,8,60,30ff249f,59.43684266600758,0,91,29.81640625
spectrum,7137,4755135680,512,1,8,58,a2833adc,59.44586650899146,0,101,28.14453125
spectrum,7138,4755777760,512,1,8,61,ba8a3462,59.45385825901758,0,91,29.517578125
spectrum,7139,4756420000,512,1,8,65,86b08728,59.46185215306468,0,100,35.001953125
spectrum,7140,4757136320,512,1,8,58,4b143a3d,59.47085205104668,0,90,28.146484375
spectrum,7141,4757776560,512,1,8,72,0fa9ed48,59.47882333304733,0,124,40.044921875
spectrum,7142,4758416480,512,1,8,63,add1435f,59.48703280498739,0,96,30.525390625
spectrum,7143,4759136000,512,1,8,60,adfea57b,59.495800903998315,0,93,29.091796875
spectrum,7144,4759776480,512,1,8,62,68b66371,59.50386384897865,0,95,30.87109375
spectrum,7145,4760416480,512,1,8,72,2c30156d,59.51182501099538,0,120,39.9921875
spectrum,7146,4761135680,512,1,8,61,ed8657d6,59.520822794991545,0,90,30.509765625
spectrum,7147,4761776480,512,1,8,39,e208ba5f,59.5288771140622,0,131,32.529296875
spectrum,7148,4762416480,512,1,8,60,6182b969,59.536785976961255,0,93,29.0859375
spectrum,7149,4763135680,512,1,8,43,a891ca34,59.54578605503775,0,99,25.576171875
spectrum,7150,4763777680,512,1,8,29,10379aeb,59.553821768960916,0,123,29.64453125
spectrum,7151,4764417440,512,1,8,63,1d25dee1,59.56184518896043,0,96,31.369140625
spectrum,7152,4765136640,512,1,8,38,e4b6585d,59.57085096696392,0,128,29.7890625
spectrum,7153,4765777440,512,1,8,62,255a0fe4,59.57885492104106,0,93,30.65234375
spectrum,7154,4766416800,512,1,8,63,8f09009a,59.586838284973055,0,98,31.298828125
spectrum,7155,4767136000,512,1,8,60,6640e9cd,59.595840938040055,0,90,28.396484375
spectrum,7156,4767776560,512,1,8,41,621ab83a,59.603851704043336,0,125,34.48828125
spectrum,7157,4768416480,512,1,8,61,68617c57,59.61177487496752,0,94,31.0703125
spectrum,7158,4769135680,512,1,8,61,642f5b9e,59.620831610052846,0,90,29.814453125
spectrum,7159,4769776480,512,1,8,60,3486138c,59.62882851995528,0,96,29.09375
spectrum,7160,4770416480,512,1,8,60,9d6cc34f,59.63684841396753,0,93,30.560546875
spectrum,7161,4771135680,512,1,8,35,ffae5df1,59.64576034503989,0,122,21.93359375
spectrum,7162,4771778320,512,1,8,62,56254e91,59.65385999903083,0,92,30.568359375
spectrum,7163,4772416880,512,1,8,31,7d12d126,59.661850486998446,0,131,24.986328125
spectrum,7164,4773136000,512,1,8,27,1055095e,59.67087968997657,0,118,31.744140625
spectrum,7165,4773777520,512,1,8,64,4932009b,59.67888711998239,0,95,32.5390625
spectrum,7166,4774416560,512,1,8,61,3f25e3a0,59.686828054022044,0,91,30.658203125
spectrum,7167,4775136320,512,1,8,58,2a4a80da,59.69585823896341,0,93,27.68359375
spectrum,7168,4775776880,512,1,8,62,1e5e418d,59.703903540968895,0,93,30.251953125
spectrum,7169,4776416800,512,1,8,33,9aee30a5,59.711851058062166,0,123,39.1484375
spectrum,7170,4777136000,512,1,8,37,10b0ea73,59.72087445005309,0,129,26.9140625
spectrum,7171,4777776800,512,1,8,60,e2fc8978,59.728800434968434,0,90,30.30859375
spectrum,7172,4778416800,512,1,8,29,86f6d388,59.736807415029034,0,94,22.537109375
spectrum,7173,4779136000,512,1,8,43,b15c6713,59.74580088001676,0,98,24.35546875
spectrum,7174,4779776800,512,1,8,39,394a35f9,59.75399149698205,0,126,38.94921875
spectrum,7175,4780417920,512,1,8,60,0f3dd73c,59.76199102203827,0,123,40.4375
spectrum,7176,4781135680,512,1,8,63,e2b0b087,59.77084770798683,0,93,32.6328125
spectrum,7177,4781777760,512,1,8,57,f4c35796,59.779003379051574,12,119,73.86328125
spectrum,7178,4782416960,512,1,8,63,575215cf,59.786873287986964,0,94,31.08203125
spectrum,7179,4783136640,512,1,8,59,186ac351,59.795944090001285,0,91,27.7421875
spectrum,7180,4783777440,512,1,8,57,194c2bd0,59.80386379396077,0,113,65.8125
spectrum,7181,4784416880,512,1,8,60,6ec5c857,59.8118207489606,0,122,41.59375
spectrum,7182,4785136000,512,1,8,34,654494ae,59.82085860799998,0,125,31.767578125
spectrum,7183,4785776800,512,1,8,31,d2ad87ba,59.82888025499415,0,121,31.69921875
spectrum,7184,4786416800,512,1,8,60,27133858,59.83687371900305,0,126,44.166015625
spectrum,7185,4787136000,512,1,8,43,2e5b1556,59.845848008058965,0,114,18.06640625
spectrum,7186,4787776720,512,1,8,36,6b8158f4,59.85379122605082,0,120,35.76171875
spectrum,7187,4788417440,512,1,8,33,4c4b8fa2,59.861846938030794,0,120,40.5859375
spectrum,7188,4789135680,512,1,8,62,42015a8d,59.87080848298501,0,97,31.017578125
spectrum,7189,4789777760,512,1,8,62,c506a033,59.87885456602089,0,97,31.052734375
spectrum,7190,4790416880,512,1,8,39,7e1bb1e9,59.88685877004173,0,116,39.451171875
spectrum,7191,4791136000,512,1,8,32,648540d8,59.89600348100066,0,119,38.177734375
spectrum,7192,4791777600,512,1,8,36,9322301e,59.903887668042444,0,121,39.744140625
spectrum,7193,4792416560,512,1,8,60,eef101a6,59.91187666298356,0,86,29.21484375
spectrum,7194,4793135680,512,1,8,72,42d83491,59.92085535102524,0,144,55.0625
spectrum,7195,4793776560,512,1,8,37,67b1b355,59.92890305700712,0,129,27.119140625
spectrum,7196,4794416480,512,1,8,32,88dc173b,59.936824414064176,0,131,27.85546875
spectrum,7197,4795135680,512,1,8,36,dfaef3fc,59.94579456502106,0,134,16.427734375
spectrum,7198,4795776400,512,1,8,35,63b8e151,59.95380263600964,0,88,31.296875
spectrum,7199,4796417760,512,1,8,31,45b43cde,59.96282302297186,0,126,30.30078125
spectrum,7200,4797136320,512,1,8,62,0f904414,59.970882722060196,0,90,30.705078125
spectrum,7201,4797776880,512,1,8,29,4c01cf64,59.978989138966426,0,124,31.20703125
spectrum,7202,4798417840,512,1,8,60,7773afe9,59.986885127960704,0,87,28.55078125
spectrum,7203,4799135680,512,1,8,43,1e4cec98,59.99584134295583,0,151,20.58203125
spectrum,7204,4799777680,512,1,8,59,fc9b4ca7,60.003879601019435,0,85,27.947265625
