ac_power_codes_squared,actual_crc32,capture_index,channel_to_background_db,command_start_ns,component_endpoint_fraction,crc_and_count_valid,crc_ok,expected_crc32,firmware_capture_us,header_received_ns,mean_i,mean_power_codes_squared,mean_q,nominal_rf_window_us,payload_received_ns,payload_transfer_ms,private_payload_sha256,returned_samples,round_trip_ms,sample_count_ok,unique_i_codes,unique_q_codes
449.9330178521113,e9b087c5,0,0.21932338702264664,701462741105870,0.0,True,True,e9b087c5,1033,701462748094971,-0.5327838827838828,834.6066544566545,-19.605860805860807,1023.7499999999999,701463103121738,355.026767,7edeed80b6efe458e6487028fdef281b453c948ebcf126e70d1f6a8d2ef7ecf0,16380,362.015868,True,122,125
1144.6123826631244,2da19984,1,-1.2647673822406937,701463114920126,0.0039987789987789985,True,True,2da19984,1025,701463121953481,-0.3575091575091575,1271.0637973137973,-11.23937728937729,1023.7499999999999,701463477123227,355.169746,4c6a8622ff5e421c8d4eb9da67a0335c9b249ec933e089b8aa2d91b446fb9503,16380,362.203101,True,187,203
591.3413871520557,572c8a60,2,-0.07689198813084798,701463479619759,0.0004884004884004884,True,True,572c8a60,1025,701463485955043,2.259096459096459,758.7459706959706,-12.73974358974359,1023.7499999999999,701463841169073,355.21403,ffcd7b895ae3f3d5312e4316342d2ad0e4c3ccc568b56495c7b79af0c969ff52,16380,361.549314,True,187,204
979.1428487754954,b96daf26,3,-10.700761550256225,701463843753602,0.002014652014652015,True,True,b96daf26,1025,701463851024636,-1.4761904761904763,1022.8095848595849,-6.441086691086691,1023.7499999999999,701464206147894,355.123258,4e06b89a26e07393ecf0f5dc0bd30a0593c4662bfc056ed2a3d4b3ecd38a1df8,16380,362.394292,True,192,203
365.9490921132862,d114ef75,4,0.04979641183367478,701464207985430,0.0007326007326007326,True,True,d114ef75,1025,701464214996593,-1.6304639804639804,402.12368742368744,-5.789316239316239,1023.7499999999999,701464570166458,355.169865,2c336de3f56ceffa19d30190f3b26802c098544db869f43bbf9b61c3d23584a8,16380,362.181028,True,141,158
1235.114110987371,03cff15d,5,-1.7139240959354793,701464571930104,0.004304029304029304,True,True,03cff15d,1025,701464578945845,1.4700854700854702,1364.009523809524,-11.257631257631258,1023.7499999999999,701464934147310,355.201465,b5b0b6b331aae871d3e3660164dd52a9f1da9035add795711f6b62746abd4409,16380,362.217206,True,207,229
348.1195072574285,e7c8ef5e,6,-0.8136851613722241,701464936245358,0.0,True,True,e7c8ef5e,1025,701464942934862,2.145054945054945,481.49615384615385,-11.347924297924298,1023.7499999999999,701465298180450,355.245588,cae08b386d974b893d4350baae2d099ebc357bfb2e6f89b33a1988ce00ce09a4,16380,361.935092,True,119,123
469.40838614648135,e1bfb5fd,7,0.19766591446729598,701465300413184,0.0,True,True,e1bfb5fd,1025,701465306938477,2.531257631257631,742.9804639804639,-16.345177045177046,1023.7499999999999,701465662144780,355.206303,3011ff91af7441de6c6176a7758bb68035649ea310fc9bc4049549097a26bf76,16380,361.731596,True,122,125
773.1484983101283,eb4594c4,8,-1.0882728418236658,701465664278315,0.0008241758241758242,True,True,eb4594c4,1025,701465671090933,0.46514041514041515,965.5832722832723,-13.864285714285714,1023.7499999999999,701466026164394,355.073461,cdbb241ad20d2a70b05cb99713744ddd5c01db4b9b698ac4d2defdc2c7a7ceee,16380,361.886079,True,139,159
1424.8699391996554,9c870e22,9,0.9351377086882637,701466027779719,0.004181929181929182,True,True,9c870e22,1025,701466035031737,0.4818070818070818,1560.315811965812,-11.628144078144079,1023.7499999999999,701466390186101,355.154364,b34a209d40e5ee5c49d32bbfa006cd383996ab6828047adb927a625601878f98,16380,362.406382,True,210,234
83.0850557165667,3c7b06c5,10,3.723115999728597,701466391922716,0.0,True,True,3c7b06c5,1025,701466398991949,-0.6194139194139194,87.2398656898657,-1.941941391941392,1023.7499999999999,701466754233907,355.241958,c2ff9a83dcabd73e9ae77adcd413830176ffaf4b2b971a111ec41235eeb60da9,16380,362.311191,True,46,49
1654.238715749723,6025ce68,11,-11.024719968319538,701466756300406,0.004242979242979243,True,True,6025ce68,1025,701466763031339,-0.11752136752136752,1657.4901098901098,-1.7993284493284494,1023.7499999999999,701467118261094,355.229755,8d90a1e1ff4c9601f926300de58799cca1cadd36e8505e13f93695b23211b866,16380,361.960688,True,218,225
2035.1709709680497,d6709b02,12,-9.024028618176887,701467121254967,0.006562881562881563,True,True,d6709b02,1025,701467128008733,-0.3275946275946276,2038.8648962148961,-1.8938339438339438,1023.7499999999999,701467483217127,355.208394,575e983b8844e91bae3e3c37eae8be579a34b84a6e12f281fc882d4d7a6882cc,16380,361.96216,True,214,228
394.75015296804673,aa7bcb2d,13,0.2986445970589708,701467486056679,0.0,True,True,aa7bcb2d,1025,701467493052813,1.9827228327228328,745.9029304029305,-18.633882783882783,1023.7499999999999,701467848216181,355.163368,16cb2eb41e00a7171373222b6f93790d095d6e693a18595ec077a7646e73e52f,16380,362.159502,True,101,111
452.7285321299241,d6fff5ae,14,-0.23578263734836952,701467850555957,0.0,True,True,d6fff5ae,1025,701467857027379,2.111111111111111,718.4714285714285,-16.164346764346764,1023.7499999999999,701468212224562,355.197183,a4ea288a76de53eae8a4b0596268a48da53fb9a33488ad97d53999a3808f6da2,16380,361.668605,True,120,122
397.59768241594253,b95dbb54,15,-0.01705853445699646,701468215304928,0.0,True,True,b95dbb54,1025,701468221387434,1.6304639804639804,603.4612942612943,-14.255006105006105,1023.7499999999999,701468577231199,355.843765,02642942f3eb56ae70053a75df4d38c31a58f29ef5877b208303e087dbba149b,16380,361.926271,True,121,123
350.5630263051967,b2bbd119,16,0.023883513320555782,701468579678578,0.0,True,True,b2bbd119,1025,701468586370848,-1.4478021978021978,587.7702686202687,-15.333333333333334,1023.7499999999999,701468942213099,355.842251,471a00fe1e6630f342aa04aaad534bc45fc7cf5507c7304ddb90f9b853438864,16380,362.534521,True,113,122
1413.4864938443052,1daeb260,17,-9.2946431479774,701468944289687,0.002106227106227106,True,True,1daeb260,1025,701468950371061,-0.42576312576312575,1425.7071428571428,-3.46978021978022,1023.7499999999999,701469306266864,355.895803,6f9fb92c508aa7d6a37a92184ce5d4368f7b1c08ee8f4ca8927d4bec4fa6cab1,16380,361.977177,True,173,187
321.9519565016452,b3954ed1,18,-0.19909187909791373,701469309863467,0.0,True,True,b3954ed1,1025,701469316366538,-1.0695360195360195,477.381684981685,-12.42118437118437,1023.7499999999999,701469672231592,355.865054,a57ffc5027c8b65b936aa632cf8374d38dab9b707726c086d4edddabf16c29b0,16380,362.368125,True,107,124
1275.9688767795085,165fb42b,19,-9.933588018653484,701469674311847,0.0014652014652014652,True,True,165fb42b,1025,701469680319932,-0.8641025641025641,1305.6642857142858,-5.380402930402931,1023.7499999999999,701470036227837,355.907905,6fc6ac7d2f129cf2690a6dc8585be7e01fc5d7e3d797744e528c5caa298b3102,16380,361.91599,True,160,179
371.09271126377354,f8d6b6d7,20,0.00881107589271815,701470038287813,0.0,True,True,f8d6b6d7,1025,701470044360320,1.2253968253968255,634.9947496947497,-16.198778998778998,1023.7499999999999,701470400249759,355.889439,39342e339015ddf1e0958169ffd4fd05b9945b91edf96c2d36756541d85c0a6e,16380,361.961946,True,111,115
738.4908633589312,27b1a309,21,-1.1206737768438855,701470403565681,0.0005189255189255189,True,True,27b1a309,1025,701470409364360,-0.2777777777777778,872.5917582417583,-11.576862026862027,1023.7499999999999,701470765273165,355.908805,b26750a001397abf08eb97fff24978b4e3b205124d8d57d32bab85bd8965cfa1,16380,361.707484,True,124,145
936.503934959695,25ee6251,22,-5.473994294585407,701470767742286,0.001800976800976801,True,True,25ee6251,1025,701470774402404,-0.05628815628815629,1032.3904151404151,-9.792002442002442,1023.7499999999999,701471130240155,355.837751,7aa5fe599e8261dacbb865e370c062005c247ede86005a96b3c4d7c0c0ec8807,16380,362.497869,True,184,210
449.34552388630226,83253d52,23,-0.111940980618474,701471132729303,0.0,True,True,83253d52,1025,701471139428826,-1.9203296703296704,801.5141025641026,-18.66764346764347,1023.7499999999999,701471495259382,355.830556,d0b0191f8ed84f348aad97c1871afac9d75e37fa66ce701720b9c75072904f25,16380,362.530079,True,116,117
436.6320505068124,2eef4f13,24,0.07601190906600636,701471497304601,0.0,True,True,2eef4f13,1025,701471503354726,-0.08412698412698413,833.5973137973137,-19.923809523809524,1023.7499999999999,701471859268509,355.913783,321249c871aa31e5bf9c80ae946d63f386520eb25092835a8b0a18070391f685,16380,361.963908,True,105,110
405.82661387215416,a8d965a0,25,0.022268349343892883,701471860965659,0.0,True,True,a8d965a0,1025,701471867361087,-0.8231990231990232,729.6586691086691,-17.976495726495727,1023.7499999999999,701472223277234,355.916147,9252ed4b4881f0b43cc1aec0bc8de097702f5e0d16e849bd61b181813577f753,16380,362.311575,True,105,116
462.6710624760533,3ecb7217,26,-0.1690541302108487,701472226113349,0.0,True,True,3ecb7217,1025,701472232452380,0.24902319902319903,868.5612332112332,-20.145177045177046,1023.7499999999999,701472588291110,355.83873,5a34f432fe160183c367eb309d208dab10860aed6e793e6c70183041605ac585,16380,362.177761,True,116,120
1066.347367732322,db79bf19,27,-7.467778967552836,701472591188000,0.00173992673992674,True,True,db79bf19,1025,701472597396854,-1.0076312576312576,1147.9149572649574,-8.975091575091575,1023.7499999999999,701472953288985,355.892131,d13f84b424cf620d0ba49dc3fe81a28cb3f242ae6a98dea2ef7300f3f00c7f3b,16380,362.100985,True,152,182
996.8123254892579,977d6e17,28,0.14729784235761453,701472956269403,0.002014652014652015,True,True,977d6e17,1025,701472962455184,0.33449328449328447,1182.8918803418803,-13.636996336996337,1023.7499999999999,701473318278905,355.823721,41b110e3cdcd46624abb7876396eca2b381b48c56982477cb0a7e70005b20489,16380,362.009502,True,202,218
395.2195049168035,9b37f2e2,29,0.4677664377734253,701473320187195,0.0,True,True,9b37f2e2,1025,701473326444251,-1.246031746031746,794.5651404151404,-19.944749694749696,1023.7499999999999,701473682284843,355.840592,4727906edfe54872ae62f2ac61b7431813e7e92fc7d2bdc2d9036baf281dee92,16380,362.097648,True,101,111
767.3299063712709,0647e0f7,30,6.505634446892234,701473684358836,0.002106227106227106,True,True,0647e0f7,1025,701473690488772,-0.2898656898656899,1016.9979853479854,-15.798229548229548,1023.7499999999999,701474046307272,355.8185,e327eb399857ac06d1f7c60aeff205642e32313ba4661c292783ced9278e8a04,16380,361.948436,True,133,152
560.2339201891583,4733b1f6,31,-1.4045321860309345,701474049211927,0.001282051282051282,True,True,4733b1f6,1025,701474055446380,-0.642979242979243,796.020634920635,-15.341880341880342,1023.7499999999999,701474410364747,354.918367,2a3706df4f20677ea6ba92b29136db123381a530d176677c9479c270069f1d22,16380,361.15282,True,152,170
736.7862689206737,3e84e5d3,32,0.756687599913979,701474412150705,0.0022893772893772895,True,True,3e84e5d3,1025,701474418541744,-1.0675824175824176,1134.465873015873,-19.913308913308914,1023.7499999999999,701474773398965,354.857221,4424f2b2a152e71a507e9cdba4ebf895d450e0d522f134819e98d8c3f59431fd,16380,361.24826,True,129,146
1703.988676216268,e5102bcd,33,0.031555290282041945,701474775048766,0.004517704517704518,True,True,e5102bcd,1025,701474781428273,-0.8532356532356532,1705.428021978022,-0.8434065934065934,1023.7499999999999,701475136387948,354.959675,a6ce64831f5bfbd4cdc24498db4c4194b3d535203d1d7a623a08697b8931babb,16380,361.339182,True,230,246
1664.1018978257528,97fde410,34,-7.793193863655139,701475139391469,0.005525030525030525,True,True,97fde410,1025,701475145499223,-1.013980463980464,1773.7476800976801,-10.421978021978022,1023.7499999999999,701475500377853,354.87863,c157f740f400c42be579af8e2235d7457f230e7830bc11bc8c555de4432c6fbf,16380,360.986384,True,178,212
792.7566063732089,c89103b1,35,0.6388782270089798,701475502322411,0.0022283272283272282,True,True,c89103b1,1025,701475508454531,-0.9850427350427351,1122.1728327228327,-18.123076923076923,1023.7499999999999,701475863393174,354.938643,2f5c440233b2eed4511d656dd2df1f913321daeb5d1226bab4491722e098191c,16380,361.070763,True,135,160
1386.401650446284,39a67978,36,-5.236166945119138,701475865016525,0.004792429792429793,True,True,39a67978,1025,701475871467718,-1.2293650793650794,1524.3847374847376,-11.682112332112332,1023.7499999999999,701476226405139,354.937421,98160b7e17224397d7afdbf33c87870b6f061fc61e170ac9c5a73b870ad6ca53,16380,361.388614,True,202,230
706.5946276691698,fc07f1bc,37,-0.3618581493045906,701476228747790,0.0004884004884004884,True,True,fc07f1bc,1025,701476235478843,0.32124542124542127,1118.644078144078,-20.296459096459095,1023.7499999999999,701476590408157,354.929314,585538835cd3e3918dc33806a463a13f91359a08949a09273b53427bef8be262,16380,361.660367,True,206,219
409.9138344507209,372f39c0,38,0.461145383068037,701476592619611,0.0,True,True,372f39c0,1025,701476599490327,-2.5002442002442002,1138.9147741147742,-26.884004884004884,1023.7499999999999,701476954444429,354.954102,4ac3dc5616521451bb161f4bb672ca74412d599dcde79eb9b5c515383241d7ab,16380,361.824818,True,111,114
564.8070690566387,d61dc396,39,0.13327824864770876,701476957248623,0.0,True,True,d61dc396,1025,701476963486643,-0.6846764346764347,1032.089072039072,-21.605860805860807,1023.7499999999999,701477318420456,354.933813,28142db691883a391edc748628aa67cd04398b25422817a00164ff90bc219404,16380,361.171833,True,171,177
181.8571129619939,ff749984,40,0.950623486876869,701477320243654,0.0002747252747252747,True,True,ff749984,1025,701477326506772,-0.8595848595848596,186.07930402930404,-1.8663614163614164,1023.7499999999999,701477681428902,354.92213,f11946bfac4d3320f0f9e4016dc048c76e07c225dafa4559a65bdec8f4ce4e26,16380,361.185248,True,141,149
440.7643839124517,4e48307d,41,-0.09477112308075729,701477684833251,0.0,True,True,4e48307d,1025,701477691604119,-0.6873015873015873,721.0594017094018,-16.727899877899876,1023.7499999999999,701478046438012,354.833893,c1460416cc2d11e8a00c5887ba57f1612cd406e14da12fe82e41e42465f376ac,16380,361.604761,True,121,127
841.9872248237449,2c32a89e,42,-0.695840746669092,701478048829375,0.0010073260073260074,True,True,2c32a89e,1025,701478055592438,0.8952380952380953,1135.6832722832723,-17.114163614163616,1023.7499999999999,701478410446008,354.85357,5dd0bf24869717bac82bb96d766a3d719c625fc428cf7dcf4c179abab6079c53,16380,361.616633,True,200,216
410.00139270917657,9bfe36ef,43,0.11623389361923414,701478413600234,0.0,True,True,9bfe36ef,1025,701478420558056,2.0793040293040295,844.1327228327228,-20.73180708180708,1023.7499999999999,701478775428887,354.870831,c29ca066f4146f6e7756e3d24145bf845f7b38712b764b341bebfe35c71ae5b7,16380,361.828653,True,115,120
403.33834569615703,e67ff39a,44,0.10138162619536914,701478777392201,0.0,True,True,e67ff39a,1025,701478783594653,0.03205128205128205,897.2587912087912,-22.224297924297925,1023.7499999999999,701479138497124,354.902471,3e557641d4db79e4a73b1df7ed528efbf359666f011a842a93c7dbdd9aa8a20c,16380,361.104923,True,103,113
1622.4454631083204,88b3cb14,45,-2.0193829132311882,701479141637665,0.003663003663003663,True,True,88b3cb14,1025,701479148644369,-0.31575091575091574,1624.0258852258853,-1.2168498168498167,1023.7499999999999,701479503476897,354.832528,36ccf123ce8fd546cf26d3293de4d8e0d2d959a4e77ae9741f2c4277a7c54ef1,16380,361.839232,True,227,245
1015.8680190634218,41a49856,46,0.04251048940482686,701479506237789,0.0031746031746031746,True,True,41a49856,1025,701479512556742,1.6413308913308913,1245.564590964591,-15.066605616605617,1023.7499999999999,701479867477737,354.920995,727e723323a5d1f3d0956bd3433600ca750eb9cfde2dc58788df9474b77ab252,16380,361.239948,True,165,194
416.03693863760714,da312824,47,0.4517974205216893,701479870364057,0.0,True,True,da312824,1025,701479876583962,1.044871794871795,897.6804029304029,-21.92148962148962,1023.7499999999999,701480231458389,354.874427,7bb2a4e1978f9d529edbc928af10c0e1b606cad7ab9b7132c52c93494abc92de,16380,361.094332,True,107,112
780.0783256256698,11b92baa,48,0.5405083140820653,701480233319189,0.0023504273504273503,True,True,11b92baa,1025,701480239616201,0.6882173382173382,1089.7126984126985,-17.582967032967034,1023.7499999999999,701480594478864,354.862663,5da69c5d4df9440f9c3a6902fee58e7aecdde751aa6894284db2aa553c8b6276,16380,361.159675,True,137,156
266.05007534352774,37296cc6,49,-0.10906334459610398,701480597292066,0.0,True,True,37296cc6,1025,701480603578206,1.3902319902319902,533.6867521367521,-16.300427350427352,1023.7499999999999,701480958466719,354.888513,68f0657f9730ed6492ce5e2cbf2cf48330cccb0f2e8e63243571f7c7f35d4227,16380,361.174653,True,102,105
994.5362398231264,55bc053d,50,-3.5843778846311047,701480961116300,0.0014957264957264958,True,True,55bc053d,1025,701480967563766,-0.38913308913308914,1004.7463980463981,-3.1715506715506714,1023.7499999999999,701481322478658,354.914892,bc4762604c63100a81e284cde84d662df68487930d35a7e06d3d25bd59ee49db,16380,361.362358,True,204,221
491.0279533209295,f693e8d0,51,0.26236198542532807,701481325181221,0.0,True,True,f693e8d0,1025,701481331569815,1.5249694749694749,800.373199023199,-17.521978021978022,1023.7499999999999,701481686474006,354.904191,7a4603a35f68f237ef3a9014dcd1d091dd19d5b7c4ac525d1ba6c5f2190a41de,16380,361.292785,True,131,129
695.613148312141,f3b23257,52,-0.4744951829659063,701481688639201,0.0003357753357753358,True,True,f3b23257,1025,701481695570022,-0.6684371184371184,869.7057387057387,-13.177472527472528,1023.7499999999999,701482050502807,354.932785,bbac59e5da09722a2b6fc875a0def1db41e6bb2c88da50d88e04fba49e47f70f,16380,361.863606,True,200,215
1355.5162426520028,e74b5d82,53,-11.116270737043944,701482053281743,0.002960927960927961,True,True,e74b5d82,1025,701482059639650,-0.7216727716727717,1356.7590354090355,-0.8496947496947497,1023.7499999999999,701482414542477,354.902827,43f6c8e2ef6b9e4ce37077de238aa20f742f3738a0c5a9234bed63b37da4c8b4,16380,361.260734,True,189,199
1057.6205024852368,7aad3926,54,-0.8317154602046106,701482417483661,0.003205128205128205,True,True,7aad3926,1025,701482423611041,0.7785103785103785,1189.7236263736263,-11.467216117216116,1023.7499999999999,701482778514880,354.903839,a796f60ab86c4eeb988bdc0fa34a96e61c131032becf7d911c67b893cdcd2ef2,16380,361.031219,True,189,211
463.996580104538,1daec016,55,-0.29613483173294586,701482782461455,0.0,True,True,1daec016,1025,701482789778666,0.07246642246642247,780.3291208791209,-17.785592185592186,1023.7499999999999,701483144402806,354.62414,e962f069e429ad361f247885790cc769e54560d9fba6a523fff6e20a39ab3ee7,16380,361.941351,True,125,125
469.5811997678756,d7586717,56,-0.68853284740851,701483147287363,0.0,True,True,d7586717,1025,701483153719570,2.2274725274725276,834.8541514041514,-18.981868131868133,1023.7499999999999,701483508516736,354.797166,ee49c4cf0d822673b935b4d863ce4c8cb667a2db109ff194e9174800f35f5ce3,16380,361.229373,True,112,118
1214.5497807527572,2457e333,57,-11.147975105230262,701483511176196,0.002197802197802198,True,True,2457e333,1025,701483517713703,0.44499389499389497,1234.0626984126984,-4.394871794871795,1023.7499999999999,701483872519094,354.805391,3eddabdb59e07269e0f7e27e78d31229b4e3f275ff2692ce2c86d38cf9089389,16380,361.342898,True,165,189
447.6407171108636,973fbd3e,58,0.2804128429537971,701483874629135,0.0,True,True,973fbd3e,1025,701483881701754,2.308424908424908,689.141514041514,-15.367887667887668,1023.7499999999999,701484236526331,354.824577,ac47f3d245fa9b5275126f983d4ce8cfcb1548da6ca6f0495927c74dc2c22c53,16380,361.897196,True,116,122
876.0643698947911,e16d6a62,59,-8.124960006842494,701484239372004,0.0019230769230769232,True,True,e16d6a62,1025,701484245749277,0.8061660561660562,916.0611721611722,-6.272710622710623,1023.7499999999999,701484600506216,354.756939,a81cebcca0415099d78d9831c4a6480baf6ed724065260b00896b2702bbbd594,16380,361.134212,True,175,193
645.4412153583766,7a67682d,60,0.03961534663115617,701484602642968,0.0008241758241758242,True,True,7a67682d,1025,701484609711518,-0.12045177045177045,802.6886446886447,-12.53925518925519,1023.7499999999999,701484964516528,354.80501,49d4b0fa2f41db477f9401adc0e75e1fcd466015ca7218a2615f3d4cff8de22e,16380,361.87356,True,149,170
648.0970745578529,4b337fcd,61,-0.8934212556812658,701484967100295,0.0007936507936507937,True,True,4b337fcd,1025,701484973681173,1.3133699633699634,807.9856532356532,-12.576312576312576,1023.7499999999999,701485328540676,354.859503,8b7e1870fd173c1dfb1f74c93652f5d7a5ba281479f42992fe63af322118bb4d,16380,361.440381,True,137,147
547.9928459428917,b563e217,62,-0.2533602068354935,701485330970221,0.0009157509157509158,True,True,b563e217,1025,701485337684592,0.9460927960927961,791.3839438339438,-15.572283272283272,1023.7499999999999,701485692535798,354.851206,47d5f88ca91326d07be358142d4281fa9ef56af5916b97f866e643e20d06ef30,16380,361.565577,True,143,148
435.0806364711126,d60442bb,63,0.23226562082987717,701485698173902,0.0,True,True,d60442bb,1025,701485704720576,-0.7113553113553114,786.213431013431,-18.725030525030526,1023.7499999999999,701486059533179,354.812603,256ccea2a3c62b536a1894fcbc526c256c1d755e6b1f926b04a445fc0dba022b,16380,361.359277,True,120,121
438.1053460137068,6f4e8db7,64,-0.37831835601687,701486062015164,0.0,True,True,6f4e8db7,1025,701486068630918,-2.6728327228327227,694.4381562881563,-15.785714285714286,1023.7499999999999,701486423571692,354.940774,aa6266c47d942ba1d65d05b58ab421f2269e99d42e8da1801b92dea5474f7fb0,16380,361.556528,True,118,127
773.7174862134203,aeaefdcc,65,0.1793693821727123,701486426523345,0.0002442002442002442,True,True,aeaefdcc,1025,701486433710831,-1.69010989010989,1017.5739926739926,-15.524175824175824,1023.7499999999999,701486788556194,354.845363,89c677ace8434db31e52af4701ce42f4e643c2b68eeae50f3536dffca125863b,16380,362.032849,True,139,159
1441.212432308229,e68a4bd5,66,-0.32542755059984696,701486791872086,0.002442002442002442,True,True,e68a4bd5,1025,701486798789682,-0.05641025641025641,1486.0099511599512,-6.692857142857143,1023.7499999999999,701487153580993,354.791311,c974be64870a44eb10fae0ecbab884eb069cc927b04d9a33b3ed8b06b05f45e2,16380,361.708907,True,197,219
854.3906058342689,2799384d,67,-1.0711441056489488,701487155950575,0.0018315018315018315,True,True,2799384d,1025,701487162682288,-0.351037851037851,1100.9808302808303,-15.699267399267399,1023.7499999999999,701487517559130,354.876842,daa1d8914d2bec3f54af1a194707eee0912a004b23e300f3fdb3157a8c2c0aec,16380,361.608555,True,183,192
1272.9985246719773,920c7b52,68,-8.677630216269542,701487519323778,0.0021672771672771674,True,True,920c7b52,1025,701487525687776,0.19023199023199022,1333.8813797313796,-7.80042735042735,1023.7499999999999,701487880563415,354.875639,6ca46f92814f416a898b6232ff056fec5da8307e57c2b3cf125e2c0ce6bae80a,16380,361.239637,True,161,186
2186.1123564988125,ffcc85be,69,-4.815711058031961,701487883098090,0.0001221001221001221,True,True,ffcc85be,1025,701487889757006,-0.830952380952381,2187.549511599512,-0.8641025641025641,1023.7499999999999,701488244601336,354.84433,d579106baf9cebbf76c0cd6fa2331afdfa406b2f4e01f57ce8e934a328bb5996,16380,361.503246,True,221,224
624.8531473058213,3c063136,70,-0.09484866758309657,701488247205832,0.0003663003663003663,True,True,3c063136,1025,701488253758317,-0.13553113553113552,816.3373626373626,-13.837118437118438,1023.7499999999999,701488608642060,354.883743,755f00662177c2be8f86af7131523f7f2b226461c3199274b22aa60be05d6902,16380,361.436228,True,127,145
1061.4812200321724,44947e81,71,-7.634097327628914,701488612202746,0.00173992673992674,True,True,44947e81,1025,701488618724302,-1.0385836385836387,1075.2984126984127,-3.5691086691086693,1023.7499999999999,701488973586334,354.862032,395568d24ffc904a7ec6936ff9aad51153734316ea2f13838e23e3429b67b7bf,16380,361.383588,True,162,185
536.3657669684135,a04e5772,72,0.6788429753988854,701488976132911,0.0007631257631257631,True,True,a04e5772,1025,701488982660198,-0.7559218559218559,693.4574481074482,-12.510805860805862,1023.7499999999999,701489337589347,354.929149,36dc74d5f36e0dd28002cbd90e2ada94d6c42b1baf48bde09894b1dd01fe4757,16380,361.456436,True,136,156
433.1830520669806,9f1df63a,73,0.22713332643793605,701489340537463,0.0,True,True,9f1df63a,1025,701489347619910,0.2608058608058608,690.6772283272284,-16.044505494505493,1023.7499999999999,701489702627667,355.007757,1b7346ae766e194df1d94c6d1f6a0f3f57376ef0ad08ed909bf5e6808f786523,16380,362.090204,True,117,124
421.38734456460645,350517a4,74,0.2079119079455185,701489705175426,0.0,True,True,350517a4,1025,701489711691682,-1.6283272283272283,676.3307081807081,-15.883699633699633,1023.7499999999999,701490066589130,354.897448,db2e91b0079648a258ce5b281e810e3d39391cdee23ef26f0e9a2fc272ebc39e,16380,361.413704,True,118,120
887.9280746756297,7f4edf4f,75,-0.9895047276936013,701490069194458,0.001282051282051282,True,True,7f4edf4f,1025,701490075618029,-1.064102564102564,1073.5076312576311,-13.581135531135532,1023.7499999999999,701490430580419,354.96239,f3f2c3da122108d5a83ddb8b5ef781f274a78cbd3ea29af12dbe9db749486f2d,16380,361.385961,True,183,205
413.43865538917737,342e84f0,76,0.10622939132408349,701490432534616,0.0,True,True,342e84f0,1025,701490439606422,1.5677655677655677,693.1800366300366,-16.651831501831502,1023.7499999999999,701490794599811,354.993389,e9dba21e7d6e2d50f0979d94bb475fff48d4cc175c701142d2e1417e39fcad75,16380,362.065195,True,116,121
416.2317913534031,f94c58c1,77,0.1872165637918363,701490797449802,0.0,True,True,f94c58c1,1025,701490804621818,-1.2708180708180707,709.5347985347985,-17.07887667887668,1023.7499999999999,701491159674889,355.053071,7c4d3000a9c1b8365d21ea391aae82d333edda6af2cdf13e84ec04149014d76d,16380,362.225087,True,109,114
711.7238793102164,b0f5d6d1,78,-0.716953940142546,701491162955815,0.0006715506715506716,True,True,b0f5d6d1,1025,701491169630471,-1.0793650793650793,937.5849816849817,-14.98986568986569,1023.7499999999999,701491524677179,355.046708,1bb6f3c1a509906225cdd200a049ff4c0a4e0adf3139647680c33933ec21a04c,16380,361.721364,True,125,149
457.9774342835973,74e2926f,79,-0.35427826681044583,701491528977834,0.0,True,True,74e2926f,1025,701491535666426,1.0412087912087913,674.9721001221001,-14.693894993894993,1023.7499999999999,701491890632772,354.966346,7c2ed30b858af202d492e002f8527003b4f850471d7effe2b98c807f204750ab,16380,361.654938,True,111,115
163.46207890366315,e14b6636,80,0.43250554218990334,701491893240605,0.0,True,True,e14b6636,1025,701491899698611,-0.08034188034188035,324.73217338217336,-12.69896214896215,1023.7499999999999,701492254619050,354.920439,38b5d818bd64e08f996ff2307b0ad4ac24763600815fbb996512cd5579d5d279,16380,361.378445,True,67,72
429.1594623979331,20cc7640,81,0.42368675651897836,701492257843389,0.0,True,True,20cc7640,1025,701492264730466,-1.2656288156288156,782.3443833943834,-18.75054945054945,1023.7499999999999,701492619694867,354.964401,d23835e37b88a4f87e89d4d2bcfb4fc4da8dde07a61c5f88eb245d5f46a4019a,16380,361.851478,True,112,118
855.7565030390855,012614d4,82,1.8760055307427301,701492623587039,0.0028693528693528696,True,True,012614d4,1025,701492630699363,-0.46465201465201467,862.2269841269841,-2.500915750915751,1023.7499999999999,701492985652963,354.9536,da42fff965d4e28635a831ebf7775327b69e3b307cd29904067550da5cc5c957,16380,362.065924,True,181,200
1001.0439446203641,3773d429,83,0.19767481215478605,701492988242602,0.0031746031746031746,True,True,3773d429,1025,701492994678265,-0.4894993894993895,1032.9471916971918,-5.6270451770451775,1023.7499999999999,701493349659638,354.981373,e2dfabcba2772d82cdac7eea83d1c0a9764d4a011396ab73fc277181116c37e1,16380,361.417036,True,192,216
930.1390175039993,8f27b667,84,-0.7146411160648125,701493351909203,0.0028083028083028083,True,True,8f27b667,1025,701493358634945,-0.06373626373626373,963.176800976801,-5.7474969474969475,1023.7499999999999,701493713697090,355.062145,2037218754c2aa51bcab58feb8ce404c25f440ee256f960027bff6818b7643a0,16380,361.787887,True,186,209
838.5282216393022,4f068202,85,-0.23292883314075102,701493717095388,0.0024114774114774116,True,True,4f068202,1025,701493723619028,1.2568376068376068,1032.4177045177046,-13.867582417582417,1023.7499999999999,701494078676093,355.057065,ac40d74258a10f1d60a2976e49d6c7efe1d9d84288bccd4e94b4079c16025047,16380,361.580705,True,150,175
1197.4858225918024,c7a398a5,86,0.43428542126758,701494081252847,0.0028998778998779,True,True,c7a398a5,1025,701494087621293,-0.3971306471306471,1206.3154456654456,-2.944810744810745,1023.7499999999999,701494442716059,355.094766,dae517d0262e510d653e831018c6f8d1a85611a7825cc1da1a02b2e8ea03dc15,16380,361.463212,True,199,211
384.26706693964024,89ad7d62,87,0.15187736439165136,701494445820000,0.0,True,True,89ad7d62,1025,701494452523911,0.29847374847374847,733.9137362637363,-18.696459096459098,1023.7499999999999,701494807654323,355.130412,08633bcbffe8179b2d906010b95d4d284ccb5272dbf5a538ce1bc33f05d8ebba,16380,361.834323,True,109,119
465.4977034405697,6a008cc4,88,-0.6967834307216852,701494809582701,0.0,True,True,6a008cc4,1025,701494816582180,-0.6818681318681319,726.1092185592186,-16.12905982905983,1023.7499999999999,701495171691824,355.109644,0fd7086241a871baf653169e9ec44812e6ff2413592e5942006536574d706596,16380,362.109123,True,120,123
443.81070965291656,da695462,89,0.45201767295082734,701495173763072,0.0,True,True,da695462,1025,701495180567783,0.3294871794871795,596.6605006105007,-12.35885225885226,1023.7499999999999,701495535721549,355.153766,6203ec9f8c3ecd08c4ed4882673a77824d9350ce9c85e14de2b326fc631a7290,16380,361.958477,True,126,122
689.4516116135255,0bda1d19,90,0.4121204336543749,701495538319683,0.0003663003663003663,True,True,0bda1d19,1025,701495545540632,1.671916971916972,954.4001831501831,-16.19114774114774,1023.7499999999999,701495900683026,355.142394,d3cbec9fb88545561e4f0905857094636bf7356788065cdd9368c2bb12ef0820,16380,362.363343,True,200,213
1125.0691954474098,a25ced0a,91,-9.342579553561562,701495903747933,0.0026251526251526254,True,True,a25ced0a,1025,701495910530032,-0.5113553113553113,1130.4775946275947,-2.2686813186813186,1023.7499999999999,701496265710317,355.180285,944ee3d264647622ebf802d384ec31a04ad2c892fa1b514f9f40f7d25c97fd16,16380,361.962384,True,207,232
1564.7032818507635,4c21e845,92,-14.059791698398127,701496268231526,0.0010683760683760685,True,True,4c21e845,1025,701496274572430,-0.8931013431013431,1566.2249694749694,-0.8509157509157509,1023.7499999999999,701496629710525,355.138095,e4f3b4b00cee49b5e756cf8767e680d6e8d122061b521dad8ee2dedb2aa26c57,16380,361.478999,True,154,167
409.8213578122461,e1b31960,93,0.042492811471870576,701496632164226,0.0,True,True,e1b31960,1025,701496638509298,-1.7196581196581198,721.8749084249084,-17.58113553113553,1023.7499999999999,701496993754436,355.245138,ad114036c7b14dfa19d4cd5bdd3b8ad6c297fbbe41210384888e5a77f6b380ae,16380,361.59021,True,109,112
627.6841730735687,1ce474b6,94,-11.564634623810504,701496997163684,0.0011904761904761906,True,True,1ce474b6,1025,701497003512774,-1.0331501831501833,629.3223443223443,-0.7554945054945055,1023.7499999999999,701497358684732,355.171958,8230515547e5d5d49034a66516f418d18b79b6e1858254e4c539be906e502e5c,16380,361.521048,True,161,163
0.6817017909508752,fa3a6f1c,95,0.04719945854375547,701497361116633,0.0,True,True,fa3a6f1c,1025,701497367514184,-0.7278998778998779,2.582783882783883,-1.171001221001221,1023.7499999999999,701497722733551,355.219367,c7dff2a830cf8cb43a83b3ea3fdced68c552d7736a032bed20930029474a9126,16380,361.616918,True,5,5
909.7767532027057,51221402,96,0.3573095498442771,701497724624999,0.002136752136752137,True,True,51221402,1025,701497731502648,2.220818070818071,1078.125518925519,-12.783455433455433,1023.7499999999999,701498086753485,355.250837,70cf370cd8bba3c2ccfac7799f9113980e9c4d7104eeb2e2aaec656100728e86,16380,362.128486,True,202,217
1655.6805826926432,d027027c,97,-4.054184041631748,701498095594589,0.002106227106227106,True,True,d027027c,1025,701498102593998,0.32252747252747255,1674.9773504273505,-4.380952380952381,1023.7499999999999,701498457735768,355.14177,34420de69266f042030a3633e7c13c492851a3a14b5b3e80616a5aaf3e7785d6,16380,362.141179,True,202,220
295.1624797319761,34d20d40,98,-0.455068588367977,701498460322641,0.0,True,True,34d20d40,1025,701498469298479,2.0605616605616603,477.9896825396825,-13.363431013431013,1023.7499999999999,701498822747016,353.448537,800a5f161eed3fb087f8678afd1c8d73573cf4fd624aa28e5537e4a6b65646b9,16380,362.424375,True,110,111
461.79056213390464,0dfd9eed,99,0.8347681331443504,701498825448346,0.0004884004884004884,True,True,0dfd9eed,1025,701498832564446,2.6998778998779,848.1047008547008,-19.468559218559218,1023.7499999999999,701499187749026,355.18458,0cf2fcd3ca82733fe6b0c3fa6e7611b20a0868c9f3a4442eb8bd3997a07a8b62,16380,362.30068,True,121,136
158.210566621345,57ec483f,100,-0.09866282059938238,701499189822278,0.0,True,True,57ec483f,1025,701499196606280,2.5108058608058608,285.50128205128203,-10.9993894993895,1023.7499999999999,701499551783766,355.177486,064c47def090bf3d4d26e65f71f44df108966aa6b59854f76ec7356d62b69a74,16380,361.961488,True,87,87
420.05462562298646,8690cade,101,0.1903993697729519,701499554379476,0.0,True,True,8690cade,1025,701499561607317,1.4365079365079365,681.3222832722832,-16.09981684981685,1023.7499999999999,701499916771358,355.164041,731cd2639bfd05456d3c5ea530040c81841a9dadb85419adfd9ee5a56a0fac4b,16380,362.391882,True,114,120
683.2934415648793,35027540,102,0.3094704166584568,701499919020803,0.00042735042735042735,True,True,35027540,1025,701499925587704,0.33998778998779,992.0482905982906,-17.568131868131868,1023.7499999999999,701500280757836,355.170132,fadffcbb50e2e4656b6e835e9e8900fc594ffabac9a2eb294b3260716bbaa97a,16380,361.737033,True,192,210
1339.6255961475101,4fd6d07a,103,-10.00900562921667,701500283707094,0.004792429792429793,True,True,4fd6d07a,1025,701500290592528,-0.5515873015873016,1357.9296092796092,-4.242612942612943,1023.7499999999999,701500645783479,355.190951,ba5c5a4572fdabcbd07d4e6a65c43e1c5e80d22d00dc9e826303dd0dd388face,16380,362.076385,True,208,223
635.067831474251,a03d2a23,104,0.4219734945588882,701500648932074,0.0003357753357753358,True,True,a03d2a23,1025,701500655589387,-1.5785103785103785,857.7702686202687,-14.83949938949939,1023.7499999999999,701501010922736,355.333349,5b31a8f7b4a503f8bc0ae5f141d3418c0a695689e53c7e7c7401d3478c822b19,16380,361.990662,True,181,205
245.43973793944488,c7fcd9d2,105,0.0920348388783873,701501014868369,0.0,True,True,c7fcd9d2,1025,701501021592799,1.2271062271062272,470.65799755799753,-14.957020757020757,1023.7499999999999,701501376793827,355.201028,1182a413c5afc1a58590aab0600707d4c2dca2c1ca5d0c7d73aa9999896f147e,16380,361.925458,True,86,86
421.0191753172889,49036cea,106,-0.9482720459622475,701501379311440,0.0,True,True,49036cea,1025,701501385951920,2.1274114774114774,720.2457875457875,-17.166849816849815,1023.7499999999999,701501741790845,355.838925,88a8b08a2a8a1e06545ee5e61e3ebda645de573c88613fb78da766b489dbf9fc,16380,362.479405,True,116,124
1341.8241815751066,c08b4402,107,-0.667181632891648,701501744293799,0.004151404151404151,True,True,c08b4402,1025,701501750914582,-0.2426129426129426,1368.4143467643469,-5.150854700854701,1023.7499999999999,701502106794885,355.880303,0a73b04d480ae647cf9c3bc722552660ff84ca322698f1779ac39f83f9a5fdc7,16380,362.501086,True,208,223
1368.2451669335276,35044c9c,108,-7.626509793089122,701502108810017,0.0,True,True,35044c9c,1025,701502114918822,-0.9177655677655677,1408.0454822954823,-6.241636141636142,1023.7499999999999,701502470787642,355.86882,ed0b4d631cdefe7abfc2e033b7e4d592e5bbd93044a83ad48b8eba2c3ec2eada,16380,361.977625,True,129,135
782.5087817083879,52e5c906,109,10.773975684469965,701502473657761,0.002442002442002442,True,True,52e5c906,1025,701502479931939,-1.6324786324786325,1021.2838217338217,-15.365873015873015,1023.7499999999999,701502835815827,355.883888,0aebddd64aaff95d8aca36cdfb3dc7be63343399ae7c0d9cdd8318ea69aa59e2,16380,362.158066,True,141,151
1348.2671775453553,067ce453,110,0.2974643242500683,701502838119274,0.004731379731379731,True,True,067ce453,1025,701502843945875,-0.8325396825396826,1360.5360805860805,-3.4023199023199022,1023.7499999999999,701503199831096,355.885221,459785ef6c500ddb20fb6f9b72c822268ceb7ae7d88604c2a2682e75a1b4953f,16380,361.711822,True,196,225
719.6746478961956,43194143,111,-3.9254532061081013,701503202551903,0.0025946275946275945,True,True,43194143,1025,701503208989569,-1.2865689865689867,877.3739316239316,-12.491758241758241,1023.7499999999999,701503564810838,355.821269,7fea7d493fd37b34755b727c9ba6b44d4d616fb63c9b95070c45b7de60726aa7,16380,362.258935,True,141,155
834.4133979726012,1358597a,112,-0.19751935343943977,701503567031499,0.0026251526251526254,True,True,1358597a,1025,701503573102953,-1.4355311355311355,1100.7509768009768,-16.256593406593407,1023.7499999999999,701503928860952,355.757999,0401a270a34b2e72e7703c253b78e128ea52153de27a46960e43e74640757c1c,16380,361.829453,True,154,173
1076.775482589924,f648c04c,113,-4.673735539850007,701503932501749,0.0027167277167277166,True,True,f648c04c,1025,701503938947481,-0.7885836385836386,1082.6581807081807,-2.2936507936507935,1023.7499999999999,701504294836718,355.889237,08b26fa0173527ebebb934f501f0394918b3f66ec2724e9538acd5f0a5e7aede,16380,362.334969,True,192,212
73.06131429078316,4b4860ae,114,0.2544143196139873,701504297133532,0.0,True,True,4b4860ae,1025,701504303016610,-0.024114774114774116,127.86617826617827,-7.402991452991453,1023.7499999999999,701504658818631,355.802021,d8d63f8c18a31a5901c0f27a468c23e2262c7224b226fcdefd15827e90a268db,16380,361.685099,True,72,83
457.6408571458389,9228e515,115,-0.5673772465816831,701504662190329,0.0003663003663003663,True,True,9228e515,1025,701504668942901,0.5731379731379731,671.4931623931624,-14.612454212454212,1023.7499999999999,701505024835995,355.893094,e2764c9f2a1d7b26480cdf0793eb5156ad84ded3dda6d8edde4cbfb8fa339876,16380,362.645666,True,121,138
1409.9371497597504,921e6c76,116,-10.917518671191441,701505027721323,0.002136752136752137,True,True,921e6c76,1025,701505033971555,-0.4713064713064713,1439.9250305250305,-5.455799755799756,1023.7499999999999,701505389856522,355.884967,f9a9f2146252a894f0b09ba53ec6e1dae5838a96c98e6ad909a502b6db7a2774,16380,362.135199,True,204,223
458.2297483865341,46168fae,117,-0.34672055868291685,701505391891271,0.0,True,True,46168fae,1025,701505398112819,2.146153846153846,704.4104395604396,-15.542673992673993,1023.7499999999999,701505753840649,355.72783,6eb20008ac7894fdb350e92b8c4b947d781cb4813cccbb29c3daceb856613294,16380,361.949378,True,121,134
300.52955907916527,7c20503b,118,0.07587160039663933,701505755617640,0.0,True,True,7c20503b,1025,701505761994011,2.538156288156288,480.6674603174603,-13.179365079365079,1023.7499999999999,701506117842339,355.848328,054af03d8fa37270a79b3796d51fe8930c9502eea0e99a9eeca92edb8c43ed58,16380,362.224699,True,107,115
1626.0775903153283,9be66168,119,-5.1717621376899565,701506120098596,0.005586080586080586,True,True,9be66168,1025,701506126080431,-1.230830280830281,1631.879304029304,-2.0704517704517706,1023.7499999999999,701506481903049,355.822618,313cd842710d5512a82f831ec44c9e563f4df4abe0fc30ac461a80bf0478e77f,16380,361.804453,True,194,217
469.8423197755981,0a73e53b,120,0.12747359800213934,701506486412449,0.0,True,True,0a73e53b,1025,701506493011431,-0.16013431013431012,787.1710622710623,-17.813003663003663,1023.7499999999999,701506848848456,355.837025,9d10e2e69dd3024314f8b457b7035fa7da1d62b597fee66cbc7ee75350885e8a,16380,362.436007,True,120,121
918.3473903036999,6ec8e200,121,-7.420377031459951,701506851453603,0.0012515262515262516,True,True,6ec8e200,1025,701506858074637,-0.056654456654456654,953.5369352869353,-5.931807081807082,1023.7499999999999,701507213860656,355.786019,a4502313987db219e762b8ceeb7ef91c73c98a44be57cc5fe16421f577ae4bc0,16380,362.407053,True,160,175
837.4914625589442,3e96939d,122,-0.027910387546723092,701507216257650,0.0015262515262515263,True,True,3e96939d,1025,701507222999722,-1.6036019536019537,1033.130463980464,-13.894871794871795,1023.7499999999999,701507578892421,355.892699,0c26d46bcb432f88e81f4c0725462205b8c4954a0c790635ac78eb8e50d08c51,16380,362.634771,True,177,185
443.60188358819306,af0492fc,123,-0.12492340216576628,701507581344139,0.0,True,True,af0492fc,1025,701507588033181,0.7898656898656898,709.4283882783883,-16.285042735042737,1023.7499999999999,701507943914509,355.881328,a504eccf7c04f39f21ba2df445252dbf54a0e130ab3a13d3537d8924f5b39d1d,16380,362.57037,True,117,123
1209.6587509560038,1c34b0c7,124,-10.069150159292732,701507947644744,0.0004578754578754579,True,True,1c34b0c7,1025,701507954008231,-0.21904761904761905,1245.1332112332113,-5.952014652014652,1023.7499999999999,701508308962465,354.954234,fe1f7385cdc14cd25825a046bcb74ba630eccbf08db5324a367b02577b72cf54,16380,361.317721,True,149,166
2596.7412384403683,0f7bb56c,125,-0.09045958775253583,701508311736682,0.003418803418803419,True,True,0f7bb56c,1025,701508318041868,-0.5871794871794872,2664.4893162393164,-8.20995115995116,1023.7499999999999,701508672964431,354.922563,d6f53da48436248a63b8e65aaffb15fb3765c584abe4d2bcef614ceb1c729145,16380,361.227749,True,239,256
1600.893093299998,fc5bf0f6,126,-5.603256851023925,701508675183148,0.0045482295482295486,True,True,fc5bf0f6,1025,701508682063773,-0.676007326007326,1604.2485958485959,-1.7025030525030524,1023.7499999999999,701509036970826,354.907053,5bbf2f2f0fa2f8a9c86f494dd9667316d99b040b87e1e7f1981a6214a8f6bc3f,16380,361.787678,True,206,221
437.84387659688025,b3aff031,127,-0.5755531416914321,701509038874908,0.0,True,True,b3aff031,1025,701509045052563,1.952014652014652,778.7958485958486,-18.36141636141636,1023.7499999999999,701509400125379,355.072816,7309d142af557ac6bec70b68feedb8cd74a2b74695c78c2d7f718ad208d7bd9e,16380,361.250471,True,118,124
440.6959106149582,2d7303ab,128,0.4496372133576673,701509401997761,0.0,True,True,2d7303ab,1025,701509408066119,2.0608058608058606,759.8904761904762,-17.746764346764348,1023.7499999999999,701509763394278,355.328159,b5bbdf41376a819a290f340a85a744acc8c1328bb98de63242787a14c41ce479,16380,361.396517,True,117,128
412.2373171778025,3b4fd8ca,129,-0.1859114367233095,701509765261049,0.0,True,True,3b4fd8ca,1025,701509772041014,-0.05976800976800977,710.2690476190476,-17.263492063492063,1023.7499999999999,701510126979876,354.938862,edbf4c9fc77bb74a2fec73b93339bb874ceb1a2ce3bacc56c536272432457840,16380,361.718827,True,120,123
1312.9833530087465,f662d3e2,130,0.5284099679797204,701510128765023,0.002106227106227106,True,True,f662d3e2,1025,701510135063296,-0.7545177045177045,1325.25757020757,-3.421245421245421,1023.7499999999999,701510489989504,354.926208,d3189fc2e4d6450ad5faacf5d4cbf18b3b7a8f3ca798d272465a37dc3137163c,16380,361.224481,True,195,208
741.0979568095045,872fe130,131,-2.033868430830557,701510492315092,0.0014346764346764348,True,True,872fe130,1025,701510499080349,-2.0266178266178265,866.8224053724053,-11.028021978021979,1023.7499999999999,701510853975618,354.895269,6af9ef05a3a7c5d4c89ce44f399d12dd00b69327b2ae5d9ddb604a301041429e,16380,361.660526,True,168,187
1181.8369947678832,bd1ed574,132,-11.590459580879266,701510855901511,0.002106227106227106,True,True,bd1ed574,1025,701510862060470,-0.37234432234432235,1189.3297313797314,-2.711843711843712,1023.7499999999999,701511217038516,354.978046,8313db411f64e07505736f3a5fafa9654f97ae4b30bc244ca4c3477a74c8ae16,16380,361.137005,True,210,226
154.05491272599332,f5476952,133,-14.451308665391236,701511219640568,0.0,True,True,f5476952,1025,701511226062064,-0.739010989010989,154.71990231990233,-0.34474969474969475,1023.7499999999999,701511581013969,354.951905,6f21c59fb63ad83693c6521c282f01795c92aad24479687058e9254865c74244,16380,361.373401,True,61,62
481.0900071970494,8ba58e55,134,-0.063739248776787,701511582988193,0.0,True,True,8ba58e55,1025,701511589066310,0.3811355311355311,785.7526862026862,-17.45042735042735,1023.7499999999999,701511944047310,354.981,b1fd52fd8b20720a0a4d2981d6359c34aa459a62d716023af92ee79f40e84335,16380,361.059117,True,123,126
370.07356935629826,7e635883,135,0.5961765226845759,701511946639423,0.0,True,True,7e635883,1025,701511953074094,1.2205738705738707,737.4586080586081,-19.12838827838828,1023.7499999999999,701512308019636,354.945542,609194fa72f6bd6f3887cc6dabfc6b2090fb7aec1937c595c5f3d558d964ae78,16380,361.380213,True,106,112
375.32349483273475,d7ce4757,136,0.5909631866342332,701512311069154,0.0,True,True,d7ce4757,1025,701512318145489,2.643284493284493,656.4736874236875,-16.557875457875458,1023.7499999999999,701512673025788,354.880299,d5640d7f74af6d7dc1637c0ee971b28c941438ddc4f06198c00f1d8031ee7863,16380,361.956634,True,109,112
474.2089143338686,6cb69c72,137,1.4967400131933069,701512675389058,0.0,True,True,6cb69c72,1025,701512682086876,0.49652014652014653,592.1156898656899,-10.847130647130648,1023.7499999999999,701513037015847,354.928971,fdee5f7f65fbc9946ace55c2369c4adcb799a1be4d5bf128b82dd147707d00d0,16380,361.626789,True,134,139
399.41176052274955,d18e2419,138,0.14059270897785944,701513038692829,0.0,True,True,d18e2419,1025,701513045122520,0.798901098901099,805.9765567765568,-20.14761904761905,1023.7499999999999,701513400044417,354.921897,543088248bab48184057dc9c1d83efcfb237a7564cb448f341e760d0269f778f,16380,361.351588,True,105,115
397.3966083709399,184dc269,139,0.24645891788077723,701513402250890,0.0,True,True,184dc269,1025,701513409169126,1.3666056166056166,657.6296092796093,-16.073748473748473,1023.7499999999999,701513764066566,354.89744,0a063e4855bf9a240e935fa5eb32e2967b203ebedf8d4bb94dd4c5d6ba5410e6,16380,361.815676,True,114,122
401.4597462397188,c0032200,140,0.4598355209741174,701513766631227,0.0,True,True,c0032200,1025,701513773209650,-2.608058608058608,728.7569597069597,-17.902380952380952,1023.7499999999999,701514128056083,354.846433,8d4c04aff3593443e6be83cf7896c425971623fd9186cd7b655b0951249c80b8,16380,361.424856,True,112,108
436.8896828490326,aba7dcb0,141,-0.19129716323239845,701514130840770,0.0,True,True,aba7dcb0,1025,701514137185190,1.8906593406593406,784.1071428571429,-18.537606837606837,1023.7499999999999,701514492054426,354.869236,05bbae4451b9770fdcf6deb31d7c9dd5134559a3f0748f5291d4f920da30203b,16380,361.213656,True,110,115
912.7257276548578,e74b918a,142,-5.3574214043675745,701514494213169,0.0018925518925518926,True,True,e74b918a,1025,701514501177542,-0.513064713064713,939.7913919413919,-5.177106227106227,1023.7499999999999,701514856054993,354.877451,340144dda91e2dc93d1be21a3f6b5faf1e8191f2a1f082e034c4f0d0f71973f3,16380,361.841824,True,182,196
455.3823319707019,87fec5bf,143,-0.21290504703937232,701514857694854,0.0,True,True,87fec5bf,1025,701514864193837,0.17356532356532356,746.1357753357753,-17.0506105006105,1023.7499999999999,701515219043836,354.849999,bde678b6cdab72902de33181c4d7d0ee83dc9fe7ddb9878ea3fdbf3cea2fcba5,16380,361.348982,True,122,133
511.14186942517523,e54da32c,144,3.1895712759128676,701515221616362,3.0525030525030525e-05,True,True,e54da32c,1025,701515228155731,1.6054945054945056,716.2777167277168,-14.232295482295482,1023.7499999999999,701515583067124,354.911393,a7b0f3c318d9af1429103eaf77d9044f3e41c656fcf1b4ad2666783792607c0c,16380,361.450762,True,128,134
435.64239995691463,f724bd1b,145,0.376924838026692,701515585804582,0.0,True,True,f724bd1b,1025,701515592169191,3.7635531135531135,826.9298534798535,-19.41965811965812,1023.7499999999999,701515947072940,354.903749,3ee323e6bf21339a9f1c3d8d1253617914f01932d3463aba9321b0042bc073aa,16380,361.268358,True,115,126
423.39055412807244,20ff60df,146,0.04165965129040703,701515950072513,0.0,True,True,20ff60df,1025,701515957212138,-0.3655067155067155,817.8545177045177,-19.857753357753356,1023.7499999999999,701516312082804,354.870666,660f9c9839e8ceb6e4cdabe44c0696d1a2d53c19df1c97b17ca98c327fdf8e2d,16380,362.010291,True,108,116
729.4512704972412,13a3f535,147,-6.378447436009527,701516313788871,0.0010378510378510379,True,True,13a3f535,1025,701516320304515,-0.5638583638583639,769.7273504273504,-6.321245421245421,1023.7499999999999,701516675068830,354.764315,72089a52add4badfaf427018651db4427b6e959fd5eeff67fcd91025c48e2a38,16380,361.279959,True,138,163
644.6623784328546,2753ecc1,148,-0.5131366315402339,701516677107826,0.0,True,True,2753ecc1,1025,701516684301122,-2.931379731379731,894.7446886446886,-15.53992673992674,1023.7499999999999,701517039083861,354.782739,45c4d10f7f4502026b168e3f312c1f2f9e70d58c09f15bd0e12a93b18c8b8db6,16380,361.976035,True,184,184
422.15433406981026,6bb1f259,149,0.004558351798593808,701517040807241,0.0,True,True,6bb1f259,1025,701517047257451,-2.397130647130647,740.2382173382173,-17.673076923076923,1023.7499999999999,701517402087409,354.829958,b513f60035d3bb49e6dd96a3771f2aeb5489a49d7ff8315a5c419b733e5a8177,16380,361.280168,True,117,116
1469.4238938906703,1cf2eb40,150,-4.612884760360785,701517405019145,0.004212454212454212,True,True,1cf2eb40,1025,701517412252366,-1.7672771672771672,1538.6843711843712,-8.132478632478632,1023.7499999999999,701517767109194,354.856828,55aae2a40e97e5a05a655529cdddbad13d9c2c82570526de234a8851d69e8b1c,16380,362.090049,True,210,230
427.06417800080806,ef329f62,151,0.15475416318289517,701517769450222,0.0,True,True,ef329f62,1025,701517776296682,-1.209157509157509,824.3418803418804,-19.895115995115994,1023.7499999999999,701518131123964,354.827282,3fa5c671d34cca043f6fe214a5b0971776846201623f05aadf00966ab5bc626f,16380,361.673742,True,126,133
1207.5946023695476,fa6450b9,152,-0.8051179564794748,701518133374341,0.0021672771672771674,True,True,fa6450b9,1025,701518140249896,-1.3655677655677656,1265.5282051282052,-7.487912087912088,1023.7499999999999,701518495093137,354.843241,b461d1debb4c124e8e7811574a9935b0dc32d2493a7e915239ce3d791b0183b5,16380,361.718796,True,186,191
1276.2236866186317,4485c6fd,153,-11.054140241399717,701518496894955,0.0013736263736263737,True,True,4485c6fd,1025,701518503278610,-0.9010989010989011,1277.8240537240538,-0.8879120879120879,1023.7499999999999,701518858090402,354.811792,e27cb487a0e844ca2d85addd38051f550a9f5acd50ef6adb0d13818e9812c447,16380,361.195447,True,160,168
1472.6420653518917,558b8784,154,-0.1654141558191098,701518860521550,0.005891330891330891,True,True,558b8784,1025,701518867229778,-0.6242979242979243,1495.9027472527473,-4.782356532356532,1023.7499999999999,701519222092306,354.862528,794c5c5a14ec93aefee0f726d95939005d2ca82a10a813df77be97b8f42bf8e9,16380,361.570756,True,212,229
1547.4894071919805,681ac748,155,1.1061381938349255,701519224532221,0.003968253968253968,True,True,681ac748,1025,701519231291115,-1.0733211233211233,1565.9801587301588,-4.163980463980464,1023.7499999999999,701519586138754,354.847639,8a97b969e6b2ddb33a1e1d8fdf744b7339caf7d2ba37350c71d9bbceb25ad146,16380,361.606533,True,221,242
674.4326148881643,03477b1d,156,1.923784083318625,701519588761074,0.0007020757020757021,True,True,03477b1d,1025,701519595229418,-0.9163003663003663,697.751282051282,-4.741208791208791,1023.7499999999999,701519950150656,354.921238,416a8a02a52b856bfdf5d95603b796fedbb1ee71b3807f5f650400895fa3118a,16380,361.389582,True,166,190
2878.0947857396295,03ad12ef,157,-0.24639811821925245,701519953094665,0.006684981684981685,True,True,03ad12ef,1025,701519960282310,-1.1056166056166057,2900.807020757021,-4.635714285714286,1023.7499999999999,701520315152571,354.870261,d7cd34afb615945dd6b977f49e12214987396622e78d11d235860b7d733d7ae5,16380,362.057906,True,224,245
905.9410174525651,544edef6,158,0.3579522063223326,701520317550957,0.002136752136752137,True,True,544edef6,1025,701520324250950,-0.8818070818070818,969.4850427350427,-7.922527472527473,1023.7499999999999,701520679098327,354.847377,120334f03aa17b94209492ae2e28901a8e2b29a087e0572f5135e2befa7f378c,16380,361.54737,True,187,209
728.075436489301,b73a0b57,159,0.6054461997192918,701520680692061,0.0013736263736263737,True,True,b73a0b57,1025,701520687307093,-0.958913308913309,754.7930402930403,-5.079181929181929,1023.7499999999999,701521042130836,354.823743,1ea5867b50d9e984db43a1ae11307df133bf9a7f59106f118e83c90d6b0a287a,16380,361.438775,True,199,202
643.4313615244477,b940ad29,160,0.21263762407781922,701521044378988,0.0014041514041514042,True,True,b940ad29,1025,701521051274761,-0.802014652014652,942.1027472527472,-17.263492063492063,1023.7499999999999,701521406159768,354.885007,52d5ca9e0238e52ab26afb51e1c6a74ac0253047b19735c9e88a1d8fe43455ab,16380,361.78078,True,122,135
524.4885513431759,9a405e3b,161,0.4051910315775611,701521408692709,0.0002747252747252747,True,True,9a405e3b,1025,701521415296620,-1.6622710622710624,813.5203296703297,-16.91947496947497,1023.7499999999999,701521770146541,354.849921,61283bb85ad59b9db6a438fe4d3e75065897180c72450919b188f53c2ea06154,16380,361.453832,True,146,170
1587.3718630928158,eedabdd8,162,-5.5449415432528895,701521772241503,0.006501831501831502,True,True,eedabdd8,1025,701521779298201,-1.952991452991453,1657.3868131868132,-8.136385836385836,1023.7499999999999,701522134145897,354.847696,59b767639d270da11e2b9ba7c4c4d1f3c31fb540bd49f922b692fccaea0bc613,16380,361.904394,True,207,218
861.6777107643406,a1629d50,163,-6.862360858973068,701522136743961,0.0006105006105006105,True,True,a1629d50,1025,701522143188070,-0.9162393162393162,877.9623931623931,-3.93003663003663,1023.7499999999999,701522498192281,355.004211,78a62390e8757ec9ec16d0c683ba10158d29bc1866249f74912677272c4eff76,16380,361.44832,True,143,165
1855.726436890338,4af06106,164,-3.9081497123038216,701522500621105,0.007783882783882784,True,True,4af06106,1025,701522507183538,-1.7935897435897437,1873.9271062271062,-3.870879120879121,1023.7499999999999,701522862213958,355.03042,aa12ae3a8e40ff3a84b070d3fdf81a5c96c460cbc10a2577c1ef42d660722bc5,16380,361.592853,True,198,214
433.10958140828103,7d18a743,165,-0.3632622685268804,701522864678219,0.0,True,True,7d18a743,1025,701522871251753,-0.7136141636141636,751.0698412698413,-17.817155067155067,1023.7499999999999,701523226173148,354.921395,7c471690c804df931214cf5aafde09fd3000ce139e2a73b516f9641e1bf7d327,16380,361.494929,True,109,119
547.4424261100452,a5de6ff5,166,4.146094596649796,701523228072209,9.157509157509158e-05,True,True,a5de6ff5,1025,701523235212084,-1.723931623931624,831.2898656898657,-16.75934065934066,1023.7499999999999,701523590176228,354.964144,be82b1a628a538a219c8761fc3ab34b42e73baa27187b2bd8639100f8cf91031,16380,362.104019,True,130,148
430.2467629304625,567a374e,167,0.4595615462365598,701523592024194,0.0,True,True,567a374e,1025,701523599183726,-3.9474969474969477,814.5492063492063,-19.202075702075703,1023.7499999999999,701523954205068,355.021342,d732cd9c6acdceb38fadcaa8fadc20f4bc26ec72a9cdef4b7eba00f2c7cb64a3,16380,362.180874,True,119,120
2107.8764129660194,af411612,168,1.1101014062602552,701523956119158,0.00811965811965812,True,True,af411612,1025,701523963181677,-1.3444444444444446,2126.028144078144,-4.042796092796093,1023.7499999999999,701524318247333,355.065656,291867cc63c4a49cb1d41adbabdf0ec78a67232f3dd7a77a5933f621278406d7,16380,362.128175,True,229,246
920.3524324461321,00447b25,169,-0.1331709415117861,701524320796194,0.003235653235653236,True,True,00447b25,1025,701524327172785,-0.37313797313797314,991.2035409035409,-8.40903540903541,1023.7499999999999,701524682188095,355.01531,7581aad21bd99cf4753235620bd00dbd84cbff71f7ce0e82e4e188f1e408a5df,16380,361.391901,True,192,208
1511.1249881105193,df7ccc13,170,1.0416619353804235,701524684670901,0.00583028083028083,True,True,df7ccc13,1025,701524691238553,-1.1713064713064714,1521.492551892552,-2.9992673992673993,1023.7499999999999,701525046180164,354.941611,7dae847998f9e2cbdfb23fe6ffff6a038f0b3e1b21b404e3469971466cc92639,16380,361.509263,True,223,241
448.5806474288159,c79071ba,171,-1.5544342009769516,701525048014673,0.00042735042735042735,True,True,c79071ba,1025,701525055206557,-1.963003663003663,553.5703296703297,-10.056654456654456,1023.7499999999999,701525410217067,355.01051,55baf310b645c4c0a0c7fbc88a1f3ad4bdade56e45a007498534beb32604e8f4,16380,362.202394,True,129,145
445.7393964280869,9d6ab889,172,-0.03561740143803756,701525412505746,0.0,True,True,9d6ab889,1025,701525419207011,0.780952380952381,806.9573260073261,-18.98968253968254,1023.7499999999999,701525774186592,354.979581,417e0fa216262f0ac851bd437a2892e09ff27451eacb729f67c729ca3c18ee7c,16380,361.680846,True,124,135
1668.0482477216178,bc9c9ebb,173,-14.831402875530554,701525776383718,0.0014652014652014652,True,True,bc9c9ebb,1025,701525783213576,-1.0859584859584859,1669.5368742368742,-0.5561660561660562,1023.7499999999999,701526138197505,354.983929,baab7302fbf65dff1dc7977d054f14f3c67ef86d0c50658274a201d2a2554178,16380,361.813787,True,150,172
418.4924273772626,24776988,174,0.01219620002307249,701526140116495,0.0,True,True,24776988,1025,701526147203199,0.2282051282051282,690.7703296703297,-16.4992673992674,1023.7499999999999,701526502233125,355.029926,6ca9e56d968fc253d2f90d57a64c91a93062391d3c1c4aacb618c6a1342928e4,16380,362.11663,True,110,124
0.6235307359849483,df500255,175,0.4284077423931082,701526504949643,0.0,True,True,df500255,1025,701526512298493,-0.728083028083028,2.248840048840049,-1.0465201465201466,1023.7499999999999,701526867227958,354.929465,4558adc061e4ebcc86a0c11e4f8456e4f12ae566b6f6890ac9a6db4d56f80f8b,16380,362.278315,True,5,5
664.2477911320127,caacebe9,176,-2.196524480733447,701526870217863,0.0013736263736263737,True,True,caacebe9,1025,701526877344052,-0.7077533577533578,745.9026251526252,-9.008547008547009,1023.7499999999999,701527232232209,354.888157,561c497583ee5a310dfa788c2eac3e7ba3a6c58aeec17f078f6241fd57d25ce2,16380,362.014346,True,160,187
450.4933676190179,aeaccff9,177,-0.20411489436097605,701527234092117,0.0,True,True,aeaccff9,1025,701527241196815,-0.5220390720390721,769.4385225885226,-17.85140415140415,1023.7499999999999,701527596246316,355.049501,6559ed12f4f39d15e3a96128a96e3cf301251ea6ca2d227947c8569c9a6d6777,16380,362.154199,True,122,129
810.4698384372376,82f7c062,178,1.498775416340643,701527598050889,0.0016483516483516484,True,True,82f7c062,1025,701527605149997,-0.3231990231990232,936.6468864468865,-11.228205128205127,1023.7499999999999,701527960254301,355.104304,b119d52bccd5a9bfa821c07f157200a6261297a4e4dfcb7cc919c3c4544f95a2,16380,362.203412,True,164,179
486.1985130881193,00da4e80,179,-0.14333642009441705,701527962041462,0.0003663003663003663,True,True,00da4e80,1025,701527969199260,-1.5575702075702076,690.802380952381,-14.218925518925518,1023.7499999999999,701528324276143,355.076883,e571bb1cf551337feee1080be1dfd1d76bc6618f25cc0fcd5c75406400d0bd7b,16380,362.234681,True,136,140
407.70672435860166,2e94eca9,180,0.3294997872934157,701528326434305,0.0,True,True,2e94eca9,1025,701528333241641,-1.4203907203907205,693.4615995115995,-16.844505494505494,1023.7499999999999,701528688285670,355.044029,74276fbfb46d43962961c419b5bc45cb9a2958716fb6367382d2dd6256257042,16380,361.851365,True,107,116
730.8041537708662,127d7043,181,-0.5868041696577496,701528690965439,0.0007020757020757021,True,True,127d7043,1025,701528698115102,-1.1833943833943834,972.8010378510379,-15.511172161172162,1023.7499999999999,701529053266845,355.151743,c9d192911b732aa7371881d2dc1d2f12b4f340cc8c81893c12c8a5b38c25e118,16380,362.301406,True,145,166
637.109495513305,00631dd8,182,-0.7996367009124655,701529055073623,0.0008547008547008547,True,True,00631dd8,1025,701529062131602,-1.823931623931624,835.0778998778999,-13.951404151404152,1023.7499999999999,701529417258618,355.127016,233798e1c25d6b9c5729df1051f5acb296c9dcf4f585f7e141d1b4a161dd8d46,16380,362.184995,True,123,146
443.2984770656016,e608776c,183,-0.13113271965467432,701529419541306,0.0,True,True,e608776c,1025,701529426126842,-0.24377289377289377,720.8894993894994,-16.659279609279608,1023.7499999999999,701529781287431,355.160589,aed7794f97ba1190b4156f1c472a5d13f87ec077c854b6b90d3db105d7c79bb1,16380,361.746125,True,121,128
944.6009657500957,df95ea99,184,-0.47395166534643507,701529784044416,0.002655677655677656,True,True,df95ea99,1025,701529791246688,-1.5023809523809524,992.0152014652015,-6.71990231990232,1023.7499999999999,701530146300576,355.053888,fae5da2894b42e2b52aaa3a497710b96d6e0cea1fd2b739195bc842c2e0e6338,16380,362.25616,True,201,216
401.9503360921401,1a26a241,185,0.2582838010775203,701530148972369,0.0,True,True,1a26a241,1025,701530156145306,2.074969474969475,808.0918803418804,-20.045848595848597,1023.7499999999999,701530511287950,355.142644,3729aaa0c93cbbf9315e2115b597997abcc6a140468fa7a3a7df388ccd328f0f,16380,362.315581,True,111,123
361.022634671664,e74aaf31,186,0.4722846674167107,701530512858571,0.0,True,True,e74aaf31,1025,701530520119865,-0.5026251526251526,630.8383394383394,-16.41837606837607,1023.7499999999999,701530875294199,355.174334,d22d10b5e6065679ec1a366a130fbf669c5f3bee7c13c0901be2fb9c1481dab4,16380,362.435628,True,93,96
1219.0001821140465,1dff3640,187,3.0332565581958186,701530877205144,0.004120879120879121,True,True,1dff3640,1025,701530884080227,-0.9094627594627595,1223.9396825396825,-2.027899877899878,1023.7499999999999,701531239315045,355.234818,f32dd6de81e9ad96a744d337984b11a03f364560d4aed27e4cd84b7de7ef2c05,16380,362.109901,True,222,237
446.32762375868606,b4f45805,188,0.02658672733478338,701531241909192,0.0,True,True,b4f45805,1025,701531249081598,-0.3321123321123321,810.9448107448108,-19.09206349206349,1023.7499999999999,701531604283263,355.201665,0339c9b3b5812ae10bc0fa530ed5ea66b5e8d56758dceee2a6b8af4f5dfef43b,16380,362.374071,True,118,120
172.1304177717548,7dd73113,189,0.09115424955081912,701531606198525,0.0,True,True,7dd73113,1025,701531613092525,1.334126984126984,349.99413919413917,-13.26965811965812,1023.7499999999999,701531968326620,355.234095,f611af664e70bb171cfe340ed4d00f2c192bf67ade4abe98986b4271a82ba93c,16380,362.128095,True,71,74
792.859340059276,cdfd01b4,190,-0.1295422900778979,701531987337438,0.0006105006105006105,True,True,cdfd01b4,1025,701531994138161,1.415811965811966,1036.4404761904761,-15.542735042735043,1023.7499999999999,701532349350896,355.212735,154f4237c44521545e31d2a58e75658b5980a1ea719e43604cea65a09def063c,16380,362.013458,True,141,163
1764.0901024768882,0843fc4d,191,-5.766753605816918,701532351080417,0.005647130647130647,True,True,0843fc4d,1025,701532358150409,-0.7653846153846153,1773.5663614163614,-2.9816849816849818,1023.7499999999999,701532713297580,355.147171,3179dfc112145ecd7fc7a8f717cd86aab30fc02ceac6f92606fd6f5b6f124496,16380,362.217163,True,224,242
426.1059032576432,050e9816,192,0.2116251472745262,701532715022252,0.0,True,True,050e9816,1025,701532722100460,2.676251526251526,795.6126984126984,-19.035347985347986,1023.7499999999999,701533077330477,355.230017,93b91334d33f4530a6fcb1044cb3dcca97f4c3169dc5b58cd8f050c7fc122609,16380,362.308225,True,110,114
1837.374911760672,5c644163,193,-2.649646696907613,701533079414628,0.006105006105006105,True,True,5c644163,1025,701533086173172,-0.20927960927960929,1863.3123931623932,-5.088583638583638,1023.7499999999999,701533441340139,355.166967,296642bfe36ed722126065ac3cc696ec0d267a214540c5e7f0d10c1f3a11cf13,16380,361.925511,True,222,239
427.8441950486089,9610a00c,194,0.3337879332897985,701533443248438,0.0,True,True,9610a00c,1025,701533450153679,-0.20726495726495728,824.920757020757,-19.925702075702077,1023.7499999999999,701533805335443,355.181764,265a2b3e2a54f59fade548065e4866c1c78bf572f29a293f447f5074b0be8b2e,16380,362.087005,True,122,125
724.6666231004784,12d2fd0a,195,-0.03372527531712686,701533807192205,0.0,True,True,12d2fd0a,1025,701533814154865,1.6655677655677656,1072.5541514041513,-18.577228327228326,1023.7499999999999,701534169328985,355.17412,d0b25c608884e22f69d6409b92377f224c4ad9233df77a8f5256dd8fd3d82c38,16380,362.13678,True,179,185
796.584775665252,e9b89293,196,-0.23118678405653983,701534171771495,0.0015567765567765569,True,True,e9b89293,1025,701534178152714,1.4612942612942612,1031.9814407814408,-15.272893772893774,1023.7499999999999,701534533330991,355.178277,7e29db3d2350b26e8151dde658c83f53ae73a80c8387b32f2b1183aa28269c3f,16380,361.559496,True,155,179
847.2127456948152,b82c0f4f,197,-0.35814065467203327,701534535061574,0.002380952380952381,True,True,b82c0f4f,1025,701534542238188,-0.8885836385836385,1117.6054945054946,-16.41959706959707,1023.7499999999999,701534897352194,355.114006,22259a761611f55e1fe6b5a701c74ee85e63b160b5892754fed488178fd132fe,16380,362.29062,True,173,190
455.40534618888097,62de9798,198,-7.155918313689904,701534899047400,0.0006715506715506716,True,True,62de9798,1025,701534905477552,-0.8182539682539682,464.503663003663,-2.903235653235653,1023.7499999999999,701535261378255,355.900703,0ffc6e21df71206cbc99d9958dc1d6563d6cf73ef9dc63e69e443de02a7eef3b,16380,362.330855,True,165,183
6454.997909970913,f50e2269,199,-7.048005451627888,701535263575341,0.045787545787545784,True,True,f50e2269,1025,701535270142462,-0.21868131868131868,6537.547130647131,-9.083028083028083,1023.7499999999999,701535625368969,355.226507,d66369128a583cc0801fa894c041540754c4bc003c398f8c97446feb389ef5bb,16380,361.793628,True,232,256
738.5714668264851,31b537ef,200,-0.2189908050971452,701535627388539,0.0005494505494505495,True,True,31b537ef,1025,701535633564059,-0.6422466422466423,943.2819291819292,-14.293284493284494,1023.7499999999999,701535989380091,355.816032,1c2610dbd5a50346fd2d5116e758d8b40abab7a7410d37938933e8c92d7fa8bb,16380,361.991552,True,184,195
1384.4347949120474,e8ff93ac,201,-4.268231131495353,701535991776954,0.0031135531135531138,True,True,e8ff93ac,1025,701535998471276,-0.7853479853479853,1396.2581196581198,-3.3476190476190477,1023.7499999999999,701536354390022,355.918746,ea7d3a0f608661eb34c45f1b9a3e8fd0c531274e3405a8e92c4ff8f4e8b12d14,16380,362.613068,True,173,194
450.1636678153619,9d0d0846,202,-0.35697787510004697,701536356346733,0.0,True,True,9d0d0846,1025,701536362487588,0.40616605616605617,689.6446275946277,-15.46984126984127,1023.7499999999999,701536718366017,355.878429,864aa87265f84e07863166b99d08e578291033e331c967187921996cccf4343a,16380,362.019284,True,130,131
435.2766630737327,c5088a3a,203,0.3924876226204002,701536720143829,0.0,True,True,c5088a3a,1025,701536726491084,-1.038827838827839,825.8566544566545,-19.735775335775337,1023.7499999999999,701537082418706,355.927622,a8a03213f80fb285ee57219329f6c4e444b0ebb38bbee91d8c6a2b5dab9fe6a8,16380,362.274877,True,120,122
973.2566316094703,be8aa834,204,8.084202993567517,701537094574418,0.002686202686202686,True,True,be8aa834,1025,701537100504995,0.6154456654456655,1045.9196581196582,-8.502014652014653,1023.7499999999999,701537456378874,355.873879,17898e2ba50c189d08008cccc1b3db13e3ca72068e76d4e2c67c72d0ba155bda,16380,361.804456,True,157,191
1114.595094463602,2ad72fc3,205,-2.5309477592835257,701537458304256,0.004609279609279609,True,True,2ad72fc3,1025,701537464590566,1.1795482295482296,1223.9611111111112,-10.391086691086691,1023.7499999999999,701537820401586,355.81102,5cf2034e38cf2a5f26f0767d5d800517aef1d2577b432da3084f3c0428d2b6ca,16380,362.09733,True,174,187
1147.2573544377208,08aacf60,206,-2.96052141079005,701537822260582,0.004090354090354091,True,True,08aacf60,1025,701537828545269,0.6858363858363858,1274.4262515262515,-11.256043956043957,1023.7499999999999,701538184411915,355.866646,2a70ce699dd56deeca6b9fd7320971533ac75b01d738339fb8908343b41db658,16380,362.151333,True,183,201
1159.3437086048532,b67011a8,207,-4.463744827453003,701538187064482,0.0018925518925518926,True,True,b67011a8,1025,701538193518048,-0.3794261294261294,1176.7989621489621,-4.160683760683761,1023.7499999999999,701538549404981,355.886933,725fd2a2f480d0d8ba5c5df9c8c1b6da44eabef33eb8ef7228627684b20446c5,16380,362.340499,True,169,192
1308.8953698858459,a8ec117a,208,-2.998857326893647,701538551598380,0.0033882783882783884,True,True,a8ec117a,1025,701538557555988,-0.30500610500610503,1381.7186813186813,-8.528205128205128,1023.7499999999999,701538913408796,355.852808,646df41e26e8c55d8e188b7107630ca4c416b283bed6af38d3c20b850a6f8404,16380,361.810416,True,194,217
438.4439706765897,bd960f68,209,-0.20515621965488634,701538915213399,0.0,True,True,bd960f68,1025,701538921534926,-0.4056776556776557,774.9592185592186,-18.33986568986569,1023.7499999999999,701539277438300,355.903374,bb91c8ebd6fb981fed0c7c1d9da8f36540b43b3d0ede97a11d69f3ec44517824,16380,362.224901,True,116,124
691.3099461469883,aaccd7aa,210,-0.06477898172549824,701539279206724,0.0002747252747252747,True,True,aaccd7aa,1025,701539285550192,1.8894383394383394,884.3506105006105,-13.764835164835166,1023.7499999999999,701539641401056,355.850864,87c3c34598fd7db1a9f020fe5644bd17473728dd19f42231b65e0ba957e727f4,16380,362.194332,True,203,223
446.7045610508065,a23908c3,211,-0.33923745487136847,701539643314615,0.0,True,True,a23908c3,1025,701539649545671,0.38431013431013433,776.181684981685,-18.147435897435898,1023.7499999999999,701540005406713,355.861042,b8c91dc8b94e5f7ad64d01853c63c48ceee00dca1d7bf21464d3283618434db7,16380,362.092098,True,117,125
1033.889812552459,58b1cf93,212,-9.432630750608586,701540007188844,0.001343101343101343,True,True,58b1cf93,1025,701540013560365,-0.866971916971917,1069.850244200244,-5.933699633699634,1023.7499999999999,701540369407090,355.846725,2dd63ccd7dfa91c3a9d4a0b2376362d4f57702a78642dbd30346785f3b645b71,16380,362.218246,True,179,197
448.25592297032773,10ae1ad7,213,-0.06306549078160618,701540371574549,0.0,True,True,10ae1ad7,1025,701540377566623,0.2064102564102564,722.2636752136752,-16.551892551892553,1023.7499999999999,701540733431111,355.864488,c782cb665919b4577aaeafa3da43d701c11b0e7999c9cbcc203007bbc4b95b7d,16380,361.856562,True,126,132
461.33195652028064,11f7d70a,214,-0.21450851868372367,701540735068137,0.0,True,True,11f7d70a,1025,701540741564534,-1.3620879120879121,876.6018925518925,-20.33260073260073,1023.7499999999999,701541096520404,354.95587,c2170747205e41be208494401360077a1319477f427f0686fc4f0d5387976eca,16380,361.452267,True,113,121
701.1808408509141,50ad0958,215,-0.004717590739979692,701541098381173,0.0,True,True,50ad0958,1025,701541104591880,-1.263125763125763,1169.9167277167278,-21.613431013431015,1023.7499999999999,701541460437863,355.845983,ada980d01e79a91971032749f497c7b4391edae47a131be032808d8b77162a1a,16380,362.05669,True,175,179
437.2195353784731,9709ced0,216,0.36615348707860235,701541462202049,0.0,True,True,9709ced0,1025,701541468600000,0.5852258852258853,875.7051282051282,-20.931868131868132,1023.7499999999999,701541823527024,354.927024,9e0c1359f69ea0a548027c00ea758971df3f8cec0e1ee7257cd3188d3a0c39c3,16380,361.324975,True,115,122
867.6857920145925,03f51b89,217,0.28076145292684423,701541825631154,0.0022893772893772895,True,True,03f51b89,1025,701541831598441,2.526129426129426,1275.5850427350426,-20.037912087912087,1023.7499999999999,701542186525855,354.927414,77b48bf3c734a433a1114a0322967f431b61bfd751b2e2a6667100e60ccb794a,16380,360.894701,True,173,184
485.88109486091173,f824a67f,218,-0.4931021497251966,701542188919663,0.0,True,True,f824a67f,1025,701542195620366,2.883150183150183,844.4547008547008,-18.715262515262516,1023.7499999999999,701542550509908,354.889542,05754e930259a6452e96cb2ac75c29071632290e61e756df0c4ffca354ff09aa,16380,361.590245,True,120,124
1019.5405434946277,a82ec6cb,219,-8.528625540433596,701542552657230,0.0028998778998779,True,True,a82ec6cb,1025,701542558657278,-0.44206349206349205,1031.2118437118438,-3.3876068376068376,1023.7499999999999,701542913540157,354.882879,597b123d869219f9b976185c13950c9bfadff2936e8ed7e5e4630160616b598e,16380,360.882927,True,208,228
1178.6828865646632,99746afc,220,0.22298906213235015,701542916211941,0.003418803418803419,True,True,99746afc,1025,701542922577571,-1.087118437118437,1300.866056166056,-11.000061050061051,1023.7499999999999,701543277599473,355.021902,61b7bd7812a5ca4caa2dc0e044245335ce10450393bf26158f69a2bad011aa33,16380,361.387532,True,201,224
1726.4563941702038,f142d671,221,12.675923679119546,701543294146590,0.00021367521367521368,True,True,f142d671,1025,701543300700977,-0.7515262515262515,1727.5737484737485,-0.7433455433455434,1023.7499999999999,701543655563025,354.862048,3e9ee0402e5e358a0451cff110219e1f16d11abbea7eb4b8ab5348210af9ccbd,16380,361.416435,True,237,250
755.1008522782331,4aeb17af,222,-0.3041298511172744,701543657031663,0.0011294261294261295,True,True,4aeb17af,1025,701543663651975,-0.6134920634920635,1005.6943833943834,-15.818253968253968,1023.7499999999999,701544018562074,354.910099,b83207bdab6eaaefeb567f7ed095af2bcd3a1613a55b0353ac65bb775007272a,16380,361.530411,True,173,186
452.38598388248573,c9d9703f,223,-0.11336837334369554,701544020557438,0.0,True,True,c9d9703f,1025,701544026676321,-0.6044566544566544,761.4957264957264,-17.57112332112332,1023.7499999999999,701544381549421,354.8731,5dc960ca3682cc85de91e1f55d05a6eab98e76d858c77c240607f570102668d7,16380,360.991983,True,126,124
686.0371169090033,cabf021b,224,-0.6415157437793855,701544383290373,0.0006715506715506716,True,True,cabf021b,1025,701544389685329,0.3164224664224664,1042.533089133089,-18.878449328449328,1023.7499999999999,701544744590468,354.905139,636e13ffabf36f0f43806b80e3b7c233a2fec5b5e6f58c5c452aa98f9b96e1fd,16380,361.300095,True,170,177
385.6200437078184,7ef0aaf1,225,0.25887891270319513,701544747194543,0.0,True,True,7ef0aaf1,1025,701544753798414,-2.968864468864469,845.9188644688645,-21.248168498168496,1023.7499999999999,701545108583336,354.784922,4b9df41f95cc3ab492141a4fd121fa469d55e4678fcf3857dce4b3e46389a175,16380,361.388793,True,103,106
413.35519385817,e09ba267,226,0.6587163770806558,701545110437292,0.0,True,True,e09ba267,1025,701545116763036,-1.965140415140415,810.5344932844932,-19.832234432234433,1023.7499999999999,701545471576441,354.813405,05604c56267a8f4345aeabd17e60cb66560ef151525645d7d0b5491b1aed0832,16380,361.139149,True,108,109
425.23867165428527,bbde6235,227,-0.13671746638102522,701545473575603,0.0,True,True,bbde6235,1025,701545479699124,-1.2355311355311356,815.5891941391941,-19.718620268620267,1023.7499999999999,701545834599313,354.900189,b50d35859dba8433b44656057dca59261afd1e92f39016f7f155f9c86c2dc9c1,16380,361.02371,True,116,118
944.9386204847928,8a0ceb10,228,-0.2832721498480622,701545836684507,0.002564102564102564,True,True,8a0ceb10,1025,701545843716477,0.7438949938949939,1235.7117216117217,-17.035836385836387,1023.7499999999999,701546198596187,354.87971,af83c882cfa8d56182c3fdc2fd3755b906f188e510a0147b9823df176cf20332,16380,361.91168,True,189,200
833.3533568886683,dce9ab5e,229,-1.221179578855548,701546201327974,0.0017094017094017094,True,True,dce9ab5e,1025,701546207691480,-2.5217338217338217,1026.9811965811966,-13.684615384615384,1023.7499999999999,701546562611395,354.919915,5ff1610118f393e2313690ac90d26f52d90bdc9c58f80c2ce47fa4f06cf7bde7,16380,361.283421,True,189,202
565.5188841890032,28758d1b,230,0.34544591838973765,701546565031011,0.0013125763125763127,True,True,28758d1b,1025,701546571658286,-3.4853479853479854,979.468315018315,-20.044993894993894,1023.7499999999999,701546926589342,354.931056,044f3c948589988cb835a1f30912d8abbcdf1be7d9b740ff70733d1d7ba83434,16380,361.558331,True,130,140
1013.4624807308415,3ccab995,231,-8.104753819592004,701546928410647,0.002442002442002442,True,True,3ccab995,1025,701546934674344,-1.5139194139194139,1030.892612942613,-3.8907814407814407,1023.7499999999999,701547289749332,355.074988,aec2fd2f831efe964d288091fced38bd7d2a0d6a84aa6a4845c87a069dd75ee2,16380,361.338685,True,199,218
213.08011384084645,fdd88416,232,-6.0130336925590235,701547304127276,0.0,True,True,fdd88416,1025,701547310695769,-0.6965811965811965,213.89340659340658,-0.5727716727716727,1023.7499999999999,701547665620452,354.924683,a686aa70632cd238f2e748beb9dcab79b7db6d5801d916c8a06fd8cc1a9923e7,16380,361.493176,True,118,120
459.82984123257023,82bec3d5,233,-0.33077189711505595,701547667264972,0.0,True,True,82bec3d5,1025,701547673785095,-0.8778388278388278,727.0094017094017,-16.322039072039072,1023.7499999999999,701548028620839,354.835744,6f2f15429cf8a67c66e4fb861a5920cf781fcecd0bbbfd8ef25fc2fdab3675be,16380,361.355867,True,124,128
440.7143111890822,3180e46d,234,-0.4382479071158662,701548030252856,0.0,True,True,3180e46d,1025,701548036725708,-4.666910866910867,771.5563492063492,-17.58015873015873,1023.7499999999999,701548391615555,354.889847,6c0ce615d0b0561df0f3e0509ffafcb278349f29b04de28a25aff1069c35bde0,16380,361.362699,True,118,127
369.06084071673814,7a6feace,235,0.3255762372877048,701548393683827,0.0,True,True,7a6feace,1025,701548400724914,-0.023931623931623933,532.945177045177,-12.801709401709402,1023.7499999999999,701548755633235,354.908321,f0a06829e1ab33283fd765d80832a8312d01c4c6c53b1b0335e29fd6c8cf4ad2,16380,361.949408,True,108,112
412.91483661095384,dccc9afa,236,0.2694003233880076,701548757534561,0.0,True,True,dccc9afa,1025,701548763732053,-1.0913308913308912,908.4649572649573,-22.234188034188033,1023.7499999999999,701549118642728,354.910675,f31673c0786b7a0fe42f862fe18b8c964d33cfc7d286fb98e456014e99cd04ea,16380,361.108167,True,110,110
1530.797551191855,894f6176,237,-11.31159188316948,701549120608696,0.002442002442002442,True,True,894f6176,1025,701549127754402,-1.012148962148962,1534.007448107448,-1.4783272283272284,1023.7499999999999,701549482639518,354.885116,d0bbf20f77f3adbc4e9aee6338342495704e5d4037e99044f52cd05290cb44af,16380,362.030822,True,181,206
452.2480835461513,31f15db7,238,-0.03486703707989679,701549484344593,0.0,True,True,31f15db7,1025,701549490713078,-2.0554334554334552,759.0948107448107,-17.396031746031746,1023.7499999999999,701549845654300,354.941222,6c37dffa4fc4944447367deb459956706964ff03b64c49ef1166def8349aec62,16380,361.309707,True,115,129
779.7831037284518,da54e146,239,-2.1943430502777863,701549847267010,0.002014652014652015,True,True,da54e146,1025,701549853885668,-1.101953601953602,785.7056166056166,-2.1698412698412697,1023.7499999999999,701550208677758,354.79209,2010629f495b04eca25738054fa54c8f1de927ecdd1108939ef0da6e346f9578,16380,361.410748,True,188,201
0.6003705343632083,b0f9e104,240,0.14719385730006787,701550210891846,0.0,True,True,b0f9e104,1025,701550217824328,-1.2406593406593407,2.788034188034188,-0.8052503052503053,1023.7499999999999,701550572657735,354.833407,21786092db53385cd9ad0386a3f7210b0ee7e452ddc750800226b29f3c6ac099,16380,361.765889,True,5,5
1675.3723410387602,da087a9c,241,0.9915863397637084,701550574439956,0.005128205128205128,True,True,da087a9c,1025,701550580879946,-0.5271672771672772,1703.6303418803418,-5.2896214896214895,1023.7499999999999,701550935670622,354.790676,854e82d67b89a17a1554eac330607c1c71b680d912a3d81b76f338ab0239c298,16380,361.230666,True,221,241
175.32139730470314,bf4cc90a,242,0.5840359779303103,701550937266561,0.0,True,True,bf4cc90a,1025,701550943840304,0.5778388278388278,354.31654456654456,-13.366422466422467,1023.7499999999999,701551298551059,354.710755,d9415b8c01ad41cd95155b5c42a8858a9228e33d11ddec00138a5334c3ed2d80,16380,361.284498,True,75,78
962.7876150745197,8572e3c3,243,1.399942209855238,701551301303905,0.0011904761904761906,True,True,8572e3c3,1025,701551307898087,0.2059218559218559,1034.2820512820513,-8.452930402930402,1023.7499999999999,701551662632947,354.73486,94cd2686521ae7e2ad7abcda5fa584eb5b4e748fb7561eb9c28b5a64f59809c4,16380,361.329042,True,193,208
403.1363224717895,49d87879,244,-0.8199823098554893,701551664339645,0.0,True,True,49d87879,1025,701551670856200,3.538095238095238,665.6823565323565,-15.812271062271062,1023.7499999999999,701552025602672,354.746472,655b243ffd4553c6a42d9c1f279063cf43091eec5062ef5ffc2bec8d9137540e,16380,361.263027,True,120,122
431.1371712055412,f1295cf2,245,-0.9063021735163586,701552028990349,0.0,True,True,f1295cf2,1025,701552035839523,0.3981074481074481,669.5079365079365,-15.434126984126983,1023.7499999999999,701552390655365,354.815842,2b39ad077b08ec65c6f5131f5fbdb6815ed26c07f91c457b758e7c90f10e3739,16380,361.665016,True,127,128
606.9453055708368,d6b4d670,246,-14.08921938420711,701552392732123,0.0,True,True,d6b4d670,1025,701552399806443,-0.8089133089133089,608.1067155067155,-0.7120879120879121,1023.7499999999999,701552754702016,354.895573,c3eac27f0c50a2470935c309b9029d03752eba1c2b106acc52e3a79ebf2bff13,16380,361.969893,True,76,75
1508.7376116343974,a0242a79,247,0.8439568231228052,701552758954759,0.003785103785103785,True,True,a0242a79,1025,701552765820575,-1.1146520146520147,1511.0173992673992,-1.0184981684981684,1023.7499999999999,701553120679749,354.859174,490d1e34d7318da1cf524bc3b41ba7d50dd750c2a6c2cd09c6849a55122c9f11,16380,361.72499,True,228,240
1227.0446615672347,dd16d10c,248,-1.9787310579338286,701553122575995,0.006593406593406593,True,True,dd16d10c,1025,701553128841515,-0.8473137973137973,1229.6031135531136,-1.3566544566544567,1023.7499999999999,701553483682313,354.840798,49b82f208403d87d5354cc8d90659a946f841631d06eac56013a40dc2895f83c,16380,361.106318,True,213,211
1150.5487362786448,8fddc379,249,-9.07143675980507,701553485917531,0.0018925518925518926,True,True,8fddc379,1025,701553492851185,-0.09163614163614163,1161.3968253968253,-3.292368742368742,1023.7499999999999,701553847673417,354.822232,3187329761244df1ae9cb7f7a557594222807b405a0177c67af6808d0fde9d8c,16380,361.755886,True,197,209
424.9992305083331,d80064c2,250,0.7705640652984609,701553849344949,0.0,True,True,d80064c2,1025,701553855817892,-0.8628205128205129,733.7761904761904,-17.5508547008547,1023.7499999999999,701554210734182,354.91629,b9716fd9a47b24e84035ac59e4063e3755163a1d143d80928cab04b718b11b17,16380,361.389233,True,117,122
654.6439768673193,57206791,251,-4.158550462023302,701554213812635,0.0,True,True,57206791,1025,701554220815650,-0.8121489621489622,655.3386446886446,-0.1873015873015873,1023.7499999999999,701554575715508,354.899858,6fac17d2089049712ed6851d9a3f2621c6b592d96f86a6bc9bcd161e3ddd5530,16380,361.902873,True,138,140
412.95788102990485,22b6c781,252,0.5846428689958162,701554577528187,0.0,True,True,22b6c781,1025,701554583811841,-0.4225885225885226,706.723137973138,-17.134371184371183,1023.7499999999999,701554938714865,354.903024,3bfbdbf20df508936f6f20c33fa90993b83ee735e51c01df9b53b642a0240ad2,16380,361.186678,True,110,108
365.3642847713269,a3c44c04,253,-0.6330274714916256,701554941682067,0.0,True,True,a3c44c04,1025,701554948762469,0.0938949938949939,554.9093406593406,-13.767216117216117,1023.7499999999999,701555303704637,354.942168,849185b7bd79d6ad5ae365c5a4fd40fa52ce74c2641c836a3fd7670d57c51fdd,16380,362.02257,True,126,123
425.1599615772235,8a741373,254,0.7518055762174289,701555305365228,0.0,True,True,8a741373,1025,701555311912611,-0.21416361416361415,770.2874847374848,-18.576373626373627,1023.7499999999999,701555666733038,354.820427,c2487c9b8126357bfe212a6a75160d0f01d836b9efb982104a87b1a868dac009,16380,361.36781,True,110,118
232.0471316869943,75394e53,255,-3.7228358396013803,701555668478309,0.0,True,True,75394e53,1025,701555675841816,-1.0503663003663004,233.9696581196581,-0.9051282051282051,1023.7499999999999,701556030739830,354.898014,073bb75f75b50ba71e2dea14a3d5f3a92fa9a6cdc23467c12805d1d922b42eb9,16380,362.261521,True,116,116
134.7187091005589,053a9b75,256,0.03344458740996895,701556032491563,0.0,True,True,053a9b75,1025,701556038751643,-0.6606227106227106,322.9271062271062,-13.702991452991453,1023.7499999999999,701556393729918,354.978275,5733484a59e9932a5d7e1b7058a8816bb3c6fb2788adc3bbc23edd95c4f767aa,16380,361.238355,True,65,67
1483.7307225897152,2f816025,257,-8.315978636117652,701556395668474,0.0026251526251526254,True,True,2f816025,1025,701556402842272,-1.0558608058608059,1519.6346764346765,-5.898229548229549,1023.7499999999999,701556757729735,354.887463,949e81c9cf7eb748221d0112473629937e2d9c47f76ee29457f0f5f7bbd5d82e,16380,362.061261,True,179,191
796.46651417569,a051933a,258,-7.943575781972573,701556759628446,0.0018620268620268621,True,True,a051933a,1025,701556766762539,-0.771978021978022,849.0053724053724,-7.207142857142857,1023.7499999999999,701557121750432,354.987893,b19828f4597a21250e346d98c98a8e430ab0604549bdd8d54699549d91145992,16380,362.121986,True,174,186
606.8208848978995,ac65a792,259,-4.832097454585609,701557124044030,0.0011294261294261295,True,True,ac65a792,1025,701557130738051,-1.6697802197802198,638.3230769230769,-5.358547008547008,1023.7499999999999,701557485739568,355.001517,24f221d42a8b3bb52294110f96629d9fa527090a6b97b9f72d66d10102433636,16380,361.695538,True,156,176
767.4256797204966,0c15e66f,260,0.24446578760312312,701557487743238,0.0003357753357753358,True,True,0c15e66f,1025,701557494738649,-0.660989010989011,998.1811965811966,-15.176251526251527,1023.7499999999999,701557849764863,355.026214,60d608a79e2b44eff39d768b66d4a30d2fb30dd2cd2b23f780a55db7d6ddec8b,16380,362.021625,True,189,204
214.22470216664354,4603cecf,261,0.9981919356254293,701557851335444,0.0,True,True,4603cecf,1025,701557857739816,1.5815628815628815,483.0811965811966,-16.32039072039072,1023.7499999999999,701558212767002,355.027186,8cf424db9d66157d04c5a26f1d084b0ef814a9fd7e38b6c288ae03a44efc44e5,16380,361.431558,True,78,82
403.7182972586361,74675078,262,0.2821921427406496,701558214992772,0.0,True,True,74675078,1025,701558221879988,-1.278144078144078,803.5298534798535,-19.954395604395604,1023.7499999999999,701558576777197,354.897209,9a8f3ef23a1c5b674193ce3c277f47ea3ef15a1d44a8d298a75998521103da00,16380,361.784425,True,116,117
983.7104073246657,51f919ae,263,-1.2340813292204165,701558579353349,0.003021978021978022,True,True,51f919ae,1025,701558585761108,-0.39853479853479856,1023.529242979243,-6.2976190476190474,1023.7499999999999,701558940786059,355.024951,9629ae2f4fa39446f248e8cd0403c999e79ac937e9b20b9a5d3df0f5494600cf,16380,361.43271,True,220,230
1662.0767112391745,c04f039e,264,-0.014934739467030812,701558942666255,0.006318681318681319,True,True,c04f039e,1025,701558949763649,-0.7694749694749695,1667.6040903540904,-2.2215506715506717,1023.7499999999999,701559304777278,355.013629,92e93d0f39ad7c409244c654fd2e823c0f509e166611b019abbe04132f242156,16380,362.111023,True,226,243
415.02701683610104,cda7cb7b,265,0.20646304567549223,701559306772782,0.0,True,True,cda7cb7b,1025,701559313785295,-0.5145299145299145,795.5179487179487,-19.499389499389498,1023.7499999999999,701559668842235,355.05694,d09e21d4526c00411cc3c6cbb05efaf1dc974e49b79685a0f40a36d59005fd71,16380,362.069453,True,108,117
1306.544347383047,71c81a49,266,-16.509566196077383,701559670808354,0.0006715506715506716,True,True,71c81a49,1025,701559677728292,-0.18308913308913308,1321.7445665445666,-3.8944444444444444,1023.7499999999999,701560032780483,355.052191,0f569e3ff648074740cf53d6f7711613fe7707888b75bff1aee4d60634b59616,16380,361.972129,True,136,153
799.8185215113878,a73041bd,267,-0.5769307096478767,701560034554418,0.002014652014652015,True,True,a73041bd,1025,701560041714630,0.3631868131868132,1002.3540293040293,-14.226862026862026,1023.7499999999999,701560396871238,355.156608,b1f72a06230a5ebace4e77110c6df9c7f0187a2b4b1480fe5f2df13642105d95,16380,362.31682,True,166,187
432.4790544881113,cf7d3652,268,-0.14050544622996392,701560398688976,0.0,True,True,cf7d3652,1025,701560405683856,0.43174603174603177,713.182967032967,-16.748656898656897,1023.7499999999999,701560760818823,355.134967,34c819d15e2d845ceae3af2f9b980ffa276fe65d2a6b0f05cd4706989ec1ebbe,16380,362.129847,True,118,125
795.8457391939902,fdb5d7c0,269,11.673519042638675,701560763548956,0.0022283272283272282,True,True,fdb5d7c0,1025,701560770721382,0.888095238095238,1089.1154456654456,-17.1020757020757,1023.7499999999999,701561125836891,355.115509,f1d0dd9a31d3eeb6d17d18ef639cce15cd1db4bef2f25e06918e415036ee4e39,16380,362.287935,True,142,167
674.8073069692483,e42a0363,270,-0.3211349693992891,701561127889674,0.001221001221001221,True,True,e42a0363,1025,701561134683774,0.3291819291819292,841.5777777777778,-12.90976800976801,1023.7499999999999,701561489825382,355.141608,f576d6098dc3313ea846dd8545d919fd4f062b02dd8ce540384ee8a3526b88c9,16380,361.935708,True,182,187
750.6106412977201,d97e7805,271,-2.738695534945112,701561491974106,0.0008241758241758242,True,True,d97e7805,1025,701561498694136,0.13107448107448108,870.9143467643468,-10.967521367521368,1023.7499999999999,701561853810456,355.11632,6c16757eccb3c0ede92c4b9b4c94a2ac6c1a2a3839caa3bfb85ea5e51fe0f0cf,16380,361.83635,True,155,172
326.31834310208853,eaddc737,272,0.001344588043218631,701561855689510,0.0,True,True,eaddc737,1025,701561862677457,1.1412087912087912,524.6922466422467,-14.038217338217338,1023.7499999999999,701562217824906,355.147449,cf7137cb3a3d331d7715c5cfed6ca1624b2533b94691434b62a0ee7dd7374184,16380,362.135396,True,105,110
474.7499727622805,a2f42876,273,-0.10133914278511011,701562219699311,0.0,True,True,a2f42876,1025,701562226775043,-1.7153846153846153,658.8365079365079,-13.45897435897436,1023.7499999999999,701562581834215,355.059172,8bc49b198c055885783e2a14dff2aeb53436355f4c3e02b316e0cf7280a50ebe,16380,362.134904,True,122,130
262.15276415519094,7ebb2613,274,0.38105521219750127,701562598314594,0.0,True,True,7ebb2613,1025,701562604663702,-0.5999389499389499,430.38125763125765,-12.956410256410257,1023.7499999999999,701562959851166,355.187464,cb139b35b254642b6fbae34a91e9b45229a26bb9c1f9bde84ffaa9759bc429f8,16380,361.536572,True,110,113
1017.0422287148477,e0e1fa0e,275,0.4164469795643626,701562962033083,0.0031746031746031746,True,True,e0e1fa0e,1025,701562968656430,-0.8355921855921856,1019.2855921855922,-1.243040293040293,1023.7499999999999,701563323833023,355.176593,d79558b7642fa3a19baceedb2c7c4b1e994c03e145726524588e89503c14bed0,16380,361.79994,True,210,231
1493.2107013899138,c987d5f3,276,-1.5260013815984879,701563326045668,0.0035714285714285713,True,True,c987d5f3,1025,701563332652543,-1.3907814407814407,1497.368131868132,-1.491025641025641,1023.7499999999999,701563687830498,355.177955,e0953e08bda2d59a0bbecee50c6fb0efd635b13072530b7600b306a4cddbcdbf,16380,361.78483,True,195,226
818.8102079690085,5abc4f99,277,0.15505461801001985,701563690670490,0.0010073260073260074,True,True,5abc4f99,1025,701563697663466,0.09346764346764347,1052.7408424908424,-15.294505494505495,1023.7499999999999,701564052857952,355.194486,f767c3329b6f1e6d69466c61420c4ddef32b28bfebb202944a3280151c45cbff,16380,362.187462,True,200,205
601.142406818524,804e1557,278,-4.8246298761939945,701564054671211,0.0010073260073260074,True,True,804e1557,1025,701564061726916,-0.322954822954823,649.021978021978,-6.911965811965812,1023.7499999999999,701564416879722,355.152806,872fc518fcb6cac1b158f0c1e084edfd417e50048a576e9dced4131f01cc1c61,16380,362.208511,True,139,167
463.63373485861575,44d42a35,279,-0.14524256470738883,701564418687842,0.0,True,True,44d42a35,1025,701564425662533,0.8070818070818071,765.1254578754579,-17.344749694749694,1023.7499999999999,701564780852079,355.189546,c4e9627fa28f786a2877be98968bdb7520a16354f6a3662ee6687c52117e49f8,16380,362.164237,True,131,130
436.04823112107,997edc64,280,-0.07033262038531263,701564782787580,0.0,True,True,997edc64,1025,701564789706385,1.1945665445665445,836.3112332112332,-19.970879120879122,1023.7499999999999,701565144897695,355.19131,47c896cbe86a2cef158ad85314b48cdbbb92e001a02ea9f765b9cbc8817d7d6f,16380,362.110115,True,113,117
373.4823957415532,e642031f,281,0.19560532893784874,701565147332560,0.0,True,True,e642031f,1025,701565153626483,1.134065934065934,708.9974358974359,-18.281929181929183,1023.7499999999999,701565508873547,355.247064,ad4625f578d247f983d6fe957ea29b2c295f3dc4167629b0776935436ef1ca18,16380,361.540987,True,107,113
695.0264092799075,eaa37d10,282,0.9174737403594122,701565510605813,0.0010683760683760685,True,True,eaa37d10,1025,701565517680363,2.3812576312576312,905.989010989011,-14.328021978021978,1023.7499999999999,701565872872633,355.19227,429d906ebea108a6d8d8c36dec1689e219398471c13c19f053ac3ab9cc48c7ba,16380,362.26682,True,145,170
1354.1614444191002,0efec0c4,283,0.9832480883394173,701565875246132,0.00347985347985348,True,True,0efec0c4,1025,701565881774008,0.9709401709401709,1426.5737484737485,-8.453968253968254,1023.7499999999999,701566236894332,355.120324,6b86209c7107810eb2c72a7017e5fa7a69445636971b07858dff732fca2e8368,16380,361.6482,True,218,234
464.50209832563314,c987f8c2,284,-0.004305948561072825,701566238896359,0.0,True,True,c987f8c2,1025,701566245721968,-0.12496947496947497,672.7736263736264,-14.43107448107448,1023.7499999999999,701566600920148,355.19818,5ee49fe8a7b6a7874ccb756c2e80c0c5ab25d95da73601d086af1b81c05af13c,16380,362.023789,True,120,121
1190.5419434045807,6410979c,285,-5.960374361809164,701566603869596,0.0016483516483516484,True,True,6410979c,1025,701566610770779,-0.26483516483516484,1196.003663003663,-2.321978021978022,1023.7499999999999,701566965901281,355.130502,cdbf6bf7f183512b359a1a0365d2e32d93a738fb0a865449b05d180f18e01b0e,16380,362.031685,True,202,220
5148.454339157316,f0a2b900,286,-5.786757642816472,701566967722124,0.03464590964590965,True,True,f0a2b900,1025,701566974721162,-1.0728327228327228,5234.974786324787,-9.239560439560439,1023.7499999999999,701567329952153,355.230991,5d87b3867ace3ca19ebf1276e8870e7bc24ae763644669686fe09d11f3f40714,16380,362.230029,True,236,253
633.132208454278,857c6569,287,-12.769782426529783,701567334668072,0.0007936507936507937,True,True,857c6569,1025,701567341727203,-0.7402319902319903,633.9384615384615,-0.5082417582417582,1023.7499999999999,701567696938878,355.211675,5e61c10d436d45ff8c862a0e82971eab0e073629f08d6967ed2e1a3bdb8468e1,16380,362.270806,True,107,115
236.26727224376492,c899f350,288,-5.974102420171583,701567699157394,0.0006715506715506716,True,True,c899f350,1025,701567705796651,-0.981074481074481,239.50567765567766,-1.5086080586080586,1023.7499999999999,701568060966346,355.169695,85239880914f97b1e16871fa953ba3556efcd4f498475f28ef7e67e00ea2834f,16380,361.808952,True,161,155
1221.4614862745448,2bf9f563,289,-2.741639088592263,701568063646635,0.004822954822954823,True,True,2bf9f563,1025,701568070732386,0.8546398046398046,1303.0699633699633,-8.993223443223442,1023.7499999999999,701568425900187,355.167801,bb02108ea7a1e14914da7d00c1a5f372d9c501c3a958167394e006b563d8f2e5,16380,362.253552,True,211,240
459.5674149510779,9ac84e65,290,-0.462755338032912,701568427923053,0.0,True,True,9ac84e65,1025,701568434757970,-2.0992673992673994,840.5096459096459,-19.404517704517705,1023.7499999999999,701568789946389,355.188419,78ebca68c02c73baecc55b2ea256d694c8bf450ddb0c0d254be3e019d4d7b3f7,16380,362.023336,True,114,119
1048.1535729231425,0fddaeaa,291,2.2028879575785254,701568791597832,0.0013125763125763127,True,True,0fddaeaa,1025,701568798097034,-0.5375457875457875,1056.020818070818,-2.752869352869353,1023.7499999999999,701569153915946,355.818912,577e39630a5cce180d29345522505916a88caf6ae500cf4967f2152c4e83fae8,16380,362.318114,True,183,193
520.1676522151705,49ae955a,292,-3.4565917601722025,701569155648844,0.0003663003663003663,True,True,49ae955a,1025,701569162158756,-1.3255799755799755,597.3452380952381,-8.684493284493284,1023.7499999999999,701569517939364,355.780608,34aea0add4f8990dd44e932c0d69d3b3bac64796accb5fb7be11dab49a4d5819,16380,362.29052,True,157,171
940.0423817947078,f26f4e2b,293,-9.385721793741274,701569520023817,0.001098901098901099,True,True,f26f4e2b,1025,701569526069932,-0.8213064713064713,950.0186813186813,-3.0498778998778997,1023.7499999999999,701569881966880,355.896948,8fe921be612f5f02dddaf8b91d6eb4227b536287c47ac1554c97569d0af5abf7,16380,361.943063,True,184,189
794.3189890810587,8d9388a4,294,-10.070356340961947,701569885046184,0.0015873015873015873,True,True,8d9388a4,1025,701569891147133,-0.7221611721611721,815.8698412698412,-4.5857753357753355,1023.7499999999999,701570246932750,355.785617,da413769af14adf07a85bb72651f0b59a1546fb8f3bee4963219d3b70d7b938b,16380,361.886566,True,186,198
859.9414455185977,2057187d,295,-1.1324146546865423,701570249393434,0.0019230769230769232,True,True,2057187d,1025,701570256157297,-1.4296703296703297,991.8883394383395,-11.397496947496947,1023.7499999999999,701570611942102,355.784805,41d73fb6acbca2b074ec1f934e09e4fcbbff5d2635905f7de5d912123b550ec7,16380,362.548668,True,188,202
81.65637706276901,b25b1fa0,296,0.12703860388921304,701570614490953,0.0,True,True,b25b1fa0,1025,701570621078161,0.03290598290598291,164.07570207570208,-9.078449328449329,1023.7499999999999,701570976952596,355.874435,41b671aeb410faf55070192132e60a080ea0cee640e6ea98049fecb866b470a7,16380,362.461643,True,50,50
992.612136793135,d3fb86c1,297,1.9188972334411272,701570978826600,0.0027472527472527475,True,True,d3fb86c1,1025,701570985127978,-0.671978021978022,997.3327838827839,-2.0661782661782664,1023.7499999999999,701571340961715,355.833737,2322f1f1a58011c0c81fdc8c7b3d546cea517ffe326b6bae941f0642c0cefd6b,16380,362.135115,True,196,210
525.9632721900946,a2ee8d50,298,-0.27612942912491945,701571343033584,0.0002442002442002442,True,True,a2ee8d50,1025,701571349098214,-0.2846153846153846,588.9191086691087,-7.92936507936508,1023.7499999999999,701571705016781,355.918567,a704418f3f9f12ad80afa9c0737fbd7307cf35906d3748deb4e6964f074f073d,16380,361.983197,True,142,155
434.2595713488113,fe2d05d9,299,-0.034104163061601876,701571707496851,0.0,True,True,fe2d05d9,1025,701571714182596,0.11343101343101343,712.4594017094017,-16.67893772893773,1023.7499999999999,701572069980856,355.79826,3841644dcd687933de900327a8828678e80c9d60697b4021fd29c997205c3f29,16380,362.484005,True,120,125
1466.9888360496511,acf6c352,300,-1.974630141167074,701572071821487,0.004120879120879121,True,True,acf6c352,1025,701572078124097,-0.7264346764346764,1468.7940781440782,-1.1302808302808303,1023.7499999999999,701572433982720,355.858623,c933c11e96a88ff74bb93fea00d5ebb7cfa5e91ba12c864f035a89efdfa69931,16380,362.161233,True,215,232
440.6063859221093,770072b4,301,-0.022164852143409342,701572436468942,0.0,True,True,770072b4,1025,701572443129540,-0.6915750915750916,832.2813797313797,-19.77869352869353,1023.7499999999999,701572798970299,355.840759,efe08a9a6ed27ee47d4133a72c34fbebf0886ca18080cf266d351119af51438c,16380,362.501357,True,111,113
775.5970227845686,9da88e4c,302,-5.0055182477922315,701572801102882,0.001221001221001221,True,True,9da88e4c,1025,701572807202728,-1.7433455433455434,842.9374847374847,-8.018803418803419,1023.7499999999999,701573163031074,355.828346,fd1818b16b956dc582832f703f3b10f6634cd33f9410812200a627d76eb4d370,16380,361.928192,True,162,188
716.0394535274114,0b321c1d,303,-7.730188602832856,701573164671536,0.0010073260073260074,True,True,0b321c1d,1025,701573171145891,-1.4784493284493285,748.1764957264958,-5.472771672771673,1023.7499999999999,701573527009793,355.863902,ff81b16d10b86402d2b6e373e2ec604456171c62eb87775afe38a432a2e541e8,16380,362.338257,True,143,161
377.21307688953294,6541c978,304,0.152171897911525,701573529474475,0.0,True,True,6541c978,1025,701573536219902,-0.867948717948718,769.0496336996337,-19.775824175824177,1023.7499999999999,701573891987542,355.76764,acfa0b69577abf732afc390ec2e7fa7b8c4c0cdd09b097ac5da7316e1dd40306,16380,362.513067,True,104,103
805.4799628295323,e57ffea4,305,1.7416157648382415,701573894046426,0.0022893772893772895,True,True,e57ffea4,1025,701573900165308,0.057631257631257635,969.3092185592186,-12.79945054945055,1023.7499999999999,701574255096045,354.930737,a72beec7b72780b7d4fcdda8cfa92099023e886653a64d28f6e7dc54126492d0,16380,361.049619,True,144,161
693.7881403361256,42e84360,306,0.5809390630391192,701574257825668,3.0525030525030525e-05,True,True,42e84360,1025,701574264221434,0.36800976800976803,1072.9982905982906,-19.469841269841268,1023.7499999999999,701574620016204,355.79477,eec45f1545941148de8dc87326953cd57cb2af6b96446c91d193016feb7c59c9,16380,362.190536,True,177,180
0.7858206052528396,09836384,307,0.7473649540155887,701574622404951,0.0,True,True,09836384,1025,701574629188211,-0.7083638583638584,1.7211233211233212,-0.6584249084249084,1023.7499999999999,701574984085583,354.897372,50437d7e6815d11cafece7e7d43dfd10d61577f936c94ce9e86aa13e2a8e1851,16380,361.680632,True,6,6
796.5469062117505,70d4f3a5,308,0.03808840953321084,701574986258593,0.0018620268620268621,True,True,70d4f3a5,1025,701574992182818,0.8953601953601954,1049.0125152625153,-15.863919413919414,1023.7499999999999,701575347103804,354.920986,7419b8009da787877558f1a9bfd265c02bb4eea9808159df3bb471600cf515dc,16380,360.845211,True,158,189
464.37381845023776,9c5dbda2,309,-0.27377532390487735,701575349089881,0.00021367521367521368,True,True,9c5dbda2,1025,701575355168477,0.5297924297924298,654.4160561660561,-13.775396825396825,1023.7499999999999,701575710094172,354.925695,99d3083e1c1828002687509d18252a4c40398ed068a8bf24c31813db94b6cf86,16380,361.004291,True,184,214
1076.4165937606688,50496437,310,2.7194622891571543,701575712363003,0.0014041514041514042,True,True,50496437,1025,701575719193512,-1.098901098901099,1094.3856532356533,-4.094078144078144,1023.7499999999999,701576074115129,354.921617,beb35ecbeb2f2786eb4d31e15eeaf776acb83514b43fe76e4c6192bcaf0e7303,16380,361.752126,True,196,207
872.273614260519,23a8cc7a,311,-0.3989353652631955,701576076153865,0.002442002442002442,True,True,23a8cc7a,1025,701576082132562,1.5434065934065935,1097.9793650793652,-14.944017094017093,1023.7499999999999,701576437118741,354.986179,35832cb80245ceaaf446a6ca5bee970b5019b669a8d63b5d540eeac6d10371b8,16380,360.964876,True,169,188
425.2891848176921,3260cb21,312,-0.08108301914486415,701576438858111,0.0,True,True,3260cb21,1025,701576445160711,-0.5403540903540903,826.4363247863248,-20.021367521367523,1023.7499999999999,701576800108056,354.947345,b6cd49374cf7e08e61388d7bf44f036cbbf2a6262c0e93384e2e3f5ce9fd8374,16380,361.249945,True,117,119
1188.4874172395234,6acf83dd,313,-2.162265967759334,701576802829122,0.004731379731379731,True,True,6acf83dd,1025,701576809211333,-2.612026862026862,1371.3258852258853,-13.267094017094017,1023.7499999999999,701577164150763,354.93943,71a763e7d724ad27ac7d309cece77ed17df4b0da14f39936412511ea340fae47,16380,361.321641,True,172,194
82.31793250874753,c297ebef,314,0.004067123701097568,701577167245666,0.0,True,True,c297ebef,1025,701577174187435,-0.8519536019536019,151.09920634920636,-8.249572649572649,1023.7499999999999,701577529127125,354.93969,4a2103d553e685f06cbbf42dd88a0aab664aa0bb4b7cad142c6a572da61b8b2f,16380,361.881459,True,51,53
796.5093658546041,a93e0262,315,1.3823957792795034,701577531055522,0.0018925518925518926,True,True,a93e0262,1025,701577537197949,-1.1107448107448108,859.1252747252747,-7.834676434676434,1023.7499999999999,701577892131838,354.933889,33b08f68f24e662b2096d7225ede902ff1eeee09c1636881fdf1ab5b1af24d97,16380,361.076316,True,214,225
663.2967156334373,c35e531b,316,0.921476068542596,701577894282806,0.0013125763125763127,True,True,c35e531b,1025,701577901421888,-0.650976800976801,722.0880341880342,-7.63986568986569,1023.7499999999999,701578256151430,354.729542,eb3cc14c386c6953f2851ac0ef1dcadb7dc1c7b69f9f10fd7d8c5c6a1a6bc08f,16380,361.868624,True,167,186
379.315190805667,e560d245,317,0.59023778857777,701578258512305,0.0,True,True,e560d245,1025,701578265293250,1.0547008547008547,678.3630036630036,-17.26080586080586,1023.7499999999999,701578620127128,354.833878,349a29825a5f7a2fc71c96be953d918af611ccf67b1e234c0557ee7fcca629a5,16380,361.614823,True,113,120
861.1411372418789,1d33bfe1,318,-1.4596896183086057,701578622485338,0.0027472527472527475,True,True,1d33bfe1,1025,701578629261574,0.656043956043956,1065.8468253968254,-14.292490842490842,1023.7499999999999,701578984146319,354.884745,a39277f1fd0ff4a68fec24d5bf40b0adf6a90e11432c907c5836c3405caadb57,16380,361.660981,True,144,161
752.4717051155328,3a4ce46e,319,-1.395783165592961,701578986529836,0.0025030525030525033,True,True,3a4ce46e,1025,701578993296684,1.2075091575091574,899.3383394383394,-12.05854700854701,1023.7499999999999,701579348153877,354.857193,fb02090e6c287b769d3603be4e1884f7ff88686c29d496d6a49d96b5fbdd8afc,16380,361.624041,True,158,165
1358.154583208475,6a769f01,320,-4.931086505286965,701579350227518,0.005067155067155067,True,True,6a769f01,1025,701579356248516,-1.388034188034188,1377.237912087912,-4.1420634920634924,1023.7499999999999,701579711144781,354.896265,89a3f53f0dcff3be2ed8006e190b88685d87d1ae44eedcfc3cf2248b41911450,16380,360.917263,True,222,240
2275.612256988704,541207e4,321,1.1778331880578938,701579712914679,0.007722832722832723,True,True,541207e4,1025,701579719254339,-0.8305250305250306,2279.9885225885228,-1.92002442002442,1023.7499999999999,701580074174730,354.920391,3ab073262b360a3961363530debeb17349b7f8c6d5d92ba968f9ada010d2d9b8,16380,361.260051,True,224,247
892.1814112254588,82801b92,322,-1.9057195105954174,701580076890085,0.002258852258852259,True,True,82801b92,1025,701580083346867,-1.6917582417582417,1251.7113553113554,-18.885653235653237,1023.7499999999999,701580438197866,354.850999,914eb6ebdd9c25cc930678b6d522499fa000f98f2b8aea8c05161739c90291fb,16380,361.307781,True,150,179
883.396137312694,01fa3d1d,323,-3.588337502870335,701580440706601,0.0018620268620268621,True,True,01fa3d1d,1025,701580447254294,-0.05885225885225885,971.9295482295482,-9.40903540903541,1023.7499999999999,701580802178271,354.923977,a2dac18a0719d60cb9d5b1f337db5e5df3bdfc096901d5fac1377f2938abe4d2,16380,361.47167,True,170,188
133.2713874651329,05c54c8b,324,0.14573223867743534,701580804824065,0.0,True,True,05c54c8b,1025,701580811277981,2.600732600732601,256.8321733821734,-10.807264957264957,1023.7499999999999,701581166205274,354.927293,87ebad0f0cbc05fe1f2ef8d7f2fb63f38396131b3b4f2af5b8ccaeb363c785f3,16380,361.381209,True,60,66
569.6657075582809,2ecec88c,325,-14.067610202476178,701581169220346,0.0002747252747252747,True,True,2ecec88c,1025,701581176268396,-0.6381562881562881,570.2094627594628,-0.3694749694749695,1023.7499999999999,701581531200678,354.932282,6cedc702f7557b0e6955f53caf93235c98f58e969b82acc7c75b7e9ae5d6903c,16380,361.980332,True,137,143
797.6857048002195,535bd105,326,-0.7420898484019477,701581533177246,0.002564102564102564,True,True,535bd105,1025,701581539310896,1.1293040293040293,1032.7055555555555,-15.288705738705739,1023.7499999999999,701581894204044,354.893148,ce8574a2fad9ca64d1279d321ebcc38fafcdbbcaa58f1aecda3eb456fbc30dea,16380,361.026798,True,138,144
771.035444085151,05c78a56,327,-1.170158168483705,701581895949876,0.0014957264957264958,True,True,05c78a56,1025,701581902294395,0.9153846153846154,849.631746031746,-8.818070818070819,1023.7499999999999,701582257184977,354.890582,2f195ecd49fd9c891faa6b83cf041d3ca671689041d8f93f50d83f82f7e01de2,16380,361.235101,True,144,167
439.7205208636161,ca7aaeaa,328,-0.21819363654370458,701582258948232,0.0,True,True,ca7aaeaa,1025,701582265378764,1.633028083028083,699.758608058608,-16.04279609279609,1023.7499999999999,701582620239639,354.860875,ccdf265496b8e5a9a8037317d46d1d3e8931c022476854a0ee1b00b0316d84bf,16380,361.291407,True,118,126
790.2665603061299,02fce771,329,-0.59741501360238,701582622886475,0.002258852258852259,True,True,02fce771,1025,701582629303131,-2.8684981684981685,1071.2265567765567,-16.514590964590965,1023.7499999999999,701582984216906,354.913775,b97ad874dca1432e66f9872f47f68fabf94270c911a1b5afcb896b84fa7263e8,16380,361.330431,True,143,158
1927.8135448207336,aa0daf00,330,1.0803608069279047,701582986953081,0.004822954822954823,True,True,aa0daf00,1025,701582993305175,-0.38302808302808306,1929.2066544566544,-1.1164224664224665,1023.7499999999999,701583348215293,354.910118,409889ff6adc048dad39a9668ae7879e8b2abfe476268246e14f91ad03f3184f,16380,361.262212,True,231,244
418.40378835009784,383d3076,331,0.2175351057447838,701583351617417,0.0,True,True,383d3076,1025,701583358401798,0.572039072039072,669.5550061050061,-15.837423687423687,1023.7499999999999,701583713229279,354.827481,b5c4de399155f9150f2077d86dadca5e3540349bb91025e6b4ca42b8c020d61b,16380,361.611862,True,113,118
637.4924944279707,0e68954b,332,0.05868402916363746,701583716072156,0.0007326007326007326,True,True,0e68954b,1025,701583722477099,1.1206959706959707,909.8372405372405,-16.464774114774116,1023.7499999999999,701584077211485,354.734386,112699d067aaad0bed5c69fcf23d39ef431e4a971a852a54609d1db29e516c59,16380,361.139329,True,148,172
594.6886640397995,5ec1bba2,333,-0.10608317261229944,701584078981813,0.0001221001221001221,True,True,5ec1bba2,1025,701584085382458,1.2406593406593407,705.8224664224664,-10.468742368742369,1023.7499999999999,701584440215740,354.833282,d487e5cc8853e13b7498810917bce74a05a18cdf2d5f4784740be6f79ef7a0fb,16380,361.233927,True,166,169
421.2887580486939,7e7b518a,334,0.31204285071675636,701584442020543,0.0,True,True,7e7b518a,1025,701584448400349,0.39914529914529917,818.496275946276,-19.926068376068375,1023.7499999999999,701584803242517,354.842168,21cc0fb3a1083a8edc64479d608df4721d8659bd30639caed5307d5f9d04507c,16380,361.221974,True,120,118
470.9732284599134,1e541e19,335,-0.34043589133769764,701584805684976,0.0,True,True,1e541e19,1025,701584812373716,1.7313186813186814,762.9105006105007,-16.99822954822955,1023.7499999999999,701585167281248,354.907532,e3e63dff79f227246ecfb2a4abfac5fd509eb51761db581ea341e59e87134435,16380,361.596272,True,120,123
1319.0988543423068,90dbafa5,336,0.649837393812428,701585169199095,0.005189255189255189,True,True,90dbafa5,1025,701585176387050,0.37643467643467643,1323.6057997557998,-2.0893162393162394,1023.7499999999999,701585531241470,354.85442,9586bd0ae2b60b138d6279ba44bb16f1721af8f5467fa6a618468bd16c832727,16380,362.042375,True,212,240
401.19720466008016,fd32c9d2,337,0.13936530844073408,701585533544295,0.0,True,True,fd32c9d2,1025,701585540364093,0.06294261294261294,879.8142857142857,-21.877228327228327,1023.7499999999999,701585895234153,354.87006,8ab06cb3d0d7c1063c3ba040859cb4fda098a330dd2892870c682c618810a40f,16380,361.689858,True,105,115
895.9623939637219,ae7f8693,338,-8.148681725187542,701585897721687,0.0011294261294261295,True,True,ae7f8693,1025,701585904436477,0.5077533577533577,919.8084859584859,-4.856776556776556,1023.7499999999999,701586259234360,354.797883,63988e8551d7039b6ca4760bb42ed8e40b93a32f506ba82811006e9321aad6c3,16380,361.512673,True,184,198
954.2827665740853,9a95e823,339,-1.2080104682051387,701586260899649,0.002777777777777778,True,True,9a95e823,1025,701586267372221,-0.7344322344322345,956.5533577533578,-1.3157509157509157,1023.7499999999999,701586622231409,354.859188,3249cdf47e0886ccc55dc3b38cc15bf82562c42a0bf64960b55923e71228b5c0,16380,361.33176,True,190,201
896.8243695593512,189623fc,340,-4.986261548018288,701586624149607,0.0,True,True,189623fc,1025,701586631357038,-2.0124542124542124,1053.9235653235653,-12.371306471306472,1023.7499999999999,701586986240322,354.883284,e4813e0015193f530ed76fc5638b2ff4eaf4670c20843f6a64b7a2229afed91c,16380,362.090715,True,164,167
428.81121673368006,fba66864,341,-0.29223757369041253,701586988645270,0.0,True,True,fba66864,1025,701586995385287,-0.1246031746031746,757.9014041514041,-18.14041514041514,1023.7499999999999,701587350278529,354.893242,9845eb93acdefe98dcf68a5b6634e9bb14e63bfec00a55d38d5606267137f17d,16380,361.633259,True,117,120
1078.9177761005783,3f9ebbee,342,0.24372135929685684,701587352080107,0.0017094017094017094,True,True,3f9ebbee,1025,701587358401432,-1.0192307692307692,1094.4956043956045,-3.8130036630036632,1023.7499999999999,701587713292359,354.890927,9fb4d3c6c96948b9b18d9070329af826c4b646d42fa4e4761afc4507ab408e63,16380,361.212252,True,194,205
992.4111671631177,6aa19e19,343,-8.508893506250384,701587716613570,0.0015873015873015873,True,True,6aa19e19,1025,701587723458375,-0.6684981684981685,999.9623321123321,-2.6653846153846152,1023.7499999999999,701588078286033,354.827658,b188890cd6ca502ddad48b2f398595536e245b3b3eb613fbea06d45071d6d172,16380,361.672463,True,162,180
721.2567633590803,a2faecd9,344,0.8209167181026389,701588080454184,0.0016483516483516484,True,True,a2faecd9,1025,701588087434225,0.31996336996336994,778.0036019536019,-7.526251526251526,1023.7499999999999,701588442267111,354.832886,59a617ae6243cfc324ab24751987a10228398dd0ad2fa57bf10997ef81117b8e,16380,361.812927,True,191,197
1564.2974958815435,d0efa907,345,-10.05642208830869,701588443934896,0.000641025641025641,True,True,d0efa907,1025,701588450419760,-1.0536630036630037,1579.4885225885225,-3.7524420024420024,1023.7499999999999,701588805295457,354.875697,84b506f648c93161abd13bca52b3ffa960f680c4830bce14d2cac8c2ca4e9824,16380,361.360561,True,173,191
441.20318233692774,20569649,346,0.2582029879575571,701588807510807,0.0,True,True,20569649,1025,701588814417540,0.9523199023199023,710.181746031746,-16.37289377289377,1023.7499999999999,701589169318545,354.901005,dfff7f77ae7079ea54a983b78a19c572f896635763d41f10e76116f55d55de28,16380,361.807738,True,125,128
470.32433172918525,00d3a66e,347,-0.23350667378816586,701589172363774,0.0,True,True,00d3a66e,1025,701589179343034,0.5248473748473749,783.1619047619048,-17.67942612942613,1023.7499999999999,701589534306156,354.963122,033ee09c1c738351bca783dd88e378e6e6b79b325cb4891e2232594683951985,16380,361.942382,True,119,121
422.4496025559029,2accce76,348,0.26540379841743333,701589536618619,0.0,True,True,2accce76,1025,701589543450059,0.8559218559218559,810.3346764346765,-19.676190476190477,1023.7499999999999,701589898295608,354.845549,a37f75a3cccc82cb10f1df473c14e786139ffadde1557772f74c3bcbf19fca6e,16380,361.676989,True,108,118
1418.5777446027723,db350582,349,-0.2921303772404119,701589901009180,0.002442002442002442,True,True,db350582,1025,701589907302302,-0.7948717948717948,1422.6537851037851,-1.855860805860806,1023.7499999999999,701590262297524,354.995222,9bf8a22ff1e06b449bc758224d1d02bf24811237e16967cda660ac221323e4cf,16380,361.288344,True,203,222
364.45470016518556,b08ebc55,350,0.4210545278952115,701590264422513,0.0,True,True,b08ebc55,1025,701590271319688,-0.48266178266178267,918.2669719169719,-23.52826617826618,1023.7499999999999,701590626315981,354.996293,3729ac01878ce756810f956faa542d0913df980823fe732ae0f44bb4bba21a4d,16380,361.893468,True,98,100
469.4345134481582,9003a03d,351,0.09876770683484429,701590627989727,0.0013736263736263737,True,True,9003a03d,1025,701590634331550,-0.894932844932845,471.0882783882784,-0.9235042735042736,1023.7499999999999,701590989334166,355.002616,ec23fdb1377fa0fe907b9bb5d8949793a6d14d1ea6647a4e990a13dac89947fe,16380,361.344439,True,172,180
238.2827373945414,864351c0,352,-13.414392995392586,701590991338637,0.0,True,True,864351c0,1025,701590998306134,-0.8462759462759463,239.19737484737485,-0.4454822954822955,1023.7499999999999,701591353327625,355.021491,61720cba2e9329598fb8b800116a04387e28b6fe5213c7453dd8e8c332bbf6d9,16380,361.988988,True,72,72
990.7778713282377,1d3178cc,353,2.111202908241799,701591355564636,0.0021672771672771674,True,True,1d3178cc,1025,701591362335992,-2.6205128205128205,1161.1069597069597,-12.785225885225886,1023.7499999999999,701591717356460,355.020468,535fc480ebef1505a5a46022f8e300fa2346127447182b8ec2ccdac6bb9a752d,16380,361.791824,True,194,212
565.4984137121866,20b66220,354,-10.683398693799521,701591719649968,0.0002747252747252747,True,True,20b66220,1025,701591726360649,-0.9095238095238095,566.5354090354091,-0.457997557997558,1023.7499999999999,701592081342464,354.981815,b7c2c9ed9550c01f703a497ab52c8831ad082994cb9f96b37c91a72cbdebc6b0,16380,361.692496,True,83,92
520.9878970117524,81fbc1da,355,4.069421758316414,701592083948643,3.0525030525030525e-05,True,True,81fbc1da,1025,701592090394283,-0.977045177045177,743.7178876678877,-14.892124542124542,1023.7499999999999,701592445354667,354.960384,538ee52739c39abecc71b605f841ac1eda221c499c32c3a319c9153955f8e33f,16380,361.406024,True,120,133
352.7109630106699,bf40a579,356,0.19862860167065044,701592447457635,0.0,True,True,bf40a579,1025,701592454353646,1.427960927960928,693.2695970695971,-18.3989010989011,1023.7499999999999,701592809366499,355.012853,67f1a4741354951d162f2ee2fbf8da401f89af75480c4517fb91a8f5812fdd30,16380,361.908864,True,93,101
192.96794902357172,93466540,357,0.3558440825703996,701592812496849,0.0,True,True,93466540,1025,701592819405305,0.6145909645909646,394.2079365079365,-14.172588522588523,1023.7499999999999,701593174381889,354.976584,141ab8a1ead62c1526c35b0aa158f7708f46a8b5226d5b786205dde1a316e788,16380,361.88504,True,70,74
476.16419871981225,aa9f7436,358,-0.6288912777299914,701593176121038,0.0,True,True,aa9f7436,1025,701593183339861,-0.8598901098901099,729.542796092796,-15.894627594627595,1023.7499999999999,701593538360648,355.020787,ca3e3d0161870ab6d439de4ed14d3ebf1a8337f19479c4eb0601f2c9cda6fd6c,16380,362.23961,True,126,130
436.155717904738,3b248dee,359,0.3080984753797903,701593540637764,0.0,True,True,3b248dee,1025,701593547274195,-0.5405982905982906,781.8767399267399,-18.585714285714285,1023.7499999999999,701593902372829,355.098634,b1453b46ad09f18a2da56e55bd8574256c2c0e554bf5ff34a51a399724ca8404,16380,361.735065,True,127,131
431.5195757877992,13b4679d,360,0.15076922617435382,701593904276650,0.0,True,True,13b4679d,1025,701593911329298,-0.2965201465201465,702.4671550671551,-16.457814407814407,1023.7499999999999,701594266389039,355.059741,c2ff9daf8076eec3fb3c81ca565ecb339e6879ffd1e0d7a2e086711bfbec7764,16380,362.112389,True,123,130
509.3772571452425,6d8e2c67,361,-14.31769798790918,701594269279145,0.0,True,True,6d8e2c67,1025,701594276275887,-0.842979242979243,510.37179487179486,-0.5328449328449328,1023.7499999999999,701594631387535,355.111648,92b6b57cb235de713a1949c375ca6705fe5c85affe3657a080c9725888ef9ff7,16380,362.10839,True,67,69
760.0175339800613,c1f62208,362,-0.04265070907073276,701594633420469,0.0018315018315018315,True,True,c1f62208,1025,701594640242040,-0.6296703296703297,1011.3985347985348,-15.842490842490843,1023.7499999999999,701594995387893,355.145853,5e558a505875241c73b3be80532bafa5528808042a6836a6b376d7cc6d6605e9,16380,361.967424,True,139,160
64.44686145661422,160a79fd,363,0.3137526221235332,701594998262750,0.0,True,True,160a79fd,1025,701595005265133,-0.8904761904761904,72.31092796092796,-2.659157509157509,1023.7499999999999,701595360392179,355.127046,bad3d8f3b6a1075fde77e8a8e3332afbf89efbe0a538957657f281387d59633c,16380,362.129429,True,77,86
989.5977223593799,86ee9ae5,364,-1.3283987852535974,701595362013215,6.105006105006105e-05,True,True,86ee9ae5,1025,701595368309222,-1.1047619047619048,1119.504945054945,-11.344017094017094,1023.7499999999999,701595723439665,355.130443,7b3c0009f16c17e28b539e4ca18fbc2ecf3008f40ec14ab5df6c17cadac65d2b,16380,361.42645,True,135,150
393.0013553821704,3d55e38c,365,-0.11729090344664878,701595725499620,0.0,True,True,3d55e38c,1025,701595732234267,-0.34658119658119657,658.1352258852259,-16.27924297924298,1023.7499999999999,701596087416437,355.18217,319ca1e5f4d04718ba71fbeb1b5b4e028d579f0550c0327c486340877f9dec5f,16380,361.916817,True,111,119
445.4293493435069,dc971eb8,366,-0.12393884162284155,701596089769447,0.0,True,True,dc971eb8,1025,701596096247308,0.4217948717948718,971.5814407814407,-22.934126984126983,1023.7499999999999,701596451415361,355.168053,315bd416d4da07bc30e68f95be240b013856b1e739295b84d116a3a83c8d3703,16380,361.645914,True,112,115
1092.320503778544,2387c4f7,367,-4.569991953942313,701596454440062,0.0027167277167277166,True,True,2387c4f7,1025,701596461237507,-1.0876068376068375,1233.1139194139193,-11.815689865689865,1023.7499999999999,701596816400099,355.162592,2958023dc9c8b2d339250b9f590d7dfa74dc5a9d43c162b9cb56170591f45bc0,16380,361.960037,True,208,222
279.4465374552188,4978617a,368,-0.5115414569493605,701596818623524,0.0,True,True,4978617a,1025,701596825233866,-0.13333333333333333,389.4068376068376,-10.485347985347985,1023.7499999999999,701597180395606,355.16174,1920f3ccaeccd852a2ac8d71640d1ed8aadb2c5d9e5c1fc8cba6b58cf566b391,16380,361.772082,True,116,130
425.3883505376729,ed0386a0,369,-0.5929901338666064,701597182090842,0.0,True,True,ed0386a0,1025,701597189223742,-1.555006105006105,780.5236874236874,-18.78076923076923,1023.7499999999999,701597544408114,355.184372,1413a53733fd40807d14d2c0ace6dc02b508a2a161793950f0f41570246f38e8,16380,362.317272,True,114,123
662.1541154822658,fe0c3183,370,-14.051825488217615,701597546349035,0.00030525030525030525,True,True,fe0c3183,1025,701597553314198,-0.6857753357753358,663.1201465201465,-0.7040903540903541,1023.7499999999999,701597908431894,355.117696,5bdd98eaf4df5c57de79acda3e79ca2e450f74796215ea332e94cfafb8854717,16380,362.082859,True,109,112
732.4259790558783,90cafa1e,371,-3.345345193700042,701597910071174,0.0010073260073260074,True,True,90cafa1e,1025,701597917304935,-0.07338217338217339,846.5101953601953,-10.680769230769231,1023.7499999999999,701598272450714,355.145779,eea84b2312341bb0ba648ca8349152710c22df72357dbd5be5227ca7ff3292a1,16380,362.37954,True,155,174
1210.7406439365138,6cc82a6d,372,-12.113255610082481,701598274971191,0.00173992673992674,True,True,6cc82a6d,1025,701598282215261,-0.3966422466422466,1212.9653846153847,-1.4378510378510378,1023.7499999999999,701598637502747,355.287486,015438fedbd46fcbceb79b0769840309bccc83a6086a1f6a75406b6e93bf315d,16380,362.531556,True,155,166
441.42589317953787,78e13671,373,-0.9241916861824473,701598640861900,0.0,True,True,78e13671,1025,701598647196861,-1.2253357753357754,877.5021978021978,-20.846459096459096,1023.7499999999999,701599002479768,355.282907,93c4ff2dd1609cad50e437df251c9563a7abc8abee2f28352865793b60cb5e15,16380,361.617868,True,117,123
1271.6492503514667,db61b8c2,374,0.01656243167653832,701599004520969,0.0028083028083028083,True,True,db61b8c2,1025,701599011230899,-1.3487789987789989,1281.1050061050062,-2.7634310134310134,1023.7499999999999,701599366434426,355.203527,8bf2c7691bf159cce21d5f2fb23f3d49c8c0e048f7e31c390d904e84ed1582c3,16380,361.913457,True,200,220
463.0061953661587,93e0b695,375,-0.17111176856639668,701599368321515,0.0,True,True,93e0b695,1025,701599375285866,-1.5903540903540903,757.498778998779,-17.086935286935287,1023.7499999999999,701599730474384,355.188518,a1e51c57ebcb7ba9d989331285bb7d13d384f3164eee0f23cb869d909a3ed1b8,16380,362.152869,True,122,127
850.0924556399374,b33b9bb5,376,-14.242237579536585,701599732788290,0.00042735042735042735,True,True,b33b9bb5,1025,701599739300506,-0.564957264957265,859.9592796092796,-3.08992673992674,1023.7499999999999,701600094459157,355.158651,fdc755bd091b95895c1115c43ac2e7b994509f7e1fe8a9a814d60b087a31e15b,16380,361.670867,True,164,171
459.03303062491705,09f58c71,377,-0.6466452106964775,701600096627148,0.0,True,True,09f58c71,1025,701600103296631,2.748046398046398,813.9201465201465,-18.636935286935287,1023.7499999999999,701600458480269,355.183638,21bc0d779d01d92599df97ed681369b19df4971d217060cbfed77af7e1166378,16380,361.853121,True,125,124
706.0817953265023,6464cb7a,378,-3.588693692629156,701600460993973,0.0012515262515262516,True,True,6464cb7a,1025,701600468314037,-0.492979242979243,752.4229548229548,-6.789560439560439,1023.7499999999999,701600823442100,355.128063,9f11a5b6fb5a3697496eb44d4d4c27c26ff880315adaf87828ce7490aebfcfc3,16380,362.448127,True,144,168
760.1812095329036,6990c100,379,-0.28665937766880145,701600825359316,0.0019230769230769232,True,True,6990c100,1025,701600832266218,-1.76013431013431,960.525702075702,-14.044444444444444,1023.7499999999999,701601187497797,355.231579,236ca259c06acaecf5fecec89bfad0e7a53776b45e94e370cbc13898fa088a76,16380,362.138481,True,168,189
1243.6236836183082,8a00fdf4,380,-3.5669021088434025,701601190152497,0.004578754578754579,True,True,8a00fdf4,1025,701601197279456,-0.7005494505494505,1289.6860195360196,-6.750671550671551,1023.7499999999999,701601552485175,355.205719,eea1665856d9709fe8ba2e12b290737aa381d6413676cfc20e73660abad2f3ca,16380,362.332678,True,211,226
1253.7727726530018,8993d772,381,-10.673325077165757,701601554847803,0.002442002442002442,True,True,8993d772,1025,701601561282632,-0.03485958485958486,1263.787851037851,-3.1644688644688643,1023.7499999999999,701601916509681,355.227049,084ab02416300fc5edece9731c48429559d6a52d51e8a20e9ede263a0d653f2f,16380,361.661878,True,176,185
640.8876307805612,51e81fd5,382,-0.3982395983198401,701601919428732,0.0002442002442002442,True,True,51e81fd5,1025,701601925647032,-0.39951159951159954,865.6993894993896,-14.988400488400488,1023.7499999999999,701602281517047,355.870015,c0bc505186959d6abde209c60d4c2b751e21c10be7b748d5e4c9c1af1f7641d8,16380,362.088315,True,189,209
435.2924901865195,c1678b45,383,0.3145684627487172,701602283776821,0.0,True,True,c1678b45,1025,701602289628287,1.2478632478632479,736.6299145299146,-17.314163614163615,1023.7499999999999,701602645520293,355.892006,bfa67ac3193eb496af73e07fd8b82dffc15630bc8b2b076368aa8274ceaeb937,16380,361.743472,True,121,125
1768.692067412983,fc0894c0,384,-0.7699820162869799,701602647912316,0.00924908424908425,True,True,fc0894c0,1025,701602653802215,-0.29010989010989013,1838.2227106227106,-8.333455433455434,1023.7499999999999,701603009500956,355.698741,32f5a360a40a886074ef18b6b9a50cdd15a30eefebc102b980df73448eb04edd,16380,361.58864,True,221,243
436.15678934449085,7e870eec,385,-0.056010306481453914,701603011186593,0.0,True,True,7e870eec,1025,701603017638926,0.12496947496947497,767.5324175824176,-18.203296703296704,1023.7499999999999,701603373510102,355.871176,c7e41e7f025e348e6b0f9315bbf70c82a460e5b8eaf8e4d62d0e33b91bec4c8d,16380,362.323509,True,120,126
424.9411697273694,601babfc,386,0.537489976392367,701603375781538,0.0,True,True,601babfc,1025,701603381635619,0.39126984126984127,842.0217948717949,-20.418803418803417,1023.7499999999999,701603737588108,355.952489,d109110bd461e03af132ad9ea55f0f196756af77fbd05f2ba463212fe3bb9b95,16380,361.80657,True,108,119
444.0246288879348,2a45ef62,387,0.16233637781730548,701603739426234,0.0004578754578754579,True,True,2a45ef62,1025,701603745672227,-0.04548229548229548,768.5675824175825,-18.015018315018317,1023.7499999999999,701604101524406,355.852179,07c167a41441d62ffd79d406ed84327d033f80ed3e8476a4fcf7d02840b0ed85,16380,362.098172,True,128,142
806.6832078452683,c514eec5,388,1.1165435317257335,701604103342995,0.0,True,True,c514eec5,1025,701604109690039,-0.9571428571428572,808.7650183150183,-1.0796703296703296,1023.7499999999999,701604465503444,355.813405,94d05c7a265bbab7992f5e426f6de00212121479f95f709cd5b8f5bd50c7fd22,16380,362.160449,True,156,160
354.2311080996063,f9b15fc3,389,0.3786307601530472,701604467568640,0.0,True,True,f9b15fc3,1025,701604473602631,0.2661782661782662,621.7981684981685,-16.355311355311354,1023.7499999999999,701604829545431,355.9428,aa4be42ec9d8e3f76a692555f87b20ddb03f7102b698f95dd0fa9391471bdd26,16380,361.976791,True,111,122
249.34551233598853,d4e74309,390,-0.4820432681518774,701604831980406,0.0,True,True,d4e74309,1025,701604838692179,0.257020757020757,430.18107448107446,-13.445054945054945,1023.7499999999999,701605194539459,355.84728,f560a000cfe6d53db624a3ace2107607607ca24a8ccc396c8f1323283ce538f4,16380,362.559053,True,98,101
366.4143305588727,ef3e9f72,391,0.0677481487995482,701605196329544,0.0,True,True,ef3e9f72,1025,701605202743464,3.1146520146520147,727.432967032967,-18.743467643467643,1023.7499999999999,701605558557159,355.813695,9f435ef1433aa6d87417ab924f18ebfd7ec56d1f38180b7a7ead1e2dcc002a9d,16380,362.227615,True,108,109
459.9515172281931,3ae1f8ea,392,-0.8771623474427739,701605560705011,0.0,True,True,3ae1f8ea,1025,701605566643411,0.41336996336996334,738.0222832722833,-16.67032967032967,1023.7499999999999,701605922545132,355.901721,ef9b086a4559a046461c2e954cd3b583fba04a6e14d90388878c4b0086d41dd9,16380,361.840121,True,129,131
437.3493961336452,189666ba,393,-0.1129738250227334,701605924851785,0.0,True,True,189666ba,1025,701605930687381,0.6488400488400489,729.5251526251526,-17.08083028083028,1023.7499999999999,701606286570677,355.883296,77c5345244167f539757dd00b389e1537d958a1428a9c62c9dc642369f24feed,16380,361.718892,True,113,121
873.3728227639949,192011df,394,-4.370434095827295,701606288948915,0.0007936507936507937,True,True,192011df,1025,701606295688962,0.54004884004884,949.1400488400488,-8.687667887667887,1023.7499999999999,701606651534756,355.845794,c450ff4b44505072cd38e8b3443ab3ba30a29abc3b4a31d5baf2789612507156,16380,362.585841,True,153,176
920.2171971946789,f5bbaedc,395,-4.247084581918435,701606653324510,0.002136752136752137,True,True,f5bbaedc,1025,701606659677886,-0.20274725274725275,987.7789377289378,-8.217094017094016,1023.7499999999999,701607015567744,355.889858,1f413a4f350091a35434fda0341b8619c452ec2309f6f37c5a67539d1416454c,16380,362.243234,True,176,198
417.4358365013768,9760d5fd,396,0.03740318393779794,701607017572655,0.0,True,True,9760d5fd,1025,701607023706155,0.6578144078144078,854.2856532356533,-20.89059829059829,1023.7499999999999,701607379591714,355.885559,60bfb71afa43b2b97de85e17b451921f8d5bdc4fb6f4e2478b73ed192203dbcd,16380,362.019059,True,113,118
384.71775897823517,bce76bac,397,-0.022753836516675747,701607381336283,0.0,True,True,bce76bac,1025,701607387752918,-0.857020757020757,697.9776556776557,-17.67838827838828,1023.7499999999999,701607743585036,355.832118,bc4df11757250277e7878bc48cc9d02e4493ca20a9809b8efd97800377b10db5,16380,362.248753,True,106,107
392.43336645615943,d80dadf3,398,0.0904197068244226,701607745474830,0.0,True,True,d80dadf3,1025,701607751708389,-1.3466422466422467,751.6899267399267,-18.906166056166057,1023.7499999999999,701608107571856,355.863467,2c2e8bd7a9386f86b883b8775fa958c438f8b4b4fb1b8e46ece3c5e4f40b571e,16380,362.097026,True,115,117
1440.7044628340047,c215890f,399,-11.103207686519497,701608109536661,0.0014652014652014652,True,True,c215890f,1025,701608115731327,-0.9645299145299145,1441.934065934066,-0.5470695970695971,1023.7499999999999,701608470658131,354.926804,945651f3a5e6472a999bd9482258ee0c02a2cea954a7caaba5b7c56237a8e822,16380,361.12147,True,146,155
412.1622512452274,88126ed3,400,0.4311121229310132,701608472542936,0.0,True,True,88126ed3,1025,701608478722793,1.8651404151404152,744.5916361416362,-18.136996336996337,1023.7499999999999,701608833637384,354.914591,dd8b2e9888696e0936adb68317618e511b3889e37043da97f4619398a9a1fead,16380,361.094448,True,115,118
431.36445549905255,caba3157,401,-0.08966532303587889,701608835278849,0.0,True,True,caba3157,1025,701608841726402,1.9679487179487178,750.6553113553114,-17.76001221001221,1023.7499999999999,701609196669347,354.942945,7008be1a55fb16ce4bb281975639dc46f479ae2426199cf4f6ec01519311eba2,16380,361.390498,True,110,110
1128.636583328488,bcc3406f,402,-0.9491611209983539,701609198740013,0.0028388278388278387,True,True,bcc3406f,1025,701609204723108,1.0594627594627595,1373.5306471306471,-15.613186813186813,1023.7499999999999,701609559689817,354.966709,54816ce208b829b8dedb23a0dd764daf822260a6ea433ebf9dac7f7c0103be7d,16380,360.949804,True,213,226
1479.259073664092,7601f914,403,1.4508158315218775,701609561734985,0.0013125763125763127,True,True,7601f914,1025,701609567855350,-0.6321123321123321,1479.6766788766788,-0.1343101343101343,1023.7499999999999,701609922703454,354.848104,5f97b3bd08df6a7a5fc29c57ec2dd4e537c88b8711bb60c5f804adcd636b8896,16380,360.968469,True,214,214
588.7626880140617,e3090e16,404,-5.679234832244735,701609966865193,0.0010683760683760685,True,True,e3090e16,1025,701609973748119,0.4584249084249084,622.4494505494506,-5.785897435897436,1023.7499999999999,701610328700942,354.952823,dae98a410f70926d8c83ff29d67c541f611579a4d4a70ecff6b6663e4b8b70c5,16380,361.835749,True,147,162
377.5709971621785,df527a13,405,0.8369561105804607,701610330531163,0.0,True,True,df527a13,1025,701610336729315,0.32893772893772893,729.2416971916972,-18.75,1023.7499999999999,701610691702405,354.97309,0f124d4ee434d53233a6de3d91afd24fdf7a8f490b9f6067d337206f7f5859cb,16380,361.171242,True,98,108
418.7143163064042,4e1959c7,406,0.15489026280651697,701610693820330,0.0,True,True,4e1959c7,1025,701610699751237,2.115750915750916,734.3448107448107,-17.63956043956044,1023.7499999999999,701611054695502,354.944265,391a9930cc954e48cf1907a82930744ec1f558f067641dbb79938ad359462c21,16380,360.875172,True,110,115
480.5400332681835,535f7192,407,-1.2875569653756755,701611056610985,0.0002747252747252747,True,True,535f7192,1025,701611062793287,0.8874847374847374,600.7306471306472,-10.927167277167277,1023.7499999999999,701611417691154,354.897867,f1d500568de5b17e7d184af9c8202434ae1adcccf41f56500cec41102dcc4020,16380,361.080169,True,143,162
523.145328362114,43ef6359,408,-0.1799341446889838,701611419640871,0.0004884004884004884,True,True,43ef6359,1025,701611425853250,2.982051282051282,876.6978632478632,-18.565018315018314,1023.7499999999999,701611780706813,354.853563,aa01140cab9b26dafe1548f9b713dc1b8d92e4faa3662fdc6e554828c1254077,16380,361.065942,True,127,140
206.65093889999565,15ef881d,409,-0.31205804130873877,701611782492430,0.0,True,True,15ef881d,1025,701611788764732,-1.4473137973137973,255.048778998779,-6.8046398046398044,1023.7499999999999,701612143743652,354.97892,59e4e14a350b54d4119edef62c112febff4bc1d58843881e8fcdf846cb96c400,16380,361.251222,True,105,106
462.94576516449223,8cb4d363,410,-0.15738771729585185,701612146736101,0.0,True,True,8cb4d363,1025,701612152815037,-1.0553724053724054,808.9666056166056,-18.571672771672773,1023.7499999999999,701612507709136,354.894099,9531e8c62a057e2833256c1eed311e52f6cf17ed54fbaa0054091774cb5585e9,16380,360.973035,True,116,127
869.4693482104655,2f3d1939,411,-0.8881291882433845,701612510370520,0.001984126984126984,True,True,2f3d1939,1025,701612516802934,2.302136752136752,1143.270818070818,-16.386019536019536,1023.7499999999999,701612871715799,354.912865,e73bc147efe0cc06ebb4c580e80db8cdee79b2e0e2089d048f6161123cc0925f,16380,361.345279,True,183,205
615.7378385296701,6bc018a5,412,-0.44507555999932125,701612873747972,0.0007631257631257631,True,True,6bc018a5,1025,701612879813032,0.09096459096459096,768.9494505494506,-12.377533577533578,1023.7499999999999,701613234719885,354.906853,90c957681464963a6955262a488dac692a24a78973ec492632c8525d81366ae3,16380,360.971913,True,131,149
1140.5957062612465,5e25949d,413,0.11571874260394457,701613236371879,0.0030525030525030525,True,True,5e25949d,1025,701613242921626,0.27551892551892554,1302.8529304029305,-12.735042735042734,1023.7499999999999,701613597756551,354.834925,18e7082fd1bd3d798817d9ba8c41aebc12196aa0878e6a94075106ae34619af3,16380,361.384672,True,200,221
209.44887318657464,714f26dd,414,0.3166333979328352,701613600342612,0.0,True,True,714f26dd,1025,701613606856751,-0.24377289377289377,427.4581807081807,-14.763125763125764,1023.7499999999999,701613961737584,354.880833,ede4dea5478f92308a0226f23bd69ca913f2901ac859afb41564ac2ffaaad9ff,16380,361.394972,True,76,80
774.8452744531955,8325248f,415,-2.2674362437334366,701613963560401,0.0024725274725274724,True,True,8325248f,1025,701613969832613,0.3181318681318681,965.915934065934,-13.81916971916972,1023.7499999999999,701614324770524,354.937911,23e2cb6d5a7c4b54c0f7aa228eb7ea969e966e12c146515cadc1544b42781b5d,16380,361.210123,True,143,156
812.4452106935257,b37d51b9,416,0.6087959910355657,701614327066315,0.002564102564102564,True,True,b37d51b9,1025,701614333817052,2.826862026862027,1065.1429792429792,-15.643101343101343,1023.7499999999999,701614688738440,354.921388,08e968b5f818fba69390539ab117701159b34663fe593d950a477ef9054e3625,16380,361.672125,True,149,174
419.49674142876523,470b38e5,417,0.6719050177579865,701614690912973,0.0,True,True,470b38e5,1025,701614697831257,-0.8858363858363858,721.5031135531135,-17.355738705738705,1023.7499999999999,701615052774566,354.943309,cc50d29c6c7ccac629afa6e49353674d35c454f996aecb54f2bf6690caf2549b,16380,361.861593,True,109,121
603.5366232644712,590f1a61,418,-0.1124658732942716,701615129127413,0.0002747252747252747,True,True,590f1a61,1025,701615135831251,-1.1888888888888889,822.7359584859585,-14.757570207570208,1023.7499999999999,701615490838581,355.00733,54e57e1a1587a27fda63b2b29bf66b419d0abcf1ed2759a8762e81988b0ed09d,16380,361.711168,True,188,206
663.6719141393133,0c68bda8,419,-0.18042985898284455,701615493581388,0.00030525030525030525,True,True,0c68bda8,1025,701615499867356,-1.2736263736263735,952.5820512820513,-16.949572649572648,1023.7499999999999,701615854794014,354.926658,307e00ccc2873927f94b1bc4d1da14087e057fe985dc74b20af4cc03cb55a836,16380,361.212626,True,138,163
838.583073535134,7b1b69a2,420,-0.04493176302316522,701615856984166,0.002258852258852259,True,True,7b1b69a2,1025,701615863934610,-0.9736263736263736,1020.6109279609279,-13.456593406593406,1023.7499999999999,701616218785003,354.850393,8a2e8c76b74e395684d9e45fe28514ee1671ecffaa403bd65ef342f7e24a82b3,16380,361.800837,True,158,183
813.5108459458734,e8f3a36a,421,-3.7884168210717393,701616220549140,0.0017704517704517705,True,True,e8f3a36a,1025,701616226852811,0.08827838827838828,858.824358974359,-6.730952380952381,1023.7499999999999,701616581785920,354.933109,e1c1af433af073ff016cfe6c2c0351c40a8d43f2557c267078989ef97231dba7,16380,361.23678,True,175,197
413.93062801057306,84110328,422,0.6915619262747827,701616583852137,0.0,True,True,84110328,1025,701616590987371,-2.172344322344322,684.9311355311355,-16.318131868131868,1023.7499999999999,701616945796415,354.809044,1eac386f19217ae092790e33c012d14195cf9d1ca5b3717a00ccbf5b03bdb492,16380,361.944278,True,105,114
7149.875310609889,32d4432f,423,-11.224598878607699,701616947706467,0.050122100122100124,True,True,32d4432f,1025,701616953946088,-0.272039072039072,7189.647008547008,-6.3006105006105,1023.7499999999999,701617308824342,354.878254,0ea1d712901186d4cb1d587c44caaf00ff39f5599520e546a905096d832a0d7f,16380,361.117875,True,236,256
799.1504775247815,a3d542ff,424,0.12159103756843176,701617310850784,0.0012515262515262516,True,True,a3d542ff,1025,701617317963346,-0.22973137973137972,1004.6074481074481,-14.331929181929182,1023.7499999999999,701617672769483,354.806137,fce14dd2ec63e2a1ae5f788963dd18d428e5be445d41fa5f1ef49baf292781e1,16380,361.918699,True,187,195
1371.4767611526313,476e45a3,425,9.703251091388552,701617674626094,0.005921855921855922,True,True,476e45a3,1025,701617680966104,-1.0061660561660561,1383.3702686202687,-3.2986568986568985,1023.7499999999999,701618035772793,354.806689,f510cbd2565fd78a8c0d28d2d4001cc92a8849b0ff734f855f26b7c13f71029c,16380,361.146699,True,206,228
543.949452632905,c6b5e11e,426,-12.03745848231643,701618037902400,0.0003357753357753358,True,True,c6b5e11e,1025,701618044952784,-0.8004273504273505,544.830463980464,-0.4902319902319902,1023.7499999999999,701618399790651,354.837867,57a58d24dfc78db0ac5b6adb01edeabf92d819d2413b92a8bdbbe1dfa9474d79,16380,361.888251,True,118,120
421.83088890826986,cdd3ff5e,427,0.38835134521590564,701618402342807,0.0,True,True,cdd3ff5e,1025,701618408941056,2.480891330891331,705.4562881562881,-16.657448107448108,1023.7499999999999,701618763798881,354.857825,8be1bfb2db12f022e8493210ca05707a2e2ee33c6e7cbd73bcff09ead7b03e47,16380,361.456074,True,116,120
540.89509694213,828429b8,428,-0.6102687146973242,701618765796007,0.0004578754578754579,True,True,828429b8,1025,701618772995212,-0.6047619047619047,689.5918192918193,-12.179120879120878,1023.7499999999999,701619127815105,354.819893,b7cc3d28d7c793c6d49ea7476998ff7e4e1537942825082bf657d7636bf3a08f,16380,362.019098,True,128,147
368.8572869136697,12a1f164,429,0.3842900779329257,701619130115035,0.0,True,True,12a1f164,1025,701619136939130,0.7939560439560439,576.313492063492,-14.381440781440782,1023.7499999999999,701619491806552,354.867422,ed04108d029c34fcc5e45c4fa5115aa2241fc38944a615c51b139c93a11ec869,16380,361.691517,True,110,117
1880.1375118335743,4dd2d913,430,-3.6110086948762032,701619493649768,0.000641025641025641,True,True,4dd2d913,1025,701619499925737,-0.6896825396825397,1880.7760683760685,-0.4036019536019536,1023.7499999999999,701619854802977,354.87724,0c0978c0bacbb4b341bf5d2f429b818a30b1863d0849558e0aa06fb7f3662f3d,16380,361.153209,True,200,198
455.18688361055575,1ead3c45,431,-0.3407816961736597,701619856664958,0.0,True,True,1ead3c45,1025,701619863026810,2.114163614163614,740.4236263736263,-16.756105006105006,1023.7499999999999,701620217827866,354.801056,7a260c8355008de120b731b3de37e3fa015e321b57c7f3e7735096af1b4befc8,16380,361.162908,True,116,127
762.2905855252467,9f0cc280,432,-1.8673283147805673,701620219652567,0.0010683760683760685,True,True,9f0cc280,1025,701620225976206,2.039255189255189,871.7758852258852,-10.262881562881564,1023.7499999999999,701620580817036,354.84083,8698a859b0f2060b5d53b65d3fce4a4751d8a4f3dff547963052e58d09d4e54b,16380,361.164469,True,155,165
1208.2144891213115,b83e7d65,433,-1.8654166009669897,701620582530336,0.0028998778998779,True,True,b83e7d65,1025,701620588923827,-0.2219169719169719,1356.2915140415141,-12.166666666666666,1023.7499999999999,701620943841623,354.917796,a4b2dda2ebb938fec4ff85b549b4f0a357305c20e18bfad48c5101c6d07dc3bd,16380,361.311287,True,207,221
351.8248616571327,a95118ad,434,0.48297281284663046,701620946085948,0.0,True,True,a95118ad,1025,701620952951722,0.6222222222222222,629.8229548229548,-16.66166056166056,1023.7499999999999,701621307831065,354.879343,6f093700b7bef34451043b7cd3d949cf8d2a0b69b188bf8263c574ea5b19bd4b,16380,361.745117,True,98,99
668.8276218168617,4341db10,435,3.367447901650584,701621310808906,0.0008241758241758242,True,True,4341db10,1025,701621317987773,0.46141636141636144,794.771978021978,-11.213003663003663,1023.7499999999999,701621672863037,354.875264,d4925c17a250914f473f6beb4290a0dfb94dd0b8968d524dbf45e51557263511,16380,362.054131,True,144,158
819.4293276964522,f6847c95,436,0.47178186161462743,701621675275469,0.0022893772893772895,True,True,f6847c95,1025,701621681995518,0.6686813186813186,1069.9545787545787,-15.813858363858364,1023.7499999999999,701622036844022,354.848504,4a7a6296a7dc4e4488bccbb9d2e0b10cb08a9d4a2139b5cf3daaccf46ad847e0,16380,361.568553,True,172,183
765.8137724092486,4d6468dc,437,-7.538129606748543,701622039763603,0.0026251526251526254,True,True,4d6468dc,1025,701622046956536,-0.8968864468864469,797.3732600732601,-5.545726495726496,1023.7499999999999,701622401853932,354.897396,cad36590aafd385a14dfee7c4eda07eb38b17ef4a0418a88e3b79991d3ed530d,16380,362.090329,True,157,184
794.1731063896082,9f379557,438,0.8025918494655493,701622403762091,0.0013736263736263737,True,True,9f379557,1025,701622410909869,-1.0528083028083028,814.6549450549451,-4.401526251526252,1023.7499999999999,701622765909177,354.999308,e88b391dc08e2f6d15b9c57bc8346b24b9749619732db4916da6a1aa80b6efd1,16380,362.147086,True,148,164
509.8736876100429,8a070b13,439,0.04814266841033131,701622768107204,0.0,True,True,8a070b13,1025,701622774925127,0.43144078144078146,738.0532356532357,-15.09945054945055,1023.7499999999999,701623129881073,354.955946,8e7d4eef245b1bf8f380e92f3eac09682194cba094c311e6eb2725f92bdf1b60,16380,361.773869,True,112,123
351.82552854891685,fa7f018e,440,0.39014972532786707,701623131692379,0.0,True,True,fa7f018e,1025,701623139036558,2.06978021978022,577.9576312576313,-14.894566544566544,1023.7499999999999,701623493878137,354.841579,55f7cb6fc83a77160555b79b099df69292f982f74d4d67de807ef561873d8490,16380,362.185758,True,94,101
433.5429513492884,2d5d1982,441,0.4195632382983773,701623495942591,0.0002747252747252747,True,True,2d5d1982,1025,701623502888898,2.0323565323565322,731.659829059829,-17.146031746031746,1023.7499999999999,701623857850904,354.962006,d9c3997dabf58d995a652f7e91b37e3ee16c436124029eff0248af9f92a53491,16380,361.908313,True,118,135
394.2444141206779,f975c157,442,0.2219944942093099,701623859645588,0.0,True,True,f975c157,1025,701623866954250,0.982051282051282,589.3159951159951,-13.932234432234432,1023.7499999999999,701624221888825,354.934575,5b212a11627d54ad2391164ec14f5f89d8eb93d0725016550aa874e9fe82e74c,16380,362.243237,True,112,127
438.4426467847713,0f10f021,443,-0.07644521994625678,701624223968458,0.0,True,True,0f10f021,1025,701624230872484,2.0710622710622713,758.8507936507937,-17.77973137973138,1023.7499999999999,701624585903982,355.031498,4cf6bb59ffb8a4bee3dc65d5d38e2cad74411b3e0421ea7cd90f49fae36442a0,16380,361.935524,True,116,123
779.9306335155145,d9ce919f,444,-0.5276681450430395,701624588286187,0.00115995115995116,True,True,d9ce919f,1025,701624594897279,1.5416361416361417,936.7114163614164,-12.425946275946275,1023.7499999999999,701624949883821,354.986542,7cf1bc61f1b84598f7feaafebc65e1f1d33c3586265cbd67de684e961ebabc3f,16380,361.597634,True,152,169
452.93925669128055,28a9a76d,445,-0.5875895052880533,701624951760991,0.0,True,True,28a9a76d,1025,701624958920862,0.7517704517704518,705.0327838827839,-15.85964590964591,1023.7499999999999,701625313918585,354.997723,8f16bb055eb0f59b29759e24f599b81834dcc16dacd25580679790a1ebf619ef,16380,362.157594,True,115,129
377.1368808972197,9de6c9c2,446,-0.0662299660447377,701625316462636,0.0,True,True,9de6c9c2,1025,701625322905039,0.5172161172161173,667.6241147741148,-17.035836385836387,1023.7499999999999,701625677939551,355.034512,c849ae4fe78400cab5fff0ce97521e119577976e35ef4a7c5ed9bb1ecb0d1942,16380,361.476915,True,109,109
807.4882646538782,23f8b17d,447,0.5502148060184252,701625680335643,0.0016483516483516484,True,True,23f8b17d,1025,701625686978085,-0.3204517704517705,851.85,-6.652747252747253,1023.7499999999999,701626041914241,354.936156,bde21f7be6b67f11c9761e7687d16ba9a489861f3c7d926e3929a30c9e2ebb3a,16380,361.578598,True,180,204
402.3599367434898,84845925,448,0.675906766326272,701626043937366,0.0,True,True,84845925,1025,701626050909191,1.581074481074481,651.5913308913309,-15.707692307692307,1023.7499999999999,701626405887988,354.978797,e31c5a77d12f795f708b93bf6f2ee2fffff1ba06d2797ca5db5718a71b4c451a,16380,361.950622,True,109,114
422.5119851631207,b1f077ee,449,-0.10218130193915603,701626407505216,0.0,True,True,b1f077ee,1025,701626413993496,0.21684981684981686,693.4849816849817,-16.459829059829058,1023.7499999999999,701626768934009,354.940513,703108b56827b856dba32d2a693532e85d928ea6f510cc0e33377bfb2fa4399e,16380,361.428793,True,117,121
173.31011112751042,75c81fe5,450,0.2573390683114943,701626771488380,0.0,True,True,75c81fe5,1025,701626777991088,1.658974358974359,278.4846153846154,-10.12039072039072,1023.7499999999999,701627132947000,354.955912,8b3334300558e28c3b72a1aa30dbcd87ee77edaf3bea4acd65bc08d154beda44,16380,361.45862,True,70,75
478.07182514710905,8ad47366,451,-0.3104178279958879,701627134952643,0.0,True,True,8ad47366,1025,701627141943023,-0.863003663003663,790.4985958485959,-17.654517704517705,1023.7499999999999,701627496910597,354.967574,24191834fc2bbbead9fb7829110f6e66f24e0e64e460beb8745af00db50c1d6d,16380,361.957954,True,116,130
1344.0115669031147,3bcc66d6,452,-0.12353761086947229,701627498826790,0.006166056166056166,True,True,3bcc66d6,1025,701627505914614,-0.9515873015873015,1358.014590964591,-3.619047619047619,1023.7499999999999,701627860963291,355.048677,c43f75368eb794f6085532ef66b829c5f9694774b8a674929900d01bf8fc0616,16380,362.136501,True,210,231
403.42152718703085,afe8a39a,453,-0.6368952823099794,701627862911125,0.0,True,True,afe8a39a,1025,701627869836081,-2.4884615384615385,627.4016483516483,-14.757631257631258,1023.7499999999999,701628224958317,355.122236,3b6133eaaa686c0b7d4189723a1ec04d3465901b9a0d21f65b936f7ccf65ba73,16380,362.047192,True,115,124
437.11527785232,ce9c5e12,454,-0.08008616527238284,701628226766647,0.0,True,True,ce9c5e12,1025,701628233868678,0.2948107448107448,748.0462148962149,-17.630769230769232,1023.7499999999999,701628589012834,355.144156,00bcf35b1cc297a1ba7a6b816b52a4e9ad4ffc75b4a9d4d8792e10fe63249e2c,16380,362.246187,True,112,120
955.1816849332325,721872e3,455,-1.068100895608475,701628591336859,0.0029304029304029304,True,True,721872e3,1025,701628597818246,-0.9338827838827839,971.1620879120879,-3.886935286935287,1023.7499999999999,701628952962152,355.143906,393ea6e55044d945e984943144ef05103de0703a02d96e30ccedc2b36a2a8b5f,16380,361.625293,True,200,203
436.66124914090113,23996516,456,0.09359617660565984,701628954860372,0.0,True,True,23996516,1025,701628961894174,-0.11874236874236874,773.3440781440781,-18.3485347985348,1023.7499999999999,701629316967907,355.073733,78b6a83ecf4ce15cccdb09055953a9be07736508865de2ab826e7c3a87b7785b,16380,362.107535,True,113,120
435.04203490513015,c40d896b,457,-0.48042940023740605,701629319665198,0.0,True,True,c40d896b,1025,701629326870093,-2.1524420024420023,676.0440781440782,-15.374297924297924,1023.7499999999999,701629681950899,355.080806,f51f77c12ca632fceaa20a57122141081e1ef9cf11d8d663a7cebfecc2493d7e,16380,362.285701,True,121,124
415.28903829754563,0d49a068,458,0.3325283399550869,701629683591882,0.0,True,True,0d49a068,1025,701629690798942,-2.146092796092796,582.1973748473748,-12.739804639804639,1023.7499999999999,701630045972543,355.173601,e9024e73ec5a6ef3624fcc740cacff537c52f420d5932125798ff588e21a2d8e,16380,362.380661,True,123,131
0.6404801225771922,9d0abcf5,459,-0.259522174704837,701630047858900,0.0,True,True,9d0abcf5,1025,701630054787012,-0.8838217338217338,2.5314407814407813,-1.0534798534798535,1023.7499999999999,701630409964190,355.177178,608a702d2205ca2f10273b62b7aec1bd89aec7ae87a4d4f3047472303d7c8ded,16380,362.10529,True,5,5
452.4099951361215,9f5e6ddb,460,-0.5506845305085999,701630411839045,0.0,True,True,9f5e6ddb,1025,701630418781004,-1.4373626373626374,727.5425518925518,-16.524725274725274,1023.7499999999999,701630773992135,355.211131,1c02d5274f3ca853610ecc19c2d098769478fccc6a61595bfe4a87a48942cca6,16380,362.15309,True,126,129
400.90118625710204,99400817,461,0.45072895730474205,701630775935500,0.0,True,True,99400817,1025,701630782844155,-1.8456043956043957,730.2201465201465,-18.053052503052502,1023.7499999999999,701631137994141,355.149986,265b632282878c87186adcf4ff96ff4bc6147a7c4729112a33278044a5dbfd0c,16380,362.058641,True,107,112
428.1722326394945,8881c714,462,-0.7829650810358635,701631140210242,0.0,True,True,8881c714,1025,701631146875888,0.5855311355311356,623.8967643467644,-13.977899877899878,1023.7499999999999,701631501984033,355.108145,a41c8460018565c77d234324bf73ed36fbecde7cf6db304c289b3deadc3e7876,16380,361.773791,True,130,133
442.04395791869234,86829787,463,2.6341631601926347,701631503978545,0.0007020757020757021,True,True,86829787,1025,701631510805145,-0.6938949938949939,442.71593406593405,-0.43644688644688645,1023.7499999999999,701631866025954,355.220809,2edb81c34f9b2876e494798f2e406984a7120301c9320393b7d30567dd40116a,16380,362.047409,True,182,195
1463.98450401857,24570c37,464,-4.5547637329968875,701631868132648,0.00467032967032967,True,True,24570c37,1025,701631874763959,-0.321978021978022,1539.663492063492,-8.693406593406593,1023.7499999999999,701632230010245,355.246286,ff85a5b964a44953f412d09316ae4a84098adf28cd9d881ef558af1d504600bb,16380,361.877597,True,222,243
1037.7807472333661,d6f6b728,465,-0.2268486635182498,701632231914166,0.0015567765567765569,True,True,d6f6b728,1025,701632238971292,-1.497008547008547,1078.7689865689865,-6.224725274725275,1023.7499999999999,701632594052275,355.080983,129cac1b38bdf71023e401b85e6c0542297400e21a29df697162b0f1e11103bb,16380,362.138109,True,178,188
602.5894060887558,70ba3134,466,-3.5827445683317145,701632596556110,0.0007020757020757021,True,True,70ba3134,1025,701632603846808,0.40091575091575093,738.124358974359,-11.635042735042735,1023.7499999999999,701632959278504,355.431696,b6bc789c2fd543fdcf18a42ba2045dc345ef15f6593c57a945a8c44f5b3a4fcc,16380,362.722394,True,127,132
454.08742480182957,3ae9fd34,467,-0.249090548958221,701632961486730,0.0,True,True,3ae9fd34,1025,701632967771746,0.49694749694749696,680.6164224664225,-15.042673992673993,1023.7499999999999,701633323049592,355.277846,76c45202dc0f26eaec561058fe4da0708cfe817b2400a8fe38128e8526e12b4a,16380,361.562862,True,125,125
478.3976348505652,945ac0c4,468,-0.11165719533519486,701633325098446,0.0,True,True,945ac0c4,1025,701633331879520,-0.938949938949939,727.5052503052503,-15.755189255189256,1023.7499999999999,701633687018913,355.139393,58584e306d5c115343913c7e49e4d8f79a3008a07d7162accdc974c98fa23c22,16380,361.920467,True,132,130
457.68235558939773,c3cd2b1c,469,-0.07143986485483106,701633688958932,0.0,True,True,c3cd2b1c,1025,701633695840576,-0.806959706959707,587.9944444444444,-11.386874236874236,1023.7499999999999,701634051010446,355.16987,ffaf621dfaa8f4a374e1b15c0a7223e9cfd5c376bb05837fc5697e5e22640a0f,16380,362.051514,True,121,129
522.4114418063959,267a2d6e,470,0.019609239700506084,701634052958941,0.0,True,True,267a2d6e,1025,701634059922901,1.9451770451770451,723.3198412698413,-14.04010989010989,1023.7499999999999,701634415686874,355.763973,631253a009e65eaa78b19928f52bb4367769da240d2bb353992d339618170eb3,16380,362.727933,True,142,140
448.1127363509506,8899b410,471,-0.051680182916032234,701634418485036,0.0,True,True,8899b410,1025,701634424855764,4.8498168498168495,749.8570818070818,-16.68003663003663,1023.7499999999999,701634780058886,355.203122,fd13d0aca88901a37a26d7cc2ad155d35d25253f7ce683fe85b64416a6df0c49,16380,361.57385,True,123,134
410.6363288526017,8de48f7a,472,-0.27330960603727056,701634782391327,0.0,True,True,8de48f7a,1025,701634788844531,-0.09200244200244201,689.2167887667888,-16.69047619047619,1023.7499999999999,701635144041292,355.196761,2807905e9323801b405ce544eb729bf55060e5638b4a9d1926f7d00b6d20e772,16380,361.649965,True,112,121
483.9705482839641,a33771fe,473,0.7182780831594392,701635145906309,0.00030525030525030525,True,True,a33771fe,1025,701635152839069,2.4706349206349207,874.45,-19.605494505494505,1023.7499999999999,701635508048232,355.209163,2fb68748ed817c8e95fe41359d80784cc2c47b4a3e48d02340e8a5c54bcbf1d8,16380,362.141923,True,134,146
478.21847386774124,b6b4af53,474,-0.029440884799731462,701635509826265,0.0,True,True,b6b4af53,1025,701635516232790,-0.5177045177045178,787.6923076923077,-17.584249084249084,1023.7499999999999,701635872080952,355.848162,b8f1e284bc64a78e7fe6b329550333fa90a8541a4f48ac7986a60bf4c3c81578,16380,362.254687,True,120,130
424.7595805063204,b7458ea6,475,0.10099355508851209,701635874397012,0.0,True,True,b7458ea6,1025,701635880181882,1.9626373626373625,700.7446886446886,-16.496459096459095,1023.7499999999999,701636236082382,355.9005,ef83e0f087dd4b05993b222c16b50664500fa3fe2d33961a5e5d2a21da2b573c,16380,361.68537,True,112,123
1209.66371025969,935fcf48,476,-1.2101313920288101,701636238708007,0.00402930402930403,True,True,935fcf48,1025,701636245165900,-0.45506715506715506,1319.9298534798536,-10.49090354090354,1023.7499999999999,701636601060889,355.894989,66c9876875cba05fd0024ba84e4e62c2285c1034533332cc326023aa78f446ac,16380,362.352882,True,197,215
429.08673037043,ae587c5d,477,-0.4635963957987738,701636603283262,0.0,True,True,ae587c5d,1025,701636609187537,-0.05873015873015873,785.7511599511599,-18.885470085470086,1023.7499999999999,701636965059423,355.871886,7c766843e9678c3dfe7c289ac8d37984a15cc01fd0d26f7f71ab8805438bf3aa,16380,361.776161,True,117,120
1221.7619770492026,9965113c,478,-10.901111884886777,701636967091345,0.0003968253968253968,True,True,9965113c,1025,701636973225626,0.5445054945054945,1302.544993894994,-8.971428571428572,1023.7499999999999,701637329107700,355.882074,7c2e627b4510bb95a4b526cf32aa1863271fc5ed9e9adfb89b7646e10d17ccce,16380,362.016355,True,223,224
405.9635204156175,6d149fe8,479,0.3033463754518421,701637331827283,0.0,True,True,6d149fe8,1025,701637338179827,1.0623931623931624,671.1904151404151,-16.251098901098903,1023.7499999999999,701637694067491,355.887664,5f2b771d434fb86479f790c99403fd2d3244610ef2b1504834f6d662928707fc,16380,362.240208,True,110,111
596.6892894041246,c7a21e22,480,-14.461422818690403,701637696213900,0.0,True,True,c7a21e22,1025,701637702190843,-0.7293040293040293,597.4169719169719,-0.4424908424908425,1023.7499999999999,701638058093766,355.902923,fa849df298e6306526c3102e7b1e331e1ca857b0b3970553ba843af44b81e3dd,16380,361.879866,True,103,104
1398.143005433381,7552f416,481,0.14172184664819704,701638060227421,0.003907203907203907,True,True,7552f416,1025,701638066213281,-0.8295482295482296,1400.064774114774,-1.1106837606837607,1023.7499999999999,701638422120191,355.90691,32a6e6144078823bbd230bd054c9cbd6fee0581cbdb414e770f950120808e69f,16380,361.89277,True,224,238
412.38330931210965,1a66150c,482,0.3388308534830582,701638423972634,0.0,True,True,1a66150c,1025,701638430230349,0.2611721611721612,744.8547619047619,-18.231929181929182,1023.7499999999999,701638786132810,355.902461,7bb2b38ae990c820547cdce6fa1676df9e6f809ece91803297611367682c3835,16380,362.160176,True,103,109
1092.8871244414925,09018bb5,483,-1.0505851889658526,701638788552967,0.004151404151404151,True,True,09018bb5,1025,701638795291270,-0.9305860805860806,1095.8945665445665,-1.4633699633699633,1023.7499999999999,701639151091638,355.800368,73aaeff029684101f74908d9997411923e88c43a91fc7f91b40abba2392ec26d,16380,362.538671,True,215,240
825.8494841642553,155af360,484,-1.5087679555951385,701639153333507,0.0022283272283272282,True,True,155af360,1025,701639159218006,1.4383394383394383,1098.1553724053724,-16.43888888888889,1023.7499999999999,701639515119234,355.901228,8a89cef9ef86e1628d56765be4f2408f90184d571bb1f464dd123f5c7d1f1026,16380,361.785727,True,143,160
404.990934028663,3944ecdb,485,0.30129222879055767,701639516736462,0.0,True,True,3944ecdb,1025,701639523278845,0.3818070818070818,673.0764346764347,-16.36886446886447,1023.7499999999999,701639879121993,355.843148,d95dc3deb51a451cef65dc34224ccec4f4e0abee94705b77807a0831f33e7c4e,16380,362.385531,True,121,128
388.81194693415387,4263d581,486,-0.15980092049524347,701639881423054,0.0,True,True,4263d581,1025,701639888257479,1.2211233211233212,803.5464590964591,-20.328388278388278,1023.7499999999999,701640244115285,355.857806,9b995c1dbd41f74affadd561c3e40cb306a5d5ab3c6c79c2ce2302e42eb22b00,16380,362.692231,True,106,110
860.7777694104159,c5cb665c,487,-2.5312518015092156,701640247424713,0.002014652014652015,True,True,c5cb665c,1025,701640254278565,1.410805860805861,1017.9181318681319,-12.455921855921856,1023.7499999999999,701640610131851,355.853286,92a4337b62e1f2ac473a2fa976d7c81852c3622a5524b6161125379b31b43bd3,16380,362.707138,True,158,176
420.1578003007032,ac640a0b,488,0.22371883642896434,701640611993893,0.0,True,True,ac640a0b,1025,701640618300669,-0.24731379731379732,717.6909035409035,-17.247374847374846,1023.7499999999999,701640974113019,355.81235,1202fe45e3e50a7e80b5b5661b925663755e3ed16932cb2fa2c22d4a7725eb71,16380,362.119126,True,107,120
930.2125228173671,bdfaaa90,489,-3.0475806246387553,701640976086941,0.0019536019536019536,True,True,bdfaaa90,1025,701640982355306,0.0974969474969475,998.4084859584859,-8.257509157509158,1023.7499999999999,701641338134011,355.778705,989da6ee412b82c10fda1824a7bfe8d01aa7a82a3c33045ff2375d3ca340fde4,16380,362.04707,True,190,204
579.2527527502344,9dff6222,490,-0.5628952900050086,701641340771298,0.0004884004884004884,True,True,9dff6222,1025,701641347555307,1.1362637362637362,798.6722222222222,-14.769169719169719,1023.7499999999999,701641702236617,354.68131,999c3421beab7bf764ef25496f5b7339b282546cb1d7da578c425c6e98e5e0b0,16380,361.465319,True,143,162
788.8124154020583,88b9dec1,491,-6.558660093751159,701641705567706,0.0012515262515262516,True,True,88b9dec1,1025,701641712273017,-0.38076923076923075,821.7026251526252,-5.722344322344322,1023.7499999999999,701642067256006,354.982989,3d727aacd63d7a9ab20ecbefcd69ceeeafe7b4b1646690fbf21b58c19e07450f,16380,361.6883,True,146,166
770.8708769405197,bbf76035,492,-5.826683934410617,701642069593336,0.001221001221001221,True,True,bbf76035,1025,701642076292896,-0.5487179487179488,803.3183760683761,-5.66978021978022,1023.7499999999999,701642431223807,354.930911,4056dbd0a1f17ca512e1a207e58f3d9c3c020e8689fe7070496c0944a54b6e2b,16380,361.630471,True,204,213
1285.1409920933088,b77049b3,493,-3.2831622630673496,701642433305794,0.001678876678876679,True,True,b77049b3,1025,701642439269432,-0.010378510378510378,1476.2134920634921,-13.822893772893773,1023.7499999999999,701642794237643,354.968211,5d58257e18d122d6ceac03c60b3e4de231eb9ecdcdf4ddc83a9f5b1bd90c435f,16380,360.931849,True,219,233
782.8650142971939,2098e226,494,-1.5059978968438126,701642796095226,0.0006105006105006105,True,True,2098e226,1025,701642802387345,-0.8243589743589743,827.8808302808303,-6.658547008547009,1023.7499999999999,701643157253783,354.866438,cc5ff9e96cbe00ad3381904c6f3c15a29c8f0ce2efff385e9fdb27fb052b22dc,16380,361.158557,True,122,141
886.133119061782,fe212762,495,-5.148513233989651,701643159781694,0.001282051282051282,True,True,fe212762,1025,701643166302545,0.7994505494505495,1016.5137973137973,-11.39041514041514,1023.7499999999999,701643521254244,354.951699,af24eb05482f2209c717352c96bbb750643ca0ecb30651d869a0457b740ea6ba,16380,361.47255,True,213,236
456.81337495769736,ad080249,496,0.048179578322051296,701643523491645,0.0,True,True,ad080249,1025,701643530364182,0.8010989010989011,727.4052503052503,-16.43015873015873,1023.7499999999999,701643885249776,354.885594,062158b2c2ca7c25d35677abd64c22a80aa908ab40a1d6f76f9acb46fecf6345,16380,361.758131,True,115,119
1106.1316921191005,bf05c6e5,497,-0.9156863211587676,701643887647310,0.003785103785103785,True,True,bf05c6e5,1025,701643894416421,1.3456654456654458,1222.9491452991454,-10.724114774114774,1023.7499999999999,701644249289701,354.87328,63c9b3b810204e89cf505617a310062f6db3f3dc0bee91364491673e5fad441e,16380,361.642391,True,200,216
454.9461057477999,df291ee3,498,-14.325214230302333,701644252460337,0.0,True,True,df291ee3,1025,701644259363241,-0.6753968253968254,455.52912087912085,-0.3561660561660562,1023.7499999999999,701644614289732,354.926491,237261bdc3c60c2306bd56f6e04abe10b406f7cfa449e0efa4929ee6bc03e290,16380,361.829395,True,64,65
487.26130035884614,1471a8b6,499,4.816416138716742,701644617136745,0.0,True,True,1471a8b6,1025,701644623395271,0.08180708180708181,646.5669108669109,-12.621367521367521,1023.7499999999999,701644978273901,354.87863,316991ddef635556ed4ed02fa5d4ce7877d9a2e28d288aa6f084d539dff7e6da,16380,361.137156,True,118,129
406.0780765950913,e8980d8c,500,-0.8914083007732911,701644980412064,0.0,True,True,e8980d8c,1025,701644987371134,-0.645970695970696,695.8794871794872,-17.01129426129426,1023.7499999999999,701645342264752,354.893618,0f289702a5c409f59bf3eb334c7e9f658f803dc88168474430755865ad633301,16380,361.852688,True,118,125
446.14111320574693,e30965a6,501,0.36287472655047054,701645344513695,0.0,True,True,e30965a6,1025,701645351396441,0.31105006105006106,757.7258852258852,-17.649023199023198,1023.7499999999999,701645706268968,354.872527,b6feb3a73d18b357ab02defde56f7c07c50d687d2280f24c9bd1788756f924f0,16380,361.755273,True,125,130
454.5376435943652,751a8b81,502,0.33418112096661023,701645708139175,0.0,True,True,751a8b81,1025,701645714358356,1.135103785103785,712.6335775335775,-16.025213675213674,1023.7499999999999,701646069313770,354.955414,21b875befec7a16c7998541b0a2c39f0123cc1b767a07378db6255cf85670ebf,16380,361.174595,True,122,129
436.20179519978063,fb00f435,503,-0.3950301210172738,701646071950286,0.0,True,True,fb00f435,1025,701646078410784,-2.2884004884004883,768.8717948717949,-18.095115995115997,1023.7499999999999,701646433301274,354.89049,8c15caaa51a2a9f15dcb499ffbad658281dd8f2076a14f9c2f3b98bc2b5bde9c,16380,361.350988,True,114,116
430.1060273256793,07acdcd6,504,0.21119225829077523,701646435294884,0.0,True,True,07acdcd6,1025,701646441374852,1.8137362637362637,674.0641025641025,-15.513492063492064,1023.7499999999999,701646796298886,354.924034,b5f7d61d76385ffd6e7b4655141c75bfbd4c479d5d42c1539632f466eca8273a,16380,361.004002,True,124,119
2313.0569918160118,30b42769,505,-14.464210185508406,701646799107768,0.0134004884004884,True,True,30b42769,1025,701646805423912,-0.914041514041514,2314.514713064713,-0.7888278388278388,1023.7499999999999,701647160315154,354.891242,0b348cedfc3669d9a664a7ecefa7507e35f4988ccb99477a96acf85685585100,16380,361.207386,True,217,237
822.0417822108024,f3d01bbd,506,-6.67737722705501,701647162213384,0.0008852258852258852,True,True,f3d01bbd,1025,701647168393431,-0.961965811965812,875.3836996336996,-7.23992673992674,1023.7499999999999,701647523315290,354.921859,5281105d5558bf08b4354387761f8b7a9d4c113868acec0e55704efbbf301d06,16380,361.101906,True,143,156
473.67644242882335,34466d60,507,-0.4359300680392335,701647525544766,0.0004578754578754579,True,True,34466d60,1025,701647532431519,-2.081929181929182,657.3124542124542,-13.39035409035409,1023.7499999999999,701647887318081,354.886562,2e432b0204470890cff6ff55d52cc839ef5d711622a922da746c654328ac1d8d,16380,361.773315,True,131,141
410.3873036148494,05e3857d,508,0.3358185745582922,701647889247770,0.0,True,True,05e3857d,1025,701647895378204,-1.5632478632478632,711.4792429792429,-17.281440781440782,1023.7499999999999,701648250347592,354.969388,e6d34a437a270cb8ebb409d3287da7cd23a98401d85f0ce1da2479f2376f553c,16380,361.099822,True,111,120
182.80969831281186,00cb09c9,509,0.13646073257202057,701648253168046,0.0,True,True,00cb09c9,1025,701648260411524,2.1859584859584857,339.53663003663,-12.326739926739927,1023.7499999999999,701648615314546,354.903022,09972e73190d0d9333fc56cf75c63cc96d50b9c036febc24a6fa1776537cb946,16380,362.1465,True,75,79
1088.5325759771365,aa867d56,510,-5.0242642772369965,701648617948096,0.004334554334554335,True,True,aa867d56,1025,701648624474629,0.017765567765567765,1132.6288156288156,-6.640476190476191,1023.7499999999999,701648979337104,354.862475,7852a153bd9e4cfeec9cd859b3a350abd36a916888526f21c0fb856c7f8bc863,16380,361.389008,True,189,214
571.0877633575893,eef2b750,511,6.650767008733229,701648981535301,0.0,True,True,eef2b750,1025,701648988428727,0.40305250305250306,661.3970085470086,-9.494566544566544,1023.7499999999999,701649343345004,354.916277,d6eb84668b5f22af1a0b71fe3b611bea2d1ec5600d84e04cd0eecdaee41c3c2f,16380,361.809703,True,112,120
431.1009661861677,321970ab,512,-0.1890794997810264,701649345332072,0.0,True,True,321970ab,1025,701649352474609,0.28644688644688643,620.9227106227106,-13.774603174603175,1023.7499999999999,701649707337234,354.862625,86f1be15318131b1ba8087a27b035cf992738cf17b9f6b9e4a24aa6d93b4bc29,16380,362.005162,True,122,127
1314.1502546175163,190e99bf,513,-3.457068169541695,701649709570648,0.004395604395604396,True,True,190e99bf,1025,701649716439317,-0.6372405372405372,1326.1899267399267,-3.4108058608058607,1023.7499999999999,701650071352908,354.913591,8b81f7808074d8f9ce8c46e6c3acd75b76492382af4c1eb33b7caa4cf36a63e1,16380,361.78226,True,215,223
753.3130106997874,f67c3a33,514,0.5167643860576107,701650073557808,0.001282051282051282,True,True,f67c3a33,1025,701650080418602,-0.2829059829059829,989.2836385836385,-15.35873015873016,1023.7499999999999,701650435356599,354.937997,b7c6e06626f144b719f23ef7d9ea17e7588482b2197e564ffafe306c2759b0ea,16380,361.798791,True,202,212
492.88557736287595,cca8435b,515,-1.3545412144342304,701650437584252,0.0003968253968253968,True,True,cca8435b,1025,701650444572587,-0.39920634920634923,582.7436507936508,-9.470940170940171,1023.7499999999999,701650799377743,354.805156,788c86ef50c494873226e17c890baf44b66d93b2aa7d6af0e5b287b05b3f176a,16380,361.793491,True,146,165
482.7468753773699,2a79013f,516,-0.606607441737288,701650801327320,0.0,True,True,2a79013f,1025,701650808582851,-1.6862637362637363,795.834065934066,-17.613736263736264,1023.7499999999999,701651163374520,354.791669,11fd88037560676fedebbf0b1d8b43bbfcc316216d25c7f3161108c248b4760b,16380,362.0472,True,121,129
390.6848924877862,9c18ff4e,517,-0.840335715114764,701651165798995,0.0,True,True,9c18ff4e,1025,701651172538440,0.3238095238095238,674.4880341880341,-16.843345543345542,1023.7499999999999,701651527364895,354.826455,5dadbcaf7c32741061538bd054a25c84c53fc171bc874471ce07ee4585f5bb50,16380,361.5659,True,108,115
993.8396239905123,4b94a862,518,1.2254275923320126,701651529084657,0.0032661782661782663,True,True,4b94a862,1025,701651535572847,-1.260989010989011,995.9319291819291,-0.7086691086691087,1023.7499999999999,701651890352072,354.779225,5ee1a541cc9139bd98b71adac2728d1cd553c9b1635af694b81fb4b66b444f08,16380,361.267415,True,207,227
418.3903314146171,49d6e31e,519,0.10210930020269923,701651892195378,0.0,True,True,49d6e31e,1025,701651898521702,0.5659340659340659,583.6213675213676,-12.841758241758242,1023.7499999999999,701652253344620,354.822918,48df5558798c299c6eb0e38b581e63e8302cd88076350fdf0773749c5248c297,16380,361.149242,True,130,131
2796.0142431805066,5fc98bb8,520,-14.558619224008421,701652255401730,0.0002442002442002442,True,True,5fc98bb8,1025,701652262524870,-0.7329670329670329,2797.7947496947495,-1.115018315018315,1023.7499999999999,701652617367916,354.843046,84dc8971e1c9aeb85d593b718071ce2ebf0ae626d0fc0e2969a5dc1499216716,16380,361.966186,True,192,201
715.5205142330875,cdee8656,521,-7.447970009475724,701652619266105,0.0011294261294261295,True,True,cdee8656,1025,701652625498271,-1.0246642246642246,726.4806471306472,-3.148046398046398,1023.7499999999999,701652980366233,354.867962,044bdde5a2f56757f35963f59506bbb080e57bf80098c7e93948800f482bc839,16380,361.100128,True,153,167
1253.951803384514,c07c37b0,522,-9.996410805817398,701652982170976,0.002686202686202686,True,True,c07c37b0,1025,701652988542114,-0.16056166056166057,1266.4344322344323,-3.5294261294261293,1023.7499999999999,701653343367396,354.825282,13f1765f9df0f78987bf7aef4dcc54d135ca5b7c749eb79bb8d1faf4d401192d,16380,361.19642,True,203,213
454.3411420759406,938c4a23,523,0.015547035951007936,701653345080405,0.0,True,True,938c4a23,1025,701653351472653,1.2272283272283273,717.2399267399268,-16.16764346764347,1023.7499999999999,701653706386241,354.913588,5f57750ac246f6e3d53bd3bf380da0c934d1b634a1f59662b83bb839d3874b81,16380,361.305836,True,118,122
407.85529522065235,c37edd90,524,-0.9356827068560267,701653708105502,0.0,True,True,c37edd90,1025,701653714499354,1.401098901098901,542.1062881562882,-11.501648351648353,1023.7499999999999,701654069382564,354.88321,836bcec171ce2751f0b7cb08c7253d505e8625c182c738259d5be8721b65d3f3,16380,361.277062,True,128,125
514.7973800616018,d363fa04,525,-0.9284527180455214,701654071202476,0.0,True,True,d363fa04,1025,701654077555760,2.0714896214896217,684.9287545787546,-12.877899877899878,1023.7499999999999,701654432395708,354.839948,b014109cd51804680668ffac15dbd86ffa39b9456754a6da0bfa48a6f483eb2a,16380,361.193232,True,111,116
879.6778963855979,41018398,526,10.552311141081884,701654434475281,0.002686202686202686,True,True,41018398,1025,701654441611686,2.852808302808303,1064.4142246642248,-13.28901098901099,1023.7499999999999,701654796384838,354.773152,4221d27ec11b5883c648ede344898a9c7fa3076f0de99bc32a73cf326d150603,16380,361.909557,True,143,161
914.5053247729072,11b90166,527,-10.063834423777468,701654798324776,0.001343101343101343,True,True,11b90166,1025,701654805520754,-0.6047619047619047,915.5098901098901,-0.7992673992673993,1023.7499999999999,701655160415476,354.894722,07d20f95f57715a470c546ad34a403f62de5f1ba95b406781917be101640481f,16380,362.0907,True,181,191
1232.7652733238815,d4f6314e,528,-11.041218255707605,701655163252831,0.0017094017094017094,True,True,d4f6314e,1025,701655170517880,0.6184371184371185,1246.5787545787546,-3.6648351648351647,1023.7499999999999,701655525385559,354.867679,f2ba454f9bb389d0bc99fe7d44bcc2ca5f4867319d752e491c886d58083b4994,16380,362.132728,True,204,203
397.4911221396295,e71c3b48,529,-0.10643008302239852,701655527315870,0.0,True,True,e71c3b48,1025,701655534545982,-0.9390720390720391,544.1734432234432,-12.074786324786325,1023.7499999999999,701655889437617,354.891635,0e21efc87aff723858a5831bd1c9ed28e0d90b605c866f864cf46d8201dbeedc,16380,362.121747,True,119,118
709.0275606885314,53634add,530,0.16363344663903642,701656010803528,0.0015262515262515263,True,True,53634add,1025,701656017597816,1.1877289377289377,779.515873015873,-8.311294261294261,1023.7499999999999,701656372400362,354.802546,1a461ff52ab86572c059632fa56c13d615e034c99f03c838cf88eac19ff0902f,16380,361.596834,True,191,193
321.12102738158603,0d1f2fa7,531,-0.16534635210650395,701656374315995,0.0,True,True,0d1f2fa7,1025,701656381440808,0.06202686202686203,428.9460927960928,-10.383699633699633,1023.7499999999999,701656736421079,354.980271,182784447b4db24c0fa7790515150ce5ba88e7004a352810ccec95d721b98e77,16380,362.105084,True,112,115
429.7871866655933,e54c85ce,532,-0.582906434797348,701656738393810,0.0,True,True,e54c85ce,1025,701656745439564,1.586996336996337,612.0866910866911,-13.408241758241758,1023.7499999999999,701657100449582,355.010018,a5f528b92d11da68e62c99583f5383e072102d6437048f19e522891243000590,16380,362.055772,True,125,122
1150.4092290622143,0ab3ae9c,533,0.3957046606568643,701657102269864,0.0005494505494505495,True,True,0ab3ae9c,1025,701657109440033,-0.5615995115995116,1151.2614163614164,-0.7326617826617826,1023.7499999999999,701657464457143,355.01711,3dede3f888ca01adcfe925bc29ea81f805711898c1524784195fd58ca2740ba8,16380,362.187279,True,211,216
839.804742344889,8d2c6ef9,534,-1.91571046406091,701657466782200,0.0024114774114774116,True,True,8d2c6ef9,1025,701657473465218,0.2978021978021978,900.7086691086691,-7.798412698412698,1023.7499999999999,701657828448705,354.983487,b13fc913db6a272b2529899830f485786c0dc1d8087c1eaade9a596d4a58c836,16380,361.666505,True,169,181
152.5433237397523,3e3c687a,535,0.2217297545300155,701657830873751,0.0,True,True,3e3c687a,1025,701657837432584,3.4430402930402932,255.75433455433455,-9.558058608058609,1023.7499999999999,701658192463300,355.030716,89542d10e29f3b00ce84fb26230b17d95b868e47c800732174cce7014aeecc59,16380,361.589549,True,68,67
797.900496115606,7fa2f1ec,536,11.476662479754632,701658194416633,0.0023504273504273503,True,True,7fa2f1ec,1025,701658201521108,1.304945054945055,939.4794871794871,-11.826923076923077,1023.7499999999999,701658556454058,354.93295,a3ba5670d0b896e4342e4ca33f6d05ad3f9041ce97ac481eaf15120363f5bc7d,16380,362.037425,True,151,168
489.87791803265253,266f5a2f,537,-0.34019563302132766,701658558276936,0.0,True,True,266f5a2f,1025,701658565490908,-1.552930402930403,809.0990842490843,-17.799145299145298,1023.7499999999999,701658920472650,354.981742,79545760d2016f345840466c76209edd891f60cbc5358993702e891b778aba26,16380,362.195714,True,118,121
1326.9492951997806,ab9ec5ea,538,-4.261441604916677,701658922588912,0.0,True,True,ab9ec5ea,1025,701658929452471,-1.4645909645909645,1338.090293040293,-2.9993284493284493,1023.7499999999999,701659284477375,355.024904,c9a5f5c32c1bd139acb6073b99bbe0337b7d7f10e8ce55c56d1a13f113aafa2b,16380,361.888463,True,198,211
1097.013272398813,0e22fd9b,539,-6.186910513750746,701659287839603,0.00467032967032967,True,True,0e22fd9b,1025,701659294464461,-1.2566544566544566,1157.0327838827839,-7.644627594627595,1023.7499999999999,701659649473554,355.009093,864d9d07d2a49575fd8227aed2c0762f0fb8a547b5e69d2f117dde3250535260,16380,361.633951,True,162,184
469.8243094447948,0f88e2a2,540,-0.16216521512071838,701659651096283,0.0,True,True,0f88e2a2,1025,701659657436413,-1.4801587301587302,769.4871184371184,-17.247374847374846,1023.7499999999999,701660012479470,355.043057,8177b6cd1aadcebcf27d45027c5bb9a5dc50967e1bac894c0542580d78f2efa2,16380,361.383187,True,119,121
470.34742274819195,c68d97e3,541,-14.334982318456067,701660014792664,0.0,True,True,c68d97e3,1025,701660021524986,-0.8871794871794871,471.26153846153846,-0.3564102564102564,1023.7499999999999,701660376483192,354.958206,70294f8c0d12197f75cb19c5a9422dc65b791993ffeed9eccadd58af717c7daf,16380,361.690528,True,65,66
854.8019017019475,7031ac06,542,-0.22155968762351047,701660378044324,0.0014346764346764348,True,True,7031ac06,1025,701660384394834,-1.5872405372405372,1005.524358974359,-12.173870573870573,1023.7499999999999,701660739477876,355.083042,bf5eb89ba22b3a8ccc00c84d0dfc844bd4b97bb9c2a443e85dbeac06147f6403,16380,361.433552,True,202,220
497.40778388651097,d4797769,543,-0.025822194648010992,701660741499038,0.0,True,True,d4797769,1025,701660748414736,-2.2352258852258853,696.1880952380952,-13.920634920634921,1023.7499999999999,701661103491085,355.076349,2e5c76b98130fea17fb494a5d9d970630749ec419f0487e330277714ad1f3e72,16380,361.992047,True,124,126
928.9944475304916,77324ceb,544,0.845907590717997,701661148915435,0.00018315018315018315,True,True,77324ceb,1025,701661155534853,-0.9135531135531135,932.3493284493285,-1.5875457875457875,1023.7499999999999,701661510487768,354.952915,aa9cad1f5c8a3091f6f7d2212a6d76701bad70c4b06572ebe0b719699b160f61,16380,361.572333,True,182,196
411.66344412913094,6e6f5b86,545,0.26620942541073495,701661512092723,0.0,True,True,6e6f5b86,1025,701661518423004,0.8232600732600732,609.9238705738705,-14.056410256410256,1023.7499999999999,701661873511215,355.088211,a15fe2cd8ba5fbc303f1f4972fcd8a6500ea144c6c228e3dd916dd6acc5824eb,16380,361.418492,True,116,121
1157.7260687301439,539d328f,546,-0.21620178541398608,701661876135107,0.005189255189255189,True,True,539d328f,1025,701661883408892,0.41471306471306474,1203.5421855921857,-6.756043956043956,1023.7499999999999,701662238523864,355.114972,014a6a264e22d63cca55078e237b9c804733b13dd2e02014ebb85b0f4df08758,16380,362.388757,True,200,217
133.0776261403093,ee92b5c0,547,0.5389985541646951,701662240396525,0.0,True,True,ee92b5c0,1025,701662247394519,1.4473137973137973,256.19383394383397,-11.000976800976801,1023.7499999999999,701662602533805,355.139286,760265c29f3f2aeaf3663e454b7c24db5abd6e3960a50dc3e1bac594eeade626,16380,362.13728,True,67,69
1271.666543742853,bb88bf84,548,11.971708946515527,701662604680064,0.0037545787545787547,True,True,bb88bf84,1025,701662611376337,-1.0598290598290598,1353.8766178266178,-9.004822954822956,1023.7499999999999,701662966543667,355.16733,1aa800467c622eaf9806e88a4d5544bfdd770998fb02c6279ff17d09b2fdd0bb,16380,361.863603,True,216,235
