kind,sequence,sample_index,samples_processed,ffts,flags,gain_code,crc32,received_relative_seconds,minimum_power_code,maximum_power_code,mean_power_code
spectrum,0,18560,1024,1,8,63,28a54946,0.015876972931437194,0,101,27.853515625
spectrum,1,1238480,1024,1,8,62,ec168e05,0.030839295010082424,0,90,25.271484375
spectrum,2,2513920,1024,1,8,61,5c50a2ff,0.04681926197372377,0,92,25.1376953125
spectrum,3,3634880,1024,1,8,39,230cc574,0.06083353899884969,0,126,35.5908203125
spectrum,4,4913600,1024,1,8,72,01fe2a68,0.0768112629884854,0,125,35.1171875
spectrum,5,6034880,1024,1,8,72,aedb5f68,0.09081901691388339,0,119,34.43359375
spectrum,6,7233600,1024,1,8,65,27e3512b,0.10578769096173346,0,93,27.416015625
spectrum,7,8354800,1024,1,8,63,e194403a,0.119846201967448,0,97,26.9228515625
spectrum,8,9554240,1024,1,8,63,f105d1f4,0.1348716429201886,0,97,26.8369140625
spectrum,9,10677120,1024,1,8,39,b5612941,0.14884739695116878,0,124,35.5263671875
spectrum,10,11953600,1024,1,8,60,4318b792,0.1648225049721077,0,86,24.4560546875
spectrum,11,13155360,1024,1,8,72,28725e6b,0.17982214700896293,0,123,34.748046875
spectrum,12,14433600,1024,1,8,62,aaa711f7,0.19585400295909494,0,91,26.27734375
spectrum,13,15554800,1024,1,8,72,07acd2b2,0.20982274401467294,0,121,35.30859375
spectrum,14,16753600,1024,1,8,37,41b49342,0.22482309699989855,0,102,20.4970703125
spectrum,15,17876720,1024,1,8,63,981c3c70,0.23885371501091868,0,89,25.85546875
spectrum,16,19153920,1024,1,8,62,9a9bd5a9,0.254706152016297,0,87,25.849609375
spectrum,17,20356720,1024,1,8,63,cc20d0d9,0.26980679493863136,0,89,26.345703125
spectrum,18,21633920,1024,1,8,61,e13df8f5,0.2858003790024668,0,89,25.8681640625
spectrum,19,22755120,1024,1,8,39,e0f6989e,0.2997992360033095,0,106,30.505859375
spectrum,20,23953920,1024,1,8,63,9da272bd,0.3148251479724422,0,92,26.0263671875
spectrum,21,25075120,1024,1,8,63,d10bccb5,0.3288342149462551,0,94,26.80078125
spectrum,22,26353920,1024,1,8,61,cbf9fd10,0.3448092140024528,0,86,24.375
spectrum,23,27476800,1024,1,8,39,8a595bb7,0.35882371093612164,0,123,36.7158203125
spectrum,24,28753920,1024,1,8,66,c13140f1,0.37483678094577044,0,100,28.58203125
spectrum,25,29954320,1024,1,8,65,b9630f57,0.38983218593057245,0,98,28.099609375
spectrum,26,31153600,1024,1,8,62,cba83cc6,0.4048797079594806,0,89,25.0927734375
spectrum,27,32274800,1024,1,8,63,153129d9,0.41885031294077635,0,93,27.4716796875
spectrum,28,33473600,1024,1,8,33,be7a9a11,0.43384961399715394,0,123,30.43359375
spectrum,29,34675360,1024,1,8,62,4cdc5554,0.4489260920090601,0,88,26.8466796875
spectrum,30,35874240,1024,1,8,63,dd6fb477,0.4638432170031592,0,88,26.3896484375
spectrum,31,37075920,1024,1,8,62,ae195d16,0.4788268489064649,0,88,25.9951171875
spectrum,32,38353600,1024,1,8,31,45c86cd0,0.49481967091560364,0,125,24.9453125
spectrum,33,39474720,1024,1,8,61,47beef92,0.5087042619707063,0,94,24.7802734375
spectrum,34,40753600,1024,1,8,64,b7ae5056,0.5248210889985785,0,91,26.470703125
spectrum,35,41877360,1024,1,8,31,dfc7d64b,0.5388574679382145,0,124,25.7314453125
spectrum,36,43153920,1024,1,8,63,bd3f661d,0.5548422649735585,0,87,26.0205078125
spectrum,37,44355360,1024,1,8,72,f9c8c523,0.5698596499860287,0,119,36.36328125
spectrum,38,45634240,1024,1,8,62,0f0b3816,0.585852010990493,0,93,26.1064453125
spectrum,39,46755520,1024,1,8,72,f8068b5b,0.5998449280159548,0,121,35.091796875
spectrum,40,47953920,1024,1,8,60,8c2cff13,0.6148161059245467,0,93,24.533203125
spectrum,41,49075120,1024,1,8,65,2ab42712,0.6288530259625986,0,96,27.75390625
spectrum,42,50273920,1024,1,8,62,e93f0563,0.643868587911129,0,86,25.94921875
spectrum,43,51395200,1024,1,8,38,fcf7b4e5,0.6578380899736658,0,123,26.5908203125
spectrum,44,52673920,1024,1,8,62,dfff720e,0.6738173660123721,0,88,25.470703125
spectrum,45,53796720,1024,1,8,64,0ea57321,0.6878830000059679,0,99,27.392578125
spectrum,46,55073920,1024,1,8,62,d34e2edb,0.7038303459994495,0,89,25.7138671875
spectrum,47,56195120,1024,1,8,37,2804a105,0.7178050879156217,0,118,25.3935546875
spectrum,48,57393920,1024,1,8,72,2b5e51d2,0.7328603559872136,0,120,35.4365234375
spectrum,49,58516480,1024,1,8,30,0bd847f2,0.7468538829125464,0,123,25.2060546875
spectrum,50,59793920,1024,1,8,61,27f5808b,0.7627035439945757,0,91,25.9345703125
spectrum,51,60994480,1024,1,8,63,ad3f9c59,0.7778180139139295,0,89,27.544921875
spectrum,52,62274240,1024,1,8,36,54ebe67b,0.7939056049799547,0,117,24.8681640625
spectrum,53,63403040,1024,1,8,59,47054bfe,0.8078598279971629,0,87,23.462890625
spectrum,54,64673920,1024,1,8,72,669e5fa5,0.8238239259226248,0,121,34.220703125
spectrum,55,65795120,1024,1,8,63,7b3d2b0a,0.8378214909462258,0,90,27.03125
spectrum,56,66993920,1024,1,8,61,11105106,0.8528270539827645,0,90,24.9287109375
spectrum,57,68117680,1024,1,8,63,303dc585,0.8668393580010161,0,91,26.37109375
spectrum,58,69393920,1024,1,8,36,5d58abac,0.882910928921774,0,122,31.611328125
spectrum,59,70595360,1024,1,8,72,47f3f14c,0.8978486029664055,0,125,35.5166015625
spectrum,60,71873600,1024,1,8,61,065ade14,0.9138081819983199,0,89,24.9208984375
spectrum,61,72994800,1024,1,8,38,4fe54061,0.9278456629253924,0,121,25.8037109375
spectrum,62,74193600,1024,1,8,62,643c99ce,0.9428884069202468,0,91,25.8359375
spectrum,63,75395680,1024,1,8,31,e773a566,0.957831451902166,0,122,25.6767578125
spectrum,64,76674240,1024,1,8,63,38dd3db2,0.9738159679109231,0,93,25.91796875
spectrum,65,77796480,1024,1,8,60,8c9b1c2f,0.9878351939842105,0,86,24.3583984375
spectrum,66,79073600,1024,1,8,72,41fc3454,1.0038351499242708,0,123,35.021484375
spectrum,67,80194880,1024,1,8,62,92369396,1.0177175069693476,0,90,25.6396484375
spectrum,68,81473600,1024,1,8,61,e98e2b64,1.0338417269522324,0,87,25.4296875
spectrum,69,82594800,1024,1,8,64,7398d34e,1.0478292140178382,0,91,28.291015625
spectrum,70,83874240,1024,1,8,61,1967fb4f,1.063838125905022,0,95,25.26171875
spectrum,71,84996720,1024,1,8,35,06f0bdef,1.0778392179636285,0,119,28.41015625
spectrum,72,86273920,1024,1,8,63,50eae323,1.0938567569246516,0,95,25.4658203125
spectrum,73,87395200,1024,1,8,72,dadc9c4e,1.1078164599603042,0,117,33.560546875
spectrum,74,88593600,1024,1,8,59,b435d0d6,1.122857991955243,0,121,35.017578125
spectrum,75,89794320,1024,1,8,62,3c61201f,1.1378145120106637,0,88,26.298828125
spectrum,76,90994240,1024,1,8,30,0daef6ef,1.1528272489085793,0,121,24.6748046875
spectrum,77,92194960,1024,1,8,60,376f8e39,1.167826269986108,0,86,24.087890625
spectrum,78,93394240,1024,1,8,64,3a5a384e,1.1829333149362355,0,93,27.74609375
spectrum,79,94595920,1024,1,8,63,ce8f81ab,1.1978363539092243,0,97,27.390625
spectrum,80,95873600,1024,1,8,60,cf8b9131,1.2137981469277292,0,122,38.8701171875
spectrum,81,97074400,1024,1,8,64,9b7e5d65,1.2288531739031896,0,97,27.3876953125
spectrum,82,98273600,1024,1,8,61,4c85420d,1.2438699490157887,0,93,25.1640625
spectrum,83,99396720,1024,1,8,60,b8882ae7,1.2576620749896392,0,119,37.482421875
spectrum,84,100673920,1024,1,8,29,93e45b5b,1.2737068549031392,0,119,25.251953125
spectrum,85,101878800,1024,1,8,63,9caf820b,1.2888312139548361,0,93,25.9970703125
spectrum,86,103154240,1024,1,8,39,865f1389,1.3048407669411972,0,89,26.720703125
spectrum,87,104354320,1024,1,8,63,906cf7df,1.3198119049193338,0,93,26.3671875
spectrum,88,105553600,1024,1,8,61,6f88089b,1.3348652189597487,0,91,40.83203125
spectrum,89,106754480,1024,1,8,60,40de0735,1.349863127921708,0,120,37.4765625
spectrum,90,108034240,1024,1,8,64,ce921c17,1.3658733029151335,0,105,27.66796875
spectrum,91,109235920,1024,1,8,61,4eb98454,1.3808516439748928,0,88,24.703125
spectrum,92,110514240,1024,1,8,72,b38faa98,1.3968807850033045,0,128,35.6240234375
spectrum,93,111714720,1024,1,8,37,f8f93159,1.4118365239119157,0,125,31.3662109375
spectrum,94,112913920,1024,1,8,61,7af042f5,1.4268455839483067,0,90,25.0283203125
spectrum,95,114035120,1024,1,8,61,b3b6d3f0,1.4408525469480082,0,85,24.41015625
spectrum,96,115233920,1024,1,8,62,97f96acd,1.4558464579749852,0,92,25.6240234375
spectrum,97,116435040,1024,1,8,63,d9c7db88,1.470843544928357,0,89,26.55859375
spectrum,98,117634240,1024,1,8,37,f2520877,1.4858465630095452,0,118,25.4912109375
spectrum,99,118756400,1024,1,8,60,ee80afe5,1.4999463820131496,0,94,24.6767578125
spectrum,100,120033600,1024,1,8,35,2f85225d,1.5158538019750267,0,115,31.5419921875
spectrum,101,121154800,1024,1,8,62,7670ccf1,1.5297280739760026,0,94,26.353515625
spectrum,102,122433600,1024,1,8,64,24d79664,1.5458143429132178,0,94,27.92578125
spectrum,103,123554800,1024,1,8,61,9da6134c,1.559863795991987,0,90,25.5712890625
spectrum,104,124834240,1024,1,8,62,14e80d8c,1.5758354379795492,0,91,25.6826171875
spectrum,105,125957120,1024,1,8,62,ede3fd37,1.5898770169587806,0,89,24.9638671875
spectrum,106,127233920,1024,1,8,62,c5db25b3,1.6058168879244477,0,85,25.7666015625
spectrum,107,128434320,1024,1,8,60,999ef995,1.6208411569241434,0,92,24.0986328125
spectrum,108,129633600,1024,1,8,72,afa91952,1.6358824569033459,0,123,34.3701171875
spectrum,109,130754800,1024,1,8,63,00a98394,1.6498838799307123,0,100,26.9091796875
spectrum,110,131954240,1024,1,8,37,c26ddc44,1.6648445279570296,0,118,33.50390625
spectrum,111,133154720,1024,1,8,63,d44e912b,1.6798389799660072,0,102,27.20703125
spectrum,112,134433920,1024,1,8,62,0898bf69,1.6959021649090573,0,86,26.4599609375
spectrum,113,135557120,1024,1,8,63,1af4b1d0,1.7098787010181695,0,91,26.61328125
spectrum,114,136833920,1024,1,8,62,f5199e22,1.7258362859720364,0,85,25.3408203125
spectrum,115,137955120,1024,1,8,63,ac00ae5e,1.7398567139171064,0,92,25.896484375
spectrum,116,139153920,1024,1,8,63,34b28ac6,1.7548412479227409,0,95,26.2177734375
spectrum,117,140356000,1024,1,8,31,33802000,1.7698482129490003,0,118,25.900390625
spectrum,118,141633920,1024,1,8,27,d198f9e7,1.785733702010475,0,117,25.7412109375
spectrum,119,142838480,1024,1,8,61,6d0ce7b3,1.800878137932159,0,85,24.5908203125
spectrum,120,144114240,1024,1,8,64,249d32d6,1.8168918089941144,0,94,28.09375
spectrum,121,145314320,1024,1,8,63,a674ec68,1.831867816974409,0,88,26.0908203125
spectrum,122,146513600,1024,1,8,62,984b7144,1.846854513976723,0,89,26.7822265625
spectrum,123,147634800,1024,1,8,61,eac39776,1.8608719169860706,0,82,25.060546875
spectrum,124,148834240,1024,1,8,72,6b3b5392,1.875845519010909,0,126,33.8662109375
spectrum,125,150035920,1024,1,8,31,b5bac8d2,1.8909283590037376,0,124,25.1611328125
spectrum,126,151233600,1024,1,8,63,c7321e6d,1.9058941369876266,0,94,26.4140625
spectrum,127,152435360,1024,1,8,62,150ee778,1.920850766939111,0,90,25.365234375
spectrum,128,153633600,1024,1,8,60,e12e8c28,1.935875586932525,0,96,24.716796875
spectrum,129,154754800,1024,1,8,31,32eccf7f,1.9498974279267713,0,120,26.048828125
spectrum,130,155953600,1024,1,8,72,dd156a62,1.9649021899094805,0,114,35.4990234375
spectrum,131,157076800,1024,1,8,62,e60266e5,1.9788899859413505,0,90,26.5849609375
spectrum,132,158353920,1024,1,8,63,9ca5d6f2,1.9958860269980505,0,91,26.7470703125
spectrum,133,159475520,1024,1,8,36,e4baf61b,2.008863841998391,0,120,32.158203125
spectrum,134,160753920,1024,1,8,40,6a315e0f,2.024866812978871,0,118,35.021484375
spectrum,135,161956240,1024,1,8,61,1ff62879,2.039770763949491,0,86,24.9462890625
spectrum,136,163233920,1024,1,8,62,21b1af70,2.0558240700047463,0,89,24.9794921875
spectrum,137,164355120,1024,1,8,64,17d88ab3,2.069869184982963,0,95,27.001953125
spectrum,138,165634240,1024,1,8,63,98d1fdda,2.0858857419807464,0,91,26.9951171875
spectrum,139,166757440,1024,1,8,63,63d968a9,2.1000653619412333,0,99,26.9169921875
spectrum,140,168033920,1024,1,8,61,337d88da,2.1159342889441177,0,90,24.4658203125
spectrum,141,169154880,1024,1,8,62,fc1312b5,2.1298282080097124,0,87,25.671875
spectrum,142,170353600,1024,1,8,61,96e38cb7,2.1448656719876453,0,86,24.794921875
spectrum,143,171474800,1024,1,8,62,12e69d33,2.1588599709793925,0,88,25.580078125
spectrum,144,172673600,1024,1,8,63,c2ce4e31,2.173839774914086,0,102,26.49609375
spectrum,145,173875360,1024,1,8,72,d56e6bf6,2.188856879947707,0,125,33.9287109375
spectrum,146,175154240,1024,1,8,60,d9aa32ae,2.204875290975906,0,97,24.7607421875
spectrum,147,176355920,1024,1,8,61,1fdda85f,2.2198540829122066,0,85,24.806640625
spectrum,148,177633600,1024,1,8,63,cc3a9cc1,2.2358671330148354,0,91,26.5380859375
spectrum,149,178754800,1024,1,8,61,a56d53b1,2.249861281947233,0,86,25.26953125
spectrum,150,179953600,1024,1,8,38,e94bc800,2.264897804008797,0,121,34.3095703125
spectrum,151,181077120,1024,1,8,64,f67d7b35,2.278855983982794,0,101,27.2978515625
spectrum,152,182353920,1024,1,8,62,0aa65be2,2.2947690149303526,0,89,26.6708984375
spectrum,153,183559120,1024,1,8,63,c3333dd6,2.309856183012016,0,90,27.0283203125
spectrum,154,184834560,1024,1,8,62,c55812e8,2.3258697839919478,0,92,25.6572265625
spectrum,155,185955200,1024,1,8,62,d69c55f0,2.3398561779176816,0,95,25.216796875
spectrum,156,187153920,1024,1,8,63,10fa0752,2.3548724609427154,0,93,26.4921875
spectrum,157,188275120,1024,1,8,62,fea9827f,2.368872120976448,0,87,25.7001953125
spectrum,158,189473920,1024,1,8,63,0686e8f6,2.383878644905053,0,93,27.19921875
spectrum,159,190674320,1024,1,8,29,7466f562,2.398882805951871,0,121,25.7587890625
spectrum,160,191953920,1024,1,8,58,b9d7068f,2.4158723339205608,22,128,80.599609375
spectrum,161,193155680,1024,1,8,62,1c971df9,2.4298581469338387,0,87,26.4619140625
spectrum,162,194434240,1024,1,8,61,69b03f1d,2.445875986944884,0,85,24.83984375
spectrum,163,195555840,1024,1,8,61,3786ac3a,2.4598554469412193,0,84,24.7294921875
spectrum,164,196753920,1024,1,8,62,0aeb2308,2.4748593169497326,0,88,25.4169921875
spectrum,165,197876400,1024,1,8,60,90fc0e12,2.4888450399739668,0,103,23.583984375
spectrum,166,199074240,1024,1,8,30,8cd29527,2.503857075003907,0,116,25.7333984375
spectrum,167,200195120,1024,1,8,66,e4027695,2.5178747079335153,0,100,28.8466796875
spectrum,168,201473920,1024,1,8,63,c12da078,2.5338660469278693,0,100,26.6083984375
spectrum,169,202675040,1024,1,8,61,fc689a31,2.548736864933744,0,87,24.6357421875
spectrum,170,203953600,1024,1,8,37,b0ab26fb,2.564937529969029,0,120,37.1904296875
spectrum,171,205154400,1024,1,8,63,fc922e5c,2.5798482139362022,0,94,26.419921875
spectrum,172,206354560,1024,1,8,63,5ffe0d8e,2.594862994970754,0,92,26.70703125
spectrum,173,207555920,1024,1,8,64,ee6a3542,2.609827679931186,0,95,27.0673828125
spectrum,174,208754240,1024,1,8,61,9cca6b48,2.624851207016036,0,84,23.37890625
spectrum,175,209875200,1024,1,8,31,68e814be,2.6388482109177858,0,123,26.015625
spectrum,176,211073920,1024,1,8,64,91c986c9,2.653855256969109,0,95,26.8642578125
spectrum,177,212195120,1024,1,8,63,8deb6315,2.667825580923818,0,91,25.7900390625
spectrum,178,213393920,1024,1,8,62,b44074af,2.6828609799267724,0,94,25.68359375
spectrum,179,214596240,1024,1,8,61,550fc5f0,2.6978446919238195,0,84,24.890625
spectrum,180,215873920,1024,1,8,62,adf9d758,2.71385418495629,0,86,24.7939453125
spectrum,181,216997360,1024,1,8,61,ea2ee250,2.7278398979688063,0,90,24.95703125
spectrum,182,218273920,1024,1,8,64,7e43e9a1,2.7438378389924765,0,101,27.484375
spectrum,183,219395120,1024,1,8,39,04973b2f,2.757867324980907,0,126,26.7578125
spectrum,184,220593920,1024,1,8,61,d6004c12,2.772835025913082,0,89,25.1064453125
spectrum,185,221715120,1024,1,8,62,f6c3dc91,2.7868719559628516,0,91,26.6123046875
spectrum,186,222994240,1024,1,8,31,4baa83b6,2.8027380380081013,0,125,24.998046875
spectrum,187,224195040,1024,1,8,62,e005eb0c,2.8179132319055498,0,90,26.05859375
spectrum,188,225474240,1024,1,8,38,15830c46,2.8338668890064582,0,124,25.220703125
spectrum,189,226594800,1024,1,8,60,b710e256,2.8478582929819822,0,95,24.890625
spectrum,190,227793600,1024,1,8,62,797fedd9,2.862897098995745,0,90,25.201171875
spectrum,191,228995360,1024,1,8,72,c417b9db,2.877865911927074,0,122,34.8515625
spectrum,192,230194240,1024,1,8,60,c686d0c7,2.8929347950033844,0,88,24.2998046875
spectrum,193,231394640,1024,1,8,40,b080ed1c,2.907904500956647,0,120,29.7802734375
spectrum,194,232593920,1024,1,8,62,8b716691,2.9228415039833635,0,90,24.994140625
spectrum,195,233717120,1024,1,8,62,5efebcb1,2.9369076589355245,0,89,25.54296875
spectrum,196,234993920,1024,1,8,60,03e09a30,2.9529401359613985,0,79,23.5029296875
spectrum,197,236115120,1024,1,8,37,3ea801ba,2.96704262890853,0,118,35.2783203125
spectrum,198,237393920,1024,1,8,72,9f4e63bc,2.9828589969547465,0,121,34.2470703125
spectrum,199,238516400,1024,1,8,29,47a3873f,2.996887410990894,0,118,24.3193359375
spectrum,200,239793920,1024,1,8,29,7a772593,3.012903666938655,0,123,25.0390625
spectrum,201,240995280,1024,1,8,62,13927093,3.0278603869955987,0,98,26.0078125
spectrum,202,242194240,1024,1,8,62,af836c98,3.042949368013069,0,98,26.0908203125
spectrum,203,243315520,1024,1,8,63,a0079cd5,3.056762062944472,0,95,26.47265625
spectrum,204,244593920,1024,1,8,64,07f05084,3.0728608859935775,0,88,27.1650390625
spectrum,205,245794320,1024,1,8,63,2824443a,3.087866729008965,0,101,26.9267578125
spectrum,206,246994560,1024,1,8,64,bf279146,3.1029051039367914,0,106,27.173828125
spectrum,207,248196880,1024,1,8,63,494fc256,3.117910446948372,0,89,25.3056640625
spectrum,208,249473600,1024,1,8,62,f8480661,3.1338959250133485,0,93,26.0654296875
spectrum,209,250675360,1024,1,8,61,c744e9e1,3.1489210149738938,0,87,24.9208984375
spectrum,210,251873600,1024,1,8,63,2d3c5028,3.16389063000679,0,92,26.6708984375
spectrum,211,252994800,1024,1,8,63,b6bf04f1,3.177899415954016,0,94,26.9091796875
spectrum,212,254193600,1024,1,8,66,ebc25fb1,3.1928976050112396,0,98,29.1796875
spectrum,213,255316720,1024,1,8,63,9de0ac39,3.206879229983315,0,93,25.9853515625
spectrum,214,256593920,1024,1,8,61,84b23fea,3.222877271939069,0,86,24.91796875
spectrum,215,257794320,1024,1,8,36,efe5dcfa,3.2378861809847876,0,120,31.8056640625
spectrum,216,259073920,1024,1,8,63,04e37c9b,3.253851651912555,0,92,27.1396484375
spectrum,217,260194800,1024,1,8,64,d952ddf6,3.267900883918628,0,92,27.3447265625
spectrum,218,261393600,1024,1,8,62,8f59879b,3.2829953259788454,0,92,26.201171875
spectrum,219,262514800,1024,1,8,64,b952169a,3.2968595179263502,0,90,26.9580078125
spectrum,220,263714240,1024,1,8,63,d78a191b,3.3117709029465914,0,89,26.533203125
spectrum,221,264914800,1024,1,8,63,dc9467dc,3.3268804230028763,0,92,26.1748046875
spectrum,222,266193600,1024,1,8,64,f407b93f,3.342860299977474,0,93,27.1181640625
spectrum,223,267395680,1024,1,8,61,b1941579,3.357878105947748,0,88,24.2724609375
spectrum,224,268594240,1024,1,8,60,31568270,3.372853542910889,0,97,23.4814453125
spectrum,225,269715520,1024,1,8,62,28b85dd3,3.3868587519973516,0,91,25.12890625
spectrum,226,270913920,1024,1,8,63,df3512e7,3.4019358709920198,0,90,26.5087890625
spectrum,227,272116080,1024,1,8,62,b5972daf,3.416889444924891,0,94,26.3427734375
spectrum,228,273393920,1024,1,8,61,73dee987,3.4329047499923036,0,85,25.5869140625
spectrum,229,274596240,1024,1,8,72,e28cc06b,3.447888641967438,0,122,34.7119140625
spectrum,230,275873920,1024,1,8,61,d73c0385,3.463846297003329,0,86,24.263671875
spectrum,231,276995120,1024,1,8,72,df25f8eb,3.4778812419390306,0,110,35.546875
spectrum,232,278193920,1024,1,8,38,17e77410,3.4929098489228636,0,124,26.3154296875
spectrum,233,279317600,1024,1,8,63,b3a92ba0,3.506888577947393,0,94,26.341796875
spectrum,234,280593600,1024,1,8,64,ca1ed52d,3.5228633659426123,0,92,27.0654296875
spectrum,235,281716720,1024,1,8,62,38bfd7d0,3.536955490009859,0,95,24.775390625
spectrum,236,282993920,1024,1,8,65,3ec4f400,3.552887726924382,0,97,27.78515625
spectrum,237,284194320,1024,1,8,63,19cbf975,3.567670507938601,0,92,26.6396484375
spectrum,238,285473600,1024,1,8,72,fdb5ad2a,3.5838903399417177,0,125,33.8671875
spectrum,239,286594800,1024,1,8,61,3e92680e,3.5979117499664426,0,87,25.3095703125
spectrum,240,287794560,1024,1,8,62,edacb4de,3.6128682299749926,0,89,25.802734375
spectrum,241,288994640,1024,1,8,29,e08bf4db,3.6278616299387068,0,118,25.6240234375
spectrum,242,290273920,1024,1,8,64,2cdf6c63,3.6439126819605008,0,91,27.0859375
spectrum,243,291396800,1024,1,8,61,cccaf950,3.657855763914995,0,93,24.544921875
spectrum,244,292673920,1024,1,8,62,2bfbe8b1,3.673873952939175,0,95,25.3125
spectrum,245,293795120,1024,1,8,30,d72b8d83,3.687886556959711,0,126,23.318359375
spectrum,246,294993920,1024,1,8,63,f1db8079,3.7028898949502036,0,88,26.8291015625
spectrum,247,296116400,1024,1,8,62,d9a06e75,3.7168848349247128,0,89,26.306640625
spectrum,248,297394880,1024,1,8,65,d070da96,3.7329687089659274,0,96,27.263671875
spectrum,249,298595280,1024,1,8,63,c1a72601,3.7479544749949127,0,96,26.28515625
spectrum,250,299873920,1024,1,8,61,ff16757f,3.7639055979670957,0,87,25.150390625
spectrum,251,301075680,1024,1,8,30,1da59ae1,3.7789233239600435,0,123,25.431640625
spectrum,252,302273600,1024,1,8,62,af59d122,3.7939119950169697,0,91,25.7451171875
spectrum,253,303394800,1024,1,8,64,5a17e7f9,3.8078928579343483,0,99,27.3017578125
spectrum,254,304594240,1024,1,8,31,2fb03f3e,3.822784985997714,0,124,24.8349609375
spectrum,255,305799120,1024,1,8,35,24b4280b,3.83791316091083,0,116,31.8486328125
spectrum,256,307074560,1024,1,8,64,5562342e,3.8538876589154825,0,95,27.7001953125
spectrum,257,308274640,1024,1,8,61,25485a9d,3.8688918189145625,0,89,25.384765625
spectrum,258,309473920,1024,1,8,63,e4bb0072,3.8839038939913735,0,94,26.3564453125
spectrum,259,310595120,1024,1,8,66,11048f62,3.897881751996465,0,104,30.7890625
spectrum,260,311793920,1024,1,8,62,47cc2785,3.9129002490080893,0,91,25.833984375
spectrum,261,312995680,1024,1,8,21,5bace78d,3.927880603936501,0,122,25.1044921875
spectrum,262,314274240,1024,1,8,60,98c61b56,3.943865620996803,0,93,24.51171875
spectrum,263,315396480,1024,1,8,37,2c830f2e,3.957857164903544,0,119,25.115234375
spectrum,264,316593600,1024,1,8,63,f0e47f73,3.972893355996348,0,86,25.626953125
spectrum,265,317716720,1024,1,8,62,ee585bb3,3.986894286936149,0,94,26.044921875
spectrum,266,318993920,1024,1,8,39,77bab94f,4.002897017984651,0,119,35.21484375
spectrum,267,320195920,1024,1,8,33,70049e89,4.017881490988657,0,120,30.619140625
spectrum,268,321473920,1024,1,8,61,a96dd2c7,4.03388131596148,0,89,25.2138671875
spectrum,269,322596720,1024,1,8,61,b1c7f689,4.047913896967657,0,84,25.28515625
spectrum,270,323873920,1024,1,8,61,8dc8a948,4.064118208945729,0,85,24.3876953125
spectrum,271,324994880,1024,1,8,38,fd0a8767,4.077892410918139,0,121,25.9951171875
spectrum,272,326273600,1024,1,8,37,ccf23cc6,4.093898838968016,0,119,25.2509765625
spectrum,273,327394720,1024,1,8,72,196bae43,4.107880873954855,0,119,32.74609375
spectrum,274,328594560,1024,1,8,63,93b861f2,4.122894842992537,0,93,26.57421875
spectrum,275,329794640,1024,1,8,62,a5457d4b,4.137918560998514,0,91,26.96875
spectrum,276,331073920,1024,1,8,39,5ecbe9e2,4.153905791928992,0,126,27.298828125
spectrum,277,332196720,1024,1,8,63,50498910,4.167908756993711,0,89,27.005859375
spectrum,278,333473920,1024,1,8,62,fa24aca9,4.183904583915137,0,93,25.6611328125
spectrum,279,334595120,1024,1,8,62,2ae17004,4.197875689016655,0,90,26.1494140625
spectrum,280,335793920,1024,1,8,61,08376819,4.212868197006173,0,86,24.630859375
spectrum,281,336916720,1024,1,8,31,5f1f59cf,4.226907300995663,0,123,25.80078125
spectrum,282,338193920,1024,1,8,28,70fd442c,4.242931562010199,0,116,24.591796875
spectrum,283,339395280,1024,1,8,64,bf500ad6,4.25789447396528,0,96,26.5205078125
spectrum,284,340594240,1024,1,8,62,e9cc592f,4.272891100961715,0,92,25.173828125
spectrum,285,341795920,1024,1,8,60,34ed7cc5,4.287911481922492,0,83,24.298828125
spectrum,286,343073600,1024,1,8,63,963dcb54,4.3038980609271675,0,93,26.8427734375
spectrum,287,344194800,1024,1,8,37,12fd9a5e,4.317880416987464,0,120,32.4853515625
spectrum,288,345394240,1024,1,8,64,6a2f9fee,4.332768307998776,0,90,27.2353515625
spectrum,289,346599760,1024,1,8,65,0ac8b810,4.34787472197786,0,92,27.9833984375
spectrum,290,347873600,1024,1,8,64,68e01825,4.363887971965596,0,96,27.3056640625
spectrum,291,349075680,1024,1,8,64,bc67131d,4.378904165001586,0,93,27.4150390625
spectrum,292,350273600,1024,1,8,63,68bc0a66,4.393924104981124,0,99,26.9580078125
spectrum,293,351394800,1024,1,8,61,7530c926,4.407920888974331,0,88,24.0126953125
spectrum,294,352593600,1024,1,8,62,72eb3b32,4.422891526017338,0,87,25.1572265625
spectrum,295,353716720,1024,1,8,60,ac54701b,4.4369122149655595,0,93,24.7236328125
spectrum,296,354993920,1024,1,8,72,3673348e,4.452895388007164,0,119,34.7578125
spectrum,297,356197200,1024,1,8,60,ce1fa1f3,4.467906019999646,0,85,24.521484375
spectrum,298,357473920,1024,1,8,63,0253f746,4.48388548695948,0,92,25.9140625
spectrum,299,358596400,1024,1,8,63,c35a312b,4.497948354925029,0,89,27.251953125
spectrum,300,359873600,1024,1,8,64,75708b23,4.513884508982301,0,91,27.5126953125
spectrum,301,360994800,1024,1,8,65,4238b26a,4.527894818922505,0,96,29.00390625
spectrum,302,362273920,1024,1,8,62,f8cf1199,4.5438683739630505,0,94,25.94140625
spectrum,303,363396720,1024,1,8,64,ad870d0e,4.55792453000322,0,92,26.88671875
spectrum,304,364673920,1024,1,8,64,7106bdb3,4.573917360976338,0,94,27.365234375
spectrum,305,365874320,1024,1,8,62,e5bb1898,4.588895641965792,0,93,25.7568359375
spectrum,306,367153600,1024,1,8,62,91073127,4.604871711926535,0,96,26.482421875
spectrum,307,368274800,1024,1,8,60,07db8b34,4.6188676139572635,0,88,25.1845703125
spectrum,308,369474560,1024,1,8,31,58dbe245,4.633886130992323,0,122,26.0498046875
spectrum,309,370596400,1024,1,8,31,9ef7c62f,4.647919162991457,0,124,25.0390625
spectrum,310,371873920,1024,1,8,64,41e40f6c,4.6638952429639176,0,97,27.2548828125
spectrum,311,373076240,1024,1,8,64,dd042750,4.678890926996246,0,97,27.3173828125
spectrum,312,374353920,1024,1,8,72,bd24556e,4.694864953984506,0,124,34.900390625
spectrum,313,375475200,1024,1,8,62,569396e3,4.708876734948717,0,95,24.63671875
spectrum,314,376673920,1024,1,8,66,9606db41,4.72389313892927,0,108,28.751953125
spectrum,315,377796400,1024,1,8,61,d4f6d200,4.737910931929946,0,91,25.6572265625
spectrum,316,379073600,1024,1,8,50,31118e71,4.753923029988073,0,154,55.8369140625
spectrum,317,380274480,1024,1,8,72,d41de473,4.768888616934419,0,117,35.052734375
spectrum,318,381474240,1024,1,8,40,a5a4fde8,4.783912043902092,0,96,24.3125
spectrum,319,382595520,1024,1,8,72,4dccace6,4.797920779907145,0,127,35.7001953125
spectrum,320,383873920,1024,1,8,64,be3b7273,4.813872623955831,0,99,27.4560546875
spectrum,321,384995120,1024,1,8,65,7b6a11ad,4.82786956790369,0,97,28.3681640625
spectrum,322,386193920,1024,1,8,31,6462d5a6,4.842945132986642,0,123,26.3203125
spectrum,323,387408240,1024,1,8,63,16628557,4.857904878910631,0,95,26.2802734375
spectrum,324,388673920,1024,1,8,60,70bb1235,4.873893762938678,0,97,23.541015625
spectrum,325,389875360,1024,1,8,62,d64da179,4.888913963921368,0,102,26.25
spectrum,326,391073600,1024,1,8,39,6de6c9d4,4.903896041912958,0,121,29.3505859375
spectrum,327,392194800,1024,1,8,64,5127d418,4.917893937905319,0,96,27.587890625
spectrum,328,393393600,1024,1,8,39,0df24ba7,4.932898849947378,0,120,36.6826171875
spectrum,329,394596240,1024,1,8,62,acff46ef,4.9478966179303825,0,91,25.919921875
spectrum,330,395793920,1024,1,8,64,5f215f06,4.9629121189936996,0,93,27.6494140625
spectrum,331,396994320,1024,1,8,60,8180a6d9,4.9778855219483376,0,91,24.001953125
spectrum,332,398273920,1024,1,8,65,957373a3,4.99390468292404,0,98,28.21875
spectrum,333,399394880,1024,1,8,65,698bbe76,5.007913187961094,0,100,27.4931640625
spectrum,334,400593600,1024,1,8,39,6b0d220c,5.022901688935235,0,88,28.0224609375
spectrum,335,401714880,1024,1,8,62,d760ab3e,5.03690851200372,0,97,25.3212890625
spectrum,336,402914240,1024,1,8,61,65c1596e,5.051929863984697,0,86,24.9658203125
spectrum,337,404037120,1024,1,8,37,aef7c59e,5.065904745948501,0,120,25.1455078125
spectrum,338,405233600,1024,1,8,36,3db40f7c,5.080904387985356,0,121,32.7373046875
spectrum,339,406435440,1024,1,8,61,97e46a6f,5.095720421988517,0,92,25.904296875
spectrum,340,407713600,1024,1,8,63,92ce38e8,5.111893986002542,0,94,27.5830078125
spectrum,341,408916000,1024,1,8,39,8bfe2c5e,5.126872997963801,0,126,27.26171875
spectrum,342,410113600,1024,1,8,72,2600efa4,5.1419154109898955,0,121,34.06640625
spectrum,343,411315680,1024,1,8,64,885cc60d,5.156879395013675,0,88,26.9150390625
spectrum,344,412594240,1024,1,8,72,d9346c9a,5.172966805985197,0,110,34.248046875
spectrum,345,413795920,1024,1,8,58,1ac2a728,5.187886636937037,0,94,22.5205078125
spectrum,346,414993600,1024,1,8,37,ec3ea66a,5.202906365972012,0,122,24.6298828125
spectrum,347,416114800,1024,1,8,64,350eb15d,5.216900824918412,0,89,27.0634765625
spectrum,348,417313600,1024,1,8,63,c7d00004,5.231926034903154,0,95,26.923828125
spectrum,349,418434800,1024,1,8,39,caa74ff7,5.2459262849297374,0,127,27.3779296875
spectrum,350,419714240,1024,1,8,63,82d13d03,5.261930948938243,0,96,27.1904296875
spectrum,351,420915680,1024,1,8,72,5cd4ddfd,5.276918036979623,0,118,35.09375
spectrum,352,422194240,1024,1,8,61,19b640f7,5.29291059798561,0,119,27.16796875
spectrum,353,423394640,1024,1,8,65,c9ef42fc,5.307888709008694,0,99,27.4580078125
spectrum,354,424593920,1024,1,8,62,98250e9c,5.322889723931439,0,86,25.5400390625
spectrum,355,425715120,1024,1,8,63,a3333aa9,5.336890193982981,0,92,26.3515625
spectrum,356,426913920,1024,1,8,63,5f325960,5.351818780996837,0,85,25.87890625
spectrum,357,428119680,1024,1,8,61,97f4c62c,5.366933660930954,0,86,24.8623046875
spectrum,358,429394240,1024,1,8,64,9115aa25,5.382917615934275,0,87,27.3095703125
spectrum,359,430596240,1024,1,8,39,5b8b3a4c,5.397908680955879,0,116,28.623046875
spectrum,360,431793920,1024,1,8,63,2350ddf3,5.412880660966039,0,91,27.4560546875
spectrum,361,432994320,1024,1,8,61,7073321d,5.427899257978424,0,89,24.84375
spectrum,362,434193600,1024,1,8,62,e9436b46,5.4428939200006425,0,90,25.1904296875
spectrum,363,435316720,1024,1,8,30,e3fc805e,5.456921220989898,0,124,24.2724609375
spectrum,364,436594240,1024,1,8,31,414c06ef,5.472890047938563,0,123,24.654296875
spectrum,365,437795680,1024,1,8,64,8c13406f,5.487929834984243,0,96,27.826171875
spectrum,366,439073920,1024,1,8,63,5fa2cab0,5.503943465999328,0,90,25.7509765625
spectrum,367,440194880,1024,1,8,62,cd91ef46,5.517929789959453,0,95,25.873046875
spectrum,368,441393600,1024,1,8,63,274f3be1,5.532914954004809,0,103,26.6669921875
spectrum,369,442514800,1024,1,8,72,b731b294,5.54689332190901,0,125,35.263671875
spectrum,370,443714240,1024,1,8,64,c45b6516,5.561921807937324,0,90,27.2255859375
spectrum,371,444915920,1024,1,8,62,8f9b7ed8,5.5768922249553725,0,92,27.421875
spectrum,372,446193600,1024,1,8,39,9369117e,5.592915202956647,0,126,26.865234375
spectrum,373,447314800,1024,1,8,63,6315f1c0,5.606958354008384,0,84,25.578125
spectrum,374,448593600,1024,1,8,62,2bec24d2,5.622911109938286,0,88,25.724609375
spectrum,375,449714800,1024,1,8,63,670fb484,5.636943029938266,0,90,26.4697265625
spectrum,376,450913600,1024,1,8,64,34456943,5.651932952925563,0,98,28.5546875
spectrum,377,452037040,1024,1,8,63,c404e407,5.665898035978898,0,92,27.6201171875
spectrum,378,453313920,1024,1,8,62,16b07344,5.681907429010607,0,88,26.5556640625
spectrum,379,454517200,1024,1,8,64,0b88b3f7,5.696950283017941,0,99,27.9619140625
spectrum,380,455793920,1024,1,8,38,09361497,5.7129158629104495,0,114,33.4453125
spectrum,381,456915200,1024,1,8,62,13d2c9a1,5.7269294179277495,0,86,26.193359375
spectrum,382,458113920,1024,1,8,63,a0f5f55a,5.741911345976405,0,91,25.962890625
spectrum,383,459235120,1024,1,8,29,bd75bdbc,5.755933115957305,0,118,24.30859375
spectrum,384,460513920,1024,1,8,62,94bfbbf5,5.771910558920354,0,90,26.7255859375
spectrum,385,461637120,1024,1,8,72,12384eb2,5.785917370929383,0,123,34.546875
spectrum,386,462913920,1024,1,8,72,e4414e81,5.801997276954353,0,117,34.7177734375
spectrum,387,464114320,1024,1,8,64,1775da85,5.817010123981163,0,93,26.78515625
spectrum,388,465313600,1024,1,8,31,5a72afd3,5.831918271956965,0,122,25.4013671875
spectrum,389,466434720,1024,1,8,72,405f76f9,5.845923741930164,0,127,34.4892578125
spectrum,390,467633600,1024,1,8,72,bfb5b937,5.860946316970512,0,128,34.6943359375
spectrum,391,468835040,1024,1,8,61,4a62467c,5.875914889969863,0,87,24.4287109375
spectrum,392,470114240,1024,1,8,65,5b98adfd,5.891908312914893,0,94,26.845703125
spectrum,393,471237120,1024,1,8,72,9707384b,5.905943668913096,0,120,34.333984375
spectrum,394,472513920,1024,1,8,64,a9220c40,5.92192247393541,0,97,27.4375
spectrum,395,473635120,1024,1,8,63,a26708a3,5.935933655011468,0,89,26.0478515625
spectrum,396,474833920,1024,1,8,61,1fbc11f2,5.950947633013129,0,90,25.287109375
spectrum,397,475957360,1024,1,8,61,6ac494f3,5.9649337159935385,0,92,25.9111328125
spectrum,398,477233600,1024,1,8,60,9a6c96f0,5.980913011939265,0,106,24.9775390625
spectrum,399,478435920,1024,1,8,63,18cd1c17,5.995914867962711,0,95,26.0791015625
spectrum,400,479714240,1024,1,8,62,40c02f03,6.011964967940003,0,92,25.841796875
spectrum,401,480835840,1024,1,8,63,a4de2892,6.025921775959432,0,87,25.9658203125
spectrum,402,482033920,1024,1,8,62,e0222896,6.040900417952798,0,92,25.4345703125
spectrum,403,483155120,1024,1,8,30,d2e5f72d,6.054937787936069,0,120,25.3291015625
spectrum,404,484353920,1024,1,8,38,6b88b688,6.06993935292121,0,125,25.583984375
spectrum,405,485474800,1024,1,8,61,43c850fd,6.0840298439143226,0,89,24.9814453125
spectrum,406,486753920,1024,1,8,62,cade97c9,6.10003713297192,0,90,26.328125
spectrum,407,487876800,1024,1,8,38,54d7d640,6.113948012934998,0,122,26.2265625
spectrum,408,489153920,1024,1,8,72,9482ada8,6.129924463923089,0,122,34.33203125
spectrum,409,490275200,1024,1,8,63,0cd086a2,6.14390760101378,0,92,26.30859375
spectrum,410,491473920,1024,1,8,63,790ddccc,6.15890427690465,0,88,25.669921875
spectrum,411,492676560,1024,1,8,63,0c57caef,6.173959214007482,0,91,25.7177734375
spectrum,412,493954880,1024,1,8,39,b1660dd5,6.189920054981485,0,118,34.015625
spectrum,413,495155360,1024,1,8,64,a4b2a2bb,6.204920638003387,0,94,27.2919921875
spectrum,414,496433920,1024,1,8,63,c67b2ff3,6.220965156913735,0,94,27.310546875
spectrum,415,497635680,1024,1,8,72,d66ad614,6.235964198014699,0,126,34.732421875
spectrum,416,498913600,1024,1,8,65,afd26619,6.251964282942936,0,95,28.326171875
spectrum,417,500034800,1024,1,8,37,f0c64049,6.265915178926662,0,123,24.31640625
spectrum,418,501234240,1024,1,8,31,340d2ab3,6.280910252011381,0,124,24.484375
spectrum,419,502436560,1024,1,8,37,a71ba361,6.295932787004858,0,121,32.7666015625
spectrum,420,503713920,1024,1,8,61,b2d9aea0,6.3118997199926525,0,89,25.46875
spectrum,421,504835520,1024,1,8,63,b21b0ce5,6.32595006399788,0,89,26.09765625
spectrum,422,506033600,1024,1,8,62,9eff7a8b,6.340903659001924,0,87,25.1669921875
spectrum,423,507154800,1024,1,8,64,7f4223ae,6.35492880595848,0,90,27.732421875
spectrum,424,508353600,1024,1,8,61,e0aca5ab,6.369823970017023,0,88,24.876953125
spectrum,425,509559120,1024,1,8,39,5ff32055,6.384960089926608,0,116,33.8818359375
spectrum,426,510834560,1024,1,8,39,d57fbf6a,6.401015118928626,0,111,24.802734375
spectrum,427,511956400,1024,1,8,61,c7b6c8f2,6.414946327917278,0,95,25.5029296875
spectrum,428,513233600,1024,1,8,62,b870f6f5,6.4309039829531685,0,85,25.806640625
spectrum,429,514357360,1024,1,8,60,610ebb7d,6.444949368014932,0,96,25.2412109375
spectrum,430,515633920,1024,1,8,60,3c9e8678,6.46093298192136,0,91,24.41015625
spectrum,431,516756400,1024,1,8,36,75767a02,6.474933111923747,0,119,33.73046875
spectrum,432,518033920,1024,1,8,63,acc7ad4f,6.490915653994307,0,91,26.384765625
spectrum,433,519156720,1024,1,8,64,12e4c090,6.5049006649060175,0,97,27.91796875
spectrum,434,520433920,1024,1,8,38,b24ae0d1,6.52093690901529,0,120,34.6142578125
spectrum,435,521634400,1024,1,8,66,d2ecc6f3,6.535909087979235,0,104,29.6689453125
spectrum,436,522834240,1024,1,8,60,2a928071,6.5509518010076135,0,86,24.4755859375
spectrum,437,523955200,1024,1,8,63,07f6ca4d,6.564917424926534,0,93,26.54296875
spectrum,438,525153920,1024,1,8,63,f61a5b6c,6.579918268951587,0,88,26.27734375
spectrum,439,526354320,1024,1,8,62,9f74e7cf,6.594924272969365,0,87,26.5986328125
spectrum,440,527554240,1024,1,8,62,076c5284,6.609906049910933,0,88,25.2451171875
spectrum,441,528755920,1024,1,8,63,0c1d620d,6.624766137916595,0,88,25.8095703125
spectrum,442,530033600,1024,1,8,62,4058fdc3,6.640910665970296,0,88,25.2109375
spectrum,443,531154800,1024,1,8,62,d7b22c69,6.6549869700102136,0,92,26.412109375
spectrum,444,532353600,1024,1,8,62,8fc6210a,6.669920285930857,0,91,25.2177734375
spectrum,445,533477040,1024,1,8,64,809d1dd2,6.683984636911191,0,130,71.00390625
spectrum,446,534753920,1024,1,8,29,025df8fe,6.699957069940865,0,123,24.8974609375
spectrum,447,535955280,1024,1,8,64,541e820c,6.7149280270095915,0,98,27.45703125
spectrum,448,537234240,1024,1,8,36,c8101b50,6.730947027914226,0,114,30.9072265625
spectrum,449,538434640,1024,1,8,43,f59ce92b,6.745924817980267,0,108,20.8125
spectrum,450,539633920,1024,1,8,60,83884e52,6.760946310940199,0,90,23.798828125
spectrum,451,540755120,1024,1,8,36,f5980149,6.7749522919766605,0,122,28.5302734375
spectrum,452,541953920,1024,1,8,72,ec0591aa,6.789940801914781,0,119,33.5078125
spectrum,453,543156240,1024,1,8,60,5f0c2735,6.804999244981445,0,120,37.162109375
spectrum,454,544433920,1024,1,8,60,8067ccda,6.821061697904952,0,120,38.49609375
spectrum,455,545636000,1024,1,8,33,cf4cb298,6.835960117983632,0,114,29.5302734375
spectrum,456,546913600,1024,1,8,64,57aedc39,6.852021449012682,0,155,59.806640625
spectrum,457,548114560,1024,1,8,37,b06af22a,6.867030488909222,0,141,49.2919921875
spectrum,458,549393600,1024,1,8,63,8c6df078,6.882846264983527,0,93,26.4150390625
spectrum,459,550599440,1024,1,8,63,d07effba,6.897956565953791,0,89,26.4541015625
spectrum,460,551874560,1024,1,8,63,99ba7d16,6.913968693930656,0,100,27.3603515625
spectrum,461,553075920,1024,1,8,62,a48b173b,6.928921325947158,0,91,25.74609375
spectrum,462,554353600,1024,1,8,60,af6d4d4a,6.944934906903654,0,93,24.2998046875
spectrum,463,555474800,1024,1,8,62,1257a485,6.958968318998814,0,89,25.1611328125
spectrum,464,556673600,1024,1,8,33,48bfdf5c,6.973954394925386,0,111,35.2373046875
spectrum,465,557795200,1024,1,8,33,64d46c85,6.987926351954229,0,120,30.2294921875
spectrum,466,559073920,1024,1,8,39,fde59810,7.004001488909125,0,118,33.9912109375
spectrum,467,560276240,1024,1,8,44,65ce6b39,7.018958028987981,0,106,21.169921875
spectrum,468,561473920,1024,1,8,60,e2c476a4,7.033969342010096,0,96,25.1220703125
spectrum,469,562595200,1024,1,8,39,2dd3f3d7,7.04795377200935,0,120,32.3818359375
spectrum,470,563793600,1024,1,8,31,7af61420,7.062907957937568,0,123,25.8076171875
spectrum,471,564914720,1024,1,8,37,d54dc87b,7.076950597926043,0,139,43.4755859375
spectrum,472,566194240,1024,1,8,31,7be42046,7.092963356990367,0,121,26.771484375
spectrum,473,567316400,1024,1,8,41,3acee02d,7.106959388940595,0,103,26.15234375
spectrum,474,568593600,1024,1,8,29,e9c416ad,7.122971626929939,0,123,25.40234375
spectrum,475,569795920,1024,1,8,60,eefe81ac,7.137765969964676,0,85,24.43359375
spectrum,476,571073920,1024,1,8,60,92f09794,7.153964419965632,0,91,24.482421875
spectrum,477,572195120,1024,1,8,62,e2409ffe,7.16796611296013,0,97,25.4873046875
spectrum,478,573393920,1024,1,8,72,0a94e414,7.182916341000237,0,122,35.8603515625
spectrum,479,574516720,1024,1,8,35,15ae1b30,7.196948420954868,0,103,20.9150390625
spectrum,480,575793600,1024,1,8,63,06acd88b,7.212961080018431,0,96,26.984375
spectrum,481,576995360,1024,1,8,61,aa2ff88a,7.227924473001622,0,88,25.33984375
spectrum,482,578194240,1024,1,8,61,013a4e21,7.242903835955076,0,91,24.5166015625
spectrum,483,579315520,1024,1,8,37,afad2c89,7.256959790945984,0,144,52.4326171875
spectrum,484,580593920,1024,1,8,62,ff93cb09,7.272968753008172,0,89,25.96875
spectrum,485,581715120,1024,1,8,37,99fc9b21,7.28694119991269,0,140,54.666015625
spectrum,486,582993920,1024,1,8,64,fc44bf99,7.302943930961192,0,92,27.54296875
spectrum,487,584196240,1024,1,8,29,e68c090f,7.3179530499037355,0,111,38.9306640625
spectrum,488,585473920,1024,1,8,35,4ad35d3d,7.333972531952895,0,118,30.2421875
spectrum,489,586675360,1024,1,8,72,e774b6d2,7.348963506985456,0,119,34.4326171875
spectrum,490,587953600,1024,1,8,60,b266a16f,7.364923866931349,0,86,24.4375
spectrum,491,589074800,1024,1,8,60,5a01c2b7,7.378938162932172,0,85,24.4033203125
spectrum,492,590273600,1024,1,8,39,871d9574,7.393962851958349,0,129,24.5859375
spectrum,493,591474800,1024,1,8,29,deda0959,7.409000294981524,0,119,23.6298828125
spectrum,494,592674560,1024,1,8,64,aca70709,7.423952076002024,0,92,26.796875
spectrum,495,593875920,1024,1,8,60,afa0a5c4,7.4389580799033865,0,87,24.3662109375
spectrum,496,595153600,1024,1,8,31,2d0172b5,7.454037010902539,0,123,25.0546875
spectrum,497,596274720,1024,1,8,63,7ac5f236,7.468988440930843,0,105,26.99609375
spectrum,498,597473600,1024,1,8,61,c2ee3d5f,7.48399752099067,0,95,24.9609375
spectrum,499,598594800,1024,1,8,62,e818b04a,7.4979535369202495,0,90,26.2705078125
spectrum,500,599873920,1024,1,8,60,d3952fe8,7.513953551999293,0,96,24.921875
spectrum,501,601076240,1024,1,8,60,6cb56d82,7.528944966965355,0,83,24.673828125
spectrum,502,602353920,1024,1,8,62,c0874e5a,7.5449516349472106,0,87,26.84375
spectrum,503,603554320,1024,1,8,60,1f4a57f1,7.559918143902905,0,83,24.5712890625
spectrum,504,604754240,1024,1,8,62,1f25357f,7.574943403946236,0,91,25.6728515625
spectrum,505,605954640,1024,1,8,32,806b8163,7.589941281941719,0,125,27.240234375
spectrum,506,607153920,1024,1,8,30,251ecc62,7.604963475954719,0,122,25.4072265625
spectrum,507,608274800,1024,1,8,59,5874c423,7.618920322973281,0,87,23.9921875
spectrum,508,609473920,1024,1,8,59,6a023f0d,7.634056453010999,0,81,23.55859375
spectrum,509,610596720,1024,1,8,60,b682ead1,7.6478276289999485,0,98,28.6533203125
spectrum,510,611873920,1024,1,8,60,9d0efffd,7.66397757793311,0,85,23.8701171875
spectrum,511,612995120,1024,1,8,36,dbbe4e97,7.6779309989651665,0,120,29.1103515625
spectrum,512,614193920,1024,1,8,62,a3aceba5,7.692962189903483,0,86,25.6962890625
spectrum,513,615317040,1024,1,8,64,ee87ce00,7.706974803004414,0,106,22.330078125
spectrum,514,616593600,1024,1,8,64,c219e5b2,7.7229324479121715,0,97,26.5576171875
spectrum,515,617795680,1024,1,8,63,c45efbef,7.737910268013366,0,96,25.9013671875
spectrum,516,618994240,1024,1,8,60,49bc2225,7.752961486927234,0,83,24.3369140625
spectrum,517,620115520,1024,1,8,37,6366edd7,7.766996892984025,6,156,71.76171875
spectrum,518,621393920,1024,1,8,61,0f70c957,7.782920453930274,0,88,24.767578125
spectrum,519,622515120,1024,1,8,35,66134213,7.796977019985206,0,141,40.2607421875
spectrum,520,623793920,1024,1,8,64,14e18d84,7.812928713974543,0,91,26.7822265625
spectrum,521,624915120,1024,1,8,27,783a65af,7.826965151936747,0,121,26.119140625
spectrum,522,626193920,1024,1,8,61,acd92406,7.8429691039491445,0,86,24.5048828125
spectrum,523,627395680,1024,1,8,61,e8340e2a,7.858027447015047,0,100,24.2646484375
spectrum,524,628673600,1024,1,8,62,481498fa,7.873959743999876,0,98,25.251953125
spectrum,525,629794800,1024,1,8,62,978495ad,7.887947529903613,0,102,26.072265625
spectrum,526,630993600,1024,1,8,72,96297635,7.902986034983769,0,125,35.5673828125
spectrum,527,632195120,1024,1,8,31,2063385f,7.918368830927648,0,123,25.353515625
spectrum,528,633474240,1024,1,8,61,2f156f17,7.933961865957826,0,95,25.341796875
spectrum,529,634595200,1024,1,8,64,78a8b50d,7.947971693938598,0,104,27.169921875
spectrum,530,635873920,1024,1,8,65,b02c545e,7.963953724945895,0,96,28.66796875
spectrum,531,636994880,1024,1,8,63,1d86562f,7.97795656893868,0,104,27.0947265625
spectrum,532,638193600,1024,1,8,61,97469911,7.992954968009144,0,87,24.1767578125
spectrum,533,639314800,1024,1,8,37,8771a885,8.006972530973144,0,152,69.8662109375
spectrum,534,640594240,1024,1,8,63,47a3e113,8.022948910947889,0,88,25.8291015625
spectrum,535,641795920,1024,1,8,62,f424e7c0,8.037976094987243,0,94,25.3798828125
spectrum,536,642994240,1024,1,8,61,9e7a60af,8.05299345892854,0,86,24.3798828125
spectrum,537,644115200,1024,1,8,29,9019d780,8.066948683932424,0,130,25.0751953125
spectrum,538,645313920,1024,1,8,56,c750e292,8.081970266997814,0,152,29.369140625
spectrum,539,646514640,1024,1,8,30,c1cd5537,8.096015291986987,0,131,26.611328125
spectrum,540,647713920,1024,1,8,60,44bd9a0a,8.111988725955598,0,159,34.3994140625
spectrum,541,648915440,1024,1,8,38,1bdcaa7d,8.126989058917388,0,146,37.4453125
spectrum,542,650194240,1024,1,8,30,66b4a7c1,8.142956080962904,0,121,24.755859375
spectrum,543,651316400,1024,1,8,37,0f4764e8,8.1569286090089,0,153,69.298828125
spectrum,544,652593600,1024,1,8,39,b69ae4ae,8.172941757948138,0,127,27.23828125
spectrum,545,653714800,1024,1,8,35,bd1dded9,8.186966984998435,0,151,64.2236328125
spectrum,546,654993600,1024,1,8,65,8c036285,8.203027875977568,0,103,28.4375
spectrum,547,656128960,1024,1,8,59,b0753722,8.216957831988111,0,83,23.740234375
spectrum,548,657393920,1024,1,8,60,32dbc362,8.232981110922992,0,85,24.068359375
spectrum,549,658516400,1024,1,8,29,1f825cad,8.246939020929858,0,130,25.16015625
spectrum,550,659714240,1024,1,8,60,5c86c7da,8.261984408949502,0,156,34.8701171875
spectrum,551,660914800,1024,1,8,35,508d3174,8.276986434939317,0,147,47.0283203125
spectrum,552,662193920,1024,1,8,63,840cd9f0,8.2929242819082,0,103,25.93359375
spectrum,553,663315120,1024,1,8,37,d904e0d2,8.306968103977852,0,154,70.806640625
spectrum,554,664593920,1024,1,8,31,ec990d73,8.322926580905914,0,120,26.3642578125
spectrum,555,665714800,1024,1,8,37,dd9c935f,8.33700941700954,0,150,67.7978515625
spectrum,556,666993920,1024,1,8,60,695f99e9,8.352960297954269,0,86,24.79296875
spectrum,557,668116800,1024,1,8,35,dfabc08d,8.366999701946042,0,146,42.5390625
spectrum,558,669393920,1024,1,8,62,193c1b76,8.382947769016027,0,94,25.9453125
spectrum,559,670515120,1024,1,8,35,5f4daea0,8.396973105962388,0,151,61.2646484375
spectrum,560,671793920,1024,1,8,31,2a2b290d,8.41200549993664,0,124,24.4267578125
spectrum,561,672994640,1024,1,8,37,475c3201,8.42796715197619,0,92,29.0263671875
spectrum,562,674275200,1024,1,8,62,08e72ec3,8.443974460009485,0,96,25.087890625
spectrum,563,675396720,1024,1,8,31,80aa7e1a,8.457988505950198,0,119,26.322265625
spectrum,564,676673920,1024,1,8,63,5b742e37,8.473971077939495,0,91,25.822265625
spectrum,565,677812480,1024,1,8,36,3f718a61,8.488016232964583,0,157,75.8935546875
spectrum,566,679073920,1024,1,8,64,438d4d3a,8.504003873909824,0,101,27.470703125
spectrum,567,680195120,1024,1,8,31,3523998c,8.517006465001032,0,122,26.4560546875
spectrum,568,681393920,1024,1,8,29,6e039f8d,8.53297737496905,0,116,24.9755859375
spectrum,569,682516720,1024,1,8,64,d9285cfa,8.546951174968854,0,145,43.869140625
spectrum,570,683793920,1024,1,8,35,55d074bf,8.56302080093883,0,118,31.0390625
spectrum,571,684995360,1024,1,8,31,9c0232f7,8.577985176001675,0,124,26.4638671875
spectrum,572,686193600,1024,1,8,60,aacc0b5f,8.59294515196234,0,81,24.263671875
spectrum,573,687314800,1024,1,8,35,c474df17,8.606974847964011,0,151,63.2080078125
spectrum,574,688594240,1024,1,8,31,a2c57266,8.622984090005048,0,125,24.7919921875
spectrum,575,689795680,1024,1,8,31,a2d991c2,8.637974102981389,0,121,24.69140625
spectrum,576,691073920,1024,1,8,65,96441ec0,8.653975139954127,0,95,27.98046875
spectrum,577,692276240,1024,1,8,60,144c1a3d,8.66890165291261,0,85,24.8447265625
spectrum,578,693553920,1024,1,8,61,79468c1c,8.684975777985528,0,88,24.5166015625
spectrum,579,694674880,1024,1,8,61,014890c6,8.6989337769337,0,91,25.1513671875
spectrum,580,695873600,1024,1,8,39,9ab871cf,8.71303150197491,0,124,26.8037109375
spectrum,581,696994720,1024,1,8,61,dd0563cd,8.727975046960637,0,90,25.017578125
spectrum,582,698274240,1024,1,8,72,36b61e48,8.74396510294173,0,119,34.8720703125
spectrum,583,699476240,1024,1,8,37,99561675,8.759009970002808,0,121,24.642578125
spectrum,584,700673920,1024,1,8,38,c689ba49,8.773963883984834,0,123,26.171875
spectrum,585,701794800,1024,1,8,60,911eaf8b,8.787946139927953,0,93,25.15625
spectrum,586,702993600,1024,1,8,72,4376170b,8.802986147929914,0,117,34.2958984375
spectrum,587,704114800,1024,1,8,35,c0d7c401,8.81700112496037,0,157,71.0751953125
spectrum,588,705394240,1024,1,8,32,9e069b30,8.83295939094387,0,126,30.9560546875
spectrum,589,706594640,1024,1,8,59,3385609a,8.847992255003192,0,87,24.6650390625
spectrum,590,707793920,1024,1,8,64,ec867513,8.86300814698916,0,98,27.2734375
spectrum,591,708917120,1024,1,8,64,4f657fec,8.87699400994461,0,144,19.41015625
spectrum,592,710193920,1024,1,8,60,b5d4e04b,8.892972172936425,0,88,23.9228515625
spectrum,593,711395360,1024,1,8,61,48d3408c,8.907997172907926,0,91,25.314453125
spectrum,594,712593600,1024,1,8,61,4ea979c2,8.923017713008448,0,95,24.29296875
spectrum,595,713795040,1024,1,8,31,cb52ff44,8.937946741003543,0,126,25.158203125
spectrum,596,714993920,1024,1,8,29,93d207a7,8.952987639931962,0,121,24.720703125
spectrum,597,716195600,1024,1,8,62,f00b6201,8.968034812016413,0,90,26.1728515625
spectrum,598,717394240,1024,1,8,62,c7207acb,8.983007733011618,0,100,26.31640625
spectrum,599,718515840,1024,1,8,37,afb7675f,8.99698635097593,0,150,66.884765625
spectrum,600,719793920,1024,1,8,38,0a15af9c,9.01301285601221,0,117,33.72265625
spectrum,601,720915520,1024,1,8,36,e901cc1e,9.026954154018313,0,149,55.8056640625
spectrum,602,722194240,1024,1,8,64,c47f062d,9.0429758799728,0,90,27.1953125
spectrum,603,723394640,1024,1,8,29,d1ed6160,9.057977905962616,0,123,24.84375
spectrum,604,724673920,1024,1,8,61,7bdc7ff6,9.073960537905805,0,87,24.3837890625
spectrum,605,725875040,1024,1,8,61,185f4b62,9.089038296951912,0,100,24.728515625
spectrum,606,727073600,1024,1,8,62,e3fee133,9.10399127996061,0,104,25.466796875
spectrum,607,728194800,1024,1,8,63,82cf57e3,9.118007960962132,0,106,27.2060546875
spectrum,608,729393600,1024,1,8,60,0cc14f03,9.132053105975501,0,84,23.6142578125
spectrum,609,730516640,1024,1,8,37,9831c145,9.147036636946723,0,155,68.568359375
spectrum,610,731793920,1024,1,8,60,e591d58e,9.16299026296474,0,88,24.3994140625
spectrum,611,732915200,1024,1,8,72,69cdeccc,9.176996774971485,0,158,67.0205078125
spectrum,612,734193600,1024,1,8,62,6df039ee,9.192970209987834,0,87,25.74609375
spectrum,613,735314800,1024,1,8,72,b413bfe3,9.207037576008588,0,147,58.7275390625
spectrum,614,736593600,1024,1,8,60,05cadd0e,9.222969541908242,0,89,23.8828125
spectrum,615,737714800,1024,1,8,72,bc4c8ec6,9.237041527987458,6,154,66.8857421875
spectrum,616,738994240,1024,1,8,60,0acf0277,9.25300609599799,0,83,24.5546875
spectrum,617,740196240,1024,1,8,63,08fb668c,9.267973164911382,0,104,26.2841796875
spectrum,618,741473920,1024,1,8,63,86fdfd98,9.283943653921597,0,93,26.6474609375
spectrum,619,742674320,1024,1,8,63,e1e2bc79,9.298947873990983,0,91,26.9921875
spectrum,620,743873600,1024,1,8,62,5b64fcf0,9.313972522970289,0,86,25.5390625
spectrum,621,744994800,1024,1,8,63,069b44bf,9.3280211139936,0,92,26.4384765625
spectrum,622,746193600,1024,1,8,33,c190e9c4,9.342988643911667,0,120,30.0234375
spectrum,623,747395360,1024,1,8,61,62e467b5,9.358010497991927,0,95,24.8720703125
spectrum,624,748594240,1024,1,8,62,5a8caf46,9.37297338899225,0,97,25.7783203125
spectrum,625,749795920,1024,1,8,63,906f46a2,9.387995703960769,0,99,26.744140625
spectrum,626,751073600,1024,1,8,30,760931b2,9.403096265974455,0,119,25.6513671875
spectrum,627,752194720,1024,1,8,63,27072bd0,9.41805422899779,0,92,27.07421875
spectrum,628,753393600,1024,1,8,60,9464e900,9.433029192965478,0,86,24.4296875
spectrum,629,754596320,1024,1,8,30,cda5616a,9.448026339989156,0,116,25.3515625
spectrum,630,755873920,1024,1,8,29,d9d6508c,9.463988672941923,0,123,25.7705078125
spectrum,631,757074960,1024,1,8,30,77f58aca,9.478991249925457,0,120,25.869140625
spectrum,632,758274240,1024,1,8,25,ae85037b,9.493975010933354,0,118,27.8896484375
spectrum,633,759474960,1024,1,8,62,52c0a507,9.509005210013129,0,98,25.515625
spectrum,634,760673600,1024,1,8,63,47ca618f,9.523999340948649,0,88,26.41796875
spectrum,635,761797680,1024,1,8,26,a88ec015,9.5381087269634,0,121,33.5615234375
spectrum,636,763073920,1024,1,8,61,1c9cf032,9.554073294973932,0,90,25.18359375
spectrum,637,764277200,1024,1,8,62,e75ffda6,9.569055764004588,0,90,25.6611328125
spectrum,638,765553920,1024,1,8,29,f5f30534,9.585042031947523,0,127,28.6103515625
spectrum,639,766755360,1024,1,8,31,21c0fd39,9.599984945962206,0,121,25.94921875
spectrum,640,767953600,1024,1,8,31,4ac352e7,9.614032404962927,0,125,25.595703125
spectrum,641,769074720,1024,1,8,72,d476b678,9.62900594691746,0,113,34.1357421875
spectrum,642,770353920,1024,1,8,63,a8491492,9.645042610936798,0,88,25.9892578125
spectrum,643,771476720,1024,1,8,30,8e512c92,9.659030386945233,0,121,24.791015625
spectrum,644,772753920,1024,1,8,62,4467e72d,9.675011525978334,0,90,26.0791015625
spectrum,645,773956560,1024,1,8,60,c6573262,9.69003099494148,0,93,24.232421875
spectrum,646,775233920,1024,1,8,60,5fd4d9c9,9.706001663929783,0,81,24.3359375
spectrum,647,776355120,1024,1,8,61,01573541,9.719973980914801,0,94,23.9345703125
spectrum,648,777553920,1024,1,8,44,2f89eeca,9.734047628939152,0,99,21.6845703125
spectrum,649,778676640,1024,1,8,60,a10fc51c,9.74900950898882,0,97,24.982421875
spectrum,650,779953920,1024,1,8,60,4ea4a879,9.76504353794735,0,90,24.8828125
spectrum,651,781155680,1024,1,8,45,7848ac11,9.78001880296506,0,99,21.75390625
spectrum,652,782354240,1024,1,8,61,5d80bce0,9.794987465953454,0,97,25.236328125
spectrum,653,783554640,1024,1,8,60,1bbbf561,9.810007134918123,0,91,29.6025390625
spectrum,654,784833920,1024,1,8,37,8ca0a93f,9.825990557903424,0,130,78.3681640625
spectrum,655,786034880,1024,1,8,39,11d7ae5b,9.840989046962932,0,120,35.7138671875
spectrum,656,787313920,1024,1,8,31,2de4d0c3,9.857045738957822,0,123,25.8466796875
spectrum,657,788435520,1024,1,8,58,7749ad90,9.870987908914685,0,79,23.2158203125
spectrum,658,789634240,1024,1,8,38,67de70bd,9.886000824975781,0,122,25.9755859375
spectrum,659,790756400,1024,1,8,63,30cf5461,9.90003976796288,0,105,26.78515625
spectrum,660,792033600,1024,1,8,63,3a2c5359,9.916052205953747,0,101,26.0419921875
spectrum,661,793154800,1024,1,8,31,b0d23c10,9.92907568695955,0,109,24.01171875
spectrum,662,794353600,1024,1,8,60,140289bf,9.945019776001573,0,86,24.5625
spectrum,663,795555040,1024,1,8,60,a10e2b77,9.960933827911504,0,89,24.994140625
spectrum,664,796833920,1024,1,8,39,8ac57a08,9.976026244927198,0,118,35.3291015625
spectrum,665,798035760,1024,1,8,38,8844ff3d,9.991038098931313,0,116,31.5341796875
spectrum,666,799314240,1024,1,8,62,2fc72e11,10.007061006966978,0,104,27.07421875
spectrum,667,800514640,1024,1,8,37,3a84d06f,10.021035918965936,0,117,25.779296875
spectrum,668,801713920,1024,1,8,61,4ce7407f,10.037013069959357,0,102,24.443359375
spectrum,669,802835120,1024,1,8,60,41b68b36,10.051023258944042,0,88,24.396484375
spectrum,670,804033920,1024,1,8,37,41f938c1,10.065997962956317,0,123,24.5234375
spectrum,671,805154800,1024,1,8,29,8ab21337,10.080008841934614,0,120,25.90234375
spectrum,672,806433920,1024,1,8,60,91e02ed5,10.09606009395793,0,89,24.2314453125
spectrum,673,807635360,1024,1,8,60,0ed1e6ec,10.11096451501362,0,90,25.591796875
spectrum,674,808833600,1024,1,8,31,8c344559,10.12499914993532,0,123,25.416015625
spectrum,675,809954720,1024,1,8,60,8e897fb3,10.13998742995318,0,83,23.32421875
spectrum,676,811153600,1024,1,8,60,da28b025,10.154079763917252,0,84,24.001953125
spectrum,677,812276720,1024,1,8,62,0da8b782,10.169046912924387,0,104,26.5615234375
spectrum,678,813473920,1024,1,8,58,6fe27698,10.184102740953676,0,84,22.29296875
spectrum,679,814674960,1024,1,8,61,0e851d77,10.198884919984266,0,100,25.4931640625
spectrum,680,815953920,1024,1,8,60,8c4b92e4,10.215033596963622,0,89,24.31640625
spectrum,681,817074880,1024,1,8,40,b0b3acb3,10.228042069007643,0,91,16.271484375
spectrum,682,818273600,1024,1,8,61,68fb8505,10.2439758379478,0,98,25.6884765625
spectrum,683,819394800,1024,1,8,60,f04a7055,10.257976548979059,0,85,23.7939453125
spectrum,684,820594560,1024,1,8,65,8f3512d8,10.272996968938969,0,109,28.189453125
spectrum,685,821795920,1024,1,8,63,b3dfcc57,10.288006678922102,0,102,27.7109375
spectrum,686,823073600,1024,1,8,35,4bf4a132,10.304025950958021,0,117,30.01171875
spectrum,687,824275360,1024,1,8,30,74f8ce8a,10.31809897790663,0,117,25.201171875
spectrum,688,825473600,1024,1,8,60,16903992,10.333994795917533,0,87,24.3798828125
spectrum,689,826594800,1024,1,8,39,30034996,10.347992439987138,0,124,27.2138671875
spectrum,690,827794240,1024,1,8,63,aa9480f4,10.362995959003456,0,101,27.1884765625
spectrum,691,828917120,1024,1,8,60,f2cabe9c,10.376963716931641,0,99,25.9736328125
spectrum,692,830194240,1024,1,8,40,7cd1cbb2,10.392997735994868,0,121,36.6513671875
spectrum,693,831396000,1024,1,8,63,ff1cdf89,10.407991706975736,0,103,26.6396484375
spectrum,694,832673600,1024,1,8,60,a4dd5877,10.423071088967845,0,82,23.77734375
spectrum,695,833794800,1024,1,8,72,08584a81,10.43803515296895,0,119,34.7236328125
spectrum,696,834993600,1024,1,8,38,5ae72937,10.452240860904567,0,122,25.7001953125
spectrum,697,836194400,1024,1,8,60,1e067f65,10.468016750994138,0,85,24.330078125
spectrum,698,837474560,1024,1,8,60,3789b509,10.484020552947186,0,84,24.67578125
spectrum,699,838597120,1024,1,8,23,e4ebcd37,10.497995825950056,0,125,30.0107421875
spectrum,700,839873600,1024,1,8,31,7d898309,10.513048606924713,0,125,24.7041015625
spectrum,701,840994720,1024,1,8,60,14e069d3,10.52801740996074,0,86,24.9951171875
spectrum,702,842193600,1024,1,8,62,177c5760,10.542998275952414,0,95,25.0166015625
spectrum,703,843314800,1024,1,8,64,a6029a3c,10.55706297699362,0,99,26.94921875
spectrum,704,844514240,1024,1,8,33,ce56a049,10.572019546991214,0,110,41.26171875
spectrum,705,845715200,1024,1,8,60,e42f2064,10.586990913958289,0,86,26.3994140625
spectrum,706,846914240,1024,1,8,65,e57c3321,10.602134999004193,0,130,42.3173828125
spectrum,707,848116080,1024,1,8,39,e3768564,10.616982923005708,0,127,26.953125
spectrum,708,849313600,1024,1,8,60,6dca11b8,10.631034338963218,0,82,23.6943359375
spectrum,709,850434800,1024,1,8,60,2d8c374c,10.645995426923037,0,86,24.6015625
spectrum,710,851633600,1024,1,8,60,3e09e61f,10.660100965993479,0,87,24.1396484375
spectrum,711,852757280,1024,1,8,29,c2b1c8d7,10.67501338198781,0,120,23.0234375
spectrum,712,853954240,1024,1,8,31,3b7c7101,10.690019815927371,0,128,20.990234375
spectrum,713,855156240,1024,1,8,31,f85dfb81,10.705055945902131,0,124,25.07421875
spectrum,714,856434880,1024,1,8,60,99ef6a50,10.721022116951644,0,88,24.4560546875
spectrum,715,857635360,1024,1,8,60,702b18d8,10.735983565915376,0,80,25.115234375
spectrum,716,858833600,1024,1,8,60,bd74d1d2,10.750057233963162,0,90,23.9599609375
spectrum,717,859954800,1024,1,8,72,c3c2b6c4,10.765009344904684,0,121,35.2255859375
spectrum,718,861154240,1024,1,8,61,59b8a658,10.780030486988835,0,92,25.0810546875
spectrum,719,862354640,1024,1,8,60,1a208ebc,10.795020701014437,0,85,25.1064453125
spectrum,720,863633920,1024,1,8,60,fd6b0889,10.811082481988706,0,96,24.111328125
spectrum,721,864756720,1024,1,8,60,e29b802c,10.825031423941255,0,83,23.814453125
spectrum,722,866033920,1024,1,8,60,e84f4909,10.840066832955927,0,86,23.322265625
spectrum,723,867155120,1024,1,8,60,5306fe35,10.854066421976313,0,84,24.123046875
spectrum,724,868353920,1024,1,8,60,ef95344e,10.86906860792078,0,83,24.3701171875
spectrum,725,869476400,1024,1,8,60,745cb6a5,10.884036327945068,0,86,24.80078125
spectrum,726,870753600,1024,1,8,62,279ced1d,10.900019060005434,0,92,25.6435546875
spectrum,727,871955360,1024,1,8,60,66aecbc7,10.91507720190566,0,88,24.833984375
spectrum,728,873233920,1024,1,8,61,f2ac460d,10.931039995979518,0,96,25.236328125
spectrum,729,874354880,1024,1,8,60,97fad018,10.945029605994932,0,83,24.5400390625
spectrum,730,875553600,1024,1,8,60,68427ea9,10.960186393931508,0,91,24.6943359375
spectrum,731,876754400,1024,1,8,30,b84334f0,10.973992125946097,0,125,24.51171875
spectrum,732,877954560,1024,1,8,62,d2be493d,10.989995686919428,0,93,26.2109375
spectrum,733,879155920,1024,1,8,60,294c75bc,11.005077924928628,0,88,24.828125
spectrum,734,880433600,1024,1,8,60,a261f3bb,11.021018465980887,0,85,25.6728515625
spectrum,735,881635360,1024,1,8,60,d50cba2a,11.035111260949634,0,86,24.0908203125
spectrum,736,882833600,1024,1,8,60,199d6400,11.050997199956328,0,97,25.13671875
spectrum,737,883954800,1024,1,8,31,61be062b,11.064089249935932,0,121,25.8662109375
spectrum,738,885153600,1024,1,8,61,3bded82a,11.079116613953374,0,101,25.150390625
spectrum,739,886276720,1024,1,8,62,527b5ac5,11.094023248995654,0,99,25.6513671875
spectrum,740,887553920,1024,1,8,61,953266a1,11.110056035919115,0,101,24.7060546875
spectrum,741,888677360,1024,1,8,61,420ae1bd,11.124004687997513,0,98,25.0068359375
spectrum,742,889953920,1024,1,8,38,ec56ab12,11.139051808975637,0,123,25.3046875
spectrum,743,891075040,1024,1,8,29,aa4d7f07,11.153020698926412,0,118,24.0302734375
spectrum,744,892273920,1024,1,8,63,399ec33c,11.169795950991102,0,101,27.412109375
spectrum,745,893395120,1024,1,8,60,db01576e,11.182993811904453,0,84,24.43359375
spectrum,746,894673920,1024,1,8,61,f63b77fa,11.199003614950925,0,90,24.9716796875
spectrum,747,895796720,1024,1,8,36,ab790e10,11.213087702984922,0,120,24.666015625
spectrum,748,897073920,1024,1,8,37,e676fd69,11.229043032974005,0,122,24.7275390625
spectrum,749,898194800,1024,1,8,60,64dd1942,11.242996393935755,0,81,23.8232421875
spectrum,750,899393600,1024,1,8,63,96a898ec,11.257100158953108,0,100,26.1689453125
spectrum,751,900514800,1024,1,8,40,b2487916,11.272011874010786,0,122,37.1376953125
spectrum,752,901793600,1024,1,8,41,68c71669,11.28803783794865,0,115,28.7880859375
spectrum,753,902996400,1024,1,8,60,5a11c1fe,11.302997963968664,0,85,24.6748046875
spectrum,754,904273920,1024,1,8,31,ebb9fa4b,11.31899366993457,0,125,24.94921875
spectrum,755,905396720,1024,1,8,61,9e7e97be,11.333057229989208,0,98,24.4326171875
spectrum,756,906673920,1024,1,8,61,04166c9a,11.348053594934754,0,92,24.6123046875
spectrum,757,907795120,1024,1,8,60,1e3054cd,11.36206089798361,0,87,24.279296875
spectrum,758,908993920,1024,1,8,60,ddc2ce7c,11.377063924912363,0,92,23.8720703125
spectrum,759,910117680,1024,1,8,39,7b83477f,11.392007360002026,0,148,67.5205078125
spectrum,760,911393600,1024,1,8,61,9b5f9e6a,11.408023203955963,0,88,24.7998046875
spectrum,761,912595680,1024,1,8,60,0f54f075,11.423015711945482,0,85,23.89453125
spectrum,762,913794240,1024,1,8,61,159f4396,11.438051812001504,0,85,24.5078125
spectrum,763,914915200,1024,1,8,62,4a74e222,11.451093627954833,0,96,25.5927734375
spectrum,764,916113920,1024,1,8,61,da7202e9,11.466076486976817,0,85,25.2587890625
spectrum,765,917314720,1024,1,8,62,d773cde5,11.481992963002995,0,93,24.98828125
spectrum,766,918594560,1024,1,8,30,5ffcc8f0,11.498021833016537,0,118,25.1875
spectrum,767,919795600,1024,1,8,29,9d934b00,11.513022335013375,0,122,25.14453125
spectrum,768,921074240,1024,1,8,61,a0324535,11.529049631906673,0,122,72.2265625
spectrum,769,922275680,1024,1,8,39,84245d14,11.543062043958344,0,129,26.189453125
spectrum,770,923473600,1024,1,8,63,73383da3,11.558105206931941,0,107,25.8525390625
spectrum,771,924594800,1024,1,8,61,490b57ec,11.572076682001352,0,88,24.6845703125
spectrum,772,925793600,1024,1,8,39,51ddd069,11.58706681500189,0,125,27.0029296875
spectrum,773,926916640,1024,1,8,31,775a6bcd,11.602011792943813,0,135,26.033203125
spectrum,774,928114880,1024,1,8,63,58fbf9cb,11.617035919916816,0,98,26.771484375
spectrum,775,929315280,1024,1,8,62,1b5e5d7f,11.63109874795191,0,96,25.232421875
spectrum,776,930513920,1024,1,8,65,0a159ec2,11.647020654985681,0,103,28.564453125
spectrum,777,931714320,1024,1,8,60,106f621c,11.662057726993226,0,90,25.1513671875
spectrum,778,932913600,1024,1,8,60,3b3425fa,11.676129911909811,0,88,24.7509765625
spectrum,779,934034800,1024,1,8,60,2319f358,11.6900709499605,0,90,23.7607421875
spectrum,780,935234240,1024,1,8,60,3a897f74,11.706027040956542,0,93,23.4775390625
spectrum,781,936357760,1024,1,8,61,66ee91a1,11.720060011954047,0,90,25.1767578125
spectrum,782,937633600,1024,1,8,40,537e7a99,11.736036131973378,0,125,37.35546875
spectrum,783,938836080,1024,1,8,61,737109bd,11.751022016978823,0,86,24.1953125
spectrum,784,940113600,1024,1,8,72,9cbaaf58,11.767001683008857,0,119,35.9921875
spectrum,785,941234880,1024,1,8,61,0e12e007,11.780090827960521,0,94,25.37890625
spectrum,786,942433600,1024,1,8,61,20c22d2e,11.795115655986592,0,93,25.6875
spectrum,787,943556720,1024,1,8,31,1e385ec0,11.810005920939147,0,123,25.9990234375
spectrum,788,944753920,1024,1,8,60,b0da81c1,11.824996473966166,0,85,23.4794921875
spectrum,789,945875200,1024,1,8,63,748b0a7e,11.838083985960111,0,99,26.6484375
spectrum,790,947073600,1024,1,8,61,fdad8a5e,11.853164279949851,0,94,25.11328125
spectrum,791,948194800,1024,1,8,61,f52d3303,11.867085108999163,0,105,24.6962890625
spectrum,792,949393600,1024,1,8,66,7fd0f4e6,11.882062246906571,0,98,28.8623046875
spectrum,793,950514800,1024,1,8,61,831d169c,11.896089026937261,0,92,25.4970703125
spectrum,794,951714240,1024,1,8,39,124f5b24,11.912086547003128,0,122,35.05078125
spectrum,795,952916000,1024,1,8,31,4d92349f,11.927032887004316,0,121,26.49609375
spectrum,796,954113600,1024,1,8,72,b5735f5a,11.942049870966002,25,136,73.4267578125
spectrum,797,955315600,1024,1,8,63,46e66507,11.957056885934435,6,154,68.9453125
spectrum,798,956593600,1024,1,8,60,ea7591c6,11.97204886295367,0,86,23.5859375
spectrum,799,957795040,1024,1,8,66,35008d7f,11.988026594975963,0,98,29.8701171875
spectrum,800,959073920,1024,1,8,62,3636cbf0,12.00405376101844,0,91,26.4482421875
spectrum,801,960275680,1024,1,8,30,6856b467,12.018152046017349,0,121,24.666015625
spectrum,802,961474240,1024,1,8,58,295a3850,12.033993489923887,0,86,21.9541015625
spectrum,803,962596480,1024,1,8,63,d90da4dd,12.048044104943983,0,99,26.369140625
spectrum,804,963873600,1024,1,8,61,611490da,12.063163482933305,0,97,24.890625
spectrum,805,964994800,1024,1,8,31,f037bae0,12.077042331919074,0,121,25.857421875
spectrum,806,966193600,1024,1,8,63,95a71828,12.092076768982224,0,97,26.9296875
spectrum,807,967314800,1024,1,8,63,095007d9,12.107041283976287,0,101,26.0595703125
spectrum,808,968593920,1024,1,8,62,633457f7,12.123022662941366,0,93,25.5849609375
spectrum,809,969716720,1024,1,8,63,b1a93943,12.137038582004607,0,146,62.6455078125
spectrum,810,970993920,1024,1,8,60,6d891516,12.153060337994248,0,88,24.7216796875
spectrum,811,972194320,1024,1,8,62,eefc5efe,12.167096074903384,0,97,25.7041015625
spectrum,812,973393600,1024,1,8,63,644cd635,12.182065918925218,0,99,27.2568359375
spectrum,813,974514800,1024,1,8,60,953c556e,12.196058052941225,0,87,23.90234375
spectrum,814,975714240,1024,1,8,62,af69e50e,12.21202785091009,0,91,26.4755859375
spectrum,815,976835520,1024,1,8,30,7bbccadc,12.225128256948665,0,121,24.7734375
spectrum,816,978113920,1024,1,8,63,eb9c3b28,12.242046218947507,0,94,26.1044921875
spectrum,817,979316560,1024,1,8,64,9337f716,12.257069514947943,6,170,63.712890625
spectrum,818,980593920,1024,1,8,61,84e58851,12.273046304937452,0,101,24.9609375
spectrum,819,981794320,1024,1,8,66,bcb165a5,12.288025937974453,0,103,28.7724609375
spectrum,820,982993600,1024,1,8,60,9ee7cd25,12.302130755968392,0,88,25.6943359375
spectrum,821,984117040,1024,1,8,61,0fd6ecbc,12.317034965963103,14,159,73.275390625
spectrum,822,985394880,1024,1,8,30,cb0e8446,12.332090622978285,0,117,25.228515625
spectrum,823,986515760,1024,1,8,62,ed7724d2,12.347023176960647,0,101,26.802734375
spectrum,824,987713920,1024,1,8,60,99aad4e7,12.362032576929778,0,84,24.6884765625
spectrum,825,988835520,1024,1,8,40,06e09130,12.376009802916087,0,122,38.03125
spectrum,826,990113600,1024,1,8,63,fd75d4d0,12.391085687908344,0,104,26.94140625
spectrum,827,991234800,1024,1,8,61,f6c0428a,12.405084335012361,0,96,24.3505859375
spectrum,828,992434240,1024,1,8,60,416c869c,12.421037439955398,0,86,24.609375
spectrum,829,993555200,1024,1,8,38,43452396,12.435037789982744,0,127,24.896484375
spectrum,830,994833920,1024,1,8,60,01c935fd,12.45107145793736,0,85,25.224609375
spectrum,831,996035360,1024,1,8,29,e984e337,12.465151898912154,0,121,24.0986328125
spectrum,832,997233600,1024,1,8,60,688e92b9,12.480095453909598,0,85,25.0830078125
spectrum,833,998434400,1024,1,8,44,87bce583,12.49604682601057,0,150,52.7216796875
spectrum,834,999713600,1024,1,8,72,b4ec1676,12.512065936927684,0,125,35.07421875
spectrum,835,1000837040,1024,1,8,31,cff40c3c,12.526099719922058,0,119,25.908203125
spectrum,836,1002033920,1024,1,8,39,7ecd9dd3,12.54101180494763,0,126,27.431640625
spectrum,837,1003154800,1024,1,8,63,78282b23,12.55504813301377,0,97,27.1962890625
spectrum,838,1004433920,1024,1,8,60,c20e46b2,12.571033439016901,0,91,24.0673828125
spectrum,839,1005554800,1024,1,8,36,5829d05d,12.585039148922078,0,123,34.01171875
spectrum,840,1006753600,1024,1,8,60,7e760aff,12.599091706913896,0,81,24.068359375
spectrum,841,1007874800,1024,1,8,63,8519d633,12.613113296916708,0,96,27.533203125
spectrum,842,1009074240,1024,1,8,60,f545adca,12.629004695918411,0,84,23.7236328125
spectrum,843,1010197120,1024,1,8,66,9368911f,12.643050941987894,0,102,27.87109375
spectrum,844,1011473600,1024,1,8,61,7f615092,12.65899075299967,0,131,61.3876953125
spectrum,845,1012675600,1024,1,8,63,9560abd8,12.674096173956059,0,95,26.78125
spectrum,846,1013873600,1024,1,8,60,9c373cdd,12.688091193907894,0,82,24.16796875
spectrum,847,1014994800,1024,1,8,63,308f9a9d,12.702066335012205,0,97,26.4072265625
spectrum,848,1016193600,1024,1,8,39,14f71696,12.717034115921706,0,129,25.71875
spectrum,849,1017316640,1024,1,8,40,8e4d6eff,12.732078240951523,0,107,31.044921875
spectrum,850,1018593920,1024,1,8,62,735b4cb9,12.748017920996062,0,98,25.583984375
spectrum,851,1019714880,1024,1,8,35,a2ca7bda,12.762066702940501,0,119,30.2333984375
spectrum,852,1020994240,1024,1,8,62,0ea5b4ba,12.777096500969492,0,100,25.796875
spectrum,853,1022114800,1024,1,8,64,2176d684,12.791107670986094,0,102,26.943359375
spectrum,854,1023313600,1024,1,8,61,3ebf2efa,12.806113673956133,0,103,25.2880859375
spectrum,855,1024434800,1024,1,8,60,13115e65,12.820110696949996,0,88,24.81640625
spectrum,856,1025634240,1024,1,8,63,5afe0544,12.836038834997453,0,91,26.0009765625
spectrum,857,1026756800,1024,1,8,31,18a09847,12.849115425953642,0,124,25.6123046875
spectrum,858,1027954880,1024,1,8,62,805739d1,12.865036030998453,0,94,26.3056640625
spectrum,859,1029076480,1024,1,8,72,e04ae31b,12.879042421933264,0,125,34.2744140625
spectrum,860,1030273920,1024,1,8,59,0e34b26d,12.893092275015078,0,88,24.60546875
spectrum,861,1031395120,1024,1,8,61,d261c1df,12.907103484962136,0,98,24.2138671875
spectrum,862,1032593920,1024,1,8,61,c76e5587,12.92208051297348,0,90,24.4658203125
spectrum,863,1033716400,1024,1,8,63,bd737afe,12.937030810979195,0,94,26.830078125
spectrum,864,1034994240,1024,1,8,60,7d49a69f,12.953084395965561,0,85,25.2109375
spectrum,865,1036117440,1024,1,8,60,36c36441,12.967034380999394,0,120,29.02734375
spectrum,866,1037393600,1024,1,8,63,079a5a51,12.982107179937884,0,106,26.953125
spectrum,867,1038514800,1024,1,8,63,ac620c38,12.996061632991768,0,105,27.091796875
spectrum,868,1039793600,1024,1,8,64,6b14dd8e,13.012103726970963,0,98,27.556640625
spectrum,869,1040914800,1024,1,8,61,a37d52dd,13.02704176097177,0,93,25.755859375
spectrum,870,1042194240,1024,1,8,60,54805bfe,13.043028159998357,0,88,23.7880859375
spectrum,871,1043317120,1024,1,8,62,c5e53f0c,13.057054447941482,0,136,48.283203125
spectrum,872,1044593920,1024,1,8,61,e37db892,13.07303232094273,0,95,24.5439453125
spectrum,873,1045714880,1024,1,8,62,88d17d75,13.086130642914213,0,101,25.6220703125
spectrum,874,1046913600,1024,1,8,62,0fcf20ab,13.101138819940388,0,122,27.111328125
spectrum,875,1048034800,1024,1,8,60,f0b6b0d5,13.115093142958358,0,87,24.689453125
spectrum,876,1049233600,1024,1,8,26,910c028b,13.13109160400927,0,120,28.4765625
spectrum,877,1050436080,1024,1,8,61,02ca4a4b,13.146036130958237,0,83,24.6943359375
spectrum,878,1051713920,1024,1,8,37,8abf83ad,13.161089062923566,0,129,20.6865234375
spectrum,879,1052836720,1024,1,8,26,536b8e2e,13.176030152942985,0,138,41.498046875
spectrum,880,1054113920,1024,1,8,39,ef564a39,13.192068188916892,0,125,37.9873046875
spectrum,881,1055314400,1024,1,8,60,b8fc6d20,13.20704312401358,0,83,24.8779296875
spectrum,882,1056594240,1024,1,8,60,88fcdca5,13.223139800946228,0,124,73.041015625
spectrum,883,1057796160,1024,1,8,64,ccbdb77c,13.238125536008738,0,97,27.5576171875
spectrum,884,1059073600,1024,1,8,28,d0d44227,13.254104369902052,0,118,25.203125
spectrum,885,1060279760,1024,1,8,60,487c68b7,13.26909297995735,0,96,24.9111328125
spectrum,886,1061554240,1024,1,8,61,d833a986,13.287292897934094,0,85,25.2568359375
spectrum,887,1062675520,1024,1,8,60,4fa47dce,13.298158705001697,0,79,23.78515625
spectrum,888,1063873600,1024,1,8,30,7dd0760d,13.313128108973615,0,120,25.0302734375
spectrum,889,1064994720,1024,1,8,61,cbf795c3,13.327104953932576,0,94,26.1376953125
spectrum,890,1066194240,1024,1,8,31,9aa674f5,13.343056265963241,0,118,26.6875
spectrum,891,1067394960,1024,1,8,29,3bed3bb8,13.358081134967506,0,122,24.97265625
spectrum,892,1068673920,1024,1,8,72,376cac91,13.374066090909764,0,117,34.96484375
spectrum,893,1069875040,1024,1,8,37,d4000059,13.388109180959873,0,124,24.8720703125
spectrum,894,1071073600,1024,1,8,61,ecf4971e,13.403124240925536,0,96,25.7041015625
spectrum,895,1072194800,1024,1,8,60,7efc800e,13.417110563954338,0,82,24.7587890625
spectrum,896,1073393600,1024,1,8,60,a01f34d4,13.432090707938187,0,82,24.947265625
spectrum,897,1074517040,1024,1,8,62,6fc12bad,13.447050584014505,0,101,31.912109375
spectrum,898,1075794880,1024,1,8,61,b1370af7,13.463073120918125,0,101,24.7109375
spectrum,899,1076915840,1024,1,8,64,d8a70a31,13.477046168991365,0,99,28.771484375
spectrum,900,1078193920,1024,1,8,60,d7a5e331,13.492108718957752,0,92,23.6572265625
spectrum,901,1079316720,1024,1,8,31,d4f28033,13.507093280903064,0,123,26.31640625
spectrum,902,1080593920,1024,1,8,61,389cc01a,13.522113079903647,0,97,25.6552734375
spectrum,903,1081715120,1024,1,8,37,363f24e3,13.537055622902699,0,119,34.984375
spectrum,904,1082994240,1024,1,8,31,6479a945,13.553053283016197,0,124,24.2685546875
spectrum,905,1084117120,1024,1,8,61,32ba2083,13.567073951009661,0,89,24.6064453125
spectrum,906,1085393920,1024,1,8,60,54183324,13.583065478946082,0,85,24.4296875
spectrum,907,1086595360,1024,1,8,62,370cc1f1,13.598042767960578,0,92,25.5107421875
spectrum,908,1087794240,1024,1,8,38,98ce3f8b,13.612123298924416,0,123,25.046875
spectrum,909,1088915120,1024,1,8,62,d234a360,13.62703957199119,0,96,27.1669921875
spectrum,910,1090193920,1024,1,8,62,d78a89e1,13.643067458993755,0,91,25.5517578125
spectrum,911,1091395040,1024,1,8,72,a7499290,13.65805917500984,0,125,33.9765625
spectrum,912,1092594240,1024,1,8,64,d3419e95,13.673035542014986,0,90,27.578125
spectrum,913,1093795920,1024,1,8,64,1ea86a43,13.688043228001334,0,88,23.9697265625
spectrum,914,1095073600,1024,1,8,39,3cd0dc07,13.704069160972722,0,122,34.71484375
spectrum,915,1096195200,1024,1,8,61,8c08d699,13.717103612958454,0,97,25.0
spectrum,916,1097393600,1024,1,8,40,0e193597,13.73304077796638,0,125,36.80078125
spectrum,917,1098596240,1024,1,8,63,5b0b8c62,13.748067559907213,0,98,26.3544921875
spectrum,918,1099873920,1024,1,8,64,23fb8c69,13.764102239976637,0,98,27.6171875
spectrum,919,1101079120,1024,1,8,60,f83e5bf6,13.779028832912445,0,84,23.7001953125
spectrum,920,1102354560,1024,1,8,63,fa05a44b,13.795076516922563,0,101,27.08203125
spectrum,921,1103554640,1024,1,8,33,4241925c,13.809136919910088,0,122,29.8076171875
spectrum,922,1104753920,1024,1,8,62,14dbd49c,13.824111252906732,0,100,26.234375
spectrum,923,1105875120,1024,1,8,60,25ad55e5,13.838171005016193,0,99,24.962890625
spectrum,924,1107073920,1024,1,8,39,124bffac,13.854108801926486,0,118,36.123046875
spectrum,925,1108274400,1024,1,8,29,523864c1,13.869069228996523,0,119,26.3720703125
spectrum,926,1109553920,1024,1,8,37,69a3272f,13.88509021291975,0,123,30.767578125
spectrum,927,1110755360,1024,1,8,60,34691652,13.900078721926548,0,86,25.080078125
spectrum,928,1112033600,1024,1,8,61,fe326c0e,13.915178011986427,0,87,24.6416015625
spectrum,929,1113154800,1024,1,8,72,e76d2ee3,13.930038159014657,0,125,36.7998046875
spectrum,930,1114353600,1024,1,8,62,86efd90b,13.944120202912018,0,89,25.5244140625
spectrum,931,1115476720,1024,1,8,60,58ed468a,13.959080478991382,0,84,23.6240234375
spectrum,932,1116753920,1024,1,8,64,35ee4d78,13.97507790895179,0,98,26.9091796875
spectrum,933,1117954320,1024,1,8,60,1d4ada6d,13.99006034701597,0,88,23.7744140625
spectrum,934,1119234240,1024,1,8,62,f02109ec,14.006059098988771,0,96,25.123046875
spectrum,935,1120434640,1024,1,8,65,a5ac42e6,14.020169305964373,0,101,29.63671875
spectrum,936,1121713920,1024,1,8,62,48dbdb1c,14.0362442729529,0,88,25.8349609375
spectrum,937,1122835120,1024,1,8,60,2aa9eeea,14.051048644003458,0,94,24.671875
spectrum,938,1124114240,1024,1,8,61,c57df7f1,14.066156549961306,0,100,25.970703125
spectrum,939,1125236800,1024,1,8,72,6063cd13,14.081071189953946,0,121,34.6748046875
spectrum,940,1126513920,1024,1,8,64,a1077f96,14.096130533958785,0,97,27.291015625
spectrum,941,1127635200,1024,1,8,60,2a316342,14.110161490971223,0,88,23.8447265625
spectrum,942,1128833600,1024,1,8,31,74606587,14.125101057928987,0,121,26.1083984375
spectrum,943,1129954720,1024,1,8,60,d95f1272,14.139061331981793,0,80,23.7412109375
spectrum,944,1131153600,1024,1,8,63,6fba1f06,14.155085360980593,0,93,26.966796875
spectrum,945,1132355760,1024,1,8,60,8cd187d1,14.169218571973033,0,87,24.181640625
spectrum,946,1133554240,1024,1,8,31,c8ca034c,14.184124997002073,0,119,26.2919921875
spectrum,947,1134676400,1024,1,8,60,52cb1a43,14.199065505992621,0,88,25.013671875
spectrum,948,1135954240,1024,1,8,62,431818cb,14.21506368694827,0,93,26.9326171875
spectrum,949,1137155920,1024,1,8,60,191b31d4,14.229127565980889,0,88,24.0478515625
spectrum,950,1138353600,1024,1,8,62,6d2f0e8b,14.245112392003648,0,103,27.2373046875
spectrum,951,1139555680,1024,1,8,33,10919df5,14.26015382190235,0,124,30.3603515625
spectrum,952,1140833600,1024,1,8,61,0b07acda,14.276103871990927,0,96,24.28515625
spectrum,953,1142039120,1024,1,8,60,b587ca29,14.291077362955548,0,87,23.8642578125
spectrum,954,1143314560,1024,1,8,31,ff7bf64c,14.306132899946533,0,119,26.42578125
spectrum,955,1144435120,1024,1,8,61,0867220d,14.320136645925231,0,92,25.642578125
spectrum,956,1145633920,1024,1,8,63,58f2f29e,14.335135504952632,0,98,27.3857421875
spectrum,957,1146756400,1024,1,8,64,bef7a8f1,14.350111380917951,0,100,26.9521484375
spectrum,958,1148034560,1024,1,8,31,ba4a42aa,14.366111324983649,0,127,24.6298828125
spectrum,959,1149236240,1024,1,8,28,03be3469,14.381080157938413,0,120,25.4150390625
spectrum,960,1150513920,1024,1,8,37,79abe0f8,14.39613529399503,0,119,25.18359375
spectrum,961,1151634800,1024,1,8,62,32c528b5,14.41011209890712,0,94,26.1533203125
spectrum,962,1152833600,1024,1,8,60,29509808,14.425110396929085,0,84,23.6787109375
spectrum,963,1153954800,1024,1,8,39,ddd650ea,14.440028262906708,0,120,36.55859375
spectrum,964,1155233600,1024,1,8,60,225c0fb7,14.455229014973156,0,85,24.1025390625
spectrum,965,1156356720,1024,1,8,61,60f4cf58,14.470106674009003,0,84,25.0380859375
spectrum,966,1157633920,1024,1,8,60,d0362d21,14.48611095699016,0,81,24.0537109375
spectrum,967,1158834320,1024,1,8,60,582f1342,14.501054822001606,0,88,24.4013671875
spectrum,968,1160113920,1024,1,8,63,2020d2a9,14.516133351949975,0,90,26.8388671875
spectrum,969,1161234880,1024,1,8,63,24da856b,14.530968150938861,14,122,70.0849609375
spectrum,970,1162513600,1024,1,8,63,34c355a6,14.546128946938552,0,90,26.06640625
spectrum,971,1163634800,1024,1,8,60,8cc0b9d5,14.560131610953249,0,87,25.6943359375
spectrum,972,1164834560,1024,1,8,60,cfb263e0,14.575098428991623,0,83,24.251953125
spectrum,973,1165956480,1024,1,8,31,d410b693,14.589124707970768,0,120,26.1513671875
spectrum,974,1167153600,1024,1,8,35,61770e78,14.605090697994456,0,117,29.990234375
spectrum,975,1168355360,1024,1,8,60,115e67c6,14.619165387935936,0,91,25.595703125
spectrum,976,1169553600,1024,1,8,36,12376dff,14.635083997971378,0,118,32.8056640625
spectrum,977,1170674880,1024,1,8,61,fe2a5ca2,14.648113449919038,0,94,25.40625
spectrum,978,1171873600,1024,1,8,63,52c833a6,14.663124431972392,0,93,26.82421875
spectrum,979,1172996720,1024,1,8,62,2f2b177d,14.67808120092377,0,101,26.900390625
spectrum,980,1174273920,1024,1,8,37,1babc56a,14.693217089981772,0,122,24.880859375
spectrum,981,1175397360,1024,1,8,65,6b529e6b,14.708040095982142,0,99,27.783203125
spectrum,982,1176673920,1024,1,8,62,796ef2e3,14.723114138003439,0,102,24.9287109375
spectrum,983,1177795120,1024,1,8,29,22f3198f,14.73711841495242,0,124,22.5283203125
spectrum,984,1178993920,1024,1,8,63,6f95bd9e,14.753074305946939,0,91,26.548828125
spectrum,985,1180196000,1024,1,8,39,79e0ddc2,14.768120834953152,0,119,35.4833984375
spectrum,986,1181473920,1024,1,8,62,f7358c4c,14.783169638947584,0,89,26.1171875
spectrum,987,1182675120,1024,1,8,62,a56a8383,14.798157988931052,0,94,26.6572265625
spectrum,988,1183874240,1024,1,8,63,7362898e,14.814086767961271,0,95,26.98046875
spectrum,989,1185074320,1024,1,8,38,39380144,14.828105701948516,0,123,25.8232421875
spectrum,990,1186273600,1024,1,8,61,088c5ee5,14.843127113999799,0,95,24.876953125
spectrum,991,1187394800,1024,1,8,63,5fc5ecb7,14.857144356006756,0,96,27.4560546875
spectrum,992,1188594240,1024,1,8,31,807d99ac,14.872144587920047,0,123,25.1484375
spectrum,993,1189715520,1024,1,8,35,8476ed10,14.886172719998285,0,121,32.2734375
spectrum,994,1190914240,1024,1,8,61,d2b2ac66,14.902119392994791,0,98,25.6611328125
spectrum,995,1192115680,1024,1,8,38,d642635d,14.916128969984129,0,123,25.2568359375
spectrum,996,1193313600,1024,1,8,62,f750bbc3,14.931137887993827,0,90,26.54296875
spectrum,997,1194434800,1024,1,8,30,ca3303a7,14.945072181988508,0,117,25.8203125
spectrum,998,1195633600,1024,1,8,62,bc3d6d9a,14.96014145493973,0,91,26.537109375
spectrum,999,1196754800,1024,1,8,32,fab9740d,14.975084187928587,0,121,28.640625
spectrum,1000,1198034240,1024,1,8,60,ae4786a6,14.99108329101,0,81,23.3505859375
spectrum,1001,1199156480,1024,1,8,39,296a58bc,15.004130385932513,0,128,26.296875
spectrum,1002,1200354240,1024,1,8,60,a83e3420,15.020094962907024,0,86,25.7841796875
spectrum,1003,1201554640,1024,1,8,64,dcc0ee7d,15.03415673901327,0,101,28.474609375
spectrum,1004,1202833920,1024,1,8,62,89699aa4,15.051074729999527,0,94,25.890625
spectrum,1005,1204035920,1024,1,8,36,6140fe55,15.066088397987187,0,124,29.3232421875
spectrum,1006,1205314240,1024,1,8,62,ea2c8b5d,15.081147410906851,0,101,25.533203125
spectrum,1007,1206435200,1024,1,8,61,637c1108,15.096071217907593,0,86,24.65234375
spectrum,1008,1207713920,1024,1,8,62,20592fc4,15.111136102001183,0,88,26.15234375
spectrum,1009,1208837120,1024,1,8,60,52ec23af,15.126077723922208,0,87,23.9931640625
spectrum,1010,1210113920,1024,1,8,72,4197e1db,15.141159410006367,0,115,34.4208984375
spectrum,1011,1211235200,1024,1,8,38,afe92c59,15.155122237978503,0,117,32.68359375
spectrum,1012,1212433920,1024,1,8,62,ba314825,15.170147927943617,0,86,25.41015625
spectrum,1013,1213561920,1024,1,8,31,1e773def,15.184150771936402,0,123,26.1943359375
spectrum,1014,1214833600,1024,1,8,57,c1429376,15.201066198991612,0,89,22.052734375
spectrum,1015,1216035360,1024,1,8,60,1daea3fa,15.215139155974612,0,90,24.6533203125
spectrum,1016,1217234240,1024,1,8,60,3c8ac34e,15.231093553942628,0,88,24.916015625
spectrum,1017,1218434640,1024,1,8,30,6310b4f9,15.245115984929726,0,119,24.927734375
spectrum,1018,1219633920,1024,1,8,59,fe222208,15.261120336945169,0,80,23.49609375
spectrum,1019,1220836240,1024,1,8,59,935840c6,15.276124786934815,0,90,22.7744140625
spectrum,1020,1222114240,1024,1,8,64,2bf5c84d,15.292120312922634,0,93,26.1552734375
spectrum,1021,1223320960,1024,1,8,62,5981a37b,15.307076141005382,0,96,25.390625
spectrum,1022,1224595200,1024,1,8,63,1a4cea13,15.322155702975579,0,92,25.61328125
spectrum,1023,1225795280,1024,1,8,62,3f9690c5,15.337176373926923,0,91,26.171875
spectrum,1024,1226993920,1024,1,8,62,3c0825bd,15.353117055958137,0,97,26.07421875
spectrum,1025,1228196000,1024,1,8,61,2e82f81c,15.368102979962714,0,97,25.6650390625
spectrum,1026,1229473920,1024,1,8,60,e0ba1050,15.384142610011622,0,86,23.5126953125
spectrum,1027,1230675680,1024,1,8,31,e9beaad1,15.399191032978706,0,117,26.2431640625
spectrum,1028,1231954560,1024,1,8,38,55aa9857,15.416119714966044,0,122,33.9521484375
spectrum,1029,1233236560,1024,1,8,37,703fa47b,15.431082346010953,0,122,29.5185546875
spectrum,1030,1234513920,1024,1,8,65,0ee3a660,15.44614289200399,0,99,28.5927734375
spectrum,1031,1235636720,1024,1,8,60,9a805f4f,15.461086135939695,0,89,25.0693359375
spectrum,1032,1236913920,1024,1,8,60,179ecaa0,15.476107997936197,0,86,23.44140625
spectrum,1033,1238036400,1024,1,8,63,d98d0cdf,15.491196707938798,0,134,75.5009765625
spectrum,1034,1239314880,1024,1,8,62,bce4eeee,15.507070082006976,0,105,25.4423828125
spectrum,1035,1240515600,1024,1,8,31,e5c930dd,15.52114415098913,0,123,25.6884765625
spectrum,1036,1241714240,1024,1,8,37,cfc6cd47,15.537089230958372,0,119,32.5849609375
spectrum,1037,1242916080,1024,1,8,60,194bcb10,15.551113465917297,0,86,24.7109375
spectrum,1038,1244194240,1024,1,8,62,43bfd50c,15.56715782394167,0,97,26.244140625
spectrum,1039,1245394640,1024,1,8,60,580d2167,15.582142675993964,0,92,25.1142578125
spectrum,1040,1246594240,1024,1,8,31,9efecfb0,15.597174027003348,0,124,25.041015625
spectrum,1041,1247716720,1024,1,8,39,1b50266e,15.612110137939453,0,118,35.607421875
spectrum,1042,1248993920,1024,1,8,63,9c41d20d,15.628111183992587,0,93,27.1630859375
spectrum,1043,1250195360,1024,1,8,64,92d8c8b2,15.642123766010627,0,105,27.4814453125
spectrum,1044,1251393600,1024,1,8,41,5cd0bcd9,15.657128887018189,0,122,31.130859375
spectrum,1045,1252514800,1024,1,8,60,3c38f182,15.671066668001004,0,88,24.5751953125
spectrum,1046,1253714240,1024,1,8,38,cf735462,15.687109262915328,0,121,35.173828125
spectrum,1047,1254916480,1024,1,8,64,965c6e3a,15.702099715941586,0,107,28.2021484375
spectrum,1048,1256193920,1024,1,8,61,bd6ed551,15.717152517987415,0,99,24.78125
spectrum,1049,1257315200,1024,1,8,35,9b4ee267,15.73210136196576,0,119,30.2109375
spectrum,1050,1258593920,1024,1,8,60,17f2a511,15.747140788007528,0,88,24.650390625
spectrum,1051,1259714880,1024,1,8,62,b56b6e4e,15.76115602592472,0,103,26.033203125
spectrum,1052,1260913600,1024,1,8,60,7df982b5,15.776170825003646,0,90,23.6669921875
spectrum,1053,1262034800,1024,1,8,60,155cedae,15.791060887975618,0,86,23.6787109375
spectrum,1054,1263313920,1024,1,8,60,485ea0ac,15.806163594010286,0,83,24.052734375
spectrum,1055,1264520000,1024,1,8,60,af1453b1,15.822377823991701,0,90,24.521484375
spectrum,1056,1265794240,1024,1,8,38,dd47ccb4,15.837187635013834,0,123,25.9609375
spectrum,1057,1266914800,1024,1,8,63,f832c614,15.851261814008467,0,98,28.072265625
spectrum,1058,1268113600,1024,1,8,63,44fd02f5,15.866173818940297,0,107,26.03125
spectrum,1059,1269234800,1024,1,8,61,1ed9c88e,15.88007368799299,0,89,25.1953125
spectrum,1060,1270434240,1024,1,8,58,cfaa1efc,15.896130809909664,0,89,23.5849609375
spectrum,1061,1271635040,1024,1,8,62,4b6d70bc,15.9101904919371,0,98,25.33203125
spectrum,1062,1272834240,1024,1,8,60,099bed8e,15.926134339999408,0,83,23.173828125
spectrum,1063,1273956800,1024,1,8,63,39549146,15.940123687963933,0,98,26.4189453125
spectrum,1064,1275233600,1024,1,8,38,092360fa,15.955170537927188,0,93,26.0771484375
spectrum,1065,1276354800,1024,1,8,40,99f862c1,15.970139971934259,0,124,37.34375
spectrum,1066,1277633600,1024,1,8,31,ab12c417,15.985165310907178,0,122,25.6728515625
spectrum,1067,1278835600,1024,1,8,60,564a5f2a,16.000168998958543,0,94,25.2177734375
spectrum,1068,1280113600,1024,1,8,63,442b21d8,16.01614671200514,0,97,26.56640625
spectrum,1069,1281234800,1024,1,8,39,7a419cbf,16.03017267899122,0,121,35.224609375
spectrum,1070,1282514240,1024,1,8,60,389e88ef,16.04617933591362,0,81,24.26953125
spectrum,1071,1283635520,1024,1,8,59,8e7f4080,16.060079374932684,0,84,23.8701171875
spectrum,1072,1284913920,1024,1,8,37,b890b429,16.076144121936522,0,120,25.384765625
spectrum,1073,1286035040,1024,1,8,62,f3abf622,16.090102762915194,0,89,26.11328125
spectrum,1074,1287234240,1024,1,8,60,009f0de6,16.106069753994234,0,88,24.6923828125
spectrum,1075,1288435040,1024,1,8,60,0b41b1e6,16.120218073949218,0,83,23.8876953125
spectrum,1076,1289634240,1024,1,8,38,6ca99738,16.136157923960127,0,132,82.5341796875
spectrum,1077,1290836160,1024,1,8,61,0b381963,16.150149516994134,0,88,25.03125
spectrum,1078,1292033600,1024,1,8,60,497f848d,16.16621600696817,0,90,24.013671875
spectrum,1079,1293235280,1024,1,8,63,c0ca1ad0,16.180143377976492,0,95,27.533203125
spectrum,1080,1294513600,1024,1,8,39,daa24b7c,16.196095141000114,0,126,27.5419921875
spectrum,1081,1295636640,1024,1,8,39,5f392167,16.21016095392406,0,115,28.5009765625
spectrum,1082,1296833920,1024,1,8,61,911f2b51,16.226084532914683,0,95,28.337890625
spectrum,1083,1298034400,1024,1,8,60,25e5d6ba,16.241082660970278,0,83,23.42578125
spectrum,1084,1299313920,1024,1,8,72,ba5ad314,16.257119835936464,0,124,34.7158203125
spectrum,1085,1300514320,1024,1,8,60,b970c82f,16.27112227899488,0,87,24.32421875
spectrum,1086,1301713600,1024,1,8,39,6dfd68da,16.28615425096359,0,128,25.37109375
spectrum,1087,1302834720,1024,1,8,31,4e92184d,16.30009810300544,0,119,25.45703125
spectrum,1088,1304034240,1024,1,8,60,329992de,16.315134253003635,0,90,24.4130859375
spectrum,1089,1305234800,1024,1,8,58,4dae8486,16.33018069190439,0,83,22.7099609375
spectrum,1090,1306515200,1024,1,8,60,7a9fe2fe,16.346142143011093,0,91,24.3525390625
spectrum,1091,1307715280,1024,1,8,30,46ea292d,16.36114415898919,0,118,26.1767578125
spectrum,1092,1308913920,1024,1,8,63,1f921f4c,16.3761740969494,0,101,27.388671875
spectrum,1093,1310035120,1024,1,8,63,47f14923,16.39021857897751,0,94,26.783203125
spectrum,1094,1311233920,1024,1,8,62,31361948,16.40610712300986,0,91,25.47265625
spectrum,1095,1312436000,1024,1,8,31,92e09e43,16.42058601800818,0,119,25.796875
spectrum,1096,1313634240,1024,1,8,38,3f3b2169,16.43518898799084,0,123,23.9404296875
spectrum,1097,1314756400,1024,1,8,31,4f0bef7c,16.449116448988207,0,118,25.69921875
spectrum,1098,1315953600,1024,1,8,60,4cd52038,16.46419754391536,0,85,24.2744140625
spectrum,1099,1317074800,1024,1,8,62,a718c56e,16.47810871398542,0,93,25.94921875
spectrum,1100,1318273600,1024,1,8,31,f11110ca,16.494123967015184,0,132,72.1513671875
spectrum,1101,1319474560,1024,1,8,38,4c86523e,16.50814786099363,0,124,24.27734375
spectrum,1102,1320753920,1024,1,8,60,698b398c,16.524194091907702,0,91,23.80859375
spectrum,1103,1321876720,1024,1,8,37,aa0e3483,16.539088693913072,0,120,32.3017578125
spectrum,1104,1323153920,1024,1,8,30,486a0432,16.554144941968843,0,116,25.736328125
spectrum,1105,1324274800,1024,1,8,60,9bbe6ae8,16.5681125089759,0,87,24.4716796875
spectrum,1106,1325553600,1024,1,8,60,4a2b131e,16.58414897194598,0,82,24.2138671875
spectrum,1107,1326674800,1024,1,8,63,dfe3537c,16.598211258999072,0,95,26.638671875
spectrum,1108,1327873600,1024,1,8,61,f58e2f34,16.61410880892072,0,108,25.2666015625
spectrum,1109,1329075680,1024,1,8,59,c4fef67a,16.62811041995883,0,82,24.43359375
spectrum,1110,1330274240,1024,1,8,60,f6913e64,16.643185392953455,0,86,25.0185546875
spectrum,1111,1331475920,1024,1,8,39,94ac2e03,16.659077122923918,0,121,35.333984375
spectrum,1112,1332753600,1024,1,8,65,06d5beb4,16.6741420669714,0,100,28.4833984375
spectrum,1113,1333874800,1024,1,8,37,1a7031ad,16.688089565956034,0,125,28.40625
spectrum,1114,1335073600,1024,1,8,72,4b59f8df,16.70311443391256,0,123,34.9609375
spectrum,1115,1336196720,1024,1,8,61,98a4318d,16.71807815693319,0,97,26.1513671875
spectrum,1116,1337473920,1024,1,8,63,b920d164,16.73408725799527,0,98,26.2900390625
spectrum,1117,1338675680,1024,1,8,62,35bc8286,16.748163381009363,0,94,26.1865234375
spectrum,1118,1339954240,1024,1,8,39,ed4ac530,16.76416199200321,0,128,26.708984375
spectrum,1119,1341076720,1024,1,8,37,98b20f61,16.77817134896759,0,120,25.15625
spectrum,1120,1342353920,1024,1,8,63,e4303f3f,16.794165381928906,0,92,25.734375
spectrum,1121,1343474800,1024,1,8,63,c42f79bc,16.808165399939753,0,89,25.47265625
spectrum,1122,1344674240,1024,1,8,59,b1e62f5f,16.824055665987544,0,128,55.150390625
spectrum,1123,1345878400,1024,1,8,61,239c0d49,16.83911988895852,0,98,25.0380859375
spectrum,1124,1347154240,1024,1,8,72,40661f0a,16.85522621497512,0,130,34.515625
spectrum,1125,1348355360,1024,1,8,61,353d42ce,16.869172110920772,0,90,25.3125
spectrum,1126,1349633600,1024,1,8,60,ecee4d6c,16.885149250971153,0,89,24.6630859375
spectrum,1127,1350754800,1024,1,8,63,dd7b9724,16.899107181001455,0,97,27.3466796875
spectrum,1128,1351953600,1024,1,8,39,aceca941,16.91412637801841,0,126,34.109375
spectrum,1129,1353077120,1024,1,8,72,ec650e0d,16.92909210396465,0,122,36.0478515625
spectrum,1130,1354353920,1024,1,8,40,d4e35dcc,16.94512869801838,0,124,39.3974609375
spectrum,1131,1355554480,1024,1,8,35,d7032757,16.960114261950366,0,117,30.1259765625
spectrum,1132,1356833920,1024,1,8,64,bb8e0ccd,16.975108682992868,0,100,26.7197265625
spectrum,1133,1357954880,1024,1,8,62,64bb2cf2,16.989157564006746,0,94,25.4951171875
spectrum,1134,1359153600,1024,1,8,62,943fd645,17.00413547293283,0,99,25.822265625
spectrum,1135,1360274800,1024,1,8,63,7fe28eb6,17.018183161970228,0,97,26.0810546875
spectrum,1136,1361474240,1024,1,8,63,61d8d18c,17.03316145192366,0,95,26.9775390625
spectrum,1137,1362675920,1024,1,8,63,20a50702,17.048223360907286,0,96,26.158203125
spectrum,1138,1363874240,1024,1,8,62,31f34480,17.063109355978668,0,96,25.47265625
spectrum,1139,1365074640,1024,1,8,72,362632cd,17.07812448590994,0,127,35.1708984375
spectrum,1140,1366353920,1024,1,8,62,01152146,17.094109541969374,0,95,25.2392578125
spectrum,1141,1367475120,1024,1,8,62,9d63f38c,17.108119117910974,0,93,25.0908203125
spectrum,1142,1368674240,1024,1,8,62,93aefb0e,17.124107109964825,0,95,25.4365234375
spectrum,1143,1369875040,1024,1,8,62,d6ab530b,17.13814560091123,0,93,25.91015625
spectrum,1144,1371074240,1024,1,8,31,fd33f0f6,17.153156192973256,0,122,26.4775390625
spectrum,1145,1372196400,1024,1,8,72,e1bb0661,17.168152856989764,0,128,35.837890625
spectrum,1146,1373473920,1024,1,8,61,017e95d1,17.183179548941553,0,83,25.1201171875
spectrum,1147,1374594880,1024,1,8,61,cb195d13,17.197139421943575,0,88,25.443359375
spectrum,1148,1375793600,1024,1,8,62,5ba66eae,17.212116198963486,0,86,25.5478515625
spectrum,1149,1376916720,1024,1,8,72,9fc2b432,17.22713615791872,0,118,36.02734375
spectrum,1150,1378194240,1024,1,8,31,7b94bc90,17.24219534196891,0,118,25.951171875
spectrum,1151,1379396240,1024,1,8,61,b7b0bbd1,17.25719433091581,0,92,24.7783203125
spectrum,1152,1380673920,1024,1,8,29,46456934,17.27313340990804,0,118,24.4853515625
spectrum,1153,1381794800,1024,1,8,30,2b03e966,17.28716553898994,0,121,24.509765625
spectrum,1154,1382993600,1024,1,8,63,f8289d1a,17.302159408922307,0,96,26.91015625
spectrum,1155,1384114800,1024,1,8,31,09dac504,17.316181558999233,0,124,25.7763671875
spectrum,1156,1385314240,1024,1,8,64,d93df920,17.331158476998098,0,93,27.732421875
spectrum,1157,1386517840,1024,1,8,64,ad256b19,17.346169268945232,0,95,27.5634765625
spectrum,1158,1387714240,1024,1,8,31,2b72aae5,17.36114627600182,0,119,26.0927734375
spectrum,1159,1388836720,1024,1,8,64,11374f13,17.375212220009416,0,96,27.7724609375
spectrum,1160,1390033920,1024,1,8,56,169c44fd,17.391159493941814,0,129,60.75390625
spectrum,1161,1391234560,1024,1,8,64,d03108ed,17.405147349927574,0,101,27.275390625
spectrum,1162,1392433600,1024,1,8,64,539bd823,17.4201871259138,0,93,27.9365234375
spectrum,1163,1393556720,1024,1,8,62,4921c99f,17.43418047192972,0,93,26.0498046875
spectrum,1164,1394833920,1024,1,8,61,e57fff2c,17.45110860292334,0,91,25.0283203125
spectrum,1165,1396035040,1024,1,8,61,d58b756f,17.465131364995614,0,91,24.2958984375
spectrum,1166,1397234240,1024,1,8,59,34b8d194,17.480187612003647,0,91,24.435546875
spectrum,1167,1398434640,1024,1,8,64,6cdf7b2c,17.495123471948318,0,95,26.8857421875
spectrum,1168,1399633920,1024,1,8,63,4fdaa76e,17.510191842913628,0,88,26.74609375
spectrum,1169,1400834320,1024,1,8,64,d2c0923d,17.525177115923725,0,90,26.8564453125
spectrum,1170,1402034240,1024,1,8,62,cf6a33a4,17.54020792595111,0,92,24.8369140625
spectrum,1171,1403155200,1024,1,8,40,90f37663,17.555109259905294,0,120,29.3154296875
spectrum,1172,1404434240,1024,1,8,59,687388bf,17.571180758997798,0,86,23.1181640625
spectrum,1173,1405635680,1024,1,8,62,343e1442,17.585115012945607,0,87,25.49609375
spectrum,1174,1406913600,1024,1,8,62,78b8ce8f,17.601161474944092,0,91,26.5654296875
spectrum,1175,1408034800,1024,1,8,61,90127e66,17.61510252195876,0,87,25.0498046875
spectrum,1176,1409233600,1024,1,8,60,eeaff723,17.630187643924728,0,81,24.8740234375
spectrum,1177,1410357360,1024,1,8,31,6ab956d0,17.64414568291977,0,120,25.5751953125
spectrum,1178,1411553920,1024,1,8,62,62ab2b93,17.659178426954895,0,100,25.6103515625
spectrum,1179,1412754320,1024,1,8,72,003b854d,17.675268440973014,0,117,33.2822265625
spectrum,1180,1414033920,1024,1,8,61,2c0ef844,17.6902197599411,0,81,23.767578125
spectrum,1181,1415154880,1024,1,8,63,fe724677,17.70426130690612,0,92,26.6162109375
spectrum,1182,1416353600,1024,1,8,38,327812cc,17.71921339794062,0,121,25.4404296875
spectrum,1183,1417474720,1024,1,8,62,2e5fd2e6,17.733191834995523,0,97,26.2978515625
spectrum,1184,1418674240,1024,1,8,62,0c10d9bc,17.74817793990951,0,98,25.853515625
spectrum,1185,1419796800,1024,1,8,40,06e29370,17.763144197990187,0,121,35.923828125
spectrum,1186,1421073600,1024,1,8,39,e0bb23a3,17.779102582950145,0,119,36.166015625
spectrum,1187,1422275440,1024,1,8,64,f5a1cc3f,17.793186489958316,0,91,27.796875
spectrum,1188,1423473600,1024,1,8,63,0ac31359,17.808181811938994,0,86,26.05859375
spectrum,1189,1424594800,1024,1,8,64,0011e625,17.822175257955678,0,96,26.5634765625
spectrum,1190,1425793600,1024,1,8,38,a318c7c6,17.83706538192928,0,126,24.80859375
spectrum,1191,1426994960,1024,1,8,61,3b909b62,17.852177274995483,0,96,24.41796875
spectrum,1192,1428194240,1024,1,8,72,be84c288,17.868165876949206,0,124,35.103515625
spectrum,1193,1429397200,1024,1,8,62,85e51f4e,17.882234965916723,0,93,25.8515625
spectrum,1194,1430673920,1024,1,8,63,9e9c9892,17.898168804938905,0,98,27.0576171875
spectrum,1195,1431795120,1024,1,8,64,5a8feb8a,17.912182528991252,0,96,27.462890625
spectrum,1196,1432993920,1024,1,8,39,8b3c771e,17.927234308910556,0,124,34.24609375
spectrum,1197,1434115200,1024,1,8,72,7123f0ed,17.942135292920284,0,126,33.73828125
spectrum,1198,1435393920,1024,1,8,61,8484fd11,17.95712087699212,0,90,24.1953125
spectrum,1199,1436516720,1024,1,8,63,960aab6f,17.971189906005748,0,89,26.373046875
spectrum,1200,1437793920,1024,1,8,61,51d49200,17.987243911949918,0,92,26.0703125
spectrum,1201,1438994320,1024,1,8,61,1dcca131,18.002170062973164,0,88,25.0615234375
spectrum,1202,1440193600,1024,1,8,72,3d3216da,18.01715785090346,0,119,34.9140625
spectrum,1203,1441314800,1024,1,8,63,56c6dead,18.031157668912783,0,100,25.8359375
spectrum,1204,1442514240,1024,1,8,61,e9c3c311,18.04718360293191,0,91,25.419921875
spectrum,1205,1443715440,1024,1,8,39,1791b516,18.062133959960192,0,124,36.58203125
spectrum,1206,1444994240,1024,1,8,61,55a8179f,18.07722177694086,0,90,25.36328125
spectrum,1207,1446195920,1024,1,8,64,3268bcfd,18.093193286913447,0,100,27.72265625
spectrum,1208,1447473920,1024,1,8,29,72af83dd,18.108227282995358,0,120,22.64453125
spectrum,1209,1448594720,1024,1,8,62,51f98046,18.12218786694575,0,86,25.4462890625
spectrum,1210,1449793600,1024,1,8,60,3e460d1b,18.13714559795335,0,94,25.248046875
spectrum,1211,1450917040,1024,1,8,62,4ac0328a,18.151216249912977,0,89,26.6376953125
spectrum,1212,1452193920,1024,1,8,61,ea937fc0,18.16817713296041,0,90,24.9814453125
spectrum,1213,1453395040,1024,1,8,64,869a0ac5,18.182183492928743,0,99,27.9658203125
spectrum,1214,1454594240,1024,1,8,63,19f513e2,18.19717963691801,0,90,26.5029296875
spectrum,1215,1455718080,1024,1,8,60,97a81268,18.21120806899853,0,88,24.2158203125
spectrum,1216,1456993600,1024,1,8,63,4e1ec625,18.227128071943298,0,98,27.1123046875
spectrum,1217,1458114800,1024,1,8,37,f0922bea,18.241185268969275,0,119,32.556640625
spectrum,1218,1459314240,1024,1,8,31,6aa905b5,18.25617207493633,0,125,24.6689453125
spectrum,1219,1460514960,1024,1,8,29,40f0bd02,18.27125392097514,0,124,24.4921875
spectrum,1220,1461793920,1024,1,8,62,bfbbd488,18.287179944920354,0,92,26.7978515625
spectrum,1221,1462916720,1024,1,8,40,0b9a722d,18.30119663500227,0,91,25.650390625
spectrum,1222,1464193920,1024,1,8,39,501c800b,18.317215484916233,0,118,33.990234375
spectrum,1223,1465315520,1024,1,8,62,0b70d19e,18.331167622003704,0,91,25.572265625
spectrum,1224,1466513920,1024,1,8,72,c8d76037,18.346219200990163,0,125,35.6796875
spectrum,1225,1467714800,1024,1,8,63,cf82b5e4,18.36113520397339,0,94,25.6455078125
spectrum,1226,1468914560,1024,1,8,61,d8e84803,18.37621227093041,0,87,24.7880859375
spectrum,1227,1470035200,1024,1,8,63,08984ed0,18.390236865961924,0,89,25.6435546875
spectrum,1228,1471313920,1024,1,8,64,2afaa97c,18.406216681934893,0,95,26.822265625
spectrum,1229,1472434880,1024,1,8,72,56fc7277,18.4201641199179,0,114,34.3486328125
spectrum,1230,1473633600,1024,1,8,72,5cb092d9,18.43510400794912,0,111,35.1416015625
spectrum,1231,1474754880,1024,1,8,29,3554d60a,18.449160582968034,0,118,24.2998046875
spectrum,1232,1475954240,1024,1,8,64,57fb815a,18.464213343919255,0,96,26.810546875
spectrum,1233,1477155920,1024,1,8,64,5f35ff34,18.47914203000255,0,98,27.798828125
spectrum,1234,1478433600,1024,1,8,34,cb030da5,18.496147947967984,0,119,29.5625
spectrum,1235,1479635360,1024,1,8,63,7b446b18,18.510243567987345,0,97,26.9970703125
spectrum,1236,1480833600,1024,1,8,62,e9820e48,18.52524165494833,0,98,25.0888671875
spectrum,1237,1482036000,1024,1,8,31,7e715d51,18.5411338849226,0,119,26.5078125
spectrum,1238,1483313920,1024,1,8,72,77cc4aec,18.55714085197542,0,121,33.669921875
spectrum,1239,1484515360,1024,1,8,64,4434f956,18.571215501986444,0,96,27.08984375
spectrum,1240,1485714240,1024,1,8,63,ac0c4447,18.586211574962363,0,96,26.2490234375
spectrum,1241,1486915920,1024,1,8,72,602fbf67,18.601218850002624,0,119,34.96875
spectrum,1242,1488193600,1024,1,8,63,251ee342,18.617195560014807,0,98,26.1103515625
spectrum,1243,1489314800,1024,1,8,40,c891e4af,18.63118954701349,0,106,24.16796875
spectrum,1244,1490513600,1024,1,8,38,36440066,18.646152127999812,0,126,25.8583984375
spectrum,1245,1491634720,1024,1,8,64,edbab9dd,18.661133653949946,0,92,27.75
spectrum,1246,1492914560,1024,1,8,61,d1a9d7b7,18.676190612954088,0,85,23.50390625
spectrum,1247,1494036480,1024,1,8,63,bbf54a2c,18.690210077911615,0,89,25.6630859375
spectrum,1248,1495314240,1024,1,8,62,1e9a0a22,18.70618703798391,0,86,24.7919921875
spectrum,1249,1496435200,1024,1,8,62,85482db0,18.72024632897228,0,96,26.2626953125
spectrum,1250,1497633920,1024,1,8,62,1ac5b751,18.735192187014036,0,90,25.98046875
spectrum,1251,1498755120,1024,1,8,60,66a55420,18.749194680014625,0,97,24.572265625
spectrum,1252,1499958080,1024,1,8,31,c42642ac,18.764216762967408,0,123,25.0556640625
spectrum,1253,1501075760,1024,1,8,60,0f0373e7,18.77818215591833,0,95,25.4111328125
spectrum,1254,1502273920,1024,1,8,62,14b85699,18.793210921925493,0,88,26.830078125
spectrum,1255,1503397440,1024,1,8,40,8e2bd03e,18.80718459992204,0,114,28.5732421875
spectrum,1256,1504673920,1024,1,8,65,4531bc96,18.82322890800424,0,93,27.87890625
spectrum,1257,1505795120,1024,1,8,62,2aed69ce,18.837267810013145,0,88,24.9912109375
spectrum,1258,1506993920,1024,1,8,39,425defeb,18.852207456948236,0,123,34.041015625
spectrum,1259,1508194720,1024,1,8,30,25bf642a,18.867146712960675,0,123,23.41796875
spectrum,1260,1509474240,1024,1,8,62,e7317dde,18.883286741911434,0,91,25.7802734375
spectrum,1261,1510676000,1024,1,8,62,f74a3bf6,18.898179800948128,0,92,25.7919921875
spectrum,1262,1511954240,1024,1,8,60,e457f8d7,18.914144948939793,0,88,24.533203125
spectrum,1263,1513154640,1024,1,8,28,bdd15f59,18.92915053991601,0,119,23.0263671875
spectrum,1264,1514353920,1024,1,8,60,eb1e141c,18.944210154004395,0,91,24.150390625
spectrum,1265,1515475120,1024,1,8,65,1d1a04fa,18.958233897923492,0,94,28.0224609375
spectrum,1266,1516673920,1024,1,8,64,847e6357,18.97325949696824,0,90,26.8828125
spectrum,1267,1517795520,1024,1,8,65,491e6720,18.98723390698433,0,93,27.7919921875
spectrum,1268,1519073920,1024,1,8,62,4644d5f0,19.00319060892798,0,92,25.4970703125
spectrum,1269,1520197120,1024,1,8,63,164e032e,19.017216056003235,0,93,26.4150390625
spectrum,1270,1521473920,1024,1,8,63,b99ec5e6,19.033196862903424,0,98,26.7919921875
spectrum,1271,1522595120,1024,1,8,40,fa6e3629,19.047230504918844,0,124,37.26953125
spectrum,1272,1523873920,1024,1,8,61,8e8fd221,19.063243142911233,0,94,24.4267578125
spectrum,1273,1524996400,1024,1,8,31,5f54dec5,19.07714471500367,0,118,26.4033203125
spectrum,1274,1526274560,1024,1,8,39,9cc6d723,19.093225571908988,0,123,35.0263671875
spectrum,1275,1527475040,1024,1,8,65,0800703e,19.109161223983392,0,93,27.736328125
spectrum,1276,1528753920,1024,1,8,63,347a11f7,19.124255733913742,0,102,25.6953125
spectrum,1277,1529874880,1024,1,8,29,3890dec4,19.138152307015844,0,126,29.2412109375
spectrum,1278,1531073600,1024,1,8,31,670523e1,19.153155252919532,0,123,25.3671875
spectrum,1279,1532194720,1024,1,8,61,722329e7,19.16723135591019,0,92,25.5556640625
spectrum,1280,1533394560,1024,1,8,62,8d837d5d,19.18219710199628,0,87,24.8681640625
spectrum,1281,1534516480,1024,1,8,31,c8e47683,19.19612924195826,0,121,26.0361328125
spectrum,1282,1535713600,1024,1,8,63,32c4ad34,19.21214640897233,0,100,27.6298828125
spectrum,1283,1536915360,1024,1,8,63,0a952192,19.22623404301703,0,99,26.59375
spectrum,1284,1538113600,1024,1,8,37,80e5e56f,19.241205689962953,0,116,32.2998046875
spectrum,1285,1539234800,1024,1,8,72,055c5b10,19.25521656894125,0,122,34.697265625
spectrum,1286,1540433600,1024,1,8,62,0655de28,19.270278917974792,0,88,26.5517578125
spectrum,1287,1541556720,1024,1,8,63,4a40f6a9,19.284245382994413,0,94,27.375
spectrum,1288,1542833920,1024,1,8,63,6f6dd607,19.30024990590755,0,104,26.8720703125
spectrum,1289,1544034320,1024,1,8,35,28fb15f4,19.31612730701454,0,117,30.7861328125
spectrum,1290,1545313920,1024,1,8,63,52779b20,19.331213581957854,0,102,26.3408203125
spectrum,1291,1546434800,1024,1,8,72,8c0d2a39,19.345229069935158,0,123,35.5458984375
spectrum,1292,1547633600,1024,1,8,72,5d43e681,19.360236965934746,0,121,35.298828125
spectrum,1293,1548834480,1024,1,8,62,ec7d0817,19.375242757960223,0,92,25.4638671875
spectrum,1294,1550114240,1024,1,8,62,5d1b5871,19.391209387918934,0,101,25.41796875
spectrum,1295,1551236720,1024,1,8,62,70ee0cf1,19.405145114986226,0,88,25.9130859375
spectrum,1296,1552513920,1024,1,8,64,dd2ec5e4,19.421199060976505,0,98,28.0205078125
spectrum,1297,1553714320,1024,1,8,62,216a06eb,19.436145350919105,0,88,26.2373046875
spectrum,1298,1554913600,1024,1,8,60,e4dea851,19.451194965979084,0,91,24.482421875
spectrum,1299,1556034800,1024,1,8,63,d2e77b06,19.465223958948627,0,93,25.9404296875
spectrum,1300,1557233600,1024,1,8,33,44873eb2,19.481159380986355,0,124,31.0361328125
spectrum,1301,1558435440,1024,1,8,60,3a8f0ce4,19.49520710890647,0,87,23.6162109375
spectrum,1302,1559634240,1024,1,8,62,71149f10,19.51021578698419,0,91,26.0478515625
spectrum,1303,1560756480,1024,1,8,63,b2ca9ebe,19.52428663894534,0,92,25.8974609375
spectrum,1304,1562033600,1024,1,8,63,1b9f568c,19.54012455593329,0,95,26.18359375
spectrum,1305,1563154800,1024,1,8,62,5583ca92,19.55414967192337,0,90,25.1318359375
spectrum,1306,1564353600,1024,1,8,31,b4f39002,19.56924026401248,0,125,25.681640625
spectrum,1307,1565477600,1024,1,8,60,790d4c95,19.58321922295727,0,98,24.6796875
spectrum,1308,1566753920,1024,1,8,61,cdaad412,19.599187235930003,0,91,24.8017578125
spectrum,1309,1567876400,1024,1,8,60,20be7f8e,19.61314993398264,0,96,23.3623046875
spectrum,1310,1569154240,1024,1,8,62,ae028859,19.629292347002774,0,92,26.9111328125
spectrum,1311,1570354640,1024,1,8,59,ab22a28e,19.64427245000843,0,93,23.619140625
spectrum,1312,1571553920,1024,1,8,62,9d9593bf,19.659140891977586,0,87,24.67578125
spectrum,1313,1572676720,1024,1,8,63,3f522672,19.67323234397918,0,93,26.0576171875
spectrum,1314,1573954240,1024,1,8,30,6f5a8b79,19.689236374921165,0,125,23.892578125
spectrum,1315,1575155040,1024,1,8,29,3b4bf8f6,19.704233300988562,0,122,24.6552734375
spectrum,1316,1576433920,1024,1,8,64,e0873372,19.72122665401548,0,101,27.0205078125
spectrum,1317,1577635680,1024,1,8,61,2118028f,19.735235388972796,0,92,25.3046875
spectrum,1318,1578833600,1024,1,8,60,11705652,19.75017398397904,0,86,23.923828125
spectrum,1319,1579954800,1024,1,8,62,d4dbfca2,19.76421589194797,0,92,26.568359375
spectrum,1320,1581154240,1024,1,8,39,c4202456,19.780163916992024,0,120,35.2001953125
spectrum,1321,1582356000,1024,1,8,61,aedc22cd,19.79422349797096,0,94,25.4267578125
spectrum,1322,1583634240,1024,1,8,62,c26689c2,19.81016719492618,0,89,26.2353515625
spectrum,1323,1584755200,1024,1,8,63,a408890f,19.82518765493296,0,87,25.43359375
spectrum,1324,1586033920,1024,1,8,61,f648a278,19.840264410944656,0,92,24.4306640625
spectrum,1325,1587154800,1024,1,8,72,bb04eb58,19.854237088002264,0,123,35.36328125
spectrum,1326,1588353600,1024,1,8,30,4427658d,19.869215979008004,0,119,25.6796875
spectrum,1327,1589554400,1024,1,8,61,96553626,19.884196583996527,0,92,24.580078125
spectrum,1328,1590754560,1024,1,8,62,7da15776,19.899292195914313,0,90,25.498046875
spectrum,1329,1591955920,1024,1,8,61,92fdd69b,19.9142614279408,0,92,25.775390625
spectrum,1330,1593234880,1024,1,8,72,3fde930d,19.93020883295685,0,126,34.498046875
spectrum,1331,1594435280,1024,1,8,61,00a866ea,19.94517073093448,0,85,25.2578125
spectrum,1332,1595633920,1024,1,8,62,67f2799c,19.96022847201675,0,88,25.9970703125
spectrum,1333,1596755120,1024,1,8,72,ba764e95,19.974241213989444,0,123,34.2939453125
spectrum,1334,1597953920,1024,1,8,63,2022c6cd,19.989221988944337,0,94,26.32421875
spectrum,1335,1599155680,1024,1,8,62,46f1efef,20.00417336798273,0,88,25.517578125
spectrum,1336,1600434240,1024,1,8,61,6405d979,20.020236089942046,0,95,25.5341796875
spectrum,1337,1601556480,1024,1,8,62,d2a08dbd,20.034156778943725,0,93,26.505859375
spectrum,1338,1602833600,1024,1,8,61,4db84d35,20.0502406709129,0,92,25.177734375
spectrum,1339,1603954800,1024,1,8,64,896561f6,20.06417063693516,0,89,27.5576171875
spectrum,1340,1605153600,1024,1,8,63,8f53122f,20.07922624296043,0,96,27.025390625
spectrum,1341,1606274800,1024,1,8,63,a48d2b91,20.09323889494408,0,88,26.626953125
spectrum,1342,1607553920,1024,1,8,63,012e44b0,20.109257604926825,0,95,26.7548828125
spectrum,1343,1608676720,1024,1,8,65,95517fa9,20.12326161994133,0,89,27.521484375
spectrum,1344,1609953920,1024,1,8,63,816f9152,20.139232649002224,0,90,26.1142578125
spectrum,1345,1611075200,1024,1,8,72,ebe9a0f0,20.153208461939357,0,118,35.1162109375
spectrum,1346,1612273600,1024,1,8,72,130de828,20.168310255976394,0,111,34.8359375
spectrum,1347,1613394880,1024,1,8,30,3dce0cad,20.182219572016038,0,124,24.4560546875
spectrum,1348,1614593600,1024,1,8,63,d302bd90,20.19839202298317,0,90,26.3359375
spectrum,1349,1615795680,1024,1,8,63,d8e69cc6,20.21223621594254,0,91,26.0791015625
spectrum,1350,1616994240,1024,1,8,61,7054d036,20.22722006693948,0,93,24.4228515625
spectrum,1351,1618117120,1024,1,8,38,8db461ad,20.241218892973848,0,121,25.9169921875
spectrum,1352,1619313600,1024,1,8,62,520cc6ea,20.25613043596968,0,86,25.79296875
spectrum,1353,1620434800,1024,1,8,64,407457e0,20.270233809947968,0,93,27.232421875
spectrum,1354,1621633600,1024,1,8,63,9e065cda,20.285152075928636,0,89,26.4404296875
spectrum,1355,1622754800,1024,1,8,33,8aaef825,20.300149321905337,0,124,30.6865234375
spectrum,1356,1624033920,1024,1,8,61,3def85a8,20.31517790700309,0,86,25.099609375
spectrum,1357,1625156720,1024,1,8,62,38d28dc1,20.329219323932193,0,89,25.84765625
spectrum,1358,1626433920,1024,1,8,64,b2883436,20.34515747090336,0,96,27.2236328125
spectrum,1359,1627634320,1024,1,8,61,233c492b,20.36007191997487,0,87,25.1162109375
spectrum,1360,1628833600,1024,1,8,64,9f6191b0,20.375224389950745,0,92,26.5751953125
spectrum,1361,1630034400,1024,1,8,72,ea1b0576,20.390222267014906,0,118,34.1533203125
spectrum,1362,1631234880,1024,1,8,31,c4ad74ed,20.40617100300733,0,124,24.0224609375
spectrum,1363,1632435120,1024,1,8,63,e8dff02f,20.421314405975863,0,92,26.884765625
spectrum,1364,1633713920,1024,1,8,62,3e733349,20.436180071905255,0,88,25.322265625
spectrum,1365,1634836720,1024,1,8,62,1ebc7685,20.451258632005192,12,125,76.478515625
spectrum,1366,1636113920,1024,1,8,62,54eb20f1,20.466252911952324,0,91,25.7646484375
spectrum,1367,1637315360,1024,1,8,63,53c89838,20.48121902893763,0,94,26.9326171875
spectrum,1368,1638513600,1024,1,8,60,6f4c28b2,20.496196758002043,0,95,24.142578125
spectrum,1369,1639636720,1024,1,8,63,c6f3fbc6,20.510236421017908,0,87,26.6259765625
spectrum,1370,1640913920,1024,1,8,63,650fe834,20.52622395090293,0,88,25.580078125
spectrum,1371,1642036720,1024,1,8,63,6bd8bb2a,20.541179377934895,0,90,26.6484375
spectrum,1372,1643313920,1024,1,8,37,7f290fcc,20.55619864491746,0,119,25.517578125
spectrum,1373,1644434800,1024,1,8,61,6f866f57,20.57023398100864,0,89,24.822265625
spectrum,1374,1645634240,1024,1,8,60,10f103df,20.585268686991185,0,95,24.7421875
spectrum,1375,1646834640,1024,1,8,31,0f3762e2,20.600183937931433,0,118,26.2373046875
spectrum,1376,1648034240,1024,1,8,31,0a6e9f0c,20.615246757981367,0,120,25.8466796875
spectrum,1377,1649236320,1024,1,8,63,0eb8861a,20.63023742090445,0,90,27.361328125
spectrum,1378,1650530720,1024,1,8,60,4bef6188,20.647175950929523,0,96,24.2685546875
spectrum,1379,1651715360,1024,1,8,64,aaeb3d15,20.66116619098466,0,94,27.8994140625
spectrum,1380,1652913920,1024,1,8,64,39ef8b22,20.676219321903773,0,91,27.8330078125
spectrum,1381,1654035120,1024,1,8,30,21b7a40e,20.690215943963267,0,119,25.6533203125
spectrum,1382,1655233920,1024,1,8,31,90dd0667,20.705182711943053,0,121,26.15625
spectrum,1383,1656356320,1024,1,8,62,6bb00ab6,20.719261649996042,0,87,25.94140625
spectrum,1384,1657634240,1024,1,8,60,42a7049e,20.73527194291819,0,93,24.8095703125
spectrum,1385,1658755520,1024,1,8,35,728f5215,20.75018646195531,0,118,30.185546875
spectrum,1386,1660033920,1024,1,8,62,69f598b5,20.765243100002408,0,95,25.75
spectrum,1387,1661154800,1024,1,8,63,f0f2638a,20.77911701996345,0,88,26.21484375
spectrum,1388,1662353600,1024,1,8,63,238a9cbf,20.794242197996937,0,89,26.9736328125
spectrum,1389,1663555360,1024,1,8,62,6c777992,20.809232339961454,0,92,25.0439453125
spectrum,1390,1664834240,1024,1,8,30,cb84b67a,20.825302946963347,0,119,25.0048828125
spectrum,1391,1665956720,1024,1,8,38,d938a89c,20.83916664798744,0,122,25.73046875
spectrum,1392,1667153920,1024,1,8,62,a00961de,20.85426672792528,0,96,25.8466796875
spectrum,1393,1668354320,1024,1,8,63,9d05e2f2,20.869232353987172,0,93,27.1455078125
spectrum,1394,1669553600,1024,1,8,62,c026f6b7,20.884094333974645,0,87,25.552734375
spectrum,1395,1670754400,1024,1,8,60,8d798556,20.89928836200852,0,89,24.5224609375
spectrum,1396,1671968720,1024,1,8,66,489335bf,20.915189838968217,0,101,29.423828125
spectrum,1397,1673155360,1024,1,8,63,90374c58,20.929247146006674,0,89,27.33984375
spectrum,1398,1674353920,1024,1,8,63,548ec3bd,20.944228090927936,0,97,26.865234375
spectrum,1399,1675556240,1024,1,8,62,52f16921,20.959228732972406,0,89,25.1865234375
spectrum,1400,1676833920,1024,1,8,64,6f4e2f3b,20.97524194093421,0,89,26.6796875
spectrum,1401,1677955120,1024,1,8,31,83313831,20.989224485936575,0,111,24.388671875
spectrum,1402,1679153920,1024,1,8,62,e97d05be,21.004250386962667,0,90,25.3388671875
spectrum,1403,1680276400,1024,1,8,61,f0b785a5,21.018161526997574,0,86,24.298828125
spectrum,1404,1681553600,1024,1,8,60,c605c90d,21.034229559008963,0,95,25.0888671875
spectrum,1405,1682755680,1024,1,8,62,00cd8a74,21.04918488592375,0,90,25.93359375
spectrum,1406,1683954240,1024,1,8,63,1b5551a0,21.064259056933224,0,86,26.314453125
spectrum,1407,1685154640,1024,1,8,64,f0f89d7d,21.079104194999672,0,94,27.28125
spectrum,1408,1686353920,1024,1,8,62,e8260699,21.094198804930784,0,86,25.6279296875
spectrum,1409,1687475120,1024,1,8,65,7f22b9f2,21.10821291990578,0,97,26.884765625
spectrum,1410,1688673920,1024,1,8,62,30e91ee0,21.123182383016683,0,90,25.7216796875
spectrum,1411,1689874320,1024,1,8,29,a5d397a2,21.138258256949484,0,123,25.708984375
spectrum,1412,1691153920,1024,1,8,72,72f6b174,21.155182800954208,0,119,34.1025390625
spectrum,1413,1692356320,1024,1,8,32,3dcc52f9,21.16918885090854,0,124,26.7783203125
spectrum,1414,1693553600,1024,1,8,61,d059c17b,21.184255837928504,0,90,24.3544921875
spectrum,1415,1694674800,1024,1,8,38,52a3b3be,21.19829062197823,0,120,35.86328125
spectrum,1416,1695954240,1024,1,8,61,e6fef149,21.21426065894775,0,85,24.7158203125
spectrum,1417,1697076800,1024,1,8,38,049877e1,21.228220571996644,0,124,25.6787109375
spectrum,1418,1698274240,1024,1,8,65,80be1081,21.24318454391323,0,92,27.7421875
spectrum,1419,1699396800,1024,1,8,66,66541daf,21.258189694955945,0,103,28.4765625
spectrum,1420,1700673920,1024,1,8,63,eb1c44f1,21.27319330291357,0,93,26.2470703125
spectrum,1421,1701794880,1024,1,8,37,da8ba02a,21.287245359970257,0,122,24.482421875
spectrum,1422,1702993600,1024,1,8,72,4177400c,21.302167312940583,0,121,34.5126953125
spectrum,1423,1704114800,1024,1,8,64,4a0c4a1c,21.316220441949554,0,93,27.37109375
spectrum,1424,1705314240,1024,1,8,63,da2f0bd0,21.331244427943602,0,91,27.3525390625
spectrum,1425,1706515920,1024,1,8,31,d5a70712,21.346174826961942,0,122,26.1328125
spectrum,1426,1707713600,1024,1,8,63,5bcd3945,21.361249118926935,0,90,26.6767578125
spectrum,1427,1708915360,1024,1,8,63,8090ab04,21.376183977001347,0,89,25.7578125
spectrum,1428,1710113600,1024,1,8,72,4352637a,21.391240002936684,0,124,34.05078125
spectrum,1429,1711314480,1024,1,8,72,5714dbfe,21.406258819974028,0,105,34.80078125
spectrum,1430,1712513600,1024,1,8,62,4107e422,21.421273969928734,0,92,25.9892578125
spectrum,1431,1713637040,1024,1,8,37,f5e864c6,21.435212310985662,0,117,25.484375
spectrum,1432,1714833920,1024,1,8,61,d1ddd505,21.450185861904174,0,91,25.0771484375
spectrum,1433,1715954880,1024,1,8,64,c8048e88,21.46425710490439,0,94,26.8701171875
spectrum,1434,1717233920,1024,1,8,31,e8b9ffcd,21.480230828979984,0,119,26.6005859375
spectrum,1435,1718356720,1024,1,8,61,b18a84e6,21.494241737993434,0,92,24.9150390625
spectrum,1436,1719633920,1024,1,8,63,645453b4,21.5100881109247,0,94,27.4345703125
spectrum,1437,1720755120,1024,1,8,62,556dc4d0,21.524295801995322,0,99,25.4208984375
spectrum,1438,1721953920,1024,1,8,62,14d27430,21.53928787796758,0,101,25.365234375
spectrum,1439,1723156240,1024,1,8,63,5cc3db11,21.55424058891367,0,92,26.6455078125
spectrum,1440,1724433920,1024,1,8,60,851b82da,21.570188164012507,0,86,23.9609375
spectrum,1441,1725554880,1024,1,8,72,32ff11da,21.584264846984297,0,120,34.8349609375
spectrum,1442,1726753600,1024,1,8,62,947f371c,21.599225392914377,0,85,25.662109375
spectrum,1443,1727874800,1024,1,8,65,5a4d573c,21.613180625950918,0,95,30.0849609375
spectrum,1444,1729073600,1024,1,8,62,7af6ea16,21.628316503949463,0,88,25.4658203125
spectrum,1445,1730276400,1024,1,8,31,600cac73,21.64326441695448,0,119,25.9423828125
spectrum,1446,1731554240,1024,1,8,61,c08819be,21.65922230097931,0,86,24.3291015625
spectrum,1447,1732677440,1024,1,8,62,e933866f,21.673283954965882,0,92,25.62890625
spectrum,1448,1733953600,1024,1,8,61,8a59453f,21.689298355951905,0,82,24.4384765625
spectrum,1449,1735074800,1024,1,8,72,f549b466,21.703166894963942,0,115,36.068359375
spectrum,1450,1736273600,1024,1,8,62,b2d635b7,21.718232049955986,0,87,25.2666015625
spectrum,1451,1737394800,1024,1,8,64,dd83b702,21.732258777949028,0,101,27.7626953125
spectrum,1452,1738673920,1024,1,8,60,295eee29,21.74824995500967,0,91,24.2109375
spectrum,1453,1739796720,1024,1,8,62,cdb45e7a,21.762196221970953,0,95,26.8046875
spectrum,1454,1741073920,1024,1,8,60,801fa380,21.778256839956157,0,89,23.8935546875
spectrum,1455,1742194880,1024,1,8,63,9a824c6f,21.792179601965472,0,89,26.1103515625
spectrum,1456,1743393600,1024,1,8,64,25615c49,21.80724592891056,0,101,27.37890625
spectrum,1457,1744514800,1024,1,8,31,15b0f729,21.821292273933068,0,119,26.1806640625
spectrum,1458,1745714880,1024,1,8,31,05d0db93,21.83626975293737,0,119,26.52734375
spectrum,1459,1746915280,1024,1,8,37,9c5d00af,21.851278699934483,0,117,33.609375
spectrum,1460,1748194240,1024,1,8,62,7ff49edd,21.867298651952296,0,94,25.873046875
spectrum,1461,1749316480,1024,1,8,62,a9e613d3,21.88130116497632,0,96,25.603515625
spectrum,1462,1750593600,1024,1,8,63,f6c9ef28,21.897269998909906,0,92,26.7685546875
spectrum,1463,1751798800,1024,1,8,60,3ccdaa97,21.91216490091756,0,91,25.458984375
spectrum,1464,1753073600,1024,1,8,63,2bf9f224,21.928294981014915,0,94,27.3564453125
spectrum,1465,1754197040,1024,1,8,72,1f44b8be,21.942247118917294,0,123,34.400390625
spectrum,1466,1755473920,1024,1,8,29,e379faaa,21.958268161979504,0,120,25.5009765625
spectrum,1467,1756675280,1024,1,8,61,e3269f10,21.973268743953668,0,89,24.3486328125
spectrum,1468,1757874240,1024,1,8,61,cae16958,21.98829377198126,0,91,24.7119140625
spectrum,1469,1758995840,1024,1,8,38,93828420,22.00223651190754,0,126,23.73828125
spectrum,1470,1760193920,1024,1,8,60,eb8108ec,22.01723251491785,0,90,24.046875
spectrum,1471,1761315120,1024,1,8,60,e8b0cb37,22.031285072909668,0,93,23.953125
spectrum,1472,1762513920,1024,1,8,31,440087d2,22.046361157903448,0,123,25.20703125
spectrum,1473,1763635840,1024,1,8,29,95c52bc4,22.060304087935947,0,116,25.9130859375
spectrum,1474,1764913920,1024,1,8,31,1c987a40,22.07632705499418,0,119,25.9296875
spectrum,1475,1766115280,1024,1,8,62,5e112dd8,22.091266460949555,0,98,25.064453125
spectrum,1476,1767313600,1024,1,8,62,ffaf6f98,22.10626148292795,0,104,25.6162109375
spectrum,1477,1768434800,1024,1,8,60,45829961,22.120267482008785,0,83,24.916015625
spectrum,1478,1769633600,1024,1,8,39,e1b47e92,22.135252233943902,0,125,26.86328125
spectrum,1479,1770756640,1024,1,8,63,1072c5a3,22.149279824923724,0,96,25.22265625
spectrum,1480,1772033920,1024,1,8,60,fdf800fd,22.165256583946757,0,90,24.1201171875
spectrum,1481,1773155520,1024,1,8,39,a3ac7814,22.1802115800092,0,123,35.9482421875
spectrum,1482,1774434240,1024,1,8,66,d2dcd063,22.195322890998796,0,103,29.515625
spectrum,1483,1775634320,1024,1,8,61,7702159b,22.21010531997308,0,95,25.833984375
spectrum,1484,1776833600,1024,1,8,38,092e9949,22.225282536935993,0,124,25.8701171875
spectrum,1485,1777954800,1024,1,8,60,2a90a950,22.239192513981834,0,86,24.4482421875
spectrum,1486,1779154240,1024,1,8,61,d7ea4017,22.254260182962753,0,95,24.65625
spectrum,1487,1780276800,1024,1,8,39,60e65c80,22.268277294002473,0,127,26.703125
spectrum,1488,1781473600,1024,1,8,66,35503cbc,22.283272555912845,0,97,28.9580078125
spectrum,1489,1782675360,1024,1,8,59,5a0137bf,22.298255533911288,0,86,23.1591796875
spectrum,1490,1783873600,1024,1,8,63,6ae3d518,22.313264942960814,0,91,26.025390625
spectrum,1491,1784994800,1024,1,8,41,cbabd999,22.32734041393269,0,122,31.412109375
spectrum,1492,1786194240,1024,1,8,63,b2658621,22.34226464200765,0,96,26.1572265625
spectrum,1493,1787395920,1024,1,8,72,27af5be3,22.357261857017875,0,118,33.9287109375
spectrum,1494,1788674240,1024,1,8,63,edac5791,22.373275246005505,0,89,25.7841796875
spectrum,1495,1789798960,1024,1,8,60,3e096076,22.387281485949643,0,91,23.521484375
spectrum,1496,1791073600,1024,1,8,62,6012492d,22.403256592922844,0,88,25.4365234375
spectrum,1497,1792274400,1024,1,8,64,2dd9aadf,22.41873365594074,0,93,26.7197265625
spectrum,1498,1793554240,1024,1,8,61,db5f2bd0,22.43429609190207,0,88,24.173828125
spectrum,1499,1794674800,1024,1,8,61,d9991957,22.449198236921802,0,90,35.6005859375
spectrum,1500,1795954560,1024,1,8,59,1de0975a,22.46428550290875,0,93,24.41015625
spectrum,1501,1797155920,1024,1,8,62,0725b9b6,22.479282788932323,0,87,25.939453125
spectrum,1502,1798434240,1024,1,8,63,75c0840e,22.495267723919824,0,97,26.3544921875
spectrum,1503,1799634640,1024,1,8,64,53c37842,22.51026648201514,0,94,27.4833984375
spectrum,1504,1800833920,1024,1,8,62,d87f874a,22.52529531798791,0,99,25.3017578125
spectrum,1505,1801955120,1024,1,8,51,05e404e1,22.54025720595382,0,148,53.453125
spectrum,1506,1803233920,1024,1,8,62,6da20b6d,22.555311198928393,0,90,25.1767578125
spectrum,1507,1804435680,1024,1,8,61,abed6825,22.57028842694126,0,87,25.1923828125
spectrum,1508,1805713920,1024,1,8,63,9616db7e,22.586271608946845,0,89,25.9853515625
spectrum,1509,1806836720,1024,1,8,36,8b881ecc,22.600213887984864,0,118,30.810546875
spectrum,1510,1808113920,1024,1,8,64,bc7c978f,22.616251952946186,0,93,27.345703125
spectrum,1511,1809235120,1024,1,8,63,94fedba3,22.63025982596446,0,94,25.818359375
spectrum,1512,1810433920,1024,1,8,62,86a343e6,22.645261429948732,0,91,26.14453125
spectrum,1513,1811556400,1024,1,8,30,829f027b,22.659284210996702,0,119,25.3515625
spectrum,1514,1812833920,1024,1,8,29,37d49c19,22.675292038940825,0,123,25.306640625
spectrum,1515,1814035680,1024,1,8,58,56cdb620,22.691315897973254,0,126,76.5
spectrum,1516,1815313920,1024,1,8,39,f729888b,22.706215067999437,0,104,24.9521484375
spectrum,1517,1816434880,1024,1,8,63,0216b3b6,22.720256945001893,0,88,26.57421875
spectrum,1518,1817633600,1024,1,8,61,e65fa283,22.7352439109236,0,91,24.90234375
spectrum,1519,1818756720,1024,1,8,39,494796c4,22.74924633395858,0,119,35.748046875
spectrum,1520,1820033920,1024,1,8,62,c2d9e4b3,22.76533218997065,0,89,25.8837890625
spectrum,1521,1821157120,1024,1,8,62,ce26f150,22.77923223900143,0,89,25.470703125
spectrum,1522,1822433920,1024,1,8,72,e8e96868,22.796218188945204,0,127,35.939453125
spectrum,1523,1823635440,1024,1,8,63,96cdea75,22.810268771951087,0,87,26.83984375
spectrum,1524,1824913600,1024,1,8,64,3b56cf2c,22.826266221003607,0,91,26.8388671875
spectrum,1525,1826034800,1024,1,8,66,efca5aa5,22.840261990902945,0,97,28.958984375
spectrum,1526,1827233600,1024,1,8,32,00147bfd,22.85527155001182,0,131,24.0771484375
spectrum,1527,1828356640,1024,1,8,64,eeeff21d,22.869218498002738,0,102,27.060546875
spectrum,1528,1829633920,1024,1,8,64,32c7141a,22.885291308979504,0,93,27.0927734375
spectrum,1529,1830760320,1024,1,8,61,65fcccef,22.899281147983856,0,89,25.8916015625
spectrum,1530,1832033920,1024,1,8,62,628575c7,22.91526747494936,0,89,26.337890625
spectrum,1531,1833234720,1024,1,8,58,b7c09fd9,22.930281542940065,0,87,23.5751953125
spectrum,1532,1834514240,1024,1,8,41,be918e50,22.94621932890732,0,120,31.0068359375
spectrum,1533,1835714320,1024,1,8,63,e588fe20,22.961261608987115,0,91,26.623046875
spectrum,1534,1836993920,1024,1,8,62,470f495d,22.97732924099546,0,97,25.537109375
spectrum,1535,1838116720,1024,1,8,64,2a33d5e8,22.991271879989654,0,99,27.1689453125
spectrum,1536,1839393920,1024,1,8,62,55952e48,23.007243419997394,0,92,24.6884765625
spectrum,1537,1840594320,1024,1,8,63,91ef954b,23.02225806901697,0,103,26.3466796875
spectrum,1538,1841793600,1024,1,8,61,aac97aae,23.03723791090306,0,88,24.533203125
spectrum,1539,1842914800,1024,1,8,63,0ad45e75,23.051256384002045,0,99,26.412109375
spectrum,1540,1844114240,1024,1,8,62,393e7154,23.066269629984163,0,95,25.5341796875
spectrum,1541,1845235520,1024,1,8,39,a5aeeccc,23.08027625095565,0,127,26.9267578125
spectrum,1542,1846433920,1024,1,8,63,c8dcfbc9,23.09527510893531,0,95,26.943359375
spectrum,1543,1847636240,1024,1,8,65,c6338c9d,23.11022203997709,0,100,28.7646484375
spectrum,1544,1848913920,1024,1,8,63,1e668077,23.126288959989324,0,87,25.3603515625
spectrum,1545,1850035120,1024,1,8,63,461f458e,23.14026572392322,0,102,26.0458984375
spectrum,1546,1851233920,1024,1,8,37,e87b3b4a,23.15525725891348,0,122,25.189453125
spectrum,1547,1852356320,1024,1,8,29,9d918616,23.169114195974544,0,116,25.1416015625
spectrum,1548,1853633600,1024,1,8,63,bf602f3c,23.185289851971902,0,95,26.4091796875
spectrum,1549,1854836000,1024,1,8,64,c13e0f2c,23.20030753593892,0,93,28.0673828125
spectrum,1550,1856114240,1024,1,8,62,01c7c89b,23.216270499979146,0,87,25.5703125
spectrum,1551,1857235520,1024,1,8,64,25c85102,23.23026503692381,0,97,28.2607421875
spectrum,1552,1858433920,1024,1,8,62,83650b0e,23.24524947896134,0,90,25.94140625
spectrum,1553,1859555120,1024,1,8,62,79e484b7,23.259262350969948,0,90,24.9111328125
spectrum,1554,1860753920,1024,1,8,61,7d4e03b2,23.274264285922982,0,91,24.412109375
spectrum,1555,1861875520,1024,1,8,29,fa213038,23.28828750795219,0,122,25.421875
spectrum,1556,1863153920,1024,1,8,38,1a25bb3e,23.30424583191052,0,121,25.7373046875
spectrum,1557,1864274800,1024,1,8,63,938b696f,23.318275596015155,0,91,26.521484375
spectrum,1558,1865473600,1024,1,8,31,e8906a27,23.333279454964213,0,123,25.7587890625
spectrum,1559,1866594720,1024,1,8,62,9bce5b6d,23.347295001964085,0,91,26.2236328125
spectrum,1560,1867793600,1024,1,8,63,177d8a48,23.36322730698157,28,130,72.205078125
spectrum,1561,1868996400,1024,1,8,64,fa23d5e1,23.377294812933542,0,93,26.94921875
spectrum,1562,1870273920,1024,1,8,62,660e40da,23.393270881962962,0,87,26.0693359375
spectrum,1563,1871395200,1024,1,8,62,b4e45891,23.407261701999232,0,90,25.3544921875
spectrum,1564,1872594240,1024,1,8,65,8bc01df4,23.42230066691991,0,98,27.7958984375
spectrum,1565,1873798160,1024,1,8,60,1d759d60,23.437426885939203,0,93,24.0908203125
spectrum,1566,1874993920,1024,1,8,62,65291915,23.452270620968193,0,98,26.0771484375
spectrum,1567,1876115120,1024,1,8,64,29011d63,23.466270769946277,0,94,27.0341796875
spectrum,1568,1877314240,1024,1,8,31,adee48f2,23.481311156996526,0,123,25.3017578125
spectrum,1569,1878516960,1024,1,8,37,f314b7e3,23.49623587494716,0,120,25.1083984375
spectrum,1570,1879713920,1024,1,8,38,c760fc66,23.511261584004387,0,120,25.8837890625
spectrum,1571,1880915280,1024,1,8,72,3b926396,23.526284187915735,0,118,35.720703125
spectrum,1572,1882193600,1024,1,8,65,611e8bd1,23.542265825904906,0,98,27.7490234375
spectrum,1573,1883395360,1024,1,8,72,deb995d4,23.55728873098269,0,114,34.6884765625
spectrum,1574,1884673600,1024,1,8,60,f8bdd947,23.574212371953763,0,143,32.900390625
spectrum,1575,1885875760,1024,1,8,63,000d5885,23.588318761903793,0,88,26.4091796875
spectrum,1576,1887074240,1024,1,8,62,746859b0,23.603271822910756,0,93,27.0791015625
spectrum,1577,1888275920,1024,1,8,60,aa6bc382,23.618275791988708,0,90,24.1689453125
spectrum,1578,1889553600,1024,1,8,38,0f5e646c,23.63424587796908,0,123,25.3212890625
spectrum,1579,1890674720,1024,1,8,61,17d1fb45,23.648361234925687,0,88,25.23046875
spectrum,1580,1891873600,1024,1,8,64,27e4e6f7,23.66326299891807,0,92,26.7568359375
spectrum,1581,1892994800,1024,1,8,62,979653f1,23.67735188594088,0,93,26.1884765625
spectrum,1582,1894274880,1024,1,8,61,ffb98d08,23.693260747008026,0,89,25.4794921875
spectrum,1583,1895475920,1024,1,8,30,a086ba3f,23.708282417966984,0,103,24.7607421875
spectrum,1584,1896754240,1024,1,8,72,7e2b94f1,23.725246816989966,0,122,34.44140625
spectrum,1585,1897955920,1024,1,8,65,6e299e4b,23.73927995795384,0,97,27.916015625
spectrum,1586,1899233600,1024,1,8,63,80c13327,23.7552700729575,0,89,26.38671875
spectrum,1587,1900354800,1024,1,8,59,6f2e05f7,23.76926497090608,0,85,23.2392578125
spectrum,1588,1901554240,1024,1,8,31,20efd756,23.7842700809706,0,121,25.5595703125
spectrum,1589,1902675120,1024,1,8,61,aaa39176,23.79823235794902,0,92,25.1484375
spectrum,1590,1903873920,1024,1,8,63,d186af21,23.813273586914875,0,92,26.6533203125
spectrum,1591,1904996720,1024,1,8,60,a33774cd,23.827321826014668,0,97,24.625
spectrum,1592,1906273920,1024,1,8,65,bf21d3e7,23.843283796915784,0,92,27.6630859375
spectrum,1593,1907394800,1024,1,8,63,fc109067,23.857257365016267,0,92,26.0283203125
spectrum,1594,1908593600,1024,1,8,64,896b0725,23.872248708968982,0,92,26.7529296875
spectrum,1595,1909716720,1024,1,8,62,8c31ac7e,23.88631212792825,0,90,26.3232421875
spectrum,1596,1910993920,1024,1,8,29,e450b59f,23.902292734012008,0,124,25.2373046875
spectrum,1597,1912195280,1024,1,8,61,597364dc,23.917144634993747,0,88,25.2099609375
spectrum,1598,1913394240,1024,1,8,39,ac201153,23.932314796955325,0,127,26.2841796875
spectrum,1599,1914594800,1024,1,8,65,f7615039,23.9471413299907,0,92,28.4990234375
spectrum,1600,1915793920,1024,1,8,72,5dc92a9e,23.962274041958153,0,122,35.5361328125
spectrum,1601,1916915200,1024,1,8,72,dd3d02a0,23.976229605963454,0,119,34.92578125
spectrum,1602,1918114240,1024,1,8,61,c61d33d2,23.991269230959006,0,88,25.0478515625
spectrum,1603,1919314320,1024,1,8,29,362c3952,24.006282337009907,0,122,25.328125
spectrum,1604,1920593920,1024,1,8,62,d9cc710a,24.02230225794483,0,98,25.5859375
spectrum,1605,1921795360,1024,1,8,62,fded26b9,24.03728445491288,0,88,25.1884765625
spectrum,1606,1922993600,1024,1,8,30,02bcdaef,24.052283182973042,0,122,25.3837890625
spectrum,1607,1924114720,1024,1,8,39,b82aebbc,24.0662656679051,0,121,29.01171875
spectrum,1608,1925313600,1024,1,8,37,f7f75f81,24.081284864922054,0,119,25.2626953125
spectrum,1609,1926436960,1024,1,8,61,699635f3,24.09528682695236,0,87,25.712890625
spectrum,1610,1927713920,1024,1,8,61,31d63ea7,24.111231565009803,0,91,25.25
spectrum,1611,1928835200,1024,1,8,30,9bd96912,24.125295124016702,0,120,25.8486328125
spectrum,1612,1930113920,1024,1,8,61,edd93cba,24.141281071002595,0,84,24.6044921875
spectrum,1613,1931234880,1024,1,8,60,9bc84651,24.155319039942697,0,94,23.998046875
spectrum,1614,1932434240,1024,1,8,64,f9a45b39,24.170279406011105,0,94,26.98828125
spectrum,1615,1933634640,1024,1,8,64,17e4cc64,24.185133179998957,0,97,27.908203125
spectrum,1616,1934913920,1024,1,8,30,a3700033,24.20125475397799,0,123,23.8330078125
spectrum,1617,1936037040,1024,1,8,39,1c0ff0db,24.21529344492592,0,122,32.96484375
spectrum,1618,1937314880,1024,1,8,39,9a7aa7f5,24.231313826981932,0,120,35.8115234375
spectrum,1619,1938515360,1024,1,8,72,7034a6bf,24.24613605090417,0,121,34.2841796875
spectrum,1620,1939713920,1024,1,8,63,ff42ccea,24.261252522002906,0,88,27.2314453125
spectrum,1621,1940835120,1024,1,8,62,3c5b3635,24.275271134916693,0,87,25.1005859375
spectrum,1622,1942033920,1024,1,8,63,acaf7724,24.2903487929143,0,95,25.720703125
spectrum,1623,1943235600,1024,1,8,61,65aeaf29,24.305295362952165,0,91,25.27734375
spectrum,1624,1944514240,1024,1,8,62,fc1d4a20,24.321252043941058,0,90,25.3154296875
spectrum,1625,1945636480,1024,1,8,63,d21cd3b1,24.3352821089793,0,87,26.9833984375
spectrum,1626,1946913600,1024,1,8,62,1f3646c1,24.35124252701644,0,86,25.2822265625
spectrum,1627,1948034800,1024,1,8,62,6764179e,24.36525961791631,0,86,25.02734375
spectrum,1628,1949233600,1024,1,8,62,76e1054d,24.380291107925586,0,95,25.8486328125
spectrum,1629,1950354800,1024,1,8,62,3a49b3e5,24.39429503295105,0,89,26.3095703125
spectrum,1630,1951633920,1024,1,8,61,e58a5b33,24.410280869924463,0,83,24.927734375
spectrum,1631,1952756720,1024,1,8,39,9afb9dea,24.424313369905576,0,118,35.0078125
spectrum,1632,1954034240,1024,1,8,61,1b30d4e2,24.44041090796236,0,89,24.5029296875
spectrum,1633,1955234800,1024,1,8,36,a71d32f8,24.45527069293894,0,117,24.546875
spectrum,1634,1956434240,1024,1,8,62,fa959257,24.470132592017762,0,88,26.044921875
spectrum,1635,1957557120,1024,1,8,63,31d1db4a,24.48430787201505,0,98,26.466796875
spectrum,1636,1958834240,1024,1,8,31,d3993984,24.500297165010124,0,123,25.5341796875
spectrum,1637,1960035040,1024,1,8,61,95c19748,24.51529174495954,0,92,25.341796875
spectrum,1638,1961313920,1024,1,8,39,f332ed77,24.531275938963518,0,124,27.654296875
spectrum,1639,1962436720,1024,1,8,31,1160eda4,24.545152202015743,0,121,25.94921875
spectrum,1640,1963633920,1024,1,8,63,88ecd4a8,24.56027626793366,0,91,27.029296875
spectrum,1641,1964755120,1024,1,8,40,78f32c76,24.57427576498594,0,98,25.9111328125
spectrum,1642,1965953920,1024,1,8,63,e0664d87,24.589362458908,0,97,26.3486328125
spectrum,1643,1967076400,1024,1,8,62,feafae2f,24.60328943899367,0,93,25.8310546875
spectrum,1644,1968353600,1024,1,8,29,9617e020,24.619301254977472,0,118,26.021484375
spectrum,1645,1969555280,1024,1,8,60,9c794792,24.6342714689672,0,84,24.0244140625
spectrum,1646,1970754240,1024,1,8,63,d472f74c,24.649329519015737,0,91,27.359375
spectrum,1647,1971954640,1024,1,8,61,2df82209,24.664286528946832,0,88,24.4580078125
spectrum,1648,1973153920,1024,1,8,37,fa6e8e6f,24.679299935000017,0,117,25.2880859375
spectrum,1649,1974276160,1024,1,8,63,248be0fa,24.69315069995355,0,98,25.8515625
spectrum,1650,1975554240,1024,1,8,30,b75cb275,24.7092936639674,0,128,21.099609375
spectrum,1651,1976756880,1024,1,8,37,f8e5f848,24.724288303987123,0,123,24.4736328125
spectrum,1652,1977953920,1024,1,8,62,29558048,24.739298934931867,0,95,25.0732421875
spectrum,1653,1979155360,1024,1,8,63,ef3ff616,24.754295859951526,0,93,26.740234375
spectrum,1654,1980353600,1024,1,8,64,85d97f55,24.769282705965452,0,96,27.1103515625
spectrum,1655,1981474800,1024,1,8,60,53d7058b,24.78332795901224,0,88,23.8544921875
spectrum,1656,1982673600,1024,1,8,62,283f34f3,24.798250302905217,0,88,25.494140625
spectrum,1657,1983796720,1024,1,8,31,33b4cf96,24.81225790490862,0,125,24.7431640625
spectrum,1658,1984993920,1024,1,8,31,6c46b9bf,24.827281499980018,0,123,25.3857421875
spectrum,1659,1986114800,1024,1,8,65,a15a68c0,24.84130860993173,0,98,27.5419921875
spectrum,1660,1987393920,1024,1,8,60,5df15758,24.85728111094795,0,84,23.779296875
spectrum,1661,1988514880,1024,1,8,62,d809f903,24.87128126900643,0,89,26.23828125
spectrum,1662,1989713600,1024,1,8,62,654b195a,24.886335451970808,0,87,25.2890625
spectrum,1663,1990834800,1024,1,8,61,0846febd,24.90027228090912,0,88,24.6162109375
spectrum,1664,1992034240,1024,1,8,37,b0329b6e,24.91529031493701,0,117,25.6064453125
spectrum,1665,1993157360,1024,1,8,31,1d03e384,24.929293548921123,0,123,25.49609375
spectrum,1666,1994353600,1024,1,8,63,3a08edd8,24.944325070013292,0,98,26.0400390625
spectrum,1667,1995559120,1024,1,8,63,2f033f2a,24.959323648014106,0,90,25.6474609375
spectrum,1668,1996833600,1024,1,8,60,9ce1cf4d,24.975284796906635,0,87,24.27734375
spectrum,1669,1997954800,1024,1,8,63,81c15c77,24.989269846933894,0,97,26.9462890625
spectrum,1670,1999153600,1024,1,8,30,664070ea,25.004275728948414,0,118,25.7587890625
spectrum,1671,2000276960,1024,1,8,72,41418df7,25.018312596017495,0,129,33.92578125
spectrum,1672,2001553920,1024,1,8,64,d6d4f3f4,25.03430632792879,0,88,26.787109375
spectrum,1673,2002754320,1024,1,8,35,97e2f327,25.049311688984744,0,119,29.9716796875
spectrum,1674,2004033920,1024,1,8,64,775a1255,25.06529891793616,0,95,27.3232421875
spectrum,1675,2005154880,1024,1,8,38,6963ca81,25.079617197974585,0,120,26.3515625
spectrum,1676,2006353600,1024,1,8,64,a17840e3,25.09428024094086,0,97,27.498046875
spectrum,1677,2007474800,1024,1,8,31,409dff25,25.10832107590977,0,120,26.0615234375
spectrum,1678,2008674240,1024,1,8,65,dff693fb,25.123322178958915,0,105,27.966796875
spectrum,1679,2009875920,1024,1,8,61,b416b2d8,25.138277955935337,0,98,24.4501953125
spectrum,1680,2011074240,1024,1,8,37,6827c747,25.15332933398895,0,122,37.279296875
spectrum,1681,2012274800,1024,1,8,64,28254ceb,25.168284058920108,0,103,27.0810546875
spectrum,1682,2013473920,1024,1,8,60,74c1c6d1,25.183313444955274,0,86,24.9306640625
spectrum,1683,2014595120,1024,1,8,64,0de262ea,25.197293915902264,0,98,27.400390625
spectrum,1684,2015873920,1024,1,8,31,4bf92dda,25.213318705908023,0,120,26.35546875
spectrum,1685,2017075600,1024,1,8,60,68112385,25.228369492921047,0,82,25.025390625
spectrum,1686,2018274240,1024,1,8,63,527674ab,25.243177970987745,0,102,26.9365234375
spectrum,1687,2019397120,1024,1,8,64,cac26ee1,25.25717281899415,0,102,27.0068359375
spectrum,1688,2020673600,1024,1,8,65,3ca79395,25.27328384190332,0,104,27.8798828125
spectrum,1689,2021794800,1024,1,8,37,0f4c1eb5,25.287269031978212,0,120,24.986328125
spectrum,1690,2022993600,1024,1,8,38,e74ca9f0,25.302283219993114,0,118,33.1845703125
spectrum,1691,2024114880,1024,1,8,62,63500635,25.317293460015208,0,86,25.615234375
spectrum,1692,2025394240,1024,1,8,72,345a33ef,25.332342823967338,0,117,35.1220703125
spectrum,1693,2026595920,1024,1,8,39,2dacd1eb,25.347227365942672,0,127,27.1318359375
spectrum,1694,2027794240,1024,1,8,40,5a639599,25.362310172989964,0,120,35.2978515625
spectrum,1695,2028996000,1024,1,8,60,3d181bf2,25.377345179906115,0,82,24.283203125
spectrum,1696,2030274240,1024,1,8,65,d97a0fc4,25.39321157091763,0,115,27.533203125
spectrum,1697,2031474640,1024,1,8,62,941d751d,25.409285082947463,0,134,68.509765625
spectrum,1698,2032753920,1024,1,8,33,ed2e4cf0,25.42428600497078,0,121,30.7470703125
spectrum,1699,2033875120,1024,1,8,59,62aa8085,25.438345946953632,0,83,23.2802734375
spectrum,1700,2035153920,1024,1,8,36,4d042f98,25.454329137923196,0,117,31.626953125
spectrum,1701,2036360080,1024,1,8,64,1915dbf2,25.46932159399148,0,100,27.65234375
spectrum,1702,2037634240,1024,1,8,72,20173ec0,25.48527462896891,0,120,34.90234375
spectrum,1703,2038755200,1024,1,8,59,cd9d1da3,25.499352854909375,0,85,23.66015625
spectrum,1704,2039953600,1024,1,8,61,01677475,25.514291588915512,0,84,24.3203125
spectrum,1705,2041076720,1024,1,8,62,a534c344,25.528331532957964,0,85,25.46484375
spectrum,1706,2042353920,1024,1,8,58,6f685b57,25.545330155990086,12,127,77.9560546875
spectrum,1707,2043554560,1024,1,8,62,0725a5cd,25.55931242997758,0,104,25.4638671875
spectrum,1708,2044833920,1024,1,8,62,14e25a75,25.57533464592416,0,89,25.3369140625
spectrum,1709,2045954880,1024,1,8,60,bef0e2bf,25.58935422101058,0,118,37.3876953125
spectrum,1710,2047233600,1024,1,8,37,195d3fc7,25.60532054991927,0,129,17.4111328125
spectrum,1711,2048354720,1024,1,8,65,389d9a63,25.619286222965457,0,107,28.001953125
spectrum,1712,2049553600,1024,1,8,64,85178fc9,25.63430058094673,0,107,27.185546875
spectrum,1713,2050676720,1024,1,8,63,a122c2db,25.648352816933766,0,93,27.2412109375
spectrum,1714,2051954880,1024,1,8,62,63ccb5a1,25.664311181986704,0,96,26.3017578125
spectrum,1715,2053155280,1024,1,8,31,0139bf2f,25.679304799996316,0,120,26.15625
spectrum,1716,2054353920,1024,1,8,62,7cbac8e3,25.69428421196062,0,87,25.5576171875
spectrum,1717,2055475120,1024,1,8,64,d7c85b15,25.708305620006286,0,99,27.05859375
spectrum,1718,2056753920,1024,1,8,72,e5caab51,25.725258866907097,0,130,34.9228515625
spectrum,1719,2057956080,1024,1,8,31,4aa3456a,25.739257141947746,0,124,25.689453125
spectrum,1720,2059234240,1024,1,8,62,9e2c4127,25.75532873091288,0,97,26.134765625
spectrum,1721,2060435920,1024,1,8,72,3603b17f,25.770337597932667,0,120,34.2861328125
spectrum,1722,2061713920,1024,1,8,63,e4a2a220,25.786340666934848,0,105,26.2802734375
spectrum,1723,2062834800,1024,1,8,62,db632d90,25.80028790491633,0,88,25.4462890625
spectrum,1724,2064033600,1024,1,8,64,73e4f788,25.81529762397986,0,98,28.0810546875
spectrum,1725,2065154800,1024,1,8,33,7661f3a2,25.82933142594993,0,122,30.9150390625
spectrum,1726,2066433920,1024,1,8,38,a8718ca5,25.845286043011583,0,123,25.783203125
spectrum,1727,2067556640,1024,1,8,62,cd453523,25.85929655097425,0,87,25.2138671875
spectrum,1728,2068833920,1024,1,8,61,bf8f391e,25.875275984988548,0,86,24.0966796875
spectrum,1729,2069954880,1024,1,8,63,7a4a6b29,25.8894391519716,0,91,26.1689453125
spectrum,1730,2071153600,1024,1,8,62,9152db84,25.904329834971577,0,90,26.0556640625
spectrum,1731,2072274800,1024,1,8,61,29509a2d,25.91828710201662,0,96,25.080078125
spectrum,1732,2073474240,1024,1,8,60,c43aca31,25.933295588940382,0,85,24.8388671875
spectrum,1733,2074674640,1024,1,8,72,0ee90b05,25.94829419697635,0,121,33.9599609375
spectrum,1734,2075873920,1024,1,8,64,8c2e560b,25.96329624101054,0,98,27.5263671875
spectrum,1735,2077075120,1024,1,8,62,8a270954,25.978283787961118,0,98,25.033203125
spectrum,1736,2078273920,1024,1,8,63,ca63cfca,25.99328232591506,0,92,26.802734375
spectrum,1737,2079395120,1024,1,8,36,e2c27685,26.007334031979553,0,120,28.5927734375
spectrum,1738,2080593920,1024,1,8,61,c9b29a88,26.022367405006662,0,89,24.345703125
spectrum,1739,2081716720,1024,1,8,65,d21e8227,26.036335823009722,0,91,28.140625
spectrum,1740,2082993920,1024,1,8,65,7d5b82c4,26.052328983903863,0,98,28.185546875
spectrum,1741,2084195360,1024,1,8,63,b4119965,26.067286403966136,0,96,26.5078125
spectrum,1742,2085394240,1024,1,8,61,bdd086e0,26.082352769910358,0,87,24.6318359375
spectrum,1743,2086515520,1024,1,8,63,d32c87cd,26.096280830912292,0,87,26.5
spectrum,1744,2087713920,1024,1,8,29,e635ce29,26.111287514911965,0,118,25.283203125
spectrum,1745,2088835040,1024,1,8,38,68e00ffb,26.125331294955686,0,124,24.7373046875
spectrum,1746,2090033920,1024,1,8,63,7f865cf7,26.14031804096885,0,93,25.46875
spectrum,1747,2091155200,1024,1,8,62,f55d4af2,26.154307167977095,0,90,24.9052734375
spectrum,1748,2092433920,1024,1,8,60,99d664ee,26.17030001792591,0,89,24.322265625
spectrum,1749,2093556720,1024,1,8,62,d9244ff4,26.184176562004723,0,89,25.4716796875
spectrum,1750,2094833920,1024,1,8,62,3627f6c9,26.20027948997449,0,94,25.435546875
spectrum,1751,2095955120,1024,1,8,63,7896aa8d,26.21431525493972,0,95,27.1123046875
spectrum,1752,2097233920,1024,1,8,61,fbc4b0d4,26.230329075013287,0,81,24.4931640625
spectrum,1753,2098357040,1024,1,8,31,062ce9c4,26.244376471964642,0,119,25.7841796875
spectrum,1754,2099634560,1024,1,8,63,625c579c,26.26034510601312,0,98,26.4375
spectrum,1755,2100756160,1024,1,8,62,1cb924b1,26.274332179920748,0,94,25.6474609375
spectrum,1756,2101953920,1024,1,8,72,7beab8fd,26.289329875959083,0,126,33.546875
spectrum,1757,2103154320,1024,1,8,63,e7e89c85,26.30430282501038,0,91,26.974609375
spectrum,1758,2104353600,1024,1,8,63,603d0cc4,26.319284140015952,0,93,26.423828125
spectrum,1759,2105474800,1024,1,8,63,41e8593e,26.333297453005798,0,90,26.5400390625
spectrum,1760,2106674240,1024,1,8,60,8e20da7f,26.348318843985908,0,83,23.4287109375
spectrum,1761,2107797360,1024,1,8,60,2c0e9ecb,26.36229097901378,0,87,24.0791015625
spectrum,1762,2109073600,1024,1,8,37,9d344a23,26.37829966901336,0,118,25.5634765625
spectrum,1763,2110275280,1024,1,8,62,f65948c2,26.39333785197232,0,90,25.74609375
spectrum,1764,2111554240,1024,1,8,61,0ab0f719,26.40929989295546,0,82,24.5517578125
spectrum,1765,2112675200,1024,1,8,61,4bfc984b,26.423287266981788,0,86,25.10546875
spectrum,1766,2113873920,1024,1,8,63,0b3f73cf,26.43833892501425,0,91,26.6982421875
spectrum,1767,2114996400,1024,1,8,32,8da6d4fc,26.452302263933234,0,123,26.9921875
spectrum,1768,2116194240,1024,1,8,72,f652a886,26.467253591981716,0,122,35.2197265625
spectrum,1769,2117399760,1024,1,8,63,bc266e37,26.482347148936242,0,90,26.2587890625
spectrum,1770,2118674240,1024,1,8,37,f1924617,26.498337303986773,0,121,25.345703125
spectrum,1771,2119794720,1024,1,8,62,b5782baf,26.51229154493194,0,89,25.9296875
spectrum,1772,2120993600,1024,1,8,39,f001641f,26.52731476991903,0,128,26.5791015625
spectrum,1773,2122114800,1024,1,8,63,09b59bca,26.541280331905,0,88,26.74609375
spectrum,1774,2123314240,1024,1,8,72,100e1134,26.556350545957685,0,125,34.33203125
spectrum,1775,2124515920,1024,1,8,62,d7cf7775,26.571330328006297,0,89,25.7744140625
spectrum,1776,2125794240,1024,1,8,64,57a2d091,26.587264645961113,0,98,27.810546875
spectrum,1777,2126994640,1024,1,8,72,0f2f142d,26.602315432974137,0,120,34.150390625
spectrum,1778,2128193920,1024,1,8,31,dc422230,26.6173056649277,0,124,25.755859375
spectrum,1779,2129395280,1024,1,8,60,8b4199d8,26.632340631913394,0,88,24.1552734375
spectrum,1780,2130593600,1024,1,8,63,66c55799,26.647324541932903,0,96,26.28515625
spectrum,1781,2131795680,1024,1,8,31,9332d389,26.662317999987863,0,127,23.5263671875
spectrum,1782,2132993920,1024,1,8,62,855ef3f3,26.677326316013932,0,86,26.447265625
spectrum,1783,2134196240,1024,1,8,61,7aa10980,26.692318581975996,0,92,24.5673828125
spectrum,1784,2135473920,1024,1,8,63,e3d1be45,26.708314226940274,0,95,26.115234375
spectrum,1785,2136595120,1024,1,8,72,0f80a5c9,26.722385388915427,0,124,33.580078125
spectrum,1786,2137873920,1024,1,8,39,5894cdb0,26.73830891691614,0,123,34.68359375
spectrum,1787,2139076240,1024,1,8,30,cc47356d,26.753296834998764,0,121,25.09765625
spectrum,1788,2140273600,1024,1,8,60,fce8dde6,26.7683129159268,0,93,24.7099609375
spectrum,1789,2141475680,1024,1,8,62,869a736c,26.783369593904354,0,101,26.0341796875
spectrum,1790,2142674240,1024,1,8,72,3c520fc0,26.798382968991064,0,125,34.92578125
spectrum,1791,2143874720,1024,1,8,64,13b4b5cb,26.813299341942184,0,97,28.0205078125
spectrum,1792,2145073920,1024,1,8,72,d68cdbb2,26.82835939596407,0,127,35.6455078125
spectrum,1793,2146195520,1024,1,8,61,e1820178,26.842319748015143,0,92,24.3564453125
spectrum,1794,2147393920,1024,1,8,62,ce1d6238,26.8573440349428,0,89,25.2080078125
spectrum,1795,2148514880,1024,1,8,31,cc5f0c08,26.871300529921427,0,122,25.0478515625
spectrum,1796,2149793920,1024,1,8,60,45778415,26.887349074939266,0,88,24.19921875
spectrum,1797,2150917120,1024,1,8,65,a12da821,26.901264903950505,0,97,28.94921875
spectrum,1798,2152193920,1024,1,8,62,f5b99aff,26.917319269967265,0,89,25.0419921875
spectrum,1799,2153315120,1024,1,8,63,122fd15e,26.931322412914596,0,98,26.638671875
spectrum,1800,2154513920,1024,1,8,62,68e56489,26.946401402936317,0,86,25.8193359375
spectrum,1801,2155636400,1024,1,8,33,7f25f5aa,26.960361124947667,0,116,29.1953125
spectrum,1802,2156913600,1024,1,8,29,2fc63529,26.9762162839761,0,119,25.2431640625
spectrum,1803,2158118800,1024,1,8,62,0b52b2d9,26.991323396912776,0,94,25.8359375
spectrum,1804,2159394560,1024,1,8,60,5eb55c17,27.007313611917198,0,93,24.2607421875
spectrum,1805,2160594640,1024,1,8,62,db8c74f5,27.02238179091364,0,91,25.5205078125
spectrum,1806,2161793920,1024,1,8,63,27e2588b,27.037338038906455,0,92,26.5283203125
spectrum,1807,2162915120,1024,1,8,60,f71022bc,27.051298551959917,0,90,25.1015625
spectrum,1808,2164113920,1024,1,8,30,f882aba7,27.066316485987045,0,119,25.9775390625
spectrum,1809,2165237360,1024,1,8,64,d645d4fd,27.08033602091018,0,93,28.078125
spectrum,1810,2166513920,1024,1,8,62,d08552ff,27.096328740008175,0,89,26.283203125
spectrum,1811,2167715360,1024,1,8,59,1a8a7e94,27.111283494974487,0,91,23.244140625
spectrum,1812,2168913600,1024,1,8,64,77f59d63,27.126357686007395,0,92,27.203125
spectrum,1813,2170034800,1024,1,8,60,7cf3fd89,27.140382930985652,0,87,23.7373046875
spectrum,1814,2171233600,1024,1,8,62,c9247437,27.155344087979756,0,95,25.9921875
spectrum,1815,2172356720,1024,1,8,60,dcb08db2,27.169346389942802,0,86,24.83203125
spectrum,1816,2173633920,1024,1,8,64,130ccd4b,27.185329350992106,0,104,27.0556640625
spectrum,1817,2174755200,1024,1,8,43,b60ab8e7,27.200310695916414,0,142,53.4140625
spectrum,1818,2176033920,1024,1,8,61,6b4e62cb,27.21531124797184,0,85,24.9541015625
spectrum,1819,2177154800,1024,1,8,43,c2a4fc08,27.23031967401039,6,155,69.8115234375
spectrum,1820,2178433600,1024,1,8,61,a6ca94e2,27.24532519490458,0,90,25.658203125
spectrum,1821,2179554800,1024,1,8,43,76cb1cd9,27.26031636900734,6,154,67.2841796875
spectrum,1822,2180834240,1024,1,8,66,0fa7c560,27.275310858967714,0,102,28.6201171875
spectrum,1823,2182036240,1024,1,8,72,3da764fb,27.29028632293921,0,122,34.046875
spectrum,1824,2183314240,1024,1,8,37,7b62ea29,27.306348342914134,0,122,35.169921875
spectrum,1825,2184514720,1024,1,8,60,3c4f9e1e,27.321319228969514,0,88,23.8447265625
spectrum,1826,2185713600,1024,1,8,72,4b0a64ed,27.336306905956008,0,127,34.6025390625
spectrum,1827,2186834880,1024,1,8,63,25be007e,27.350341097917408,0,98,26.7275390625
spectrum,1828,2188034240,1024,1,8,33,88505430,27.365305932005867,0,123,30.8173828125
spectrum,1829,2189235040,1024,1,8,60,807cf63a,27.38032013992779,0,96,24.5078125
spectrum,1830,2190434240,1024,1,8,62,ca77697d,27.395341940922663,0,92,25.80078125
spectrum,1831,2191635920,1024,1,8,65,1e8fa733,27.410352381994016,0,94,28.080078125
spectrum,1832,2192913600,1024,1,8,64,a2e36f96,27.426323880907148,0,95,26.72265625
spectrum,1833,2194034800,1024,1,8,60,f07ced62,27.440349927986972,0,88,23.3369140625
spectrum,1834,2195233600,1024,1,8,62,c79c4fd8,27.45533047092613,0,90,25.4765625
spectrum,1835,2196356720,1024,1,8,29,0552e29a,27.46931383793708,0,118,24.3623046875
spectrum,1836,2197553920,1024,1,8,60,35179ed2,27.484432161902077,0,123,25.81640625
spectrum,1837,2198758560,1024,1,8,29,fa3f761b,27.49934256298002,0,115,24.9267578125
spectrum,1838,2199954560,1024,1,8,62,750404a1,27.51429244794417,0,98,26.927734375
spectrum,1839,2201154640,1024,1,8,43,a4ee145b,27.52935946499929,0,144,42.115234375
spectrum,1840,2202433920,1024,1,8,39,dee4b6f8,27.545331825967878,0,112,22.9541015625
spectrum,1841,2203635280,1024,1,8,72,c11ed731,27.56039560690988,0,122,35.5048828125
spectrum,1842,2204914240,1024,1,8,62,c8d29d8e,27.57632848294452,0,84,25.8837890625
spectrum,1843,2206114640,1024,1,8,29,2140cbb5,27.59133102791384,0,122,25.6552734375
spectrum,1844,2207393920,1024,1,8,39,ebea76f3,27.60736869298853,0,119,35.8583984375
spectrum,1845,2208595120,1024,1,8,64,a3782ee2,27.62233571091201,0,96,26.814453125
spectrum,1846,2209793600,1024,1,8,64,983c0604,27.63735147099942,0,89,26.712890625
spectrum,1847,2210914800,1024,1,8,61,a4961906,27.651346859987825,0,87,25.0810546875
spectrum,1848,2212113600,1024,1,8,60,6b835dee,27.666313927969895,0,84,24.7451171875
spectrum,1849,2213236720,1024,1,8,72,1d107e8a,27.680330235976726,0,128,35.6279296875
spectrum,1850,2214514880,1024,1,8,61,f9c07b86,27.69631866691634,0,87,24.6259765625
spectrum,1851,2215715280,1024,1,8,61,ea248b3f,27.711306985933334,0,85,25.369140625
spectrum,1852,2216993920,1024,1,8,64,4c8d9f5e,27.727315394906327,0,87,26.5478515625
spectrum,1853,2218114800,1024,1,8,61,0f7cddbb,27.741213088971563,0,84,24.6650390625
spectrum,1854,2219393600,1024,1,8,62,2a1f91b4,27.757374055916443,0,94,25.2958984375
spectrum,1855,2220514800,1024,1,8,37,cfda506b,27.771340330014937,0,119,25.744140625
spectrum,1856,2221714560,1024,1,8,63,8ba430db,27.78640150593128,0,90,26.328125
spectrum,1857,2222836480,1024,1,8,62,3bd8b60f,27.80131544393953,0,101,50.9541015625
spectrum,1858,2224124400,1024,1,8,39,92c2f96a,27.816316124983132,0,124,34.9130859375
spectrum,1859,2225315440,1024,1,8,39,a49d6755,27.831325222970918,0,128,26.869140625
spectrum,1860,2226513920,1024,1,8,62,dfa27ea9,27.846356622991152,0,89,26.0498046875
spectrum,1861,2227635120,1024,1,8,72,9f1f6e13,27.860348003916442,0,120,34.7470703125
spectrum,1862,2228833920,1024,1,8,63,ec50b5d7,27.875311855925247,0,94,26.201171875
spectrum,1863,2230035360,1024,1,8,60,d279f55c,27.890337043907493,0,123,38.8173828125
spectrum,1864,2231314240,1024,1,8,62,0b43d1fe,27.906364608905278,0,101,25.7275390625
spectrum,1865,2232515920,1024,1,8,60,c04c1c40,27.92136902792845,0,95,23.8564453125
spectrum,1866,2233793600,1024,1,8,63,479bbaa4,27.93737253791187,0,92,26.5185546875
spectrum,1867,2234914800,1024,1,8,30,21254712,27.95131032797508,0,119,25.6748046875
spectrum,1868,2236113600,1024,1,8,64,53827feb,27.9672813359648,0,116,63.6650390625
spectrum,1869,2237316400,1024,1,8,59,64d51dc8,27.981301050982438,0,91,22.8505859375
spectrum,1870,2238593920,1024,1,8,62,2e55da12,27.99726373294834,0,92,26.1201171875
spectrum,1871,2239794720,1024,1,8,72,a2f671fd,28.012410852010362,0,124,35.6455078125
spectrum,1872,2241074560,1024,1,8,62,44b1f6f1,28.028370228013955,0,91,26.34765625
spectrum,1873,2242274640,1024,1,8,62,1de144e3,28.04339731996879,0,93,26.138671875
spectrum,1874,2243473920,1024,1,8,60,7e490f15,28.05832139600534,0,92,23.08203125
spectrum,1875,2244595120,1024,1,8,60,5bce429a,28.072378992917947,0,86,24.9580078125
spectrum,1876,2245793920,1024,1,8,62,9f20da14,28.08737438498065,0,96,25.84375
spectrum,1877,2246994320,1024,1,8,29,92b7fcaa,28.10237277194392,0,118,26.3857421875
spectrum,1878,2248273920,1024,1,8,60,bf9965b9,28.118380529922433,0,91,24.986328125
spectrum,1879,2249475360,1024,1,8,62,10d678cb,28.1333338819677,0,92,26.962890625
spectrum,1880,2250753600,1024,1,8,43,f80ae27f,28.149447228992358,0,153,70.0810546875
spectrum,1881,2251954560,1024,1,8,61,f05d4bad,28.164420037996024,0,123,65.208984375
spectrum,1882,2253234240,1024,1,8,60,b9d102f4,28.180334358941764,0,81,23.4013671875
spectrum,1883,2254356480,1024,1,8,64,8c47d5ef,28.194399970932864,0,91,26.8134765625
spectrum,1884,2255634240,1024,1,8,31,1fa06b72,28.21030828100629,0,120,26.748046875
spectrum,1885,2256836240,1024,1,8,62,bfecda4e,28.22534965898376,0,85,25.2412109375
spectrum,1886,2258113920,1024,1,8,72,644383d9,28.2413546720054,0,127,33.9443359375
spectrum,1887,2259235120,1024,1,8,63,a78f5ac1,28.2554152039811,0,94,26.908203125
spectrum,1888,2260513920,1024,1,8,64,a88776ee,28.27132898394484,0,97,26.8642578125
spectrum,1889,2261714320,1024,1,8,61,52923d44,28.286396341980435,0,89,25.0947265625
spectrum,1890,2262994240,1024,1,8,26,6e9ad3a0,28.302327704965137,0,120,29.5576171875
spectrum,1891,2264196240,1024,1,8,61,bf512d94,28.31731207598932,0,86,25.498046875
spectrum,1892,2265473920,1024,1,8,61,69ad3486,28.333354468923062,0,93,25.09765625
spectrum,1893,2266674320,1024,1,8,60,7ff1d3b3,28.348359689000063,0,96,24.17578125
spectrum,1894,2267873600,1024,1,8,62,c032eaad,28.363362654927187,0,89,25.9296875
spectrum,1895,2268994800,1024,1,8,63,da9b21c1,28.377396847936325,0,95,26.8359375
spectrum,1896,2270194240,1024,1,8,59,f91b358e,28.393314043991268,0,131,55.6259765625
spectrum,1897,2271394880,1024,1,8,61,e186a6d8,28.407226395909674,0,93,24.4423828125
spectrum,1898,2272673920,1024,1,8,60,0e0a8c13,28.42336231598165,0,96,22.8525390625
spectrum,1899,2273876240,1024,1,8,61,be4bc783,28.43836486095097,0,91,24.9365234375
spectrum,1900,2275153920,1024,1,8,64,8f4b912d,28.454375744913705,0,127,34.2197265625
spectrum,1901,2276354720,1024,1,8,35,f0ca9142,28.469366897945292,0,138,28.08203125
spectrum,1902,2277633920,1024,1,8,39,3388e465,28.48532392992638,0,128,26.9306640625
spectrum,1903,2278757040,1024,1,8,31,deb53140,28.499354164930992,0,123,25.2177734375
spectrum,1904,2279953920,1024,1,8,35,49f8005b,28.514245498925447,0,115,32.646484375
spectrum,1905,2281157520,1024,1,8,43,d17d7f81,28.53033224598039,0,154,66.8935546875
spectrum,1906,2282434240,1024,1,8,40,aa864d32,28.545303652994335,0,122,36.892578125
spectrum,1907,2283634400,1024,1,8,40,ce60bd5b,28.560319051961415,0,120,29.4365234375
spectrum,1908,2284833600,1024,1,8,60,a9bf3601,28.575391218997538,0,85,23.28125
spectrum,1909,2285954800,1024,1,8,35,a5508c3a,28.58935168199241,0,138,26.1982421875
spectrum,1910,2287154240,1024,1,8,37,e82a2623,28.60531033598818,0,150,68.779296875
spectrum,1911,2288356160,1024,1,8,36,ed5b2cde,28.620317399967462,0,154,53.2998046875
spectrum,1912,2289634240,1024,1,8,60,9b1a15e2,28.63536221499089,0,86,24.12890625
spectrum,1913,2290835920,1024,1,8,62,7b54ff54,28.650344531983137,0,94,25.65234375
spectrum,1914,2292113600,1024,1,8,60,71b2b717,28.666326309903525,0,90,24.62890625
spectrum,1915,2293234800,1024,1,8,60,97d4313a,28.68039399595,0,89,24.6728515625
spectrum,1916,2294433600,1024,1,8,60,04d36357,28.695338570978492,0,93,24.1396484375
spectrum,1917,2295635360,1024,1,8,61,d6394c54,28.71030990697909,0,88,25.9462890625
spectrum,1918,2296834240,1024,1,8,60,d3a35869,28.725347399013117,0,87,23.83203125
spectrum,1919,2298035920,1024,1,8,60,1b21e18b,28.740378407994285,0,86,23.46484375
spectrum,1920,2299233600,1024,1,8,60,10857c1b,28.75535123597365,0,87,23.5263671875
spectrum,1921,2300354800,1024,1,8,43,363320b7,28.769342256942764,0,148,51.8916015625
spectrum,1922,2301633600,1024,1,8,72,60c6c8b7,28.785317993955687,0,122,34.5263671875
spectrum,1923,2302754880,1024,1,8,60,906dbd1b,28.799394465982914,0,86,24.671875
spectrum,1924,2304034240,1024,1,8,71,f7c7ea4f,28.81532236293424,0,122,34.30078125
spectrum,1925,2305156720,1024,1,8,35,2c356fc4,28.829341867007315,0,147,23.029296875
spectrum,1926,2306433920,1024,1,8,38,d71cace5,28.84528309898451,0,116,33.4287109375
spectrum,1927,2307634400,1024,1,8,62,c122b006,28.860322162974626,0,89,26.72265625
spectrum,1928,2308833600,1024,1,8,72,4e4eb392,28.875352361006662,0,132,34.1533203125
spectrum,1929,2309954880,1024,1,8,64,a3cf126a,28.889406580943614,0,144,28.28515625
spectrum,1930,2311234240,1024,1,8,60,bf55715c,28.90535817190539,0,92,24.5947265625
spectrum,1931,2312434640,1024,1,8,60,51e86c21,28.92037869093474,0,96,25.33984375
spectrum,1932,2313713920,1024,1,8,72,d3a554f6,28.936376489931718,0,128,35.3740234375
spectrum,1933,2314916240,1024,1,8,64,cad742b2,28.95234029495623,0,129,65.513671875
spectrum,1934,2316193920,1024,1,8,62,f5e40af2,28.967446535942145,0,91,25.908203125
spectrum,1935,2317315120,1024,1,8,72,6c9edd6b,28.981340172002092,0,121,35.138671875
spectrum,1936,2318513920,1024,1,8,60,d27156f6,28.99635018093977,0,97,25.09765625
spectrum,1937,2319635120,1024,1,8,37,0cb75461,29.010361701017246,0,119,32.6357421875
spectrum,1938,2320833920,1024,1,8,37,26fc9e65,29.025351873016916,0,117,31.21484375
spectrum,1939,2322037520,1024,1,8,62,6b9611ef,29.040337765938602,0,91,25.6748046875
spectrum,1940,2323314240,1024,1,8,63,21536a5a,29.05637325590942,0,88,26.673828125
spectrum,1941,2324435200,1024,1,8,60,d90b5e0e,29.07032853900455,0,90,24.3408203125
spectrum,1942,2325633600,1024,1,8,60,7c4579c7,29.08534490095917,0,91,24.587890625
spectrum,1943,2326754800,1024,1,8,35,0ecc72d2,29.0993626419222,0,153,66.0205078125
spectrum,1944,2328034240,1024,1,8,60,64376778,29.1153489589924,0,85,24.5859375
spectrum,1945,2329156800,1024,1,8,36,2b85c480,29.129340900923125,0,133,10.8115234375
spectrum,1946,2330353600,1024,1,8,32,ecff7fe5,29.145414042985067,0,148,64.5419921875
spectrum,1947,2331555600,1024,1,8,36,82367ff4,29.15939584595617,0,125,34.36328125
spectrum,1948,2332833600,1024,1,8,60,59650996,29.175361583940685,0,85,24.6103515625
spectrum,1949,2333954800,1024,1,8,35,e92a8278,29.190360761946067,0,149,58.9755859375
spectrum,1950,2335233600,1024,1,8,30,28150ea9,29.20536603301298,0,122,24.140625
spectrum,1951,2336356400,1024,1,8,43,4e628f41,29.220324103953317,6,155,69.5576171875
spectrum,1952,2337634240,1024,1,8,60,a8da8391,29.235370522015728,0,89,24.8720703125
spectrum,1953,2338756400,1024,1,8,43,1517610f,29.25032636791002,12,151,68.5263671875
spectrum,1954,2340033600,1024,1,8,63,e1622946,29.26535053399857,0,100,26.8642578125
spectrum,1955,2341154800,1024,1,8,43,cb4e6bc0,29.27935319696553,0,155,66.8154296875
spectrum,1956,2342433600,1024,1,8,61,cebd7f30,29.295345254940912,0,88,25.1455078125
spectrum,1957,2343554800,1024,1,8,39,7d9eca68,29.310337940929458,0,144,48.7861328125
spectrum,1958,2344834560,1024,1,8,37,b41d84b2,29.325378467910923,0,118,25.5556640625
spectrum,1959,2345956400,1024,1,8,39,831e966d,29.339436976937577,0,145,31.2041015625
spectrum,1960,2347234240,1024,1,8,61,afa41b60,29.35536449297797,0,86,25.748046875
spectrum,1961,2348434640,1024,1,8,60,d3dfa146,29.370407924987376,0,90,24.8232421875
spectrum,1962,2349633920,1024,1,8,62,4308f83c,29.38535953394603,0,88,25.9638671875
spectrum,1963,2350755120,1024,1,8,39,7b3e8c53,29.399385059950873,0,148,66.6806640625
spectrum,1964,2352033920,1024,1,8,62,22ef9c9c,29.415355886914767,0,91,25.6669921875
spectrum,1965,2353155200,1024,1,8,64,a652c35e,29.42938459897414,0,143,34.9482421875
spectrum,1966,2354434240,1024,1,8,61,d66873c3,29.445351569913328,0,86,24.669921875
spectrum,1967,2355556800,1024,1,8,37,807e604d,29.460319238947704,0,155,67.3330078125
spectrum,1968,2356833600,1024,1,8,72,ebe2008e,29.475382578908466,0,120,34.00390625
spectrum,1969,2357954800,1024,1,8,64,47b26344,29.48940387694165,0,146,31.7587890625
spectrum,1970,2359234240,1024,1,8,60,7f9cadf2,29.506369496928528,0,100,41.1767578125
spectrum,1971,2360436160,1024,1,8,31,723b62f5,29.520416312967427,0,124,26.3037109375
spectrum,1972,2361714240,1024,1,8,29,e6fe7f3e,29.536404292914085,0,118,26.62109375
spectrum,1973,2362923200,1024,1,8,31,7463328b,29.551364437909797,0,124,25.552734375
spectrum,1974,2364194240,1024,1,8,61,395a2b7f,29.567343320930377,0,89,25.6689453125
spectrum,1975,2365394320,1024,1,8,61,4b743fc2,29.582373598008417,0,88,25.5732421875
spectrum,1976,2366593600,1024,1,8,62,2720d0c3,29.597366755944677,0,94,26.4521484375
spectrum,1977,2367714800,1024,1,8,63,634193e0,29.611355160945095,0,100,27.1787109375
spectrum,1978,2368914240,1024,1,8,62,f7ff65c5,29.626343709998764,0,93,26.111328125
spectrum,1979,2370115920,1024,1,8,60,b7026937,29.641352395992726,0,81,23.6181640625
spectrum,1980,2371393600,1024,1,8,36,1b8f4d6e,29.65739130298607,0,119,31.8515625
spectrum,1981,2372595360,1024,1,8,72,71b2e741,29.672358660958707,0,124,36.052734375
spectrum,1982,2373873600,1024,1,8,59,1dc50d4d,29.688413437921554,0,94,23.908203125
spectrum,1983,2374994800,1024,1,8,63,44977d40,29.702360305003822,0,100,26.837890625
spectrum,1984,2376193600,1024,1,8,62,48f44ace,29.717344775912352,0,91,26.3515625
spectrum,1985,2377395680,1024,1,8,29,f4a65691,29.732366757001728,0,117,24.56640625
spectrum,1986,2378594240,1024,1,8,31,65629366,29.747376715997234,0,121,25.8623046875
spectrum,1987,2379716320,1024,1,8,61,dcaf8b4b,29.761351455934346,0,90,25.451171875
spectrum,1988,2380993600,1024,1,8,63,7f3ae8ee,29.777376165962778,0,94,26.6552734375
spectrum,1989,2382195680,1024,1,8,60,16e6c1de,29.792409829911776,0,88,24.5458984375
spectrum,1990,2383473600,1024,1,8,60,0ab1374d,29.80835585994646,0,83,24.701171875
spectrum,1991,2384594800,1024,1,8,62,aae09303,29.82233998796437,0,96,26.1787109375
spectrum,1992,2385874240,1024,1,8,59,7ac4b850,29.83839067700319,0,80,23.9306640625
spectrum,1993,2386996720,1024,1,8,63,9849f425,29.852365175960585,0,94,27.658203125
spectrum,1994,2388273920,1024,1,8,60,772e3ec9,29.86837686097715,0,85,24.923828125
spectrum,1995,2389474320,1024,1,8,61,361465b9,29.883405364933424,0,93,25.146484375
spectrum,1996,2390673600,1024,1,8,30,89775179,29.898364587919787,0,120,26.162109375
spectrum,1997,2391794720,1024,1,8,37,454ad8c3,29.91235905501526,0,118,25.166015625
spectrum,1998,2392994240,1024,1,8,62,80c61e4b,29.927372950944118,0,91,26.3857421875
spectrum,1999,2394194640,1024,1,8,60,8f1b0418,29.942387318937108,0,85,23.5595703125
spectrum,2000,2395393920,1024,1,8,62,b31397e2,29.95739668700844,0,97,25.748046875
spectrum,2001,2396596240,1024,1,8,64,4856a069,29.972369194962084,0,95,28.2255859375
spectrum,2002,2397873920,1024,1,8,60,27300fe5,29.98837062099483,0,84,25.05078125
spectrum,2003,2398995120,1024,1,8,63,36358f6c,30.002384263905697,0,88,26.6884765625
spectrum,2004,2400193920,1024,1,8,62,3ec48d80,30.017368323984556,0,94,25.6669921875
spectrum,2005,2401316400,1024,1,8,30,f66aedbc,30.031387127004564,0,118,25.6748046875
spectrum,2006,2402513600,1024,1,8,37,5198ce6e,30.04637959296815,0,118,25.67578125
spectrum,2007,2403718800,1024,1,8,60,61e4fe35,30.06136712001171,0,84,24.6279296875
spectrum,2008,2404994560,1024,1,8,63,ff08c48d,30.077383683994412,0,97,26.380859375
spectrum,2009,2406115520,1024,1,8,31,10a090ea,30.09136265097186,0,121,26.0263671875
spectrum,2010,2407313920,1024,1,8,60,9da922bb,30.106404540943913,0,89,24.3076171875
spectrum,2011,2408435120,1024,1,8,60,3c85b94f,30.120363169931807,0,91,25.7626953125
spectrum,2012,2409633920,1024,1,8,39,19bc0016,30.135358200990595,0,127,26.34375
spectrum,2013,2410754800,1024,1,8,27,d9b03741,30.14945754595101,0,123,27.7392578125
spectrum,2014,2412033920,1024,1,8,72,363e73b7,30.165430989000015,0,125,35.40234375
spectrum,2015,2413236240,1024,1,8,60,c514dfb6,30.18035560590215,0,89,25.03515625
spectrum,2016,2414513920,1024,1,8,64,fc6cdfbd,30.196406916016713,0,100,27.4873046875
spectrum,2017,2415635120,1024,1,8,33,de0fd370,30.21037644590251,0,117,31.248046875
spectrum,2018,2416833920,1024,1,8,38,a81ab38e,30.225358221912757,0,121,25.2236328125
spectrum,2019,2417956320,1024,1,8,39,c0d445fc,30.240373982000165,0,143,43.439453125
spectrum,2020,2419234240,1024,1,8,64,053e0231,30.255393648985773,0,106,27.0634765625
spectrum,2021,2420434640,1024,1,8,72,f288a631,30.270405050949194,0,121,35.0517578125
spectrum,2022,2421713920,1024,1,8,63,58233e4b,30.286373353912495,0,95,27.3515625
spectrum,2023,2422835520,1024,1,8,72,4bc5f81d,30.30038316990249,0,124,36.27734375
spectrum,2024,2424113600,1024,1,8,60,c43ff54f,30.31636705296114,0,86,24.7412109375
spectrum,2025,2425234800,1024,1,8,60,c9c0427b,30.330345980008133,0,84,24.216796875
spectrum,2026,2426434880,1024,1,8,31,638623f2,30.34532937896438,0,121,25.033203125
spectrum,2027,2427636640,1024,1,8,36,7d956bae,30.360388410976157,0,118,32.798828125
spectrum,2028,2428913920,1024,1,8,60,5add54d5,30.37639407394454,0,85,24.40625
spectrum,2029,2430034880,1024,1,8,60,e59968d7,30.390463143005036,0,85,23.3349609375
spectrum,2030,2431233600,1024,1,8,61,bda3e48e,30.405381197924726,0,94,25.3955078125
spectrum,2031,2432354800,1024,1,8,60,a51369b2,30.419390602968633,0,137,55.431640625
spectrum,2032,2433633600,1024,1,8,61,9df7c2be,30.43537517695222,0,90,25.47265625
spectrum,2033,2434835280,1024,1,8,61,3e55a604,30.45038031693548,0,98,25.990234375
spectrum,2034,2436114240,1024,1,8,60,10f3b5a1,30.46638527896721,0,84,24.5615234375
spectrum,2035,2437236800,1024,1,8,60,f35aca4f,30.48038661899045,0,85,24.53515625
spectrum,2036,2438513600,1024,1,8,60,caba5483,30.49638145195786,0,88,24.6962890625
spectrum,2037,2439634800,1024,1,8,59,47bcd95d,30.510377761907876,0,90,23.44921875
spectrum,2038,2440833600,1024,1,8,38,cd8b2c32,30.525406656903215,0,119,25.8837890625
spectrum,2039,2441954720,1024,1,8,63,936b49c4,30.540523016941734,0,123,42.6865234375
spectrum,2040,2443233920,1024,1,8,61,7c154eed,30.555268144933507,0,95,25.1533203125
spectrum,2041,2444435040,1024,1,8,60,e012d297,30.57045028998982,0,84,24.4697265625
spectrum,2042,2445634240,1024,1,8,29,4440058a,30.58543134399224,0,115,25.0224609375
spectrum,2043,2446754800,1024,1,8,31,f2e6cbd5,30.599376737955026,0,121,26.8486328125
spectrum,2044,2447953600,1024,1,8,64,4174ba79,30.614361408981495,0,100,27.5732421875
spectrum,2045,2449074800,1024,1,8,60,b92cad65,30.628372006933205,0,85,24.56640625
spectrum,2046,2450274880,1024,1,8,60,47bbba06,30.643416620907374,0,87,24.6416015625
spectrum,2047,2451396480,1024,1,8,60,aaede4df,30.657415897003375,0,88,24.5009765625
spectrum,2048,2452593920,1024,1,8,39,2e0f8b1b,30.672440032940358,0,121,35.865234375
spectrum,2049,2453796320,1024,1,8,64,2ae38f8b,30.68738454801496,0,104,27.9931640625
spectrum,2050,2455073920,1024,1,8,62,6c1adb51,30.703353662975132,0,89,25.173828125
spectrum,2051,2456195120,1024,1,8,62,6334e9fe,30.71741404396016,0,96,25.8193359375
spectrum,2052,2457393920,1024,1,8,41,7959f311,30.732390058925375,0,121,31.109375
spectrum,2053,2458516400,1024,1,8,60,57c080c7,30.746383193996735,0,87,24.609375
spectrum,2054,2459794240,1024,1,8,61,d1df1499,30.76236621395219,0,88,25.8701171875
spectrum,2055,2460995360,1024,1,8,62,26d140eb,30.777414795942605,0,95,26.69140625
spectrum,2056,2462194240,1024,1,8,61,2b5338b0,30.792454390903004,0,102,23.9873046875
spectrum,2057,2463315200,1024,1,8,37,9960acc8,30.806154110003263,0,127,23.4638671875
spectrum,2058,2464593920,1024,1,8,72,e195d19c,30.82242427393794,0,125,35.5126953125
spectrum,2059,2465794400,1024,1,8,62,836ba78c,30.837405829923227,0,91,26.3837890625
spectrum,2060,2466994560,1024,1,8,39,50290001,30.852391802938655,0,125,27.6572265625
spectrum,2061,2468115120,1024,1,8,37,a3961f08,30.866377973929048,0,120,25.36328125
spectrum,2062,2469313920,1024,1,8,60,9446d63f,30.881392301991582,0,84,24.8408203125
spectrum,2063,2470437120,1024,1,8,62,16a24e15,30.89540513290558,0,102,25.9873046875
spectrum,2064,2471713920,1024,1,8,60,4f4812d6,30.91139485698659,0,92,24.4326171875
spectrum,2065,2472835120,1024,1,8,31,06b84744,30.92549622594379,0,121,26.130859375
spectrum,2066,2474033920,1024,1,8,60,489a7814,30.94055675098207,0,84,24.28515625
spectrum,2067,2475156400,1024,1,8,38,dd084ef4,30.954393819905818,0,120,27.021484375
spectrum,2068,2476353600,1024,1,8,29,a7615cdd,30.969402506016195,0,120,26.0166015625
spectrum,2069,2477555280,1024,1,8,61,688a8898,30.984401293913834,0,119,28.779296875
spectrum,2070,2478834240,1024,1,8,60,ee17a8af,31.000358726014383,0,89,25.7705078125
spectrum,2071,2480034640,1024,1,8,35,367cad12,31.015421584947035,0,119,29.1943359375
spectrum,2072,2481233920,1024,1,8,65,cf820c9e,31.030401817988604,0,104,29.291015625
spectrum,2073,2482355120,1024,1,8,61,d6a49379,31.04440488095861,0,98,25.1767578125
spectrum,2074,2483553920,1024,1,8,61,39a86df8,31.060382140916772,0,142,58.7314453125
spectrum,2075,2484760320,1024,1,8,60,d610ce47,31.07441324694082,0,82,24.7041015625
spectrum,2076,2486033920,1024,1,8,31,0667ef39,31.090417768922634,0,128,24.744140625
spectrum,2077,2487235600,1024,1,8,30,a45b7340,31.10536102100741,0,122,25.3212890625
spectrum,2078,2488434240,1024,1,8,72,5ba7ca45,31.120382321998477,0,125,35.236328125
spectrum,2079,2489634640,1024,1,8,72,a2b259c1,31.135444619925693,0,127,34.203125
spectrum,2080,2490833920,1024,1,8,32,7806654a,31.150367773952894,0,116,29.3427734375
spectrum,2081,2491956400,1024,1,8,31,5e3ecbd5,31.164455707999878,0,125,25.765625
spectrum,2082,2493233920,1024,1,8,63,9a7ba166,31.1803710910026,0,103,26.505859375
spectrum,2083,2494357120,1024,1,8,60,ebacbb23,31.194445208995603,0,120,27.4775390625
spectrum,2084,2495633920,1024,1,8,60,559e8c16,31.210520023014396,0,92,25.3798828125
spectrum,2085,2496755120,1024,1,8,65,acb9c0f2,31.224400824983604,0,104,28.3583984375
spectrum,2086,2497953920,1024,1,8,61,680d4fde,31.239471087930724,0,93,24.373046875
spectrum,2087,2499075120,1024,1,8,60,83756275,31.253377547953278,0,81,24.39453125
spectrum,2088,2500353920,1024,1,8,60,bf4f824e,31.269433766952716,0,118,35.3125
spectrum,2089,2501556400,1024,1,8,58,462ed6bf,31.284402187913656,0,128,40.3505859375
spectrum,2090,2502833920,1024,1,8,61,26451fad,31.30037503899075,0,87,25.39453125
spectrum,2091,2503954880,1024,1,8,61,809c4b94,31.31428228097502,0,99,25.388671875
spectrum,2092,2505233600,1024,1,8,60,d83aed8d,31.330390047980472,0,86,24.599609375
spectrum,2093,2506354800,1024,1,8,38,4edf918f,31.344446351984516,0,120,25.79296875
spectrum,2094,2507553600,1024,1,8,60,7eb93698,31.360349280992523,0,83,24.0078125
spectrum,2095,2508756480,1024,1,8,61,676ea56b,31.374469795962796,0,122,27.009765625
spectrum,2096,2510033920,1024,1,8,60,a7747b58,31.39044137496967,0,81,23.6875
spectrum,2097,2511156800,1024,1,8,61,e3aea527,31.404408630914986,0,122,28.5673828125
spectrum,2098,2512433920,1024,1,8,60,37045d7c,31.420368948951364,0,87,24.216796875
spectrum,2099,2513555120,1024,1,8,64,ce2f6343,31.434384174994193,0,97,28.3212890625
spectrum,2100,2514833920,1024,1,8,60,90dd3073,31.450393795967102,0,81,24.5126953125
spectrum,2101,2515956720,1024,1,8,63,c2c0363c,31.464374335948378,0,126,30.3330078125
spectrum,2102,2517233920,1024,1,8,28,79e46f96,31.480386982904747,0,119,24.4365234375
spectrum,2103,2518435280,1024,1,8,61,a93746bb,31.49590946198441,0,91,25.3740234375
spectrum,2104,2519634240,1024,1,8,60,d63b1aef,31.51038513891399,0,83,24.056640625
spectrum,2105,2520755520,1024,1,8,64,49a19fdc,31.524419051012956,0,101,28.384765625
spectrum,2106,2522033920,1024,1,8,60,42038d67,31.54044203693047,0,85,23.6416015625
spectrum,2107,2523154880,1024,1,8,62,7e0ab421,31.554397910949774,0,146,44.6689453125
spectrum,2108,2524434560,1024,1,8,60,461c60e6,31.57026936998591,0,87,24.25390625
spectrum,2109,2525640320,1024,1,8,27,690b81af,31.585357997915708,0,122,40.4208984375
spectrum,2110,2526913600,1024,1,8,65,9530bffd,31.601411862997338,0,103,29.3798828125
spectrum,2111,2528115680,1024,1,8,62,7c303cc1,31.616414707968943,0,101,26.685546875
spectrum,2112,2529313600,1024,1,8,60,60b85d16,31.631412112968974,0,88,24.7890625
spectrum,2113,2530434800,1024,1,8,60,b3987e24,31.645386671996675,0,84,24.923828125
spectrum,2114,2531633600,1024,1,8,60,8d6a571c,31.660400217981078,0,87,25.087890625
spectrum,2115,2532756720,1024,1,8,60,bc21f4d0,31.6744039329933,0,122,26.7392578125
spectrum,2116,2534033920,1024,1,8,60,9e79213d,31.690700566978194,0,86,23.5791015625
spectrum,2117,2535154880,1024,1,8,65,c7a5749c,31.704384545912035,0,100,28.328125
spectrum,2118,2536433920,1024,1,8,60,1403ba8e,31.720388375921175,0,84,25.423828125
spectrum,2119,2537555200,1024,1,8,63,562e6c08,31.73438398493454,0,93,26.55078125
spectrum,2120,2538753600,1024,1,8,61,aed85c8e,31.74937453691382,0,93,25.25
spectrum,2121,2539874800,1024,1,8,60,b2aa3d9b,31.763404600904323,0,88,24.9052734375
spectrum,2122,2541074240,1024,1,8,60,92f364b7,31.778373632929288,0,93,24.927734375
spectrum,2123,2542276880,1024,1,8,59,877fcb43,31.793387698940933,0,119,36.0732421875
spectrum,2124,2543554240,1024,1,8,62,604007f0,31.809399363934062,0,114,25.7001953125
spectrum,2125,2544754640,1024,1,8,61,a3e626df,31.824232237995602,0,91,24.7646484375
spectrum,2126,2546033920,1024,1,8,72,90eb3fad,31.840475269942544,0,123,34.3662109375
spectrum,2127,2547155200,1024,1,8,60,de78672f,31.854403552017175,0,86,23.9423828125
spectrum,2128,2548353920,1024,1,8,60,e9dd9da6,31.869451673002914,0,80,24.3525390625
spectrum,2129,2549555760,1024,1,8,26,08d736ec,31.884418680914678,0,124,28.095703125
spectrum,2130,2550754240,1024,1,8,39,90129f62,31.899424472008832,0,122,34.46875
spectrum,2131,2551956000,1024,1,8,37,fc5b035b,31.914441192988306,0,155,68.5625
spectrum,2132,2553233600,1024,1,8,31,b4ee14c9,31.930395529954694,0,121,25.9140625
spectrum,2133,2554354720,1024,1,8,72,cf7ca15a,31.944458707002923,41,134,79.8896484375
spectrum,2134,2555633600,1024,1,8,63,ce4d549b,31.96038281591609,0,101,27.5615234375
spectrum,2135,2556757360,1024,1,8,31,516fbef9,31.97440853191074,0,135,25.9326171875
spectrum,2136,2557953920,1024,1,8,61,f435dcd1,31.989435383002274,0,106,24.8232421875
spectrum,2137,2559077120,1024,1,8,63,65aeee5d,32.0033881199779,0,90,26.3720703125
spectrum,2138,2560353920,1024,1,8,64,c8a9a1ce,32.0193997049937,0,109,28.4521484375
spectrum,2139,2561554320,1024,1,8,62,1694536a,32.0344576749485,0,89,27.07421875
spectrum,2140,2562753600,1024,1,8,62,b4e88b93,32.04941326100379,0,95,25.1513671875
spectrum,2141,2563874800,1024,1,8,59,46aebb42,32.06342036090791,0,99,24.12109375
spectrum,2142,2565074240,1024,1,8,37,a07c4818,32.07827968499623,0,119,25.130859375
spectrum,2143,2566274800,1024,1,8,37,a9a9d8ea,32.09342417900916,0,116,24.92578125
spectrum,2144,2567554240,1024,1,8,63,285f1701,32.10941688797902,0,95,26.5478515625
spectrum,2145,2568756240,1024,1,8,37,d97fe4a9,32.12443914997857,0,143,36.2158203125
spectrum,2146,2570033920,1024,1,8,62,e960b2b4,32.140446706907824,0,99,25.173828125
spectrum,2147,2571155120,1024,1,8,62,c05f5e99,32.15443403995596,0,90,26.28515625
spectrum,2148,2572353920,1024,1,8,62,8649cf78,32.16940760996658,0,95,24.9755859375
spectrum,2149,2573476400,1024,1,8,29,7935ddd6,32.183421002933756,0,120,23.2080078125
spectrum,2150,2574754240,1024,1,8,63,75b8fa59,32.19940397294704,0,109,25.283203125
spectrum,2151,2575875200,1024,1,8,64,dfdd82d4,32.21338997397106,0,101,27.611328125
spectrum,2152,2577074240,1024,1,8,63,75c9d9e9,32.22841117391363,0,93,27.48828125
spectrum,2153,2578274640,1024,1,8,59,71b723a5,32.24340311891865,0,90,23.490234375
spectrum,2154,2579473920,1024,1,8,72,fd497406,32.25840727693867,0,121,34.6630859375
spectrum,2155,2580595200,1024,1,8,60,5a0b0094,32.27237495291047,0,93,24.732421875
spectrum,2156,2581793920,1024,1,8,60,245a1aa4,32.28745069599245,0,89,25.2119140625
spectrum,2157,2583006400,1024,1,8,62,4cfb7d5c,32.302400621934794,0,90,25.9404296875
spectrum,2158,2584273920,1024,1,8,41,62724860,32.3183954450069,0,122,31.349609375
spectrum,2159,2585475360,1024,1,8,31,d843ff13,32.33328595792409,0,120,26.4755859375
spectrum,2160,2586753600,1024,1,8,72,fb3713e1,32.34940321196336,0,122,35.15234375
spectrum,2161,2587875520,1024,1,8,62,e9b75af2,32.363420762936585,0,90,26.7060546875
spectrum,2162,2589073600,1024,1,8,72,226fbad5,32.37846285197884,0,132,36.181640625
spectrum,2163,2590197040,1024,1,8,61,929e154b,32.39242019900121,0,84,24.6884765625
spectrum,2164,2591473920,1024,1,8,64,1b97adba,32.40844588994514,0,101,27.0263671875
spectrum,2165,2592674320,1024,1,8,60,a0df1b55,32.42340102500748,0,88,24.435546875
spectrum,2166,2593873600,1024,1,8,62,33fea06f,32.43848310096655,0,93,25.84375
spectrum,2167,2594994800,1024,1,8,62,1d2f05f9,32.45242511795368,0,88,26.12109375
spectrum,2168,2596193600,1024,1,8,62,73086551,32.4673819669988,0,94,26.3681640625
spectrum,2169,2597314800,1024,1,8,61,24257489,32.481410347973,0,95,25.0302734375
spectrum,2170,2598514240,1024,1,8,61,87617fd8,32.4964455839945,0,85,25.798828125
spectrum,2171,2599715920,1024,1,8,27,df4be0cd,32.51148132199887,0,122,24.3740234375
spectrum,2172,2600914240,1024,1,8,64,34ac7eb3,32.52642092690803,0,107,26.8994140625
spectrum,2173,2602035520,1024,1,8,60,e0699687,32.540434119990095,0,84,24.201171875
spectrum,2174,2603233920,1024,1,8,60,f46905ad,32.55540885194205,0,86,24.501953125
spectrum,2175,2604355120,1024,1,8,65,71f32a89,32.5694006329868,0,107,28.2294921875
spectrum,2176,2605553920,1024,1,8,60,f2ef21cf,32.5843336469261,0,90,23.9716796875
spectrum,2177,2606755120,1024,1,8,63,93d9ab24,32.59945182991214,0,126,48.3017578125
spectrum,2178,2608034240,1024,1,8,63,3550153e,32.61542696598917,0,101,26.0595703125
spectrum,2179,2609236240,1024,1,8,63,710579f7,32.63041123596486,0,99,26.7255859375
spectrum,2180,2610513920,1024,1,8,63,b652768a,32.646481761941686,0,87,26.15234375
spectrum,2181,2611635120,1024,1,8,60,579e3101,32.660425622947514,0,94,24.810546875
spectrum,2182,2612833920,1024,1,8,60,efbcc5c9,32.67541154590435,0,90,23.5859375
spectrum,2183,2614036000,1024,1,8,33,06eda080,32.690429299953394,0,121,30.7607421875
spectrum,2184,2615313920,1024,1,8,60,b0c656c9,32.706406719982624,0,86,23.263671875
spectrum,2185,2616436720,1024,1,8,60,4235f3db,32.72041565401014,0,91,23.8232421875
spectrum,2186,2617714240,1024,1,8,60,1bb5c747,32.736389877973124,0,95,24.421875
spectrum,2187,2618835200,1024,1,8,63,bb7fc27e,32.75041194690857,0,95,26.9853515625
spectrum,2188,2620033920,1024,1,8,60,cc09402d,32.765393821988255,0,93,24.23046875
spectrum,2189,2621155120,1024,1,8,62,d18fab9e,32.77938257798087,0,95,26.0263671875
spectrum,2190,2622353920,1024,1,8,29,952c56a1,32.79441095201764,0,116,25.4638671875
spectrum,2191,2623483120,1024,1,8,60,2eb23c34,32.80843110696878,0,88,23.92578125
spectrum,2192,2624754240,1024,1,8,60,0898e694,32.82439349894412,0,90,23.982421875
spectrum,2193,2625955920,1024,1,8,62,cb9b3b9c,32.83932209399063,0,93,24.9873046875
spectrum,2194,2627233600,1024,1,8,60,f235246e,32.85542063298635,0,95,23.193359375
spectrum,2195,2628354800,1024,1,8,62,984f1f95,32.86939691496082,0,92,26.1572265625
spectrum,2196,2629553600,1024,1,8,61,aabed1a4,32.884426029981114,0,95,24.9140625
spectrum,2197,2630677040,1024,1,8,65,be856580,32.89842223993037,0,106,28.6328125
spectrum,2198,2631953920,1024,1,8,29,9356a952,32.91441775392741,0,119,26.263671875
spectrum,2199,2633155280,1024,1,8,64,cbd23450,32.929412012919784,0,103,27.3916015625
spectrum,2200,2634354240,1024,1,8,60,889c35e8,32.94452531798743,0,84,24.74609375
spectrum,2201,2635475840,1024,1,8,30,7c623fb4,32.95843195798807,0,118,25.345703125
spectrum,2202,2636673920,1024,1,8,63,45e6c651,32.973425235948525,0,94,26.7734375
spectrum,2203,2637795120,1024,1,8,60,ad202ad7,32.98740956292022,0,86,23.8564453125
spectrum,2204,2638993920,1024,1,8,29,2eab4801,33.002418168936856,0,120,23.587890625
spectrum,2205,2640195920,1024,1,8,29,434e162c,33.017444088938646,0,120,25.6640625
spectrum,2206,2641473920,1024,1,8,37,2a09fcc8,33.03340598894283,0,122,24.28515625
spectrum,2207,2642596640,1024,1,8,63,f7760a08,33.04746030899696,0,94,26.791015625
spectrum,2208,2643873920,1024,1,8,58,1759858a,33.06342340190895,0,84,22.7783203125
spectrum,2209,2644995120,1024,1,8,63,163065d8,33.07741746795364,0,92,26.294921875
spectrum,2210,2646193920,1024,1,8,62,7c8ca0f8,33.092247285996564,0,98,25.9736328125
spectrum,2211,2647394720,1024,1,8,63,906d55bc,33.10742338898126,0,92,26.1767578125
spectrum,2212,2648674560,1024,1,8,61,82237dcd,33.12340761197265,0,92,24.337890625
spectrum,2213,2649796400,1024,1,8,72,28268eab,33.1374477049103,0,125,34.1201171875
spectrum,2214,2651073920,1024,1,8,65,1638a2a9,33.15341335197445,0,95,28.6083984375
spectrum,2215,2652194800,1024,1,8,61,6aa35f3c,33.16741735697724,0,92,25.1474609375
spectrum,2216,2653393600,1024,1,8,62,e0fc04ec,33.18241723696701,0,95,26.4453125
spectrum,2217,2654514800,1024,1,8,40,6801f110,33.196409198921174,0,94,24.9140625
spectrum,2218,2655714240,1024,1,8,60,c320951e,33.21143498795573,0,88,25.046875
spectrum,2219,2656915920,1024,1,8,72,1c01b8ec,33.2264164929511,0,117,34.6298828125
spectrum,2220,2658194560,1024,1,8,62,0fe94c55,33.242431012913585,0,92,25.9462890625
spectrum,2221,2659394960,1024,1,8,63,ad3259f4,33.25742180494126,0,96,25.9306640625
spectrum,2222,2660593920,1024,1,8,60,875c8102,33.27246382494923,0,88,24.8740234375
spectrum,2223,2661715120,1024,1,8,62,5436f88d,33.28645098791458,0,95,25.92578125
spectrum,2224,2662913920,1024,1,8,63,09527abe,33.301475003012456,0,99,26.2275390625
spectrum,2225,2664115920,1024,1,8,60,b9ab0cd9,33.31642747297883,0,92,24.76171875
spectrum,2226,2665394240,1024,1,8,61,f073b3fa,33.33244799496606,0,88,24.865234375
spectrum,2227,2666516800,1024,1,8,63,fdaa194a,33.34633088996634,0,89,26.271484375
spectrum,2228,2667793600,1024,1,8,61,68ad7b33,33.362421293975785,0,88,25.3369140625
spectrum,2229,2668914800,1024,1,8,63,ad53a639,33.3764176039258,0,89,26.275390625
spectrum,2230,2670113600,1024,1,8,64,e4429bf4,33.391444855951704,0,97,26.6953125
spectrum,2231,2671234800,1024,1,8,62,87826744,33.40538693300914,0,91,26.603515625
spectrum,2232,2672514240,1024,1,8,60,345709a0,33.421398136997595,0,101,24.716796875
spectrum,2233,2673636800,1024,1,8,72,8652f744,33.435426978976466,0,122,35.103515625
spectrum,2234,2674913920,1024,1,8,63,ee146aea,33.45140288595576,0,92,25.9453125
spectrum,2235,2676034880,1024,1,8,31,af3f5317,33.46542172890622,0,127,24.861328125
spectrum,2236,2677233600,1024,1,8,72,69a5276f,33.480445793946274,0,125,35.7421875
spectrum,2237,2678354880,1024,1,8,62,1bf9d72c,33.494463394978084,0,95,26.2998046875
spectrum,2238,2679553600,1024,1,8,64,561f89cc,33.50941774796229,0,92,26.6845703125
spectrum,2239,2680755360,1024,1,8,61,ca74b622,33.52447909396142,0,91,24.400390625
spectrum,2240,2681954240,1024,1,8,63,4b47927a,33.539424891001545,0,92,26.4541015625
spectrum,2241,2683155920,1024,1,8,60,04b86deb,33.55443107301835,0,97,24.2333984375
spectrum,2242,2684433600,1024,1,8,60,ea014be2,33.57041679893155,0,88,25.0322265625
spectrum,2243,2685554800,1024,1,8,62,46d9034f,33.58444147196133,0,88,25.716796875
spectrum,2244,2686753600,1024,1,8,31,83cba202,33.599314271938056,0,124,25.0029296875
spectrum,2245,2687959040,1024,1,8,30,85e6daf0,33.6144626919413,0,128,25.4501953125
spectrum,2246,2689154240,1024,1,8,63,461b1a9e,33.629450197913684,0,93,27.287109375
spectrum,2247,2690355680,1024,1,8,64,5e7ec8b6,33.644419088959694,0,94,28.3427734375
spectrum,2248,2691634240,1024,1,8,62,92070606,33.66043318901211,0,90,25.9755859375
spectrum,2249,2692834640,1024,1,8,39,76e7f5e6,33.67549362301361,0,120,35.20703125
spectrum,2250,2694113920,1024,1,8,31,9af5b24d,33.69144041498657,0,118,25.955078125
spectrum,2251,2695235040,1024,1,8,40,2ff51d00,33.70541999291163,0,121,38.173828125
spectrum,2252,2696513920,1024,1,8,60,9e951260,33.7214461149415,0,84,24.3447265625
spectrum,2253,2697716240,1024,1,8,72,2da1374a,33.73644811892882,0,128,34.416015625
spectrum,2254,2698993920,1024,1,8,28,6cc48672,33.75243689992931,0,124,27.087890625
spectrum,2255,2700195280,1024,1,8,63,4da66667,33.76745794992894,0,94,27.5185546875
spectrum,2256,2701473600,1024,1,8,64,4cf14369,33.78342278592754,0,94,27.9697265625
spectrum,2257,2702594800,1024,1,8,62,2271c006,33.79745317995548,0,92,27.00390625
spectrum,2258,2703793600,1024,1,8,59,111429b3,33.812399718910456,0,94,24.212890625
spectrum,2259,2704914800,1024,1,8,31,4c9a4fd3,33.82641566591337,0,121,25.4599609375
spectrum,2260,2706114240,1024,1,8,60,c8300fd1,33.841430073953234,0,90,24.564453125
spectrum,2261,2707314640,1024,1,8,62,bd6eeb02,33.856473975931294,0,89,25.630859375
spectrum,2262,2708593920,1024,1,8,60,4d99e2b9,33.87243086693343,0,98,23.8154296875
spectrum,2263,2709714800,1024,1,8,60,56527f2f,33.886454809922725,0,92,24.724609375
spectrum,2264,2710913600,1024,1,8,60,8cc536ac,33.90142404194921,0,82,23.8974609375
spectrum,2265,2712034800,1024,1,8,60,e0b652e2,33.91543663293123,0,95,24.943359375
spectrum,2266,2713234560,1024,1,8,60,f2af3453,33.93041396990884,0,86,24.205078125
spectrum,2267,2714356480,1024,1,8,62,b1c98713,33.944421720923856,0,88,25.9423828125
spectrum,2268,2715634240,1024,1,8,39,5116b91f,33.960421563941054,0,124,27.521484375
spectrum,2269,2716755200,1024,1,8,64,512af4fe,33.974444724968635,0,103,26.9658203125
spectrum,2270,2717953920,1024,1,8,63,a3e14732,33.98942969599739,0,88,25.72265625
spectrum,2271,2719075120,1024,1,8,62,d74c85c3,34.003427248913795,0,90,26.4541015625
spectrum,2272,2720273920,1024,1,8,31,af181138,34.01843519392423,0,121,26.400390625
spectrum,2273,2721396800,1024,1,8,63,ed22af02,34.03238888294436,0,90,26.5205078125
spectrum,2274,2722674240,1024,1,8,61,fa7b43f2,34.04846649290994,0,83,25.00390625
spectrum,2275,2723875920,1024,1,8,64,7aaa66cf,34.06344393000472,0,95,28.009765625
spectrum,2276,2725153600,1024,1,8,64,c6d6736d,34.07944364193827,0,94,27.451171875
spectrum,2277,2726274800,1024,1,8,65,03e703b1,34.093473154935054,0,94,28.1318359375
spectrum,2278,2727473600,1024,1,8,62,ea59e4b5,34.108351493952796,0,88,25.6953125
spectrum,2279,2728674400,1024,1,8,62,35061b68,34.123433138942346,0,90,24.8505859375
spectrum,2280,2729954240,1024,1,8,40,6af1d1e2,34.139449882903136,0,119,36.4580078125
spectrum,2281,2731156320,1024,1,8,60,ea9bea82,34.15496157098096,0,97,24.521484375
spectrum,2282,2732433920,1024,1,8,59,7cf2dc42,34.17042869492434,0,88,23.814453125
spectrum,2283,2733555520,1024,1,8,60,225a17b7,34.18444452190306,0,95,25.041015625
spectrum,2284,2734753600,1024,1,8,63,3f8a7e95,34.19944466196466,0,92,26.740234375
spectrum,2285,2735874800,1024,1,8,61,443ac22e,34.21341831993777,0,82,24.2197265625
spectrum,2286,2737074560,1024,1,8,30,5b61591e,34.228482520906255,0,122,24.8134765625
spectrum,2287,2738276080,1024,1,8,62,82642c7e,34.24346346501261,0,92,26.1220703125
spectrum,2288,2739553920,1024,1,8,63,b7f52e51,34.25943535391707,0,88,26.482421875
spectrum,2289,2740756240,1024,1,8,60,ea1d5608,34.274452105979435,0,93,23.5537109375
spectrum,2290,2742033920,1024,1,8,60,c897c6a2,34.2904011720093,0,80,24.0615234375
spectrum,2291,2743155120,1024,1,8,60,e6ded0a7,34.30445457994938,0,87,23.3193359375
spectrum,2292,2744353920,1024,1,8,61,2c571dc4,34.31943831895478,0,96,25.5302734375
spectrum,2293,2745476400,1024,1,8,59,1b048b29,34.333424980985,0,89,23.3876953125
spectrum,2294,2746753600,1024,1,8,29,3060fbfe,34.349461301928386,0,118,25.287109375
spectrum,2295,2747955280,1024,1,8,60,deb02b14,34.36434186599217,0,84,24.791015625
spectrum,2296,2749234240,1024,1,8,61,35d513c8,34.38044188800268,0,87,25.3291015625
spectrum,2297,2750355200,1024,1,8,60,caa6e14c,34.39449522597715,0,88,24.2568359375
spectrum,2298,2751553920,1024,1,8,63,a4ebc9f8,34.409427086939104,0,95,27.076171875
spectrum,2299,2752675120,1024,1,8,61,ca8d956c,34.423444035928696,0,89,24.03515625
spectrum,2300,2753874560,1024,1,8,31,94a74321,34.43845878401771,0,124,25.0732421875
spectrum,2301,2754997040,1024,1,8,39,428dafdd,34.45245125691872,0,117,35.91796875
spectrum,2302,2756273920,1024,1,8,62,2e3745b1,34.468438554904424,0,94,26.1572265625
spectrum,2303,2757475360,1024,1,8,62,7552d35b,34.483451819978654,0,93,25.2998046875
spectrum,2304,2758673600,1024,1,8,31,a20373b4,34.49849170492962,0,123,25.6015625
spectrum,2305,2759794720,1024,1,8,64,56290372,34.51243571692612,0,98,27.404296875
spectrum,2306,2760993600,1024,1,8,62,5d73c5a7,34.52739796496462,0,102,25.3125
spectrum,2307,2762116720,1024,1,8,64,0b94cbd5,34.54148422495928,0,93,26.82421875
spectrum,2308,2763393920,1024,1,8,72,6bfa1d74,34.55748429801315,0,117,34.482421875
spectrum,2309,2764594400,1024,1,8,39,592019a9,34.57247320690658,0,118,35.419921875
spectrum,2310,2765873920,1024,1,8,60,54e934fa,34.588431168929674,0,91,24.47265625
spectrum,2311,2766994800,1024,1,8,63,0361e955,34.602447476936504,0,94,26.6591796875
spectrum,2312,2768193600,1024,1,8,36,725125da,34.6173724749824,0,120,33.701171875
spectrum,2313,2769394480,1024,1,8,39,2d39f50e,34.63244571397081,0,120,35.6025390625
spectrum,2314,2770674560,1024,1,8,62,1cf6996c,34.64848896791227,0,87,25.044921875
spectrum,2315,2771795200,1024,1,8,64,da130ce7,34.66245915892068,0,97,27.427734375
spectrum,2316,2772993920,1024,1,8,62,b9b88f0a,34.677411668002605,0,90,25.2265625
spectrum,2317,2774114880,1024,1,8,65,b09a056d,34.691447524004616,0,93,27.3193359375
spectrum,2318,2775313600,1024,1,8,30,d86e374d,34.70644070999697,0,123,25.0947265625
spectrum,2319,2776434720,1024,1,8,60,5edd53e8,34.72047125501558,0,88,25.0263671875
spectrum,2320,2777633600,1024,1,8,62,941bc59a,34.73546219791751,0,90,25.4287109375
spectrum,2321,2778835600,1024,1,8,60,4292f636,34.750455484958366,0,87,24.498046875
spectrum,2322,2780034240,1024,1,8,60,66db9306,34.765442700940184,0,90,24.89453125
spectrum,2323,2781235920,1024,1,8,62,ba898f7b,34.7804629689781,0,106,26.3095703125
spectrum,2324,2782513600,1024,1,8,64,9c73e4a5,34.79647123697214,0,101,27.69921875
spectrum,2325,2783634800,1024,1,8,60,3db46639,34.81044746900443,0,89,24.34375
spectrum,2326,2784833600,1024,1,8,39,7473a56d,34.82541848393157,0,89,35.76953125
spectrum,2327,2786034400,1024,1,8,63,5e2ccbf5,34.84043944301084,0,96,26.4296875
spectrum,2328,2787313920,1024,1,8,72,ffcc57f1,34.85645196901169,0,124,34.3310546875
spectrum,2329,2788516240,1024,1,8,58,f7a393e3,34.87137062498368,0,91,22.98828125
spectrum,2330,2789793920,1024,1,8,61,a8cdebb1,34.887469704961404,0,92,25.220703125
spectrum,2331,2790915520,1024,1,8,61,7dd9c84e,34.901465393952094,0,89,25.80859375
spectrum,2332,2792113600,1024,1,8,60,6065ac03,34.916458430932835,0,89,24.3671875
spectrum,2333,2793234800,1024,1,8,60,5ecaad1c,34.930417620926164,0,83,23.9462890625
spectrum,2334,2794434560,1024,1,8,40,f862b9f7,34.94546061195433,0,121,30.73828125
spectrum,2335,2795634640,1024,1,8,60,5b440ffd,34.96056977799162,0,86,24.62890625
spectrum,2336,2796913920,1024,1,8,62,c0e27fd3,34.97648009099066,0,90,25.369140625
spectrum,2337,2798037120,1024,1,8,60,247e9693,34.990440402994864,0,88,23.31640625
spectrum,2338,2799313920,1024,1,8,39,204d14ab,35.00645311898552,0,122,34.1279296875
spectrum,2339,2800514640,1024,1,8,38,fb9464bb,35.02142786094919,0,118,28.0732421875
spectrum,2340,2801713920,1024,1,8,72,42a6e1aa,35.036423071986064,0,128,35.330078125
spectrum,2341,2802836800,1024,1,8,60,aa02e6e2,35.050445060944185,0,95,24.044921875
spectrum,2342,2804113920,1024,1,8,29,d9085d87,35.06646760599688,0,121,25.2734375
spectrum,2343,2805315280,1024,1,8,60,fbcb476d,35.08144762797747,0,84,24.3310546875
spectrum,2344,2806514240,1024,1,8,63,1b6b0c28,35.09646400890779,0,98,27.3828125
spectrum,2345,2807714640,1024,1,8,60,bd795fe7,35.111424593953416,0,86,24.5673828125
spectrum,2346,2808913920,1024,1,8,64,700a3d0b,35.12636686395854,0,92,26.8828125
spectrum,2347,2810114720,1024,1,8,63,2a3e5ecb,35.14147609099746,0,94,26.01953125
spectrum,2348,2811314240,1024,1,8,60,88e04209,35.156456803902984,0,90,23.609375
spectrum,2349,2812516240,1024,1,8,60,c7f1aa92,35.171473304973915,0,86,24.2158203125
spectrum,2350,2813793920,1024,1,8,35,9cc7378d,35.18744796898682,0,118,31.1142578125
spectrum,2351,2814995360,1024,1,8,60,42686090,35.202437549014576,0,96,24.6357421875
spectrum,2352,2816193600,1024,1,8,36,ff9d0b45,35.217445513932034,0,117,32.3125
spectrum,2353,2817314800,1024,1,8,31,d18a026b,35.23144492995925,0,119,26.212890625
spectrum,2354,2818513600,1024,1,8,60,d9eb25c6,35.24645925697405,0,85,23.9677734375
spectrum,2355,2819637040,1024,1,8,31,a7235dde,35.260496865957975,0,95,25.1728515625
spectrum,2356,2820914240,1024,1,8,62,5a0ae4d9,35.27647755097132,0,93,25.2216796875
spectrum,2357,2822037360,1024,1,8,64,90903bfa,35.29047014401294,0,103,27.0205078125
spectrum,2358,2823313600,1024,1,8,63,83b54ef4,35.30644442792982,0,95,26.2744140625
spectrum,2359,2824434800,1024,1,8,40,fb2ba454,35.32042661192827,0,121,37.763671875
spectrum,2360,2825713600,1024,1,8,61,e4b515a2,35.33645657100715,0,86,24.626953125
spectrum,2361,2826836720,1024,1,8,60,c2d7a13a,35.35050036094617,0,81,23.490234375
spectrum,2362,2828113920,1024,1,8,61,e91fa5de,35.36645028798375,0,89,25.2509765625
spectrum,2363,2829316320,1024,1,8,60,cf4f39ca,35.381346661946736,0,95,24.2861328125
spectrum,2364,2830593920,1024,1,8,31,ad753bf6,35.39747588895261,0,120,26.171875
spectrum,2365,2831714800,1024,1,8,60,badbbdaf,35.411425660946406,0,89,25.0341796875
spectrum,2366,2832913600,1024,1,8,60,69d42cd0,35.42648539401125,0,88,24.1728515625
spectrum,2367,2834036960,1024,1,8,60,42780f2a,35.440449693007395,0,89,23.8095703125
spectrum,2368,2835314880,1024,1,8,29,46adb348,35.4564798529027,0,121,25.078125
spectrum,2369,2836436080,1024,1,8,59,5afbe3b9,35.47044127690606,0,89,23.4677734375
spectrum,2370,2837634240,1024,1,8,39,c7d3188e,35.4854421679629,0,118,27.759765625
spectrum,2371,2838756400,1024,1,8,60,86c47cc1,35.49947855400387,0,88,24.3681640625
spectrum,2372,2840033600,1024,1,8,37,a064e279,35.515453269006684,0,122,32.482421875
spectrum,2373,2841154800,1024,1,8,72,cba02014,35.52951659495011,0,128,35.1162109375
spectrum,2374,2842353600,1024,1,8,62,f1dd8a00,35.54444909701124,0,98,26.068359375
spectrum,2375,2843477680,1024,1,8,63,710ac2bc,35.55844988592435,0,91,26.3798828125
spectrum,2376,2844753920,1024,1,8,62,eca2e2c0,35.57454652094748,0,89,24.9912109375
spectrum,2377,2845955680,1024,1,8,61,08285b38,35.58946711092722,0,89,24.0888671875
spectrum,2378,2847154240,1024,1,8,61,eb53cd4c,35.60447527596261,0,92,25.626953125
spectrum,2379,2848354640,1024,1,8,63,3233c662,35.61943378695287,0,101,26.5634765625
spectrum,2380,2849553920,1024,1,8,62,24b8c220,35.63433849590365,0,90,25.634765625
spectrum,2381,2850754720,1024,1,8,62,742f6fe8,35.64946872193832,0,95,26.4208984375
spectrum,2382,2851954240,1024,1,8,62,8cd282be,35.664448763942346,0,100,26.134765625
spectrum,2383,2853075200,1024,1,8,63,602a83c0,35.67846688593272,0,95,26.8916015625
spectrum,2384,2854353920,1024,1,8,61,d832b171,35.694464202970266,0,89,24.6943359375
spectrum,2385,2855476720,1024,1,8,60,f79d68c8,35.70843997399788,0,88,24.0009765625
spectrum,2386,2856753920,1024,1,8,64,0d2b6692,35.72447876993101,0,101,26.240234375
spectrum,2387,2857875120,1024,1,8,59,d2d3de64,35.73845237691421,0,88,23.443359375
spectrum,2388,2859073920,1024,1,8,62,1b89bdbd,35.753468326991424,0,89,26.03515625
spectrum,2389,2860196400,1024,1,8,72,46e3dec1,35.76747415494174,0,123,34.451171875
spectrum,2390,2861474880,1024,1,8,63,14a0ddbf,35.78344736597501,0,93,27.0869140625
spectrum,2391,2862675280,1024,1,8,59,6db62ab3,35.798482101992704,0,88,23.203125
spectrum,2392,2863953920,1024,1,8,60,7126d6f4,35.81445895996876,0,94,23.9931640625
spectrum,2393,2865074880,1024,1,8,60,a80dba8f,35.828440542914905,0,85,23.7880859375
spectrum,2394,2866273600,1024,1,8,63,dcae56aa,35.84342687600292,0,92,26.3076171875
spectrum,2395,2867394800,1024,1,8,72,c248ae30,35.85748782893643,0,128,35.322265625
spectrum,2396,2868594240,1024,1,8,39,f5a24c21,35.87248408095911,0,121,35.3916015625
spectrum,2397,2869796000,1024,1,8,59,e4e1347a,35.887358843931,0,86,22.9921875
spectrum,2398,2871073600,1024,1,8,63,e1eea3e3,35.90349216898903,0,92,26.0556640625
spectrum,2399,2872275680,1024,1,8,37,121855dc,35.9184757869225,0,130,32.27734375
spectrum,2400,2873473600,1024,1,8,38,ebb33fea,35.933454165933654,0,123,25.9228515625
spectrum,2401,2874594720,1024,1,8,62,c7dcdabf,35.94747368991375,0,145,37.0693359375
spectrum,2402,2875873600,1024,1,8,62,d26eff22,35.96346251096111,0,88,25.185546875
spectrum,2403,2876996720,1024,1,8,63,deb980d4,35.9774504249217,0,94,26.80078125
spectrum,2404,2878273920,1024,1,8,60,740fafd9,35.99346637795679,0,85,24.068359375
spectrum,2405,2879476240,1024,1,8,60,1ad5391f,36.00849133497104,0,84,23.337890625
spectrum,2406,2880673920,1024,1,8,62,9e76758d,36.02345316193532,0,90,26.0576171875
spectrum,2407,2881795120,1024,1,8,63,4d0af0e2,36.03745334001724,0,94,26.591796875
spectrum,2408,2882993920,1024,1,8,60,f15f02ea,36.05245400092099,0,88,24.0556640625
spectrum,2409,2884115120,1024,1,8,72,ad2bf055,36.06645960791502,0,129,35.193359375
spectrum,2410,2885393920,1024,1,8,60,4bd5426a,36.08250332297757,0,88,24.693359375
spectrum,2411,2886517120,1024,1,8,62,f640fdf1,36.09649359190371,0,90,26.96875
spectrum,2412,2887793920,1024,1,8,60,b8ed1bdb,36.11247763398569,0,89,25.033203125
spectrum,2413,2888994320,1024,1,8,62,2db061b4,36.127462995937094,0,89,26.115234375
spectrum,2414,2890193600,1024,1,8,61,599002e9,36.142478103982285,0,86,24.2294921875
spectrum,2415,2891394400,1024,1,8,64,133ae040,36.157445010961965,0,90,26.408203125
spectrum,2416,2892593600,1024,1,8,59,405e3d21,36.1734470379306,12,116,69.611328125
spectrum,2417,2893796000,1024,1,8,61,8542f98a,36.18744341796264,0,83,25.267578125
spectrum,2418,2894994240,1024,1,8,63,3a25dfdb,36.20246720290743,0,93,27.208984375
spectrum,2419,2896195920,1024,1,8,60,ae983e3e,36.21748842194211,0,96,24.265625
spectrum,2420,2897473600,1024,1,8,59,7928a996,36.233441555988975,0,90,23.6455078125
spectrum,2421,2898594800,1024,1,8,64,6a93ec82,36.24745438690297,0,105,26.6611328125
spectrum,2422,2899793600,1024,1,8,60,b16508ff,36.26247086795047,0,91,25.1796875
spectrum,2423,2900916720,1024,1,8,29,0c5ff8d3,36.27644127898384,0,115,25.091796875
spectrum,2424,2902113920,1024,1,8,60,76e2236d,36.291465544956736,0,120,37.2802734375
spectrum,2425,2903315520,1024,1,8,62,8c03fedb,36.30647367995698,0,86,25.3154296875
spectrum,2426,2904514240,1024,1,8,60,a620a778,36.321503886952996,0,96,24.4404296875
spectrum,2427,2905635520,1024,1,8,33,137466fa,36.335454600979574,0,124,30.599609375
spectrum,2428,2906833920,1024,1,8,60,a188b32a,36.35049257194623,0,97,24.67578125
spectrum,2429,2908035360,1024,1,8,60,dd8d868f,36.36547742295079,0,96,25.03125
spectrum,2430,2909234240,1024,1,8,60,7d8e6854,36.380479487008415,0,91,24.7763671875
spectrum,2431,2910434640,1024,1,8,31,5fb24db1,36.395362334907986,0,120,25.498046875
spectrum,2432,2911713920,1024,1,8,60,00fd0ccc,36.41147604200523,0,98,24.697265625
spectrum,2433,2912837040,1024,1,8,62,acfa0067,36.42553162400145,0,92,24.787109375
spectrum,2434,2914113920,1024,1,8,72,be90e952,36.44148070993833,0,118,34.123046875
spectrum,2435,2915235200,1024,1,8,62,63b3cd8e,36.45546647999436,0,85,25.9365234375
spectrum,2436,2916433920,1024,1,8,64,d6f2639b,36.47044484899379,0,95,26.8193359375
spectrum,2437,2917556400,1024,1,8,30,9f4247d6,36.4844699340174,0,118,25.5087890625
spectrum,2438,2918834560,1024,1,8,62,87df755a,36.50051425001584,0,90,26.4248046875
spectrum,2439,2920034960,1024,1,8,61,a0e5a373,36.51549105497543,0,90,26.0341796875
spectrum,2440,2921313920,1024,1,8,62,64877ae6,36.53147975599859,0,87,25.09375
spectrum,2441,2922434880,1024,1,8,60,84313744,36.5454756449908,0,85,24.94921875
spectrum,2442,2923633600,1024,1,8,72,d8adacf5,36.560460575972684,0,124,35.3779296875
spectrum,2443,2924754880,1024,1,8,72,afffcb2e,36.57449833501596,0,126,33.9765625
spectrum,2444,2925954240,1024,1,8,72,4d63e2f7,36.58954678592272,0,129,33.6591796875
spectrum,2445,2927155920,1024,1,8,62,354e49d1,36.604463277966715,0,91,26.412109375
spectrum,2446,2928433600,1024,1,8,63,debb0ca8,36.62051055894699,0,96,26.421875
spectrum,2447,2929635360,1024,1,8,60,0006ff7c,36.63546991196927,0,92,24.8017578125
spectrum,2448,2930833600,1024,1,8,60,f910182e,36.65053131792229,0,95,24.724609375
spectrum,2449,2932034400,1024,1,8,30,8a656ba1,36.66543209995143,0,121,25.0078125
spectrum,2450,2933233600,1024,1,8,38,24609062,36.68044118699618,0,122,25.6943359375
spectrum,2451,2934356960,1024,1,8,32,a01b9716,36.69450472400058,0,125,26.111328125
spectrum,2452,2935634240,1024,1,8,60,446f4bd3,36.71048527897801,0,84,24.310546875
spectrum,2453,2936757360,1024,1,8,30,e545da17,36.72461946995463,0,126,69.1748046875
spectrum,2454,2938033600,1024,1,8,63,89ac3542,36.740489285904914,0,101,26.173828125
spectrum,2455,2939154800,1024,1,8,63,cb920466,36.75452776590828,0,89,25.904296875
spectrum,2456,2940353600,1024,1,8,72,b381c5a6,36.769475566921756,0,125,35.05859375
spectrum,2457,2941474800,1024,1,8,60,e6ff3bd0,36.78347229701467,0,82,24.740234375
spectrum,2458,2942753920,1024,1,8,60,4ac7f746,36.799541490967385,0,91,25.4033203125
spectrum,2459,2943877120,1024,1,8,64,aafbbd42,36.81348609295674,0,95,27.9443359375
spectrum,2460,2945153920,1024,1,8,61,650b7a02,36.8294767269399,0,92,25.3701171875
spectrum,2461,2946274880,1024,1,8,72,9d9f9328,36.843480751966126,0,125,35.525390625
spectrum,2462,2947553600,1024,1,8,62,10ae1189,36.859536118921824,0,89,25.5986328125
spectrum,2463,2948674800,1024,1,8,72,21531069,36.873502361937426,0,122,35.5751953125
spectrum,2464,2949873600,1024,1,8,62,dcf21aed,36.88848221290391,0,90,26.25390625
spectrum,2465,2951075360,1024,1,8,63,8940e272,36.9032947079977,0,98,26.6904296875
spectrum,2466,2952354240,1024,1,8,62,a68b841c,36.91947918897495,0,88,25.87890625
spectrum,2467,2953477120,1024,1,8,72,41d514c0,36.933784073917195,0,122,34.7724609375
spectrum,2468,2954753600,1024,1,8,61,a5b2709a,36.949497072957456,0,91,25.2509765625
spectrum,2469,2955874800,1024,1,8,61,af5665e4,36.96348213101737,0,94,25.201171875
spectrum,2470,2957073600,1024,1,8,62,898f28a4,36.978459278005175,0,99,27.1357421875
spectrum,2471,2958197680,1024,1,8,64,8f162039,36.99249954090919,0,90,26.7919921875
spectrum,2472,2959473920,1024,1,8,61,d1b550db,37.00856256193947,0,85,24.7197265625
spectrum,2473,2960675680,1024,1,8,63,21840db0,37.02352511091158,0,90,27.0546875
spectrum,2474,2961954240,1024,1,8,62,216f4ea7,37.03948033892084,0,90,25.6533203125
spectrum,2475,2963155920,1024,1,8,61,626c76bc,37.054486349923536,0,89,25.158203125
spectrum,2476,2964433600,1024,1,8,63,9515b390,37.07045035401825,0,97,26.529296875
spectrum,2477,2965554800,1024,1,8,60,7ba14f52,37.084523718920536,0,85,24.8857421875
spectrum,2478,2966754240,1024,1,8,31,fda73ae0,37.09950551495422,0,123,26.1318359375
spectrum,2479,2967876400,1024,1,8,29,f0414fa6,37.11349357897416,0,119,25.96484375
spectrum,2480,2969153920,1024,1,8,61,4a09b51d,37.12945783394389,0,95,25.6943359375
spectrum,2481,2970276720,1024,1,8,61,4986c2d5,37.14351765392348,0,93,24.703125
spectrum,2482,2971553920,1024,1,8,72,2020f57b,37.15939290996175,0,125,33.7294921875
spectrum,2483,2972754800,1024,1,8,63,04a6f525,37.17452332598623,0,92,26.087890625
spectrum,2484,2973953920,1024,1,8,63,cf274007,37.189497646992095,0,95,27.392578125
spectrum,2485,2975076720,1024,1,8,60,a2955521,37.20355642598588,0,88,23.904296875
spectrum,2486,2976354240,1024,1,8,60,4a140ad9,37.21948161593173,0,82,24.8544921875
spectrum,2487,2977554640,1024,1,8,62,8ba3724e,37.23448478197679,0,93,26.08984375
spectrum,2488,2978833920,1024,1,8,72,4932f161,37.25050341896713,0,119,35.150390625
spectrum,2489,2980034320,1024,1,8,38,b9b48e1b,37.26546485594008,0,110,21.591796875
spectrum,2490,2981233600,1024,1,8,62,b9df43df,37.280476396903396,0,93,26.01953125
spectrum,2491,2982356720,1024,1,8,61,7a64f649,37.294495780952275,0,89,25.0634765625
spectrum,2492,2983633920,1024,1,8,31,d8b6a13a,37.310536760953255,0,123,24.7119140625
spectrum,2493,2984836240,1024,1,8,37,5c998e03,37.32556588493753,0,120,24.857421875
spectrum,2494,2986033920,1024,1,8,62,0930eaf1,37.340486564906314,0,92,26.33984375
spectrum,2495,2987234320,1024,1,8,61,af006de2,37.35547847894486,0,89,25.5390625
spectrum,2496,2988433600,1024,1,8,30,805e991f,37.370462898979895,0,120,25.4150390625
spectrum,2497,2989556640,1024,1,8,58,53d4f324,37.3844984639436,0,101,23.1015625
spectrum,2498,2990833920,1024,1,8,39,adeed47b,37.40048722492065,0,123,33.5244140625
spectrum,2499,2992035440,1024,1,8,64,5836fa8e,37.41539373691194,0,91,28.119140625
spectrum,2500,2993314240,1024,1,8,31,acecab88,37.43152523797471,0,124,25.7353515625
spectrum,2501,2994436720,1024,1,8,38,213975a6,37.44549389590975,0,121,26.2568359375
spectrum,2502,2995633600,1024,1,8,62,e01e43b9,37.46051356301177,0,90,26.2294921875
spectrum,2503,2996754800,1024,1,8,36,144e459f,37.47448384296149,0,118,33.2421875
spectrum,2504,2997953600,1024,1,8,61,7e8cb056,37.489493500906974,0,86,24.2412109375
spectrum,2505,2999074800,1024,1,8,33,082d37b8,37.503503205953166,0,122,31.0009765625
spectrum,2506,3000353920,1024,1,8,66,c5975e10,37.51949331990909,0,98,29.2412109375
spectrum,2507,3001476800,1024,1,8,39,45917fe8,37.53351853496861,0,120,36.3759765625
spectrum,2508,3002753920,1024,1,8,61,20111b2c,37.549535397905856,0,104,25.2080078125
spectrum,2509,3003875200,1024,1,8,63,48025940,37.56346970098093,0,88,26.1005859375
spectrum,2510,3005073600,1024,1,8,62,576d76e5,37.5784627069952,0,94,26.439453125
spectrum,2511,3006194800,1024,1,8,62,cebd431d,37.592497389996424,0,97,25.90234375
spectrum,2512,3007394240,1024,1,8,63,917ad530,37.607501377002336,0,91,26.7412109375
spectrum,2513,3008594640,1024,1,8,64,1474b4d2,37.6224671920063,0,88,27.65234375
spectrum,2514,3009793920,1024,1,8,63,2500dcf2,37.63751475093886,0,92,27.0400390625
spectrum,2515,3010996240,1024,1,8,61,5f05f597,37.65254621999338,0,90,25.8076171875
spectrum,2516,3012273920,1024,1,8,61,47016b93,37.66853755596094,0,100,25.228515625
spectrum,2517,3013474720,1024,1,8,72,50fca8c9,37.68349479499739,0,128,36.51953125
spectrum,2518,3014753920,1024,1,8,62,43d412cb,37.69954024301842,0,89,26.2783203125
spectrum,2519,3015876720,1024,1,8,72,700e3aaf,37.71350292896386,0,118,35.53125
spectrum,2520,3017154880,1024,1,8,62,e8866fb5,37.729479155968875,0,100,26.2470703125
spectrum,2521,3018355280,1024,1,8,62,35faee89,37.74451438290998,0,90,26.2578125
spectrum,2522,3019633920,1024,1,8,62,d86cf086,37.760525104939006,0,93,26.283203125
spectrum,2523,3020754880,1024,1,8,61,3d6ee057,37.77450538496487,0,87,25.3916015625
spectrum,2524,3021953600,1024,1,8,62,15f157d0,37.78949758899398,0,88,25.392578125
spectrum,2525,3023074800,1024,1,8,62,3d8f2559,37.8035128749907,0,88,25.712890625
spectrum,2526,3024274240,1024,1,8,61,2e5ca583,37.81852700095624,0,98,25.9619140625
spectrum,2527,3025475920,1024,1,8,61,9646081e,37.83349183399696,0,96,24.7431640625
spectrum,2528,3026753600,1024,1,8,63,7d3cf46d,37.8495468510082,0,91,26.6337890625
spectrum,2529,3027955360,1024,1,8,31,fca5375c,37.86448708700482,0,123,26.2724609375
spectrum,2530,3029153600,1024,1,8,61,25262cb4,37.87949394993484,0,87,25.4326171875
spectrum,2531,3030274800,1024,1,8,64,509dceda,37.893515306990594,0,97,27.61328125
spectrum,2532,3031473600,1024,1,8,62,e7dc695e,37.908589766942896,0,89,25.501953125
spectrum,2533,3032596720,1024,1,8,62,31f6e385,37.92239054699894,0,84,25.34765625
spectrum,2534,3033873920,1024,1,8,63,e7215340,37.93847671197727,0,91,26.3046875
spectrum,2535,3034995520,1024,1,8,36,958e6e6c,37.95251324796118,0,121,32.2353515625
spectrum,2536,3036274240,1024,1,8,62,0d86339a,37.96850130800158,0,85,26.13671875
spectrum,2537,3037394880,1024,1,8,61,73f35356,37.98249501292594,0,87,25.767578125
spectrum,2538,3038594240,1024,1,8,62,e34304d9,37.997496093972586,0,86,26.396484375
spectrum,2539,3039715840,1024,1,8,63,46a8f623,38.011498595937155,0,91,27.275390625
spectrum,2540,3040913920,1024,1,8,60,2af7b98f,38.026518883998506,0,100,24.3310546875
spectrum,2541,3042036720,1024,1,8,61,f4837995,38.04048121999949,0,88,25.0126953125
spectrum,2542,3043314240,1024,1,8,64,abf7eaa8,38.05652460397687,0,94,26.4892578125
spectrum,2543,3044514640,1024,1,8,72,c93ae809,38.07149938598741,0,117,35.4697265625
spectrum,2544,3045713920,1024,1,8,62,93350459,38.08648432698101,0,92,25.9375
spectrum,2545,3046835120,1024,1,8,62,6e5b6fe1,38.100564424996264,0,91,27.130859375
spectrum,2546,3048033920,1024,1,8,61,793b183b,38.115522595937364,0,93,25.5927734375
spectrum,2547,3049235680,1024,1,8,72,eaee95cb,38.130521993967704,0,127,35.603515625
spectrum,2548,3050514240,1024,1,8,63,6eb5448d,38.146511405939236,0,91,26.8466796875
spectrum,2549,3051715920,1024,1,8,61,04529e17,38.161673020920716,0,85,24.9716796875
spectrum,2550,3052994240,1024,1,8,63,299b3f9d,38.17730475694407,0,90,26.46875
spectrum,2551,3054198160,1024,1,8,40,87211fdc,38.19250296091195,0,103,26.1435546875
spectrum,2552,3055393920,1024,1,8,62,af617d1e,38.207499795011245,0,87,24.9814453125
spectrum,2553,3056517040,1024,1,8,32,970a41f4,38.221504680928774,0,120,27.2861328125
spectrum,2554,3057714240,1024,1,8,30,1c865a75,38.236505541950464,0,123,24.8681640625
spectrum,2555,3058916080,1024,1,8,72,57db6bd7,38.25151150301099,0,117,35.0341796875
spectrum,2556,3060193920,1024,1,8,60,91ea9159,38.26748536492232,0,93,24.193359375
spectrum,2557,3061315520,1024,1,8,62,d929d343,38.2814919949742,0,93,26.46484375
spectrum,2558,3062513600,1024,1,8,61,4c250857,38.296487024985254,0,94,25.0205078125
spectrum,2559,3063634800,1024,1,8,64,1dfd7749,38.31052944192197,0,99,27.8818359375
spectrum,2560,3064834240,1024,1,8,38,78593ab6,38.32555633294396,0,126,25.2646484375
spectrum,2561,3065955120,1024,1,8,62,24d43424,38.33951904892456,0,87,25.6220703125
spectrum,2562,3067233920,1024,1,8,63,cb8e785d,38.3554889439838,0,90,26.427734375
spectrum,2563,3068357120,1024,1,8,61,971ef188,38.369506864924915,0,99,25.8447265625
spectrum,2564,3069633920,1024,1,8,37,70b8fec6,38.38549953291658,0,121,24.7421875
spectrum,2565,3070755040,1024,1,8,39,69911e49,38.39949905895628,0,120,35.3056640625
spectrum,2566,3072033920,1024,1,8,60,a79cd037,38.41551740595605,0,93,25.10546875
spectrum,2567,3073156400,1024,1,8,65,99e13c34,38.42940851696767,0,95,28.39453125
spectrum,2568,3074435200,1024,1,8,61,262b8f86,38.4455013750121,0,96,25.1279296875
spectrum,2569,3075635280,1024,1,8,39,64b8b27c,38.46050696494058,0,120,34.78515625
spectrum,2570,3076913920,1024,1,8,63,65872a36,38.476546120946296,0,90,25.646484375
spectrum,2571,3078037120,1024,1,8,62,c0193ac3,38.49048487201799,0,89,25.177734375
spectrum,2572,3079313920,1024,1,8,72,4efd0185,38.50652459892444,0,122,34.10546875
spectrum,2573,3080435200,1024,1,8,65,bfae9209,38.52050744299777,0,98,28.767578125
spectrum,2574,3081633920,1024,1,8,61,f8cc26ca,38.535494798910804,0,89,24.7734375
spectrum,2575,3082836240,1024,1,8,63,58816875,38.55055901990272,0,91,26.6806640625
spectrum,2576,3084113920,1024,1,8,36,f1819797,38.5665310989134,0,121,33.1513671875
spectrum,2577,3085315440,1024,1,8,62,981b8c0f,38.58150377694983,0,91,25.7685546875
spectrum,2578,3086513600,1024,1,8,63,566c8a6e,38.596488957991824,0,92,26.4501953125
spectrum,2579,3087634800,1024,1,8,62,4fc1ff05,38.61051658692304,0,89,26.06640625
spectrum,2580,3088833600,1024,1,8,62,03c99a34,38.62553097400814,0,90,25.779296875
spectrum,2581,3089956720,1024,1,8,63,c5f71884,38.639480044017546,0,91,26.5673828125
spectrum,2582,3091233920,1024,1,8,62,616ca4e9,38.65554379695095,0,89,25.2255859375
spectrum,2583,3092354880,1024,1,8,59,c1475e1a,38.669549233978614,0,92,24.306640625
spectrum,2584,3093633920,1024,1,8,40,4dbb4895,38.68541047396138,0,120,39.576171875
spectrum,2585,3094837600,1024,1,8,61,1622f156,38.700493679963984,0,84,25.8203125
spectrum,2586,3096033600,1024,1,8,62,2969a999,38.715498419012874,0,92,25.5673828125
spectrum,2587,3097154800,1024,1,8,62,8b274cb2,38.729507333016954,0,84,24.8955078125
spectrum,2588,3098434240,1024,1,8,61,25c4d374,38.74550567101687,0,87,24.9423828125
spectrum,2589,3099556720,1024,1,8,62,c11c7241,38.75951192993671,0,86,25.48828125
spectrum,2590,3100833920,1024,1,8,64,9149201d,38.775571825914085,0,90,26.6220703125
spectrum,2591,3102034320,1024,1,8,64,66c8ed7a,38.790519014932215,0,100,26.7705078125
spectrum,2592,3103233600,1024,1,8,61,0cd5c01f,38.80546456098091,0,90,25.65625
spectrum,2593,3104354800,1024,1,8,72,915d38a2,38.81948616891168,0,129,34.7705078125
spectrum,2594,3105634560,1024,1,8,32,2e241434,38.83548916701693,0,125,27.5458984375
spectrum,2595,3106834960,1024,1,8,60,152d2bd4,38.85050634900108,0,90,24.2099609375
spectrum,2596,3108034240,1024,1,8,62,486713c3,38.86556499893777,0,133,69.7744140625
spectrum,2597,3109236160,1024,1,8,61,8b561f7d,38.88051998394076,0,94,26.041015625
spectrum,2598,3110513600,1024,1,8,63,745c3ad8,38.8965013299603,0,94,27.6728515625
spectrum,2599,3111636720,1024,1,8,64,e6bff891,38.91052125499118,0,93,27.736328125
spectrum,2600,3112913920,1024,1,8,39,8131bacb,38.92650965496432,0,119,36.064453125
spectrum,2601,3114115920,1024,1,8,63,6d9cd72c,38.94144455099013,0,92,26.1220703125
spectrum,2602,3115393600,1024,1,8,29,60937848,38.957511749933474,0,120,25.4384765625
spectrum,2603,3116595600,1024,1,8,39,8ee4925e,38.97250646993052,0,97,24.78515625
spectrum,2604,3117794240,1024,1,8,61,9c67fd86,38.98750540695619,0,85,25.05078125
spectrum,2605,3118915200,1024,1,8,31,4861de60,39.001532424939796,0,119,26.3798828125
spectrum,2606,3120113920,1024,1,8,72,e7755804,39.01652380800806,0,123,36.5615234375
spectrum,2607,3121235200,1024,1,8,62,7b3209e0,39.03051265398972,0,87,26.123046875
spectrum,2608,3122433920,1024,1,8,62,be76bd1c,39.045552399009466,0,90,25.7099609375
spectrum,2609,3123634320,1024,1,8,31,fdc8fb3f,39.060548892011866,0,123,25.7314453125
spectrum,2610,3124913920,1024,1,8,37,da421d44,39.07650823693257,0,122,34.900390625
spectrum,2611,3126115120,1024,1,8,72,fe905c76,39.0915165519109,0,128,34.521484375
spectrum,2612,3127393920,1024,1,8,63,026742f6,39.107539337011985,0,95,25.8720703125
spectrum,2613,3128514880,1024,1,8,62,cfdf93f3,39.121519315987825,0,91,25.98828125
spectrum,2614,3129713600,1024,1,8,72,94a1277c,39.13650456699543,0,120,35.6884765625
spectrum,2615,3130836720,1024,1,8,63,9829e041,39.15053506195545,0,93,27.3564453125
spectrum,2616,3132113920,1024,1,8,62,20097f37,39.16649981692899,0,84,26.1171875
spectrum,2617,3133235200,1024,1,8,63,99c9def5,39.18054467893671,0,95,27.265625
spectrum,2618,3134517760,1024,1,8,61,a701023c,39.19631459598895,0,88,25.2685546875
spectrum,2619,3135719760,1024,1,8,63,25d41193,39.211514413007535,0,93,26.4501953125
spectrum,2620,3136993600,1024,1,8,62,c8d7fac7,39.22753177792765,0,91,26.6171875
spectrum,2621,3138114800,1024,1,8,63,49f37004,39.241530952975154,0,94,26.71484375
spectrum,2622,3139394560,1024,1,8,32,86a8261b,39.25753245793749,0,123,26.8154296875
spectrum,2623,3140596160,1024,1,8,39,6a82209d,39.272540653008036,0,120,34.8837890625
spectrum,2624,3141873920,1024,1,8,62,0257dc93,39.28852669894695,0,88,26.443359375
spectrum,2625,3142994880,1024,1,8,63,118c2740,39.30255618097726,0,93,26.828125
spectrum,2626,3144193600,1024,1,8,61,cdcaebef,39.317510293913074,0,88,25.0615234375
spectrum,2627,3145314800,1024,1,8,62,670a4bf1,39.33149205590598,0,94,27.1376953125
spectrum,2628,3146513600,1024,1,8,62,bd6eac22,39.34654693992343,0,93,26.7314453125
spectrum,2629,3147715360,1024,1,8,72,ec2756e0,39.36152060900349,0,124,36.109375
spectrum,2630,3148994240,1024,1,8,63,387fd54f,39.37753260391764,0,95,27.1826171875
spectrum,2631,3150116480,1024,1,8,62,f182d334,39.3915455249371,0,86,25.9775390625
spectrum,2632,3151393600,1024,1,8,62,416e0f99,39.40750612295233,0,89,25.2587890625
spectrum,2633,3152514800,1024,1,8,61,ede32ea3,39.42152047692798,0,87,24.8564453125
spectrum,2634,3153713600,1024,1,8,72,00090ce0,39.43652993394062,0,123,36.7119140625
spectrum,2635,3154836640,1024,1,8,61,85aba24b,39.450417377986014,0,89,25.0166015625
spectrum,2636,3156113920,1024,1,8,63,b097f5ef,39.4665368659189,0,88,26.3486328125
spectrum,2637,3157316000,1024,1,8,62,94908436,39.4815089419717,0,83,25.451171875
spectrum,2638,3158594240,1024,1,8,72,a4abf51b,39.49758339498658,0,128,35.216796875
spectrum,2639,3159796000,1024,1,8,61,93a9208f,39.512576762004755,0,98,25.2265625
spectrum,2640,3161073600,1024,1,8,64,c7cd712c,39.52850989799481,0,93,27.7802734375
spectrum,2641,3162194800,1024,1,8,64,2cb57830,39.54250742995646,0,98,27.513671875
spectrum,2642,3163394240,1024,1,8,62,f15fd7eb,39.557618308928795,0,88,25.2421875
spectrum,2643,3164597200,1024,1,8,40,9490df0b,39.57256362494081,0,125,49.8017578125
spectrum,2644,3165873600,1024,1,8,65,ebff28b9,39.58854958997108,0,99,28.130859375
spectrum,2645,3167075600,1024,1,8,64,fd4ea51c,39.60353525192477,0,94,27.189453125
spectrum,2646,3168353600,1024,1,8,31,d46c5b60,39.61952145793475,0,118,26.4169921875
spectrum,2647,3169476640,1024,1,8,61,ebac9df8,39.63352686492726,0,91,25.54296875
spectrum,2648,3170753920,1024,1,8,64,14e91673,39.64953205699567,0,96,28.2626953125
spectrum,2649,3171876400,1024,1,8,63,eafa6699,39.66350664594211,0,96,27.388671875
spectrum,2650,3173154240,1024,1,8,62,76e6f083,39.67956540896557,0,97,25.8408203125
spectrum,2651,3174357200,1024,1,8,62,568dc36a,39.694545369944535,0,89,25.326171875
spectrum,2652,3175633600,1024,1,8,61,33ad272a,39.710549148963764,0,93,25.0751953125
spectrum,2653,3176834400,1024,1,8,64,5ccd2bab,39.72554537199903,0,94,26.3271484375
spectrum,2654,3178033600,1024,1,8,39,48e15f82,39.740493963938206,0,120,32.384765625
spectrum,2655,3179154880,1024,1,8,72,80c4c391,39.75454588897992,0,123,34.357421875
spectrum,2656,3180434240,1024,1,8,60,9185b957,39.7705276759807,0,97,24.998046875
spectrum,2657,3181556720,1024,1,8,62,23c39f94,39.78454337292351,0,88,26.0615234375
spectrum,2658,3182833920,1024,1,8,63,75d1094a,39.800543073914014,0,86,27.099609375
spectrum,2659,3184034320,1024,1,8,61,b7695e75,39.815507465973496,0,92,25.0986328125
spectrum,2660,3185233600,1024,1,8,63,fec66d3d,39.8305358189391,0,95,26.6044921875
spectrum,2661,3186354800,1024,1,8,63,512b82c4,39.844492803909816,0,96,26.68359375
spectrum,2662,3187554880,1024,1,8,37,87381e5e,39.859545552986674,0,121,24.2685546875
spectrum,2663,3188676080,1024,1,8,63,b6c17592,39.873500033980235,0,92,27.1796875
spectrum,2664,3189954240,1024,1,8,61,4798a649,39.88955228496343,0,91,24.2412109375
spectrum,2665,3191076400,1024,1,8,62,536a6a11,39.903568451991305,0,87,25.6689453125
spectrum,2666,3192353600,1024,1,8,60,a9489bef,39.91953345795628,0,95,23.6728515625
spectrum,2667,3193474800,1024,1,8,62,fc4cab5b,39.93353085999843,0,92,26.2861328125
spectrum,2668,3194674240,1024,1,8,63,331f5271,39.94855843100231,0,92,27.9208984375
spectrum,2669,3195875920,1024,1,8,62,100ba84b,39.963319377973676,0,89,26.27734375
spectrum,2670,3197153600,1024,1,8,39,10f3ca51,39.9795365909813,0,119,35.1787109375
spectrum,2671,3198355760,1024,1,8,60,dc3276c3,39.994529586983845,0,98,24.501953125
spectrum,2672,3199554240,1024,1,8,65,90f47113,40.009519497980364,0,96,28.3134765625
spectrum,2673,3200754640,1024,1,8,31,4f8518d4,40.02451583999209,0,119,25.8369140625
spectrum,2674,3201953920,1024,1,8,61,e0f5f108,40.039521008962765,0,87,25.412109375
spectrum,2675,3203075120,1024,1,8,61,7fde27ec,40.05352567497175,0,91,25.6806640625
spectrum,2676,3204273920,1024,1,8,31,a7c57024,40.06856376596261,0,117,26.1201171875
spectrum,2677,3205476240,1024,1,8,29,5cbea43b,40.08352860901505,0,121,25.6123046875
spectrum,2678,3206753920,1024,1,8,61,7a1cf23c,40.09959976596292,0,90,25.2939453125
spectrum,2679,3207955680,1024,1,8,64,af0947fe,40.11452367098536,0,104,27.611328125
spectrum,2680,3209233600,1024,1,8,61,712a1f04,40.13054587494116,0,85,24.951171875
spectrum,2681,3210354800,1024,1,8,62,ed67502f,40.144545650924556,0,87,25.4697265625
spectrum,2682,3211553600,1024,1,8,39,3341f639,40.159551441902295,0,121,34.2138671875
spectrum,2683,3212756240,1024,1,8,61,22c412c6,40.17459198797587,0,87,24.396484375
spectrum,2684,3214033920,1024,1,8,63,4444a30f,40.190549809951335,0,99,26.4697265625
spectrum,2685,3215155200,1024,1,8,72,0c4df908,40.20454947592225,0,126,35.1259765625
spectrum,2686,3216433920,1024,1,8,60,83e5e2de,40.22057633893564,0,92,24.8740234375
spectrum,2687,3217634480,1024,1,8,66,d2683803,40.2355582639575,0,103,29.484375
spectrum,2688,3218833600,1024,1,8,64,f9e34083,40.25052776595112,0,92,27.83203125
spectrum,2689,3219954800,1024,1,8,31,acc202e4,40.264518173993565,0,122,26.1494140625
spectrum,2690,3221154560,1024,1,8,39,7a577e31,40.27965984190814,0,117,36.3896484375
spectrum,2691,3222356000,1024,1,8,72,9e4e4258,40.29456547193695,0,128,34.6044921875
spectrum,2692,3223634240,1024,1,8,62,a647166a,40.31051412690431,0,93,26.4365234375
spectrum,2693,3224834640,1024,1,8,39,214187c9,40.325554812909104,0,120,36.0634765625
spectrum,2694,3226113920,1024,1,8,61,e066b867,40.3415136479307,0,97,24.4501953125
spectrum,2695,3227235120,1024,1,8,61,1662cf9e,40.35553235991392,0,87,24.974609375
spectrum,2696,3228433920,1024,1,8,62,153837fe,40.37054046394769,0,90,26.474609375
spectrum,2697,3229635360,1024,1,8,60,c5ecfe5d,40.38551904296037,0,93,25.23828125
spectrum,2698,3230834240,1024,1,8,64,9c581a95,40.40054063301068,0,90,28.048828125
spectrum,2699,3232035920,1024,1,8,64,2f9187f2,40.415543198003434,0,101,27.5888671875
spectrum,2700,3233313600,1024,1,8,38,bb0a339c,40.43152303190436,0,125,24.7333984375
spectrum,2701,3234437280,1024,1,8,58,d87bfaf7,40.445512798964046,0,97,23.0869140625
spectrum,2702,3235713920,1024,1,8,62,9c1f18f7,40.46156476892065,0,96,26.064453125
spectrum,2703,3236836720,1024,1,8,31,e7a4dab1,40.47538234991953,0,125,24.7734375
spectrum,2704,3238114240,1024,1,8,60,2673076c,40.491567983990535,0,87,23.8076171875
spectrum,2705,3239315680,1024,1,8,64,4593055b,40.50652924994938,0,92,26.92578125
spectrum,2706,3240514240,1024,1,8,62,9cf50a60,40.52151420991868,0,94,25.9052734375
spectrum,2707,3241714640,1024,1,8,72,2d72692c,40.88024187495466,0,126,35.10546875
spectrum,2708,3242913920,1024,1,8,72,a5d91c9b,40.88030077598523,0,126,34.5791015625
spectrum,2709,3244037360,1024,1,8,60,ffea3a4b,40.88034852698911,0,89,24.7763671875
spectrum,2710,3245314240,1024,1,8,72,6743bdf4,40.881064060959034,0,124,36.001953125
