ac_power_codes_squared,actual_crc32,capture_index,channel_to_background_db,command_start_ns,component_endpoint_fraction,crc_and_count_valid,crc_ok,expected_crc32,firmware_capture_us,header_received_ns,mean_i,mean_power_codes_squared,mean_q,nominal_rf_window_us,payload_received_ns,payload_transfer_ms,private_payload_sha256,returned_samples,round_trip_ms,sample_count_ok,unique_i_codes,unique_q_codes
36.46709584710501,4d07f986,0,0.37501251236635513,731403674113171,0.0,True,True,4d07f986,1033,731403681467801,-1.4943223443223443,103.6510989010989,-8.059218559218559,1023.7499999999999,731404036165826,354.698025,3cec548bf395f383bd6094749078e5886b2895b212c01dbaf891f4891d5eabef,16380,362.052655,True,36,38
240.27567984349125,a153178f,1,-0.18640893504820646,731404063032239,0.0004578754578754579,True,True,a153178f,1025,731404070070311,-2.128205128205128,275.42203907203907,-5.533272283272283,1023.7499999999999,731404425493666,355.423355,222f751120d590dbc49a1bdf77e9eb6fe7cdb97a2786bc7d9ba86cb46c48222f,16380,362.461427,True,116,118
304.5691425112671,fc244d83,2,0.08530921340656675,731404432439996,0.0,True,True,fc244d83,1025,731404439180617,-3.66996336996337,591.0296703296704,-16.522466422466422,1023.7499999999999,731404794150816,354.970199,12ec61722d39857fdc32eb97678921e65f865bb77a16cd216e2635457748144d,16380,361.71082,True,98,107
49.52446919245454,dd3dad91,3,0.6607937937231567,731404796678500,0.0,True,True,dd3dad91,1025,731404803951556,-1.009035409035409,110.27155067155067,-7.7284493284493285,1023.7499999999999,731405159144326,355.19277,ea33b97f0d918fa789101178381ed24b5dd7620332ebe376a17830bcfab747c0,16380,362.465826,True,63,66
116.36825007342406,ead9bea8,4,0.2662609618774548,731405161590516,0.0,True,True,ead9bea8,1025,731405167957451,-2.4532356532356534,222.97722832722832,-10.02948717948718,1023.7499999999999,731405523224581,355.26713,456d2ac12a152c7ee4400d07bf2a36c418dbdecb6a8fe06b1555fbadeec966b1,16380,361.634065,True,86,91
352.6414879629257,45d1f89f,5,-0.097404518511739,731405535362335,0.0,True,True,45d1f89f,1025,731405542557946,-7.668559218559219,853.5874847374847,-21.027106227106227,1023.7499999999999,731405897184756,354.62681,90176ddfa0c05723fcd93eb6c7d3b3a1548dcfb4eb1813ac91717cd7e914f0ea,16380,361.822421,True,105,103
1881.7640174928179,76e1866c,6,-8.575956206765671,731405901895092,0.003144078144078144,True,True,76e1866c,1025,731405909013437,-1.0753357753357753,1883.3333943833943,-0.6426739926739927,1023.7499999999999,731406264145802,355.132365,fe5cb3598906313733dfa0bf181c65968658e5274a18fba5d80a9568269e60b5,16380,362.25071,True,168,183
288.29704021253474,4430f691,7,0.4057686658490566,731406266359142,0.0,True,True,4430f691,1025,731406272959969,-5.2234432234432235,499.83467643467645,-13.573992673992674,1023.7499999999999,731406628154793,355.194824,4f1eb94e6d1d9b5af1d373a36a80784a2387a932fa8c05751a8981b016e3934c,16380,361.795651,True,101,108
331.0484990890944,4ebb3b2e,8,-9.300494755738885,731406631209282,0.0,True,True,4ebb3b2e,1025,731406638029493,-0.9625152625152625,339.68589743589746,-2.7768620268620268,1023.7499999999999,731406993137703,355.10821,ef88d3af270a654c5caa9d879f138245161c8936b04d46d6a14f47075870005a,16380,361.928421,True,63,65
365.8669180788686,c17d82ca,9,0.5983176024080223,731406994848003,0.0,True,True,c17d82ca,1025,731407001968982,-3.817948717948718,744.0023809523809,-19.067216117216116,1023.7499999999999,731407357137586,355.168604,fafe171aa9444c6e346a32032b1806316898d25a234e84f6f8c44a5cef15a598,16380,362.289583,True,111,109
341.6854999880733,f614f5bf,10,0.5253149464750911,731407360356746,0.0,True,True,f614f5bf,1025,731407366971510,-8.507997557997559,1074.4611111111112,-25.698046398046397,1023.7499999999999,731407722161644,355.190134,24bbaebfdea1d877392b2a6e56db77936fe881d517fad27af2416332084ebdc8,16380,361.804898,True,96,96
340.45720919970006,202daaa2,11,-0.16402177134940146,731407724674029,0.0,True,True,202daaa2,1025,731407731974508,-6.272649572649573,1020.214652014652,-25.306349206349207,1023.7499999999999,731408087211671,355.237163,2eaf58eda3162166e4c5a4dd16b6673f60c813fe520a1bde5fd1fb6375a4538d,16380,362.537642,True,93,94
891.2594892778502,2e961c44,12,3.9129796604361946,731408090209653,0.0,True,True,2e961c44,1025,731408096963219,-3.0852869352869354,939.2639194139194,-6.203663003663004,1023.7499999999999,731408452184272,355.221053,6c0f695f3844a1f170fb0cb3fe26d46e67a54d49eab4d9d78664b5619f337c77,16380,361.974619,True,187,185
49.920646679666824,99d58b56,13,0.5365235453094165,731408456270349,0.0,True,True,99d58b56,1025,731408463063199,-1.9880952380952381,115.28211233211233,-7.836385836385836,1023.7499999999999,731408818178322,355.115123,ebeb439d9bd53a142a868c934edf7b63d184e0e267896d6a594f6d3ea9438509,16380,361.907973,True,68,67
345.4895973901285,65d8c53a,14,0.10236505273764274,731408820399096,0.0,True,True,65d8c53a,1025,731408826297777,-5.172100122100122,897.6656898656898,-22.92216117216117,1023.7499999999999,731409182222519,355.924742,9a2e081f80db950574e6b674471e669a62f9cfec9d89c7f3a14084b24c9eae7b,16380,361.823423,True,101,104
214.97243554708757,9d21e65e,15,0.39041469532124706,731409185725104,0.0,True,True,9d21e65e,1025,731409192314199,-3.6506715506715506,352.01452991452993,-11.122710622710622,1023.7499999999999,731409548237368,355.923169,d268b34030522b35221d712f2fce774ae12feb5231659b6212f937cd59201bcb,16380,362.512264,True,93,100
126.735876608807,78ccd81e,16,0.2489507270995141,731409554635553,0.0,True,True,78ccd81e,1025,731409561372737,-3.062393162393162,286.2858363858364,-12.254456654456655,1023.7499999999999,731409917186500,355.813763,7d27169bd60f7f530e0284727bec496944b6b708a33cafebf2440794de3ca7bf,16380,362.550947,True,84,92
173.60700526715178,23f40e17,17,0.4365638611882374,731409919998180,0.0,True,True,23f40e17,1025,731409926426411,-3.821733821733822,311.8377289377289,-11.118681318681318,1023.7499999999999,731410282214205,355.787794,60e1441b8657397f6bcee7286e3df842f5299b4134f4d9993ac01f5ef43527d2,16380,362.216025,True,96,98
387.7209865958217,dcd78a38,18,0.3348103653135761,731410285306214,0.0,True,True,dcd78a38,1025,731410291374305,-8.001098901098901,946.108547008547,-22.234432234432234,1023.7499999999999,731410647207304,355.832999,475fcbd5c78b8ddf68e4cfad388805e3e9893d9381e3740758508b9973b2de73,16380,361.90109,True,106,111
964.6532762265547,705b6358,19,3.7436399620002305,731410649793819,0.0025030525030525033,True,True,705b6358,1025,731410656327259,-1.0045787545787546,966.0611721611722,-0.6314407814407814,1023.7499999999999,731411012234488,355.907229,10948c571da81ace7694e21b9d6bab39e0a4d19ca93ea5c825d5472e488e1fad,16380,362.440669,True,191,212
198.00855442549582,850f5d0c,20,0.10350176198448033,731411015424834,0.0,True,True,850f5d0c,1025,731411021348332,-4.12936507936508,325.7041514041514,-10.51874236874237,1023.7499999999999,731411377248167,355.899835,6d2b6ba10ff751243f02c47a2ad0185bf76e617c70f1c054c0e9c505ed5502e0,16380,361.823333,True,102,104
64.79873700915826,e5adef5e,21,0.41504281015050354,731411380355756,0.0,True,True,e5adef5e,1025,731411386347403,-2.6172771672771673,153.35921855921856,-9.03937728937729,1023.7499999999999,731411742216781,355.869378,7eab98a183a23af76361f377c572a2a29c3a7a0095d7d3c040117fcb3163bf06,16380,361.861025,True,77,85
369.7276521741723,a838780d,22,0.33302163392380824,731411746220382,0.0,True,True,a838780d,1025,731411752438867,-7.942735042735043,947.2402930402931,-22.68095238095238,1023.7499999999999,731412108260014,355.821147,1bab0cc5b19c7ee2fec090017e0cac548d1ebae3c1d0921700037b1a1bb7dead,16380,362.039632,True,108,107
229.29627303167595,5831c824,23,0.5308405607844265,731412111892635,0.0,True,True,5831c824,1025,731412119245812,-3.8926129426129426,570.6700854700855,-18.06159951159951,1023.7499999999999,731412474239206,354.993394,bf722a9b25e07dec2b29f29ea72f009ddf2cb6a54a0fe8088a8c022bf64fb22e,16380,362.346571,True,86,90
437.1719606760083,3f2c1e6f,24,0.11898798877669688,731412477913035,0.0,True,True,3f2c1e6f,1025,731412484459629,-7.373809523809523,1142.807326007326,-25.51984126984127,1023.7499999999999,731412840231974,355.772345,6fa967938a82175b6d41bfb284bda05b3ee0af8d3cdc7dbffbcf95094a5e64ca,16380,362.318939,True,110,116
109.4340652445506,786b0535,25,-0.32578339423053376,731412843081025,0.0,True,True,786b0535,1025,731412849357539,-2.8877899877899877,232.00616605616605,-10.687973137973138,1023.7499999999999,731413206553543,357.196004,9b83c2b87ecb8abcd1b2ca939f47c986d70e543ecc34b9f054e4472f043b0ca9,16380,363.472518,True,97,96
2268.3577116700285,b34bf05f,26,3.619146552797503,731413211051568,0.0009157509157509158,True,True,b34bf05f,1025,731413217474088,-1.1937118437118437,2277.428998778999,-2.765201465201465,1023.7499999999999,731413573246563,355.772475,108bcb31923d31d6f46b1df0200ed1abc384a272ffaacb82878a6073a9c5ff46,16380,362.194995,True,239,256
904.0094023281019,f629c410,27,2.016188495720029,731413575537981,0.0030525030525030525,True,True,f629c410,1025,731413582387367,-2.325702075702076,959.391452991453,-7.069169719169719,1023.7499999999999,731413937324254,354.936887,55328bb10cef28bcff607bad8010c27ab639d55552fada4f9ed1038ac0ee5c22,16380,361.786273,True,207,224
638.0344956512081,e9af5b61,28,-3.5306914567879106,731413939822102,0.002655677655677656,True,True,e9af5b61,1025,731413946406608,-5.303418803418803,796.4173992673992,-11.413003663003662,1023.7499999999999,731414301313658,354.90705,71a22c48e742de752bac544cf76d867fab13b81e2d96db9364fec350d017b27d,16380,361.491556,True,152,168
1106.3796102002054,7f1a9cfa,29,-1.0285486930872865,731414303349684,0.00347985347985348,True,True,7f1a9cfa,1025,731414309461257,-2.9501221001221003,1156.785409035409,-6.457753357753358,1023.7499999999999,731414665229544,355.768287,7adfccff6c3891d4e6d49be93235898c5c7c09698c4b04b7256cdff961fbb945,16380,361.87986,True,186,186
383.5977256988704,1c62ac17,30,-0.2701665489217441,731414667401276,0.0,True,True,1c62ac17,1025,731414673400456,-6.130891330891331,642.8045787545788,-14.886874236874236,1023.7499999999999,731415028338044,354.937588,6a273dc57cc2bac79e2b4a51240dea9873a46d70a641b0acbf9ef06344c7d83c,16380,360.936768,True,114,118
704.5876224392891,0e7462de,31,-0.4717668881954985,731415031448469,0.0026251526251526254,True,True,0e7462de,1025,731415037408325,-4.068803418803419,862.7426129426129,-11.899572649572649,1023.7499999999999,731415392323772,354.915447,3fcea32f67d91cf6747d456ebb9b68d5af0f7a984a8c42f704c490911f4fe5c1,16380,360.875303,True,140,158
127.15788125353144,dea165c9,32,0.035046266231709644,731415395115444,0.0,True,True,dea165c9,1025,731415401414912,-2.9967643467643468,203.92826617826617,-8.233455433455433,1023.7499999999999,731415756332563,354.917651,e56e58e97fd4c856f06511adf42ef3ba66b23283f170fa05e3fbd7dc6951bf93,16380,361.217119,True,119,110
886.4430158394719,01342ac5,33,-3.296260986867537,731415788650642,0.0028083028083028083,True,True,01342ac5,1025,731415795401632,-4.205128205128205,1027.6249694749695,-11.113003663003663,1023.7499999999999,731416150339371,354.937739,5860332027a3fce1c4fffb490a9e7136bbea269bea8eb0d5575adbc3ddefba75,16380,361.688729,True,186,199
417.80802307751935,147fa19f,34,-0.10652976922614911,731416152938670,0.0,True,True,147fa19f,1025,731416159386839,-7.987301587301587,981.3458485958486,-22.354884004884006,1023.7499999999999,731416514314899,354.92806,26e5063bda45d8842355b0466a1cfe82b98423621d4760d90fb278707d2979cc,16380,361.376229,True,113,112
148.96397139219485,cb10158f,35,0.24089628895750728,731416516448529,0.0,True,True,cb10158f,1025,731416523471643,-2.4355921855921854,251.5221001221001,-9.82985347985348,1023.7499999999999,731416878347185,354.875542,4a0beb536c0a381a5f8695852747a1afd932ed076be95c8da178382e385438c9,16380,361.898656,True,107,110
1056.6542695945352,2b700b52,36,1.4429374779031248,731416881465474,0.0025946275946275945,True,True,2b700b52,1025,731416888430238,-5.743284493284493,1262.3871184371185,-13.143345543345543,1023.7499999999999,731417243345985,354.915747,92118a394c7023ad4112b792fc2bf97c161e488c2c2f9cfe5402e3463d5e9bce,16380,361.880511,True,211,218
334.40705131932236,9cf25c6c,37,-0.007862457467405002,731417245558294,0.0,True,True,9cf25c6c,1025,731417252503671,-5.862393162393162,656.6383394383395,-16.966544566544567,1023.7499999999999,731417607391937,354.888266,4f3bd69519ee56ff9aac1b5ccbfeb0ab20c2bb05b7f4d83cab5711ab7de6e7b4,16380,361.833643,True,101,109
356.52149461208984,f51d0303,38,0.5333129023107059,731417611281012,0.0,True,True,f51d0303,1025,731417617479679,-5.438400488400489,692.7110500610501,-17.510378510378512,1023.7499999999999,731417972374266,354.894587,299809a44f428296deaa82cec5cff131b5722289e23ef4a0dfa3487f1ce7bf49,16380,361.093254,True,104,104
363.54683924303885,f6d80879,39,0.07244715556040099,731417974498549,0.0,True,True,f6d80879,1025,731417981494482,-7.118803418803418,822.8094627594628,-20.213492063492062,1023.7499999999999,731418336368821,354.874339,b2774d8d310e02ad35cc795f0444fcbfdd0cefc65c9ca02f93e2a6bcdd099a15,16380,361.870272,True,102,110
181.461212764308,2ce98bc3,40,-0.16101239184440913,731418339108094,0.0,True,True,2ce98bc3,1025,731418345494957,-3.4264346764346763,457.7683760683761,-16.265506715506717,1023.7499999999999,731418700628035,355.133078,ed848e926e94eb3f0d155acae32dce269d4c9cef406469aded4e80d228c6aab5,16380,361.519941,True,71,78
578.3839332601328,74b3f573,41,0.5820551932475053,731418705554019,0.0,True,True,74b3f573,1025,731418712542838,-4.415995115995116,908.3824786324786,-17.62094017094017,1023.7499999999999,731419067357345,354.814507,502ff71916ac27916bebfc05d8ed32cc9659883721761ca70ae437aee897ec2c,16380,361.803326,True,155,164
500.64000943331524,3afddd9c,42,0.17565641340008345,731419070053517,0.0,True,True,3afddd9c,1025,731419076408990,-9.613431013431013,1255.969658119658,-25.747069597069597,1023.7499999999999,731419431436499,355.027509,41d429b72fbc7e0970d44dfcc31818128fa405ce6f02311843ca2c7164707d2a,16380,361.382982,True,121,122
261.29218120165007,21b358e6,43,0.11779858525540816,731419434941569,0.0,True,True,21b358e6,1025,731419441506598,-5.242551892551893,497.1840048840049,-14.436324786324786,1023.7499999999999,731419796424399,354.917801,7b125649b8b6eaeb3e1b550bdf82ce6cc00009f6d83f6c3b2935b7549c84a3a8,16380,361.48283,True,107,106
430.092044558345,f4f71221,44,-0.4387063513270955,731419799154476,0.0,True,True,f4f71221,1025,731419805437983,-6.057142857142857,882.0846153846154,-20.378998778998778,1023.7499999999999,731420160370883,354.9329,9ddf77fe41a82195f0a6764658d57fea6fccbda6adbbed02c8c022b1cbe9fc2e,16380,361.216407,True,111,116
842.8767941040102,11b8ebac,45,-0.008235433856080885,731420163537293,0.002014652014652015,True,True,11b8ebac,1025,731420170495836,-8.987789987789988,1415.4189255189256,-22.175702075702077,1023.7499999999999,731420525383570,354.887734,9642626e2df356760a0819105ee07e94db6362dbd4f01a0caf406974a68cb4e1,16380,361.846277,True,162,204
1835.120737125444,ee497fc2,46,-8.362324965207035,731420528131040,0.005616605616605617,True,True,ee497fc2,1025,731420534460093,-1.5252136752136751,1854.8982905982905,-4.177472527472528,1023.7499999999999,731420889402912,354.942819,27df6d9f53ff28564d3b8833ff43582ebe477b9b5e2479eeece292cd5829f9de,16380,361.271872,True,184,203
317.37647587590817,ee95cd1a,47,-0.47656203309055345,731420891963578,0.0,True,True,ee95cd1a,1025,731420898462462,-5.632173382173383,593.0124542124543,-15.617765567765568,1023.7499999999999,731421255297856,356.835394,9ff3a5a36c45db56ef82609e024368a91a202874dcc63e0e4e59636de39f040c,16380,363.334278,True,110,119
426.4954766526378,7e7aa463,48,0.2949629267920306,731421259097311,0.0,True,True,7e7aa463,1025,731421265475017,-11.295665445665446,1154.1730158730159,-24.496642246642246,1023.7499999999999,731421620393179,354.918162,1194519360c0b998f161c98c43e2c104822b61ef7a76d115ba6e5c9ff95c70d1,16380,361.295868,True,105,112
434.7913199746259,8bcecdf8,49,0.29867759491678497,731421623221701,0.0,True,True,8bcecdf8,1025,731421629547479,-6.25976800976801,888.4191086691087,-20.35787545787546,1023.7499999999999,731421984479788,354.932309,5622b9448517dfda46c092a5c54fbc4018827a9f542eee306ed70c17fa93e03e,16380,361.258087,True,125,127
480.4827478602662,47042bbe,50,-0.09366351983610771,731421989982340,0.0,True,True,47042bbe,1025,731421996697323,-11.134493284493285,1249.166971916972,-25.39108669108669,1023.7499999999999,731422351412211,354.714888,05d64c9727ac4ea27c75270b1806c55945b1c1bca95377ae965c44039e393339,16380,361.429871,True,115,122
459.5152140479247,e4150a83,51,0.3506722208713886,731422353682980,0.0,True,True,e4150a83,1025,731422360591207,-7.898656898656899,1181.126862026862,-25.675335775335775,1023.7499999999999,731422715411965,354.820758,0b6b29a0f09b9280d5b1a068fac2445e9a366a91b7f53e4220d14ac40916c402,16380,361.728985,True,115,118
474.31279760972984,b400130b,52,0.1333854017432695,731422719042112,0.0,True,True,b400130b,1025,731422725580120,-8.47112332112332,1043.5587912087913,-22.304395604395605,1023.7499999999999,731423080399355,354.819235,cc280650bc260a53f805999ba90c840ca6ba7e088a77bf707a132af766879c60,16380,361.357243,True,119,115
463.7795827388593,4bf1ee2c,53,0.09819264119694932,731423082591676,0.0,True,True,4bf1ee2c,1025,731423089747231,-7.945665445665446,1186.220695970696,-25.676984126984127,1023.7499999999999,731423444488479,354.741248,43499b073a3d2e5dc3dedbd84ca4db6f3a4e95839e5c637ac5748fd948dc8b37,16380,361.896803,True,109,122
185.3720464889879,711d5e23,54,0.4677009942591129,731423448114197,0.0,True,True,711d5e23,1025,731423454552276,-4.102625152625152,432.42954822954823,-15.173199023199023,1023.7499999999999,731423809433799,354.881523,1b09f7e78f1437f201ea1d0bae77a1d9c8da5ab8b3afd359df7087b0decdb9c0,16380,361.319602,True,79,80
472.50050822125917,8908fd8f,55,-0.2856018250166703,731423814259714,0.0,True,True,8908fd8f,1025,731423820581083,-10.545238095238096,1098.6461538461538,-22.692368742368743,1023.7499999999999,731424175413413,354.83233,3fe78863546e4e6ad1853004bf221d06aed213e7d01731f7adf129db6abb0ab3,16380,361.153699,True,118,123
428.589141661486,c7f2ddd7,56,-0.30394280843941807,731424177849724,0.0,True,True,c7f2ddd7,1025,731424184579104,-5.585714285714285,860.4538461538461,-20.016605616605617,1023.7499999999999,731424539432274,354.85317,bd62a51da6e0a8a7a0b1a2409929d0b0a30c6ae1d167cfaf245ad7cedd996946,16380,361.58255,True,111,117
411.9092688267505,2c8d9425,57,0.3063574159856614,731424542300411,0.0,True,True,2c8d9425,1025,731424548613865,-9.502625152625154,1001.7725885225885,-22.35091575091575,1023.7499999999999,731424903478747,354.864882,4896b288de99cd312bff51391931a6ecc23497b6c6a39703aeb2b83bbace70c6,16380,361.178336,True,106,109
225.72726660464755,47a03a6d,58,-0.37475088728299993,731424909680159,0.0,True,True,47a03a6d,1025,731424916581123,-5.488217338217338,428.2953601953602,-13.131929181929182,1023.7499999999999,731425272488874,355.907751,3a736595669c08dff6994da08e4035a830fcb59b37a113d7ae4c8e20d0632301,16380,362.808715,True,109,110
396.91667988672566,263161d1,59,0.6098557485237697,731425276480894,0.0,True,True,263161d1,1025,731425283677977,-6.718986568986569,1046.170634920635,-24.57863247863248,1023.7499999999999,731425638417442,354.739465,d6cb9a7707549952e4b8473e2a3dac2b7d2b197ed3dfaafc979e01f0bc6be172,16380,361.936548,True,103,106
214.34081581591656,b7216ed8,60,-0.5702809942331931,731425640560990,0.0,True,True,b7216ed8,1025,731425647534161,-4.801037851037851,373.6529304029304,-11.673137973137973,1023.7499999999999,731426002436082,354.901921,2aa242218e91c38bdc876f339c4fa55dec0e7f4865ce34974759eb5014378bfd,16380,361.875092,True,114,111
345.4632379864065,ac30079c,61,0.19251172613382384,731426005093101,0.0,True,True,ac30079c,1025,731426011763739,-7.051098901098901,630.4964590964591,-15.33998778998779,1023.7499999999999,731426366430216,354.666477,c8f9a00335420a770ce8d3cd2d68c19d7716894ce103c638f6778638ecdb3f63,16380,361.337115,True,118,123
370.9963242160769,30f9185b,62,0.18079616864644932,731426369301580,0.0,True,True,30f9185b,1025,731426376600856,-7.517399267399267,697.0205738705739,-16.416849816849815,1023.7499999999999,731426731422626,354.82177,82a3e3826b8db1e62d62a591d3c64f9dc901c056531bcabdeb420afe25908060,16380,362.121046,True,112,111
277.17417773245614,e35a84a3,63,0.6450395933112805,731426733389391,0.0,True,True,e35a84a3,1025,731426740640546,-5.560927960927961,500.14896214896214,-13.858241758241759,1023.7499999999999,731427095499126,354.85858,5ca765c7169a6b85b5663c5c92c6267753cb8484c386aea09ac95aea31cee5f9,16380,362.109735,True,110,111
2475.8996718913295,0109a903,64,-8.775867583315994,731427098591166,0.007142857142857143,True,True,0109a903,1025,731427105661389,-0.911965811965812,2477.683943833944,-0.976007326007326,1023.7499999999999,731427460485554,354.824165,44f16fe02309e214f3c9eccbee4a68c5f11c94bb60744f1d31b7eed490bef13c,16380,361.894388,True,200,213
442.44617427071637,10a8149c,65,0.1250194137127218,731427463291103,0.0,True,True,10a8149c,1025,731427470647657,-5.0787545787545785,842.2774114774115,-19.34004884004884,1023.7499999999999,731427825432288,354.784631,104a3e2a59d4ba1eb4b0fe348938aede07157d82ced5c4d1e58789ecf48f87f3,16380,362.141185,True,118,127
321.78472227067465,47f9fcd8,66,0.026034586565367272,731427827659775,0.0,True,True,47f9fcd8,1025,731427834615903,-6.3871184371184375,763.3153846153846,-20.018376068376067,1023.7499999999999,731428189483400,354.867497,908f60f9598a6f3e31a64d51a2b2f18f33a96f133903e72bb6a96287905771a8,16380,361.823625,True,108,112
400.124472427586,798f7b59,67,0.9139040987263737,731428192189170,0.0,True,True,798f7b59,1025,731428199492544,-10.502197802197802,1117.0833943833943,-24.630525030525032,1023.7499999999999,731428554531755,355.039211,72b9091d2e03fceab0f32ce0300b5eb95e04c7dfa10da3c5e077ebb6f0f8a3e2,16380,362.342585,True,99,103
437.72112895278644,982c6219,68,0.6795162089558022,731428557594089,0.0,True,True,982c6219,1025,731428564488951,-7.411904761904762,1044.1043345543346,-23.482905982905983,1023.7499999999999,731428919508415,355.019464,9e8030054a8e00f28b789faa62794854101d3f1c01799647ea432f664c2a6ba3,16380,361.914326,True,106,110
415.2635379367614,5f1dc0f9,69,0.22563222173493452,731428922145766,0.0,True,True,5f1dc0f9,1025,731428928545934,-7.069352869352869,827.2003663003663,-19.025274725274727,1023.7499999999999,731429283468685,354.922751,ac1b57e57a885fac3c96386c28223ef16570f7cd473338ab5c342e3f7931b4e1,16380,361.322919,True,117,116
201.3469173595364,f224bb67,70,0.8947335603058831,731429285998614,0.0,True,True,f224bb67,1025,731429292539006,-3.0815018315018317,479.14017094017095,-16.37979242979243,1023.7499999999999,731429647475814,354.936808,2484d6818ebe1904371bdcb67794a062e0c341cbe9e863557a9e92918a43927f,16380,361.4772,True,80,79
225.94236519043295,7bea3b2a,71,0.005311108220532805,731429649208908,0.0,True,True,7bea3b2a,1025,731429656877822,-4.471489621489622,455.8114163614164,-14.487057387057387,1023.7499999999999,731430011471542,354.59372,b29e5de31359738fb51ca48d9bc4b7be0878f66ad2f2d066dc052557a08411fb,16380,362.262634,True,111,117
345.90793422321815,b96629dd,72,0.3753420134189923,731430014010918,0.0,True,True,b96629dd,1025,731430020523228,-6.867399267399267,611.5907814407815,-14.782478632478632,1023.7499999999999,731430375461899,354.938671,14541d7cdc378f3d8ece0fa470a6213a99af8887a02e62c4ff0a7f4d6d817fc9,16380,361.450981,True,120,124
912.2580477323519,a84a6f6e,73,-13.987443586272931,731430377702331,0.0,True,True,a84a6f6e,1025,731430384538302,-2.6506105006105005,1156.4080586080586,-15.398840048840048,1023.7499999999999,731430740227631,355.689329,ee036067acf281c3f331a27f94c9238bd75bf5193e4c45c187a9b2a50ecf3506,16380,362.5253,True,147,157
636.7524587669826,2c96c378,74,-0.039156673123451835,731430744026356,0.001984126984126984,True,True,2c96c378,1025,731430750604269,-3.7838217338217337,788.6649572649573,-11.73009768009768,1023.7499999999999,731431105525648,354.921379,e02c11da9f84e13d533e0629f554e8f14f9be84bb252c31a2c8ebc5336e2e52c,16380,361.499292,True,167,184
958.0544861135338,1712720c,75,11.540181021929818,731431107544251,0.0028388278388278387,True,True,1712720c,1025,731431114541967,-5.31013431013431,1128.0102564102565,-11.906227106227107,1023.7499999999999,731431469497689,354.955722,dc4ea78644205e9944a28b315458840fbb18c884a0dcc41b74e99719df71bcdc,16380,361.953438,True,158,178
824.2938792021301,81d07a19,76,-6.340296921886457,731431471577577,0.002442002442002442,True,True,81d07a19,1025,731431478522524,-7.283516483516483,1218.2823565323565,-18.464529914529916,1023.7499999999999,731431833521399,354.998875,e37128094b8618802b237f5c41fbeb89f20980979ad26d3a60c7e116b0b60df0,16380,361.943822,True,133,162
469.93062303860836,3566d356,77,0.2685090343112667,731431836082066,0.0,True,True,3566d356,1025,731431842425617,-8.46031746031746,1043.2566544566544,-22.3997557997558,1023.7499999999999,731432197624960,355.199343,6a3bf90610f8fa2e328bef655b4d2e89f7aee295382c56c5196ffd3bd9cfe309,16380,361.542894,True,116,120
757.386424039263,99277851,78,-8.416083786016431,731432202194140,0.0,True,True,99277851,1025,731432209689767,-0.9274114774114774,762.9496947496948,-2.1686813186813185,1023.7499999999999,731432564537256,354.847489,b79ce63fd72c5304d408ca3970f9a3cf9f3d47bccb900e2fce9c0c83ae4d807f,16380,362.343116,True,95,100
461.90204177046667,0e6949b4,79,0.4858612967642855,731432566795562,0.0,True,True,0e6949b4,1025,731432573429621,-5.669108669108669,860.845177045177,-19.15213675213675,1023.7499999999999,731432929896800,356.467179,ac9d195980348b7e801905695b4a657666ce8f1cc0c71dca3aa07ab67092b4e6,16380,363.101238,True,132,134
810.518655955698,32fdb9e7,80,-0.0075209649411431875,731432935114244,0.0,True,True,32fdb9e7,1025,731432941534730,-6.374786324786324,1239.260989010989,-19.7003663003663,1023.7499999999999,731433296563332,355.028602,0ed63e9b40619c2e34ebe2d25df911a965b9447287f208642e6636c38a34ed3e,16380,361.449088,True,161,169
615.3620544985472,52f2e180,81,2.341561799567868,731433300118226,0.0007936507936507937,True,True,52f2e180,1025,731433306468961,-4.475091575091575,772.3570818070818,-11.703357753357754,1023.7499999999999,731433661586841,355.11788,c5ff42f536db588c723ffaa0ceb97b6b5c4fa4211b83234c27742ca0099b262e,16380,361.468615,True,200,207
464.30631312047063,b85b0f24,82,0.6892793130294954,731433665156523,0.0,True,True,b85b0f24,1025,731433672417457,-8.581135531135532,1235.1504273504274,-26.404700854700856,1023.7499999999999,731434027563580,355.146123,d0596504f60a02df16d017c3923551ebd934518625ed9dc180e26fc725404ea7,16380,362.407057,True,113,119
946.5831731235121,c692e629,83,-2.042290007909629,731434030308124,0.002380952380952381,True,True,c692e629,1025,731434037410668,-2.4154456654456653,981.5300976800977,-5.395604395604396,1023.7499999999999,731434392549188,355.13852,b107e030a3369091e29023221b01f137caa0701319c880c5d2f1e7a169da9922,16380,362.241064,True,183,199
473.64053632739535,61670d45,84,0.42701093705761356,731434394295957,0.0,True,True,61670d45,1025,731434401453215,-9.34017094017094,1251.468315018315,-26.27905982905983,1023.7499999999999,731434756596643,355.143428,7de5f700508d96ceabc01065cc19a4b81814b5e9b2d15d8bd4f0959893d0808f,16380,362.300686,True,115,117
380.45087960540343,f9428177,85,-0.09176959916207197,731434760956267,0.0,True,True,f9428177,1025,731434767559599,-5.526678876678877,769.4638583638583,-18.933272283272284,1023.7499999999999,731435122562772,355.003173,53c28a8d2b1c993520d95ffa84b8cd242ec07156d09b376d56006ab35f73971c,16380,361.606505,True,114,125
410.7049640557516,a0b8d02b,86,0.15555458882533751,731435125880569,0.0,True,True,a0b8d02b,1025,731435132373031,-9.959035409035408,1238.1326007326006,-26.986019536019537,1023.7499999999999,731435487566614,355.193583,b2aa791287ebd2ddaeb5731a527db2bb7e728c9d41fb9e1783f8afa2e3ecc8a0,16380,361.686045,True,112,117
440.8180334426122,55e1731b,87,0.0634270465562415,731435490192063,0.0,True,True,55e1731b,1025,731435497570318,-8.890598290598291,1031.0899877899878,-22.61037851037851,1023.7499999999999,731435852567460,354.997142,542de1a13d64bda224e37a7f189f4497bc09f1a17cdfd338a8c84ea6fc21c541,16380,362.375397,True,110,116
333.0594715666236,f8731ef4,88,0.30127784562695503,731435855702281,0.0,True,True,f8731ef4,1025,731435862397797,-5.482539682539683,604.0893162393162,-15.523260073260074,1023.7499999999999,731436217595218,355.197421,2cfb814ea343398adb245fc8b0c5c01709f6254695c99c7b3f672949828357aa,16380,361.892937,True,119,124
1015.1102089827822,f89b25ce,89,-0.5532843299364721,731436220865574,0.002564102564102564,True,True,f89b25ce,1025,731436227396038,-6.743284493284493,1313.465873015873,-15.902319902319903,1023.7499999999999,731436582571347,355.175309,f91a4122c216de00e83150bfdfc3d8537f6a3cf41705efcedec7f820536a8be2,16380,361.705773,True,173,190
388.33317969813385,974f5da4,90,0.4265520000321446,731436585146982,0.0,True,True,974f5da4,1025,731436592495571,-10.196520146520147,977.5386446886447,-22.028083028083028,1023.7499999999999,731436947556273,355.060702,92f8ec96d2db68e71543475840856e269e8bb1fb3165f42c335c59ddec7e985a,16380,362.409291,True,108,109
635.3661246218848,cebff989,91,0.21859011808234938,731436949965905,0.0,True,True,cebff989,1025,731436956346135,-7.008669108669109,1045.7265567765567,-19.006288156288157,1023.7499999999999,731437311616143,355.270008,b23af6803c0f9a061c3eb514d92d1eda3654b2db7516e20c4eb9a64be584a63e,16380,361.650238,True,167,170
1037.910176501019,bdc9f154,92,-8.530510291172003,731437314851433,0.0010378510378510379,True,True,bdc9f154,1025,731437321469322,-1.1826617826617827,1042.0956043956044,-1.6693528693528694,1023.7499999999999,731437676611458,355.142136,3ca32ec9cd5ac2c1817c3d7f2853a1730b988dcd2b0d5e8f8caa8a582e40041c,16380,361.760025,True,140,153
1761.5929950272898,8a4813ae,93,3.846161891925317,731437679141827,0.003235653235653236,True,True,8a4813ae,1025,731437686395658,-3.2653846153846153,1794.7492673992674,-4.742735042735043,1023.7499999999999,731438041664943,355.269285,12028a5b7784cad821b7828326bfc5e55849af9d3db713c2a584bed5caf0338a,16380,362.523116,True,226,240
612.1491283892474,7d2d9d62,94,0.24256396700052948,731438046893729,0.0,True,True,7d2d9d62,1025,731438053472464,-5.810989010989011,1062.3432844932845,-20.406532356532356,1023.7499999999999,731438408631342,355.158878,f5e5373b63e9ac3534564400f4ea9547fae556c0b04c54bd5f7d45ec5bd904dc,16380,361.737613,True,153,155
518.0183251076016,40810068,95,0.595335755674081,731438411273502,0.0,True,True,40810068,1025,731438418422865,-7.51965811965812,1051.3993284493286,-21.836568986568988,1023.7499999999999,731438773601220,355.178355,15077923a3325a8185efde3a4fbf2a763474456ed6918fa4b8e1d83b5169d856,16380,362.327718,True,121,128
389.9472825268612,0b32bd14,96,0.2036558595138405,731438776250113,0.0,True,True,0b32bd14,1025,731438783411539,-7.484188034188034,821.6692307692308,-19.383211233211235,1023.7499999999999,731439138608749,355.19721,0988de0f12e4771a55bdf68d6b0d356235471738117ee9c0c41358426bc86db1,16380,362.358636,True,107,110
712.5434938040524,a5662394,97,-0.7038224340378114,731439140379243,0.0025335775335775337,True,True,a5662394,1025,731439147395375,-5.862026862026862,905.2563492063492,-12.583699633699634,1023.7499999999999,731439502596933,355.201558,b1e08b86aae7339a0388037fa3bff1c29bc867eb159d6cca9cd8d9d7dd6a9dc8,16380,362.21769,True,145,174
484.7932126905113,97440fa6,98,0.1430707034601483,731439505829639,0.0,True,True,97440fa6,1025,731439512405599,-9.461660561660562,1046.5929792429793,-21.731929181929182,1023.7499999999999,731439867609141,355.203542,a67a715b41f19514cdb668a1cc826202671df99dfee02c11d3f42dadaaebad21,16380,361.779502,True,120,129
938.7712014823461,0018c8d5,99,-0.11537918324838287,731439869606674,0.0029304029304029304,True,True,0018c8d5,1025,731439875776587,-9.942002442002442,1504.7418192918192,-21.613125763125762,1023.7499999999999,731440231609448,355.832861,d01f1e87edaa798ebd0665d71c2d7c1254f20e6472a2f3788c4d98f21f152961,16380,362.002774,True,147,168
1044.5188243912512,888801aa,100,2.0308329830479517,731440234095604,0.0029304029304029304,True,True,888801aa,1025,731440241403186,-5.234615384615385,1182.1418192918193,-10.498656898656899,1023.7499999999999,731440596641464,355.238278,c3205f5a600a6c6c79dc857428a556d0756954270d2143f710958bf5ff2b410e,16380,362.54586,True,184,200
921.2435068153932,0de2513a,101,-8.395841313965114,731440599320363,0.0009157509157509158,True,True,0de2513a,1025,731440606393693,-2.608852258852259,944.7511599511599,-4.086752136752136,1023.7499999999999,731440961885550,355.491857,5d068a3aec74cad721a7db1b8cbb79a360947afdc4a1e979b78c72244bfe49f0,16380,362.565187,True,134,157
97.03477129335187,347ed609,102,0.6642066332797398,731440968346172,0.0,True,True,347ed609,1025,731440974817745,-2.247863247863248,124.37954822954823,-4.7214285714285715,1023.7499999999999,731441330622463,355.804718,0376532e2ade301210c4011920af91db9ed2d3a922707b03164f6a6453cbf165,16380,362.276291,True,94,95
1230.6891375467565,a4cb4d2c,103,-9.687241954662703,731441333221912,0.00231990231990232,True,True,a4cb4d2c,1025,731441339813923,-1.1923076923076923,1232.880586080586,-0.8774114774114774,1023.7499999999999,731441695775587,355.961664,24b14ea9cfcb18ab52930e0368421ccb4acf2a5ca5f66ecaf48d611967f24d22,16380,362.553675,True,154,169
349.5111916576843,36ed4240,104,0.12415460329961883,731441699968747,0.0,True,True,36ed4240,1025,731441707521992,-7.797496947496947,910.7274114774115,-22.36996336996337,1023.7499999999999,731442062687603,355.165611,9f57dc3d59dee06967b1bb4c5516a39533fadbc162dbee20feced89fd4dc2886,16380,362.718856,True,107,113
500.1687692747492,bb92eec5,105,0.2116075948325211,731442065609111,0.0,True,True,bb92eec5,1025,731442071762082,-10.184126984126983,1117.0957875457875,-22.654151404151403,1023.7499999999999,731442427654977,355.892895,73f521ac62d20a3f9c4ac2fd0cd84d83e4dab51200f96c61e59bad4247f66b73,16380,362.045866,True,111,117
379.83106092184846,dfd6d3bb,106,0.7010140822201776,731442430378370,0.0,True,True,dfd6d3bb,1025,731442436735277,-6.2333943833943835,660.5989010989011,-15.553540903540904,1023.7499999999999,731442792671503,355.936226,b35adcce0a8eb49eb4ea0b891b8d06e355794a76af32f734e04423dbb98fa6db,16380,362.293133,True,121,125
523.3675891077448,6a134e64,107,0.24873230851843328,731442795296611,0.0,True,True,6a134e64,1025,731442801818730,-9.1493894993895,1262.2076312576312,-25.595482295482295,1023.7499999999999,731443157678862,355.860132,51ba037e70740c8cfd350687ffa1a8e790188d3a17594abe803e03d061bb8d3b,16380,362.382251,True,123,129
433.48266000855745,0c934acc,108,0.09421027535243925,731443160464273,0.0,True,True,0c934acc,1025,731443166776395,-6.6290598290598295,939.309645909646,-21.49145299145299,1023.7499999999999,731443522672415,355.89602,ecb35c307ee0541bc9bb370dfd849c21747da2384adb262250d9ce9dc9204507,16380,362.208142,True,108,109
298.3760164462454,f6950bfd,109,-0.06529416393709407,731443525556453,0.0,True,True,f6950bfd,1025,731443531801437,-6.627411477411478,702.5751526251527,-18.98095238095238,1023.7499999999999,731443887687128,355.885691,d229807fa869206df664b2da4e9753ea0d5990d1099e4fa25a3173587dbf9a4e,16380,362.130675,True,111,117
533.2718061239399,204b6c38,110,0.16403826035562097,731443890586725,0.0007020757020757021,True,True,204b6c38,1025,731443896799439,-6.188949938949939,1097.7031135531136,-22.937484737484738,1023.7499999999999,731444252718032,355.918593,a8e83e3b54e3e4162c1e8099b8e72dac35416ce200488abd7112a24cf5fcc2f0,16380,362.131307,True,153,160
1358.5857657906467,cdaac01f,111,0.8138615535081501,731444255835380,0.003785103785103785,True,True,cdaac01f,1025,731444261848888,-1.0122100122100122,1363.1664835164836,-1.8857753357753357,1023.7499999999999,731444617705133,355.856245,f672c0c57e54bb9adb46939ceada786f201382b8b7fb366e230d959a86f4940d,16380,361.869753,True,187,219
615.7931110298603,a316bd3c,112,-2.032931830652574,731444621210534,0.0,True,True,a316bd3c,1025,731444627867968,-4.912332112332113,759.5112942612942,-10.935592185592185,1023.7499999999999,731444983654542,355.786574,1caf902ef1ae5110ebe263496eb2c83330c8100d3c89384e3f8258c27d4f06d6,16380,362.444008,True,120,125
499.1198068686164,1a7ce490,113,-0.04837931337900121,731444986617738,0.0,True,True,1a7ce490,1025,731444992827517,-10.40103785103785,1308.817094017094,-26.486141636141635,1023.7499999999999,731445348693100,355.865583,33125abee29081cb551490da23dd3dae0870f2c787d730ed671fbab002542ece,16380,362.075362,True,114,120
485.3063451437994,3fdabab9,114,0.5679641260839219,731445351911899,0.0,True,True,3fdabab9,1025,731445357816071,-8.70995115995116,1008.7245421245422,-21.155494505494506,1023.7499999999999,731445713811669,355.995598,f0d721d951f6a6e106709a17c86b6e312d842241517da1dc8598ac3f0aa4aeb3,16380,361.89977,True,117,131
1098.7451197818598,4a0c6ba1,115,-8.828752884169106,731445718334522,0.0007020757020757021,True,True,4a0c6ba1,1025,731445724914990,-2.21978021978022,1115.2516483516483,-3.4028083028083027,1023.7499999999999,731446080669494,355.754504,1deb9385e3cb2a594d80cd40c16b9fee93d26bbcf4ef6cd986ae96086307df38,16380,362.334972,True,116,136
473.56973210279074,80b02ffa,116,0.7701363866877377,731446082977483,0.0,True,True,80b02ffa,1025,731446089841116,-7.478571428571429,1031.682783882784,-22.40946275946276,1023.7499999999999,731446447130609,357.289493,1bbe813a2c7e6bc92b7c58b0e79ff8a7907f6da69f98970bd18daa1e75ec0f55,16380,364.153126,True,122,125
471.946132359365,43d9117b,117,0.40767710403184554,731446453555303,0.0,True,True,43d9117b,1025,731446459922759,-11.110927960927961,1327.553907203907,-27.058363858363858,1023.7499999999999,731446814773025,354.850266,23bfbd19a85a5017ad826dc59c12e79ccac6b344bc2fc624c41c339f108a2c36,16380,361.217722,True,118,117
526.2945769059323,c281b003,118,-0.20340177156992964,731446818490837,0.0,True,True,c281b003,1025,731446824903108,-11.225885225885225,1374.9991452991453,-26.882783882783883,1023.7499999999999,731447179800973,354.897865,0240b375f45c7d77f72c9b97a213a31657c7b735f7cfcc3073a34babbfa891b1,16380,361.310136,True,126,127
378.7606504515021,92903f7f,119,0.5062990076470361,731447183530958,0.0,True,True,92903f7f,1025,731447190057184,-8.245787545787545,824.9849206349206,-19.4481684981685,1023.7499999999999,731447544893704,354.83652,250a18d89b419de10bdd2ccfae743a01d1c033a48d0354276a12def03726c8d0,16380,361.362746,True,110,109
272.1743374093008,be1f2b4e,120,-0.11112024977489937,731447550528346,0.0,True,True,be1f2b4e,1025,731447556929155,-5.588217338217338,443.0822954822955,-11.818620268620268,1023.7499999999999,731447912511284,355.582129,297e17ecdb815935b0c0e34022b886a3e7a53345068830f18c6c843c0bc8aade,16380,361.982938,True,116,118
379.4750664916416,8953e144,121,0.4760856812153769,731447915948435,0.0,True,True,8953e144,1025,731447922848838,-9.8510989010989,886.0824175824176,-20.237667887667886,1023.7499999999999,731448277825593,354.976755,0e545fc0e807f5d017c5438e2920ea0f87a7043fd2dd61e57441fcd6e763895b,16380,361.877158,True,110,108
472.7946046915369,1a1b91c6,122,-0.17749962334123193,731448282590212,0.0,True,True,1a1b91c6,1025,731448288925968,-7.623382173382173,995.8736874236874,-21.563003663003663,1023.7499999999999,731448643771715,354.845747,0fdd7152c4d6f2b5d0c3019ac2ecb04e702507830498d53a8b97457d4a8c939c,16380,361.181503,True,125,123
242.34948660923936,e208347e,123,0.23367032604711083,731448646610627,0.0,True,True,e208347e,1025,731448652961201,-5.183150183150183,416.50787545787546,-12.136446886446887,1023.7499999999999,731449007873464,354.912263,513ba63816eda249a34032d00ee0f7d37d9b057ab99e39da36217ad2e89386bb,16380,361.262837,True,116,123
1037.085132167046,774bd301,124,3.659796350558894,731449011050996,0.0015873015873015873,True,True,774bd301,1025,731449017930549,-1.4216727716727717,1042.668192918193,-1.8873015873015873,1023.7499999999999,731449372803528,354.872979,8cdf34907ee101930087f6250c32aed08fc6edbee6f5d2ed1e5358cbce4c285b,16380,361.752532,True,175,193
205.48849547007057,a9f452f7,125,-0.20230442032510396,731449376215673,0.0,True,True,a9f452f7,1025,731449382886221,-4.819047619047619,373.87155067155066,-12.048229548229548,1023.7499999999999,731449737815857,354.929636,358dfa5b74eab532161310647d4dfcbb740de4a940f3f7e51a6ed5871d98a792,16380,361.600184,True,109,108
261.5451374707236,c77ae24b,126,-0.040095827761333705,731449740661542,0.0,True,True,c77ae24b,1025,731449746887982,-5.03986568986569,711.6299145299146,-20.60787545787546,1023.7499999999999,731450101837455,354.949473,d4aa09c6440ea58a83049fcc7cdeee68209fa34e1f1fcd1261588da8cdd58838,16380,361.175913,True,92,100
305.58531282379266,2862b0e6,127,0.3740944768865368,731450107456788,0.0,True,True,2862b0e6,1025,731450113933821,-5.428144078144078,583.7283272283272,-15.76953601953602,1023.7499999999999,731450468861323,354.927502,7baa8091bcd61376e25d9c620dcecf89aad7bd875360f133d5bd9ce24f62b709,16380,361.404535,True,120,117
199.10828056118348,33218f1d,128,-0.38337827611515746,731450473621724,0.0,True,True,33218f1d,1025,731450479988680,-5.843101343101343,371.6973748473749,-11.766361416361416,1023.7499999999999,731450834868000,354.87932,6748793c598c44c567e2db8a1bb0e4bfb679eeabb96f8cd5dc0bc055d57c9d81,16380,361.246276,True,118,110
1155.5399682412958,a8fa2bcc,129,-9.326460346698578,731450839064196,0.0004578754578754579,True,True,a8fa2bcc,1025,731450845947356,-1.4711843711843713,1161.1553724053724,-1.8576923076923078,1023.7499999999999,731451200865240,354.917884,ed620904c53638adc3324a42ab3d56a65bc71a1bb69d25805ec1875fc2d24ae4,16380,361.801044,True,126,140
506.1968770918405,c97b1abc,130,-0.21375958470731107,731451205053229,0.0,True,True,c97b1abc,1025,731451211977006,-11.698473748473749,1180.1501831501832,-23.175396825396824,1023.7499999999999,731451566811903,354.834897,973a82cadcdb0e0b471e886ce928d5d90e3bd5230c44f3f98a4298fa36ebccbb,16380,361.758674,True,121,121
466.6613632575537,df87bc7f,131,0.268365529317082,731451569210223,0.0,True,True,df87bc7f,1025,731451575943600,-9.850915750915751,1159.0321123321123,-24.3993894993895,1023.7499999999999,731451930848790,354.90519,1efb81f884ba575fd0c89bc5bf8ef370c5756ce5aed6c49d744a37afdd4c57d2,16380,361.638567,True,122,118
785.068814014977,9a7fae6a,132,-0.436948295360427,731451934441376,0.00231990231990232,True,True,9a7fae6a,1025,731451940924901,-3.68992673992674,1053.5408424908426,-15.964224664224664,1023.7499999999999,731452295815483,354.890582,2b74be7a88e6aad1de409899175c3a74b648344226ae65e1c78c7e1664589d46,16380,361.374107,True,155,173
829.3912011804503,60346381,133,-11.278413292334895,731452298603309,0.0,True,True,60346381,1025,731452304944405,-1.617887667887668,833.0421245421245,-1.0165445665445665,1023.7499999999999,731452659850647,354.906242,bd85d3d69cf06ff8f34a37c6a9b9dcf119929ff917d31a00a040addef64cad8d,16380,361.247338,True,82,83
644.1185961020393,f9f7cbd4,134,2.6081921550324143,731452663324448,0.0019230769230769232,True,True,f9f7cbd4,1025,731452670039541,-3.208791208791209,699.5687423687424,-6.71965811965812,1023.7499999999999,731453024883856,354.844315,6e330d90ae053bcbe8d9b0d5fdfb4ef731f4f30d89ef769931ae32928e4063ca,16380,361.559408,True,192,202
349.99000191573447,e52a74e7,135,0.6695838204517808,731453033915764,0.0002747252747252747,True,True,e52a74e7,1025,731453040984865,-4.167704517704518,453.00586080586083,-9.254517704517705,1023.7499999999999,731453395866040,354.881175,035145858b7c667f94a7817606d91b17f3e542625f64c53dda61206ef979b951,16380,361.950276,True,158,168
440.79204869543696,31f816ed,136,0.5342494157302614,731453400954441,0.0,True,True,31f816ed,1025,731453407954973,-9.125335775335776,1071.3581196581197,-23.394322344322344,1023.7499999999999,731453762861114,354.906141,f4b046e4912533b33b3efd378077d7566e29585f84daf34c3df2cb8cebc23872,16380,361.906673,True,111,119
676.9510699489086,cb4c9dab,137,10.272711168632082,731453768479245,0.0029304029304029304,True,True,cb4c9dab,1025,731453774998057,-3.593894993894994,770.5838827838828,-8.984249084249084,1023.7499999999999,731454129858172,354.860115,749ae46b1a18ce6645aebc6c0bad8bc404efd66b1cbfa17c2032ec6be03a935d,16380,361.378927,True,175,182
695.2829795374208,213c11b2,138,-11.436506546319569,731454132462932,0.0,True,True,213c11b2,1025,731454139011270,-1.5625152625152625,698.9531746031746,-1.1084859584859585,1023.7499999999999,731454493875472,354.864202,228c408391822a6c481148edefe37ac0f6e569c5a61c927b33d8b1a6988bec8c,16380,361.41254,True,95,96
193.1788074850804,42d8ddb8,139,0.56339415263189,731454496633451,0.0,True,True,42d8ddb8,1025,731454503051864,-6.248351648351648,562.4503663003663,-18.17222222222222,1023.7499999999999,731454857920875,354.869011,aba36180461f67b8cb226f84a408037420b73ddec7afd372f7c93a65e7c79841,16380,361.287424,True,72,74
465.09893596601466,5d616291,140,0.5276631917520168,731454861770727,0.0,True,True,5d616291,1025,731454868145326,-7.957997557997558,890.1272893772893,-19.018376068376067,1023.7499999999999,731455222891826,354.7465,f71d6a7c22b904860495f7934e5ba0ca1389bb4d81231732b8a11f4687bb8704,16380,361.121099,True,119,120
154.10347446780594,08fbe499,141,0.20116403582980524,731455226024794,0.0,True,True,08fbe499,1025,731455233084758,-4.64993894993895,306.7747863247863,-11.447680097680097,1023.7499999999999,731455587862978,354.77822,679b9d4c0a55def06dd2501cef18758eb930c4abb718f416df343b4fd64cd67e,16380,361.838184,True,103,110
744.6761720456317,b8047899,142,0.3467265529310892,731455590312875,0.0027167277167277166,True,True,b8047899,1025,731455597118179,-7.963308913308913,1133.714468864469,-18.045054945054947,1023.7499999999999,731455953303797,356.185618,e7b188eb3a855db9d197096f16f15270f0292ebceabe40f7a97de2de805746a4,16380,362.990922,True,157,171
1536.328170104553,3a07a9c7,143,-4.032910756162542,731455957916549,0.002655677655677656,True,True,3a07a9c7,1025,731455966448744,-2.3076312576312574,1574.1558608058608,-5.701098901098901,1023.7499999999999,731456319900268,353.451524,ea7096f4c38dd171fd75e926662df3a59c8a01e6b5661f0f5236e825172bfdc0,16380,361.983719,True,181,193
488.92194236098993,2f3801d0,144,3.4289688743548954,731456322909913,0.0010073260073260074,True,True,2f3801d0,1025,731456330039048,-1.3993894993894993,510.43736263736264,-4.422344322344323,1023.7499999999999,731456684902619,354.863571,86f8c72283bb579c678a0b95ba9af61ec4d684d3bca0960b6d08504efdc91002,16380,361.992706,True,164,175
263.11501872500037,3e732d4a,145,0.43812065406494793,731456687193286,0.0,True,True,3e732d4a,1025,731456694119036,-6.365750915750915,479.16471306471306,-13.248656898656899,1023.7499999999999,731457048949175,354.830139,8a09fc308c5b54b932c1c040eb180b72a0bcd734d24222257b0d7b7be3e7785e,16380,361.755889,True,98,102
241.66756298815824,d9435e7f,146,0.28115239044649837,731457052282270,0.0,True,True,d9435e7f,1025,731457059022370,-6.233028083028083,573.0618437118437,-17.103907203907205,1023.7499999999999,731457413937329,354.914959,6396c9aaa24e6d4f3ca47b602a3d2b84043d67127cfb1bc2909f3dd949d83a4c,16380,361.655059,True,96,95
764.9701462778844,9750de5c,147,-3.808234049792288,731457418795444,0.002777777777777778,True,True,9750de5c,1025,731457426069994,-5.263675213675214,1064.3988400488402,-16.484004884004882,1023.7499999999999,731457780901284,354.83129,a2ea8da1e5c470417f60cce4d93d6f0e650a4c2753c2d2dcd334b804459b2f25,16380,362.10584,True,140,162
396.55641506810923,c76eb548,148,0.45424731379679534,731457783834314,0.0,True,True,c76eb548,1025,731457790988726,-8.127167277167278,924.5160561660562,-21.49206349206349,1023.7499999999999,731458145937699,354.948973,9ad6603d5cd0ed4be78bff706d5f2a4e00782ca148088249f761110acc0075c0,16380,362.103385,True,105,110
867.2054232394252,7e59a3c5,149,-2.1424967524266036,731458148965127,0.004212454212454212,True,True,7e59a3c5,1025,731458156114340,-2.586935286935287,890.0126373626374,-4.014346764346764,1023.7499999999999,731458510879085,354.764745,7fc8bc4b155835358ffad8b3b96902bfe1677c4afd05705812c8ef1af0a147af,16380,361.913958,True,184,202
381.5173722309437,09af4e0f,150,-0.07034455623301254,731458513217802,0.0,True,True,09af4e0f,1025,731458520056188,-4.541941391941392,569.1761904761905,-12.923992673992673,1023.7499999999999,731458874929778,354.87359,a17848d58dc21115cab76c6bafb8a73f9156aa68af06921bc84fd816e732cdb5,16380,361.711976,True,146,154
1340.3567284174244,e532c5a7,151,0.530536074579216,731458878386687,0.001617826617826618,True,True,e532c5a7,1025,731458885086782,-2.0796092796092798,1370.998778998779,-5.1300366300366305,1023.7499999999999,731459239905729,354.818947,af2bab4602f339c0fb00aa602c980cff07958beebafa1388ffe892420fbe38b9,16380,361.519042,True,240,253
501.6291456047683,41309af3,152,0.5293618900363017,731459242731416,0.0001221001221001221,True,True,41309af3,1025,731459250054327,-6.374297924297924,827.670695970696,-16.894078144078144,1023.7499999999999,731459605071048,355.016721,dc2ed939f0e94389a09c149eafe9ff46e78718e1f4fa4dc412fcbaa5d74b5155,16380,362.339632,True,165,176
313.4691107972885,63b7a5f2,153,0.35290415951268744,731459611468892,0.0,True,True,63b7a5f2,1025,731459618016017,-6.918620268620269,699.3753968253968,-18.385836385836384,1023.7499999999999,731459972909976,354.893959,278f4a99fc3c76ac2eecb58afa4892391edb957db3961d8b5c3b13200844a33d,16380,361.441084,True,109,105
294.5617042396621,19a28c23,154,0.15165976178690468,731460035983453,0.0,True,True,19a28c23,1025,731460043019743,-5.974969474969475,531.2142246642246,-14.175763125763126,1023.7499999999999,731460397902060,354.882317,7f3f99a03714f89a4fa0c744e349b070cdc7931300ae43bd036ced5a50d43bce,16380,361.918607,True,118,115
65.6200046029808,e50d484c,155,0.682264891050655,731460400159814,0.0,True,True,e50d484c,1025,731460406989844,-2.2322344322344323,158.60628815628814,-9.38101343101343,1023.7499999999999,731460761925101,354.935257,c84803e3970b7082dddb02b92aed97f1fa20657cea11579165d8514a71df7d60,16380,361.765287,True,83,88
63.21566675388104,7d67facb,156,0.20393182539807292,731460764081795,0.0,True,True,7d67facb,1025,731460770930109,-1.8031135531135531,145.1496336996337,-8.87032967032967,1023.7499999999999,731461125902316,354.972207,df947e70d1adae0d057d2d793dda71d0c29620491a04d2a76ef0d9efb3992d77,16380,361.820521,True,79,81
632.6620266756714,c749857a,157,-3.2895247588330836,731461127824036,0.0,True,True,c749857a,1025,731461134943532,-7.132173382173383,988.4459096459096,-17.461843711843713,1023.7499999999999,731461489996552,355.05302,159bc2b01d786af6c1c6a0e216d34abd64ce33fc15e97ffaed809011003ec2e2,16380,362.172516,True,112,121
403.3406230833337,7c3284a8,158,0.27125719845383456,731461494549301,0.0,True,True,7c3284a8,1025,731461501377878,-8.914041514041514,1012.7897435897436,-23.02148962148962,1023.7499999999999,731461855947164,354.569286,2c50f0ee5f03aecd828c0d60a71ec848ac37e0cfc214655412c396deedc4de5f,16380,361.397863,True,102,102
844.7273293878147,da797941,159,0.9846054138237448,731461858374429,0.0022283272283272282,True,True,da797941,1025,731461864971378,-1.8615995115995116,866.0324175824176,-4.223687423687424,1023.7499999999999,731462219934208,354.96283,99ff9a9062672fab71960f6b1b98314d4adb5e846ab778c26aeb10569c7c3537,16380,361.559779,True,172,188
483.6768729957465,3c507e2b,160,0.4149220392284459,731462222354789,0.0,True,True,3c507e2b,1025,731462228943463,-7.16996336996337,992.8806471306472,-21.396153846153847,1023.7499999999999,731462584112713,355.16925,afca54c3b81563983cd54b78aaa75f8d9325af6f835ef17b4fa5bd5eb6cb65c1,16380,361.757924,True,120,117
388.2180704751767,e1acc8ec,161,0.30698289475452595,731462589042253,0.0,True,True,e1acc8ec,1025,731462596068093,-8.101587301587301,856.8728937728938,-20.075335775335777,1023.7499999999999,731462950973985,354.905892,10f9044c93f578779a8118ec2cfb865550fc1513feb2b0e0c907d26f45afa3fa,16380,361.931732,True,109,108
738.0751230430809,46d90fac,162,2.540529943234206,731462953630021,0.0014957264957264958,True,True,46d90fac,1025,731462959970637,-2.436141636141636,770.6923687423688,-5.165506715506716,1023.7499999999999,731463315027283,355.056646,522441b1399510ce92fb69c040432827afc3a7ff78e21224b249c5308d8a7d7f,16380,361.397262,True,177,193
79.15946057537631,de9a6192,163,0.2627672523105632,731463318229892,0.0,True,True,de9a6192,1025,731463325199556,-2.6911477411477414,187.41159951159952,-10.050366300366301,1023.7499999999999,731463680017381,354.817825,787ae4a7f8b3d2ef856f0619ca0b5ade9143b871c499d072be5f5833cf4ff45b,16380,361.787489,True,87,92
68.37415509771736,8a25905c,164,0.04297803408491525,731463685229285,0.0,True,True,8a25905c,1025,731463691956130,-2.546092796092796,156.4468253968254,-9.032722832722833,1023.7499999999999,731464046985585,355.029455,308ce5777f14867aee6e21e20d9620f8d126be6682c0499136a63f6bc135d9f0,16380,361.7563,True,84,87
376.838875944636,f5a7b999,165,0.5253226543054357,731464050561259,0.0,True,True,f5a7b999,1025,731464056966857,-6.5486568986568985,763.4617216117216,-18.540170940170942,1023.7499999999999,731464411979912,355.013055,a07513d6d5142908a12e806ecee2014f991596171b3a6c53831a23d071928cbe,16380,361.418653,True,110,113
309.5670966670692,6985ab44,166,0.314915287370332,731464415383360,0.0,True,True,6985ab44,1025,731464421871364,-5.545970695970696,568.9658730158731,-15.12087912087912,1023.7499999999999,731464776991370,355.120006,709c87a7a298c9a8d2a67dc474f060ff202abd996c968e5a44a8d98fbd01cfd8,16380,361.60801,True,100,105
1521.6697080927484,45364e80,167,3.1124767175794794,731464781087166,0.005067155067155067,True,True,45364e80,1025,731464787893331,-4.652869352869353,1744.7162393162394,-14.19145299145299,1023.7499999999999,731465143046209,355.152878,acdc1b50e22c7bf7c8292e1291a060a6b71bd202e3ba29d2173d8dfe91a5c081,16380,361.959043,True,203,217
226.59512132488325,5ca25d48,168,0.6014618095936113,731465146550187,0.0,True,True,5ca25d48,1025,731465152873029,-4.111172161172161,396.0857142857143,-12.352686202686202,1023.7499999999999,731465508095449,355.22242,3c8f34a30e32415ec91515e44ab54e9940afa08de9e50e173454cf93425f3f6e,16380,361.545262,True,108,110
512.1031970366495,17d864bd,169,-0.209683821004404,731465512553389,0.0014957264957264958,True,True,17d864bd,1025,731465519624745,-4.706288156288156,641.6112942612942,-10.361416361416362,1023.7499999999999,731465873994714,354.369969,19a6508e46ac0726fa5e766a0524540d0a4da88cb1f26244d5faca5a3540d699,16380,361.441325,True,162,171
369.2017248580344,deb3332b,170,0.2703768238633653,731465876234956,0.0,True,True,deb3332b,1025,731465882878083,-10.21050061050061,969.573199023199,-22.273687423687424,1023.7499999999999,731466238060527,355.182444,cbc60d37c7c5044f23e5feb62e62edc4bc44bb04421622862dbdb3ecbc4d07f0,16380,361.825571,True,98,102
1103.8659495036236,b636cdf3,171,3.4357564911113236,731466241183165,0.0035714285714285713,True,True,b636cdf3,1025,731466247915119,-5.220573870573871,1301.8820512820512,-13.067582417582418,1023.7499999999999,731466603135836,355.220717,3b68be30914924a3544114669d034586488fa649b3568988880f7c484ae7a142,16380,361.952671,True,197,216
482.38603734415085,61006210,172,-0.2796011551551365,731466607457789,0.0,True,True,61006210,1025,731466614166330,-8.615323565323566,1220.2572649572649,-25.761355311355313,1023.7499999999999,731466969020254,354.853924,650dd14c54db180e2c5337972ecf14fc33d258afa5d1bff74e92c9c843bb01e6,16380,361.562465,True,118,126
297.1920988809725,ef84d472,173,0.23914912807772293,731466971972670,0.0,True,True,ef84d472,1025,731466978835602,-4.371245421245421,495.3791819291819,-13.382051282051282,1023.7499999999999,731467334047873,355.212271,def875aa04b868a1672f7b81e9b71d0a3b06dfcd7b808156cf73ff462c860993,16380,362.075203,True,98,96
44.652117516522274,eb25d30f,174,0.4152868234995154,731467336067317,0.0,True,True,eb25d30f,1025,731467342860748,-1.808913308913309,119.59322344322344,-8.465750915750915,1023.7499999999999,731467698026120,355.165372,a70576b00899cc84b817a12286debcc74597f25bb89462d2fc860dfdfaae13d5,16380,361.958803,True,57,68
414.32789720183496,f63f773a,175,0.19740015351736867,731467702487556,0.0,True,True,f63f773a,1025,731467708848130,-9.072222222222223,1236.4432234432234,-27.19945054945055,1023.7499999999999,731468064023751,355.175621,8a6152cdab70011713d40772806beda99f84a408cf9568c6c810a9a82893dffd,16380,361.536195,True,107,113
271.36597415100164,8b4b164c,176,0.309844241768939,731468066163202,0.0,True,True,8b4b164c,1025,731468072861353,-5.087728937728937,490.9602564102564,-13.917948717948718,1023.7499999999999,731468428037325,355.175972,8a7b6fedbfa1df2c199e770e060741702af1abff9a09b9bc2395c0350de8c87c,16380,361.874123,True,103,106
435.86565414506805,dc7e9809,177,0.4726876270361996,731468430334073,0.0,True,True,dc7e9809,1025,731468436825343,-8.797924297924299,1097.2142857142858,-24.164957264957266,1023.7499999999999,731468792040850,355.215507,595c3bbb83e90c9ee7ea537c2175cbe8dedb143f73c25b0b193924b70525358c,16380,361.706777,True,113,112
408.8601663632799,f0499dfb,178,0.767051506799255,731468794033844,0.0,True,True,f0499dfb,1025,731468800788181,-14.78913308913309,1323.8811965811965,-26.387545787545786,1023.7499999999999,731469156054895,355.266714,41ac3bf5c64b3cdd0c0b9c0f9f8bf90c63eb403cab23c58e4771b56d6d978bde,16380,362.021051,True,108,110
579.4978328048292,045ce4ce,179,1.7107897663649108,731469159260309,0.001617826617826618,True,True,045ce4ce,1025,731469165841700,-1.2913308913308914,586.7653235653236,-2.3664224664224665,1023.7499999999999,731469521081172,355.239472,bfb076ce9d6bb78876e470dca5338f341b9fda7be556ae3309cf53b24552a573,16380,361.820863,True,176,194
415.03047803166845,17490515,180,0.15092838606516856,731469524631067,0.0,True,True,17490515,1025,731469531979917,-10.892490842490842,1110.9463980463981,-24.026434676434675,1023.7499999999999,731469887050761,355.070844,a862a98a4f4e4c949cbde4b2b9aab9ae90c906b663aa59796c1838d737dd36b8,16380,362.419694,True,104,112
413.7183919607729,bd878181,181,0.638015289846114,731469889924208,0.0,True,True,bd878181,1025,731469896891677,-10.028327228327228,1023.4520146520147,-22.564713064713064,1023.7499999999999,731470252412711,355.521034,6b58e252c005c1558abb02cde53d0414af41bef59e3a08c31fb502a1721e1dcd,16380,362.488503,True,112,113
368.99186480355894,0702fc68,182,0.22188218163745524,731470255646479,0.0,True,True,0702fc68,1025,731470262915909,-6.744017094017094,783.2167887667888,-19.202686202686202,1023.7499999999999,731470618421955,355.506046,e1b477e57d36f3bd9864aad7d6729deff8d12c8e2f10138ead284773ee96edf1,16380,362.775476,True,105,112
72.48934758803807,ce4bb90d,183,0.8588364473064385,731470623934697,0.0,True,True,ce4bb90d,1025,731470631031721,-3.6377899877899877,206.60201465201465,-10.994505494505495,1023.7499999999999,731470986041460,355.009739,25364e99f709aaa37efaeea4966369f8c2784ba6150110d43435805f2fe193fe,16380,362.106763,True,63,73
130.70701534153,fedab711,184,0.17324331765500356,731470988134944,0.00015262515262515263,True,True,fedab711,1025,731470994931881,-3.8652625152625153,209.27857142857144,-7.976923076923077,1023.7499999999999,731471350090310,355.158429,cbd670240f17307bac551ab9922dfff773060ebbbe386caec2d05476c3796676,16380,361.955366,True,105,108
422.97180780486644,628d2586,185,0.7081424087441269,731471352911198,0.0,True,True,628d2586,1025,731471360347493,-8.935836385836385,1105.5054945054944,-24.5496336996337,1023.7499999999999,731471715098253,354.75076,903890e8981d569adc54410978cc76f3ef188d47806b9ae1fbd607dbb8a242a8,16380,362.187055,True,104,114
1157.3427981203438,841ce14b,186,2.420045950902713,731471720041619,0.0036935286935286934,True,True,841ce14b,1025,731471726895054,-4.208180708180708,1282.2789987789988,-10.355067155067156,1023.7499999999999,731472085354077,358.459023,cc087e21f7a966879e39579dfcc441c18b10883b8358963670db81f38927ce8b,16380,365.312458,True,181,206
1427.4563028783725,91730015,187,3.856787411796594,731472088467337,0.004578754578754579,True,True,91730015,1025,731472094873406,-3.0703907203907206,1470.5639804639804,-5.803479853479853,1023.7499999999999,731472450082351,355.208945,cab9db44c0c43eef1a325de95df2f96f60048825f6fba1c040e191318d4aef26,16380,361.615014,True,212,231
533.9331973832707,d3ef997d,188,2.03916171766847,731472452498504,0.0006715506715506716,True,True,d3ef997d,1025,731472459228275,-4.18962148962149,662.2623931623932,-10.525030525030525,1023.7499999999999,731472815061269,355.832994,31429b387d44dd578f97f1db63b86f2dfa3a87b5695d1c725a4d3540f480b50f,16380,362.562765,True,159,168
299.28313443611063,0fd8307e,189,-3.3772961312065855,731472817810621,0.0,True,True,0fd8307e,1025,731472824222201,-4.275091575091575,419.88919413919416,-10.115811965811966,1023.7499999999999,731473180084540,355.862339,0a2a9468ed9aad0cc0d6995f69cecf4737889dd5ba70d221341623dab72634ad,16380,362.273919,True,102,103
1770.7749370006607,fa8c4826,190,-9.140897452158535,731473182529638,0.0037240537240537243,True,True,fa8c4826,1025,731473189216067,-1.1366300366300366,1772.6286324786324,-0.7495115995115995,1023.7499999999999,731473545111859,355.895792,14230c4769fb93dfa58c6b86bacf678c8a0e07db02b0e5e58ae13367c1b3ed75,16380,362.582221,True,179,194
315.6673844894083,cee05b83,191,0.23467882665796708,731473547825013,0.0,True,True,cee05b83,1025,731473554192069,-8.134554334554334,615.4111721611722,-15.283089133089133,1023.7499999999999,731473910116415,355.924346,47441e59bc2b6c10dadfadff2ad2b62e56385198b4a8009c8101e060d69ff3a9,16380,362.291402,True,104,107
433.4172675476064,409e3a90,192,0.5753782780263056,731473913857030,0.0,True,True,409e3a90,1025,731473921112193,-9.583699633699634,1120.7973748473748,-24.403540903540904,1023.7499999999999,731474276102084,354.989891,005f565fa1a062f4dc854b2b1a4a88060c3c5267adec35846379b8669f577284,16380,362.245054,True,112,112
368.372349972643,2cbb39da,193,0.6431142162719214,731474280155791,0.0,True,True,2cbb39da,1025,731474286419501,-5.5105006105006105,744.2030525030525,-18.586691086691086,1023.7499999999999,731474642105246,355.685745,24eb195424de9361fb1823ef2e44985b328b037fe472ad0ac12e560c3ebe8504,16380,361.949455,True,110,112
172.24899290134636,776650bd,194,-0.16725986395976764,731474644408767,0.0,True,True,776650bd,1025,731474650185437,-3.9555555555555557,355.27234432234434,-12.937423687423687,1023.7499999999999,731475006118490,355.933053,d701b0d77aa50f7547c6ed16f88f2df337f5b32c97689286d3f23c958fffb3ec,16380,361.709723,True,90,91
1005.1300790706376,416c2cc2,195,-2.1782351949111387,731475008526669,0.0020757020757020757,True,True,416c2cc2,1025,731475015300392,-1.817032967032967,1014.4464590964591,-2.4525030525030527,1023.7499999999999,731475371138967,355.838575,9c16244e45db55ae93e54ed317ec1d0375415222b1779cb80c11bbef9a5b37ec,16380,362.612298,True,171,182
401.4266439722942,cccdbc79,196,0.22411244768023073,731475374118985,0.0,True,True,cccdbc79,1025,731475380262238,-8.958669108669108,906.5626984126984,-20.612576312576312,1023.7499999999999,731475736082888,355.82065,b46d890b389e89ed69bb5e29b140aacc059eb3322ac2644a4e8c345aa18cf2cd,16380,361.963903,True,109,111
1311.3709466076589,246feb79,197,3.4168948601024907,731475738169008,0.004945054945054945,True,True,246feb79,1025,731475744260053,-2.5578754578754577,1354.1242368742369,-6.0175213675213675,1023.7499999999999,731476100132040,355.871987,47b95a8387458450d1a64860d7875815bee883119ce0a2474f09bf25548ed9b4,16380,361.963032,True,203,220
179.32706037992668,671095eb,198,-0.1619852752870907,731476104060940,0.0,True,True,671095eb,1025,731476110297059,-3.841941391941392,264.79945054945057,-8.40903540903541,1023.7499999999999,731476466113321,355.816262,dd0bb4b7c7b0c1837dff078499dc3ab01c2014f3084047b4c28bb02b91ba44e2,16380,362.052381,True,134,136
250.95565855423914,91c7e086,199,0.26463729837653155,731476468121494,0.0,True,True,91c7e086,1025,731476474255289,-6.346275946275946,657.5887057387057,-19.14047619047619,1023.7499999999999,731476830111797,355.856508,1a11be6d79429b898d76132e184c5dab0b21af5883c781ee108e9715b31a8135,16380,361.990303,True,85,88
666.2710599565271,28d96b03,200,-0.5654348088947092,731476832156619,0.002442002442002442,True,True,28d96b03,1025,731476838246531,-4.816300366300366,881.4882173382173,-13.857142857142858,1023.7499999999999,731477194175156,355.928625,43f71becde997bb35b2086926c6379ce36d9b478d8bd1500e3676f37025c1283,16380,362.018537,True,137,165
185.63971651601688,6c8e14f9,201,0.6526296345542691,731477196819390,0.0,True,True,6c8e14f9,1025,731477203276616,-4.585347985347985,299.34395604395604,-9.626984126984127,1023.7499999999999,731477559148333,355.871717,c5869dcbd963b8a673a30ffbf07f5ba54031cb2e5e361f9d410d6f6abd5a9d9d,16380,362.328943,True,131,136
579.9607046548622,39e74895,202,0.4431785970613291,731477561966736,0.0023504273504273503,True,True,39e74895,1025,731477568395949,-3.568681318681319,674.8286935286935,-9.062698412698413,1023.7499999999999,731477924142860,355.746911,e60160b8769ef045b360985c9b9d0f51c165b5ba83be519569d90beff9e28db6,16380,362.176124,True,187,197
1065.7395862274343,4e047840,203,1.2219332120154045,731477926972314,0.002136752136752137,True,True,4e047840,1025,731477933326065,-8.186507936507937,1434.2917582417583,-17.364713064713065,1023.7499999999999,731478289134482,355.808417,9a9cc362fc025ce447557d118ac636124b6c9436622916e17478efac057c8df3,16380,362.162168,True,207,216
206.34860581861494,668eaeed,204,0.5420877446914119,731478291876110,0.0,True,True,668eaeed,1025,731478298377019,-3.863003663003663,369.3541514041514,-12.16892551892552,1023.7499999999999,731478653583690,355.206671,562bebe0ed18a3023a1813d76b525855ebe75bfd706206478bf76a1f09a67c57,16380,361.70758,True,113,112
1274.0917320439023,c147797c,205,5.353691342806703,731478658911282,0.005189255189255189,True,True,c147797c,1025,731478665378577,-4.228937728937729,1494.3288766788767,-14.225091575091575,1023.7499999999999,731479020234506,354.855929,7eea925761b0996d645ec0df1c96c0f98c7397d7695633c1e75cce08a5d18135,16380,361.323224,True,210,232
1380.5666198206216,b9461c38,206,-11.529819129876762,731479023839615,0.0007326007326007326,True,True,b9461c38,1025,731479030603420,-0.6147741147741148,1381.684188034188,-0.8600122100122101,1023.7499999999999,731479385248019,354.644599,e4ebbb95cfa2f1a7366ab6a9096a5f13c0e7e5f47a0b02b5cdde771d911a2579,16380,361.408404,True,128,136
878.3800711058038,a4e2938c,207,8.152528777942962,731479388926767,0.0035714285714285713,True,True,a4e2938c,1025,731479395711181,-3.016056166056166,961.1020757020757,-8.580525030525031,1023.7499999999999,731479750229472,354.518291,a771d8fc16a35454203ae98cc2e66d99bc7492a5ce80d9032cc8f88b407a9598,16380,361.302705,True,203,226
1040.8316557723242,efcd676a,208,0.8300716146424001,731479753911546,0.0022893772893772895,True,True,efcd676a,1025,731479760388399,-6.809157509157509,1309.4920024420023,-14.909584859584859,1023.7499999999999,731480115209482,354.821083,40650b4a392209e941fa4d4c29e3439cd822f35b3b63fc5e2280779d90afeb88,16380,361.297936,True,203,221
397.18786195828324,a36b61e9,209,0.31564444552207943,731480117654821,0.0,True,True,a36b61e9,1025,731480124341119,-9.72045177045177,998.8402930402931,-22.52032967032967,1023.7499999999999,731480479253334,354.912215,b0998d81057035d3d0692ab6cedabab2dd7bd244579add0ad1cf5235e81865bf,16380,361.598513,True,106,107
481.9858191628613,fed849c6,210,0.8019941392202925,731480482172658,3.0525030525030525e-05,True,True,fed849c6,1025,731480488282438,-9.082967032967034,1099.0047008547008,-23.11965811965812,1023.7499999999999,731480845289539,357.007101,61b1f609a040ba0496518b8ac116125590ae2a6688cf2d6508e629c48e5455b6,16380,363.116881,True,133,148
955.8290081414991,edc82180,211,-7.482264837692519,731480850500411,0.0,True,True,edc82180,1025,731480857592235,-6.799023199023199,1284.0045177045176,-16.79133089133089,1023.7499999999999,731481212263616,354.671381,98c39189259e841679bda4e9a3fc70436beeea5c8d572fbdb9049f812a70766f,16380,361.763205,True,174,179
380.9282164288025,e44e9be3,212,-0.09502035073858141,731481215614945,0.0,True,True,e44e9be3,1025,731481222423234,-7.757142857142857,791.1020757020757,-18.708302808302808,1023.7499999999999,731481577236193,354.812959,062af76458d417be4a0769587733c82deab43979a8fba0a8e6a7826c643ada78,16380,361.621248,True,115,115
328.604836174882,298cc82d,213,0.9792498258406797,731481579759151,0.0001221001221001221,True,True,298cc82d,1025,731481586345186,-5.141514041514042,514.7691697191697,-12.638400488400489,1023.7499999999999,731481941254655,354.909469,54ff69c4d7fe5b09d9b6775a4d99af42bf1fe0961930846b54f8a50f8f3ea571,16380,361.495504,True,134,148
132.6891591602672,9a8f5057,214,0.49877160862718894,731481943423263,0.0,True,True,9a8f5057,1025,731481950349742,-4.123809523809523,291.652442002442,-11.914590964590964,1023.7499999999999,731482305282853,354.933111,d888dc23b5d5cadaaaf57bcc2bee5d93cf0ebda031f6db490afa5345b8f73209,16380,361.85959,True,108,112
1443.2128499979874,952c25ce,215,-10.321701173965286,731482313506947,0.0033882783882783884,True,True,952c25ce,1025,731482320405737,-1.7712454212454212,1453.9277777777777,-2.7527472527472527,1023.7499999999999,731482675264367,354.85863,42f75e0945561dc11c858ca569a54a97f434d9588d4491f2875df977eb2eed20,16380,361.75742,True,171,192
115.81730498269874,2d341439,216,0.5387026141754049,731482866090822,0.0,True,True,2d341439,1025,731482872332525,-3.9843711843711844,247.10543345543346,-10.743040293040293,1023.7499999999999,731483227278260,354.945735,d7274add5b93a91abbed5444ff0257d328eee1300fa2dcac548f708fe0e492b4,16380,361.187438,True,94,106
1024.4451106653487,a6dbc397,217,-2.8328804025893843,731483229982661,0.0010378510378510379,True,True,a6dbc397,1025,731483236359510,-8.186141636141636,1361.4422466422466,-16.43119658119658,1023.7499999999999,731483591336860,354.97735,40aa039defb2aa4ac3f23d1de40a9b78460c2e686562bf12e37a2a38b01f1956,16380,361.354199,True,138,158
565.0888567612011,3a141c14,218,-12.371958386096331,731483594145409,0.0,True,True,3a141c14,1025,731483600405667,-6.673870573870574,936.7224664224664,-18.085714285714285,1023.7499999999999,731483955389459,354.983792,51386cb3e0df51452db13ecb5260a2ce003cfefdb59e930f7cdd52c8b81d19ad,16380,361.24405,True,127,134
462.7420757877993,a72118b1,219,0.32444041758178116,731483958579753,0.0,True,True,a72118b1,1025,731483965429459,-7.988339438339438,1241.4813797313798,-26.738095238095237,1023.7499999999999,731484320304423,354.874964,6959cc39667b1afe5b0f99afa5ebe409c5e5bfc3214467e68011d37e3db2a20b,16380,361.72467,True,111,113
1035.4647113465155,3096d0b7,220,-2.005436114610048,731484324497389,0.0019230769230769232,True,True,3096d0b7,1025,731484331431145,-6.286935286935287,1317.860989010989,-15.584310134310135,1023.7499999999999,731484686381568,354.950423,7a863a5e114364cf17da10ceede87d7fff72cec93f0407b15444f3c053c3eb01,16380,361.884179,True,149,174
471.36189718469024,795c6f48,221,-0.002066868332900517,731484692147418,0.0,True,True,795c6f48,1025,731484698458062,-9.59993894993895,976.3149572649572,-20.317338217338218,1023.7499999999999,731485053334756,354.876694,8d4b97c71d47cfb086a9cb6421b53d59d3ca3b9c8b8e7db4200e6895c50f428f,16380,361.187338,True,116,121
1803.3645282112404,779bbafd,222,-9.245765621872536,731485057416180,0.0031746031746031746,True,True,779bbafd,1025,731485064544835,-2.0854090354090355,1848.6359584859586,-6.397069597069597,1023.7499999999999,731485419338578,354.793743,333006bcb5752d24fcc71a3787ad7937a46ac7f7983512752aee870a765b8c38,16380,361.922398,True,173,199
493.23650871174675,4a81ee57,223,0.2681117645518792,731485421773889,0.0,True,True,4a81ee57,1025,731485428426712,-5.654700854700855,1023.1612942612943,-22.314774114774114,1023.7499999999999,731485783367352,354.94064,8e14cf9a6dfdeb0e0d5fe67d26141a4594d312b1175737e22953e5196269eed4,16380,361.593463,True,123,127
418.4616275506477,a24e5708,224,1.184516672961242,731485787480846,0.0,True,True,a24e5708,1025,731485794461271,-9.662148962148962,1127.1767399267399,-24.806410256410256,1023.7499999999999,731486149391731,354.93046,e705dd8783fdd7f32d606a201c0684359195546d22e15da828afc7ad637cf6b5,16380,361.910885,True,108,111
416.0273651382534,6b375e04,225,0.20692192509895735,731486152151237,0.0,True,True,6b375e04,1025,731486158576819,-7.96996336996337,758.2766178266178,-16.695177045177044,1023.7499999999999,731486513348343,354.771524,1efb2443ba25937950f0ad24ee53f163067da56c7931b03798961674d5eb1af0,16380,361.197106,True,123,122
266.237900798496,0d5e78bb,226,0.31944656834644514,731486515433309,0.0,True,True,0d5e78bb,1025,731486522525265,-8.121489621489621,723.5574481074481,-19.782844932844935,1023.7499999999999,731486877366410,354.841145,db2b8376287fe38deeb412e9d8c5cad1d88639003782d1bca0755cc8086ee9cb,16380,361.933101,True,92,87
83.1193061127585,815aa370,227,0.26203778651743403,731486880048950,0.0,True,True,815aa370,1025,731486886502885,-4.176495726495727,181.66355311355312,-9.005616605616606,1023.7499999999999,731487241465802,354.962917,a7c435a724b795388bb450f2ccc6ff847763ba7e4dff783305f5ff0162444d94,16380,361.416852,True,83,88
342.7787833781332,fc8ac557,228,0.5548513511992139,731487245217289,0.0,True,True,fc8ac557,1025,731487251771515,-8.627472527472527,830.7136141636141,-20.334737484737484,1023.7499999999999,731487606401565,354.63005,8764303575a53d76a631f9b4dda315ea2eb154d73ce88b885cf00821d6c6720a,16380,361.184276,True,90,101
1094.042563796941,3286fe4b,229,-2.215069221055825,731487610939465,0.0018620268620268621,True,True,3286fe4b,1025,731487617532734,-4.973809523809524,1274.2615384615385,-12.469169719169718,1023.7499999999999,731487972345871,354.813137,df1bd22c7c24ceb4edaee9899fe089f21c3b3c981b5c094125de58609ad8ccb8,16380,361.406406,True,165,174
460.59861258331955,0ba1e32b,230,0.19872034177678588,731488043188153,0.0,True,True,0ba1e32b,1025,731488049566575,-10.696153846153846,995.4791208791208,-20.505433455433455,1023.7499999999999,731488404380400,354.813825,aa6f0a3679dc424b9d49ae9961d9df2d4e7eeff6e79d7337b3cffba0902632c9,16380,361.192247,True,120,121
782.1722320021587,fbf59299,231,4.075764344351927,731488406477589,0.0018925518925518926,True,True,fbf59299,1025,731488413617526,-6.1913308913308915,1105.6568986568986,-16.886446886446887,1023.7499999999999,731488768373480,354.755954,51ddc7e9c184a990815eb45a95c7a9e00ef9f91be09e63f6f044b7780b41c42a,16380,361.895891,True,169,195
421.27465021073084,55cff56d,232,0.32055886611243434,731488770750660,0.0,True,True,55cff56d,1025,731488777558116,-9.121733821733821,887.8369963369963,-19.57948717948718,1023.7499999999999,731489132544136,354.98602,c1319b6b6b82daec0c598d1be04d981bbbc5c185d8837e9db79eaee0b6e1c4ce,16380,361.793476,True,120,132
522.4113387033533,a88d15fc,233,0.4059001909044268,731489137323263,0.0,True,True,a88d15fc,1025,731489144558901,-8.146764346764346,805.5069597069597,-14.72161172161172,1023.7499999999999,731489499408979,354.850078,3877eb796a02e08720466773d71c0f9e6f268dc84922f8bd81f17739e25791ef,16380,362.085716,True,114,122
190.7158043699619,27cfaa89,234,0.4284512232376373,731489502172923,0.0,True,True,27cfaa89,1025,731489508537619,-3.0935897435897437,305.07594627594625,-10.236691086691087,1023.7499999999999,731489863762998,355.225379,06a9aaabf2c61bfb5e4c05a3baf9c135b86d9aa8ec063b6eccc1fd23bd5eb240,16380,361.590075,True,110,115
384.79003254139707,5afc19d3,235,0.09210590209773709,731489868441054,0.0,True,True,5afc19d3,1025,731489875630524,-6.485836385836386,805.4959096459096,-19.45866910866911,1023.7499999999999,731490230408995,354.778471,ec46bd0c5a8fde0589b96ffd75e943715e0ec3492a4d24870dc8913b348b7246,16380,361.967941,True,107,110
488.2672730488207,e80854f1,236,-0.004325391585676327,731490233035107,0.0,True,True,e80854f1,1025,731490239643435,-7.644322344322345,942.2635531135531,-19.888705738705738,1023.7499999999999,731490594402134,354.758699,b4df18a10d3d5f38db9d031136edd974ae5e06c00cd3100e8da5cdaddbd67ae2,16380,361.367027,True,124,129
513.0126661433804,c1a2f92d,237,-0.13517533600065534,731490596655168,0.0,True,True,c1a2f92d,1025,731490603578925,-8.525824175824177,1260.7407814407813,-25.98150183150183,1023.7499999999999,731490958457480,354.878555,ce572f3f2c1a4d7d88a2347db5d2994f1b072cf2ee954a49fc990083372b6fcc,16380,361.802312,True,122,119
394.51203067858745,e452a7b5,238,0.7790533932362591,731490961490965,0.0,True,True,e452a7b5,1025,731490968598310,-7.374481074481074,851.9288156288156,-20.075702075702075,1023.7499999999999,731491323433131,354.834821,c7666c2919a5adf29142de683602da77d7c2ed3e055c5b711e6283eb43ae896b,16380,361.942166,True,110,114
248.6985447983708,4c6e06b4,239,0.3976633332906231,731491325709560,0.0,True,True,4c6e06b4,1025,731491332565828,-5.172100122100122,397.2509768009768,-11.036385836385836,1023.7499999999999,731491687475868,354.91004,918b499f4c6a5088c2a49fbc6dcf46f64ff8b1385b94a00dd6166d83031bdb6e,16380,361.766308,True,121,125
317.07122294677237,5057fd49,240,0.5005685030026101,731491691291167,0.0,True,True,5057fd49,1025,731491698603521,-4.607509157509157,558.6597069597069,-14.844505494505494,1023.7499999999999,731492053493302,354.889781,1b0115c0df7bcb05bcf03666dbdaf240bb227422e7eec74f39c80227e602a96f,16380,362.202135,True,124,129
270.2093963237278,d10d02d8,241,0.6290139575615806,731492056169580,0.0,True,True,d10d02d8,1025,731492063503134,-5.343345543345543,470.8429181929182,-13.118009768009768,1023.7499999999999,731492418464929,354.961795,fbe0ad8e9b80310ae5f68c7e8c34f6e1f3737be1e148207ee8e80fd9b947dcc1,16380,362.295349,True,115,117
309.33949173401555,dc2ece77,242,0.7576757720686447,731492420583288,0.0,True,True,dc2ece77,1025,731492427590062,-5.478815628815629,538.3339438339439,-14.105921855921856,1023.7499999999999,731492782509775,354.919713,899acfc1d8446a2d46afb0be9655744d6827fc42a96031273cf422d3469400da,16380,361.926487,True,114,121
157.48827728132673,dd56c015,243,0.43575633354869026,731492785787344,0.0,True,True,dd56c015,1025,731492792582736,-5.741208791208791,427.91446886446886,-15.40989010989011,1023.7499999999999,731493147476190,354.893454,b7b39ece70fe6a651c223c7f6dcf2830c87a75afb34bfca7161aaf227be2bd1a,16380,361.688846,True,70,67
267.79667836979195,8c962510,244,0.4011967206921392,731493150157397,0.0,True,True,8c962510,1025,731493156590542,-5.560927960927961,468.5979242979243,-13.033699633699634,1023.7499999999999,731493511504810,354.914268,17ccb74c8661da7ded77e90de073e512b536d8256970a5839cff1260e4bca624,16380,361.347413,True,117,123
174.57935541496897,00975213,245,-0.0378327034307278,731493514637253,0.0,True,True,00975213,1025,731493521533056,-3.1668498168498167,323.0340048840049,-11.765445665445666,1023.7499999999999,731493876493802,354.960746,0f109c1300fe1b1b0462b92ffcd70394e5030b2d0b834dd6fe4892789d3a5ecf,16380,361.856549,True,110,110
3074.533978894867,38011a3a,246,3.961472056253961,731493879039712,0.013766788766788766,True,True,38011a3a,1025,731493885553501,-1.21996336996337,3076.087973137973,-0.25628815628815627,1023.7499999999999,731494240522071,354.96857,35a761fc8cb1fb6352e6f9e4e9a618be92b0cb2fe908caff526c154adf4c56ea,16380,361.482359,True,236,252
557.7588603094098,c4e16430,247,0.0905056815394768,731494243649515,0.0003663003663003663,True,True,c4e16430,1025,731494250548043,-6.9241758241758244,922.7387057387058,-17.805494505494504,1023.7499999999999,731494605543509,354.995466,4c9b5106fdc4d79a757418eeeac16e6a05bb0c8919c94930266f424fef2c458c,16380,361.893994,True,167,183
1092.043015004599,44dc24f3,248,2.0329717371600027,731494608230026,0.003327228327228327,True,True,44dc24f3,1025,731494615554993,-6.812881562881563,1350.6070207570208,-14.565323565323565,1023.7499999999999,731494970515003,354.96001,e2491e41c10c910211a62710f8d93a3d6772020ee24e55278898c919dc4df124,16380,362.284977,True,205,228
3311.0173548067046,d0990dc7,249,-10.65796958360618,731494973182634,0.017582417582417582,True,True,d0990dc7,1025,731494979601502,-6.122100122100122,3522.0081196581195,-13.172344322344323,1023.7499999999999,731495334546030,354.944528,491773f206d0fae77aa2cb2b3d5509bec4597db39ae6a36a8c2b6d84ec584f06,16380,361.363396,True,214,237
723.0268497683975,a6b3e1ba,250,0.8261999643384978,731495337131645,0.0,True,True,a6b3e1ba,1025,731495343730435,-6.27979242979243,951.8022588522589,-13.760073260073261,1023.7499999999999,731495698545173,354.814738,93da217d175b6c0b2cf119be091d3cde0264f16e2fefbc4de313b68c6be2e403,16380,361.413528,True,173,180
239.3011263885348,9aa5fc83,251,-0.16944721682084057,731495701675262,0.0,True,True,9aa5fc83,1025,731495708633553,-5.684126984126984,544.6003052503053,-16.522405372405373,1023.7499999999999,731496063726079,355.092526,081730b9f64dff1033fb8abe39493da937d04ce0a145081f1c57389e4e715680,16380,362.050817,True,97,103
1248.4938511444464,347b5ef6,252,0.46451377446955244,731496069028869,0.005647130647130647,True,True,347b5ef6,1025,731496075509244,-5.190964590964591,1636.62326007326,-19.004822954822956,1023.7499999999999,731496430965006,355.455762,1130c133775e726f7deb80424cb25e8a3b850e7e5a673338a2aa9d60f672df04,16380,361.936137,True,169,205
242.4839785706086,a64aba93,253,0.029483475182823012,731496435578258,0.0,True,True,a64aba93,1025,731496442561396,-5.228937728937729,668.1181929181929,-19.957264957264957,1023.7499999999999,731496797558515,354.997119,629e9f9a42cf7c20a96be14b7f85c68d93c12afa66fceeedf39123beba599bdf,16380,361.980257,True,80,88
467.1668608155513,857b94df,254,0.310518447139063,731496799853269,0.0,True,True,857b94df,1025,731496806448111,-7.607753357753357,844.2101953601954,-17.865201465201466,1023.7499999999999,731497161607277,355.159166,d7617b0ac72b82efdd9abc64deffc41142204013ab18e0af654e1bffd55f6b26,16380,361.754008,True,128,133
820.6960008818343,ed77d066,255,0.27513740940382303,731497165368794,0.001617826617826618,True,True,ed77d066,1025,731497173192277,-6.205128205128205,1247.2054334554334,-19.697863247863246,1023.7499999999999,731497527630621,354.438344,a7d878d123ecc0ee17109726d8dc89df146375b7049987eab7d1d529a1ef4b7f,16380,362.261827,True,165,183
1609.4937510491816,5b21fef7,256,-7.063009169476051,731497532693176,0.003876678876678877,True,True,5b21fef7,1025,731497539477316,-2.6774114774114772,1808.2852869352869,-13.842796092796092,1023.7499999999999,731497894600791,355.123475,9bad09f3f19cffa7ef28b4308c36d955bcaa6413d19eb93d7e4f106addaa8fd4,16380,361.907615,True,182,212
383.70326420289786,d02a669d,257,0.05963552022194535,731497901668489,0.0,True,True,d02a669d,1025,731497908494850,-4.955921855921856,646.8443223443223,-15.446031746031746,1023.7499999999999,731498264403203,355.908353,41d49088f9cb8282d803d4f56f49bbf3732ad674c0105b81abdd11a91692e7ba,16380,362.734714,True,120,125
140.17085572580993,02fdcd9b,258,0.09761639485995477,731498267856173,0.0,True,True,02fdcd9b,1025,731498274974899,-4.116361416361416,310.9615995115995,-12.403479853479853,1023.7499999999999,731498629673582,354.698683,8af4063dce2aca92080855f74108e44a0f3453bd3d88a550b12bdba5f0726c11,16380,361.817409,True,67,70
660.8909962527636,fece5723,259,0.19141100043965156,731498635666051,0.001800976800976801,True,True,fece5723,1025,731498643521023,-4.326434676434676,821.2539072039073,-11.901465201465202,1023.7499999999999,731498997677026,354.156003,130efe6a0a5e67a09e1c0094952f43d9a01488ed4a2660b631c96cb4450e6319,16380,362.010975,True,169,191
1407.363873924542,fd3cde36,260,3.3358261457931757,731499011844284,0.006135531135531135,True,True,fd3cde36,1025,731499018876836,-2.717094017094017,1440.579304029304,-5.082600732600732,1023.7499999999999,731499373647342,354.770506,3394aeeaa9ffa23c7e32ffdc6dbbd2e88610fcc6d343e8f6028dac1d89771d5f,16380,361.803058,True,217,231
798.7315512045275,b7715178,261,0.42685995921117204,731499385150175,0.001678876678876679,True,True,b7715178,1025,731499393624202,-7.136324786324787,1147.9103174603174,-17.26996336996337,1023.7499999999999,731499749118749,355.494547,2e1afa4a59beb9a11c9b42d05625bb4885ff753d54a21d4700be56f083a7967c,16380,363.968574,True,173,191
297.53915798622756,6dc0b279,262,0.18287002954090623,731499753956577,0.00018315018315018315,True,True,6dc0b279,1025,731499761734754,-5.385958485958486,481.3450549450549,-12.441758241758242,1023.7499999999999,731500115635808,353.901054,27da6ec0170e75d62eef8be2fedff5350b27914a32f3bacd208dfca9ef41a4a9,16380,361.679231,True,138,154
476.0232044424169,775067f5,263,-0.06981070752640547,731500118376779,0.0,True,True,775067f5,1025,731500125610893,-6.984188034188034,975.1200244200244,-21.22069597069597,1023.7499999999999,731500480716659,355.105766,2686d85dca25d6ccba2424be357db9012d34ac7f20b375be5a3079beb160f549,16380,362.33988,True,120,117
941.763870760226,b835be80,264,-0.813253856806212,731500491086342,0.001282051282051282,True,True,b835be80,1025,731500498482914,-7.8037240537240535,1171.1338217338218,-12.979670329670329,1023.7499999999999,731500852671870,354.188956,398118943e120799a93461e1be8c5d9f86b77f6c28a08d75f51fd9e3a1e705f5,16380,361.585528,True,147,177
407.7698959651799,e1a86d55,265,0.4344194421721948,731500857189480,0.0,True,True,e1a86d55,1025,731500864548662,-8.68009768009768,908.5235042735043,-20.625457875457876,1023.7499999999999,731501219674705,355.126043,6c787b46283c782704ae6dcd0759c89ee1a5ed54ff8d54666b84ff11342eb252,16380,362.485225,True,117,124
268.9095399628183,ec490acf,266,0.2977085599205681,731501226523478,0.0,True,True,ec490acf,1025,731501233524690,-6.383943833943834,567.454945054945,-16.055860805860807,1023.7499999999999,731501588676257,355.151567,f5a1ca816e6faf2b595c83bcee6427be2dd1cb9c4e292360e1985edc77021b84,16380,362.152779,True,114,117
1945.8611298659282,11dc6dce,267,-10.020821426346775,731501591328288,0.006837606837606838,True,True,11dc6dce,1025,731501598841321,-1.885103785103785,1955.7376068376068,-2.5145299145299145,1023.7499999999999,731501953689663,354.848342,b349c40dbe5797560d3c9acefea84fa19806830163c3b39add7fbe130601c024,16380,362.361375,True,219,230
495.8836232726709,8183621d,268,0.8218950991359253,731501967589663,0.0,True,True,8183621d,1025,731501995437173,-11.410989010989011,1254.4014652014653,-25.066056166056168,1023.7499999999999,731502329715088,334.277915,510a7e4e935f6d92f0a7f844644d6b7f3af3e51a5d27a28eedbf0c5141f4d12c,16380,362.125425,True,114,118
1414.890343505362,c38dba46,269,-5.754871980786027,731502338912667,0.003785103785103785,True,True,c38dba46,1025,731502345565258,-4.044078144078144,1508.1721611721612,-8.770818070818072,1023.7499999999999,731502700733912,355.168654,7495bace579559b63d0df3b58909249b040b9068c4e418a541044a4208232424,16380,361.821245,True,184,202
187.46115174779095,1dab6fb5,270,0.3313710145464977,731502704408122,0.0,True,True,1dab6fb5,1025,731502711576471,-3.292063492063492,480.88150183150185,-16.81019536019536,1023.7499999999999,731503066777627,355.201156,bcea9db14bb252222b753dee2007fc22a60904b70ccfedc9e6a8f152af367170,16380,362.369505,True,94,97
449.7103781227591,beeeef48,271,0.5772324688653229,731503078949929,0.0,True,True,beeeef48,1025,731503091382996,-9.354090354090355,1021.0267399267399,-21.995848595848596,1023.7499999999999,731503441108400,349.725404,09f713904c7c63ef17cfba91b5e4aa82ac14b2477aa8f1785d28ac7a0c23148e,16380,362.158471,True,116,115
373.74518167797464,d9100d67,272,0.13481073018631395,731503444793331,0.0,True,True,d9100d67,1025,731503452508357,-6.592246642246642,813.4413308913308,-19.905738705738706,1023.7499999999999,731503806753925,354.245568,a725738bbe9f4c4ffc9695b8fc5493cc3a0bf64fef6706c34b17c236d74225e7,16380,361.960594,True,113,110
226.71978780444897,945f31f7,273,0.6650889770868096,731503810506504,0.0,True,True,945f31f7,1025,731503819008173,-5.1128815628815625,509.2287545787546,-16.01147741147741,1023.7499999999999,731504172738212,353.730039,5d972a10244f8c8024a474824cd6bc7bc2e860e06327c3b55b1618f589969694,16380,362.231708,True,105,110
479.27895671856294,c6ad6f1d,274,0.42683170693625955,731504178090737,0.0,True,True,c6ad6f1d,1025,731504184912338,-13.314224664224664,1246.0351037851037,-24.27936507936508,1023.7499999999999,731504540776371,355.864033,5f872e2d9228145e6314f277e6efeb5c595016ed37e8897fd112a94271277c9f,16380,362.685634,True,116,118
455.37572647709084,68aa76bc,275,0.16193770300001636,731504548399493,0.0,True,True,68aa76bc,1025,731504555851390,-8.676862026862027,807.72557997558,-16.645177045177046,1023.7499999999999,731504910750893,354.899503,5cd33ba6cc45ae5fb564f1664893cf59b3082ac8f577bd2cb3fc2e90668cef1e,16380,362.3514,True,120,129
1527.9648297791614,b52cd198,276,-1.7926622447720728,731504919140459,0.002686202686202686,True,True,b52cd198,1025,731504925968412,-2.3807081807081807,1552.0434065934066,-4.290781440781441,1023.7499999999999,731505281775416,355.807004,588cbd6672623999e12501937ad25309ae672739eac9d7ef81c5399544904a05,16380,362.634957,True,189,203
471.6451571498641,5ce91d71,277,0.012092679214731984,731505292679452,0.0,True,True,5ce91d71,1025,731505298859526,-14.226312576312576,1246.3379731379732,-23.922893772893772,1023.7499999999999,731505654776484,355.916958,16ad2b875eaacd1e7f3207c8fb49f452af687201077c137dc406524fc7180372,16380,362.097032,True,112,117
931.1856009070295,36c79aa0,278,0.6724904618443086,731505659541323,0.0018315018315018315,True,True,36c79aa0,1025,731505665971682,-7.477655677655678,1201.1710622710623,-14.63113553113553,1023.7499999999999,731506021775085,355.803403,58c385d0ecd5a02851ab28ca3e4bcb4513b1aca924a75b8870b0803747c295c8,16380,362.233762,True,175,188
394.5237392976038,91299ae0,279,0.0746464308165529,731506026292846,0.0,True,True,91299ae0,1025,731506032909197,-7.902258852258853,753.1350427350427,-17.20946275946276,1023.7499999999999,731506388763014,355.853817,e090a0119dc46ac3082e3c33bd7677313da283d0a118b63515414363146557f6,16380,362.470168,True,124,125
367.0859837371284,b07e45b0,280,0.5054873763547573,731506393813184,0.0,True,True,b07e45b0,1025,731506401494866,-7.063797313797314,654.6662393162393,-15.416971916971917,1023.7499999999999,731506755801555,354.306689,9275289eb798515d41b69af86526522f8471973eca4629bacd0c884e34481162,16380,361.988371,True,122,122
475.89401112691405,eeaff41a,281,0.03558175155977645,731506760776773,0.0,True,True,eeaff41a,1025,731506766995150,-10.566178266178266,1077.7496336996337,-22.14072039072039,1023.7499999999999,731507122825098,355.829948,b13293779b0efbf56f7de8dd88403e03bbd6c40c7000ee31569eccc97fd0faa7,16380,362.048325,True,115,115
559.2769912308557,d084b91e,282,0.43154279559979614,731507130863227,0.0,True,True,d084b91e,1025,731507139999188,-9.53876678876679,1273.0478632478632,-24.955616605616605,1023.7499999999999,731507492802421,352.803233,1681546f04f3d79f10132068c0bdd31b46990da11e4020d243cee3c8066bff1e,16380,361.939194,True,124,126
245.72059618478116,463a8927,283,0.0905569372126229,731507499778685,0.0,True,True,463a8927,1025,731507506435213,-6.21013431013431,641.7525641025641,-18.906776556776556,1023.7499999999999,731507862093069,355.657856,187620a9ab99465954a00f9b73fe9c028a429d716768b5acb8105d2136a583bd,16380,362.314384,True,86,85
317.1293535066887,b94f3881,284,0.2937164516960329,731507865886015,0.0,True,True,b94f3881,1025,731507872946428,-5.6782051282051285,523.0895604395604,-13.18021978021978,1023.7499999999999,731508227828413,354.881985,d6a182fb402a5311e1f56d6c92f7aa805fcf164104e9e8c65efb0a1ac6e31675,16380,361.942398,True,122,128
332.50204786801856,2cd697bb,285,0.35199213819174724,731508237713966,0.0,True,True,2cd697bb,1025,731508245555432,-6.5597069597069595,629.8194139194139,-15.946398046398047,1023.7499999999999,731508599823657,354.268225,477597a63905078869e5ea61f48464e5aba8c935db51cc65ac51b3d09fc89bcb,16380,362.109691,True,112,120
344.1925852688215,68c003ac,286,0.4409710020844445,731508604622240,0.0,True,True,68c003ac,1025,731508610992625,-6.665018315018315,661.9419413919414,-16.532600732600734,1023.7499999999999,731508966810901,355.818276,c2a15d62a5f15562c8fa786e8cadd64e8edb03a865e3d4a08bbf470fdd7a3132,16380,362.188661,True,125,126
458.9262294841232,96ad4301,287,0.15793173951885014,731508975676199,0.0,True,True,96ad4301,1025,731508981959629,-8.348412698412698,1009.123076923077,-21.92032967032967,1023.7499999999999,731509337875989,355.91636,c8e6fb61713f9edc01e515d44ee71ecb51b7e531bf85ed83b29c6b042c11c646,16380,362.19979,True,119,126
420.7841810048586,60029a23,288,0.09016769946633307,731509343697212,0.0,True,True,60029a23,1025,731509350192443,-5.776251526251526,784.5520146520147,-18.176984126984127,1023.7499999999999,731509705869336,355.676893,931e32646c690ded94e3cb8172ef741276798619e4bb9a6ce4e690abe5d7c91c,16380,362.172124,True,122,128
441.71085721292684,20769b6c,289,0.34912864177924274,731509709716634,0.0,True,True,20769b6c,1025,731509716643996,-7.26978021978022,1052.0422466422467,-23.61105006105006,1023.7499999999999,731510071848062,355.204066,30bd48f26ccb01bc17d5958a67dcb0595fab768149c31b003c2d1f7476e8d6f9,16380,362.131428,True,118,118
459.9876305830243,c94608f7,290,-0.11380292001811178,731510079216369,0.0,True,True,c94608f7,1025,731510086026408,-9.687301587301587,964.0423076923076,-20.253663003663004,1023.7499999999999,731510441847160,355.820752,a400656ceadde575525cac2f3c5078f5e9eecef89b8b1d8d6477b31eb66d4733,16380,362.630791,True,121,129
1282.974391515756,6be1c874,291,1.1760453231120314,731510448870363,0.00347985347985348,True,True,6be1c874,1025,731510455089631,-8.00885225885226,1836.265750915751,-22.116727716727716,1023.7499999999999,731510809946914,354.857283,70658ffa35096a1cf3a27664431e422519d008919c8c8c883effc1899377f84e,16380,361.076551,True,201,212
379.150752410322,232be5b6,292,0.5779034650715491,731510817596876,0.0,True,True,232be5b6,1025,731510825891641,-7.249267399267399,786.5442612942613,-18.837240537240536,1023.7499999999999,731511178935544,353.043903,97408a9b545f66b09af2867152e34231466338dad7a8cac1c27824d7dd94caad,16380,361.338668,True,117,124
316.9900043234475,0350af88,293,0.6598262892522816,731511190723125,0.000641025641025641,True,True,0350af88,1025,731511197915910,-3.346764346764347,520.546398046398,-13.86923076923077,1023.7499999999999,731511551999170,354.08326,7fafb6bf0cb30cb3e4ce08fdb8c3d86a60a5c92182c7fef17c913e54a0b1d5d5,16380,361.276045,True,118,132
616.5806311264371,905d9c58,294,0.7718892596975836,731511555306534,0.001984126984126984,True,True,905d9c58,1025,731511562218465,-4.268192918192918,808.5211233211234,-13.18040293040293,1023.7499999999999,731511916945166,354.726701,342bf65c54e046eb6cbcf0006554cd75092e625ba4f76c8cfac4047ed4ac334a,16380,361.638632,True,168,196
526.5893229891125,33a3cd3f,295,1.1207479682622914,731511920679359,0.002136752136752137,True,True,33a3cd3f,1025,731511927023925,-4.449206349206349,750.3355921855922,-14.281135531135531,1023.7499999999999,731512283468954,356.445029,1347533191da171d3303be33d105111bf634e5c1cec6605b03da5cc174326f1f,16380,362.789595,True,141,159
779.5224156965,73d14672,296,1.975290353668187,731512288923391,0.0015567765567765569,True,True,73d14672,1025,731512295071052,-5.997374847374847,1073.8778998778998,-16.074420024420025,1023.7499999999999,731512649983831,354.912779,a9940761e263a2a5068f2fda1a9b25891f0d6b7b578b47d7c9b4a09956299c45,16380,361.06044,True,181,199
923.8976160957479,3133d76a,297,-8.40558890341309,731512653561658,0.0031135531135531138,True,True,3133d76a,1025,731512660089150,-7.801831501831502,1473.7106227106226,-22.11208791208791,1023.7499999999999,731513014983213,354.894063,e9c3a646fbb415c4766867ba9243e9fae83256dea5bec34995d652c4e8e4f2f5,16380,361.421555,True,139,170
378.4516297720052,d432ec98,298,-0.1050684848341244,731513024665329,0.0,True,True,d432ec98,1025,731513031101429,-3.309279609279609,619.751221001221,-15.177228327228327,1023.7499999999999,731513385985580,354.884151,719ddb06f3133f65db4b291fa73b7f977a86d321d50088aa61501aa550c3cdd6,16380,361.320251,True,143,146
437.86616146063955,f3c82979,299,-0.5670881969004202,731513393126235,0.0,True,True,f3c82979,1025,731513400095816,-8.236446886446886,1238.071733821734,-27.062271062271062,1023.7499999999999,731513755088401,354.992585,cc0fe9f075f0d4bf0f55144da4212f6cf1559bccea4b8a15d34523c770571b6f,16380,361.962166,True,112,109
372.8990200496153,f19c7762,300,0.5835150072089021,731513920349824,0.0,True,True,f19c7762,1025,731513927445134,-3.9358363858363856,812.7095848595849,-20.5990231990232,1023.7499999999999,731514282018562,354.573428,b566c84e84c8a5eff2c52dd00b6f251d801dd7ea1f244deb8201bf9b31cca322,16380,361.668738,True,116,113
570.1681569068567,882e588e,301,3.7606022308133555,731514286801064,0.0005189255189255189,True,True,882e588e,1025,731514293148906,-5.0025030525030525,773.6570207570207,-13.359035409035409,1023.7499999999999,731514647983145,354.834239,8aded47010b42afff5a5a67c703cbe40510043d3a5c0ce03509d6051388ea310,16380,361.182081,True,156,175
1754.3179474470044,cac46983,302,-10.178292609645842,731514653919847,0.0022893772893772895,True,True,cac46983,1025,731514660141789,-0.8268620268620268,1755.3099511599512,-0.5552503052503053,1023.7499999999999,731515015049348,354.907559,226f5ceade01d16c9575af15940f9641bb1c8001cf61906f3ba549de289cdf6c,16380,361.129501,True,149,169
465.76446983351747,cd95e214,303,0.3357012423833804,731515021581138,0.0,True,True,cd95e214,1025,731515028958933,-7.0587301587301585,1026.7807081807082,-22.60952380952381,1023.7499999999999,731515383073445,354.114512,c43bedde86e3dd0999dc023a01909163ea9940db1daf26ecc55ad05978e78da6,16380,361.492307,True,116,124
503.3369253392788,d07852a2,304,-0.008444562896489045,731515389013583,0.0,True,True,d07852a2,1025,731515395152047,-8.698290598290598,1101.2647741147741,-22.853174603174605,1023.7499999999999,731515750083756,354.931709,041bd8e252f57568be1e0c2f64046340c4a7df0c9f8ed9078be7ecc16af5dc85,16380,361.070173,True,127,127
456.3363882217362,a8617d06,305,0.27674515247556297,731515757455159,0.0,True,True,a8617d06,1025,731515767200495,-4.486935286935287,986.0816849816849,-22.574603174603176,1023.7499999999999,731516121602209,354.401714,6128993e8eef292865c5ab0854a5ffde3984ee3505218dab6afbf957ba48cad5,16380,364.14705,True,120,123
852.6255781343876,5474648a,306,0.4646674276395164,731516135281798,0.0015262515262515263,True,True,5474648a,1025,731516142208237,-10.513125763125764,1420.2521367521367,-21.37991452991453,1023.7499999999999,731516498176629,355.968392,d17bd867fba0fe86972c93daf77b59a733e2185468d29cae8d07c247beeb0c85,16380,362.894831,True,170,207
361.3386553481792,d823b3e6,307,0.19340794176295392,731516506433882,0.0,True,True,d823b3e6,1025,731516514023719,-4.813308913308913,651.6953601953602,-16.345909645909646,1023.7499999999999,731516868093108,354.069389,adc52ce9abf8b3bdd1555ddf894c5678c8a5510748db84f385097ef55f19237b,16380,361.659226,True,118,120
483.4882446765688,599dfba2,308,-0.20118911117027655,731516874468161,6.105006105006105e-05,True,True,599dfba2,1025,731516882163929,-4.83021978021978,810.9830891330892,-17.44029304029304,1023.7499999999999,731517236060459,353.89653,20bfe1548b869ee545b2f8c4a38892e07125670aec2e3ade9d4196b6b985dc3a,16380,361.592298,True,141,150
822.443362948949,2d602730,309,0.624513876988615,731517245590216,0.0016483516483516484,True,True,2d602730,1025,731517252388672,-8.78015873015873,1387.40231990232,-22.087728937728937,1023.7499999999999,731517607095855,354.707183,50073764151eb0bb5800c15cae1beb68eeb88b8c2fd629717a9c4dab6e86806b,16380,361.505639,True,171,198
805.0812205465136,33a16d95,310,-5.093971357103903,731517614401363,0.0,True,True,33a16d95,1025,731517622406718,-4.444627594627595,1083.796336996337,-16.092246642246643,1023.7499999999999,731517976108254,353.701536,c81b14cad1040e5abf25de8c5ea1b1da5611f1858aab58ede4bca15ee5057f4c,16380,361.706891,True,136,147
310.65909129704914,ea1905d3,311,0.5022120425640486,731517980951762,0.0,True,True,ea1905d3,1025,731517987249748,-3.3078144078144076,527.8352258852259,-14.36086691086691,1023.7499999999999,731518342102736,354.852988,88af66b8d28e858dd2afb0183b2d9aa155e9e12f5a37a3842314743ff6191e6c,16380,361.150974,True,122,123
306.2930281985685,d8d71b10,312,-5.029117378476449,731518344796656,0.00021367521367521368,True,True,d8d71b10,1025,731518351357572,-1.1707570207570208,308.8387667887668,-1.084004884004884,1023.7499999999999,731518706074799,354.717227,38a1d4ae29d7ed507ac2c6f5c863711930a02a4b6b6d2cf541f55cccd591d1c2,16380,361.278143,True,156,162
945.56728671986,2fd6f6f0,313,0.06252728288235382,731518710139229,0.0029304029304029304,True,True,2fd6f6f0,1025,731518717215973,-5.688583638583639,1523.2381562881562,-23.35189255189255,1023.7499999999999,731519071983025,354.767052,e786bbcb4b6c4b0a18b1a8960a84d5d56c71e2f07b177e87da89a0d475028acb,16380,361.843796,True,159,181
395.95312814847614,533eacbc,314,0.38688375746957504,731519074853970,0.0,True,True,533eacbc,1025,731519081377745,-4.978632478632479,737.7277167277167,-17.804151404151405,1023.7499999999999,731519436124776,354.747031,87b7b7972f0e1b2e3882af974114982991893d0bcdc68670465358925e5918d2,16380,361.270806,True,123,124
473.1147854451884,ab410656,315,0.07257244912111627,731519444629258,0.0,True,True,ab410656,1025,731519452126379,-6.7605616605616605,1193.0623931623932,-25.966178266178265,1023.7499999999999,731519806044195,353.917816,3d6515c82d082960c5cb7671abbb81d15bb26a103c0065f63b08696be7025551,16380,361.414937,True,112,110
2212.0611582776874,76acb7a9,316,2.9380417260607135,731519810215989,0.007326007326007326,True,True,76acb7a9,1025,731519817340483,-3.4075702075702075,2293.521672771673,-8.357570207570207,1023.7499999999999,731520172158987,354.818504,e2a88de40159bebe15b8a2f7e4ef7d03cce0191d1c3ae8bdd0ff8e6fc5647391,16380,361.942998,True,223,236
577.7489960209373,26cfcdb4,317,0.16130088503040318,731520187725705,0.0,True,True,26cfcdb4,1025,731520194428059,-6.799511599511599,1279.992673992674,-25.612698412698414,1023.7499999999999,731520550063318,355.635259,dd1c5edbc442af4d92d85f5483673fd5e0961bfb1f3398b965054e35f049c903,16380,362.337613,True,130,129
919.1331135493864,ec1e01d7,318,-0.10807925293502248,731520560885095,0.003083028083028083,True,True,ec1e01d7,1025,731520571534957,-4.6401098901098905,1365.411172161172,-20.60940170940171,1023.7499999999999,731520923181500,351.646543,10845adc36d5c1fe041f6b89cdfc155a55a851e51d48fba95e1b7ce7a600a401,16380,362.296405,True,138,169
633.919049363335,d0f5a851,319,1.88404059165654,731520929467082,0.0015873015873015873,True,True,d0f5a851,1025,731520937463911,-3.5864468864468866,780.3746031746032,-11.558241758241758,1023.7499999999999,731521291176732,353.712821,14397054906d280ce766d65d7e0884b5cbec82d034f8c73e7e464eef83581d4f,16380,361.70965,True,172,201
377.4807075955519,3f3cc3b8,320,0.4932711636689407,731521301674956,0.0,True,True,3f3cc3b8,1025,731521308768662,-5.754029304029304,962.0192307692307,-23.48253968253968,1023.7499999999999,731521663133656,354.364994,10b62256528fb5c8edbf210ff7837a681e6fc2fbb8211bbb011d27e21e09a75c,16380,361.4587,True,108,104
365.57056942413175,925c8b5e,321,-0.14487676394917823,731521666485424,0.0,True,True,925c8b5e,1025,731521673319657,-4.598473748473748,622.2359584859585,-15.346642246642247,1023.7499999999999,731522028154663,354.835006,5f8912ffdfaaf5d080ce3b423de3323fa95705f1bafc45cd8d393d276979bfff,16380,361.669239,True,121,125
25395.98442997953,5ee0f3a2,322,-10.75019187512332,731522031528793,0.2083943833943834,True,True,5ee0f3a2,1025,731522038343009,-1.812026862026862,25404.661721611723,-2.3224664224664227,1023.7499999999999,731522393191308,354.848299,bfa30ce123bdc0b156650579afbae13cce08d8ec49434e3e80693996581b633b,16380,361.662515,True,234,256
881.8344930422312,59cd6cd2,323,-16.51908329939939,731522396902918,0.0020757020757020757,True,True,59cd6cd2,1025,731522403396856,-3.978998778998779,1041.5014041514041,-11.993101343101342,1023.7499999999999,731522758178285,354.781429,788d8329471f4edc58b16e41fdea8608129eb3dce4282b92137de68a4a3a023f,16380,361.275367,True,156,181
172.55931613123005,ba17cc89,324,0.16487324818828353,731522761543719,0.0,True,True,ba17cc89,1025,731522768388442,-2.9520757020757022,464.3187423687424,-16.823931623931625,1023.7499999999999,731523123179480,354.791038,5dc988bac8a8e0645e276959e91841d6a7da9896fa26ba69e7cc69d0d3bef24d,16380,361.635761,True,68,69
343.51113578085193,22402ca5,325,0.43781619816551076,731523125686726,0.0,True,True,22402ca5,1025,731523132361336,-4.692551892551893,794.6254578754579,-20.714590964590965,1023.7499999999999,731523487187527,354.826191,b3643a82eebf9d171e7460a8e59201aacbeee0c2d0345fb08dfbfce5ff13bdbf,16380,361.500801,True,119,116
1083.6652513712038,2f40a1e0,326,2.969347735311964,731523496646419,0.00231990231990232,True,True,2f40a1e0,1025,731523503384399,-4.993711843711844,1212.4096459096459,-10.188583638583639,1023.7499999999999,731523858162458,354.778059,810a95ed4ee3cfef297e09b5c5fef1cb4a5ad57cc5cb1c028be8c5623912ddbb,16380,361.516039,True,205,221
477.34432758463896,016477bb,327,0.14665081758485887,731523860377088,0.0,True,True,016477bb,1025,731523867385622,-9.846459096459096,1178.6733821733822,-24.584065934065933,1023.7499999999999,731524222244443,354.858821,e4b671ac8ffd42462a138ef72545df81f6595d0cb2c1bc96c2967357cfaba5cc,16380,361.867355,True,107,115
507.5260776602993,f85ca0f5,328,0.14518556578957523,731524226537226,0.0,True,True,f85ca0f5,1025,731524233427956,-8.802503052503052,1157.8554945054946,-23.934188034188033,1023.7499999999999,731524588222802,354.794846,5a46cdf9289fe845fd2cc6f3b2c9afe81f9873f7db083da3403638148559c7da,16380,361.685576,True,122,124
455.37590720092544,d5ed805e,329,0.16656544370918774,731524591700328,0.0,True,True,d5ed805e,1025,731524598361823,-9.451159951159951,1010.2059829059829,-21.575579975579977,1023.7499999999999,731524953244465,354.882642,aa81d125d8cf39a5ccc32114f3b14bf6a64567005a368a1b4b5c881bc06d2f3b,16380,361.544137,True,118,123
361.19151553235804,f95186d5,330,0.23505704126806198,731524957614734,0.0,True,True,f95186d5,1025,731524964506757,-6.117704517704517,654.6686202686203,-16.001587301587303,1023.7499999999999,731525319220667,354.71391,5516f49837aee7f1e7e579b395536bbd923cff3c7fd903e61916d708e00098af,16380,361.605933,True,124,129
534.5733979129675,f94d91a0,331,-0.04280850848417009,731525321975362,0.0,True,True,f94d91a0,1025,731525329273475,-7.718315018315018,1043.852442002442,-21.206288156288156,1023.7499999999999,731525684306748,355.033273,78265a9885397f37d6abe555aed424c08822ae198159fdf6e094120635dd931b,16380,362.331386,True,128,128
483.72785678878165,7a3e1efb,332,-0.34861551929458334,731525688829587,0.0,True,True,7a3e1efb,1025,731525695317323,-7.865995115995116,929.6373015873016,-19.5968253968254,1023.7499999999999,731526050225889,354.908566,854d6858de6ba0f83d8db94625429146f009151d916f6610bf58ebaf045d4d9e,16380,361.396302,True,124,128
254.24134564695916,27a3edbd,333,0.6521166521680484,731526052587418,0.0,True,True,27a3edbd,1025,731526059249825,-5.488644688644689,493.40555555555557,-14.458180708180707,1023.7499999999999,731526414239582,354.989757,3adcdacb1b4a3d193c6dc3493b6ac562c335a71817e3fc92b746a9027393c8f0,16380,361.652164,True,113,129
261.18088391766963,652c2912,334,-0.04126654294119486,731526417651564,0.0,True,True,652c2912,1025,731526425727252,-4.453113553113553,551.4208180708181,-16.444139194139193,1023.7499999999999,731526779337110,353.609858,2f034a86cc0b1d01b66414e2a46bece273b61b57ac4c63233d46c659735539f5,16380,361.685546,True,102,106
499.7367258233558,9d18d7e9,335,0.6666882877678432,731526785965292,0.0,True,True,9d18d7e9,1025,731526795330275,-8.633333333333333,1181.6559218559219,-24.645177045177046,1023.7499999999999,731527148283688,352.953413,f8e1712542c9c3d8e6e0785a8f542f9f32cc9991f2ca7be60eaf8687d654bc79,16380,362.318396,True,124,127
204.04334120126242,6a31c79a,336,0.5866059180843007,731527152780547,0.0,True,True,6a31c79a,1025,731527159345670,-3.866849816849817,454.09200244200247,-15.332844932844933,1023.7499999999999,731527514281398,354.935728,8ace8ee24eb0d4a1779e9978d8f7c36559d5443d9e80368b8a45ba41fa7783ad,16380,361.500851,True,99,104
505.72960424801084,94d68232,337,0.0453431065043541,731527519407641,0.0,True,True,94d68232,1025,731527526344729,-5.768681318681319,1025.0321123321123,-22.045970695970695,1023.7499999999999,731527881286729,354.942,88eb7189ad481c680bc99657f34c87c81985aaa39278a6dbc8d7e253a369af22,16380,361.879088,True,123,125
291.77143740840626,8d3611ce,338,0.15337644174376808,731527884038489,0.0,True,True,8d3611ce,1025,731527891342583,-3.5685592185592188,586.2867521367522,-16.786324786324787,1023.7499999999999,731528246303628,354.961045,1101bb337c85da06e10d5662586469f675cd1165c25da180e101f0c8d5d6fa11,16380,362.265139,True,118,121
469.65110350407963,c5f4545c,339,0.4420980998706098,731528250409055,0.0,True,True,c5f4545c,1025,731528257347606,-7.006227106227106,1084.6408424908425,-23.78870573870574,1023.7499999999999,731528612430347,355.082741,7c5fcfb9bacee562901801a274e8952b5246c0d8663886837e4e3b8ef5280721,16380,362.021292,True,120,122
1890.1015427253521,ad705e36,340,1.257107082813701,731528616667705,0.0025946275946275945,True,True,ad705e36,1025,731528623243227,-4.09035409035409,2209.227228327228,-17.389499389499388,1023.7499999999999,731528978253291,355.010064,46b25cc0aa47406acd6921e972f179d66230d1264c3e9722e5752407829f2574,16380,361.585586,True,239,253
570.2412571206436,928192bc,341,0.3887439882915336,731528980902125,0.0,True,True,928192bc,1025,731528987277086,-7.049572649572649,1331.5796703296703,-26.676617826617825,1023.7499999999999,731529342303369,355.026283,0cae5ae190c4462efe1f210a3b0ad163d44898a23531b417095f695f6b8fbbc5,16380,361.401244,True,124,132
468.07625101563747,41418e21,342,-0.20330004816168604,731529344639350,0.0,True,True,41418e21,1025,731529351251762,-6.627350427350428,1299.8009157509157,-28.06782661782662,1023.7499999999999,731529706421193,355.169431,a0359d2ea9fab8b6518b40e52a006a142843fe052b042daefca874b9b0d3b85d,16380,361.781843,True,114,115
509.2120013164153,bc3fb79d,343,-0.10713504680414249,731529712144880,0.0,True,True,bc3fb79d,1025,731529719284041,-8.859401709401709,1203.5921855921856,-24.817155067155067,1023.7499999999999,731530074322824,355.038783,ca0132251f79ff80ac9a678ca871cb4ae491fe5ed7fa5c9d38ef1008292fffba,16380,362.177944,True,126,118
428.55832189856,70921606,344,-0.2564956487862199,731530076943375,0.0,True,True,70921606,1025,731530084181343,-8.301770451770452,912.7688644688644,-20.37869352869353,1023.7499999999999,731530439934579,355.753236,955213ba3c8e7e7f31f282fb646c913a40edb0731378536c54e7cec671971e67,16380,362.991204,True,116,121
834.7754482408786,d7f15088,345,4.119643071295326,731530450905407,0.002197802197802198,True,True,d7f15088,1025,731530458278522,-3.1314407814407814,975.9678266178266,-11.462393162393163,1023.7499999999999,731530813344863,355.066341,6446e2c08ab8657df6f2484a6ffa26b8f8229b09468539919af693e4384770c7,16380,362.439456,True,185,189
296.456439298051,da511218,346,0.38718371409724317,731530816849541,0.0,True,True,da511218,1025,731530823149901,-5.752869352869353,823.8459096459096,-22.232722832722832,1023.7499999999999,731531178379141,355.22924,4f8edd3f9820571906cd2ed8d8f13c754802b80b1f3c0d626e04a332e60b8774,16380,361.5296,True,92,95
1016.3307166636104,a135b3ac,347,-0.048046199050146954,731531181313436,0.00231990231990232,True,True,a135b3ac,1025,731531188157267,-5.501831501831502,1467.9980463980464,-20.52796092796093,1023.7499999999999,731531543808713,355.651446,46722d56bf1e27dcd37ac21a56d4f5b614049355488ad47654e6e8c415f0b75a,16380,362.495277,True,188,221
159.64354814531552,69e4b987,348,0.2521984565094759,731531547920422,0.0,True,True,69e4b987,1025,731531555504887,-3.1446886446886446,348.56452991452994,-13.38028083028083,1023.7499999999999,731531910357187,354.8523,726e97b57804242c4817fcdbf52380735d4e011ef14d514d23fd23dcef21ea94,16380,362.436765,True,110,113
544.5844664306661,7582dbd3,349,0.5258067580656937,731531913207113,0.0,True,True,7582dbd3,1025,731531920181752,-6.467460317460318,1263.4160561660563,-26.01929181929182,1023.7499999999999,731532275341544,355.159792,64a62550855b2f721a4ece10bb5cdd72647009287d1c6ac9baadecc177f135be,16380,362.134431,True,129,126
506.42263963990155,7f657746,350,0.24378214751420346,731532278532667,0.0,True,True,7f657746,1025,731532285217416,-9.694993894993894,1414.9534188034188,-28.54010989010989,1023.7499999999999,731532641324461,356.107045,d0e8120eb4e543a1462fe3ac575f315ee83b296c42066320d4a80b382b69dde1,16380,362.791794,True,126,128
456.253764928939,f606ed1e,351,-0.19159993395529432,731532644027337,0.0,True,True,f606ed1e,1025,731532651219679,-8.118315018315018,1178.612148962149,-25.62130647130647,1023.7499999999999,731533006347908,355.128229,48c0b0a8b9411972f82a2d4e00eb3994c25bca27fae197bfc48755be7b297338,16380,362.320571,True,113,109
556.7706819194914,173a6906,352,-0.6900366971453763,731533010076380,0.0,True,True,173a6906,1025,731533017195532,-4.962210012210012,1005.8170940170941,-20.601526251526252,1023.7499999999999,731533372390616,355.195084,2a834160fecc64a3dd528dfffcb02656fc2cc2f26ad794eea19f6c781df503e2,16380,362.314236,True,120,136
473.9400699913978,00c3413f,353,-0.6840497558875435,731533375688451,0.0,True,True,00c3413f,1025,731533382190944,-4.427594627594628,875.9467032967033,-19.555128205128206,1023.7499999999999,731533737582838,355.391894,258e154efd81a9d6d5c48a959c041f0491055635df8d54a63e1c7d13a8a28b57,16380,361.894387,True,123,134
713.5908357447736,0230604d,354,0.11245518249251912,731533742755148,0.0015567765567765569,True,True,0230604d,1025,731533749189181,-4.864774114774114,1158.4460317460318,-20.522893772893774,1023.7499999999999,731534104424829,355.235648,1f6af28ed7316ab16899d69fb2d0d9b14cc6d11b70e27b55c52b512c2e30d1ea,16380,361.669681,True,151,170
972.0257270995185,b575db12,355,2.982272685506731,731534107213218,0.002136752136752137,True,True,b575db12,1025,731534114229175,-2.9258241758241756,1042.1396825396826,-7.845604395604395,1023.7499999999999,731534469385799,355.156624,b9c4a3d28506f543f354b9400d79bac2123c575fcf00b63463a9891c0886169a,16380,362.172581,True,185,194
816.74973899049,63a6b9e5,356,-0.11959835792231135,731534743904659,0.0021672771672771674,True,True,63a6b9e5,1025,731534751382332,-4.6239926739926736,1297.8826617826617,-21.441819291819293,1023.7499999999999,731535106404600,355.022268,ea4c947ae7dc94e88a3cbb8875253075c6d8edad32d3214e8dabe51844293297,16380,362.499941,True,139,159
544.1026758115037,5286147a,357,0.5076958170880522,731535108694814,0.0,True,True,5286147a,1025,731535115268963,-6.63931623931624,1166.5945054945055,-24.050183150183152,1023.7499999999999,731535470422917,355.153954,a7f8bf61b6ebb0dbd0de8683a5361cd5d31dec2e32e26b2c2b6f4b3f399b8819,16380,361.728103,True,133,135
651.0293225157693,cb06d328,358,0.4810906911824265,731535472959849,0.0008547008547008547,True,True,cb06d328,1025,731535480209950,-6.613308913308913,1492.3551892551893,-28.241636141636143,1023.7499999999999,731535835453312,355.243362,9648a214e79b28194f3da5e6a72b5e24e3876b69a70e81bd55f4755f7b269043,16380,362.493463,True,138,158
722.1078745111896,1688fe4f,359,-13.552226886185462,731535838387998,0.0,True,True,1688fe4f,1025,731535845372075,-7.128998778998779,1128.7180708180708,-18.862332112332112,1023.7499999999999,731536200435697,355.063622,452c7ebc9a5813cf8ae9814878e4732ea2f9e2e07060a2ae026c21a88487430e,16380,362.047699,True,125,131
499.908429284052,07995fa5,360,0.29162314362404107,731536203665923,0.0,True,True,07995fa5,1025,731536210233159,-10.423015873015872,1300.1445665445665,-26.29822954822955,1023.7499999999999,731536565554935,355.321776,51c2af039604ec41d747dd19bbe2041dfd4d2ca4aaebac44a7f9c6e3b1e69476,16380,361.889012,True,118,117
1578.377065299712,62040603,361,2.9086842085294045,731536570292912,0.006837606837606838,True,True,62040603,1025,731536576902808,-7.207631257631258,2231.295177045177,-24.514652014652015,1023.7499999999999,731536932454521,355.551713,4db58eff6b3dc997936c6948204d9a52593a9b05792bc5d833396879a9b5926f,16380,362.161609,True,218,237
506.0822256362549,d3ee6b1b,362,-0.2455141831804326,731536935856373,0.0,True,True,d3ee6b1b,1025,731536942238418,-7.352136752136752,1156.4319902319903,-24.41916971916972,1023.7499999999999,731537297460013,355.221595,d185b3a1e9529a7766d711682712f66128418993250a6f676d7b45222e60d944,16380,361.60364,True,122,125
1347.5829112567662,af0e2c36,363,4.765780886263795,731537300754161,0.005067155067155067,True,True,af0e2c36,1025,731537306648560,-5.883882783882784,1811.8893162393163,-20.728876678876677,1023.7499999999999,731537662626707,355.978147,76a80158468fa623cf27070cee801a224a22c1da53e99950ff16c7c9d6f208f2,16380,361.872546,True,215,231
503.42009302493733,62163ad0,364,-0.2511670105973483,731537667355235,0.0,True,True,62163ad0,1025,731537673656326,-8.643650793650794,1272.8703907203908,-26.35787545787546,1023.7499999999999,731538029478156,355.82183,c9c8ef92288a0131a4d28d66bd1cc519491876a6d53d2dfe6c2720384b0778ea,16380,362.122921,True,124,128
448.75385454357064,5e9fe041,365,0.09364983106451641,731538032169130,0.0,True,True,5e9fe041,1025,731538038599977,-8.113064713064713,986.0195970695971,-21.71275946275946,1023.7499999999999,731538394523959,355.923982,5b0052dd0a7724e282d485172732ee13ddfeb3856584f9ac324c406a8b7070af,16380,362.354829,True,123,125
497.50973043304543,7677d430,366,-0.08820845602969468,731538398292436,0.0,True,True,7677d430,1025,731538404671034,-11.42130647130647,1465.9807081807082,-28.9486568986569,1023.7499999999999,731538760526904,355.85587,e45368af1250869e929ed9e8bd23d6a7d3bffac569721d7f5d6bcba51f37541b,16380,362.234468,True,119,122
733.4451927102201,8db7de02,367,-2.5584081392410365,731538764133554,0.002442002442002442,True,True,8db7de02,1025,731538770660413,-5.713003663003663,949.6116605616605,-13.547252747252747,1023.7499999999999,731539126536552,355.876139,0830a89df667eebe7257fc69d5e10232300ac21b1c70034d97a33a68a02766f5,16380,362.402998,True,151,172
330.8851426924046,0d174f0f,368,-0.3477535330644649,731539130544694,0.0,True,True,0d174f0f,1025,731539136633993,-5.371489621489621,528.4619658119658,-12.98937728937729,1023.7499999999999,731539492518673,355.88468,c98f2741728a8a160cf6f109290c68429449cb2a36822f480790c9742f71007d,16380,361.973979,True,127,132
812.3725066118931,002e5936,369,0.6759184197479815,731539496070810,0.0017094017094017094,True,True,002e5936,1025,731539502728968,-9.087851037851038,1255.3029914529914,-18.982661782661783,1023.7499999999999,731539858594732,355.865764,b846027fdec40df475b106ec39fce8b2ef19794ab491554a9c1cc325ee7db44d,16380,362.523922,True,181,209
489.1313806519759,8758b1c8,370,0.5107068187830698,731539863708391,0.0,True,True,8758b1c8,1025,731539869730512,-8.281929181929183,1020.557326007326,-21.513614163614164,1023.7499999999999,731540225527105,355.796593,986e3430acdbfeb8610082f19021a5890dae373639ee6be2d30e725af29cbd48,16380,361.818714,True,121,128
477.87288685537766,ea0c87c0,371,0.22987747874618214,731540228732655,0.0,True,True,ea0c87c0,1025,731540234699030,-7.293284493284493,1152.1029304029305,-24.92063492063492,1023.7499999999999,731540590580830,355.8818,69bc0b1f0a0071ddb44ed0f11304aac9bea4c361111cdee8fddc91081c9316b8,16380,361.848175,True,117,128
473.70059207005187,62fa1121,372,-0.3450647296148657,731540594553064,0.0,True,True,62fa1121,1025,731540600866508,-10.198351648351649,1330.026800976801,-27.42844932844933,1023.7499999999999,731540956558277,355.691769,a27aa0549c4d736da12cf8cbcf4c144e0e753326d0f27adf4fd2c346c7f3b3f5,16380,362.005213,True,114,117
323.1997791724623,4c65e4c7,373,0.02284212457085887,731540959340404,0.0,True,True,4c65e4c7,1025,731540966438546,-6.6001221001221,564.881623931624,-14.075518925518926,1023.7499999999999,731541321530426,355.09188,810e4aa2d0a4adcfe06b6cc2712bdf36152bea05594002c8af58e2e5d2177e32,16380,362.190022,True,123,126
482.01420469809665,dee4266f,374,0.343245908336878,731541325204324,0.0,True,True,dee4266f,1025,731541331768453,-9.696825396825396,1379.7166666666667,-28.3491452991453,1023.7499999999999,731541688240848,356.472395,980f32df13e3adc7ce3150a2273a3df6d0a2c712a522d8621813f2788ad7fc30,16380,363.036524,True,112,115
500.8327727387251,490c3af9,375,0.30158158043284655,731541693329499,0.0,True,True,490c3af9,1025,731541701764637,-9.979792429792429,1363.3858363858365,-27.62167277167277,1023.7499999999999,731542055555356,353.790719,7faf4d1d68977c9f8a3c633536b9b6dad5a9e6f2f21b1d3033e7f2b485d0929a,16380,362.225857,True,117,118
527.1972251480036,89768112,376,-0.09729426520783474,731542059858357,0.0,True,True,89768112,1025,731542067531750,-10.834798534798535,1204.8081196581197,-23.66892551892552,1023.7499999999999,731542421637855,354.106105,d3a34ace77bd5ff2bcea3694f85eddfe9628f07c705ab40f9ef20cb38d481dc1,16380,361.779498,True,131,128
552.2127485609628,370bc592,377,0.10246663341884572,731542423705687,0.0,True,True,370bc592,1025,731542429811857,-7.424542124542125,1179.7465811965812,-23.925091575091574,1023.7499999999999,731542785575453,355.763596,2b8eb1b0352cac7a071df9eaa04e34968a445c63b3c9ac30d7bd2b61482cc1ac,16380,361.869766,True,128,130
515.5978793340697,631f688f,378,-0.4284131103231228,731542788700260,0.0,True,True,631f688f,1025,731542794788476,-9.093406593406593,1168.4945054945056,-23.878998778998778,1023.7499999999999,731543149891210,355.102734,be456c0e9e542a52c3399471ab12b720a5fac066ad9da516d6d8cf5567da8c61,16380,361.19095,True,126,126
526.5721083329233,abca0ac6,379,0.4589764712250425,731543163357639,0.0,True,True,abca0ac6,1025,731543169976282,-10.968620268620269,1304.4983516483517,-25.644017094017094,1023.7499999999999,731543524668812,354.69253,f15ca776ee66a52275533279f0ce0e7003911230d03b038a1daf1daf97f80105,16380,361.311173,True,124,129
1471.6771426596058,bdae52ae,380,3.649920270390984,731543527838985,0.0028388278388278387,True,True,bdae52ae,1025,731543535216025,-7.167826617826618,1757.4326617826619,-15.30940170940171,1023.7499999999999,731543889734866,354.518841,cfa0396cb0f75ce7bbb0b6ed86799e76d0ae1e7bca254a93cdf5e03c29d54951,16380,361.895881,True,206,217
451.53068079017714,449583a4,381,0.05029867416547815,731543893928620,0.0,True,True,449583a4,1025,731543902526125,-13.605006105006105,1483.5257020757022,-29.101526251526252,1023.7499999999999,731544255749949,353.223824,c3bb8d23fe9d5fd1f59454810b64dfe969e2c3efeef25027c84bb980fbda5745,16380,361.821329,True,104,110
455.13341575836995,4acbc413,382,0.41484130609201186,731544260393676,0.0,True,True,4acbc413,1025,731544267459426,-10.055494505494506,1235.3228937728938,-26.05909645909646,1023.7499999999999,731544621679536,354.22011,18b484a295c198228c0533d987566fd363452b4408cfff2139373982accc5cbd,16380,361.28586,True,114,112
467.69412359618406,75e49a9c,383,0.14341745240448905,731544624202030,0.0,True,True,75e49a9c,1025,731544630739288,-11.823260073260073,1311.870757020757,-26.54029304029304,1023.7499999999999,731544985790904,355.051616,5f3640688e40c7f644e356ffd02a5d78db38417b5d7053be350d80db00f5f1ff,16380,361.588874,True,118,121
465.811057958796,d9052951,384,-0.16146738356009166,731544992983595,0.0,True,True,d9052951,1025,731545000275986,-8.786324786324787,1292.590048840049,-27.378449328449328,1023.7499999999999,731545354757128,354.481142,cf7395e0263da66d0bd51955efecca69f443705cf0d1a155dfee776d935bd804,16380,361.773533,True,114,115
975.5743183861315,2f751608,385,5.4274747885894215,731545359251462,0.0028998778998779,True,True,2f751608,1025,731545365812164,-4.191758241758242,1358.606105006105,-19.117032967032966,1023.7499999999999,731545720713701,354.901537,61b4fe9501705daa754e6ccd7f1dcb410019f81207378ddd170ea6dbf8068d23,16380,361.462239,True,185,206
538.1029029229487,b03cd354,386,-0.1681778678481587,731545724686486,0.0,True,True,b03cd354,1025,731545731015930,-6.835958485958486,1277.8018925518925,-26.324297924297923,1023.7499999999999,731546085752223,354.736293,2994b8389bdfdab82859f5ff79fcaf5f6f17b653697b2bff3f2269d06a87c375,16380,361.065737,True,121,130
385.3856253531436,2939874f,387,-12.042482223513373,731546089798998,0.0,True,True,2939874f,1025,731546096808231,-1.1123321123321124,387.5700244200244,-0.9731990231990232,1023.7499999999999,731546451783084,354.974853,9ae21fa2af324715c5105cef11888a445bb42d9ac890a82a5d354bc16d45ae21,16380,361.984086,True,55,56
467.6376136284012,d06c4095,388,0.03496689929446058,731546456916439,0.0,True,True,d06c4095,1025,731546463886057,-9.16037851037851,1219.7095238095237,-25.848778998779,1023.7499999999999,731546818727235,354.841178,0b25cf5ed16aa92c1a863a1356add4233532306001ad2fe6f576c73d75af3229,16380,361.810796,True,113,115
408.98749194944253,79c9a2d4,389,0.346457841069574,731546828549854,0.0,True,True,79c9a2d4,1025,731546834869068,-7.81025641025641,814.5931013431014,-18.563553113553112,1023.7499999999999,731547189766252,354.897184,7aec755d63e0d1702ddabe2c29d61c48184553f660e0e88d682e98465fe1823d,16380,361.216398,True,121,129
261.46699418645386,4ce1b29a,390,0.96466951298342,731547192850552,0.0,True,True,4ce1b29a,1025,731547199842983,-5.442673992673993,493.02802197802197,-14.21050061050061,1023.7499999999999,731547554936555,355.093572,8babc2bc45fc9cb8bfd02f8b5977b012df96e1a5ae072e37e5b2febc9a5db34c,16380,362.086003,True,113,117
120.08884356723185,a54b2bda,391,0.5306067515977707,731547557785017,0.0,True,True,a54b2bda,1025,731547564828906,-5.764102564102564,363.67350427350425,-14.503785103785104,1023.7499999999999,731547919728440,354.899534,5cfa965745b65fea6bdabb97353f339299da6a472c7e9fcfb0db13d0b58a2b8f,16380,361.943423,True,66,64
374.4667427257995,f3b8137a,392,-0.05898607385905399,731547923058525,0.0,True,True,f3b8137a,1025,731547929882016,-9.243101343101342,871.3796703296704,-20.284920634920635,1023.7499999999999,731548284737886,354.85587,b0c164bd9bdf5ecab40697844726eb8495dfdb5aab71e9f1d3761b9184a8063e,16380,361.679361,True,113,105
466.5597150065373,dbe3e364,393,0.3504742322873882,731548287588202,0.0,True,True,dbe3e364,1025,731548293884522,-16.4484126984127,1452.7410866910866,-26.75128205128205,1023.7499999999999,731548648900943,355.016421,6a15ff28ac5fe91ceb9cf69e1a3ac345e2de13366c15e4c1ba9d3470e1191bd2,16380,361.312741,True,113,116
1604.8973406325053,701d3922,394,1.6879153222084267,731548653743397,0.003785103785103785,True,True,701d3922,1025,731548660957087,-6.442124542124542,1869.8515262515261,-14.948351648351649,1023.7499999999999,731549015768159,354.811072,e2bdb9280d166b350ca0075e9782a1f7cf2ddddb63a62db17f8869ce4f5381c1,16380,362.024762,True,206,229
218.34562587121195,953c7880,395,0.12482958031235855,731549018137222,0.0,True,True,953c7880,1025,731549024883025,-6.086507936507936,503.5921855921856,-15.754395604395604,1023.7499999999999,731549379759318,354.876293,e6a8d0c62aba2c5b19c5d09fcbd7451a8b6ba8fc09e3d37c7fe7eafafd5588d6,16380,361.622096,True,109,114
161.07269414515753,98f5fdf4,396,0.3671672117159448,731549381766394,0.0,True,True,98f5fdf4,1025,731549388919981,-4.7686202686202686,408.02374847374847,-14.973687423687423,1023.7499999999999,731549743804096,354.884115,a5a977f4b97b9d5e84fd80e898a9132793fafa3de76b00df9eb595697235af3a,16380,362.037702,True,70,74
494.5198973963901,8ee05095,397,0.2563120337226871,731549747622237,0.0,True,True,8ee05095,1025,731549753954446,-10.913369963369963,1682.6081196581197,-32.695360195360195,1023.7499999999999,731550108774820,354.820374,c83edb9c20e43ff22d0af9575238db3dd5f32a97a15367bbd9d09553dee92aec,16380,361.152583,True,123,120
457.1214346950702,1bc7889e,398,0.3765780745261868,731550111581443,0.0,True,True,1bc7889e,1025,731550117909414,-12.2010989010989,1278.3708791208792,-25.93034188034188,1023.7499999999999,731550472823492,354.914078,d7ebd85644e74e9f4b9da99ca99b1d2c0b0f36e95943a487651fecead6373402,16380,361.242049,True,113,115
576.5904234406889,19452949,399,0.0628442051334489,731550476277483,0.0,True,True,19452949,1025,731550482944146,-8.606715506715506,1148.2528083028083,-22.306654456654456,1023.7499999999999,731550837830511,354.886365,7855ab9178867bd58fd5b12ba3efb9209e7772ab13f36ff099971cd20d1cdb00,16380,361.553028,True,123,135
976.0814934492316,b53e7002,400,-12.383478334640907,731550844128835,0.0031746031746031746,True,True,b53e7002,1025,731550851255300,-9.103785103785103,1578.6862637362638,-22.79749694749695,1023.7499999999999,731551205961353,354.706053,04b86b74a3bade9ff0f368e60d40fbf7051fd6fb6d0e892098acc23a80a476b2,16380,361.832518,True,147,169
905.94221519662,5450abaf,401,0.7992227610256198,731551211804795,0.0029304029304029304,True,True,5450abaf,1025,731551218986475,-10.184432234432235,1379.6188644688646,-19.234188034188033,1023.7499999999999,731551573798304,354.811829,9a505f4feb3c03a91afce60a3be0232987e44df5709089f61535f72be9704eb2,16380,361.993509,True,145,176
476.8800790445479,c5e7ea0c,402,-0.11470475283545499,731551576282094,0.0,True,True,c5e7ea0c,1025,731551583067422,-9.581440781440781,1017.5444444444445,-21.186324786324786,1023.7499999999999,731551937857429,354.790007,11a7617a8c47e1013bb780af4f1b22896a821037c6ffe2579285c837deda6137,16380,361.575335,True,124,129
763.6497084020984,8a94ba77,403,1.2916641047116166,731551941742637,0.0027167277167277166,True,True,8a94ba77,1025,731551949058832,-7.604761904761904,1006.4271672771673,-13.59945054945055,1023.7499999999999,731552303833299,354.774467,ae6c0a62b4f4a7a44f1880559806c6666c18bba542c1cc28f9ff7d6e0b9b6a8a,16380,362.090662,True,153,172
485.0898697151444,9fa9389d,404,0.0876780443027287,731552308285863,0.0,True,True,9fa9389d,1025,731552315009614,-11.05054945054945,1025.7891330891332,-20.459340659340658,1023.7499999999999,731552671094653,356.085039,a16156a4d01df3ef58138e819ab6459d09517824b9e5854e3e2b31aac20daf1e,16380,362.80879,True,122,130
1192.9497877709052,08cdf884,405,-1.1846349943686894,731552676942793,0.0036324786324786326,True,True,08cdf884,1025,731552684069348,-7.706288156288156,1471.8956043956043,-14.817521367521367,1023.7499999999999,731553038837971,354.768623,0e847fe2bd97c90d67251b4d11d9d527590ae7d61a31a4e0c04345523ae76711,16380,361.895178,True,209,234
558.1880189441545,09d4023d,406,-0.13047831595427872,731553041477126,0.0,True,True,09d4023d,1025,731553047999405,-11.052564102564103,1168.3498168498168,-22.09078144078144,1023.7499999999999,731553402946072,354.946667,8dd068eeb62f242d5d3abf66a3e12920d16f821357e4482751abc4b9fbf02cd6,16380,361.468946,True,124,131
529.0233840183016,72b27f36,407,0.47976110407628103,731553419410355,0.0,True,True,72b27f36,1025,731553427118734,-11.652564102564103,1061.2677045177045,-19.91135531135531,1023.7499999999999,731553780881584,353.76285,8f58146cf8d46caa61175088e78ec9af31a8f19c1d34670e76026d490630dd2b,16380,361.471229,True,134,139
480.37761368803496,8418ae9e,408,0.2291974748747464,731553784897209,0.0,True,True,8418ae9e,1025,731553793168395,-13.18956043956044,1269.8879120879121,-24.81019536019536,1023.7499999999999,731554146948288,353.779893,d0fd90c714fe90dfccbc61260ad1174ed0f3bd2360852e0160c41038ff83e5ae,16380,362.051079,True,115,119
571.5026096254851,5fed95f5,409,-0.42933180831849627,731554151777546,0.0,True,True,5fed95f5,1025,731554159932211,-11.653540903540904,1255.1733821733822,-23.406532356532356,1023.7499999999999,731554513851894,353.919683,844f0ac909f45e1117830c8306a47461a6d167d92152880abc080dfe9ded694e,16380,362.074348,True,128,130
1669.545115618678,797e041b,410,3.0979833193622723,731554516655170,0.005097680097680098,True,True,797e041b,1025,731554523023437,-5.825030525030525,1829.1473137973137,-11.21031746031746,1023.7499999999999,731554877893884,354.870447,16b4b70f05ea444dd2dae7f0d855669a82427e80f0f147addad8a09aff08e0a2,16380,361.238714,True,221,238
462.2577335407097,11aa1572,411,-0.3438820676969503,731554881423437,0.0,True,True,11aa1572,1025,731554888078388,-9.958547008547008,929.6485347985348,-19.18901098901099,1023.7499999999999,731555242847261,354.768873,35bce0a96ea104b3272e81e6268e3132caec5c50c6adcea7e153ac8b9cf5b241,16380,361.423824,True,123,126
484.40876317347016,e37569d3,412,0.3087915095268288,731555244790205,0.0,True,True,e37569d3,1025,731555252047949,-11.86013431013431,1106.1989010989012,-21.934615384615384,1023.7499999999999,731555606870700,354.822751,ab8feac645e66b25fb1ed84e1babb07a2b22ba59f4f31389aaecd834519b0e83,16380,362.080495,True,120,119
514.0585892553383,91756c18,413,0.014275937088982223,731555610213539,0.0,True,True,91756c18,1025,731555616988948,-12.216544566544567,1197.9227716727717,-23.12185592185592,1023.7499999999999,731555972347896,355.358948,40f1dd20bcffc96f959f2d5b74a4364333692c9a58b145f431d282689a515cc9,16380,362.134357,True,117,126
884.8196222014996,e0952c99,414,-0.11614841989106449,731555976735807,0.002014652014652015,True,True,e0952c99,1025,731555984089904,-10.82057387057387,1429.6819902319903,-20.682783882783884,1023.7499999999999,731556338854683,354.764779,4c7737140831f3c4abf0ab7d8665b53214e3c9ee4ea38c9103bce41b017a91da,16380,362.118876,True,184,212
1044.8351814133498,e0fb4edf,415,0.8745163013381823,731556342207491,0.003144078144078144,True,True,e0fb4edf,1025,731556349052462,-7.729304029304029,1576.7930402930403,-21.73052503052503,1023.7499999999999,731556703928680,354.876218,4f8545e767aaa5bb68ef70f230e6daf3d1dde17c9b111d180dc7ddbf603ac6e3,16380,361.721189,True,148,179
506.57170334515575,e634111f,416,-0.059108053042030644,731556708258491,0.0,True,True,e634111f,1025,731556715051383,-9.978083028083027,1141.171978021978,-23.13089133089133,1023.7499999999999,731557069974349,354.922966,dad646941dd0811fe94577453e6a6e4b2053d1bb6b71be195de396ca9406faca,16380,361.715858,True,126,125
440.96779163889966,3b9c7852,417,-0.49179457056722486,731557076234421,0.0,True,True,3b9c7852,1025,731557082969152,-5.853479853479853,688.8315628815628,-14.615079365079366,1023.7499999999999,731557438044124,355.074972,2d658213f65ee267fdedaf702859445e95dc47a34837f7c18ba7774b05d60fc7,16380,361.809703,True,138,147
593.1404765557329,e7cbdd99,418,-0.2123174651172242,731557445846100,0.0,True,True,e7cbdd99,1025,731557453073596,-12.774786324786325,1431.7357753357753,-25.98846153846154,1023.7499999999999,731557807949619,354.876023,7de4ec66ea37c69ea3386f5d0c31e77def386165889109c7deb8347b59f48817,16380,362.103519,True,124,134
343.41925945306895,af8d1435,419,0.12083560158784125,731557810132047,0.0,True,True,af8d1435,1025,731557816963663,-11.187423687423687,1110.6277167277167,-25.338705738705738,1023.7499999999999,731558171987296,355.023633,2eefd1df04a8d2bd1a7da6bc13187eb44baf7199de57c89e248ba9b75ba0cd29,16380,361.855249,True,96,97
606.1889538822322,5cb32930,420,0.09464794941735238,731558175299286,0.0005189255189255189,True,True,5cb32930,1025,731558182011275,-11.783943833943834,1180.812087912088,-20.874908424908426,1023.7499999999999,731558536999436,354.988161,d53b54e833987162d3027bc937347ce9651607811c4069920312e8c557a00b22,16380,361.70015,True,175,178
1413.636761286807,a33c72ae,421,-0.06581967914542641,731558540859236,0.0029914529914529917,True,True,a33c72ae,1025,731558548011229,-8.714346764346764,1906.6088522588523,-20.42136752136752,1023.7499999999999,731558902965956,354.954727,92a1d83d455333708ae76e73bf70f2a898d5086fe6dcd4b8fc687b611f7c4a93,16380,362.10672,True,233,254
128.22120874275635,8e42fa61,422,0.17915315452277297,731558906596451,0.0,True,True,8e42fa61,1025,731558912997750,-6.517399267399267,393.2611111111111,-14.918559218559219,1023.7499999999999,731559267977595,354.979845,b92c2c70b3983c99a1755e03dc7adecbbda85253890892d2fab6b96b6ffb708e,16380,361.381144,True,62,66
1407.9710972276266,ef2e5ecb,423,0.27284263243540036,731559270760171,0.004853479853479854,True,True,ef2e5ecb,1025,731559278052811,-7.931623931623932,1938.7692918192918,-21.63070818070818,1023.7499999999999,731559632975924,354.923113,1db127d1ca91213bed93ea16efdf35a5509987d9231aff870ee0d28202342678,16380,362.215753,True,229,248
494.4883186671557,92f69512,424,-0.17705186089611438,731559636501890,0.0,True,True,92f69512,1025,731559643024640,-12.294078144078144,1234.296398046398,-24.262393162393163,1023.7499999999999,731559997969474,354.944834,63792b288b43c37eab3bacb5c5a573304786e069f8bf18a4c796304bff580689,16380,361.467584,True,122,123
1397.889563477155,63ae3e91,425,-0.3040639663578947,731560001104800,0.004242979242979243,True,True,63ae3e91,1025,731560008043859,-9.87075702075702,1925.9827228327229,-20.752380952380953,1023.7499999999999,731560362979894,354.936035,0c48af848050979e90b1e93e5e19ab3247db885fdc91b39dc95d3a75275fff17,16380,361.875094,True,203,231
404.63431620949933,b867f5a7,426,0.7076448265735763,731560365909450,0.0,True,True,b867f5a7,1025,731560373073976,-12.156837606837607,1087.656043956044,-23.135103785103784,1023.7499999999999,731560727987216,354.91324,937cf35aee497cbfee05b48b0b15409f33de22b47ea3fe9498c99b4479340a25,16380,362.077766,True,107,106
397.97550174726916,05811151,427,-0.08390183975398752,731560730549134,0.0,True,True,05811151,1025,731560736928782,-9.588522588522588,1120.0631868131868,-25.102747252747253,1023.7499999999999,731561092065896,355.137114,5ee1048820e7394babc56eecaaec3908154af9deb6e17e11c0c8e34b2b41ed7a,16380,361.516762,True,105,109
969.7572728736467,19d5d5a5,428,-0.3035422356730402,731561096260360,0.002136752136752137,True,True,19d5d5a5,1025,731561103027433,-11.363003663003663,1721.1308913308912,-24.945054945054945,1023.7499999999999,731561458125540,355.098107,a0ba804ceb9b8e7b87cdf3688b5d135040c7de586b360e8c04962ed80666c701,16380,361.86518,True,197,217
310.2540033037103,6b3d95ab,429,-0.2914871323791007,731561463431071,0.0,True,True,6b3d95ab,1025,731561470038631,-10.06043956043956,724.1904761904761,-17.684004884004885,1023.7499999999999,731561825057206,355.018575,9bc59d1bedadeac2de65f4b4261a6542d2c977ee65144e0cf2a4f05741d6ab14,16380,361.626135,True,108,110
447.4900643224636,3e77cdd2,430,0.028122871049832604,731561828419552,0.0,True,True,3e77cdd2,1025,731561834939406,-12.345482295482295,1191.521978021978,-24.323260073260073,1023.7499999999999,731562190036671,355.097265,5fc5dd6cb592ec41b2b181db3d20d995dcd3b0d95152401f2a689e36b6f71b7c,16380,361.617119,True,116,116
438.8682201186413,1dfc9189,431,-0.242838317101815,731562194092872,0.0,True,True,1dfc9189,1025,731562201061968,-8.848534798534798,1068.3278388278388,-23.476862026862026,1023.7499999999999,731562556176100,355.114132,53d9914623c3679ea089016af9823b34e8df0bd15ef37853a9ecb8b26e635747,16380,362.083228,True,112,119
1030.597719347875,807554e4,432,0.8399441300911253,731562561552806,0.00030525030525030525,True,True,807554e4,1025,731562567991575,-10.972222222222221,1693.2346153846154,-23.286202686202685,1023.7499999999999,731562923061574,355.069999,6bb40d83d1df81861cdccfd45f52dde0146fafb41bce3e8413de729f9d2a959b,16380,361.508768,True,213,218
383.39567587784614,1c8377e9,433,-0.6639943366163393,731562926603610,0.0,True,True,1c8377e9,1025,731562932916732,-10.51062271062271,1028.4862637362637,-23.121794871794872,1023.7499999999999,731563288044879,355.128147,e036676190affe6bf870c6ee29ddf65b6a844cd9c509604e24fdd0947e7afdd7,16380,361.441269,True,101,105
494.9904387702923,9f63dac7,434,0.1298678992527062,731563290433599,0.0,True,True,9f63dac7,1025,731563296853924,-8.852625152625153,1102.028083028083,-22.99279609279609,1023.7499999999999,731563652142171,355.288247,706cdfc3a94b660d502a3eeb5c8d2195a35d51ac2979d24faf3eb3db5126b44c,16380,361.708572,True,128,132
456.3145266905798,9bed6ec6,435,0.08728551753052498,731563656239180,0.0,True,True,9bed6ec6,1025,731563663313605,-9.709279609279609,1051.0244810744812,-22.370512820512822,1023.7499999999999,731564018048143,354.734538,f952385cece152516cdb3af6dfc09a096ecc015c445c8d3cf4e7e3c34db07794,16380,361.808963,True,116,122
489.97310978873253,03c8265f,436,-0.4191317694638338,731564020569644,0.0,True,True,03c8265f,1025,731564026862648,-11.974297924297924,1400.9344322344323,-27.705189255189254,1023.7499999999999,731564382040233,355.177585,af02db0e84afe238e5944e2cef33de3ca9ea55d3645e08d8a5b571cef349a836,16380,361.470589,True,115,121
519.2341131155508,1cfe2ad0,437,-0.10459257355320331,731564384161776,0.0,True,True,1cfe2ad0,1025,731564390934098,-10.086996336996338,1148.0064102564102,-22.957020757020757,1023.7499999999999,731564746053030,355.118932,47fba09b0833bd253b1323a4e6b42f0343e6de4a85625ffe1b6a9216d5cf2a3c,16380,361.891254,True,127,132
467.9362147694931,360e4425,438,0.3937692720016278,731564749569388,0.0,True,True,360e4425,1025,731564756963479,-9.74035409035409,943.2821733821734,-19.505677655677655,1023.7499999999999,731565112100215,355.136736,102b7a4a04aa21c61c9f53d8308c87fff73ef2359ed4ad51610d3fb6ba6260f7,16380,362.530827,True,120,125
470.04845521728305,164da2c6,439,0.3419606176709825,731565114467794,0.0,True,True,164da2c6,1025,731565120884152,-8.30989010989011,1075.107203907204,-23.151770451770453,1023.7499999999999,731565476058345,355.174193,2a4adcd68c0b66279e4f5fabec5a465dd0e06c6d4997bea4c606d95c5b1c92a7,16380,361.590551,True,121,121
180.29098119523945,302e05b1,440,0.2413137346172313,731565478379296,0.0,True,True,302e05b1,1025,731565484893929,-3.306410256410256,503.94304029304027,-17.683882783882783,1023.7499999999999,731565840115341,355.221412,aa5ca7ba810a12e2432eb69781914a16f1fb68c2e1c7cb8d5c4a5ddbc51c8247,16380,361.736045,True,67,73
426.4270637007816,498d200d,441,-0.3217973553822375,731565846239224,0.0,True,True,498d200d,1025,731565852981659,-6.855128205128205,921.0316239316239,-21.156837606837605,1023.7499999999999,731566208083313,355.101654,97fa1aaa19c69a3ad57dbf5787e16a43c87c667c112dedc69ddd2e1a9e4d06d9,16380,361.844089,True,112,117
861.3804706147198,59f113f0,442,3.124284856501756,731566211049949,0.0017704517704517705,True,True,59f113f0,1025,731566217885521,-6.081074481074481,1233.2052503052503,-18.298778998779,1023.7499999999999,731566573094074,355.208553,7317a570933d05cbe8ff9f2ab440c75896a1973d818a2cf301cce609c0cdc348,16380,362.044125,True,177,191
500.47957938818746,8e2fbcc0,443,-0.018535633579690323,731566576180446,0.0,True,True,8e2fbcc0,1025,731566582929003,-8.392673992673993,1186.204884004884,-24.805006105006104,1023.7499999999999,731566938121455,355.192452,bcbbcc19f4c5841baa3b3d618955bc0a2101ee13c3dd0701b9cd45de92557eb5,16380,361.941009,True,115,123
482.2633638509096,527ab8a4,444,0.29121524714589614,731566941145259,0.0,True,True,527ab8a4,1025,731566947907943,-5.868009768009768,906.1832722832722,-19.735409035409035,1023.7499999999999,731567303105173,355.19723,2e5dc421da8d37d45503c12a38cea965fcfa36f05fe07df00727edec79dccb9b,16380,361.959914,True,129,130
436.0215467655394,f599f24f,445,0.19386677269363384,731567305988430,0.0,True,True,f599f24f,1025,731567312942637,-6.802075702075702,842.2882783882784,-18.973626373626374,1023.7499999999999,731567669056091,356.113454,a3d79ddfab5f5f4ba88797dfede30dea8df792166997c4fe695820142cb6ac88,16380,363.067661,True,124,132
751.3893755823609,ab672bd6,446,0.03841344982384953,731567676860711,0.0007631257631257631,True,True,ab672bd6,1025,731567683975111,-7.901892551892552,1499.0573870573871,-26.176862026862025,1023.7499999999999,731568039129547,355.154436,c2cad9a26da8f39c50b492267b385be8efa353dda03389283ac3b7030080cf7d,16380,362.268836,True,139,161
1358.2941851829487,163340a6,447,1.635711517327384,731568041943473,0.0035103785103785105,True,True,163340a6,1025,731568049045410,-2.9765567765567766,1417.5874847374848,-7.101648351648351,1023.7499999999999,731568404212226,355.166816,476c552032b9ed5c298ba6e3b6de705e0695a643a6317ea122ca52f40979caec,16380,362.268753,True,215,222
1338.4550091276922,11b9af4f,448,3.3878223284394933,731568412242303,0.0017704517704517705,True,True,11b9af4f,1025,731568418934763,-5.412393162393163,1569.4965201465202,-14.203785103785103,1023.7499999999999,731568774126886,355.192123,6d009baba521165a4cd205c485ae2b59a5a561bc98fa799d04d41983e91df319,16380,361.884583,True,203,211
500.71140539998595,fe1fd0a9,449,0.19845154411066263,731568777202909,0.0,True,True,fe1fd0a9,1025,731568784061975,-7.633333333333334,1118.2381562881562,-23.6486568986569,1023.7499999999999,731569139144550,355.082575,dede8e9bc0b5a2c2d1bfc2fc7bb537235d3ccebd4f249ff138da1625014ed5a6,16380,361.941641,True,124,130
692.5258708206052,27ff39ab,450,-8.901149368361049,731569141333962,9.157509157509158e-05,True,True,27ff39ab,1025,731569147275688,-7.268803418803419,1062.0057997557997,-17.794505494505493,1023.7499999999999,731569503146745,355.871057,c2a0944341be37df6d2f3dd5b38482e0950f212bb102b8f3ae9af6a6823a96c8,16380,361.812783,True,136,146
1517.3249873166446,819a7cb0,451,-10.79771429484371,731569521920915,0.00042735042735042735,True,True,819a7cb0,1025,731569528305301,-2.330769230769231,1555.9028693528694,-5.757203907203907,1023.7499999999999,731569884172339,355.867038,b00e56293475ca6e76bccf778db89be624fb0ee8d132cda962ee88c59a6840d9,16380,362.251424,True,147,162
466.700477200523,56caa441,452,0.27169857879734066,731569886355418,0.0,True,True,56caa441,1025,731569892223846,-5.59993894993895,895.2418192918193,-19.92942612942613,1023.7499999999999,731570248215630,355.991784,dba1603da5cc93e95e3582e69edb07a4b6337f7d9c0f858717fb9dae1f3aac5d,16380,361.860212,True,124,131
466.9167274744656,ae80c6e4,453,0.3978521207975442,731570252796146,0.0,True,True,ae80c6e4,1025,731570259677263,-5.606471306471306,955.2150793650794,-21.374420024420026,1023.7499999999999,731570615168334,355.491071,7b7bad88f8fdea8b250277a8e97c5fdd0ddc0e343b6631825d1e19d9cfdcaa91,16380,362.372188,True,128,135
576.7271310869297,a2624330,454,-0.1819798392824521,731570617999082,0.0,True,True,a2624330,1025,731570624314958,-11.988339438339437,1522.8550671550672,-28.32680097680098,1023.7499999999999,731570980250311,355.935353,7fe4e9c2e18791cf7ef75016fc49d3b954de4fcbb691a155a8f40deaea42ce57,16380,362.251229,True,129,128
495.5706537798113,36115263,455,0.30160695890079,731570984512282,0.0,True,True,36115263,1025,731570991347463,-7.5656898656898655,1023.7321123321124,-21.7007326007326,1023.7499999999999,731571347179048,355.831585,1ffe7ffd0d3edb7a556efb02c1bcd1e612fd32007083198fb29bc34b228144e5,16380,362.666766,True,121,125
467.79439248107735,c233b939,456,-0.3520589012928172,731571350589955,0.0,True,True,c233b939,1025,731571357365723,-7.038522588522588,1077.9058608058608,-23.676373626373625,1023.7499999999999,731571713179812,355.814089,52bca386534726438110dc75d7aa5ad58b812ab4d4a57663e40265c55f3bfe5a,16380,362.589857,True,118,121
320.9047802943224,65ab0040,457,-0.20093470330607519,731571715409460,0.0,True,True,65ab0040,1025,731571721381834,-5.645604395604396,662.5870573870574,-17.60140415140415,1023.7499999999999,731572077298828,355.916994,48a34c420989e492276a19a30ae05742c401e795ad90c073f5e1f548c924184a,16380,361.889368,True,114,120
676.2875097985722,87727551,458,-11.080586281255213,731572081595045,0.0,True,True,87727551,1025,731572088567756,-1.572039072039072,690.5080586080586,-3.4277167277167275,1023.7499999999999,731572444301990,355.734234,5178f1d8837dcb43035d4868de5fbef23c48530d40efcaf95db9da600c36e9b5,16380,362.706945,True,103,119
471.6138210480335,43d35656,459,0.21854049627012176,731572447078736,0.0,True,True,43d35656,1025,731572453353554,-8.068009768009768,1062.157264957265,-22.92271062271062,1023.7499999999999,731572809214547,355.860993,3f7e1f650989b11ae6b384fcf2d136cb22f2ac4f14cb182e584ca47779666ce0,16380,362.135811,True,114,123
389.3472617444962,8edfa518,460,0.19259085474539503,731572812351545,0.0,True,True,8edfa518,1025,731572818375928,-6.184920634920635,713.4024420024421,-16.905677655677657,1023.7499999999999,731573174235569,355.859641,764fa94b68c9e7e21873a7476ecdb582e150d9fbfeedb0fcf4843b6472bc42a7,16380,361.884024,True,117,125
1306.8354786727314,ea13dbe8,461,6.2656452503449565,731573181159257,0.003907203907203907,True,True,ea13dbe8,1025,731573187319889,-8.58095238095238,1496.484004884005,-10.771062271062272,1023.7499999999999,731573543208881,355.888992,14e17dff43a4b7b5f37130240237a3273c82b7f1992d6256013f708f130cef49,16380,362.049624,True,210,240
994.2457775198618,7650279c,462,-13.831774826260745,731573545142758,0.0028998778998779,True,True,7650279c,1025,731573551375015,-9.23034188034188,1691.7838827838827,-24.745482295482294,1023.7499999999999,731573907245001,355.869986,9a40ca9fb353c6fd138a9bb6d92d03fd32c5f2ba4f9c2c6239b99a255ce43a3e,16380,362.102243,True,155,182
521.6672089388023,264e0d9b,463,-0.03936438438816067,731573909962894,0.0,True,True,264e0d9b,1025,731573916371977,-7.277472527472527,1403.003663003663,-28.78150183150183,1023.7499999999999,731574272315932,355.943955,4ef798ac967ec5fab773a6f1a3cb06c04cfc7789d08afe65cc44863f56494c5f,16380,362.353038,True,114,124
1634.0557266299024,1a219241,464,2.764692567291034,731574280672778,0.00641025641025641,True,True,1a219241,1025,731574287448235,-9.263369963369964,2470.4250305250307,-27.396336996336995,1023.7499999999999,731574643313788,355.865553,c174f3580a815f92dc74abcb3fc276ec3bb3d5993181a6e5b008c5ed15a227f0,16380,362.64101,True,212,219
1178.8220425121615,921ee06b,465,-1.274514464618778,731574648037044,0.0029304029304029304,True,True,921ee06b,1025,731574654426509,-6.572100122100122,1606.648534798535,-19.61208791208791,1023.7499999999999,731575010266854,355.840345,12111a87cd52a3f2ca3dc943ee9a62fa2a17f53696b37b7bd3e0e2e71a141484,16380,362.22981,True,193,221
640.8857329436267,a86e3936,466,-0.3287023197393293,731575012877224,0.001282051282051282,True,True,a86e3936,1025,731575019460056,-8.329365079365079,1301.3862026862028,-24.313003663003663,1023.7499999999999,731575375158680,355.698624,3f86708319a7f8e9eaaf7346789b3c2fb7b875650f9890890bc4ebaf6c57ffcd,16380,362.281456,True,126,142
439.92591360782757,d69c9711,467,-0.6133623287442095,731575378918720,0.0,True,True,d69c9711,1025,731575385526068,-7.390598290598291,970.4924908424908,-21.816178266178266,1023.7499999999999,731575740333239,354.807171,d7484e305b06c20833f4822eb39c84a44c420ee877e18df4b92b3abf2026cd5a,16380,361.414519,True,122,123
433.39736782177255,f7bf43ad,468,0.4506507713197704,731575742805998,0.0,True,True,f7bf43ad,1025,731575749442993,-10.047802197802199,1365.4492673992675,-28.828693528693528,1023.7499999999999,731576104397864,354.954871,8118bfdc2d499a669411b042c2ead9edc3825940a4032fbf463b7be11e50ba9e,16380,361.591866,True,110,119
322.1583758261139,b47b9ee6,469,-0.3212395369451191,731576108353525,0.0,True,True,b47b9ee6,1025,731576114446247,-5.456654456654457,669.7935897435898,-17.82863247863248,1023.7499999999999,731576469379575,354.933328,84932e97f699e83a8cc19a08fa5159b6ad3a7c411a7dc09ca2480aced1f03507,16380,361.02605,True,118,124
522.625266566631,169aafa2,470,0.3025709045434,731576477950086,0.0,True,True,169aafa2,1025,731576484913860,-7.0315628815628815,1089.0613553113553,-22.73748473748474,1023.7499999999999,731576839363439,354.449579,99dcaac00367d026353f35ec00af5de4f6765d0b775bbccc942a530412f05b7b,16380,361.413353,True,122,122
304.8283226178922,29d4b794,471,0.03860834314567887,731576842106129,0.0,True,True,29d4b794,1025,731576852430916,-5.719108669108669,743.6254578754579,-20.15164835164835,1023.7499999999999,731577204421353,351.990437,e128b231c91cfd6a7c4fb47bb8a74d390423daab305a47221055531ecd78c92d,16380,362.315224,True,93,98
588.9791139429692,3660d8c1,472,-0.23347963840413707,731577206576459,0.0,True,True,3660d8c1,1025,731577213996498,-8.952442002442002,1235.1469474969474,-23.791208791208792,1023.7499999999999,731577568430082,354.433584,763bfb37b1b6aba2e43248e6dd1038993ff24c24308cb9eafed6cbf1e4039e80,16380,361.853623,True,134,137
1464.220789726147,4cbae428,473,2.6242519347442705,731577570985237,0.005341880341880342,True,True,4cbae428,1025,731577577481034,-7.274175824175824,1776.7456043956045,-16.112454212454214,1023.7499999999999,731577932403335,354.922301,1d6dde2eb5fa2123c014a15442a7657974f01a5c9459ca1d9fa7efacff350e54,16380,361.418098,True,205,228
500.0474700787613,bd0b979d,474,0.34274622175378233,731577935366013,0.0,True,True,bd0b979d,1025,731577941436463,-9.092490842490843,1390.3423076923077,-28.41868131868132,1023.7499999999999,731578296392998,354.956535,770ec95a243b4938cfb9e3400ef19268972535fe2f159fe0ddef9e1fe31a101d,16380,361.026985,True,120,122
582.5217923820853,d12d8d65,475,0.47393662902396194,731578299812381,0.0,True,True,d12d8d65,1025,731578306454615,-11.694627594627594,1294.4014652014653,-23.98156288156288,1023.7499999999999,731578661455721,355.001106,8ae8e1054c5d674dfd1219c06c45547f5839c841d364abc08d6746f3626ac8ee,16380,361.64334,True,134,140
524.5016492275191,4b64c37b,476,0.1407154402789371,731578665951536,6.105006105006105e-05,True,True,4b64c37b,1025,731578672572269,-7.833089133089133,877.0154456654457,-17.063308913308912,1023.7499999999999,731579027398323,354.826054,66f4eb1857b18802d7e5d7028d90204731196ba816c85b1ad62d616d038e0885,16380,361.446787,True,147,148
470.5343837782757,889083c3,477,-2.070122933652909,731579030104174,0.0003968253968253968,True,True,889083c3,1025,731579036541700,-4.848046398046398,585.5917582417583,-9.568376068376068,1023.7499999999999,731579391417597,354.875897,23597191b8743dfb921a77edf6ece1798979b5e257c691064e40795f4c9d1f9b,16380,361.313423,True,140,153
559.3414542251263,ace7380a,478,0.33556334782607766,731579395868927,0.0,True,True,ace7380a,1025,731579403484637,-9.938339438339439,1229.4416971916971,-23.902503052503054,1023.7499999999999,731579757414207,353.92957,7356dc701f4fc91173179f2f6e88f517266bd8d5e48045b9b21b403c89896c02,16380,361.54528,True,143,149
540.9766749669405,52872afa,479,0.01762977763127812,731579759825969,0.0,True,True,52872afa,1025,731579766521024,-13.313492063492063,1571.4576923076922,-29.21013431013431,1023.7499999999999,731580121504101,354.983077,3029c7f3837c27ead2bb1311fcf6fb9c484e45cc3d1ff35e6f1644a21741b35d,16380,361.678132,True,126,124
1072.2141697825307,55b97018,480,-1.1807309036525278,731580125994275,0.0003968253968253968,True,True,55b97018,1025,731580132572768,-4.656532356532357,1222.7199633699634,-11.35,1023.7499999999999,731580487610726,355.037958,acf13770b813ae03a327223d13276bd68f56f943eb1fab7b53a21d7b00183064,16380,361.616451,True,190,191
494.5019975184902,7a2bbc38,481,0.5195098918260792,731580491346810,0.0,True,True,7a2bbc38,1025,731580497652236,-9.358608058608059,1101.1602564102564,-22.783211233211233,1023.7499999999999,731580852452432,354.800196,5063e5549598e5d6e236ec60520b41bd53c0d8a32daf0c236b753bf8fb2d6857,16380,361.105622,True,121,126
1822.883776866872,14cfddff,482,2.864519387246998,731580855308447,0.00695970695970696,True,True,14cfddff,1025,731580861529102,-2.7486568986568987,1873.1081807081807,-6.532173382173382,1023.7499999999999,731581216430250,354.901148,47591fb9dcdfe3ef113f7cb4966679f4408929b379fbeb9f9616a0d9f09cc3fb,16380,361.121803,True,205,231
348.11306530194804,48390c2d,483,0.04404463000739298,731581218745069,0.0,True,True,48390c2d,1025,731581225539141,-5.274175824175824,679.8532356532356,-17.433394383394383,1023.7499999999999,731581580535374,354.996233,1017aea337f852a6a855261cae84a28ac3e121d243eff9775f056084e3cfcbae,16380,361.790305,True,123,130
1344.8643341443526,7335253f,484,0.4570288458977568,731581583639770,0.0032661782661782663,True,True,7335253f,1025,731581590654170,-4.194078144078144,1473.9710622710622,-10.56013431013431,1023.7499999999999,731581945485892,354.831722,fff73a4795dfb6671aa4d7ef9587493e37dc890e9aa5ec5cf450c435fbb4955d,16380,361.846122,True,212,238
491.14365882557274,484f8421,485,0.4760106068056564,731581950113837,0.0,True,True,484f8421,1025,731581956564147,-8.618253968253969,1226.2217948717948,-25.706105006105005,1023.7499999999999,731582311457885,354.893738,ee6d4ed864e14e6252d376bf4b1649bb25122af6d665d6e7078de5b49b536fd9,16380,361.344048,True,112,116
478.72306815318717,578e2bae,486,0.09813274776416996,731582313579418,0.0,True,True,578e2bae,1025,731582320582576,-9.294383394383395,1251.6158119658119,-26.20128205128205,1023.7499999999999,731582675471903,354.889327,c51b59330d6e7b59d82f19d9d8067394aee96ebbe568f37576ae6d3f3631d15e,16380,361.892485,True,119,116
121.19256272726052,ae698f21,487,-0.05820022242978695,731582677450504,0.0,True,True,ae698f21,1025,731582684554263,-3.2031135531135533,361.00274725274727,-15.15091575091575,1023.7499999999999,731583039497271,354.943008,a1a99e86625c33407c0b3a263aa31022d7aeb93cb273e0fca7acbaa903affe1e,16380,362.046767,True,59,61
496.46143169847375,b15455ab,488,0.230349308717253,731583042433619,0.0,True,True,b15455ab,1025,731583048651799,-7.826373626373626,1087.7896825396826,-23.023382173382174,1023.7499999999999,731583403493683,354.841884,8a393b597cfd76a742b23b8c7e780f109e32b243262bca1fcdf71f19100f4673,16380,361.060064,True,124,128
1074.8548930766694,ab262a2e,489,-0.8524585256437383,731583405878254,3.0525030525030525e-05,True,True,ab262a2e,1025,731583412658470,-6.4392551892551895,1391.9052503052503,-16.60079365079365,1023.7499999999999,731583767544285,354.885815,354b54282faa8c60e71cdfc1d4a30a985c8d35445374877cf39fc2bc5ef05d4e,16380,361.666031,True,199,198
483.9983164942506,0f44037f,490,0.5516208140511085,731583771063117,0.0,True,True,0f44037f,1025,731583777723826,-8.717582417582417,1076.4992673992674,-22.726739926739928,1023.7499999999999,731584132520292,354.796466,345e9cfbd98d5a4dcac14cc588e0d9e064fcb47294015793990f0b3b25cbf70d,16380,361.457175,True,121,122
241.74759075140025,e730d1d3,491,-0.12731110551977923,731584135387298,0.0,True,True,e730d1d3,1025,731584141686161,-6.213431013431014,785.6542124542125,-22.478876678876677,1023.7499999999999,731584496550562,354.864401,86c07f9c04a8a555104a672235f4d5b4e9b548805787a4072a4fe1c2442d7194,16380,361.163264,True,85,85
1802.325872240634,a7cc2516,492,-11.014531630133932,731584500074504,0.003205128205128205,True,True,a7cc2516,1025,731584506703162,-0.8808302808302808,1803.657387057387,-0.7454212454212454,1023.7499999999999,731584861527086,354.823924,1525bcfc6a9f6f4754f0a9774e4600a7c18dab34deb5c7918d6cdf0bbfbcd6e0,16380,361.452582,True,169,185
907.6416613368996,3e0c1bb2,493,4.047765119608098,731584865434434,0.0020757020757020757,True,True,3e0c1bb2,1025,731584872789539,-6.690598290598291,1371.0703296703298,-20.46129426129426,1023.7499999999999,731585227491792,354.702253,44ca81939e68f24fa583d7543ee13bab399ceb049575bb6095ea89af8d102d32,16380,362.057358,True,175,199
438.09487620776997,09ece2e3,494,-0.41710380672896036,731585230214334,0.0,True,True,09ece2e3,1025,731585236735358,-7.643833943833944,894.5474969474969,-19.95054945054945,1023.7499999999999,731585591516707,354.781349,1b81bad0455d95a9944ec289958d612baeab95aab51877431418b82a9dacfabc,16380,361.302373,True,121,128
378.07995860671684,4434d2bf,495,-0.03363746234589467,731585595216923,0.0,True,True,4434d2bf,1025,731585601754518,-5.837179487179487,682.4418803418804,-16.44047619047619,1023.7499999999999,731585957148238,355.39372,b71176f281031050cd8560f2c3d07e01d8eb40e503a650d9e34bcae95c890d9d,16380,361.931315,True,131,129
760.5268447889785,80c64cf2,496,0.0839480028905994,731585962863414,0.0,True,True,80c64cf2,1025,731585969791379,-5.734920634920635,1032.4734432234432,-15.46147741147741,1023.7499999999999,731586324587084,354.795705,7027925fd0fb194cf89f73571f1f1a6becba07027c7730bfc635121d02b571e5,16380,361.72367,True,144,161
441.9730745787248,76c08d03,497,-0.04149847413055825,731586327928509,0.0,True,True,76c08d03,1025,731586334747889,-9.692918192918192,1218.0123931623932,-26.116788766788765,1023.7499999999999,731586689560603,354.812714,e6699920ce8a3ab9ddf395e452d82537eaee9dad726f143d6cf7c9b7fb3ebeaf,16380,361.632094,True,115,121
137.4200270662725,9259f0d6,498,0.2738147814178315,731586691835005,0.0,True,True,9259f0d6,1025,731586698782528,-4.43974358974359,403.8993894993895,-15.708852258852259,1023.7499999999999,731587053568431,354.785903,64a091c7bbee3a7c636274bfa271d0fd1c74dd40e3c3533af98162f730ba44e2,16380,361.733426,True,68,74
522.5471815594526,7f483714,499,0.2562985509177772,731587055722485,0.0,True,True,7f483714,1025,731587062919240,-9.112576312576312,1282.354700854701,-26.014774114774116,1023.7499999999999,731587417834806,354.915566,9ca3c6b70d8e38f75ca86a43da834a4c687ac541a1f5538194a7b1916a7552e4,16380,362.112321,True,127,132
512.300025523249,cd216e46,500,0.10955425586153322,731587421955389,0.0,True,True,cd216e46,1025,731587428734903,-12.058852258852259,1563.086568986569,-30.08937728937729,1023.7499999999999,731587783709199,354.974296,b0bb0dba6f33e25e900804fbc0b70e73cf73b814f0c57cf375b7151eee312800,16380,361.75381,True,119,119
482.66491876391143,5199f82b,501,-0.022698618867600738,731587790014313,0.0,True,True,5199f82b,1025,731587796754021,-5.634249084249085,1110.9649572649573,-24.424481074481076,1023.7499999999999,731588151580387,354.826366,a71dba1bad17632702b97155a8c3d49e96663adbb9007a7202703fd4f56a5919,16380,361.566074,True,122,121
636.3312832551386,2a9f7413,502,-0.5215052373041578,731588154531853,0.0,True,True,2a9f7413,1025,731588161747183,-5.7143467643467645,1098.0363247863247,-20.713553113553115,1023.7499999999999,731588516615975,354.868792,8b6897c90cee91fcbd7aad517b257418d37ab621e7b5581ff37189e276c59bda,16380,362.084122,True,166,173
1263.9962817978387,b74f9e39,503,0.3971804669793338,731588522049828,0.002197802197802198,True,True,b74f9e39,1025,731588528766522,-6.107631257631257,1637.2113553113554,-18.327899877899878,1023.7499999999999,731588883589467,354.822945,b4905f4ee6178d8bfffd498fce4fd99ea596614b55c8e92fa542db0301c33421,16380,361.539639,True,190,212
552.1197731941779,0d0f5f71,504,-0.013834107330872937,731588886297882,0.0,True,True,0d0f5f71,1025,731588892619057,-6.487240537240537,1254.1481684981684,-25.68937728937729,1023.7499999999999,731589247617093,354.998036,a53d4c1c3d1d3ba518fff3ad28252cd05566529a7f36c3b68c12922cf5e9ec33,16380,361.319211,True,130,137
844.275869896282,342c9a82,505,-0.117567036676732,731589250722661,0.001282051282051282,True,True,342c9a82,1025,731589257755675,-3.76996336996337,1288.093833943834,-20.726923076923075,1023.7499999999999,731589613296026,355.540351,7314894b7809b8928ec3119b9a4fe67c2329c2e8caf6f414d2c67f5198d003e2,16380,362.573365,True,175,192
487.03582690034153,424582b8,506,0.0148462584192768,731589617727147,0.0,True,True,424582b8,1025,731589625253166,-6.589743589743589,1307.9952991452992,-27.884310134310134,1023.7499999999999,731589979685105,354.431939,34d887e8b241c188ee4a36ecaa365dce978d0a9020b5b69f05e9b0dc2a43c8e9,16380,361.957958,True,118,124
373.68031476188986,6fc7c1d0,507,0.48358669163816154,731589982108440,3.0525030525030525e-05,True,True,6fc7c1d0,1025,731589989526825,-4.6098901098901095,704.339072039072,-17.58998778998779,1023.7499999999999,731590343637433,354.110608,3ce901abd640a9cfe0e74b20ea5505ef078f333c3cf650850480021bc5240357,16380,361.528993,True,129,133
1074.2782503865014,da04f635,508,2.101806373740973,731590346634676,0.0028693528693528696,True,True,da04f635,1025,731590353642713,-1.776007326007326,1078.7745421245422,-1.1584859584859586,1023.7499999999999,731590708622066,354.979353,84afce2d19a3b3bc3b9f241d5acd3c76566c16b9f8a92710d00706230051f731,16380,361.98739,True,206,224
144.97739723612435,225ce10f,509,-0.2055894098487585,731590710944710,0.0,True,True,225ce10f,1025,731590717616659,-2.0985958485958487,453.145115995116,-17.428815628815627,1023.7499999999999,731591072697063,355.080404,68381475da0eed4697acc7cdb8a60163f9cd79e45c89a08aa20f6de5c38d25cb,16380,361.752353,True,63,68
394.005252056992,aaf4f974,510,0.22790818691354459,731591078783383,0.0,True,True,aaf4f974,1025,731591085957504,-5.864652014652014,886.7697191697192,-21.40958485958486,1023.7499999999999,731591440725644,354.76814,e34d11da9a0091c3fa4d4a0a88ce45ec0375d2af306daf89fe4ffe6f77d43bd1,16380,361.942261,True,110,110
504.49495939313704,a5b948f3,511,0.5398202848091126,731591446573882,0.0,True,True,a5b948f3,1025,731591456518175,-4.457020757020757,883.8976190476191,-18.96147741147741,1023.7499999999999,731591808659152,352.140977,2536a908451b8f0b709bfb0fa407983f0188d680f4e8616b26e38bdb60d122de,16380,362.08527,True,170,172
1663.691717284547,0fd91b70,512,6.566493996919329,731591811344613,0.005708180708180708,True,True,0fd91b70,1025,731591818717431,-4.470695970695971,2082.939255189255,-19.98150183150183,1023.7499999999999,731592173699185,354.981754,7a79647cbb37b0dc384c665b80e7b53a4add0f4b55a297d0e80f877d72e81f0b,16380,362.354572,True,214,239
895.7928642467286,e748cc05,513,-3.550348211455452,731592176956520,0.0018925518925518926,True,True,e748cc05,1025,731592183716397,-3.522283272283272,1117.0053724053723,-14.4501221001221,1023.7499999999999,731592538691694,354.975297,0143e6338fb5d7be1a5466b9cad2b2b40582e2a644fa23962ac9ced12fdeb08e,16380,361.735174,True,188,215
1777.3185356445888,281aca1c,514,6.990798472080396,731592541825725,0.008241758241758242,True,True,281aca1c,1025,731592548736017,-7.973931623931624,2400.2506105006105,-23.650549450549452,1023.7499999999999,731592903668632,354.932615,bf46e56feba231fd92cd718093f3da6f62848d28f1ce95269afba86d44e906e7,16380,361.842907,True,217,225
1455.325741832784,ecd2fd30,515,3.7926972492528765,731592906370545,0.003785103785103785,True,True,ecd2fd30,1025,731592914206561,-3.8035409035409034,1588.3911477411477,-10.89029304029304,1023.7499999999999,731593268987498,354.780937,3f7b162e1734f4519b807c58cccdd2fcfdaf059c61f33f2bee7dae05d4c0d68b,16380,362.616953,True,210,226
1337.8125880119746,7676b168,516,-20.823452362857896,731593272423313,0.0028998778998779,True,True,7676b168,1025,731593279687575,-5.094566544566544,1552.8884615384616,-13.752136752136753,1023.7499999999999,731593634743089,355.055514,89d47ab7fde7f296ef3937995c535089eab1aa3eb2c038b648c97a4d54c781f0,16380,362.319776,True,145,174
488.60544488647963,c8242d6a,517,0.2453128643585253,731593638348765,0.0,True,True,c8242d6a,1025,731593645650689,-6.787423687423687,1041.3724664224665,-22.50995115995116,1023.7499999999999,731594000688620,355.037931,a6877e9d1d0506fdd6cda5c58b14066e28e54a4dd39e76b523f19fcab529c255,16380,362.339855,True,127,128
522.5772523074537,313bbd82,518,-0.5232177214222866,731594003085985,0.0,True,True,313bbd82,1025,731594009594404,-8.535347985347986,1076.6799755799757,-21.93742368742369,1023.7499999999999,731594364757140,355.162736,d5551fa0a83d4e3339d0c6d0ae0b51e0a920d1ecdbc16322cf1684debd64c01c,16380,361.671155,True,127,130
509.22988262585335,c0357a88,519,0.2876249370296332,731594369872258,0.0,True,True,c0357a88,1025,731594376664315,-6.564835164835165,1438.1124542124542,-29.762148962148963,1023.7499999999999,731594731716579,355.052264,168b9966d85c553667c89be92eedb768d7954f70f5da98cebf5d0f71674d74c5,16380,361.844321,True,119,126
752.1260964710232,e579071e,520,-18.308112440151415,731594734390608,0.0,True,True,e579071e,1025,731594741624653,-5.984188034188034,1113.0782661782662,-18.031684981684982,1023.7499999999999,731595096747120,355.122467,f9b767d30126129c9bc7f7e0edf99be25a4eb8c95c4682210dbbd77133c9ee72,16380,362.356512,True,121,140
77.37152916612624,04277007,521,-0.2679358644327234,731595103553234,0.0,True,True,04277007,1025,731595111087198,-2.9385225885225887,266.41660561660564,-13.431684981684981,1023.7499999999999,731595465719983,354.632785,73699b828b62302c31d2ef78cce26cad0ff2ef2a4fea348c68438f2a00c5ad84,16380,362.166749,True,51,50
664.8152081739993,c30aacfe,522,3.2259229863491723,731595467562015,0.001343101343101343,True,True,c30aacfe,1025,731595474582034,-3.2633699633699633,749.8032967032967,-8.621978021978022,1023.7499999999999,731595829796101,355.214067,38294e235e2d85ae477af468dd319451b4ce3c0998810aabfe711b2286a56735,16380,362.234086,True,183,204
1113.192929746959,bc04f260,523,-11.588243181955226,731595838820750,0.001617826617826618,True,True,bc04f260,1025,731595851628312,-0.7257631257631257,1114.4769230769232,-0.8702075702075702,1023.7499999999999,731596200807727,349.179415,570dffb81bf372dc3ff868e39f1335c2f59ecc23396b36d814e72ba4ffa1a9e0,16380,361.986977,True,149,155
735.0029907783846,42607744,524,0.18659744157372704,731596205081209,0.0007631257631257631,True,True,42607744,1025,731596211644483,-11.793345543345543,1597.1836996336997,-26.89047619047619,1023.7499999999999,731596566747965,355.103482,00884d8a58ec33ff1b78cfd51d30590b81eb8431557b58e586307b0310d5e52f,16380,361.666756,True,134,149
247.55767093644386,d7182af1,525,0.07141210767409796,731596569188402,0.0,True,True,d7182af1,1025,731596575686030,-5.975274725274725,738.3544566544566,-21.332905982905984,1023.7499999999999,731596930746431,355.060401,e9284b9e02472170f57bfd6be433769658f48a959e6a2dc5c3811e5f1ef99350,16380,361.558029,True,85,90
930.2833245373538,2b17076f,526,0.02978393386158256,731597007371062,0.0018925518925518926,True,True,2b17076f,1025,731597014535455,-8.07020757020757,1475.1766788766788,-21.903540903540904,1023.7499999999999,731597369819377,355.283922,1816e3f439c4405692eefd3f479d32ebe4382a1173ad62cc5d627626baf40d8b,16380,362.448315,True,181,206
769.3320250208345,0ab6b712,527,1.89720226428601,731597373218331,0.002655677655677656,True,True,0ab6b712,1025,731597379668430,-4.945115995115995,1016.3113553113553,-14.917277167277167,1023.7499999999999,731597734894059,355.225629,5470ba1546902ef95ac05c13e43eb8ececef8d9438b5a1f475e873e3c7efbc8f,16380,361.675728,True,150,162
1994.5699467172362,67fb7a9e,528,1.583976110590647,731597738954167,0.0018925518925518926,True,True,67fb7a9e,1025,731597745585719,-3.367032967032967,2123.257387057387,-10.832844932844933,1023.7499999999999,731598100752728,355.167009,d7fcc5fb2ce822e26e52ee9d327e7772bfd2a86f946df5877c05b96b243bc594,16380,361.798561,True,225,244
781.283780388991,31378a43,529,2.263234442582292,731598103044833,0.0024114774114774116,True,True,31378a43,1025,731598109681686,-7.023015873015873,1054.944017094017,-14.977899877899878,1023.7499999999999,731598464749323,355.067637,b5ae5820ecf30eb0df182444124556649cbbf5383657c756f27a5ecae250e89b,16380,361.70449,True,165,182
829.2966612250862,d39256c8,530,0.6449170767811868,731598467262879,0.00030525030525030525,True,True,d39256c8,1025,731598473610923,-5.158852258852259,1192.4290598290597,-18.344444444444445,1023.7499999999999,731598828843272,355.232349,9a02d11632fa989d7fd409511c10fb2c9a877b41737b1bd0653d0e4ae26d1653,16380,361.580393,True,163,180
300.4096277474391,23ac9907,531,-0.1700051226663613,731598833302796,0.0,True,True,23ac9907,1025,731598841441566,-5.397924297924298,522.7928571428571,-13.90128205128205,1023.7499999999999,731599195784158,354.342592,7713ed538c47a212cde5f53840b27b639cd7d96ea05cc7f8a9a7348c95719267,16380,362.481362,True,122,130
283.44246829347566,cf697219,532,0.42874536793017387,731599199348735,0.0,True,True,cf697219,1025,731599206636612,-5.666605616605617,483.37557997557997,-12.954639804639804,1023.7499999999999,731599561863656,355.227044,553506caabc6581856c08242824a73430031475e9b48625cf647d571ff5c1a03,16380,362.514921,True,120,127
264.274412805008,e2ea5ef6,533,0.4910844895439489,731599565682246,0.0,True,True,e2ea5ef6,1025,731599572640327,-5.700793650793651,593.7065323565323,-17.23174603174603,1023.7499999999999,731599927814350,355.174023,ea8b33498f59d2c7fe70b640d6079919f1be2bcd5a43d4bd50f118135bf3ecc7,16380,362.132104,True,106,111
551.5228896656187,1e4a0644,534,0.006625207727708122,731599930808928,0.0,True,True,1e4a0644,1025,731599937694892,-11.521428571428572,1289.0147741147741,-24.59163614163614,1023.7499999999999,731600292829580,355.134688,04722a7615c674bc0214c0a44157fa959e01b9bbc7251b6eee87604f77dce988,16380,362.020652,True,120,127
2765.634275647362,2ad433d7,535,3.9624797720016707,731600295042375,0.014377289377289377,True,True,2ad433d7,1025,731600301639522,-11.704029304029303,3043.8089743589744,-11.882356532356532,1023.7499999999999,731600656798924,355.159402,976ae0774bd232557d886547b0fd9fdf2edb31d8c09a90b79bba0b3fdb2fe7a5,16380,361.756549,True,236,251
433.1458282271927,a68f1e35,536,-0.10896071836440255,731600659423399,0.0,True,True,a68f1e35,1025,731600666635522,-6.4112332112332115,801.5172771672771,-18.09053724053724,1023.7499999999999,731601021890014,355.254492,b0a3beceeb2505ee6da3d180bb3852748d58ed322343377da0e1852a3667113b,16380,362.466615,True,127,132
80.05101082949068,8026fc66,537,-15.931661706217897,731601026727395,0.0,True,True,8026fc66,1025,731601033729920,-0.903968253968254,81.45323565323565,-0.7648962148962148,1023.7499999999999,731601388856327,355.126407,d059e27e0c476ac18adc97d4a9601b3dbc068a8abc3e5cabcd1faf99e0f2f900,16380,362.128932,True,26,27
509.72315053349854,00d92c3f,538,0.3354994399661827,731601392470990,0.0,True,True,00d92c3f,1025,731601399647225,-12.311294261294261,1167.9725274725274,-22.50958485958486,1023.7499999999999,731601754839464,355.192239,fd81967b9c3590d0592955ebf42bbcf6432858abe5ebe66eec01efe3205d0c8f,16380,362.368474,True,119,133
495.58101054623035,8f1dcbce,539,0.2499926701960399,731601758964104,0.0,True,True,8f1dcbce,1025,731601766113528,-9.577106227106228,1136.672039072039,-23.43864468864469,1023.7499999999999,731602120919805,354.806277,aa848c481f57950fe283067260cf0dd118d7073c271f0df8dcbab449a8436f95,16380,361.955701,True,118,126
243.790163959294,281118d1,540,-0.11216967183924965,731602125342861,0.0,True,True,281118d1,1025,731602132768148,-4.614346764346764,593.209706959707,-18.114285714285714,1023.7499999999999,731602487837922,355.069774,57aa5b8705b88301742787b828868e4f0880b738dac2aa0bed88d1d5c3fa3bac,16380,362.495061,True,90,88
284.64309288628885,73189fc1,541,-0.1076166590196445,731602490157559,0.0,True,True,73189fc1,1025,731602495964007,-4.694017094017094,479.3393772893773,-13.14010989010989,1023.7499999999999,731602851872731,355.908724,85b9f2755316696e8ed9494d38d2def5acd6ff76353405bc7d2f94bef144faa4,16380,361.715172,True,128,130
498.24851781782183,842bece9,542,-0.06364376804452206,731602854485714,0.0,True,True,842bece9,1025,731602860980017,-6.984737484737485,1236.286691086691,-26.253601953601954,1023.7499999999999,731603216859945,355.879928,7bd0452c630f73ffeecd460ca8e4a3ab430903db3802613b89462cc4c2eb2aff,16380,362.374231,True,116,127
534.4074738095984,75bc0dfa,543,-0.44030346907296747,731603219222484,0.0,True,True,75bc0dfa,1025,731603224988666,-8.863369963369964,1156.5853479853479,-23.315628815628816,1023.7499999999999,731603580958671,355.970005,2f416ce9938345d5cf11bdab04fb85b10e92853a3273784a48e79df52f9b2c9e,16380,361.736187,True,125,129
483.57434579529814,de3b267e,544,0.27409908827712215,731603583851686,0.0,True,True,de3b267e,1025,731603590070726,-7.671916971916972,1135.0489621489621,-24.343711843711844,1023.7499999999999,731603945888413,355.817687,ba03d920166cdca20bf74f5ec4d0241ce6ab13062a872c9be74f130f67a89c57,16380,362.036727,True,121,131
631.3976671981526,f458c281,545,-11.494179718730903,731603949593056,0.0,True,True,f458c281,1025,731603956052392,-1.6459096459096458,636.9419413919414,-1.6838217338217338,1023.7499999999999,731604311866260,355.813868,ba4aad119d2e673b215c7b46ce178cc59e37a062c024da5c8f99213f7f542ee1,16380,362.273204,True,72,72
551.3942650437339,b4fc2516,546,-0.29140568274172585,731604314259577,0.0,True,True,b4fc2516,1024,731604320015079,-12.085042735042736,1302.0229548229547,-24.588217338217337,1023.7499999999999,731604675894238,355.879159,35f269e6c53c5355cc9b31c010c27233d336691446d32fc23714880427903ebf,16380,361.634661,True,119,123
192.72599666647287,ee7c8978,547,0.008478133428074469,731604678775159,0.0,True,True,ee7c8978,1025,731604685082446,-6.025030525030525,618.6916971916972,-19.73992673992674,1023.7499999999999,731605040907653,355.825207,68b0563d05001aa6e43584301350f2951083a5bd9ecc2cbfcb9d8f672bee28c0,16380,362.132494,True,72,76
815.5650670805247,aa3fa865,548,-0.22786726104941268,731605043108836,0.0016483516483516484,True,True,aa3fa865,1025,731605049017909,-6.4493284493284495,1228.0058608058607,-19.257387057387056,1023.7499999999999,731605404920400,355.902491,f195ad3e542ba4d12a3482466a8b9c9ef214607f79b91f72bd899ee53b06a82f,16380,361.811564,True,166,196
642.3208097332731,b8d55755,549,-6.418056661864336,731605407350637,0.0,True,True,b8d55755,1025,731605414039778,-5.477045177045177,957.7410866910867,-16.894444444444446,1023.7499999999999,731605769954340,355.914562,8608244dbd4cb3887165b35d26d52a8a22d676928153a252c8ad89e2a29384c8,16380,362.603703,True,136,142
759.4034941022213,7ae590a1,550,0.40676069802252135,731605772318742,0.0003663003663003663,True,True,7ae590a1,1025,731605779111570,-7.527228327228327,1599.7173992673993,-27.993833943833945,1023.7499999999999,731606134978402,355.866832,282bce1d95201f152ee4902381fb66e8f9be8aad066d483434ea98e93f478ca9,16380,362.65966,True,133,153
1008.8067152644534,6e8e3b3b,551,0.043351788193482156,731606137657030,0.002136752136752137,True,True,6e8e3b3b,1025,731606144075277,-6.853357753357753,1690.2092185592185,-25.187973137973138,1023.7499999999999,731606499949830,355.874553,0af361c198cfa1d7042e9275f883cfa4dc1d0d005e7bcb949b7c10bf9426ae99,16380,362.2928,True,199,219
629.6901917337174,71d90c9d,552,2.9954346396429927,731606503408797,0.0011904761904761906,True,True,71d90c9d,1025,731606510107527,-5.144017094017094,904.4155677655677,-15.756410256410257,1023.7499999999999,731606865908660,355.801133,7ca3c9c80621c12da486561c57b2a07acbde1d2e5d2f7a50fafed517210e8d58,16380,362.499863,True,151,171
518.5140307613293,1398bf5c,553,0.07654992324436545,731606867477824,0.0,True,True,1398bf5c,1025,731606874041397,-11.715262515262514,1308.3081196581197,-25.544993894993894,1023.7499999999999,731607230027280,355.985883,933c9b8bd8482152d33139dacc3b13f1c5377668d2101f0804db11df10ffb4d0,16380,362.549456,True,115,120
528.1810972537163,1f77fd44,554,0.1727107602901648,731607234378960,0.0,True,True,1f77fd44,1025,731607241086886,-9.892368742368742,1232.525396825397,-24.626923076923077,1023.7499999999999,731607596044045,354.957159,2fdb99ae75edae57215644175aa6ae4636514ab6092c9cf58038b5cc9c7dcf8b,16380,361.665085,True,123,129
547.1365718452623,0509835c,555,0.11809204788891894,731607599308854,0.0,True,True,0509835c,1025,731607606187935,-6.635409035409036,1169.9906593406592,-24.05879120879121,1023.7499999999999,731607962027357,355.839422,a8c2336ecea72a950e92b674cf1b723423c238dba208eb054e759ce8bc448e1c,16380,362.718503,True,120,131
471.9784215055736,490ad175,556,0.02930424154516653,731607966134803,0.0,True,True,490ad175,1025,731607972308397,-7.013003663003663,1252.126800976801,-27.036385836385836,1023.7499999999999,731608327027012,354.718615,85b54f6e8a2ce96d723bc01ae3a095968bad3b5258c84c76c8e56d83e0962579,16380,360.892209,True,111,117
441.39195361686205,5b8be43f,557,0.012463805417842037,731608329460986,0.0,True,True,5b8be43f,1025,731608338094583,-9.402808302808303,1349.6445665445665,-28.632844932844932,1023.7499999999999,731608691092133,352.99755,832bac00a452c9ad8d7b69d2e9d3ef5675c9e07380ba19eb7c1a1dfdcfc0341f,16380,361.631147,True,106,110
203.48484526530314,7b5c91de,558,0.0251029022900087,731608694913698,0.0,True,True,7b5c91de,1025,731608701261081,-4.234371184371184,509.85250305250304,-16.983455433455433,1023.7499999999999,731609056039747,354.778666,c07dc2e8e8c6ca21d5b4cc2bfbaed52b171b94d6b044cc507980dd8112be08cd,16380,361.126049,True,98,98
526.2017213806407,37b9ad47,559,0.18105117760486628,731609058376557,0.0,True,True,37b9ad47,1025,731609065152893,-8.743284493284493,1591.5495726495726,-31.446825396825396,1023.7499999999999,731609420058828,354.905935,ff75eb2be099056ec139776bf578a6c483d2fb524dc8d49c52c9b8e3015ad01d,16380,361.682271,True,121,125
489.2815665900373,4f722fd1,560,0.3283217428949108,731609422732657,0.0,True,True,4f722fd1,1025,731609429211709,-7.660561660561661,1007.5812576312576,-21.43864468864469,1023.7499999999999,731609784067898,354.856189,183d63c6e9242c53946f8d60f579e94ddf1c7c60daa24bf54c70670c87d7fa5f,16380,361.335241,True,120,126
493.6660148324068,92719e0a,561,-11.417030628035647,731609786345306,0.0,True,True,92719e0a,1025,731609793204509,-1.363064713064713,497.28241758241757,-1.326068376068376,1023.7499999999999,731610148151440,354.946931,aa8d2964f9ec83ed3506deff6ce34f2a253aafc899be0a1f5de65054bea2ca18,16380,361.806134,True,63,65
501.2035545261278,b071510e,562,0.3201473818316078,731610152415584,0.0,True,True,b071510e,1025,731610159441513,-7.85995115995116,1284.6263125763126,-26.863431013431015,1023.7499999999999,731610514087380,354.645867,5b87d2886ce145b66e84313875e1b3456dc152cc924a376160e3fca6ed369802,16380,361.671796,True,116,123
273.82298987269684,7c12f6f1,563,0.016060966962009184,731610516762802,0.0,True,True,7c12f6f1,1025,731610523240431,-3.269230769230769,616.7738705738706,-18.228083028083027,1023.7499999999999,731610878925047,355.684616,b0815ac6d1b43605244dce695ff847c8c27276311c07d945b5dc6f9bc7a54e1c,16380,362.162245,True,106,114
491.42710970077275,d824262f,564,0.004559951394473494,731610882794332,0.0,True,True,d824262f,1025,731610889304603,-6.814285714285714,937.5490842490842,-19.992185592185592,1023.7499999999999,731611244101555,354.796952,b5a2221494382ed2ae1ebd4e4162a721a487cc898982df7c99953469bbea4f39,16380,361.307223,True,130,135
273.67710519469676,9f06e860,565,0.4910760845912102,731611247175913,0.0,True,True,9f06e860,1025,731611254219636,-4.06996336996337,453.3713675213675,-12.772222222222222,1023.7499999999999,731611609094242,354.874606,053071cdf9594d2f7534386fbd664b1dcd0dc5f23edd83d5d3b56abefe83b236,16380,361.918329,True,120,130
506.24753651076907,b32d383f,566,-0.5730192392641459,731611610982752,0.0,True,True,b32d383f,1025,731611617288436,-7.737057387057387,959.3351037851038,-19.82991452991453,1023.7499999999999,731611972168973,354.880537,052513b27ff4682e2c82ebb8110ab15dde2df93a8f8b137aea4cb984e8d867f2,16380,361.186221,True,124,132
237.23143651762703,dadd603e,567,0.3532892841146837,731611976262753,0.0,True,True,dadd603e,1025,731611983272622,-2.857875457875458,774.9326007326007,-23.011599511599513,1023.7499999999999,731612338118732,354.84611,66f69c394ebfa3c19030e558f095f5882aafb6a081aaa2990bc281b4f818ab7b,16380,361.855979,True,84,84
492.3003905824877,33d51ef1,568,0.08726708054445101,731612675389723,0.0,True,True,33d51ef1,1025,731612682238656,-7.786996336996337,1217.0790598290598,-25.77094017094017,1023.7499999999999,731613037131362,354.892706,b44b44f15b07fc163bbab782214803c75f71de74cd83788e0ab74927b4663c8f,16380,361.741639,True,126,121
254.64443045287365,56c85eee,569,0.24828118507057412,731613039499081,0.0,True,True,56c85eee,1025,731613046203600,-4.012637362637363,497.9948717948718,-15.074786324786325,1023.7499999999999,731613401400090,355.19649,bf5ab8d5470cc4d5b3e1f5053384489b66b7722cc03b2af8ed4aa677f6300d9f,16380,361.901009,True,122,132
1214.7439733377462,e1779589,570,0.989322053958359,731613406432690,0.0010378510378510379,True,True,e1779589,1025,731613413774568,-4.237240537240537,1387.2859584859584,-12.433333333333334,1023.7499999999999,731613768203380,354.428812,4dc04f4166497859508564e376bf4645f88e748967e8ff473da3148119cd1de9,16380,361.77069,True,191,198
367.27403527858655,b7c3b418,571,0.4659825828986649,731613770927715,0.0,True,True,b7c3b418,1025,731613777507828,-3.322649572649573,661.4449938949939,-16.826495726495725,1023.7499999999999,731614132214277,354.706449,1a988cc7d8ee277d442398f38081c8ba0a34625d70e2cb9af2d0b8165db83494,16380,361.286562,True,118,124
582.2336406559116,1379eaa2,572,0.1618379322866541,731614135782882,0.0009462759462759463,True,True,1379eaa2,1025,731614142280039,-6.157020757020757,1015.2249084249084,-19.876678876678877,1023.7499999999999,731614497163900,354.883861,837db36bdbfc632d0f0ff7a52681d4bda9b3dad4310e36842f8614563830d3fa,16380,361.381018,True,123,152
2363.6649984718847,4b22b157,573,-9.809936091874977,731614499736076,0.0017094017094017094,True,True,4b22b157,1025,731614506229015,-1.0202686202686202,2365.5807081807084,-0.9352869352869353,1023.7499999999999,731614861236660,355.007645,799bb226cc2e6fa267e965e93818498d7dd87a76f5f4ce9eea95239c77451441,16380,361.500584,True,196,207
786.9592285590546,4e0bd5c2,574,0.8968010695836377,731614867103742,0.0028998778998779,True,True,4e0bd5c2,1025,731614873331157,-4.3077533577533575,1032.0276556776557,-15.05030525030525,1023.7499999999999,731615228194770,354.863613,16f8fc3c433d8b41a3971814530b487066aa7792c3460e4afca5cfec64471567,16380,361.091028,True,146,174
1174.8266713292812,f18dad78,575,3.3573262033555857,731615232127465,0.0031135531135531138,True,True,f18dad78,1025,731615239280374,-4.030769230769231,1420.718376068376,-15.154029304029304,1023.7499999999999,731615594230817,354.950443,453d737100d88d9e52e01781728f22229edcea3db7deab2ce263ce1819990a66,16380,362.103352,True,220,240
635.8219766168576,60cdbb80,576,-0.7159039591172427,731615597072114,0.002686202686202686,True,True,60cdbb80,1025,731615603398847,-2.3797924297924298,785.3769841269841,-11.995482295482295,1023.7499999999999,731615958200067,354.80122,a00975695bb5afed42ec2a122198773023b4bb8a1bde1fce798d71bd055cacdb,16380,361.127953,True,153,182
494.9944980514669,fb86f4c5,577,5.332316177948266e-05,731615960676481,0.0,True,True,fb86f4c5,1025,731615967229734,-5.731623931623932,1226.6026251526253,-26.434004884004885,1023.7499999999999,731616322283231,355.053497,1d86486a529bf35c9ed693a272af0e82a3033a197fe882c074e921c58edae931,16380,361.60675,True,120,119
220.97559720973643,6b435f43,578,-0.4929502476529043,731616329087049,0.0,True,True,6b435f43,1024,731616335413271,-2.8492063492063493,547.7400488400489,-17.85067155067155,1023.7499999999999,731616690224526,354.811255,2d80e4cd3ed7bbb356588c7cbd530fa5414fe35ca9d649b67a2ac39da32a5c1f,16380,361.137477,True,111,116
313.48092478170315,489812e6,579,0.09226366806771148,731616692821539,0.0,True,True,489812e6,1025,731616699368670,-3.455860805860806,666.2432844932845,-18.46129426129426,1023.7499999999999,731617054201326,354.832656,f4ca242da818249dc19588bef188cee90278c7440b39af28e932dc84b3e8a35e,16380,361.379787,True,114,116
1601.1335331064267,09900d5d,580,-11.12585596314037,731617057107605,0.002136752136752137,True,True,09900d5d,1025,731617063356591,-0.7296703296703296,1602.560927960928,-0.946031746031746,1023.7499999999999,731617418214873,354.858282,55ffcc2fd34cf42247021a1171a1d40a27aa040424bf0a053fc8d04b7b189c52,16380,361.107268,True,148,159
541.4650217700492,63aa915b,581,0.40644576352866274,731617421897484,0.0,True,True,63aa915b,1025,731617428330148,-9.358241758241759,1261.3062881562882,-25.144871794871793,1023.7499999999999,731617783201523,354.871375,bd15076b652bea907466f76b6461f8aa2b73087a824139edf4e1aa5422b7eb36,16380,361.304039,True,120,123
413.7509465964777,d1e796c6,582,0.09383047234796228,731617786091411,0.0,True,True,d1e796c6,1025,731617793503572,-7.330891330891331,781.068253968254,-17.708058608058607,1023.7499999999999,731618148201758,354.698186,4c9e28fedac869cb0b7b33bf9d1ba5bc07bf872ed9dcee73fa3e1490d81c5c66,16380,362.110347,True,119,124
510.2096097678607,8feb09b4,583,0.4956584520434678,731618150486219,0.0,True,True,8feb09b4,1025,731618157409984,-10.314468864468864,1610.8642857142856,-31.531990231990232,1023.7499999999999,731618512211883,354.801899,e0d4d54049a33c92ad4295bb4194d96371e39d14707d129a2f75f221d388d2bd,16380,361.725664,True,125,119
503.0149223158473,209f589c,584,-0.26437342645538786,731618514734515,0.0003357753357753358,True,True,209f589c,1025,731618521409849,-5.789438339438339,838.8762515262515,-17.388034188034187,1023.7499999999999,731618876253748,354.843899,547c37408a22ce40cf60a27c07e2e82fb19ca7fffc826abb2352836fe2cdef06,16380,361.519233,True,130,153
925.1077850940945,7dd582c6,585,-7.6466630520366765,731618879175927,0.0007326007326007326,True,True,7dd582c6,1025,731618886354145,-5.3608669108669105,1078.9942002442003,-11.186935286935286,1023.7499999999999,731619241225545,354.8714,7af6912218eb656e1dc75335bdc9da4a3f9da011fcda80fd0ba8424f1f9d4bac,16380,362.049618,True,150,161
1110.8766325263396,17991e4b,586,0.17526394740559423,731619244106076,0.0028388278388278387,True,True,17991e4b,1025,731619251357081,-5.9633699633699635,1381.2612942612943,-15.323931623931625,1023.7499999999999,731619606444968,355.087887,8bd7a8867a04135228d5cc527923c019d568fd0a19ad9c7238c75e5d56b71c2b,16380,362.338892,True,185,208
269.020408729786,1c0a9ab3,587,0.29002025009582505,731619612902950,0.0,True,True,1c0a9ab3,1025,731619619492190,-4.645787545787546,497.66495726495725,-14.38962148962149,1023.7499999999999,731619974291971,354.799781,db80ff1722bb10f63d34b75d8f6585080c7706310c9a141cecdffec24b76fe55,16380,361.389021,True,119,123
984.2391673785447,9f4e4ba5,588,-1.8359749377643244,731619976902149,0.0027167277167277166,True,True,9f4e4ba5,1025,731619983437929,-9.606349206349206,1753.6835164835165,-26.022344322344324,1023.7499999999999,731620338248769,354.81084,61075764724f9fd83eed9dfb23c40360801de94a00cea7215cff4e593c99333a,16380,361.34662,True,152,178
596.421490277461,04090ec7,589,-17.41895176425896,731620340698914,0.0,True,True,04090ec7,1025,731620347400036,-5.137484737484738,823.2503052503052,-14.157509157509157,1023.7499999999999,731620702282540,354.882504,7782bde3d3cbfb119a50ab2c0ec44082686ccc57bd5e9bcd5a82c50f8f3a0ffa,16380,361.583626,True,120,142
710.9881320619415,8de64faa,590,1.2496163977728965,731620704363415,0.002106227106227106,True,True,8de64faa,1025,731620711412587,-3.964957264957265,863.8362637362637,-11.71013431013431,1023.7499999999999,731621066318966,354.906379,4e43cda004f38c978e7a2df8af3f0cd897a4ee08b256ed5f4da998d84723f896,16380,361.955551,True,176,210
186.51768526718158,507896e5,591,0.3596616102971195,731621069240805,0.0,True,True,507896e5,1025,731621076461162,-3.2062881562881564,345.09029304029303,-12.177533577533577,1023.7499999999999,731621431261938,354.800776,75350ca46bcd1b74f1f6f3fef06221b55a4b0fd0746947f91b2ac9095ee4b42d,16380,362.021133,True,114,117
136.34142539220377,029ac871,592,0.026357297367549992,731621433102267,0.0,True,True,029ac871,1025,731621440452199,-3.488766788766789,312.08577533577534,-12.78956043956044,1023.7499999999999,731621795347023,354.894824,8dc9872c18670089f17b83b9710b44c1582acb2590caca6d238831d1e7d5772e,16380,362.244756,True,105,106
427.34944595392403,b1eecfc2,593,0.2711032227704198,731621798775512,0.0,True,True,b1eecfc2,1025,731621805381504,-7.68974358974359,877.8763736263736,-19.783699633699634,1023.7499999999999,731622160278481,354.896977,f724f33fa1c741f1a7910ae2c92f5fb9a56ed7e476f0c790265452639852c3c3,16380,361.502969,True,120,126
558.1840024502021,108c3f56,594,0.2727737132841175,731622162692597,0.0,True,True,108c3f56,1025,731622169359385,-4.092063492063492,1270.8288766788767,-26.37991452991453,1023.7499999999999,731622524285945,354.92656,e3bc54ce5d47e40856c6f6e5e654685a9f7eb3ffd47c49be7855b1581ac72dd6,16380,361.593348,True,131,141
450.17166188478456,8069e241,595,0.3549756666067181,731622526225200,0.0,True,True,8069e241,1025,731622533329748,-7.828998778998779,1247.5700244200243,-27.131257631257633,1023.7499999999999,731622888296804,354.967056,f856546871aa85b2e54db2f311b9eed7352f2262422275921e5d88b831f87d29,16380,362.071604,True,119,124
431.54048786005745,ac1056a3,596,0.29779117247216247,731622891905725,0.0,True,True,ac1056a3,1025,731622898385448,-7.23962148962149,798.6186202686202,-17.738827838827838,1023.7499999999999,731623253324600,354.939152,c2799414a106536f3464d84f998e04ef31cbbfc9c4643d7a1da3cc4907791bfe,16380,361.418875,True,119,123
1193.5495817399938,6d02a108,597,1.642410323666244,731623256090042,0.002014652014652015,True,True,6d02a108,1025,731623263416150,-4.661721611721612,1511.8651404151403,-17.221611721611723,1023.7499999999999,731623618315533,354.899383,0451f21af9b6aeeef93f1d2459c989df3045ff6b28fd601e18e2bfc61e287b09,16380,362.225491,True,189,214
414.3286435779659,b84d7da0,598,0.08538832489696259,731623620786207,0.0,True,True,b84d7da0,1025,731623627315814,-6.614102564102564,766.4032967032967,-17.55927960927961,1023.7499999999999,731623982339473,355.023659,7bdd866f35c7f190eda14f6eee973df114e747df79ed90906c59d5d45c1ff1b2,16380,361.553266,True,124,123
318.5993502529217,7d83da8a,599,0.022212457773548997,731623986332152,0.0,True,True,7d83da8a,1025,731623993389119,-6.567582417582417,566.6365079365079,-14.314468864468864,1023.7499999999999,731624348341642,354.952523,a33570c1fc3859b21ef915b81746315c998f4b6bd7a143eb5902ceee89bea924,16380,362.00949,True,121,122
286.05331274477794,50c6d89f,600,-0.034450449041474776,731624350287450,0.0,True,True,50c6d89f,1025,731624357716853,-4.68986568986569,519.2126984126984,-14.531501831501831,1023.7499999999999,731624712340650,354.623797,b76c962ba64b41affdf6cad7cb02da70296e633af6bd9965c544809e00125a2c,16380,362.0532,True,114,118
788.8004351699041,6c48002f,601,0.013688972998512634,731624714869794,0.0003968253968253968,True,True,6c48002f,1025,731624721391897,-9.207020757020757,1331.8406593406594,-21.407264957264957,1023.7499999999999,731625076348055,354.956158,21e88a9a41b787ece6f5f5cd2dd25efdeb4e0add101f38cb44ecc9f6c5e17af2,16380,361.478261,True,126,149
745.7987449702651,4f5e7b87,602,-0.4774986109572362,731625079538031,0.0020757020757020757,True,True,4f5e7b87,1025,731625086361946,-3.4434065934065936,836.190231990232,-8.861965811965812,1023.7499999999999,731625441381021,355.019075,745c1ccc179df57177c868dbb93813ac9a2201379c34ebbaacd6fac4c8ed647e,16380,361.84299,True,174,199
1089.4585934297015,cc11adde,603,2.712916971025142,731625443811598,0.0019536019536019536,True,True,cc11adde,1025,731625450375670,-3.9470695970695973,1245.9542735042735,-11.870818070818071,1023.7499999999999,731625805412717,355.037047,c86aaa5fa1310305197745486b26f9d3a9b5cee358d6ad7582080e731a31b635,16380,361.601119,True,191,209
227.32226402176033,44410b1a,604,0.20191960158787878,731625807587650,0.0,True,True,44410b1a,1025,731625814366700,-3.5253968253968253,408.0260683760684,-12.972100122100121,1023.7499999999999,731626169486804,355.120104,85fe651c2cdae037eec372163cfa9e0ef491637fcbfdfdc1a591dc88d817bebc,16380,361.899154,True,118,116
471.12968693394515,2b550419,605,-0.28506646196506424,731626174261825,0.0,True,True,2b550419,1025,731626181398282,-11.055311355311355,1431.685409035409,-28.954029304029305,1023.7499999999999,731626536370873,354.972591,ef1ea5faf6a313b8f5cedf271b8eb6d0801dc1a0da9b0212bb0ab008fa051795,16380,362.109048,True,114,121
532.5461730034991,beb9b7cc,606,0.17300319724866015,731626538660283,0.0,True,True,beb9b7cc,1025,731626545247730,-8.17081807081807,1167.4351648351649,-23.835409035409036,1023.7499999999999,731626900387687,355.139957,aa1a7684070dea669d3c917cb5a754ded78beba70a91452c2ff1a7c4125f1d51,16380,361.727404,True,121,119
342.83125351280114,58a63696,607,0.230263231640036,731626902199432,0.0,True,True,58a63696,1025,731626909340979,-5.490903540903541,667.4493894993896,-17.16007326007326,1023.7499999999999,731627264490123,355.149144,6e04ed4f039fac3ec316bbf7178574c4b3aedfcb9033e609999f52a283070314,16380,362.290691,True,126,130
194.4717712270093,5f247c04,608,-0.07160361742625927,731627268401026,0.0,True,True,5f247c04,1025,731627275344277,-4.012332112332112,375.01440781440783,-12.823565323565324,1023.7499999999999,731627630369684,355.025407,7c846b8b8e8e35768e8aa180d47c165e890eff426e3a4f276b7ace3acbc37bb4,16380,361.968658,True,111,115
202.86564955326858,441982c0,609,0.2971641067766235,731627632850046,0.0,True,True,441982c0,1025,731627639240389,-4.117216117216117,395.620757020757,-13.25909645909646,1023.7499999999999,731627994444184,355.203795,b673c6d45839eb989004d5471deafa7e29dcc3fd4676a100e05b4ef0059133bc,16380,361.594138,True,109,123
485.6711198735466,669fad17,610,0.11130688304027152,731628033212369,0.0,True,True,669fad17,1025,731628040318770,-9.657692307692308,1413.6299755799755,-28.89096459096459,1023.7499999999999,731628395505690,355.18692,fc1ba1f4fffbd563f774ea3890648caaddd56910e848fa117c909f57c6811c71,16380,362.293321,True,115,124
864.1526935525471,c28fda88,611,-0.6133417525697107,731628398622558,0.0,True,True,c28fda88,1025,731628405301478,-8.890598290598291,1563.6007326007325,-24.90793650793651,1023.7499999999999,731628760439625,355.138147,c8cd5cc88b519f9b0873b54ea7069301c4df5478a3ff94e9fd793c9c28f3e7db,16380,361.817067,True,138,154
308.51103883126774,71379507,612,0.2915392783157616,731628765170482,0.0,True,True,71379507,1025,731628772277273,-7.592063492063492,886.7674603174603,-22.81703296703297,1023.7499999999999,731629127437271,355.159998,2b198ba8895e5493e30889ba539e6247236275f0d2908d274f236e2c0a9a5f7f,16380,362.266789,True,92,95
453.496828400876,7198968d,613,0.3411311260892336,731629130385038,0.0,True,True,7198968d,1025,731629137339671,-8.706166056166056,1201.5374847374846,-25.92765567765568,1023.7499999999999,731629492470430,355.130759,87dd7c88e6dc93512942b42d087141f533338e517dfd980b789c2e22a98e6dae,16380,362.085392,True,112,108
370.6843913107649,6330bed0,614,0.12881340871806604,731629495561820,0.0,True,True,6330bed0,1025,731629502228176,-10.11098901098901,1246.469474969475,-27.81282051282051,1023.7499999999999,731629857474804,355.246628,3963de801e63fb696b9d6b26b4c6821d5431fce1eb76beb553c5f199ba44bf55,16380,361.912984,True,100,101
324.7630770870697,c18f81ba,615,-0.04386113377304468,731629862293888,0.0,True,True,c18f81ba,1025,731629869249102,-5.613797313797313,659.1142857142858,-17.4021978021978,1023.7499999999999,731630224444122,355.19502,b810831efcb03fc720df8e84593350cc7e19ec041f6eba2da5a3a03fc7aa73ef,16380,362.150234,True,117,117
120.12571938440071,7e53a6af,616,-0.26671065311339337,731630226250476,0.0,True,True,7e53a6af,1025,731630233234885,-6.228937728937729,365.32649572649575,-14.366666666666667,1023.7499999999999,731630588535371,355.300486,26cf3d5225ddc8b2f8e71ae9baa97a75e68f021e273ba8632a794b8e2e67cb24,16380,362.284895,True,62,66
248.37952989962147,983fe183,617,0.07807818465977949,731630593141562,0.0,True,True,983fe183,1025,731630600350396,-8.85,799.7592185592185,-21.749877899877898,1023.7499999999999,731630955534221,355.183825,47c4a96df97a5a61aa65a3d2e523079115b0cfb3528981793b7cd8811547945a,16380,362.392659,True,86,83
347.0318802002501,29eda0d1,618,-7.107009010596057,731630966659980,0.00015262515262515263,True,True,29eda0d1,1025,731630975637126,-6.183089133089133,545.7517704517704,-12.668437118437119,1023.7499999999999,731631328514006,352.87688,340032fe4eb052e51eaeef6d693430c032884d334a9d0c42ecff1561e53fab22,16380,361.854026,True,118,128
460.19544120409506,29d9c8f3,619,-0.2506412562750983,731631331623410,0.0,True,True,29d9c8f3,1025,731631338310015,-6.376923076923077,941.160866910867,-20.983333333333334,1023.7499999999999,731631693513673,355.203658,c238dd133afc197ebc51ac7c78143a2597601fb54a06b01453520bddcdc3f897,16380,361.890263,True,123,124
1275.9280602479869,709ec18f,620,2.1882435655467103,731631697907982,0.0019230769230769232,True,True,709ec18f,1025,731631704267988,-2.883028083028083,1320.6189255189256,-6.031501831501831,1023.7499999999999,731632059568149,355.300161,ca046e7e8d92f8fad5296816e8a1a5bf4c765bc32cf4671043795800c5effaa4,16380,361.660167,True,185,205
460.5876928965757,bf06f36d,621,0.025841431659912806,731632063234268,0.0,True,True,bf06f36d,1025,731632071438309,-10.006043956043957,1593.1380952380953,-32.13144078144078,1023.7499999999999,731632425559373,354.121064,ce2e153bfebd21ea8f3553093f0cdf0e2a2bf54cf299260c579d2860c5b76a41,16380,362.325105,True,111,115
177.16757738598398,38076525,622,0.3839675466355247,731632430220237,0.0,True,True,38076525,1025,731632439111711,-4.73021978021978,333.393894993895,-11.56941391941392,1023.7499999999999,731632792509663,353.397952,cd09d7a297f125cd9d2dbd4be34cb7d3f39b70ed6f9d5b6b62379d9b854b2686,16380,362.289426,True,110,116
1213.0036049464713,58615dda,623,2.7667868260387642,731632798243872,0.003144078144078144,True,True,58615dda,1025,731632805341655,-2.0298534798534797,1330.4931013431014,-10.647496947496947,1023.7499999999999,731633160616154,355.274499,70c149c4133f64d54e1aa2297a2115b9da842d6a0b2ce66cb2285cf5bb1e10a0,16380,362.372282,True,202,222
939.3437852342339,2e3dd346,624,3.5027341561576053,731633164456463,0.002686202686202686,True,True,2e3dd346,1025,731633171630782,-6.175641025641026,1523.523382173382,-23.367521367521366,1023.7499999999999,731633526991731,355.360949,e75279c6a5a289c737d8720dc1a6daa88ff5a0c0b1dcb704148383cde779f4b5,16380,362.535268,True,161,172
287.6347975471144,58e8bba9,625,-0.4061686233549756,731633531668095,0.0,True,True,58e8bba9,1025,731633538325253,-4.769108669108669,460.40579975579976,-12.248534798534799,1023.7499999999999,731633893578338,355.253085,e061dcbb9841123628a0b08a2b48c2e6820040a3a8d4dd06b3588b60964554ee,16380,361.910243,True,123,129
377.3118315987363,9fef1ea7,626,-0.34681124447566525,731633897891864,0.0,True,True,9fef1ea7,1025,731633904374662,-5.3077533577533575,829.4894993894994,-20.59139194139194,1023.7499999999999,731634259559787,355.185125,cde68d6dc01640dcba82f5a9102223a2ca2666cd72a349da6a08a69617e632a0,16380,361.667923,True,114,116
185.77042821511688,b3d65a8c,627,0.28003098195147025,731634263510184,0.0,True,True,b3d65a8c,1025,731634270838475,-4.131013431013431,506.6716727716728,-17.43089133089133,1023.7499999999999,731634625637915,354.79944,42f7dbcba11ee0d4634a60bb5626dd2366d006ac77b1516219015fc1f4373a02,16380,362.127731,True,91,92
274.6409118560859,6f27fd4f,628,0.3256603564043554,731634630024410,0.0,True,True,6f27fd4f,1025,731634637019679,-8.396214896214897,835.8572039072039,-22.1521978021978,1023.7499999999999,731634992826238,355.806559,588ab1b69aebce038d4b1851f9ec8a50f819942f2348fffa45e08ea13c541662,16380,362.801828,True,88,91
188.7102544237068,6d5bda00,629,0.39820222909347613,731634998148496,0.0,True,True,6d5bda00,1025,731635004668064,-3.555982905982906,566.4778388278388,-19.108180708180708,1023.7499999999999,731635360833401,356.165337,90e2f03d07f751524427cb2caa8f12b2685d323720750f526c75cd05b640b9a1,16380,362.684905,True,77,78
621.9683618867226,b0216e62,630,-2.585276718718277,731635366038417,0.0,True,True,b0216e62,1025,731635373282307,-3.8313186813186815,744.0265567765567,-10.362393162393163,1023.7499999999999,731635729366780,356.084473,01089d60012b42c72be4828bb350ff2a9ff7dc1baa4381c0353ade8c120baae4,16380,363.328363,True,116,134
332.82707931737235,126a417e,631,0.22906241036822647,731635738714237,0.0,True,True,126a417e,1025,731635745268130,-7.186568986568987,699.0532356532357,-17.736385836385836,1023.7499999999999,731636102956863,357.688733,cd64cf9951d8c77f9f00bb832f764311a62b7c922a3196e7b553b6e6c0daa84a,16380,364.242626,True,112,110
1276.8542229013015,508d26b3,632,-10.757246853593179,731636107462553,0.0008852258852258852,True,True,508d26b3,1025,731636113732547,-0.8874236874236874,1278.279304029304,-0.7984737484737485,1023.7499999999999,731636469594685,355.862138,ac002622fc3f18ab03205f3005f3f3ed6cdc5657767dcaa2f9b362365365dbc1,16380,362.132132,True,125,138
2373.078345383079,28969408,633,-0.6724568807986986,731636475549903,0.017002442002442,True,True,28969408,1025,731636481754353,-5.958485958485959,2694.408608058608,-16.906410256410258,1023.7499999999999,731636837664441,355.910088,2f662cb10db4bf43acbc7b5cf51957da2ed1041c55e40ddc52f1ab6604a7255b,16380,362.114538,True,196,222
361.90711987951,13266f9d,634,-0.06387486211569199,731636847121376,0.0,True,True,13266f9d,1025,731636854756257,-6.237545787545788,670.5556166056166,-16.423809523809524,1023.7499999999999,731637208817290,354.061033,e744351f8a1561c3ee211cc02939f4d713a4ddcd86d23599d757986841796697,16380,361.695914,True,123,120
322.4933087604974,67dd1561,635,0.253981547048095,731637211557734,0.0,True,True,67dd1561,1025,731637217762735,-4.5537240537240535,933.9363247863248,-24.304456654456654,1023.7499999999999,731637573587297,355.824562,505925379cafcdc85d98323a7799b5ea9a1bf014ab7c8ec1d03d4e99f5e90cc1,16380,362.029563,True,97,102
899.3244618575021,3f8b2597,636,-3.2125211640805427,731637576791671,0.0028998778998779,True,True,3f8b2597,1025,731637582826359,-6.457264957264957,1329.4186813186814,-19.707814407814407,1023.7499999999999,731637940480999,357.65464,50833523713ab974a623c756f67a07516b93271f73f1e4545bcfa5f5155958b4,16380,363.689328,True,148,176
989.5959255159439,7da632db,637,2.0704279253076145,731637951488343,0.0019536019536019536,True,True,7da632db,1025,731637958069797,-6.764896214896215,1531.6074481074481,-22.276617826617827,1023.7499999999999,731638313720719,355.650922,2dc2441b57bf9e561f4b5b4cceae7df614fa6bbab5263fee0369ee1a8b398eb4,16380,362.232376,True,190,208
461.3042221521526,d26b5a06,638,0.14002231353391004,731638573895132,0.0,True,True,d26b5a06,1025,731638581592892,-6.3066544566544565,1038.7432234432235,-23.187606837606836,1023.7499999999999,731638936670063,355.077171,14dc3494410abca57e3d215f63e25ea70f146db6d897ae5de5f6a80a9b2c7e88,16380,362.774931,True,119,120
1350.572176050784,b86790f5,639,0.5588860629815774,731638943676724,0.005189255189255189,True,True,b86790f5,1025,731638949797385,-7.384737484737485,1858.9213675213675,-21.302930402930404,1023.7499999999999,731639305690572,355.893187,553b6a2b69a751a0976512d33c5096e791288a9fa82d1b26b00225a3e19656e8,16380,362.013848,True,205,220
845.4798211732643,d04a92f6,640,1.928629224852685,731639309445188,0.0019230769230769232,True,True,d04a92f6,1025,731639315830030,-5.2996336996336995,1126.8809523809523,-15.915873015873016,1023.7499999999999,731639671676215,355.846185,171573b23255898c36f341d4eac08fa43cd99eba78e451148cdc3bc10b964649,16380,362.231027,True,186,212
485.7769442469076,54d0c459,641,0.004543505621228031,731639674804354,0.0,True,True,54d0c459,1025,731639681261573,-8.376068376068377,1139.6387057387058,-24.15995115995116,1023.7499999999999,731640035763951,354.502378,f82f247f764fb1bf912b7f9980d20b4d8c7c8249b303ad9e78732a50c99dc068,16380,360.959597,True,119,124
321.9461756646555,09c60fa4,642,0.6627636285330833,731640039879541,0.0,True,True,09c60fa4,1025,731640046835145,-3.8757631257631258,550.275702075702,-14.605067155067156,1023.7499999999999,731640401757447,354.922302,aeaad908d1484953f1740e3ec07b00f08d2647384727837e0c6a386bbb3bda49,16380,361.877906,True,115,121
447.54427045549767,81be34d5,643,0.02385084791576987,731640406046516,0.0,True,True,81be34d5,1025,731640413234250,-3.8553724053724054,862.8747252747253,-20.011660561660563,1023.7499999999999,731640767795575,354.561325,667a45b25919ce78179c3df2c388ac51b623ce370d5718d6ae80cb4fc37c35c8,16380,361.749059,True,121,129
152.43052514606543,5269be18,644,-0.2069125319815993,731640771967452,0.0,True,True,5269be18,1025,731640779395000,-2.201892551892552,262.10995115995115,-10.238705738705738,1023.7499999999999,731641133745627,354.350627,626eba0c941d687539e2b832bdbfa3fea58d644dd968783a53bbca51a3cfb7f9,16380,361.778175,True,105,110
249.99138772230347,ba770d06,645,0.17525811594253837,731641137168775,0.0,True,True,ba770d06,1025,731641143871239,-3.767032967032967,444.04310134310134,-13.411233211233212,1023.7499999999999,731641498782835,354.911596,db50e9afb64e05313daff77b2d699518eb6de740114685cb3fa2f51917650bfe,16380,361.61406,True,114,117
333.33842592965306,46903d1f,646,0.2365143748403108,731641507333121,0.0,True,True,46903d1f,1025,731641513898645,-3.9116605616605615,597.9343101343102,-15.789072039072039,1023.7499999999999,731641868744837,354.846192,e668f95b6838adca38bd5e28d9ecf3de6899c3e1d2b232e7efb5714eb58c4bc8,16380,361.411716,True,114,115
638.8227055762037,edea8bc2,647,0.5268422122460782,731641873652929,0.001221001221001221,True,True,edea8bc2,1025,731641879900691,-3.782234432234432,1014.8126984126984,-19.01800976800977,1023.7499999999999,731642234758635,354.857944,8793c921de3e8cadd3814ffbaa68ef39415f480412243c2ea2b8f11b5fc5d383,16380,361.105706,True,146,174
173.8744079299482,f69dfc1f,648,0.35790937325075467,731642238062316,0.0,True,True,f69dfc1f,1025,731642244950622,-3.5771672771672773,312.1529304029304,-11.201892551892552,1023.7499999999999,731642601129316,356.178694,5d12fcabf9918a6b50db80750cf317a3529d3cf348b23d6d3cabf50f05201d0c,16380,363.067,True,121,122
425.47515843571705,2fefca69,649,0.6308990588752377,731642607507855,0.0,True,True,2fefca69,1025,731642614702662,-7.2445054945054945,894.3771062271062,-20.406349206349205,1023.7499999999999,731642968806994,354.104332,986194de2ad44f6b77fbb59242155fd291463977ac4d136dfe3fccb9479c633e,16380,361.299139,True,117,118
242.63710486671107,582ecce9,650,0.07241680206081505,731642972810231,0.0,True,True,582ecce9,1025,731642978934208,-3.342735042735043,442.2528083028083,-13.727411477411477,1023.7499999999999,731643333827204,354.892996,771175a117e2f1ee765970901fd97ff5a73ad611545db6827cd8094eef39f691,16380,361.016973,True,119,117
1186.6577887168455,548f17ab,651,2.343250745235514,731643337881277,0.0026251526251526254,True,True,548f17ab,1025,731643344805702,-2.5810744810744812,1268.3430402930403,-8.661599511599512,1023.7499999999999,731643700109312,355.30361,5b4b1df926e587b7902cb7b5a12e37870b40a8413cb85bea369e8c37906c9b90,16380,362.228035,True,186,190
158.3315700637038,5841f797,652,-0.7927003264949288,731643707410571,0.0,True,True,5841f797,1025,731643713940758,-2.8295482295482297,272.5272893772894,-10.304822954822955,1023.7499999999999,731644068821097,354.880339,0d323581950305900128ed92be89527764320b825017ad7b8f522b14dd1a8e54,16380,361.410526,True,116,119
415.513136180398,f40504f7,653,-0.0987433630174383,731644071806786,0.0,True,True,f40504f7,1025,731644077936574,-5.517155067155067,777.6856532356533,-18.213553113553115,1023.7499999999999,731644432818914,354.88234,52292443b5daa8aea5007c1160aadbc4b018c748c972005ddf744784a207052c,16380,361.012128,True,111,117
381.0634451839031,620a86b7,654,0.42251194883781606,731644437579357,0.0,True,True,620a86b7,1025,731644444113711,-6.221184371184371,746.4909645909646,-18.075518925518924,1023.7499999999999,731644798836828,354.723117,7f9f383215903f4042dd6202ec75d6afac34b824653a56e3f9e5d7582f53a82f,16380,361.257471,True,116,117
82.66631142090849,47f1d4af,655,-0.2540669484296613,731644802682126,0.0,True,True,47f1d4af,1025,731644809931586,-3.363064713064713,214.83553113553114,-10.993589743589743,1023.7499999999999,731645164661436,354.72985,89cba08e944aff924a5a9a1a3ffb80c181ce6677257d1479a79faad5a13e04e5,16380,361.97931,True,87,84
976.8754821613063,3514390a,656,1.7258103299275303,731645168481997,0.001282051282051282,True,True,3514390a,1025,731645175335687,-3.98974358974359,1202.8311355311355,-14.492673992673993,1023.7499999999999,731645529914247,354.57856,73c81e59ce856ebda89be2de0e894401d8cc3975edc188d0d8dcd8ccec9d858e,16380,361.43225,True,169,192
591.0507772328743,28535b86,657,-11.003003721406968,731645533763512,0.0007631257631257631,True,True,28535b86,1025,731645539933216,-1.142124542124542,595.2437728937729,-1.6995726495726495,1023.7499999999999,731645894891845,354.958629,13af6c6a7a0e1f1f6d10f97c0f6fee13c7942da1d802fcc0882edb0b79b86a57,16380,361.128333,True,133,141
412.36305895840695,ee6febf8,658,0.13698633741325592,731645898805423,0.0,True,True,ee6febf8,1025,731645904956381,-7.818192918192918,959.9616605616606,-22.056166056166056,1023.7499999999999,731646259894210,354.937829,cb528f744378351cf589d060b68974e9a9f9de4a078c6edff479d5c76066f4e4,16380,361.088787,True,111,118
278.39125236485125,7a3ed29f,659,0.4716231486340997,731646267645221,0.0,True,True,7a3ed29f,1025,731646274143607,-3.4075091575091574,559.1546398046398,-16.405860805860804,1023.7499999999999,731646631024506,356.880899,d2e880f5de0df333df88dbc6858a7eb9eb7f1fcfa7bb8f7f68c452219cdf4a34,16380,363.379285,True,109,107
412.37284709456867,db84a4b0,660,-0.3882309026647468,731646634244820,0.0,True,True,db84a4b0,1025,731646640991146,-4.98962148962149,887.3202686202686,-21.214407814407814,1023.7499999999999,731646995850914,354.859768,7e9c2890a82f19196d25567bfe3733e8fd723ba74f9af11bbbba4a36e73d0d88,16380,361.606094,True,113,113
363.3479544688794,31ff6031,661,0.1307618348160045,731646999791002,0.0,True,True,31ff6031,1025,731647005966576,-4.868192918192918,645.6874847374847,-16.082295482295482,1023.7499999999999,731647360904531,354.937955,f35d7032a7d92b247993ed83800e18ea98d56064c2b4836874e41513ff42e19c,16380,361.113529,True,112,120
328.89909774122225,35b11ad2,662,-0.5057119901211892,731647368310528,0.0,True,True,35b11ad2,1025,731647374965842,-3.961782661782662,601.1460317460318,-16.01721611721612,1023.7499999999999,731647729945684,354.979842,f90f895e2ccaa17895e4f3a7f3e8aa2943655cfc32b94df79849a55a728324e0,16380,361.635156,True,117,124
411.23303321898555,49997a4a,663,0.29929514726900147,731647734746402,0.0,True,True,49997a4a,1025,731647741120183,-5.831562881562881,1004.4818070818071,-23.648290598290597,1023.7499999999999,731648096550699,355.430516,80c7ec28d050f27b587bf025c09b256c99eba223fe4a7b404c3b9cdaae5e9785,16380,361.804297,True,108,119
321.64071083068336,6a1b339a,664,0.14899789062298166,731648111053937,0.0,True,True,6a1b339a,1025,731648118300672,-5.530952380952381,612.008608058608,-16.11758241758242,1023.7499999999999,731648472888118,354.587446,2e1f17cdc586f5e254860fcfbd8ecf53bf8bd11a5908b243dac6b38cff19c901,16380,361.834181,True,115,116
869.4818820339883,6a15a2c2,665,1.5749643155401243,731648478183694,0.003601953601953602,True,True,6a15a2c2,1025,731648485071058,-1.8564713064713065,878.0178266178266,-2.255982905982906,1023.7499999999999,731648839880733,354.809675,ddc0cedfa9c369a8c778dbc8c4a6db66be9fdfd4d104aa0b2ad7215ddb4f2aae,16380,361.697039,True,206,225
369.40961635366403,6a366fd4,666,0.08315476458406562,731648845573483,0.0,True,True,6a366fd4,1025,731648852298148,-3.576739926739927,743.2467643467644,-19.001159951159952,1023.7499999999999,731649206921400,354.623252,b29bf718c55a62bec44ae00da50f7490891a78d88a9ab5a1739917db6937540f,16380,361.347917,True,113,115
432.4666885187123,874f2710,667,0.07153321692888644,731649213955853,0.0,True,True,874f2710,1025,731649221357050,-5.9312576312576315,1316.2090964590964,-29.13009768009768,1023.7499999999999,731649575890808,354.533758,44942c133186cc14eaa906288284e1fc1851f49a0e0d69f141a2e0fab68c174b,16380,361.934955,True,111,110
470.844181187487,7544eff0,668,-0.6654200401556031,731649578229391,0.0,True,True,7544eff0,1025,731649585053534,-7.907081807081807,1048.4648962148963,-22.695787545787546,1023.7499999999999,731649939960961,354.907427,350a1d49f9f077486da750354bef35dce835adb6be807c359489a603ab9093c9,16380,361.73157,True,111,118
477.0461753664867,4311a831,669,0.1021539609089689,731649944945889,0.0,True,True,4311a831,1025,731649952339051,-8.021062271062272,1246.7465201465202,-26.558669108669108,1023.7499999999999,731650307528251,355.1892,7614efe3c1017a47757c8d294f9e0369edfdf814705196779ffc72c88a1a3547,16380,362.582362,True,109,111
374.7216526713689,660fb3ee,670,-0.43218392618720797,731650312178926,0.0,True,True,660fb3ee,1025,731650319110883,-3.267887667887668,682.8832112332112,-17.247680097680096,1023.7499999999999,731650673925270,354.814387,39cedb18f0fefd53d6f0d716fb7ddfe4806ea8866b584ac4fdcc52ee0f157365,16380,361.746344,True,114,112
377.7684551129239,e0f259a1,671,-0.4767797875594845,731650678652279,0.0,True,True,e0f259a1,1025,731650685139123,-4.771306471306471,723.8440781440781,-17.98083028083028,1023.7499999999999,731651039955224,354.816101,4339d891661825531fc8f79192a7eca9362069c269d0c0c63bee3940923df160,16380,361.302945,True,118,127
259.02454941104213,d2506397,672,0.572239758398973,731651042726556,0.0,True,True,d2506397,1025,731651049032517,-3.3097069597069595,461.39725274725276,-13.835409035409036,1023.7499999999999,731651403964395,354.931878,fd200624617730fd94511850436f1856e10a42e20948a37dbc0d0dd9f429d11a,16380,361.237839,True,120,127
438.54244584136524,d2d70815,673,0.4991421642088616,731651407631435,0.0,True,True,d2d70815,1025,731651414365237,-8.641330891330892,1305.6031746031747,-28.1493894993895,1023.7499999999999,731651768903547,354.53831,48786381ca94ff051e9656db64be9224d29d97bcb07c41283c171b380aa1753c,16380,361.272112,True,117,115
354.1311206226957,191dcc34,674,0.6839279982127193,731651771250755,0.0,True,True,191dcc34,1025,731651777996671,-6.203663003663004,695.4190476190477,-17.401221001221,1023.7499999999999,731652132907727,354.911056,7ce8fb9904234d866f330b7a08400ab886b9a875a01ff5b46a2f058cf6db3232,16380,361.656972,True,117,121
491.8979986164968,5350afe5,675,-0.44693392455330044,731652135582116,0.0,True,True,5350afe5,1025,731652142051787,-7.175702075702076,1703.4772893772895,-34.06007326007326,1023.7499999999999,731652497516249,355.464462,53f85f44fb2f894fa5416e458c7755c059ed252be6aeec2abc2cdc8b5e9a66f0,16380,361.934133,True,116,124
486.72635823713665,de2f1e35,676,0.20957978649416312,731652510504345,0.0,True,True,de2f1e35,1025,731652518246418,-7.741758241758242,1147.7580586080587,-24.517277167277168,1023.7499999999999,731652871933170,353.686752,eca548120676dd3a9fc3b04813d88c27d6718cf0e193350197e82806ead4c115,16380,361.428825,True,115,119
1302.538022417821,9a8dfe6d,677,1.8866980960592064,731652875628383,0.003663003663003663,True,True,9a8dfe6d,1025,731652882116109,-2.2315628815628816,1319.0924297924298,-3.402136752136752,1023.7499999999999,731653236988578,354.872469,39c76e97cbf6229a899bd57683c3098e29880ff53380e0f752a5d5a97a9c4fec,16380,361.360195,True,206,213
431.6424131807007,b293dd7d,678,0.1702148004608256,731653261213310,0.0,True,True,b293dd7d,1025,731653268142963,-4.255250305250305,851.5489010989011,-20.044932844932845,1023.7499999999999,731653622994859,354.851896,70ff99d21eb0099551333026414a3cf97dcefc1316619ad15ed8ee27f9fc492b,16380,361.781549,True,115,122
1636.7724234227987,8c708a09,679,-11.160275998151734,731653626539447,0.0015873015873015873,True,True,8c708a09,1025,731653633542901,-0.905006105006105,1638.8520757020758,-1.1227716727716728,1023.7499999999999,731653987992795,354.449894,31eeebf7e343396cefa64a25f0d0006743376fc746eb8a7e47be2ea391866a0e,16380,361.453348,True,173,183
287.5287326148956,f3b929a7,680,-0.22010450215043909,731653992177326,0.0,True,True,f3b929a7,1025,731653999163727,-5.902442002442003,525.6180097680098,-14.256593406593407,1023.7499999999999,731654353946090,354.782363,a4d0719201d11e5ab4d50a6e1c87e41f179939dd5a2d7e392ed0acedbe49444f,16380,361.768764,True,108,118
806.0067316898269,883c1619,681,-0.3825623527293834,731654355976197,0.0014957264957264958,True,True,883c1619,1025,731654362994979,-6.031929181929182,1173.1355311355312,-18.186385836385835,1023.7499999999999,731654718892774,355.897795,468c5f13d1890e6378ffb91d41ad6ad42f91c9a43cabcfa7e15c4754ad26666f,16380,362.916577,True,151,171
529.5755422385917,3f2e95c9,682,-0.2853953368787274,731654729070183,0.0,True,True,3f2e95c9,1025,731654736123901,-6.4754578754578755,1436.8258241758242,-29.416300366300366,1023.7499999999999,731655090994399,354.870498,0c29f6a55dc3f0516ede18ffc9d47892f67cda47e1705f3acf3d34662f79fdbd,16380,361.924216,True,117,124
437.7384534729956,c0d3c95e,683,-0.06290972615705244,731655094379695,0.0,True,True,c0d3c95e,1025,731655101095142,-8.840659340659341,1298.364835164835,-27.972649572649573,1023.7499999999999,731655456035400,354.940258,3c6a9b115b906208bbd5ffc19fb5a071f4e168c049992f50de0f96e971b7ddd4,16380,361.655705,True,108,111
325.1032664615265,1d09c8c2,684,0.09427460523009185,731655459545462,0.0,True,True,1d09c8c2,1025,731655466072182,-4.684188034188034,566.4120879120879,-14.81105006105006,1023.7499999999999,731655821054408,354.982226,ce00d661c10e8e9cb25c5f5319a7752ae2422cfa17eb3a7896f0a32686e8d3af,16380,361.508946,True,113,117
171.7884112821109,a57623d3,685,0.09131923638156834,731655824476854,0.0,True,True,a57623d3,1025,731655831064349,-3.8814407814407814,341.3992673992674,-12.431623931623932,1023.7499999999999,731656194834449,363.7701,8205382b1da2223a97d5b3cbe85eb65552a5dbc31c50af64061c7e97f34e23c0,16380,370.357595,True,99,102
350.8944796954504,4fcc3c8b,686,0.6179476762796772,731656202300690,0.0,True,True,4fcc3c8b,1025,731656209306226,-4.963919413919414,694.8029304029304,-17.86807081807082,1023.7499999999999,731656564088640,354.782414,03013384e6b24be8333ecb203b6da4895ea0aef4290f987dbf77c89053641632,16380,361.78795,True,112,124
123.35828912980926,fa7d955c,687,0.369251905372016,731656567609353,0.0,True,True,fa7d955c,1025,731656574060108,-4.872222222222222,345.47838827838825,-14.084798534798535,1023.7499999999999,731656929040216,354.980108,09ac52b9daceb828271eaf8387c1392cbafdd2fb145577f73530f059977b14d6,16380,361.430863,True,60,63
481.33006195574876,aed9e53b,688,0.02569328514023607,731656932145321,0.0,True,True,aed9e53b,1025,731656939153883,-11.305494505494506,1453.7705128205127,-29.062454212454213,1023.7499999999999,731657294071302,354.917419,382f5cef9cff128ce0fd1231e52f11cc7588f38f181767fcded7f7e9c9de152f,16380,361.925981,True,118,124
1301.479340745064,3368c911,689,-3.8495474663948754,731657298497250,0.0019230769230769232,True,True,3368c911,1025,731657305137725,-2.4682539682539684,1353.0945665445665,-6.747069597069597,1023.7499999999999,731657660047807,354.910082,dc86fd8be1d663bfa01bbc8b568a1d1ce64ffbf64312dc853c26f0a83d5114fa,16380,361.550557,True,179,197
286.96298597786694,6862ac8b,690,-0.5370251753883993,731657663600981,0.0,True,True,6862ac8b,1025,731657670194497,-5.26990231990232,559.6478021978022,-15.64969474969475,1023.7499999999999,731658025029115,354.834618,d14896fbbc23ff86988b048b238b31418c3d7241072efb38c22ab4ab7d207862,16380,361.428134,True,113,112
155.36982943254006,0ffdfa65,691,0.2610426480713097,731658027599697,0.0,True,True,0ffdfa65,1025,731658034124082,-3.425152625152625,270.67374847374845,-10.177045177045176,1023.7499999999999,731658389073586,354.949504,0454c6e61595a2d4b0ac46df565e4cf8bd4f2633388dfbb3760378f32fa64b1e,16380,361.473889,True,116,107
364.21446052692386,954f73a6,692,-0.15918480210600924,731658398909447,0.0,True,True,954f73a6,1025,731658406156942,-6.717094017094017,728.235347985348,-17.85781440781441,1023.7499999999999,731658761141071,354.984129,04e06162729f6eb37f07133f6eea01613c9a9ec0d085df98a316c320a20c303d,16380,362.231624,True,115,111
241.36654872227217,0ece09ff,693,-0.16679837792600405,731658764044543,0.0,True,True,0ece09ff,1025,731658770980208,-5.48028083028083,496.5758852258852,-15.005860805860806,1023.7499999999999,731659126126674,355.146466,6cdf8ea5d1288c3edaa907d293f263dce74234e9a4970fedc7b2ed80abde67aa,16380,362.082131,True,100,104
457.5373924169712,b83265dc,694,0.2805426591836826,731659129339302,0.0,True,True,b83265dc,1025,731659136059989,-6.257814407814408,967.3836385836386,-21.695299145299145,1023.7499999999999,731659491103287,355.043298,5cc96c3d05b891b0b4329a32e7e2d86256568cbd25ee7bb5366eaf70ad85440c,16380,361.763985,True,118,120
499.35347948076884,d591a47c,695,0.23976039827387297,731659493230398,0.0,True,True,d591a47c,1025,731659499990119,-6.878388278388279,1024.3310134310134,-21.855555555555554,1023.7499999999999,731659855077138,355.087019,81d9a0f9a4e438403a438c7838d49b22eb2aa175b13086da7d3e9b89b26f0f14,16380,361.84674,True,127,123
975.8927975053707,f94db59e,696,-7.281931638106678,731659857053934,0.003235653235653236,True,True,f94db59e,1025,731659863942439,-5.236935286935287,1202.3728327228328,-14.108669108669108,1023.7499999999999,731660219060177,355.117738,e1d0dc431b3abe2bea48049bfea6f05e59a12317da2d8025abd3e3d8f94fe659,16380,362.006243,True,181,208
486.5450265519313,34b79052,697,0.33238141540980143,731660221344867,0.0,True,True,34b79052,1025,731660227950546,-9.00836385836386,1175.697435897436,-24.657692307692308,1023.7499999999999,731660583095822,355.145276,fc9dcab5ca455c1777e5e9e4b145d24e606d20ecb35afa5ccb648045bd7f5262,16380,361.750955,True,117,122
837.6014910489727,0092f4f0,698,2.0132885179084052,731660585453099,0.002777777777777778,True,True,0092f4f0,1025,731660591947197,-8.725641025641025,1350.254884004884,-20.892979242979244,1023.7499999999999,731660947106790,355.159593,87eeaf79f2f7f6a206d3f9421e5c98e1b7afc430793c24b8af50281886a8f722,16380,361.653691,True,146,170
933.0227628581566,49d954c1,699,2.558182590712121,731660949849808,0.003601953601953602,True,True,49d954c1,1025,731660957010980,-1.78986568986569,977.9139804639805,-6.456593406593407,1023.7499999999999,731661312100660,355.08968,2fc2f0fba929ec43b188e5a39237b8095830d6e94677c08345b48445faaf2d62,16380,362.250852,True,212,220
895.6079262472027,6226971a,700,-2.59027748831842,731661314195900,0.0,True,True,6226971a,1025,731661320972513,-6.577411477411477,1477.0734432234433,-23.19920634920635,1023.7499999999999,731661676154846,355.182333,adcfa98965b2088b1610cbc08c555010e45357678c3bb3ec3355374b04b04799,16380,361.958946,True,149,155
357.13907949329194,3bd75053,701,0.07249977978278538,731661681332759,0.00042735042735042735,True,True,3bd75053,1025,731661688150068,-4.455799755799756,514.2434676434676,-11.715384615384615,1023.7499999999999,731662043095823,354.945755,742dd3742431ce4808c0635d2e9d4442304ea771554b9f085d354760bbf061b4,16380,361.763064,True,132,153
155.51392329011375,f1f88cb4,702,0.12941484369930786,731662045780370,0.0,True,True,f1f88cb4,1025,731662052918748,-4.51990231990232,287.3735042735043,-10.556043956043956,1023.7499999999999,731662408158408,355.23966,f4322a84e688bec9ef4041967512a5ddede952981b8ae4eb3df3a8270240bb61,16380,362.378038,True,98,105
1253.9919417609253,ece0d9bc,703,1.459124150610317,731662414106710,0.003540903540903541,True,True,ece0d9bc,1025,731662421938793,-6.171611721611722,1454.7600122100123,-12.754578754578755,1023.7499999999999,731662776135735,354.196942,37747a472b32c8ad5849f9a1d25c873771f045273b4581304c543d521fa8fdd5,16380,362.029025,True,203,217
425.1898031042353,163b2135,704,-0.5441660083104753,731662779109511,0.0,True,True,163b2135,1025,731662785892906,-6.404395604395605,1036.4068376068376,-23.87887667887668,1023.7499999999999,731663141146971,355.254065,6f803f5d788325cdab45ae7abc738eebcec67b2a21fdf5e61c3218bc7979671e,16380,362.03746,True,113,114
250.498166075547,67f50b3f,705,-0.16348896856217598,731663144177805,0.0,True,True,67f50b3f,1025,731663150951051,-5.1249694749694745,637.3205128205128,-18.988339438339437,1023.7499999999999,731663506243135,355.292084,8cf26103c2083dc0512d0dc722588190c3e19ddb79550530cbf309ed92ffa690,16380,362.06533,True,84,93
308.4800471330325,77a9148a,706,0.11083788856935864,731663510966616,0.0,True,True,77a9148a,1025,731663517980138,-3.7673382173382173,561.017094017094,-15.438400488400488,1023.7499999999999,731663873122648,355.14251,49e66d92880b2dc9679be161e22490c8de87784cb5077f0ee8536e11cd3dd663,16380,362.156032,True,102,110
244.8249546969785,43e02377,707,-0.08419796816801772,731663875239289,0.0,True,True,43e02377,1025,731663882046549,-4.002319902319902,448.02032967032966,-13.681257631257632,1023.7499999999999,731664237128474,355.081925,748ea16e8dcdcf46548dc96ddbf72e2cb3a34b9d4484711eb082d6e04e6fc59d,16380,361.889185,True,101,107
204.53080075839236,f9ab48ae,708,0.1385153164204879,731664241066788,0.0005189255189255189,True,True,f9ab48ae,1025,731664248116918,-2.6324786324786325,284.5319291819292,-8.548168498168499,1023.7499999999999,731664603198980,355.082062,4e7fdad69fd75570ee0092978cecb1e8489e40139160dc8dec900a3c42fbb3ff,16380,362.132192,True,127,151
261.11947070566123,0c382b70,709,0.05899385791393663,731664687729545,0.0,True,True,0c382b70,1025,731664694978052,-4.316849816849817,468.486568986569,-13.737973137973137,1023.7499999999999,731665050284388,355.306336,afc819d339929cb1626f35f18fc54603f53c2f238b269fb6b00a2478864c9af3,16380,362.554843,True,104,104
465.1938991347141,d94adb01,710,0.3303978836150331,731665057611594,0.0,True,True,d94adb01,1025,731665064127853,-6.062576312576312,938.9016483516483,-20.903418803418802,1023.7499999999999,731665419176679,355.048826,3c9d202209ef9b197590243238917790e658b878db86cccd5ab5cbdba179fd1b,16380,361.565085,True,117,121
287.02066347029717,e04986df,711,0.8242308076268673,731665421239929,0.0,True,True,e04986df,1025,731665428010781,-5.18962148962149,596.8660561660562,-16.82002442002442,1023.7499999999999,731665783264263,355.253482,b392d80fd2ffb2c0e7584dc3ee0937973454d329b16acd8a8ead065889aa61e4,16380,362.024334,True,105,106
184.73566222171533,f478d421,712,0.36403153134378174,731665792557415,0.0,True,True,f478d421,1025,731665799029340,-3.9782051282051283,345.73632478632476,-12.048840048840049,1023.7499999999999,731666154221086,355.191746,7a25c46a8244f418ff74ec8d2a3bf3122266ebcadb56e19bcf26689c577e7f7e,16380,361.663671,True,110,114
319.20136503165816,74e284a5,713,-0.15484429373397074,731666159728753,0.0,True,True,74e284a5,1025,731666166996126,-3.557020757020757,805.8860805860805,-21.77228327228327,1023.7499999999999,731666522840204,355.844078,3c4c0779dad18abe347fe9c4ca337dbbebeb23104b420b6641bd9075df959965,16380,363.111451,True,99,99
325.0882129961342,800d08f7,714,0.37890565259016673,731666526895349,0.0,True,True,800d08f7,1025,731666534058263,-5.398901098901099,611.5528083028083,-16.04108669108669,1023.7499999999999,731666889236159,355.177896,005d521d3bcdde90e6e9f0fcc2174b982715751490f75a45cc2e38fad1f6a756,16380,362.34081,True,111,111
77.31460220555458,33e1900b,715,-0.5459863083981726,731666892103363,0.0,True,True,33e1900b,1025,731666898984012,-3.1991452991452993,155.73760683760685,-8.257631257631258,1023.7499999999999,731667254217954,355.233942,4ecf116bd883abf18d6ce8c001d33f721b0ac1aa32f2d89bfb78a88b9e4d9fd0,16380,362.114591,True,89,90
282.0335643470625,56ee6f43,716,0.346807986700271,731667257098753,0.0,True,True,56ee6f43,1025,731667263388202,-3.6393772893772893,485.6899877899878,-13.798962148962149,1023.7499999999999,731667619623257,356.235055,466e7970f06e23ba6a03fa1c5f6ab7d282be17d64f56ebaea89c873eee4f4e35,16380,362.524504,True,113,115
151.88165782968898,a15785cb,717,0.02140568766217863,731667624528493,0.0,True,True,a15785cb,1025,731667630369993,-2.176373626373626,397.28101343101343,-15.513308913308913,1023.7499999999999,731667986259484,355.889491,b47d47e739d99163e5504f0a2bd424afbe6d8ffa494905e289e6f7e3b897e8e7,16380,361.730991,True,69,67
95.86432913511668,8029c887,718,0.040035674969072725,731667991247957,0.0,True,True,8029c887,1025,731667997313312,-2.7905372405372404,201.4017094017094,-9.886874236874236,1023.7499999999999,731668353464406,356.151094,25c6397f81329fbe998060dc98ac08fff2be149e64fe67c33af63add03bbfdb9,16380,362.216449,True,84,85
959.9702938714386,2a91a421,719,3.0344956791590594,731668356890649,0.0004884004884004884,True,True,2a91a421,1025,731668363401778,-1.8131257631257631,1037.6425518925519,-8.624664224664224,1023.7499999999999,731668718514413,355.112635,9abb9050b2db9a3367369f80dd01d1f97e421b096eca057b6b8bb59688521e93,16380,361.623764,True,196,199
1129.0994440754605,150e0b2c,720,0.48348502437885554,731668720614713,0.001984126984126984,True,True,150e0b2c,1025,731668727845035,-5.573626373626373,1427.6789377289376,-16.355860805860807,1023.7499999999999,731669082320362,354.475327,17e6f0273b7cc8c85f576641ee9c439054885cf0d25f8b89b28e14700c38e1c8,16380,361.705649,True,210,218
438.9567786849563,c8277465,721,-0.4675490442176209,731669087056036,0.0,True,True,c8277465,1025,731669093569179,-5.253052503052503,863.5581807081807,-19.925030525030525,1023.7499999999999,731669449296496,355.727317,4a7ac249b86cb8ccf80cd798c1ff2d2808eef64a8115488cb5eb869ae07fa4cb,16380,362.24046,True,117,114
444.51688630525626,71d4fa67,722,0.07776362328091302,731669452630835,0.0,True,True,71d4fa67,1025,731669459390565,-5.1622100122100125,1052.0135531135531,-24.10079365079365,1023.7499999999999,731669815259259,355.868694,d8a0d9f417d9c6930f79b7fc139e770b0380890c19eafb678978dba54ba44196,16380,362.628424,True,114,114
229.45574355098165,9f14c4c1,723,0.2931195486652347,731669819146916,0.0,True,True,9f14c4c1,1025,731669826901391,-3.7536019536019536,441.5125763125763,-14.07008547008547,1023.7499999999999,731670181264973,354.363582,8da2f2ad1f217d52ad8b0d2ce4f1f60c1122ad304561d705d081cb1ae5ba780c,16380,362.118057,True,103,107
380.5465716104544,9a7f5d43,724,0.17623335934957074,731670183462908,0.0,True,True,9a7f5d43,1025,731670189360695,-6.916727716727717,793.9396825396825,-19.11941391941392,1023.7499999999999,731670545264602,355.903907,d7613e20a424570e84b8e0c655ea9057cd16abe01ededf749f2454c9f37b02a1,16380,361.801694,True,111,108
488.12083962469495,d5810b45,725,-0.058189997002047966,731670548933234,0.0,True,True,d5810b45,1025,731670556337205,-5.891575091575092,977.2421855921856,-21.316910866910867,1023.7499999999999,731670911295339,354.958134,01180549509391cd2ea84c24b8e6b4fefc1520d5f4d8da308407442196dbe6a6,16380,362.362105,True,121,124
875.6935120519826,2f10dd6c,726,2.265323899361673,731670924972448,0.003663003663003663,True,True,2f10dd6c,1025,731670931391032,-7.11007326007326,1160.620695970696,-15.30927960927961,1023.7499999999999,731671287266824,355.875792,02547fe42aefa97bae25cc3126866db721a0ce87ece5f0e8bdf37d36f00d69f2,16380,362.294376,True,142,162
530.510389881791,1a4d01b1,727,-0.3713500853571151,731671289428921,0.0,True,True,1a4d01b1,1025,731671295472615,-8.692307692307692,1112.3907814407814,-22.501648351648353,1023.7499999999999,731671651379383,355.906768,e8dcf05e14c20669b603b84ee408c755d9ea088bafaa823da676bda26cb71331,16380,361.950462,True,126,133
974.27270243425,1c3bb481,728,3.1106598564950554,731671655454435,0.003968253968253968,True,True,1c3bb481,1025,731671661508137,-4.492124542124542,1121.5079975579977,-11.271916971916973,1023.7499999999999,731672017357327,355.84919,c92edf87dc78fbd172bf84b805cd1d6f1e78c440b8eefd104d2336eaaa4a6063,16380,361.902892,True,184,201
906.1389716754552,4f4c15b1,729,0.3583245541938845,731672020086418,0.001984126984126984,True,True,4f4c15b1,1025,731672026417736,-8.595970695970696,1551.7650793650794,-23.91098901098901,1023.7499999999999,731672382278947,355.861211,dd84e65c444fa0108f96765750e484fe1799b3448be0452d430286b7b29b1a4d,16380,362.192529,True,183,200
855.9575133430537,29eb5bda,730,3.3916646024391466,731672384440974,0.0025946275946275945,True,True,29eb5bda,1025,731672390421387,-4.623687423687423,1259.7294871794873,-19.554884004884006,1023.7499999999999,731672746306882,355.885495,c6d979ccf88b2f53331c3ae726d000d83e9475778aeb08990088aee9f0d54637,16380,361.865908,True,160,180
395.1185140869848,12a309f5,731,-0.2565155106355043,731672750274701,0.0015567765567765569,True,True,12a309f5,1025,731672756453900,-3.6844932844932843,457.29737484737484,-6.971611721611722,1023.7499999999999,731673112297536,355.843636,1672dc61fcef9885245d87acc404d15f76b4786cd48dbd7285b127dae0a8e05b,16380,362.022835,True,178,194
595.5803712164244,9c597db2,732,2.073924148988563,731673115368806,0.002686202686202686,True,True,9c597db2,1025,731673121419642,-6.631868131868132,831.5097069597069,-13.854517704517704,1023.7499999999999,731673476435927,355.016285,f6b49fabbe97c3f871fce55e839e6f941a4a8829c24218a93a53d91f0f509b21,16380,361.067121,True,135,153
507.3795241524179,96b23e6a,733,-0.13226752909709685,731673481419020,0.0,True,True,96b23e6a,1025,731673487525091,-11.428815628815629,1401.9831501831502,-27.64029304029304,1023.7499999999999,731673842394506,354.869415,799d54081c9e260b78c3579e72c5f7a9e358dfca2f2f156a3f4697ad2a21aeea,16380,360.975486,True,111,118
451.9954362805828,9eaafa43,734,0.03887507012457244,731673844709864,0.0,True,True,9eaafa43,1025,731673851410692,-9.931562881562881,989.1349206349206,-20.94047619047619,1023.7499999999999,731674206447174,355.036482,010ec65b824aaea1a86fb79b721e67b0ef52de95f9b499f8910626a4f040afc1,16380,361.73731,True,106,120
295.95621052804205,d469e967,735,-0.10377918793833144,731674209095362,0.0,True,True,d469e967,1025,731674215484750,-5.497680097680098,505.292673992674,-13.383272283272284,1023.7499999999999,731674570402123,354.917373,f6994350e8027a0b2ad8cccb9b19ffdcb0651dc940b6bd6d515351c3f302dba1,16380,361.306761,True,113,111
110.3786399328524,51070dea,736,0.4360277747923836,731674637091239,0.0,True,True,51070dea,1025,731674643476039,-2.258974358974359,223.2026862026862,-10.37887667887668,1023.7499999999999,731674998400374,354.924335,1698603de225990ad029dda11bde7d5ed59528d59e26113d6cec0efc82ba421e,16380,361.309135,True,106,108
458.63825542555395,2651bc5b,737,0.11872828574171886,731675000861959,0.0,True,True,2651bc5b,1025,731675007535546,-10.67008547008547,1283.779181929182,-26.67002442002442,1023.7499999999999,731675362500046,354.9645,dff916bdc886f6ecadf19e0953255039e08eed19b8a29cd1386ae9590caac0d4,16380,361.638087,True,116,116
415.9643672895413,fc16fa99,738,0.8466119128441456,731675366860499,0.0,True,True,fc16fa99,1025,731675373958941,-8.825213675213675,870.8628205128205,-19.416849816849815,1023.7499999999999,731675728490629,354.531688,d3061dddc1c060087cd3c06ad27ca95987cfa44d66728ffd0d9149b95b8e011b,16380,361.63013,True,111,114
988.1310718646433,bc5ae0f4,739,-8.050329748357628,731675732834250,0.0008241758241758242,True,True,bc5ae0f4,1025,731675739756918,-0.9573260073260074,990.2765567765567,-1.1086080586080587,1023.7499999999999,731676094513522,354.756604,fae00807ab7708858c52eafe98034c3e5de15e2a128b8c1e193d6e0872aac31c,16380,361.679272,True,122,124
472.9998988723256,ba70cac4,740,0.4862798488768735,731676098768546,0.00018315018315018315,True,True,ba70cac4,1025,731676105723495,-7.206837606837607,767.6873626373626,-15.580402930402931,1023.7499999999999,731676460453617,354.730122,5535f8d1745e9c1bebc206d20e5e4800ab0281de5bbc87afeaebbd3163e43777,16380,361.685071,True,170,178
331.65475604201794,3847be7e,741,0.21438285995378503,731676463327863,0.0,True,True,3847be7e,1025,731676469587145,-6.394810744810745,699.0189865689865,-18.06849816849817,1023.7499999999999,731676824454646,354.867501,c7b56a7003d64cca7bf517881ac3e135e9b13dfab9534bb3150216005a1bee32,16380,361.126783,True,104,106
857.6063901001995,30cd945a,742,-15.311703178251456,731676827609203,0.0014041514041514042,True,True,30cd945a,1025,731676834532413,-8.651892551892551,1463.9133089133088,-23.053235653235653,1023.7499999999999,731677189509051,354.976638,473f3fb82f2eac66fcdc9ff6fd6e8893907e07e604dc7bf46a9030f82baf47ea,16380,361.899848,True,137,151
825.2351292599004,200fa52e,743,0.9681403510925248,731677194568498,0.0028083028083028083,True,True,200fa52e,1025,731677201629469,-10.078449328449329,1286.1650183150184,-18.956654456654455,1023.7499999999999,731677556451870,354.822401,43b07dc5887c1022203d97eaa7ff36471f21f9b3d06eef49137ade74293f5f85,16380,361.883372,True,147,162
759.6059658619092,8d8f3611,744,-13.750485733281383,731677558319940,0.002197802197802198,True,True,8d8f3611,1025,731677564578781,-8.066666666666666,1114.6888278388278,-17.02973137973138,1023.7499999999999,731677919486945,354.908164,f2d7db58e8027ff978aafbab94cc7860c94c8e6dff682fd3c5b912d620ec7f3d,16380,361.167005,True,151,177
89.68698349337544,d546e824,745,0.6153515885481302,731677922898139,0.0,True,True,d546e824,1025,731677930540611,-3.9154456654456653,199.9897435897436,-9.745360195360195,1023.7499999999999,731678284504345,353.963734,35537c7cf124a98ac0cab9753bd02adbebc86a8f96ab50cf9c2e156cd4d28a3b,16380,361.606206,True,99,104
292.606087991848,2f219b81,746,0.06084558952361102,731678288505197,0.0,True,True,2f219b81,1025,731678295637873,-4.047130647130647,468.3197191697192,-12.622771672771673,1023.7499999999999,731678650516037,354.878164,3804ec31f8a014663a4b227f1e835ad6cd88e885005a2876da2ee4007d6b975d,16380,362.01084,True,112,126
1009.792760606982,4ed020d6,747,-11.516416446998159,731678735230839,0.0002747252747252747,True,True,4ed020d6,1025,731678741593786,-0.9847374847374848,1011.8331501831502,-1.0347374847374848,1023.7499999999999,731679096485325,354.891539,b1366736cc5d737482ce33f65e637759fa8906fe0d020ac17e18576fd68bd19b,16380,361.254486,True,107,113
289.23785018434285,598f107f,748,-2.0712743908082656,731679098885624,0.0,True,True,598f107f,1025,731679105730515,-4.385836385836386,408.3598901098901,-9.994322344322343,1023.7499999999999,731679460854382,355.123867,1dfa4829f23b0e2593265c5155a861073fbe752720f922f96807fb842890d87d,16380,361.968758,True,111,117
290.2591715044555,324bbba7,749,0.40839776288708673,731679465270370,0.0,True,True,324bbba7,1025,731679471970656,-4.757387057387057,609.9238705738705,-17.234615384615385,1023.7499999999999,731679826489265,354.518609,746ee3da38064daa724d89190b88e636a53aac508006b11d372b045e7e3b3d56,16380,361.218895,True,110,109
513.9432895994252,dc54ad38,750,-16.291573581970702,731679828950329,0.0001221001221001221,True,True,dc54ad38,1025,731679835640256,-4.813003663003663,794.436507936508,-16.041452991452992,1023.7499999999999,731680190869070,355.228814,e298d0dbc3182e8685b051f65c08d0cf78393a8de56a262c44cc16f5cd3ae00d,16380,361.918741,True,130,139
639.9526102069142,9693fc06,751,-8.343537549601445,731680198044097,0.0,True,True,9693fc06,1025,731680204621100,-5.937057387057387,1019.3128205128205,-18.5502442002442,1023.7499999999999,731680559509967,354.888867,feed9d794e7b4d6e28e660d94686d958813f8215f2c054c64142330908e76029,16380,361.46587,True,134,141
431.70963034150753,83462729,752,0.11152968524866805,731680563258891,0.0,True,True,83462729,1025,731680569639682,-8.46971916971917,1062.3178876678876,-23.64047619047619,1023.7499999999999,731680924538908,354.899226,294a8c8f8abce424e3d221296c93a9383e82423874a5bc2c73fc59deeeeb622b,16380,361.280017,True,110,110
397.94485669262224,0c5ac01b,753,0.24690648177403585,731680927292406,0.0,True,True,0c5ac01b,1025,731680933688006,-5.415506715506716,955.3013431013432,-22.978876678876677,1023.7499999999999,731681288529582,354.841576,26b66193b203456c814ca065a78ea291b1568a308ca664ea903b7fe969ccaf43,16380,361.237176,True,110,115
451.04140359606475,81400043,754,0.4153716655193119,731681290614032,0.0,True,True,81400043,1025,731681297624687,-7.65976800976801,1111.6637973137972,-24.534676434676435,1023.7499999999999,731681652599693,354.975006,f91f6e65b42ea4fb22f5c3c224ad88a1154cd4aac984a2d577cda86c1682e1ac,16380,361.985661,True,105,115
188.39475306405708,0fc5efac,755,0.11836180364045373,731681656984532,0.0,True,True,0fc5efac,1025,731681663778196,-4.198046398046398,421.8105006105006,-14.68986568986569,1023.7499999999999,731682018537583,354.759387,850f7806421201c719d6869aa9d0f36700703b1a0266c4e8ded8817eaf842c0e,16380,361.553051,True,91,96
504.1949506157931,fc410099,756,-0.10510365404642652,731682021117081,0.0,True,True,fc410099,1025,731682027720194,-8.446031746031746,1535.5616605616606,-30.984371184371184,1023.7499999999999,731682382565222,354.845028,9e5c9660ce29616e56d80a2849666161220d7e820e35d8b53fbe0356a04d43f3,16380,361.448141,True,116,116
404.17276331659116,5b9f4aac,757,-0.05053705487684691,731682384536277,0.0,True,True,5b9f4aac,1025,731682391818597,-6.477960927960928,904.5907203907204,-21.411538461538463,1023.7499999999999,731682746515833,354.697236,a682156475ce8ea0020fb6307fddacb13bb28379da565ffef3acd8ed26dda668,16380,361.979556,True,113,117
76.67280242888303,3df6d0a4,758,0.46113811165043783,731682753071646,0.0,True,True,3df6d0a4,1025,731682759753417,-3.571916971916972,161.17167277167277,-8.46996336996337,1023.7499999999999,731683114584217,354.8308,1d6af24ab3676465a8c25977bf581122ecbf5561c0f241a41632e3ebc6c9272a,16380,361.512571,True,97,94
396.22714978211314,1afd08f6,759,0.7173133929082326,731683117356821,0.0,True,True,1afd08f6,1025,731683123805090,-5.196764346764347,760.0725274725274,-18.353174603174605,1023.7499999999999,731683478557588,354.752498,a95450fa1669cd930a6dc58c987326be6207196b48dadb86583db38158188284,16380,361.200767,True,109,114
277.58526368557506,878b4003,760,0.11027167496259808,731683480648801,0.0,True,True,878b4003,1025,731683487684153,-3.6900488400488403,624.2909645909646,-18.2507326007326,1023.7499999999999,731683842562980,354.878827,ecee2addfddbcb2141cc515ef42d172cf0362894368c06cdb668f933b6c9e919,16380,361.914179,True,99,102
296.7751687635387,417a0c11,761,0.16458684716611355,731683844472408,0.0,True,True,417a0c11,1025,731683851731403,-6.751343101343101,705.2350427350427,-19.0493894993895,1023.7499999999999,731684206550968,354.819565,6a3c99374f852e57ef7848382ae14b91d1cbad722063a78eb16a7d56f8792782,16380,362.07856,True,102,106
419.5281032551088,a51cb61c,762,0.5876445865652342,731684208690121,0.0,True,True,a51cb61c,1025,731684215823919,-7.604212454212454,1140.1222832722833,-25.744322344322345,1023.7499999999999,731684570597012,354.773093,d8326e0cf3e0374e815fca09db78e7c9d5afae48b0740d6c24d00813ec0f696a,16380,361.906891,True,106,111
407.1848346094958,18960375,763,0.25510042993519494,731684573652352,0.0,True,True,18960375,1025,731684580892551,-5.751221001221001,804.926800976801,-19.096214896214896,1023.7499999999999,731684935580373,354.687822,bcf15d1e3061955088faa352fdf6b4011e600277abe3dc5f7bd36617af3be7c2,16380,361.928021,True,112,115
479.28840155435387,729b7b3b,764,-0.39483394634382196,731684937853079,0.0,True,True,729b7b3b,1025,731684944700945,-6.6381562881562886,1057.8579975579976,-23.11935286935287,1023.7499999999999,731685299737597,355.036652,995062c08345da58f27aa00322e65ac50388ab457b74086b17942e06dd92997b,16380,361.884518,True,112,120
59.74351599899219,a6fa25c1,765,-0.30930653967510174,731685304709498,0.0,True,True,a6fa25c1,1025,731685311802679,-3.023260073260073,135.8825396825397,-8.185286935286936,1023.7499999999999,731685666604914,354.802235,653e2480027084068bc5b254e34977f3024991d2e954de42d3e0423df78a9263,16380,361.895416,True,88,88
1310.7932937178819,341e4cf4,766,-10.432444205318836,731685669221462,0.0008241758241758242,True,True,341e4cf4,1025,731685675711981,-0.945054945054945,1313.1409645909646,-1.206043956043956,1023.7499999999999,731686030603074,354.891093,7ec0406aa4f5a5bc79e82e3d2ebcea57ff05f2d88a0ea66832ab2f7a3453b073,16380,361.381612,True,121,138
322.37075007342406,119c935a,767,0.26880750061697334,731686032854410,0.0,True,True,119c935a,1025,731686039780314,-7.8247863247863245,1014.4357753357754,-25.116483516483516,1023.7499999999999,731686394606903,354.826589,652334e256500b596ae2df83bd553d63754f053915ff4a1b642236e096e5246f,16380,361.752493,True,99,99
450.1694028238076,5770293f,768,-0.15147897909510075,731686396534506,0.0,True,True,5770293f,1025,731686403830861,-5.47002442002442,1432.3442612942613,-30.85860805860806,1023.7499999999999,731686758658300,354.827439,53563da0471882d69cb440c908fc99e3375c7413aeaeb035a17f2f6d739c0607,16380,362.123794,True,112,117
393.21317291106664,d4fc2d0b,769,-0.1811234259505394,731686761790826,0.0,True,True,d4fc2d0b,1025,731686768754381,-9.771245421245421,1703.9704517704517,-34.86086691086691,1023.7499999999999,731687123670628,354.916247,8ad9ca87bb5103e5176c09e3e0387efddc47fb71e1a1f0a39c9629822a39108e,16380,361.879802,True,100,98
263.26504014842845,7f40fe81,770,0.5990568043964948,731687126080956,0.0,True,True,7f40fe81,1025,731687132806179,-5.300915750915751,577.5672771672772,-16.917521367521367,1023.7499999999999,731687487638785,354.832606,919d3d21748ef4f4ccd2a97147dc794432daef34a0e4513211b0e8c23c22ece1,16380,361.557829,True,111,110
253.00306554421024,9abd7c2e,771,-0.08463718388317736,731687490743989,0.0,True,True,9abd7c2e,1025,731687497711492,-6.0857753357753355,755.0081196581197,-21.563125763125765,1023.7499999999999,731687852673693,354.962201,19aeabaa98c02f456a64c87ddf433e73b8ba1afc0fd18d33226dd13170bdebca,16380,361.929704,True,85,87
427.53036838382076,4c293bf1,772,0.4483474979548529,731687855837778,0.0,True,True,4c293bf1,1025,731687862769974,-6.708913308913309,1058.5315628815629,-24.207264957264957,1023.7499999999999,731688217695565,354.925591,f06282771b71ead2e9b55ca7c3beb26c47f59e38b638f7115acbf7cb2d10179c,16380,361.857787,True,108,111
902.7631265346375,1f23323d,773,-0.13451432371862473,731688221072504,0.0020451770451770453,True,True,1f23323d,1025,731688227759044,-4.599633699633699,1083.2572039072038,-12.622893772893773,1023.7499999999999,731688582658572,354.899528,024463f9f4a6ed3c471729fe0c49992c73836c785815fcc03091b36d63cf24ba,16380,361.586068,True,173,200
422.83995741404163,99614258,774,0.39916091871865234,731688584799880,0.0,True,True,99614258,1025,731688591747946,-6.88968253968254,1110.7838827838827,-25.307631257631257,1023.7499999999999,731688946651892,354.903946,d29fa16c26bfb4e4acdd825dd967d862b9934add2ba6441c466eb3d8c861b6a4,16380,361.852012,True,105,113
406.38035207398764,ce4dac4d,775,-0.008261806389890209,731688949649843,0.0,True,True,ce4dac4d,1025,731688956672270,-9.703663003663003,1305.0394993894995,-28.363675213675215,1023.7499999999999,731689311687256,355.014986,51e41e14a8773a51ce6bb687b238ed046199ec4059d496843afb052ed15f2637,16380,362.037413,True,110,115
45.462734498576985,9b4eee00,776,0.646003116020287,731689340841970,0.0,True,True,9b4eee00,1025,731689347767403,-3.4625763125763127,114.7112332112332,-7.566971916971917,1023.7499999999999,731689702746840,354.979437,0513fcc744f84480f1f8d2c7d3f8a0f2c8f8938c0e233a00dfeb58006b81828c,16380,361.90487,True,73,76
66.1420151961727,ccfca558,777,0.20279413836859228,731689883626181,0.0,True,True,ccfca558,1025,731689890689094,-2.4763736263736265,142.03772893772893,-8.352442002442002,1023.7499999999999,731690245723073,355.033979,23e793ea74d0bd9e0810d38d6d29d6dd9af47a49afc6fb0f258f933358b08989,16380,362.096892,True,79,83
463.32108988149275,93d0d692,778,0.42953183855934174,731690248593352,0.0,True,True,93d0d692,1025,731690255767256,-10.662759462759462,1304.3483516483516,-26.969108669108667,1023.7499999999999,731690610745416,354.97816,efb594335e83eeadcf244f195fdf0d639d36c88b38ce4af2d4af97f060bfb198,16380,362.152064,True,108,113
360.3858402843934,2885cd2b,779,0.05643419635796154,731690615664026,0.0,True,True,2885cd2b,1025,731690623626474,-7.934371184371185,792.6766788766789,-19.218131868131866,1023.7499999999999,731690977740066,354.113592,6950c0bc733742c076fa7e805c2b9ec330ad9a38fe0c83318a1f1e8a4fe5c09c,16380,362.07604,True,110,114
381.6502461383414,cd33337b,780,0.21535977113644572,731690982180109,0.0,True,True,cd33337b,1025,731690988819259,-9.376800976800977,1035.869352869353,-23.796947496947496,1023.7499999999999,731691346890539,358.07128,eb4a8a23e76609ad19df388d75539403718b53d24b43a63c244b08753323a1fb,16380,364.71043,True,96,107
720.9353829120953,4b9e43cb,781,-0.6002322259629237,731691350934813,0.0017094017094017094,True,True,4b9e43cb,1025,731691357757481,-7.246336996336996,1062.939010989011,-17.014529914529916,1023.7499999999999,731691712703476,354.945995,05262949f799fa7d352be4a04164a04c2089ca3e6b520de30bf0c5984adb542a,16380,361.768663,True,174,200
2747.0622519459243,fd26b5b6,782,3.3980927695021865,731691715319393,0.013125763125763126,True,True,fd26b5b6,1025,731691721696066,-7.821855921855922,2881.216788766789,-8.542429792429793,1023.7499999999999,731692076821922,355.125856,a529870dfb71efa435d50686e888afcfd9783da80150b65f372286e2383053d1,16380,361.502529,True,231,249
318.2592053130698,a477f1eb,783,0.0319667214495819,731692082237795,0.0,True,True,a477f1eb,1025,731692088781734,-7.102258852258852,625.3600732600732,-16.02057387057387,1023.7499999999999,731692443851142,355.069408,c323103e34ed6b749f4a4d440a1a4ac0fd8ddd74066a7d8027d964eb4bb34484,16380,361.613347,True,112,110
162.36946369496735,b7f17bfd,784,0.33881424278765826,731692446981623,0.0,True,True,b7f17bfd,1025,731692453629270,-4.910805860805861,434.2346153846154,-15.74004884004884,1023.7499999999999,731692808804607,355.175337,9880116525b94666307cfbbde8e34accfbc9e24e9185db1abed6c29e0c3694e4,16380,361.822984,True,77,80
295.3213696495473,774b489a,785,-11.094490817277688,731692813117549,0.0,True,True,774b489a,1025,731692819721011,-1.6207570207570208,302.29358974358973,-2.0845543345543347,1023.7499999999999,731693174746214,355.025203,c25a490e415e8bc0cd8a2c331ac1fb4bb78ec1502cc8b47bc49cc33a6ca07857,16380,361.628665,True,56,56
318.94706942934965,3301018e,786,0.8111709055451906,731693179220011,0.0,True,True,3301018e,1025,731693186832124,-6.162454212454213,706.3663614163614,-18.693406593406593,1023.7499999999999,731693540774542,353.942418,abe680344c7af275185ceab9ec8c73965d65b6ab4d480205a3cd6dd7c3b7232b,16380,361.554531,True,94,99
397.88175233801604,613304e6,787,-0.4778317321749762,731693544119951,0.0,True,True,613304e6,1025,731693550675062,-8.966300366300366,798.8830280830281,-17.905494505494506,1023.7499999999999,731693906298925,355.623863,09d4c9544dc283a8c92d17136e21400a7fcee01cc09e3d4e9e48ecc83c4bac89,16380,362.178974,True,116,120
727.1848578815705,808648f3,788,-0.15671963657891172,731693910845209,0.0017094017094017094,True,True,808648f3,1025,731693917696140,-7.288827838827839,1075.1404761904762,-17.17057387057387,1023.7499999999999,731694272852387,355.156247,79aa94e16250f6493cc6c0de91771173b21bb3720312da15e790fd34c8611756,16380,362.007178,True,178,197
446.81642632025415,c77f5cd9,789,0.3487835153348615,731694279998898,6.105006105006105e-05,True,True,c77f5cd9,1025,731694286696098,-6.932905982905983,856.9611721611722,-19.028388278388277,1023.7499999999999,731694641983050,355.286952,2175c9a204b6171cd9deeae9313433a61dbbc8fc82364087f33a8a7bf84f0a84,16380,361.984152,True,128,135
343.76348049081565,0f8e377e,790,0.8255095859297136,731694646395650,0.0009157509157509158,True,True,0f8e377e,1025,731694653647662,-2.526923076923077,442.86526251526254,-9.628937728937728,1023.7499999999999,731695008817682,355.17002,97ff59f8b6aafba2c035747907fc49ef9e57c4bfe2bd6f56bdbe18962f808def,16380,362.422032,True,136,164
435.00034201451786,4c7381e4,791,-0.18150863036783227,731695013976296,0.0,True,True,4c7381e4,1025,731695020659870,-9.663369963369963,1120.6704517704518,-24.336996336996336,1023.7499999999999,731695376306692,355.646822,135a7e3b94c1cfc322d89af47454d2b9d02591cc78498d139a3217df4a7e41f4,16380,362.330396,True,110,107
490.2845104851057,a17f8942,792,0.1780804664905521,731695380080272,0.0,True,True,a17f8942,1025,731695386661612,-9.418253968253968,1024.4659951159952,-21.106349206349208,1023.7499999999999,731695741813835,355.152223,6f240e269440b7e46ae5fd6e7b8449b73d6b18b4052e8cc89735b7f4616a9d41,16380,361.733563,True,142,145
2785.089871053177,57f06772,793,3.0016418138789893,731695744453447,0.011111111111111112,True,True,57f06772,1025,731695751648941,-3.1724664224664223,2823.0506105006107,-5.281684981684982,1023.7499999999999,731696106782508,355.133567,fb0f3a4de9d83add4c0b6ddf66083607fb6aac5e7b53858c0b54c0bd9db65a24,16380,362.329061,True,237,254
931.8493873003947,cf32bb55,794,-9.316420556305257,731696109179219,0.0008852258852258852,True,True,cf32bb55,1025,731696116337633,-1.5966422466422467,944.5081807081807,-3.1795482295482294,1023.7499999999999,731696470790798,354.453165,8d1f23bcaac6551a65ef9708decc82a6a2eca9a899a7e9a105ef443000e649ec,16380,361.611579,True,135,133
411.0490741858874,b8d9b842,795,0.300849616125886,731696473312687,0.0,True,True,b8d9b842,1026,731696479676956,-7.4714285714285715,1013.4374847374847,-23.378754578754577,1023.7499999999999,731696834814988,355.138032,6e6d1841bb42e17101f4ec8199de99640955b8c5599d23cb970be7817f1ec05b,16380,361.502301,True,115,112
431.5013147305821,2b3abd07,796,0.062763615264265,731696837649118,0.0,True,True,2b3abd07,1025,731696844688496,-8.147496947496947,1124.8809523809523,-25.03992673992674,1023.7499999999999,731697199837489,355.148993,3175b3f9e70d6c6801e509bbc49c362e60caf868560ef2d37a55a3ee7f266113,16380,362.188371,True,113,114
771.0414216650936,8213a7f2,797,0.49170565788112525,731697202180929,0.001617826617826618,True,True,8213a7f2,1025,731697208674653,-5.5456654456654455,1123.3586691086691,-17.93217338217338,1023.7499999999999,731697563868538,355.193885,3a4aeb1fa261b8f03b2ca9dcf49ddd51888de2087858ddc2751d98c7ac6d981a,16380,361.687609,True,182,203
193.7310165245147,b1df093e,798,0.13647958802663532,731697567098067,0.0,True,True,b1df093e,1025,731697573646726,-5.32032967032967,416.2478632478632,-13.935958485958485,1023.7499999999999,731697928993740,355.347014,4664f95d0909cf4f5de8de4c190e257eaa53804268c55f05ddf4a9876559ce9a,16380,361.895673,True,82,87
310.18891585452945,5795042c,799,0.0984517382266717,731697934937252,0.0,True,True,5795042c,1025,731697941943186,-5.3267399267399265,556.8213064713065,-14.773565323565323,1023.7499999999999,731698296827474,354.884288,f74cd967425aa38dcf74e12193ee40944715c7c174c0f4387a5cc88164b3cd62,16380,361.890222,True,108,112
128.48389871727787,919a8532,800,0.24139126672801847,731698299046969,0.0,True,True,919a8532,1025,731698305668866,-3.87985347985348,234.1598901098901,-9.51959706959707,1023.7499999999999,731698660845254,355.176388,cb968fa7cb73c7659526ca7dd5630f194e88d5640e88c2ce4ffbf28deb19048c,16380,361.798285,True,103,108
417.2048053479556,a3778658,801,-0.1813119551812553,731698663415464,0.0,True,True,a3778658,1025,731698670647326,-11.294261294261295,1223.0273504273505,-26.043467643467643,1023.7499999999999,731699026044202,355.396876,12332f17757201c2771d71d78d9d0fb2feb85b1a81192c1c58b38e54bf7ac1f1,16380,362.628738,True,111,110
372.0027021062644,5013a8ef,802,0.49729842167889304,731699029586434,3.0525030525030525e-05,True,True,5013a8ef,1025,731699036713047,-5.571001221001221,684.4260683760684,-16.774603174603175,1023.7499999999999,731699391840922,355.127875,62616afae699feb5ddf7ddb1c199a344b381abdb97260e31780cec0caf2aa962,16380,362.254488,True,127,136
517.7062097378947,5098f423,803,4.915980618456215,731699396224387,0.0028693528693528696,True,True,5098f423,1025,731699402680871,-3.2073260073260075,614.1518925518925,-9.282173382173383,1023.7499999999999,731699757890839,355.209968,5bb1ede01cfa69921a1cd52d247dcff4650a6e901a239cc34009244417389ce9,16380,361.666452,True,139,155
367.0687593606367,5fdd2aa1,804,-0.25276171053907176,731699762118529,0.0,True,True,5fdd2aa1,1025,731699768519077,-8.553968253968254,740.7153235653236,-17.334249084249084,1023.7499999999999,731700123953319,355.434242,13b58c93552fd4a0581b1c95417da11a08c2680d8024fb9f8d0e00b2c18c1ed4,16380,361.83479,True,106,111
439.74368156094346,febca42e,805,-0.453194735260714,731700129414227,0.0,True,True,febca42e,1025,731700136698629,-8.810989010989012,833.1509768009768,-17.77002442002442,1023.7499999999999,731700491896131,355.197502,fc55514d26a92f9c6d00fddd80e13ecf80090e1fdf09cf47e27a79ee2b8e72f3,16380,362.481904,True,114,121
358.70144698335173,b7ce1d18,806,-0.017876356268052507,731700494329421,0.0,True,True,b7ce1d18,1025,731700500944535,-9.84017094017094,871.8548229548229,-20.404029304029304,1023.7499999999999,731700856988209,356.043674,0f369ae2195bac829ea0a774eea58acb8e754fd0a6318e752b916f12327d6552,16380,362.658788,True,105,103
449.0132613553859,3db13a8d,807,0.1597040386312493,731700859985128,0.0,True,True,3db13a8d,1025,731700866067292,-11.517338217338217,1186.7322344322345,-24.598168498168498,1023.7499999999999,731701221918952,355.85166,246a00226d39117a5d6b390a96b39512ac7069f6dcbc0c91367b70de0f5c08a1,16380,361.933824,True,108,117
439.3017750510241,1fadc51b,808,-0.05672803881700972,731701225143903,0.0,True,True,1fadc51b,1025,731701231069380,-12.8501221001221,1330.6641025641027,-26.948778998778998,1023.7499999999999,731701588000522,356.931142,6dbf25bbe5748e7e1a945e8a3f2c91900711a7fa38115ba7a46852a87b570883,16380,362.856619,True,108,113
185.93613932533347,c1c57563,809,-0.645877745686922,731701594364791,0.0,True,True,c1c57563,1025,731701601427232,-4.293162393162393,344.76239316239315,-11.84884004884005,1023.7499999999999,731701956882138,355.454906,a907006a34779f2c18d3c525b10d1c5b5ca8c6d418307759b4a0ea2d7020311b,16380,362.517347,True,116,117
408.9896602329295,007afa1b,810,0.2576204366296244,731701959641806,0.0,True,True,007afa1b,1025,731701966067010,-7.026923076923077,876.4125152625153,-20.446153846153845,1023.7499999999999,731702321916542,355.849532,159db9806599d34cde318fc6bc12823610b75125ab06d8357c6cb9e1db915973,16380,362.274736,True,110,121
167.30797141977547,bfbc67e9,811,0.7073536776343909,731702324412732,0.0,True,True,bfbc67e9,1025,731702331117405,-4.824969474969475,297.9700244200244,-10.362515262515263,1023.7499999999999,731702686943150,355.825745,fbb514648b561f9229357a52c9b63d1f76f29e53fd5e7a292f8c26650aae804f,16380,362.530418,True,113,116
402.31056554421025,40fee0ee,812,0.16905340151003928,731702689037538,0.0,True,True,40fee0ee,1025,731702695056382,-9.076495726495727,868.2194139194139,-19.583821733821733,1023.7499999999999,731703050920559,355.864177,c52b3b62d37e54d097b1c2a99bcb901d9466a0aa7736793229d5ed398706f199,16380,361.883021,True,106,116
487.9921431888556,fbd109e7,813,-0.018684843412988435,731703053271093,0.0,True,True,fbd109e7,1025,731703060066659,-9.170879120879121,1000.6073870573871,-20.7004884004884,1023.7499999999999,731703415984786,355.918127,047d22f116758d51ba0843e90a3c4c25abb6b8650d170983d8107c6387326906,16380,362.713693,True,119,127
346.8548553769525,1f6c4145,814,0.18153112069461597,731703419964386,0.0,True,True,1f6c4145,1025,731703426109279,-7.9282051282051285,728.2509768009768,-17.847680097680097,1023.7499999999999,731703781944949,355.83567,33d472256a24765e4ed5eb9f96febb34f1272839bf8a0548e7e91145151e93a9,16380,361.980563,True,98,105
802.8364880151053,3fe0a94a,815,0.4082571755620618,731703785450311,0.001282051282051282,True,True,3fe0a94a,1025,731703792102976,-9.592551892551892,1438.309829059829,-23.312148962148964,1023.7499999999999,731704147963412,355.860436,ab6c5e60c3e607dae667ad85e884b54262ac6b3801878e44233cecff6249057c,16380,362.513101,True,173,191
301.4882618920897,700ded7a,816,-0.22947401242531312,731704151168846,0.0,True,True,700ded7a,1025,731704157147584,-5.4884615384615385,556.9504273504274,-15.011294261294262,1023.7499999999999,731704512941402,355.793818,f37ca1b472605fc9ba0d89a4bd439b88fb8f50965997940cf9761eeea9c0eef4,16380,361.772556,True,101,103
401.3873813586359,e28b8f0d,817,-0.05357995420512164,731704515315199,0.0,True,True,e28b8f0d,1025,731704522220032,-10.262576312576313,1219.4348595848596,-26.696947496947498,1023.7499999999999,731704880406232,358.1862,9849a916d9bcf985a8122498c6125706f03b228cb29f80b5c53ab2fb29e239e0,16380,365.091033,True,107,106
1216.6647812521896,038c923c,818,-10.80279125841593,731704920790749,0.0003968253968253968,True,True,038c923c,1025,731704927180415,-1.0492063492063493,1218.7337606837607,-0.9839438339438339,1023.7499999999999,731705282086460,354.906045,d2cf39df4b41bcd0fbaca155ba1e3db230499c58917b1f1f4bf4d9d378bf7f90,16380,361.295711,True,114,121
416.64435023801326,070a5699,819,0.31045244827836266,731705285626948,0.0,True,True,070a5699,1025,731705292082459,-10.182295482295482,1139.6587301587301,-24.886446886446887,1023.7499999999999,731705648019143,355.936684,0223ff8f95657a6c444f960d489a25d7fe674bf1c3c6bbfa0fc70f4fc8db57d9,16380,362.392195,True,108,113
153.06924900970688,2c9fcf2e,820,-0.1518358059904263,731705655280632,0.0,True,True,2c9fcf2e,1025,731705662208468,-3.5167887667887667,287.2995115995116,-11.03913308913309,1023.7499999999999,731706017090323,354.881855,d85984ae19a3cc93be31139efbc7043224bfbf1a0c0a83412165f859528bf695,16380,361.809691,True,97,103
292.7972346260441,9b229e64,821,0.5584890010229189,731706020398431,0.0008547008547008547,True,True,9b229e64,1025,731706027132340,-2.8454822954822956,355.9426129426129,-7.41947496947497,1023.7499999999999,731706383546578,356.414238,88f81ff5afdd49fc1fc931c0c4892d133d39ce35de8f256daafdccc5c87fa538,16380,363.148147,True,133,161
217.73533690837723,17c42c9d,822,0.415962617090501,731706386957701,0.0,True,True,17c42c9d,1025,731706393452356,-4.127960927960928,397.16825396825396,-12.743345543345542,1023.7499999999999,731706748058176,354.60582,cb1c69ced89f673536eb5a59f7b37eba910a7777472562a853bef8d661cd5801,16380,361.100475,True,101,103
197.59057284934576,e8a644c8,823,0.3679337942111094,731706750539166,0.0,True,True,e8a644c8,1025,731706757231897,-5.524725274725275,432.61538461538464,-14.30042735042735,1023.7499999999999,731707112090605,354.858708,533fda8fa461389bb3ead321b478407c28ca0cd7df1f2772909e02d60b67bf83,16380,361.551439,True,98,98
110.60953622452706,31ce4d7d,824,0.05718074442695789,731707115327097,0.0,True,True,31ce4d7d,1025,731707124784697,-5.756288156288156,355.9730769230769,-14.568070818070819,1023.7499999999999,731707477090205,352.305508,e6c43706ed924bd158a0e3009cb9646d89f2b6f1355e693b978ad7a4f9886189,16380,361.763108,True,80,82
136.60778670420612,10b55f22,825,-0.7274936284857859,731707480037339,0.0,True,True,10b55f22,1025,731707486149820,-3.353968253968254,397.2326617826618,-15.791636141636141,1023.7499999999999,731707841083387,354.933567,7224307be63f8e0070ce9fa4602af756d1f642943d7924b2d791cd3f06ef1d82,16380,361.046048,True,73,78
492.6869389805013,88221c0c,826,-7.406246661485825,731707845281511,0.0,True,True,88221c0c,1025,731707852958637,-4.116605616605616,637.686507936508,-11.316056166056166,1023.7499999999999,731708207103920,354.145283,e10c8bda84b5d80a098ee4c50eca3c8ffaa9df86d07520d6e5cf76e8974c1c99,16380,361.822409,True,105,121
330.30831684459883,a07a06a5,827,0.28565998285751537,731708209721920,0.0,True,True,a07a06a5,1025,731708216201768,-4.372222222222222,644.6328449328449,-17.181623931623932,1023.7499999999999,731708571160358,354.95859,cdf8ecc2b50678cb1f622b3715cf12e842d22c0e54aa12e51f72c2bea8fc2bc8,16380,361.438438,True,101,109
411.69600243603907,716ae565,828,-0.33569151878429315,731708579936055,0.0,True,True,716ae565,1025,731708588959823,-5.407936507936508,803.6140415140416,-19.043956043956044,1023.7499999999999,731708941149447,352.189624,57c73a2c20cef733838e2414e34716a6aae9304ac1fc01cab667290f099f5d7d,16380,361.213392,True,114,115
312.56483859004925,71b535b9,829,0.31975301398497624,731708948197030,0.0,True,True,71b535b9,1025,731708956174965,-5.311050061050061,627.3403540903541,-16.928327228327227,1023.7499999999999,731709310095078,353.920113,c1c8287d5996e35ac9933a408c405757f6fb3b12d6febbeeb0048add84096582,16380,361.898048,True,104,104
437.44602941658803,4218714b,830,-0.20272382099657887,731709312153979,0.0,True,True,4218714b,1025,731709318246943,-8.542979242979243,928.4213064713065,-20.444871794871794,1023.7499999999999,731709673201362,354.954419,96ab33f7f95dff53e2e6067d393b5c4503053332ea52d13c3db7bc4381b8f4da,16380,361.047383,True,111,115
400.9199686289155,d40773d8,831,-0.04706508564814014,731709677084790,0.0,True,True,d40773d8,1025,731709683257706,-8.268437118437118,962.707264957265,-22.213064713064714,1023.7499999999999,731710038166759,354.909053,fbe44838a8d3c14e0b5a273bcb9c7b843684f7ff2c2b4b9381a0819569405ea5,16380,361.081969,True,106,113
476.6727758135908,2071a2a4,832,-0.23470723520232858,731710041882770,0.0,True,True,2071a2a4,1025,731710048501400,-6.073137973137973,996.7636752136752,-21.98199023199023,1023.7499999999999,731710403178933,354.677533,ac35d8767e5de90c1a697bab428dbe0d40a8c05afde33a1614908868f31118b7,16380,361.296163,True,119,119
378.3225476063755,f4957b34,833,0.05680653273973793,731710407871884,0.0,True,True,f4957b34,1025,731710414215493,-5.841452991452991,728.1971916971917,-17.76941391941392,1023.7499999999999,731710769165982,354.950489,ce45db2a1b62fa214440c660e489e70aee0a83e5cecf36e0c60c65b3ce1b70bb,16380,361.294098,True,122,118
854.6689243858841,0db8ccb8,834,10.438384636351284,731710926395157,0.002442002442002442,True,True,0db8ccb8,1025,731710933324586,-7.507326007326007,1388.9450549450548,-21.861294261294262,1023.7499999999999,731711288480733,355.156147,ba52cbd280fc878cde7ee590433ea5b7f6e54f0210e1c53a7dde24bf9341476d,16380,362.085576,True,146,163
701.6221700240474,29642b17,835,10.061610068083066,731711296469599,0.002686202686202686,True,True,29642b17,1025,731711303266166,-4.855433455433455,915.3089743589744,-13.788095238095238,1023.7499999999999,731711658199048,354.932882,e7fb4f09a56b836102d4d3f740a25184460b54a2ae316869d321ac1e6b8da02c,16380,361.729449,True,141,165
374.7813253528455,32f4a3d1,836,-0.08798263672090205,731711661575425,0.0,True,True,32f4a3d1,1025,731711668285649,-7.128632478632479,763.3032967032967,-18.376739926739926,1023.7499999999999,731712023206558,354.920909,3bda37121b2da8cfe7d7a8bbd2b619f602f48782ff1e28379f13aeddbf664449,16380,361.631133,True,111,114
531.3230514818245,911b196c,837,11.588451671479529,731712026630876,0.002442002442002442,True,True,911b196c,1025,731712033327263,-2.543284493284493,606.035286935287,-8.260989010989011,1023.7499999999999,731712388208315,354.881052,204d145aadd35b6b28fa82d4289f94fb7637fc3cef27668939a606b042e2f018,16380,361.577439,True,146,170
1109.7188171904745,23299f4b,838,-10.207419946798264,731712391273633,0.0009768009768009768,True,True,23299f4b,1025,731712398325824,-0.8163003663003663,1111.3630647130647,-0.9888888888888889,1023.7499999999999,731712753260306,354.934482,c5d703ac22a0f4d59553d505d0ff5ed9917ac45903911b9bf57a366b85f8457a,16380,361.986673,True,125,134
762.9912300655525,3c78887f,839,-0.9565919068922624,731712761137029,0.0014041514041514042,True,True,3c78887f,1025,731712769986556,-8.64981684981685,1410.398778998779,-23.928815628815627,1023.7499999999999,731713123246775,353.260219,a936a3ce21c57f534ad5e35b89429fb40595bc8423cb4e37a9cb313024207bfc,16380,362.109746,True,176,192
478.86958335383247,b3b7c83a,840,0.327410477735657,731713129619359,0.0007631257631257631,True,True,b3b7c83a,1025,731713136986527,-5.288766788766789,1140.140293040293,-25.165445665445667,1023.7499999999999,731713491272177,354.28565,70cf7e53727bdd66a997d2cc5611fbeee4c396d28e90134a957e28a000c8494e,16380,361.652818,True,112,132
1802.9877147225316,990bb8f6,841,1.6158405566539469,731713496440569,0.002655677655677656,True,True,990bb8f6,1025,731713503949115,-1.9442612942612942,1835.67326007326,-5.376373626373627,1023.7499999999999,731713858251676,354.302561,8d156d3dce5967e2f31be4c376cba54fedec9c8af40458fcc773590719d3c006,16380,361.811107,True,216,230
441.53594832958385,ccf0cab4,842,-0.3213593489068534,731713861684219,0.0,True,True,ccf0cab4,1025,731713868428417,-5.768376068376068,965.3677045177045,-22.148534798534797,1023.7499999999999,731714223997988,355.569571,933aa0554012283fbeec2352a4397c8f32b192634b2972edf72ce78afc55710c,16380,362.313769,True,116,117
206.7596456375669,92cc7592,843,-0.22043458530124632,731714227359066,0.0,True,True,92cc7592,1025,731714234424803,-2.336813186813187,504.60946275946276,-17.0993894993895,1023.7499999999999,731714589288804,354.864001,6430f8cdfd99100fca9566cd746bee5b8941e3599ce62717243935aac949b5aa,16380,361.929738,True,105,108
266.24065032105324,17591e06,844,0.10739556715130996,731714594147319,0.0,True,True,17591e06,1025,731714602761750,-3.4902319902319903,499.5200244200244,-14.86935286935287,1023.7499999999999,731714956292105,353.530355,7a59165b49829eab19cb5ac7d443d7ddc4e3afb914b5b4ccda832afb96cce101,16380,362.144786,True,105,108
219.99445908453234,c42ee059,845,0.0023397487985557493,731714962049352,0.0,True,True,c42ee059,1025,731714968413250,-3.2566544566544566,431.3708180708181,-14.169352869352869,1023.7499999999999,731715323131493,354.718243,b0616b0a48eef35f03e17fd0ee7b4eb0688c066575de859c6728d769cf022670,16380,361.082141,True,100,111
949.3573518995589,5c107320,846,2.439564169142496,731715326708430,0.0015873015873015873,True,True,5c107320,1025,731715333411901,-2.4641025641025642,1040.6779609279608,-9.233028083028083,1023.7499999999999,731715688426243,355.014342,02edb2bdf96de9006b326daae6ee5fee15dff7327480204244fd891e037ebfba,16380,361.717813,True,183,201
365.4532645756089,0020ffd0,847,0.06242016887165237,731715691529032,0.0,True,True,0020ffd0,1025,731715698461316,-3.7151404151404153,752.8492063492064,-19.32857142857143,1023.7499999999999,731716054338263,355.876947,d0b3e2eec94a5443e3e791196ab53b94c30c4a0505ce22c90370f9f1e8379e2b,16380,362.809231,True,114,119
332.95907658614624,6d839617,848,0.02043860742993304,731716063390063,0.0,True,True,6d839617,1025,731716071230798,-4.849450549450549,842.4553113553113,-22.044932844932845,1023.7499999999999,731716425238140,354.007342,06ba9f828c861ee277ec82ba5db7f31eea55598e68cd0b4a498155a1c6334004,16380,361.848077,True,95,103
639.8172703951184,20064dd9,849,0.44291268123965644,731716427881659,0.0012515262515262516,True,True,20064dd9,1025,731716434360794,-6.022222222222222,975.8287545787546,-17.313125763125765,1023.7499999999999,731716789259966,354.899172,107f76ff2e530d698f229ad326f4ddcce67b6c36718416d6aea1f0a2914a33b1,16380,361.378307,True,139,166
192.9818709309277,38bf054a,850,0.25559797340654866,731716792551351,0.0,True,True,38bf054a,1025,731716799692802,-3.552075702075702,405.7576923076923,-14.147741147741147,1023.7499999999999,731717154319797,354.626995,5538b1804899c89df6a3d57b366f18d4cf4de8231e9948bd8fe5e8ac5f92a7f1,16380,361.768446,True,108,108
735.8784679155466,42519745,851,-0.7906287345708229,731717159616001,0.0025946275946275945,True,True,42519745,1025,731717166462402,-3.918070818070818,958.5036019536019,-14.397008547008546,1023.7499999999999,731717521288933,354.826531,543975635f5b48b22caa0efde9ddc6362c256deaa1566a062c987f2d89c8ded8,16380,361.672932,True,159,177
258.34559404542,e0de248c,852,1.1986324670776132,731717523965374,0.0,True,True,e0de248c,1025,731717530410765,-4.9001221001221005,462.2392551892552,-13.412026862026861,1023.7499999999999,731717885439308,355.028543,b4779503f66a6f996d36f16cb0122baf9095e41d03e8e9b40e9268be5a89a47b,16380,361.473934,True,102,106
379.1347914048372,1af532d3,853,0.1924455258872252,731717893828692,0.0,True,True,1af532d3,1025,731717901507150,-6.422283272283273,869.1115384615384,-21.183272283272284,1023.7499999999999,731718255329557,353.822407,91c6bbb166745e31622dcb7d8cf25015e36c44881255fa3325f33757c8457814,16380,361.500865,True,109,108
533.3000897711704,cbbb0ea8,854,-0.49539206963338944,731718260609921,0.0,True,True,cbbb0ea8,1025,731718267458396,-5.803846153846154,1036.0985347985347,-21.659035409035408,1023.7499999999999,731718622359615,354.901219,3add082fb786b5a823fd2f5064fcc590df786dfcc58d52c6bc15aeadb143231b,16380,361.749694,True,127,141
186.1204161392806,35ea1a7c,855,0.16557245114167501,731718625947703,0.0,True,True,35ea1a7c,1025,731718632528190,-2.618070818070818,282.4238095238095,-9.457753357753358,1023.7499999999999,731718987662670,355.13448,ef489a4dec18f93f8aff71490a9c010ec37d2e5ab28c88d4f59d9e028bff51e0,16380,361.714967,True,102,117
530.5250451203932,c21936f9,856,0.2612122622988972,731718993605700,0.0,True,True,c21936f9,1025,731719000589210,-10.649572649572649,1313.1050061050062,-25.868253968253967,1023.7499999999999,731719355288094,354.698884,7e220dfad210f77bf086142cf4ffbce86ce153993fde319b8e24570af5b8b79c,16380,361.682394,True,118,123
349.1882392349883,45c5f3ee,857,0.3776998506498597,731719358273290,0.0,True,True,45c5f3ee,1025,731719365452070,-6.089682539682539,782.185286935287,-19.897557997557996,1023.7499999999999,731719720290767,354.838697,63ef2d88fe08ca047ffd49f8695b20837136c3230bf65d2c3008b7f978216a7a,16380,362.017477,True,110,110
391.4408460204156,fdcb948f,858,-0.438936210931758,731719729406537,0.00015262515262515263,True,True,fdcb948f,1025,731719736376553,-6.673870573870574,721.6966422466422,-16.903113553113553,1023.7499999999999,731720091333613,354.95706,001f5b2639064745c69c6099de7b89558baa0ee7a82db47a8e0ac1b6f2f0bd55,16380,361.927076,True,128,140
381.1946637885924,2400f1a7,859,0.018629950777612835,731720094840357,0.0,True,True,2400f1a7,1025,731720101852021,-8.116300366300367,955.5962759462759,-22.55054945054945,1023.7499999999999,731720456313571,354.46155,450092ba1d27beab0cd0c8d1f4bd4e63b6484bdeb49b3751c24d998da9ca039f,16380,361.473214,True,103,112
479.0857396114264,f8602cea,860,-0.516337851389447,731720458866838,0.0,True,True,f8602cea,1025,731720465474888,-8.886263736263736,1197.863431013431,-25.294505494505493,1023.7499999999999,731720820280748,354.80586,37ffac21c56034c66d107e932475838f385f910a65e7644c21024c20d2f126cb,16380,361.41391,True,116,125
443.96603080307295,64c55382,861,0.2821084269007617,731720822629578,0.0,True,True,64c55382,1025,731720829418240,-8.406105006105006,957.6540293040293,-21.048168498168497,1023.7499999999999,731721184315975,354.897735,0ff7360e2dd42149d941c63d40c8d02e128a922a47289a008c8f86603ca05834,16380,361.686397,True,114,115
431.73467693410913,ea3cb090,862,0.06609522707601648,731721186673231,0.0,True,True,ea3cb090,1025,731721193461752,-7.733516483516484,1098.5385836385835,-24.637301587301586,1023.7499999999999,731721548377258,354.915506,74a3d6fb99e87e35f89f155f716d418bbd3424f4503e64f607f7bfd2c9d81524,16380,361.704027,True,114,114
474.6614153923677,ea7b056b,863,0.5079453584996549,731721552227192,0.0,True,True,ea7b056b,1025,731721559415170,-7.6953601953601956,988.6264957264957,-21.324786324786324,1023.7499999999999,731721914497551,355.082381,98ceee6513e0160c4ff8f73186e8293301137299846607de254cffee5e034f2b,16380,362.270359,True,116,121
462.4308752260493,580abbf2,864,0.05587302091511952,731721922358875,0.0,True,True,580abbf2,1025,731721929615774,-10.107081807081807,1270.5761294261295,-26.57051282051282,1023.7499999999999,731722284545365,354.929591,58e479ace2861349f3528015c3eb8ca64ff168f7bbe9e8ee0fdd9b2bba6d07b0,16380,362.18649,True,108,116
458.72380003831466,357e630b,865,-0.0648580177938223,731722289020343,0.0,True,True,357e630b,1026,731722295423584,-6.322222222222222,1098.3431623931624,-24.48772893772894,1023.7499999999999,731722650391285,354.967701,0910a778570b6488c4ed43f981cd80a682a8b98815fb9dd42ab18933a3cb1bd9,16380,361.370942,True,108,112
329.09435877682216,ade3c41f,866,0.19423413599673092,731722654938360,0.0,True,True,ade3c41f,1025,731722661852829,-5.716544566544567,681.6021367521367,-17.883760683760684,1023.7499999999999,731723016546381,354.693552,a40ed2280ce2bb3ba21733e211d527f39d93d0f0f6f5d2af73552eb682d5af61,16380,361.608021,True,113,119
426.49153735458685,aefae4be,867,-0.4026911708746357,731723023269007,0.0,True,True,aefae4be,1025,731723030587963,-6.917765567765568,877.9300976800977,-20.08937728937729,1023.7499999999999,731723385432930,354.844967,73521d28b2f9eed68d0e24598051f05d11da9918962f683f830a291eb6347079,16380,362.163923,True,118,120
505.57779436714424,a7c943ca,868,-0.3445227023057089,731723387885346,0.0,True,True,a7c943ca,1025,731723394490059,-8.956471306471306,1236.7001831501832,-25.512820512820515,1023.7499999999999,731723749418292,354.928233,155709a8bb17656a04b53c02288a9f6c5f712d6de13061661036e637e45b5adc,16380,361.532946,True,116,122
1379.1648546054407,b7e5d9cc,869,1.2693615243430256,731723756094200,0.0024114774114774116,True,True,b7e5d9cc,1025,731723763494270,-8.946886446886447,1848.640170940171,-19.733943833943833,1023.7499999999999,731724118795078,355.300808,685b344b166c6109cb8aaca4ec5a6a3a95bea7041fb3403aef385fa58badbf26,16380,362.700878,True,201,204
454.3385523010432,ff35d378,870,-0.36395181662459763,731724130523318,0.0,True,True,ff35d378,1025,731724137535342,-8.915262515262516,1340.5191697191697,-28.402442002442,1023.7499999999999,731724492356780,354.821438,2c0ff77fccfdf9af5e8153e9f8a04926fb697586ba8deb184b13118412ba49b7,16380,361.833462,True,111,114
276.1325609568833,c68c67aa,871,-0.3028926222705572,731724494754342,0.0,True,True,c68c67aa,1025,731724501351210,-7.484371184371184,562.6875457875458,-15.183516483516483,1023.7499999999999,731724856381984,355.030774,6346cd3b6772366cf3bb5add32e623183d1fea7ec6a67b584cedf122d7b6a10f,16380,361.627642,True,100,101
516.3091020013089,fe2b3112,872,-0.1267259200706774,731724859474152,0.0,True,True,fe2b3112,1025,731724866345310,-10.067338217338218,1154.6434065934066,-23.172893772893772,1023.7499999999999,731725221467787,355.122477,65a7df6d5f77ff858c72333f4a87404b090cff90c4ef33cd7ff841f8c42b6ccc,16380,361.993635,True,126,126
1604.18528480338,1cee596c,873,0.15649294128101152,731725229846741,0.003235653235653236,True,True,1cee596c,1025,731725236397742,-4.7755799755799755,1754.2540903540903,-11.281074481074482,1023.7499999999999,731725591459782,355.06204,e802c341d7eb368f70481aceb1a6fedfb43439bda761d1fcbcc4b57de8ba9544,16380,361.613041,True,192,210
393.0714719475342,95db7836,874,-0.16622961097127892,731725594702265,0.0,True,True,95db7836,1025,731725601307859,-7.89993894993895,769.1704517704518,-17.71129426129426,1023.7499999999999,731725956438339,355.13048,a40d1632ce81a506a67b973062e91cbcd56247c5ad7be35d562091b5f36dbeee,16380,361.736074,True,112,117
422.18104209621606,2f236b76,875,-0.18059832757445654,731725960323289,0.0,True,True,2f236b76,1025,731725972524975,-8.173992673992673,853.8728327228328,-19.101770451770452,1023.7499999999999,731726322482624,349.957649,48aaa8aaa272699e7ba095d72fafd9429e97b17511b6a3e13e7a69785d9c9822,16380,362.159335,True,119,118
735.8908421144044,dad193e6,876,-2.1036537520966028,731726326794142,6.105006105006105e-05,True,True,dad193e6,1025,731726333308042,-7.7755799755799755,1361.6606227106226,-23.776251526251528,1023.7499999999999,731726688450311,355.142269,d2466adc14e662729de6ac9f51d3b6b0c729aaead769ef9b592d360de6107ac6,16380,361.656169,True,124,140
1582.888516531969,d7be3aeb,877,1.0059034046388182,731726691307514,0.005280830280830281,True,True,d7be3aeb,1025,731726698339035,-4.959096459096459,1857.3546398046399,-15.807387057387057,1023.7499999999999,731727053662817,355.323782,ec95a0b1e52bb825861293b70884d5f0f055ef335116d77e1f31947a91806282,16380,362.355303,True,200,225
429.08915671901013,83f3fe85,878,-0.05182448562906464,731727057051948,0.0,True,True,83f3fe85,1025,731727064351798,-7.176434676434677,899.3148962148962,-20.46275946275946,1023.7499999999999,731727419395417,355.043619,fead80b19be1a1babc61b06fdd81860acfa4de187c58a368ab242bf98aced5f0,16380,362.343469,True,115,119
369.1698913323821,8db5f17e,879,-0.14786564997952734,731727421786818,0.0,True,True,8db5f17e,1025,731727428277094,-9.2984126984127,1140.5101343101344,-26.17020757020757,1023.7499999999999,731727783570625,355.293531,3f2da35a96227f6a9f49d0e678cbaf671dde39295a63ec5400f269217a8e2acf,16380,361.783807,True,104,106
614.9997650392613,5cc13b16,880,-0.21434141937967416,731727790569184,0.0,True,True,5cc13b16,1025,731727797286510,-6.757081807081807,1043.0060439560439,-19.553724053724054,1023.7499999999999,731728152431040,355.14453,1a2209925b5efe099a46ad57dbf7d49f6bb9ed8a1eb53f841b3fb177cd05f81c,16380,361.861856,True,129,154
151.55257517208062,b2090d77,881,-0.9496863416189423,731728155162094,0.0,True,True,b2090d77,1025,731728162212911,-4.767216117216117,301.4107448107448,-11.275274725274725,1023.7499999999999,731728517619474,355.406563,05707c1e337b03cbbff573883ef04a4e6c2ba00226ccd4834cb4137727c4e011,16380,362.45738,True,112,109
1669.9471490553267,a5b65f29,882,1.6011286982646178,731728521964065,0.005433455433455433,True,True,a5b65f29,1025,731728529342353,-3.9325396825396823,1855.9647741147742,-13.05958485958486,1023.7499999999999,731728884480958,355.138605,ed85c35c8e7a2d00e1fa63ad07d3e3fccb59397b1d82f22efee128efb20ea7b2,16380,362.516893,True,219,236
220.98334553961845,c27f4788,883,0.22149058873038016,731728886834196,0.0,True,True,c27f4788,1025,731728893329141,-3.075763125763126,380.367094017094,-12.244322344322343,1023.7499999999999,731729248545332,355.216191,3065d4db9ca3d3057b32982d960b9dcc508f865dc132a4150656f7bf9686dede,16380,361.711136,True,117,117
160.81960080788835,4efbcbf5,884,-0.8750132500589813,731729253419406,0.0,True,True,4efbcbf5,1025,731729260228606,-3.7774114774114773,282.0315628815629,-10.341330891330891,1023.7499999999999,731729615481915,355.253309,abd43e6f5587b370d5b4eae19b8022df2c37b4b8002737544b608cb3240b9951,16380,362.062509,True,116,119
526.5162461554861,e607a2fe,885,0.05011033532121999,731729619959027,0.0,True,True,e607a2fe,1025,731729627342044,-8.574908424908426,1259.7761294261295,-25.685225885225886,1023.7499999999999,731729982487979,355.145935,ef3047f881a85d21382d7a5e3a24c1992aaab44f9a1419f141e850c7c0ff86f8,16380,362.528952,True,116,121
1062.9515057226045,6076f4d2,886,-0.3898018339011667,731729986770032,0.002564102564102564,True,True,6076f4d2,1025,731729993842911,-7.858241758241758,1639.1124542124542,-22.68058608058608,1023.7499999999999,731730348517152,354.674241,84e5a27b26d1499c97c52c4f2155b0f4b76fad1fa9bd69998a31ce259b30bb9d,16380,361.74712,True,190,217
270.8455040990755,13f3c328,887,0.26496648603410883,731730351788549,0.0,True,True,13f3c328,1025,731730358318400,-5.865750915750915,576.7113553113553,-16.476007326007327,1023.7499999999999,731730713509337,355.190937,a34ac6e2dbbecfb1139daa93f7084cee4addf5fd2dc0737ccfbbfc460460ed87,16380,361.720788,True,109,104
451.7734738453786,e4f24ca8,888,-0.19702584234908627,731730715943519,0.0,True,True,e4f24ca8,1025,731730722325449,-6.636752136752137,975.8311355311355,-21.90915750915751,1023.7499999999999,731731077521266,355.195817,59ba094ef6b948124b0bcb4b6f00ca2c4f5186357048e27b0fbc79623f0b8382,16380,361.577747,True,120,122
213.12455944069495,9967ff01,889,0.08068553916817248,731731080112455,0.0,True,True,9967ff01,1025,731731087342232,-5.659035409035409,445.43394383394383,-14.152197802197803,1023.7499999999999,731731442502920,355.160688,f5e47177167067d3bf66b639f8b66422e99fea23fbd25ad370b64d31c31dd43a,16380,362.390465,True,108,112
975.416572244063,d2270977,890,-10.650756300892553,731731447221429,0.0,True,True,d2270977,1025,731731455729687,-0.6182539682539683,976.351282051282,-0.7432844932844933,1023.7499999999999,731731809578088,353.848401,e0982065ce3af143597b66c1dc89a5c4d182121928f5edb591f443f52541799a,16380,362.356659,True,89,90
781.4609907478224,4aecceb7,891,-0.17092732353225118,731731812035774,0.0017704517704517705,True,True,4aecceb7,1025,731731819333700,-6.495543345543346,1427.3031746031745,-24.56929181929182,1023.7499999999999,731732174507872,355.174172,4d5f094fe39a36d7e85d2dbe18340bd772690cf311bc8b1b6d3617c7751016c7,16380,362.472098,True,172,202
466.169388127813,e69c3254,892,0.16927448315627658,731732176848296,0.0,True,True,e69c3254,1025,731732183317462,-6.192063492063492,1034.601221001221,-23.023687423687424,1023.7499999999999,731732538548539,355.231077,4e40e0c15e93392e5d71d4341712bbe9ccdf157d45a7bf557d77f8341f2db43a,16380,361.700243,True,119,116
376.5597404664254,2bf58dc6,893,-0.6392061736505645,731732541759492,0.0,True,True,2bf58dc6,1025,731732548325711,-7.593223443223443,794.4261294261295,-18.97918192918193,1023.7499999999999,731732903654794,355.329083,776a2915849d8a53a054c3cb4d81251caf50427790dbb865de2386f959aed440,16380,361.895302,True,114,119
420.11149952069366,c4f4098c,894,-0.014649824792239885,731732908750588,0.0,True,True,c4f4098c,1025,731732914715308,-7.992551892551893,973.7903540903541,-22.13137973137973,1023.7499999999999,731733270706594,355.991286,85ef3968815ee5788071293f35aef24abaf447c2f44fa55db5cd1dad2e669867,16380,361.956006,True,110,114
1067.9695268471185,42f97a93,895,-0.19179804320744676,731733274940004,0.0023504273504273503,True,True,42f97a93,1025,731733281616813,-13.249450549450549,1785.6708791208791,-23.284188034188034,1023.7499999999999,731733637568222,355.951409,c05a75b7b667508a8ed8b01db9716ba7a0ca4913111657980a485d387889d3d4,16380,362.628218,True,181,198
417.4204788814495,dde9ddd8,896,-0.7048876611357653,731733640517699,0.0,True,True,dde9ddd8,1025,731733646681226,-6.521672771672772,781.3666666666667,-17.928021978021977,1023.7499999999999,731734004483550,357.802324,19fbee1b76b3acce539e2e7da79c4009b7149233f9ef545f2eac0341f095e28e,16380,363.965851,True,134,143
780.4263578234275,e352f94f,897,-0.22757826848938137,731734012674337,0.0014346764346764348,True,True,e352f94f,1025,731734018828496,-10.05006105006105,1493.1316239316238,-24.732600732600734,1023.7499999999999,731734374541852,355.713356,f83e292358f63ca296135c27e27744a8c5471079a18cf33534c6d4411f489a38,16380,361.867515,True,172,195
798.5898583176423,e0a1a220,898,-0.14093341877864454,731734376637111,0.0014652014652014652,True,True,e0a1a220,1025,731734382777444,-8.014835164835166,1472.3053724053725,-24.687606837606836,1023.7499999999999,731734738653025,355.875581,fc08baabe494119d9aacba362571587b83ddb119b99ad9c4b4a7bfeedfde8a8d,16380,362.015914,True,152,172
503.2429798206813,334237ab,899,0.05315802694365804,731734743136038,0.0,True,True,334237ab,1025,731734750705017,-11.092063492063492,1413.8398656898657,-28.063553113553112,1023.7499999999999,731735105572088,354.867071,2fde3a0aafca3ee3ead4ad5461e1eca81ce08385dd3dc71c530452c7bf358185,16380,362.43605,True,117,127
788.5711945946471,7f7cc475,900,-8.48342859494135,731735109032714,0.0024725274725274724,True,True,7f7cc475,1025,731735115726284,-6.531074481074481,1097.6729548229548,-16.323199023199024,1023.7499999999999,731735471599699,355.873415,292b375741f40482b8ce00b197dbaae7745623c1d2e82ed56d9c8d9d41efc130,16380,362.566985,True,154,180
562.0973613664181,ff5c2433,901,-0.1871065003679151,731735475578096,0.0007936507936507937,True,True,ff5c2433,1025,731735481764346,-6.857814407814407,860.8935897435897,-15.867155067155068,1023.7499999999999,731735837589458,355.825112,5206ea883f776cdd333b1b38a064ebd5066bb83c3486595a743f797d1300e597,16380,362.011362,True,162,174
342.53512767587864,d30f1c94,902,0.3424921226446799,731735839852656,0.0,True,True,d30f1c94,1025,731735845752082,-8.711904761904762,699.2976800976801,-16.75903540903541,1023.7499999999999,731736203415737,357.663655,d7c1d3e7471bf54ffc8087dad13719ce8eb6bcae62e946585c942f332e4c8646,16380,363.563081,True,116,120
478.50850722910246,06cf7073,903,0.11404596120399292,731736209218039,0.0,True,True,06cf7073,1025,731736215870251,-12.433028083028082,1172.6949328449327,-23.22942612942613,1023.7499999999999,731736571621751,355.7515,886e1c2cae35d1d4ac4ca1bd185cae1ddbc66e1057b5555755d1206df3caffb1,16380,362.403712,True,113,115
631.9051984499696,a61c2bea,904,-0.8625742989558073,731736574181991,0.0,True,True,a61c2bea,1025,731736580755174,-7.318803418803419,954.2999389499389,-16.396031746031746,1023.7499999999999,731736936595873,355.840699,35b3e97cdee32d3037adba1e1b8ee0f0d7c987cbb69ce8622b9e57fd07606248,16380,362.413882,True,128,137
448.34159545277674,ed434efe,905,0.3791693724213018,731736939464988,0.0,True,True,ed434efe,1025,731736945758290,-8.445421245421246,1055.1144688644688,-23.13974358974359,1023.7499999999999,731737301610941,355.852651,230f6e55be93501fb6bf2159be3c6788a52e65a87acaf3d72fd32a6f56d63647,16380,362.145953,True,120,118
354.1560522414093,2c7039c3,906,-0.2776730978361056,731737305282015,0.0,True,True,2c7039c3,1025,731737311801686,-6.484798534798535,808.5961538461538,-20.307326007326008,1023.7499999999999,731737667659404,355.857718,57d72c45d9067c5b7dee02b38fbf79399679a50862461c4dbce82666feff55aa,16380,362.377389,True,111,112
296.0293362017172,88a2aac3,907,-0.2504867310986483,731737671478659,0.0,True,True,88a2aac3,1025,731737677778925,-6.31001221001221,584.5103785103785,-15.76910866910867,1023.7499999999999,731738033608700,355.829775,fc782491c808c42e90bd6aa064561cb74a8f59bfd14c908e8660e69fc5c08e97,16380,362.130041,True,100,103
269.7972302019646,ba76f062,908,0.026470805087828002,731738036065844,0.0,True,True,ba76f062,1025,731738042772750,-5.7756410256410255,548.4237484737484,-15.66105006105006,1023.7499999999999,731738397763865,354.991115,8f246ffe2008d02945f11b42d23363fa8fcaddcf8d32890db9bbfa9f226f1bf3,16380,361.698021,True,119,122
1231.9912588984753,7d8adc7e,909,-0.38509603664245934,731738406237868,0.004334554334554335,True,True,7d8adc7e,1025,731738412857818,-6.131257631257632,1547.980341880342,-16.685225885225886,1023.7499999999999,731738768645481,355.787663,f71578baf8275007579c9205e1d52ec718ad5a53f7fa97ab2330908211278fba,16380,362.407613,True,206,220
306.1914093097243,f1552e01,910,-0.02637707814422977,731738771572976,0.0,True,True,f1552e01,1025,731738777742474,-3.6982905982905985,469.5291819291819,-12.233577533577533,1023.7499999999999,731739132769034,355.02656,5fa57689f98b2e1d63d189b799fd6b64ab168d2df9f6ede10842b92f0d4c565d,16380,361.196058,True,126,136
722.0404110219587,965996f7,911,0.9837382630143744,731739136819637,0.0032661782661782663,True,True,965996f7,1025,731739142817660,-3.7456043956043956,846.3148351648351,-10.4997557997558,1023.7499999999999,731739497733778,354.916118,788711cfa152b580a4e62211afb83d4f3ce79225de42fd7836d0e0a3c16d31d7,16380,360.914141,True,203,215
534.7804535110122,1248cb1e,912,0.4114183274551642,731739500951214,0.0003357753357753358,True,True,1248cb1e,1025,731739508886035,-4.012820512820513,733.9368131868132,-13.52973137973138,1023.7499999999999,731739862797850,353.911815,da24fcd26a0df2e8ce8c918955369ce9c7891edc039382c9e697d12b07db442c,16380,361.846636,True,152,170
1116.65695447037,f35181a3,913,10.54782351092015,731739866902005,0.003968253968253968,True,True,f35181a3,1025,731739873872881,-6.105433455433455,1403.8858974358975,-15.80989010989011,1023.7499999999999,731740228760294,354.887413,7fb3e37cfaa1b1a3cd6e9c5e9c65031225cb565fbf5f676da569e685f213a23a,16380,361.858289,True,198,204
577.6850468870432,683db5ed,914,-1.245769519006518,731740231948894,0.0017704517704517705,True,True,683db5ed,1025,731740238873542,-4.403235653235654,721.85115995116,-11.17039072039072,1023.7499999999999,731740593736827,354.863285,d825965df2a26331f683038eae0d2b8c669af0d9bcf711a1849a4c09acfed025,16380,361.787933,True,191,201
773.472112660098,84b1616a,915,9.590084960707184,731740597498463,0.002564102564102564,True,True,84b1616a,1025,731740603925167,-6.392551892551893,1152.6587301587301,-18.393528693528694,1023.7499999999999,731740958754107,354.82894,f94271643cbdb94a5e4e31b2416a975f39ffdb60de20f457dca6eecfd7202a10,16380,361.255644,True,135,155
1174.358820992127,a15d25f5,916,-10.554615850250572,731740961229366,0.0007936507936507937,True,True,a15d25f5,1025,731740967849367,-1.2957875457875458,1182.7611111111112,-2.592918192918193,1023.7499999999999,731741322782913,354.933546,b000fec1d1f45a9d04440459ec866424ff6c2378b452c1f7ecb33ec037821789,16380,361.553547,True,129,151
264.65083366131904,51b2e815,917,-0.2414489729172748,731741325548211,0.0,True,True,51b2e815,1025,731741331804533,-3.93998778998779,470.5300976800977,-13.796947496947498,1023.7499999999999,731741686798882,354.994349,f8ccecd468ffc2d5911b9edbc1553eac638ca1772d0156bc646f48b7141d9704,16380,361.250671,True,125,124
443.1221480639155,5762d18e,918,-0.007531549939642081,731741690104434,0.0,True,True,5762d18e,1025,731741696888796,-7.13925518925519,943.1429181929182,-21.190842490842492,1023.7499999999999,731742051820898,354.932102,47f2cde6a22b61c7f810737d15baa36c75663f5696d19faecaf5e8917a63bfe0,16380,361.716464,True,122,126
364.7297039258395,977d2761,919,-0.29208407542087456,731742060935494,0.0,True,True,977d2761,1025,731742067860142,-7.974297924297924,774.8175824175825,-18.614468864468865,1023.7499999999999,731742422785138,354.924996,9252318a510a6cad1605f1bdb0d24190611e1de0a5ae4a284fd074970870c93a,16380,361.849644,True,114,115
1029.1105309752654,097443cf,920,-10.845454121270295,731742425619107,0.0006105006105006105,True,True,097443cf,1025,731742431882371,-1.0804029304029303,1031.0862637362638,-0.8991452991452992,1023.7499999999999,731742786804281,354.92191,034765a79cb991fe02152a6a1c124a788a367553c2814026f3da26c6f3e503fe,16380,361.185174,True,121,135
414.4715065239333,2bae069d,921,-0.12610047365159854,731742790117527,0.0,True,True,2bae069d,1025,731742796847436,-7.646886446886447,848.3239926739926,-19.374664224664226,1023.7499999999999,731743151810543,354.963107,d7490d41386190919e269cc994134ff3c75152c05d02e0f8e929c68c837b0a6e,16380,361.693016,True,116,115
187.1480115085701,6903feee,922,0.20151918617788672,731743155451140,0.0,True,True,6903feee,1025,731743161912099,-4.226862026862027,533.214713064713,-18.116300366300365,1023.7499999999999,731743516824918,354.912819,ab4ecb0f98990a182327191adb1bb1597b3de58c7478b9d764bd4c88fea87d60,16380,361.373778,True,88,106
245.10900497718262,3cbbf460,923,-0.33687272251293465,731743519785186,0.0,True,True,3cbbf460,1025,731743525941729,-4.782112332112332,433.0828449328449,-12.84932844932845,1023.7499999999999,731743880806386,354.864657,8355ee3104ac80e6ea75bfdc6233646731471b5ec4cbffc57b9a5dbd8cf4331c,16380,361.0212,True,121,120
226.79005074832915,352f87e0,924,0.11061002271504464,731743883200552,0.0,True,True,352f87e0,1025,731743889909441,-6.405860805860806,447.36874236874235,-13.3993894993895,1023.7499999999999,731744244833600,354.924159,62cf29e6ed04311e8c84909b94d5da3bbd78c5bb4891298f3f72b49555cbcdaa,16380,361.633048,True,116,115
364.91614869528786,c658493f,925,0.08813398829587493,731744248065112,0.0,True,True,c658493f,1025,731744254917322,-8.365995115995116,808.6531135531136,-19.332539682539682,1023.7499999999999,731744610038403,355.121081,2e25c3d42bc5569de5ff14b7ffe0eabd1ae92465d90437e3ef17d2828f627380,16380,361.973291,True,119,117
444.7151096963002,62d98336,926,-0.13236380864269678,731744615193749,0.0,True,True,62d98336,1025,731744621973913,-8.151465201465202,1059.9192918192919,-23.425579975579975,1023.7499999999999,731744978973481,356.999568,21aa3da8897f2f011fe0045fb3e5cd1d2440bb621773477d055fc8a7228fe00e,16380,363.779732,True,116,127
455.41592256779984,bc8063ee,927,-0.12428038182611231,731744981365052,0.0,True,True,bc8063ee,1025,731744987937132,-8.813553113553114,1295.323137973138,-27.608485958485957,1023.7499999999999,731745343336357,355.399225,d8eeb6b7f77d45a8786e1b51390bbd06e25ba4528900fb0458bd6789a26636a9,16380,361.971305,True,108,114
452.8054885682083,e37f6540,928,-0.47590766655511063,731745347771479,0.0,True,True,e37f6540,1025,731745353977806,-10.444871794871794,1325.2590354090355,-27.62893772893773,1023.7499999999999,731745708848037,354.870231,c099fd2e637cfc0bc5825e4c603d1619514c26edee2dbfb876890b72bcf4eb47,16380,361.076558,True,111,112
466.87014727302267,9c1b0eb1,929,-0.33805569813511765,731745711771295,0.0,True,True,9c1b0eb1,1025,731745717958295,-8.796275946275946,1126.4826617826618,-24.12960927960928,1023.7499999999999,731746072885235,354.92694,03b259ba7603378795472da7b3ab44a04ce7c5b3d58b8d52d4a03276cff0abad,16380,361.11394,True,115,120
1069.7814057093362,9c4dbe7b,930,0.856861412706707,731746076799059,0.0035103785103785105,True,True,9c4dbe7b,1025,731746084107233,-4.6933455433455435,1294.1169719169718,-14.223504273504274,1023.7499999999999,731746439817303,355.71007,7265dd6c901b8d581b5a19fa8854de43e2ed0670c50e86d1c60205b553e73a8f,16380,363.018244,True,208,214
321.5419033866012,bf6b7cf5,931,0.09037638829448634,731746442632286,0.0,True,True,bf6b7cf5,1025,731746448982165,-4.699084249084249,645.1989621489621,-17.365934065934066,1023.7499999999999,731746803898380,354.916215,ffc07bac8416d36a012afd68b54cc547d19ae954379ca6072668325db3ab2ccc,16380,361.266094,True,107,112
996.3966224482342,3b0626b3,932,1.6054657634500633,731746806387996,0.0023504273504273503,True,True,3b0626b3,1025,731746813075675,-7.255433455433455,1645.1787545787545,-24.415995115995116,1023.7499999999999,731747167838660,354.762985,e15717180b36009661efbcbdb14b01b8c0b70c4df5339a543208eb01ddfe45d7,16380,361.450664,True,180,211
442.8936491984477,eb46281e,933,0.057734605462261356,731747170072723,0.0,True,True,eb46281e,1025,731747177114382,-5.415262515262516,859.5057387057387,-19.67960927960928,1023.7499999999999,731747531832319,354.717937,3770e6a2abc79f7dd830d6f21c7cacbdba796e6084b9c420f8d68c57021833a4,16380,361.759596,True,128,135
493.19871441169056,df29872c,934,-0.09788626898715153,731747535493745,0.0,True,True,df29872c,1025,731747542104458,-12.219658119658119,1457.4330280830281,-28.546703296703296,1023.7499999999999,731747896885614,354.781156,c8d04d246f3938bd702cd13f5bb56c3347e90b44da386c5c4a4117f5cc758d9a,16380,361.391869,True,117,123
324.72413768465964,d1bd8b9b,935,-0.40983805542142643,731747900720539,0.0,True,True,d1bd8b9b,1025,731747907136993,-5.735164835164835,658.765873015873,-17.353663003663005,1023.7499999999999,731748261839561,354.702568,d39b18de36177cd9d89225be4b5125434ef5156e3b62fc0364d49b550dfd1e35,16380,361.119022,True,120,121
323.87350104955414,e8fb60c3,936,0.11298308214570357,731748267503771,0.0,True,True,e8fb60c3,1025,731748274101849,-5.848962148962149,643.1802808302808,-16.884798534798534,1023.7499999999999,731748628933048,354.831199,3f5ccbd3e3ba8138ccfe749e6a4a26e8adf0aee009d635146439d6de6f8025fa,16380,361.429277,True,105,110
152.7920164633901,16e54c52,937,0.15276841606140446,731748631440397,0.0,True,True,16e54c52,1025,731748638070927,-4.633516483516484,286.24517704517706,-10.582234432234433,1023.7499999999999,731748992897287,354.82636,d95d0445afb236e0b2ea7d4732e0fbfb828482d5c7c81de7eb0a94bfbb44dca1,16380,361.45689,True,108,112
484.550630921446,f0c16fc9,938,0.2368837151069246,731748999999961,0.0,True,True,f0c16fc9,1025,731749009162588,-8.959401709401709,1306.722039072039,-27.237851037851037,1023.7499999999999,731749363908093,354.745505,5ea774b09ae06ab32dfb19b01f49557a725133b92c7d8b819b01cfd7e4a4e6af,16380,363.908132,True,121,119
1119.7792858782786,82449618,939,-14.492037679573178,731749367599265,0.0036935286935286934,True,True,82449618,1025,731749374749570,-4.247313797313797,1325.2531135531135,-13.69065934065934,1023.7499999999999,731749728923029,354.173459,2892cb634caea555ac43a1901f45178df990adabf9ac89ab0ea1dabe05ef0bd4,16380,361.323764,True,170,186
280.2588062774968,1f703484,940,0.0617291998068072,731749733140368,0.0,True,True,1f703484,1025,731749740078491,-6.848656898656898,734.8330280830281,-20.190842490842492,1023.7499999999999,731750094930836,354.852345,40c2ce5bf198276376c01cab9f678e7070c4aea89cafca03208872a8b405e679,16380,361.790468,True,109,118
435.08572573166896,67353188,941,-0.04287275436858122,731750099456569,0.0,True,True,67353188,1025,731750106065608,-10.492673992673993,1399.0238705738707,-29.22057387057387,1023.7499999999999,731750460966253,354.900645,2fbc767f10945fe056b82d754c3c845f5ac8b24b889e726c3c1c9672051942e5,16380,361.509684,True,110,116
716.194348534724,a4cd5ac3,942,-11.22293759410281,731750464466854,0.0,True,True,a4cd5ac3,1025,731750471071335,-0.7462148962148962,717.5922466422467,-0.917094017094017,1023.7499999999999,731750826225669,355.154334,799cd92beea2d924dfade0eacf8be6ec699a6deb8acb216377f1dc7e0ec96584,16380,361.758815,True,82,83
324.3937493496193,35cf6d45,943,-0.3247598308270594,731750833333002,0.0,True,True,35cf6d45,1025,731750842613863,-5.172405372405373,672.4476800976801,-17.924847374847374,1023.7499999999999,731751194913609,352.299746,583bba1e3f653a19fa12814ae6d9b5f79d6e0d4ec716b775f39868cd6be6b173,16380,361.580607,True,125,126
842.8475523435322,43ccb1b3,944,0.304409875421344,731751197657347,0.0029914529914529917,True,True,43ccb1b3,1025,731751204124948,-6.540964590964591,1234.6553724053724,-18.68217338217338,1023.7499999999999,731751558949605,354.824657,cd84aff32cb3d1a325a3c865b15b94dbbcd8abf17f8700f8d025dcf2d7632db1,16380,361.292258,True,139,162
211.94987898073978,ae4ee108,945,0.11522421440824823,731751562605991,0.0,True,True,ae4ee108,1025,731751569118087,-5.415567765567766,667.7814407814408,-20.6519536019536,1023.7499999999999,731751923951670,354.833583,6f85ee280dd32494800af7130558af2b444d81cec0c4c0454ac73c4a59aec577,16380,361.345679,True,83,87
974.0552710279816,dd2cf8f5,946,0.43509694667412635,731751927077301,0.0025946275946275945,True,True,dd2cf8f5,1025,731751934095115,-8.402442002442003,1716.7698412698412,-25.925152625152624,1023.7499999999999,731752288928347,354.833232,52e4e0c45a54d81cd54b7edab17b95b55f30fcf91c0a225127765489e3da74cc,16380,361.851046,True,143,161
504.2856106385136,80bde72f,947,0.19814336944046368,731752292225503,0.0,True,True,80bde72f,1025,731752299025343,-8.430891330891331,1462.645238095238,-29.78724053724054,1023.7499999999999,731752653970345,354.945002,cf7d203a96c3fe8fe0587d58581522c7eeda203a6b0cfea5967a14b5b0521a5c,16380,361.744842,True,121,121
715.9592112950812,300a4d8a,948,0.041538083642674,731752658179899,0.0015262515262515263,True,True,300a4d8a,1025,731752665112441,-6.759035409035409,1340.6954212454214,-24.063492063492063,1023.7499999999999,731753019979063,354.866622,6e801b70fd2e7f803e232dbb067a86c9e99e2c7f0f8336225a67245bac909333,16380,361.799164,True,126,155
350.31140231393897,da4ea5ad,949,-0.17591050192037372,731753022688526,0.0,True,True,da4ea5ad,1025,731753028989371,-6.187545787545788,643.7285103785104,-15.972832722832722,1023.7499999999999,731753383982933,354.993562,b12c0e4fa4c1e33c1aa8d21e6dc13527246d848fce0e0849190b28dc5a5f7a7c,16380,361.294407,True,126,125
443.9099733996162,87c5c4ec,950,-0.3779746482576902,731753387341766,0.0,True,True,87c5c4ec,1025,731753394160893,-7.702564102564103,922.3563492063493,-20.472344322344323,1023.7499999999999,731753748979091,354.818198,4f9c92d319afef48963e357c621dd8ebd1556442cdbeac176442deb9d303095a,16380,361.637325,True,126,125
515.913329591315,630277ed,951,-0.29496336345791857,731753775553079,0.0,True,True,630277ed,1025,731753782059364,-10.39035409035409,1218.7919413919415,-24.39096459096459,1023.7499999999999,731754136973804,354.91444,3e356a43cf286852b24f4339e28fc4f0b96f825396c8eb00ac5138f311f3c4a2,16380,361.420725,True,122,120
327.35823552651397,90ece769,952,-0.1303425029423724,731754143702400,0.0,True,True,90ece769,1025,731754151014190,-5.554090354090354,586.1166056166056,-15.096703296703296,1023.7499999999999,731754506081748,355.067558,6a78dbb9db3fe16f72c1b00bffe634c8e182aa08fddbf2a63d680e33341bf6f0,16380,362.379348,True,116,122
523.057060320293,a7297dba,953,0.12292370501908836,731754512358848,0.0,True,True,a7297dba,1025,731754519345623,-11.26947496947497,1282.2920024420025,-25.144261294261295,1023.7499999999999,731754873982284,354.636661,279636dae1f384e471d65f00f8c730151d8840d247fc5ecefcccc72e794a68db,16380,361.623436,True,123,125
478.55596444933445,857fe8bd,954,-0.011198158251075122,731754876526413,0.0,True,True,857fe8bd,1025,731754883068085,-9.16031746031746,1274.9597069597069,-26.692551892551894,1023.7499999999999,731755238274445,355.20636,dd475989352557c7acf671f569eb30315bf70042ec9e2d9c9c0ad4ff691d8c54,16380,361.748032,True,118,119
472.88095523964574,d2ee6cb3,955,-0.046937617534370986,731755243733596,0.0,True,True,d2ee6cb3,1025,731755251112102,-11.404029304029304,1197.503601953602,-24.383821733821733,1023.7499999999999,731755606043408,354.931306,bead0aa09ab3090fea080566d55c29f21ffed1e799d59e6ca258aea1ac546f12,16380,362.309812,True,125,121
506.8999629599813,a705faa7,956,0.2665909854785781,731755611078646,0.0,True,True,a705faa7,1025,731755618032008,-8.763308913308913,1162.268376068376,-24.053540903540902,1023.7499999999999,731755973045078,355.01307,558b593a20fabcd2f3440ffc596e3099f4114cccd1c61b6248c5b56122ae65fd,16380,361.966432,True,118,124
443.6450023629877,434df364,957,0.17493425522428882,731755984341517,0.0,True,True,434df364,1025,731755991195149,-7.928449328449329,894.5760683760684,-19.6995115995116,1023.7499999999999,731756346076650,354.881501,f457a5cf3c3fcc5ace2137a654c3814e6872c4864b0e07a6e3776e5368907bd2,16380,361.735133,True,123,126
845.413893469507,6ec77e15,958,-11.667771345960823,731756349741702,0.002960927960927961,True,True,6ec77e15,1025,731756357102736,-5.0617216117216115,1182.3484126984126,-17.644078144078144,1023.7499999999999,731756712041543,354.938807,bf6816f5c77daa9b5b89e78126837d8c9d5134f7a4258ab2957fb665487fca84,16380,362.299841,True,149,178
347.1686084462275,4f72ec41,959,-0.635919528772835,731756714969950,0.0,True,True,4f72ec41,1025,731756722037818,-4.606471306471306,892.9156288156288,-22.902564102564103,1023.7499999999999,731757077035096,354.997278,62d71495e9a0e337272b80353ff9bfa97785293035a38a00ba94064f9a04c900,16380,362.065146,True,109,108
587.7930025374164,50ad514e,960,0.35670600272208136,731757079062667,0.0011294261294261295,True,True,50ad514e,1025,731757086097873,-5.762698412698413,923.3942612942612,-17.38943833943834,1023.7499999999999,731757441061164,354.963291,b432aaccc83e268f8e9f954ac13f99989eebd74c14980038bb67155011c9af29,16380,361.998497,True,135,165
365.14310245750727,0805db20,961,-0.24168726623734763,731757444491452,0.0,True,True,0805db20,1025,731757451035077,-6.615384615384615,713.9375457875458,-17.465140415140414,1023.7499999999999,731757806094850,355.059773,723f1db40caae2bd974cb96c83c551d4f3f8f06b74058bcbdbdc8c89a4d47572,16380,361.603398,True,112,125
622.4863893212337,c2d12513,962,0.04722407982508745,731757810736703,0.00015262515262515263,True,True,c2d12513,1025,731757818014769,-7.9985347985347985,1216.1736874236874,-23.015445665445665,1023.7499999999999,731758173068241,355.053472,30763ff86b3b5f9b996e2392c3e6f32a00aea02b6c1131ad88110526c655ffa2,16380,362.331538,True,185,184
1203.3296060295693,547c4a23,963,-10.32282433276443,731758175908851,0.00030525030525030525,True,True,547c4a23,1025,731758182978834,-0.7763125763125763,1204.6129426129426,-0.825030525030525,1023.7499999999999,731758538618161,355.639327,9d07d3f5e68feb5990b6154136522a3f3a413bb11896ff6fd6090b7f2ce6811a,16380,362.70931,True,140,142
681.2898034024041,5707e329,964,-0.3169292271103563,731758542816624,0.0009462759462759463,True,True,5707e329,1025,731758550250646,-6.228693528693529,1096.0249084249085,-19.38913308913309,1023.7499999999999,731758905113593,354.862947,4014eac455a6ddede0ff179a563ef9de004196e511d1c7185a071edc980d2036,16380,362.296969,True,169,196
409.1961499215071,6a2e58f2,965,0.3667186896284516,731758909042926,0.0,True,True,6a2e58f2,1025,731758916044679,-5.331684981684981,864.7795482295483,-20.667765567765567,1023.7499999999999,731759271066336,355.021657,68e2ecdb0bd741a9256eeb33c676369cf026e20bdb57e58c7a6b474fd5224c53,16380,362.02341,True,109,113
758.8545242455957,7e8d1116,966,-0.6724429923844588,731759274047253,0.001800976800976801,True,True,7e8d1116,1025,731759281325239,-6.075641025641025,1216.588827838828,-20.513919413919414,1023.7499999999999,731759636155591,354.830352,8eb398c892e732eb89aa9a251dbe1c38293b2cb680d9b918a67f1d87bb03974c,16380,362.108338,True,160,184
486.1127895591723,ca64e395,967,0.053302954414261174,731759640320580,0.0,True,True,ca64e395,1025,731759646933567,-7.225030525030525,1378.0289987789988,-28.977838827838827,1023.7499999999999,731760002082152,355.148585,d644d38ec729d32af6a2b97b41e2ae0407228ad16fd87bc58a98ed2ae3923326,16380,361.761572,True,111,117
1028.6595888475922,22cb1f74,968,1.0034614752480162,731760006750545,0.0010073260073260074,True,True,22cb1f74,1025,731760014053228,-4.858424908424908,1208.7627594627595,-12.50995115995116,1023.7499999999999,731760369124645,355.071417,dbc9d053ff84438cfdb7de2e99378a4226d4c47705fc447fbf506751fbecf41b,16380,362.3741,True,173,192
292.00089446911795,92a1a0c6,969,-0.3275639980750894,731760374113425,0.0,True,True,92a1a0c6,1025,731760382071239,-4.942185592185592,932.8203907203907,-24.82728937728938,1023.7499999999999,731760736117703,354.046464,ab2e64ddecf7a1dc1d598beb2a4c88cb03ef9ca7b082af111927555b9e57ebef,16380,362.004278,True,88,96
390.7220391577626,9ebe9454,970,-0.2991490635974118,731760739870392,0.0,True,True,9ebe9454,1025,731760746947747,-5.5738095238095235,758.6082417582418,-18.35262515262515,1023.7499999999999,731761102153408,355.205661,ec55f1f78d7437aa551f2afbf26e4f21644b9f4ac318584754222bebbe7d1e48,16380,362.283016,True,113,118
454.25449684388326,8a402726,971,0.07591542036551356,731761106956035,0.0,True,True,8a402726,1025,731761113922761,-5.628449328449329,1000.4564713064713,-22.683089133089133,1023.7499999999999,731761469088273,355.165512,eaa26869f3ba98894dd7fc60e1d996ff324a26dea5c3d7782fb0952136a2901f,16380,362.132238,True,124,122
445.58323813549094,8c477c68,972,-0.1687116583824233,731761471094563,0.0,True,True,8c477c68,1025,731761477971730,-6.507875457875458,966.2870573870574,-21.871245421245423,1023.7499999999999,731761833158862,355.187132,bfea33a90256ffd4963a12c68cfbb3f77ee3422b5f8bc06b7fe2ec7aebb5d94c,16380,362.064299,True,123,130
346.09027512034845,93e81202,973,-0.05835513491708668,731761838400110,0.0,True,True,93e81202,1025,731761844983540,-6.589621489621489,644.8652014652015,-15.97973137973138,1023.7499999999999,731762200089579,355.106039,6f187f8a1a776929c31f907bd1a464cbc800d1bc1116338bf209f24a70a416a7,16380,361.689469,True,111,115
1092.73762087763,43c30ebb,974,0.36997380485500764,731762203318445,0.0017094017094017094,True,True,43c30ebb,1025,731762209972629,-5.428449328449329,1546.9053113553114,-20.608241758241757,1023.7499999999999,731762565389323,355.416694,ebf4b15fa142db3306afe3a8ea35c7014dcd2b2a109b66f3667e896c927b4297,16380,362.070878,True,186,197
337.10069563898315,6eb240e9,975,-0.5012281608412151,731762568483985,0.0,True,True,6eb240e9,1025,731762574911500,-4.136202686202687,584.1736874236874,-15.164590964590964,1023.7499999999999,731762930155346,355.243846,9b272180f9961302dfa6b18668a618682324b008907b331a43877ff8cb220891,16380,361.671361,True,115,121
447.4269921775416,1a184c0e,976,0.06377741903450956,731762933537783,0.0,True,True,1a184c0e,1025,731762939973944,-5.963003663003663,1127.1213675213676,-25.37985347985348,1023.7499999999999,731763295182673,355.208729,c584ab052fa819dd00aba3af4ad8eb1b05f05137b400502ffe1b532e76a6c05f,16380,361.64489,True,114,119
343.22427023559806,e7566056,977,0.13349239368037005,731763300151956,0.0,True,True,e7566056,1025,731763307016328,-5.978205128205128,662.3448717948718,-16.833943833943835,1023.7499999999999,731763662140896,355.124568,88db6e662ad7a4f62b5582025723599d96f6f3744b0b115dc4979260b08e2512,16380,361.98894,True,119,127
167.30582481316,2ad07924,978,-0.4309822162910868,731763665188529,0.0,True,True,2ad07924,1025,731763671970625,-6.043589743589743,465.58882783882785,-16.17893772893773,1023.7499999999999,731764027654722,355.684097,09255b2d99a713f2506170990755c0a9417a5f843f482d3f44f425497c2a342f,16380,362.466193,True,102,103
473.907945236828,633acdb1,979,-0.008881128654029286,731764033308031,0.0,True,True,633acdb1,1025,731764040443176,-8.55903540903541,1176.2835164835165,-25.082234432234433,1023.7499999999999,731764395447183,355.004007,3426f62d490766555ce83d195ad46be831b4bf82a89d75e3f661b5b66c87f48f,16380,362.139152,True,117,114
148.51976667546262,e0710fe0,980,0.11441440666241141,731764398823178,0.0,True,True,e0710fe0,1025,731764405965096,-4.312271062271062,549.4564102564102,-19.553540903540902,1023.7499999999999,731764761224916,355.25982,31908aee26669632a9f2917de0381c162a861eab85a004eeaac3afc235c2139e,16380,362.401738,True,64,66
486.82877289749996,7050c190,981,0.1930739832221875,731764764586845,0.0,True,True,7050c190,1025,731764772071111,-9.126800976800977,1299.3712454212455,-27.004517704517706,1023.7499999999999,731765127805721,355.73461,3ac5a30c63b329384e43b672ceba1f051c9283090963421d28fa4fe3188b83ee,16380,363.218876,True,115,118
1060.1343364737959,f3326d02,982,-10.245520867674818,731765131121812,0.00030525030525030525,True,True,f3326d02,1025,731765138026180,-0.7978021978021979,1061.630463980464,-0.9271672771672772,1023.7499999999999,731765493223339,355.197159,15d0718943d37255cc9ff6b710422fa2e3d0f7b3e082c75fc7b28604b5e7127b,16380,362.101527,True,104,109
467.3381051522077,293b30f6,983,-0.24920074851588866,731765498125785,0.0,True,True,293b30f6,1025,731765505062855,-7.587179487179487,1158.2214896214896,-25.165811965811965,1023.7499999999999,731765860201333,355.138478,72fc0ad40e12c3cc9249a1836ae1808f635d12903ff01c247e5f258956870fbf,16380,362.075548,True,120,123
468.30069982452767,0e6df6c9,984,0.29062308578962714,731765864160272,0.0,True,True,0e6df6c9,1025,731765870328024,-10.29102564102564,1318.8327228327228,-27.287851037851038,1023.7499999999999,731766226187518,355.859494,b48d75d005b749f2c1a8a9046d7887d7742a8ad9b22afbf44111690e529b3f59,16380,362.027246,True,115,112
356.59113424155544,e7a23e10,985,0.16597750003583456,731766231039057,0.0,True,True,e7a23e10,1025,731766237441074,-6.078693528693528,653.0879120879121,-16.11043956043956,1023.7499999999999,731766593186498,355.745424,5056606a539529e17fcce8d296bb52124a3042d3dc3bea481c0020d07045b7b1,16380,362.147441,True,114,116
474.79311123857826,00860203,986,0.1276048401774157,731766595911720,0.0,True,True,00860203,1025,731766602392365,-8.622161172161173,1092.5882173382174,-23.31208791208791,1023.7499999999999,731766958177464,355.785099,331a31fabc8678a905c196af831ecdebfb5426415f2b6478f6c510941256f1d0,16380,362.265744,True,110,123
289.93386520310514,d9a3a21f,987,-0.23414411084480388,731766960633096,0.0,True,True,d9a3a21f,1025,731766967299884,-5.209157509157509,625.8264346764347,-17.571489621489622,1023.7499999999999,731767323196413,355.896529,d328e568637db211e7b802a839abcc003dbec0822ef1fdc000548fcf5c5cfa46,16380,362.563317,True,105,111
522.9418354525681,f06f35d2,988,-0.12201043609274023,731767325630554,0.0,True,True,f06f35d2,1025,731767332390418,-6.970818070818071,1099.7481074481075,-22.982905982905983,1023.7499999999999,731767688223776,355.833358,1b4739da03a0c056a347c2db929fbc4c6019e736e12f3591492ea62e5937ceb4,16380,362.593222,True,123,122
511.87856495458146,c1f7cfc2,989,0.05856242245908297,731767694474906,0.0,True,True,c1f7cfc2,1025,731767700411381,-7.052564102564102,1031.6332722832724,-21.67985347985348,1023.7499999999999,731768056312457,355.901076,e4f7c519ff8d6d590ec3d2e29f7ef59e17ab9409da5c8772699b290bc9a0e544,16380,361.837551,True,124,126
488.46504900776876,ed7287f6,990,0.49135097238704384,731768069840962,0.0,True,True,ed7287f6,1025,731768077430197,-7.981868131868132,1361.0047008547008,-28.43992673992674,1023.7499999999999,731768432224374,354.794177,ec0e7f8c4c376d7510dddb96147e8eb0e96cfb21ae4d28587a9b9a79a012c3c7,16380,362.383412,True,117,118
553.2333203480823,32734d39,991,-0.22898608279738575,731768434644789,0.0,True,True,32734d39,1025,731768441421655,-6.446886446886447,1369.9931623931625,-27.84236874236874,1023.7499999999999,731768798122172,356.700517,16356ff83340fdb23f407627c9b36abcab476770bf26c99b69f52d66748c6030,16380,363.477383,True,122,130
620.0474502356279,8e71b914,992,-7.45364544296039,731768802801545,3.0525030525030525e-05,True,True,8e71b914,1025,731768809806363,-2.538949938949939,890.4530525030525,-16.246825396825397,1023.7499999999999,731769165283934,355.477571,fa820dd515d23f22e675bbbbb60dee8bd0e7ab1a6a5ffd5283674930f513b0b0,16380,362.482389,True,134,150
324.0727816539722,c25b9bb5,993,-0.49636648002210565,731769171033645,0.0,True,True,c25b9bb5,1025,731769177445961,-3.2545177045177045,593.3264957264958,-16.082967032967034,1023.7499999999999,731769533268933,355.822972,5545bfcbc465da0d8fa68cfcf4a36807e3eff47eeb7dadf8652199042fea6fb4,16380,362.235288,True,128,126
1101.3396986668872,d7348bf4,994,-10.013467251098504,731769536628567,0.0003663003663003663,True,True,d7348bf4,1025,731769543389292,-1.4711233211233212,1115.3336385836385,-3.4394383394383397,1023.7499999999999,731769899320299,355.931007,89bc1bb3abbced703bed5bcedfa02bfd2adf447669ec18add7756c15107e9967,16380,362.691732,True,118,142
505.05490666198546,fcf795d0,995,-0.11037851789736818,731769903245133,0.0,True,True,fcf795d0,1025,731769909388860,-9.106532356532357,1376.4894383394383,-28.08034188034188,1023.7499999999999,731770265284539,355.895679,1318c7686540cb33e25a637954df30ee9d57b5775889a8ffa8d515fc938f7e63,16380,362.039406,True,114,121
349.85560464904785,67a0bd3b,996,0.15945019519104067,731770268663259,0.0,True,True,67a0bd3b,1025,731770275421309,-4.751648351648352,794.8090354090355,-20.55177045177045,1023.7499999999999,731770632615706,357.194397,0d826f5fafb608fb9a0cafd4102504388a656254e5c90ede493aa2fc5834ec1b,16380,363.952447,True,107,114
844.4831341230333,bb1faabc,997,-3.466344431501845,731770635776854,0.0009462759462759463,True,True,bb1faabc,1025,731770642435245,-4.544871794871795,1076.8823565323564,-14.551404151404151,1023.7499999999999,731771000364754,357.929509,d1abdc6e970a923131404c1f7f30a2045a6173bbea551043a02426741afaaa2a,16380,364.5879,True,140,158
191.514418261497,92e20712,998,0.4258870792483135,731771004620856,0.0,True,True,92e20712,1025,731771011606848,-3.6786324786324784,375.352442002442,-13.0501221001221,1023.7499999999999,731771367302424,355.695576,d99f932d1b2cc2f23b77abb4bc3f9ab3ccf3e0779277a5b8cb39f3caaba8e5fa,16380,362.681568,True,116,126
777.9306911999951,673d4596,999,0.12597544697475227,731771375152934,0.0011904761904761906,True,True,673d4596,1025,731771382195994,-6.638339438339439,1359.513308913309,-23.184371184371184,1023.7499999999999,731771736497849,354.301855,7876d401b63c3239a24e41025ac3b593a2e93b5f70d911176869bec8c708c703,16380,361.344915,True,162,192
548.8543604465674,fbb2d886,1000,-11.552165409105918,731771739333049,0.0,True,True,fbb2d886,1025,731771745459293,-4.867643467643467,762.0341269841269,-13.765384615384615,1023.7499999999999,731772100414325,354.955032,c3b935e4de27b1215e69b55c5fce27827d501944de2e07fe3ec011ae36c64db3,16380,361.081276,True,122,135
422.7528744478286,c1cc9cb7,1001,-0.4680040183905524,731772104736932,0.0,True,True,c1cc9cb7,1025,731772111640569,-4.406776556776557,815.6152014652015,-19.324664224664225,1023.7499999999999,731772466498354,354.857785,2c2e7c74ae78bf6d44ce67eedde2a3e9eb7c6fada4b153c5ce02ef167cb2ea0b,16380,361.761422,True,117,124
438.04783336762273,c2af23a0,1002,0.13765687280305197,731772471397924,0.0,True,True,c2af23a0,1025,731772478296762,-4.371733821733821,1029.4910256410255,-23.923443223443222,1023.7499999999999,731772832443509,354.146747,7f4cbc689f75b8eebcbc8c0790af675d94612b57d67c4d0ffae9af140e6d75fb,16380,361.045585,True,114,114
398.1424031771376,9377c19e,1003,-0.3319755265688035,731772836886184,0.0,True,True,9377c19e,1025,731772843485133,-4.1962759462759465,755.5119047619048,-18.432600732600733,1023.7499999999999,731773199287577,355.802444,11016887ea8471217c99431869f71c2ca60e24cafac7149fe8968852f2db6574,16380,362.401393,True,120,123
362.16620400932675,272a7015,1004,0.09226121152808332,731773204225019,0.0,True,True,272a7015,1025,731773212756699,-6.142368742368743,681.1900488400488,-16.771855921855924,1023.7499999999999,731773565388154,352.631455,a31795a96f0d02127f43df520fed5b14f00d41bbf52d914cbb43fa959f2403fc,16380,361.163135,True,122,129
580.8312885178178,b9ee95db,1005,-0.2493127329605348,731773568847887,0.0014041514041514042,True,True,b9ee95db,1025,731773575463638,-4.846275946275946,816.3471916971916,-14.561233211233212,1023.7499999999999,731773930379430,354.915792,0dfb77ec0b161bbacf4c93e518c0ce52d85f27eeaf35a60ee28bc1a4e3a5252c,16380,361.531543,True,152,175
343.0262744181609,39fca02e,1006,0.24014492292716835,731773932279458,0.0,True,True,39fca02e,1025,731773938545737,-2.2596459096459096,575.9671550671551,-15.094200244200245,1023.7499999999999,731774293434176,354.888439,8320860a153e2b7976efd212d4e2c58b3b87d5c82d2ef904848ef59c84ba35cf,16380,361.154718,True,128,136
250.5881302393848,890350be,1007,0.4139509638837411,731774295887042,0.0,True,True,890350be,1025,731774302513403,-4.627594627594628,627.7626984126985,-18.86159951159951,1023.7499999999999,731774657393093,354.87969,9c5a7594948a8b17055ad655a92600457692e919c08fc557d33495af9b2903b8,16380,361.506051,True,94,103
1261.867926899447,120b1012,1008,-9.870838861842874,731774660108707,0.0010378510378510379,True,True,120b1012,1025,731774666545769,-1.0246031746031745,1264.119291819292,-1.0961538461538463,1023.7499999999999,731775021443844,354.898075,f3ac89dfb6aa226b5d3d04b2d43ec04b06e07da50824147cee2a9ac3c57838e1,16380,361.335137,True,128,143
636.4931865746516,20c49520,1009,0.5405286239499765,731775028720757,0.001343101343101343,True,True,20c49520,1025,731775035513103,-6.414896214896215,1022.0796092796093,-18.55897435897436,1023.7499999999999,731775390441874,354.928771,8a229f63d908edba923e1595da36f065e9512a72e2b4c7555695035ffb4a52e3,16380,361.721117,True,147,174
390.8645612930687,c24db674,1010,-0.7367554165892992,731775394553502,0.0,True,True,c24db674,1025,731775404062843,-6.088217338217338,834.1429181929182,-20.154700854700856,1023.7499999999999,731775756448126,352.385283,5e3b3b8c68497b780e937518ce9aad3c86688404d874d65e1a0c04c28f2c2a2f,16380,361.894624,True,111,113
398.2728357604273,7ea4ffae,1011,0.0033874685351146096,731775763640990,0.0,True,True,7ea4ffae,1025,731775770513888,-8.858791208791208,1221.4478021978023,-27.289133089133088,1023.7499999999999,731776125470310,354.956422,f130ee15562fddc8adcb063c8efad325dab95e7b616de9ef5ddd34f8eddaed26,16380,361.82932,True,110,112
318.5563410141615,1824ee75,1012,0.07640183721002809,731776132945459,0.0,True,True,1824ee75,1025,731776139573873,-4.004700854700855,576.0510378510379,-15.53888888888889,1023.7499999999999,731776494435955,354.862082,25a31dec687571139b4cec36f280a9fb7e0be7d9aff21e76e0f00b02fb64b583,16380,361.490496,True,122,123
488.21583111943,2d9b2764,1013,-0.023619636650725886,731776500054857,0.0,True,True,2d9b2764,1025,731776506588072,-9.636080586080586,1348.0352258852258,-27.694139194139193,1023.7499999999999,731776861460452,354.87238,5d275d2fb91e4b9f50efde233e7b796b5ccc8cc55315abe3cd0d67b72a2a769e,16380,361.405595,True,119,121
470.67146500392835,a476b09c,1014,0.2233479057351626,731776863974825,0.0,True,True,a476b09c,1025,731776870564896,-7.877350427350428,1132.5912698412699,-24.492185592185592,1023.7499999999999,731777225463587,354.898691,789f68082d17286e469d67ae64114b1eb51647c2bec4a16f3deca8daae3493c2,16380,361.488762,True,123,124
111.16332616237379,58cf3fa4,1015,0.005027279926910365,731777228914813,0.0,True,True,58cf3fa4,1025,731777235561002,-3.6608058608058607,259.8452991452991,-11.63101343101343,1023.7499999999999,731777590559528,354.998526,6abb39fe06333251ba95b48819c8b72bb4d7e2cea4fc33852553de1b6e18ccd0,16380,361.644715,True,97,97
641.6443272939243,b636b35e,1016,-15.0056366166086,731777595792860,0.0,True,True,b636b35e,1025,731777602616565,-5.367155067155067,885.8735042735043,-14.677289377289377,1023.7499999999999,731777957443035,354.82647,5f7c373c51edd0ec11761ec759004ee990788e5d40a39dc5e89f8ff054022b32,16380,361.650175,True,120,138
478.8943857722795,3a0db375,1017,0.46370553156143757,731777959564784,0.0,True,True,3a0db375,1025,731777966654673,-6.516422466422466,952.2095238095238,-20.75695970695971,1023.7499999999999,731778321559280,354.904607,d696ddd702e03abefd67eb1d36dbdc950a1c61302201a9d1e86f7179c5913980,16380,361.994496,True,122,129
412.7685467327409,767fe978,1018,-0.05690687901109784,731778327112408,0.0,True,True,767fe978,1025,731778333637056,-5.623382173382173,811.2771672771672,-19.154273504273505,1023.7499999999999,731778688453755,354.816699,463ba4e4c9d5cef40fd6fec59e3bfdcb8c6e5edf953ef7db2db1eacab38ac737,16380,361.341347,True,121,124
701.3168962342772,e308d3b2,1019,-14.641331918192108,731778691310947,0.002655677655677656,True,True,e308d3b2,1025,731778697601792,-4.607387057387057,892.5065934065934,-13.036935286935288,1023.7499999999999,731779052495807,354.894015,081c7cbfb8cef03054c2b00247c22381d9493ea3c0dd718ff26d94a317c30a73,16380,361.18486,True,140,173
1148.5740859262837,1727714c,1020,-7.411328465691231,731779055456034,0.0013736263736263737,True,True,1727714c,1025,731779062607108,-1.015018315018315,1150.4960927960929,-0.9443223443223443,1023.7499999999999,731779417538072,354.930964,883600e45e8ce5e415abe3b4acc97e77b58b759521ebdec917f17e5a178e356f,16380,362.082038,True,141,156
643.0983073404684,a462d746,1021,-0.10044249374798671,731779421616327,0.0001221001221001221,True,True,a462d746,1025,731779428829669,-8.067887667887668,1289.7173382173382,-24.114896214896216,1023.7499999999999,731779783524714,354.695045,87b36fce0d18d5b317abb24eb68bf4900a1da2329b4e033dd9f1aa768cc7310b,16380,361.908387,True,178,178
935.3364393092324,d352242e,1022,5.026993608880986,731779787343097,0.003663003663003663,True,True,d352242e,1025,731779793743980,-4.672283272283273,1214.2559829059828,-16.034004884004883,1023.7499999999999,731780148515571,354.771591,f0d365c8c47a59b2405b3fdcbfd4adbc5016cbaa0138bb7ca4b2769ba5cf7611,16380,361.172474,True,169,196
741.657968691531,b7c3ea2a,1023,-12.225206212453665,731780151289515,0.0027167277167277166,True,True,b7c3ea2a,1025,731780157701429,-6.821855921855922,992.4360805860806,-14.291269841269841,1023.7499999999999,731780512488466,354.787037,00b3cab1d605a228ba031705f7266ae6507f322241941a553d6de4cb5f90b9d8,16380,361.198951,True,145,169
316.16216243192434,df2b0aee,1024,-0.47052316240636693,731780515983636,0.0,True,True,df2b0aee,1025,731780522674409,-6.20970695970696,535.2443223443223,-13.435836385836385,1023.7499999999999,731780877929542,355.255133,a8b304d2d2eb980190dbaf634c9af5826496da5f473f261f20fd2804b2b697f5,16380,361.945906,True,123,126
360.0824395872747,05612c9c,1025,0.01134316985005979,731780883868561,0.0,True,True,05612c9c,1025,731780890651508,-7.336996336996337,722.4631257631257,-17.565567765567767,1023.7499999999999,731781245529707,354.878199,c5cfe69a05c9c891936fddd1d51df142b9c94b29f5646eced073d56f952e80e6,16380,361.661146,True,120,121
500.9283603511534,6a46ba11,1026,-0.20163502866871663,731781249640573,0.0,True,True,6a46ba11,1025,731781256706807,-11.771550671550672,1334.0261904761905,-26.353907203907205,1023.7499999999999,731781611546220,354.839413,2da08f3409c1876e8f156cfa721f4955d6c056e0f06c17db02bb753b02e7b81d,16380,361.905647,True,113,121
474.1575178864007,b305f2b9,1027,-0.4922337790348858,731781614588843,0.0,True,True,b305f2b9,1025,731781621728586,-7.026678876678877,991.3822954822955,-21.62985347985348,1023.7499999999999,731781976572467,354.843881,cad927bf879f30d0648c4494b0c18730f658f9648aec390d46bdff4b2d6bb0b3,16380,361.983624,True,119,130
485.86856496948985,219d0ca4,1028,-0.1846144703285197,731781980141968,0.0,True,True,219d0ca4,1025,731781986731619,-9.946825396825396,1198.6735653235653,-24.776312576312577,1023.7499999999999,731782342633483,355.901864,75ce13b150aac36d411cbe8d9200609d832f76393647d7de3d190ed3daca8a3b,16380,362.491515,True,117,118
372.20313382859166,7519b1d2,1029,0.45081366239519366,731782351699775,0.0,True,True,7519b1d2,1025,731782362123567,-5.548840048840049,663.5451770451771,-16.14163614163614,1023.7499999999999,731782713677826,351.554259,9276091e904d53bd788837c4b4f5aca6f45d652d44dd2c13c965576da8bf03e9,16380,361.978051,True,122,126
696.9624229792728,092c8051,1030,-12.972919426837013,731782721542191,3.0525030525030525e-05,True,True,092c8051,1025,731782728760633,-6.836630036630036,1103.4317460317461,-18.966544566544567,1023.7499999999999,731783083581267,354.820634,b347ecc8fe5b689ff8408bc98a1be2bbb0cc34038661b6a783aab2757b5dbcfd,16380,362.039076,True,131,138
400.3639846830689,4aab5aaf,1031,-0.14541788664711439,731783089545153,0.0,True,True,4aab5aaf,1025,731783096698051,-6.758119658119658,741.8677655677656,-17.1997557997558,1023.7499999999999,731783452912513,356.214462,f4f6f636a1eb3ead89c500b1811aecb2870d7d33d6290d6d02984c1de74fa29e,16380,363.36736,True,127,130
480.306127987465,002b03d8,1032,0.40631813496366165,731783461447248,0.0,True,True,002b03d8,1025,731783470310786,-5.755982905982906,1085.9993894993895,-23.928266178266178,1023.7499999999999,731783823587723,353.276937,f33778b1414f855898f60cbae4e27842a8478cd036ba965cdaefefb796d5e96a,16380,362.140475,True,119,122
436.4402968792163,022c8d92,1033,0.07697385608318943,731783826306924,0.0,True,True,022c8d92,1025,731783832809029,-7.170634920634921,1208.8857142857144,-26.851953601953603,1023.7499999999999,731784187585356,354.776327,139bca43564a49c7b7c409f7a5718770f9ed541817b4bec72a1e922276c3fa02,16380,361.278432,True,116,113
400.9407845342827,206bc8e8,1034,-0.3737907591857067,731784190486461,0.0,True,True,206bc8e8,1025,731784197718929,-8.071978021978023,944.9992673992674,-21.883821733821733,1023.7499999999999,731784552565036,354.846107,a62f214e40d9c87ea843d983a08bb78b810cfa3aff649712f92ca43707f94559,16380,362.078575,True,112,115
490.91565155099954,50edf1c1,1035,0.308489832024183,731784555420114,0.0,True,True,50edf1c1,1025,731784562761208,-10.475335775335775,1425.7616605616606,-28.724786324786326,1023.7499999999999,731784917674853,354.913645,51c3c984ceaf7e37cec08e343213e3779424c4a5c489f492e0fa0266e03f6b16,16380,362.254739,True,118,118
489.5179393069961,3a09fe19,1036,0.4339744731621609,731784921074221,0.0,True,True,3a09fe19,1025,731784927788037,-7.846947496947497,1224.479181929182,-25.94969474969475,1023.7499999999999,731785283156092,355.368055,d33f0482fd20c41e1620cb20d74ee663b78941369947c2cf91424cae76f8a9e0,16380,362.081871,True,120,123
490.8015534258849,af058e47,1037,0.22431240965606647,731785287836727,0.0,True,True,af058e47,1025,731785295054267,-8.388400488400489,1000.0795482295482,-20.9502442002442,1023.7499999999999,731785649600784,354.546517,bc2c985fae4d3cb9ff06d37164fc2f0f6e368aaa937bdd9b371f70fe1f8f62cd,16380,361.764057,True,125,128
492.33201710818014,e7013dec,1038,-0.3265288838267083,731785653703875,0.0,True,True,e7013dec,1025,731785660646364,-6.433882783882784,1069.2056776556776,-23.14041514041514,1023.7499999999999,731786015613046,354.966682,35bbb33f61831a1426a1ae2d196fe476d1d6b84c7cf57cb8d234c79876a69b92,16380,361.909171,True,129,131
432.73128654990376,56a57400,1039,0.03417200931435611,731786020208891,0.0,True,True,56a57400,1025,731786026641764,-6.1431623931623935,907.6677045177045,-20.909279609279608,1023.7499999999999,731786383358330,356.716566,b2b4cb5dfeaa780bb18c0db660565e904bd8f174e11b87710d14a87ed96befde,16380,363.149439,True,117,121
527.4190083912155,d7e94997,1040,0.17189446499611705,731786388119277,0.0,True,True,d7e94997,1025,731786397503160,-9.665201465201465,1450.2364468864469,-28.79932844932845,1023.7499999999999,731786749643677,352.140517,475b864c548ac0130e10d10716f84091c804d1d6d353fcc183bf7e09aff8ad73,16380,361.5244,True,116,125
516.146854673274,08af3c08,1041,0.0867222520310659,731786753180094,0.0,True,True,08af3c08,1025,731786760493907,-10.518192918192918,1382.0591575091576,-27.482356532356533,1023.7499999999999,731787114624042,354.130135,dfa3fac1676f621787b1841420128cb0fe5543f58e01bbb79a1ea73caa0496f5,16380,361.443948,True,114,124
494.3010573587313,6eddbc52,1042,0.657176341272482,731787117336840,0.0,True,True,6eddbc52,1025,731787124687812,-5.167582417582418,1036.7246642246641,-22.70946275946276,1023.7499999999999,731787479711948,355.024136,aa3a5570782a78f612d83272abcebe56173e5bce35a6d3ab0d9649295d1d0b32,16380,362.375108,True,126,133
481.4189356193935,90bfefcb,1043,0.3990214544042117,731787483571498,0.0,True,True,90bfefcb,1025,731787490684220,-9.99004884004884,1362.313308913309,-27.948046398046397,1023.7499999999999,731787845633052,354.948832,9c6d424486cec5923afb2e1381523f4a69acdc250f97a81f0267d1d9c8b49d85,16380,362.061554,True,114,124
427.00947516328466,c803c23f,1044,-0.173239402493448,731787848272261,0.0,True,True,c803c23f,1025,731787854724912,-6.187789987789988,961.9893772893773,-22.286568986568987,1023.7499999999999,731788211626974,356.902062,d5d2bd8a5eaf3fccd8035e4c28b094101689e43a38a181ab051c3de988e2495d,16380,363.354713,True,119,121
367.27231352150767,f76b0b2b,1045,0.2750247448506971,731788219987038,0.0,True,True,f76b0b2b,1025,731788226753583,-5.641636141636142,678.7698412698413,-16.723321123321124,1023.7499999999999,731788581728673,354.97509,f2fe20cd20f767a20a46684d2efc40231b9046d23d4e0d86f049937533f33299,16380,361.741635,True,113,121
125.03385677983665,a32c57dc,1046,0.7707332929978573,731788587368705,0.0,True,True,a32c57dc,1025,731788594731770,-5.025702075702076,374.4937118437118,-14.973382173382173,1023.7499999999999,731788949664660,354.93289,fb3c090bf434ba0dc6bfe1eb74a74c0bbe58d4e0d90e126585003bb02bfa4635,16380,362.295955,True,63,62
356.38984958129646,72541acd,1047,-0.11846402368049848,731788953075169,0.0,True,True,72541acd,1025,731788959679718,-4.948778998778999,664.0338217338217,-16.827167277167277,1023.7499999999999,731789314707106,355.027388,4f93ecabdf8bccfb74707ec669586e7c8b0ee9ce636975e0f5034f239b15d4a6,16380,361.631937,True,122,120
576.872103234237,c8699580,1048,-0.2574033930385229,731789319853944,0.0,True,True,c8699580,1025,731789326720549,-6.584920634920635,1343.9089743589743,-26.901221001221,1023.7499999999999,731789681699793,354.979244,2cf403b4e910fb523c9a95902ada180400ac597341af797ca23bb99aa82e4dfd,16380,361.845849,True,124,128
451.94957002568725,68c53ae8,1049,-0.5052694231211501,731789695836868,0.0,True,True,68c53ae8,1025,731789702799365,-4.997557997557998,815.925641025641,-18.41196581196581,1023.7499999999999,731790057681796,354.882431,b4a5507043d7cb575bfd704245d033e1f9b6bde2da9436e5b529d542e4bd9fc4,16380,361.844928,True,127,139
528.8230218177563,ba99a0d1,1050,0.610773793087065,731790060568473,0.0,True,True,ba99a0d1,1025,731790067610290,-7.69945054945055,1072.6258241758242,-22.011843711843714,1023.7499999999999,731790422725029,355.114739,1bc6efd7246fe19c3090f8abf10e399e54b6d1dea2a9f76e0150a8e0a67d4b1b,16380,362.156556,True,121,134
1015.7952104177195,b0c1046c,1051,-9.560136226637798,731790426588467,0.00057997557997558,True,True,b0c1046c,1025,731790433616628,-0.7261904761904762,1017.1623931623932,-0.9164224664224664,1023.7499999999999,731790788712831,355.096203,fd52adc29b0df273e1cbcc083cad03505a93ad266983646c3df73fa690171d47,16380,362.124364,True,119,135
796.0520517703028,6c9ca931,1052,0.123588894756343,731790792384956,0.0011904761904761906,True,True,6c9ca931,1025,731790799534587,-5.325396825396825,1031.7349816849817,-14.398717948717948,1023.7499999999999,731791154707265,355.172678,8ce340aa1ad77bcd80e6a002d40076071044387001d682d1b57426d1218b4772,16380,362.322309,True,190,196
772.5081565415998,cfcb21bf,1053,-0.32049085398583393,731791159629006,0.0014346764346764348,True,True,cfcb21bf,1025,731791166612492,-9.062759462759463,1361.2214896214896,-22.507326007326007,1023.7499999999999,731791521828310,355.215818,36b190f052f9747e97e07557d3621759c0e199b67fdedf9165252680c9121582,16380,362.199304,True,153,168
265.873422031096,bc1e875f,1054,-0.29392339801425305,731791532395583,0.0,True,True,bc1e875f,1025,731791539885238,-5.476129426129426,552.6532356532357,-16.024725274725274,1023.7499999999999,731791894787812,354.902574,ec82798c7a1243ddd539b82a68a697bcb48100531ce37e815c30a04025d6c1bd,16380,362.392229,True,114,120
807.0131059796262,9e336093,1055,12.749697464329234,731791898753132,0.002564102564102564,True,True,9e336093,1025,731791905657608,-5.074358974358974,1158.2188034188034,-18.040415140415142,1023.7499999999999,731792260763026,355.105418,101a016c038d346965b9ff002bbfa4ac7b70dcdc7b09f8bdb19e8e4b1bc1bf3f,16380,362.009894,True,146,163
424.6334936996933,adaf859f,1056,-10.183715960351766,731792266896442,0.0,True,True,adaf859f,1025,731792273873977,-1.4812576312576313,428.8635531135531,-1.426862026862027,1023.7499999999999,731792628726964,354.852987,3f099c586e57a19fc5fb688944d33b83ae3c93e0ed7a028026ebc804fc266e29,16380,361.830522,True,60,60
509.1215265198781,2a115193,1057,-0.17683559803333254,731792633493210,0.0,True,True,2a115193,1025,731792640633013,-9.647985347985347,1299.5520146520146,-26.407326007326006,1023.7499999999999,731792995824781,355.191768,a4a01c8ba566c100bbe4393be2007950a74b2df88145332bc21b0573304781cb,16380,362.331571,True,118,127
1002.3080290148057,46ef330a,1058,-2.319564924599554,731792999737782,0.004975579975579975,True,True,46ef330a,1025,731793006628232,-4.427716727716728,1216.465811965812,-13.948229548229548,1023.7499999999999,731793361759845,355.131613,39ec7e5fe61543f2632b9d4d1d2f3950038626b3c25c4490682309644cc613f8,16380,362.022063,True,164,193
552.4001579549199,13920681,1059,-0.5147111504862474,731793365559101,0.0,True,True,13920681,1025,731793372586861,-8.55006105006105,1396.0236874236875,-27.75824175824176,1023.7499999999999,731793728127767,355.540906,70b5634e12860adb9f8420a1f720364166ff7c133950ed0e7ff6aa20ba7a4bb3,16380,362.568666,True,126,126
856.0285941303981,5c0b74b1,1060,-0.1823043711775998,731793733379965,0.0014652014652014652,True,True,5c0b74b1,1025,731793740671504,-8.72039072039072,1499.2957875457876,-23.816422466422466,1023.7499999999999,731794095768931,355.097427,e67cad0cea7c4166c3b83cbb355a402ab9e0079fffb5b15ab860861ad12fc5ce,16380,362.388966,True,177,207
499.8444561550239,2bf94795,1061,-0.34361519302857746,731794100375235,0.0,True,True,2bf94795,1025,731794107559351,-6.764163614163614,1235.2443223443224,-26.261111111111113,1023.7499999999999,731794462716990,355.157639,59d51ee5cdb2f58e987cc52e188736c3435c17535a316d8dd442bbeedda1e88d,16380,362.341755,True,128,131
475.0816149381076,ce629f2b,1062,0.005859879435575039,731794465549765,0.0,True,True,ce629f2b,1025,731794472646225,-7.481257631257631,1156.6553724053724,-25.012087912087914,1023.7499999999999,731794827723040,355.076815,07ff8b9b8080826ad7d95d5807fd7f462b5bd38d7cfb312b95705ee8e9957b7e,16380,362.173275,True,114,122
448.2562181127108,1d5d94f7,1063,-0.12219467000448442,731794830084753,3.0525030525030525e-05,True,True,1d5d94f7,1025,731794836630941,-5.2495115995115995,1020.8222832722832,-23.345421245421246,1023.7499999999999,731795191781265,355.150324,da31b62aad34fbd645ef2e30053c94808926ef2580fc2025cfacd3f1f60f9dbf,16380,361.696512,True,120,127
359.5616258771753,b1f217ae,1064,-0.19583770952267904,731795194380819,0.0,True,True,b1f217ae,1025,731795201545859,-4.220695970695971,597.9092796092796,-14.8503663003663,1023.7499999999999,731795556913842,355.367983,9d11157c808f57e3c52253df201193d7672b0e794b519b1d0fafa94485b5faa3,16380,362.533023,True,123,128
500.15471456673833,99029bc8,1065,-0.18839317767430722,731795563086272,0.0,True,True,99029bc8,1025,731795570275628,-8.596398046398047,1125.843772893773,-23.49023199023199,1023.7499999999999,731795924797830,354.522202,0a043a52691aac481c311295dfb5caf094b549da4ab0e789a21a118805007137,16380,361.711558,True,122,122
522.953802080771,9a3f5253,1066,0.10849527119601825,731795927215589,0.0,True,True,9a3f5253,1025,731795933500882,-7.8931623931623935,1149.2893162393163,-23.749389499389498,1023.7499999999999,731796288774697,355.273815,2b2c49b98068a182793b3ca0d9ea8a568bcd500e2b1e1adf706b12025b4953e2,16380,361.559108,True,130,136
908.6042410299644,c6dd2609,1067,-0.02660250165259698,731796291268760,0.0021672771672771674,True,True,c6dd2609,1025,731796298731604,-7.421428571428572,1488.3714896214897,-22.906105006105005,1023.7499999999999,731796653775330,355.043726,8150471b54dc4f02bee9fe2ab1316610ed2ac1f9c7cb3c3baadbe0e3084b460d,16380,362.50657,True,149,167
491.49427989254,6ace05e1,1068,0.18346211367646803,731796657224132,0.0,True,True,6ace05e1,1025,731796663588696,-7.4703907203907205,1036.5667887667887,-22.11935286935287,1023.7499999999999,731797018849704,355.261008,dd28b926bdb1135668399706d33f38daa10937251d13782f8b79613096c8a4af,16380,361.625572,True,122,126
928.3659633982895,18c6ad5c,1069,-2.2045472333084053,731797023620349,0.0025946275946275945,True,True,18c6ad5c,1025,731797030626207,-4.645360195360196,1335.6264957264957,-19.638766788766787,1023.7499999999999,731797385793096,355.166889,dffa47742522cb93fb31d977bef153e5e0d0766d177cf7d2a929912b9b910cac,16380,362.172747,True,178,206
908.7531642045378,397b2507,1070,11.326937580859568,731797388365167,0.0028388278388278387,True,True,397b2507,1025,731797395578809,-6.343040293040293,1351.70989010989,-20.067948717948717,1023.7499999999999,731797750865042,355.286233,5046716c1b7a1ba6615b70e9252fe613d9a482638c9f948a3608a0913f82956e,16380,362.499875,True,147,162
1063.2049954454717,167a4ba2,1071,2.6110916633960746,731797757320417,0.0031746031746031746,True,True,167a4ba2,1025,731797764608270,-7.878876678876679,1585.9264957264957,-21.462637362637363,1023.7499999999999,731798119779094,355.170824,076e8644af7dfbac4ea0251289adf79c236627f766b2c6f067221e22c3a49a48,16380,362.458677,True,178,205
939.1592506980877,72c5f689,1072,0.0678421020714268,731798121574975,0.0027167277167277166,True,True,72c5f689,1025,731798128568901,-6.887301587301588,1440.9528083028083,-21.315689865689865,1023.7499999999999,731798483824143,355.255242,e11464f872eb13286a3182f5f12d81daf67cfdfa80cf513fd160921cb33df958,16380,362.249168,True,158,173
5121.360318265374,dd606105,1073,-7.7995025646451435,731798489349106,0.036965811965811966,True,True,dd606105,1025,731798495984102,-1.4157509157509158,5126.219902319903,-1.6897435897435897,1023.7499999999999,731798851838789,355.854687,de66b828a112a948198e577e0e1fdb29570e6ffe332ceda3bde0b6d89c4e0cd9,16380,362.489683,True,221,240
896.1245341447997,cfc1aa93,1074,-0.47807911352342325,731798854731077,0.002442002442002442,True,True,cfc1aa93,1025,731798860970313,-4.922405372405373,1123.5302197802198,-14.253968253968255,1023.7499999999999,731799216800774,355.830461,f4379fc150b8d45927d9f58bfafe01b77a28df7abc96f565386aaddbfbaeffed,16380,362.069697,True,207,218
1601.1147399669928,930cc6d7,1075,0.47569245963289786,731799219698522,0.003907203907203907,True,True,930cc6d7,1025,731799225877313,-5.321062271062271,1832.8982905982905,-14.264285714285714,1023.7499999999999,731799581849580,355.972267,a5795773502f1a5d4e232783f799b2f0b32cc3d4d9c90880cbfabf8421534671,16380,362.151058,True,217,236
534.843679067507,c9344fe4,1076,-0.030827394150285868,731799585567621,0.0,True,True,c9344fe4,1025,731799591978433,-7.991025641025641,1373.071794871795,-27.82753357753358,1023.7499999999999,731799947806295,355.827862,2fb8546f5e9f31ebf8a3c46f3550dd132163ad6a6a3a8a9d84e85d7536026516,16380,362.238674,True,124,123
527.4324860829714,3b6f571f,1077,-0.3984780691392028,731799951683709,0.0,True,True,3b6f571f,1025,731799958033204,-6.443528693528694,1041.6131257631257,-21.74078144078144,1023.7499999999999,731800313869281,355.836077,0294d5ec273987351745613792361d55727c455c730711ce3d6a7c1c0a41a157,16380,362.185572,True,131,129
239.48936207531443,111186ae,1078,0.6362739717563615,731800317650272,0.0,True,True,111186ae,1025,731800324033161,-3.79004884004884,619.1094017094017,-19.11166056166056,1023.7499999999999,731800679895195,355.862034,2b641815e7ec81faca1894d911c719030670ec4f0427a0627af6a6e8451c2ca4,16380,362.244923,True,97,99
471.76566808073215,27e657ae,1079,0.021333756399470123,731800683817233,0.0,True,True,27e657ae,1025,731800690019710,-7.62051282051282,1335.985286935287,-28.392735042735044,1023.7499999999999,731801045924495,355.904785,0d59aca193691da7bbb2c64f842d1c6ecb35ddfcf9523aed6dbecd3cdacfcbe1,16380,362.107262,True,110,116
681.1360539372444,d4821580,1080,-4.794236469755648,731801048971376,0.0003357753357753358,True,True,d4821580,1025,731801055067641,-3.883943833943834,949.8179487179488,-15.924725274725274,1023.7499999999999,731801410873458,355.805817,bb9c5ede4699178d1d4869fd428beb43946ff4311d7a0b48141e29e00e8a7316,16380,361.902082,True,139,157
1412.7399894709142,75a6a82b,1081,-1.7783156423397606,731801416840448,0.004853479853479854,True,True,75a6a82b,1025,731801423028938,-2.958669108669109,1484.20115995116,-7.918803418803419,1023.7499999999999,731801778878887,355.849949,e469f58fb3b1e791005f87494d9831e662264db778a7ea0c9732ff7296bfb45a,16380,362.038439,True,213,229
423.35568084235666,b941864d,1082,-0.26754127356302715,731801781904027,0.0,True,True,b941864d,1025,731801788053373,-6.42967032967033,1172.558424908425,-26.605677655677656,1023.7499999999999,731802143900947,355.847574,6bb24445fac217257bad75a9fdf9d1432bb74af95c732fa68e8aed5220ae7aa6,16380,361.99692,True,116,117
394.51711995405225,040e4f2f,1083,1.7256765680466166,731802149601593,0.0001221001221001221,True,True,040e4f2f,1025,731802156072528,-2.8321733821733823,449.18272283272285,-6.829670329670329,1023.7499999999999,731802512186575,356.114047,d73063edb707e96cbf0f2870dbdb7fa4090add5e5aed32d730392826fc3a591c,16380,362.584982,True,148,157
478.60493552472497,12c8076d,1084,0.4315429979243056,731802517305580,0.0,True,True,12c8076d,1025,731802524451252,-4.81984126984127,1027.655982905983,-22.93076923076923,1023.7499999999999,731802879865413,355.414161,0ba21c0bdc036497e37b9152dbb685eb07d1bbdbd39f04d9043e336aaee08935,16380,362.559833,True,126,125
485.88782017738066,0c30da93,1085,0.020835561603274752,731802882484664,0.0,True,True,0c30da93,1025,731802888984033,-6.33992673992674,1170.6285714285714,-25.38791208791209,1023.7499999999999,731803244902047,355.918014,a2fdb739860060209dbddd018bc6a87d12ee63ea1e6329c71554a63f694c768e,16380,362.417383,True,111,120
483.32232862003013,07d8b50e,1086,0.2650207374380384,731803247058111,0.0,True,True,07d8b50e,1025,731803253025191,-7.230952380952381,1244.481746031746,-26.624664224664226,1023.7499999999999,731803608937292,355.912101,9e90ee086cbf78042df94cfb347aede411c8211a60f176cd884ca30d319e4f06,16380,361.879181,True,120,119
502.22886494593456,fb7727ae,1087,0.22586861077070514,731803612476705,0.0,True,True,fb7727ae,1025,731803619066285,-4.867399267399267,1374.3443223443223,-29.127716727716727,1023.7499999999999,731803974908313,355.842028,0c76ee0ce316f1d154393c48fe245662c28fbf1717016f31946cd708949e9328,16380,362.431608,True,120,123
870.9603753609707,cbc56e48,1088,-0.23677868519966785,731803977812423,0.0,True,True,cbc56e48,1025,731803984098588,-6.898778998778999,1214.7569597069596,-17.21056166056166,1023.7499999999999,731804340132729,356.034141,3fd73dc5c07fd4d151deef18b75abb16530725bfc6080d490cc0427ef9eff379,16380,362.320306,True,181,183
482.4935180004502,bb32a522,1089,-0.2748015693233426,731804348280390,0.0,True,True,bb32a522,1025,731804358297029,-8.998046398046398,1292.01336996337,-26.99175824175824,1023.7499999999999,731804709990919,351.69389,ec786b632a9ef7e26ac935e380a0a8426d53e4b21890a7ddd2ad316e8302f1b5,16380,361.710529,True,111,115
379.84206651102255,ad2d513c,1090,0.09617839959456524,731804712515791,0.0,True,True,ad2d513c,1025,731804720288371,-6.985531135531136,745.0560439560439,-17.788095238095238,1023.7499999999999,731805075454246,355.165875,38c5b23c24a8e43492960f1f64013184569c28dc438c790dbc052ad9c64d45dd,16380,362.938455,True,114,118
511.87974375000937,7d8fe03a,1091,-0.1305421524943527,731805079980888,0.0,True,True,7d8fe03a,1025,731805086217680,-7.524969474969475,1140.4972527472528,-23.916361416361415,1023.7499999999999,731805441010416,354.792736,8f65bdd8e56b1441ec6c59aa4b6954b6b4ea7e51b01738347ddacb6735d8b4ee,16380,361.029528,True,124,126
528.1940424942713,01dca2c2,1092,-0.03475994144356765,731805443566136,0.0,True,True,01dca2c2,1025,731805450063351,-3.667277167277167,1098.6807692307693,-23.60164835164835,1023.7499999999999,731805805049563,354.986212,40430b04c1a698315e8cd8c5d78bf67190af1753b85775f1b4d49506874823f8,16380,361.483427,True,127,135
312.6473752759925,f0ecc0db,1093,-0.1196646468822043,731805808974656,0.0,True,True,f0ecc0db,1025,731805815229933,-3.6237484737484738,511.5834554334554,-13.63101343101343,1023.7499999999999,731806170010455,354.780522,b5a124784221f2f9d77424249e5c66a9dd68e389001ad4acaed7af6e6331c737,16380,361.035799,True,129,131
248.44694219699716,2681322f,1094,0.39453937573689396,731806172948850,0.0,True,True,2681322f,1025,731806179458007,-3.2192307692307693,710.2794871794872,-21.247802197802198,1023.7499999999999,731806534026716,354.568709,7ac6fdc581e2a3b7409c11bde9f09a8ab74c051b3b3f67f250691d8058d730be,16380,361.077866,True,88,87
1246.6140006649166,c872aa15,1095,-0.44482932558433685,731806536729604,0.0019536019536019536,True,True,c872aa15,1025,731806543101491,-4.981318681318681,1621.2910866910868,-18.704639804639804,1023.7499999999999,731806898042294,354.940803,e4c3921974a6b4ca783a0ab80201ca7640b69c3ed0a29f537e3bf07b8701147e,16380,361.31269,True,195,218
588.1874424869663,4b25eb22,1096,-0.0450539898294309,731806901259778,0.0,True,True,4b25eb22,1025,731806909206007,-4.696825396825397,1346.1208791208792,-27.126984126984127,1023.7499999999999,731807263053098,353.847091,cb3d80cb86b965a178a775c7aacead14749f284a7d19606f42e7f809bd998337,16380,361.79332,True,129,131
700.5954363439437,2f70d023,1097,-4.040826278567071,731807266624712,0.0,True,True,2f70d023,1025,731807273189955,-5.550854700854701,1175.6183760683762,-21.076312576312578,1023.7499999999999,731807628127990,354.938035,d5be86842a5f96f298153bdc2a3b52787a71eaaddfe40bc58ea3e6b3eada5813,16380,361.503278,True,113,135
452.2788774466613,6f955859,1098,-0.1127109446582373,731807632924223,0.0,True,True,6f955859,1025,731807639483816,-9.942307692307692,1333.10231990232,-27.963797313797315,1023.7499999999999,731807994380092,354.896276,e32ee68f5504911e87b212ebab263b2c1a162df1c610be5d66672f3eeac43991,16380,361.455869,True,109,115
424.28360087646723,cb264e90,1099,-0.15918773197141328,731807999398616,0.0,True,True,cb264e90,1025,731808006168887,-3.5615995115995114,859.3087301587302,-20.550915750915753,1023.7499999999999,731808361082956,354.914069,73c66d6e46e3185ed91c740b87042de58471437ad76b259f61964a55a9cbaec9,16380,361.68434,True,121,133
734.9392924603547,1faa8b3c,1100,-9.950806815399227,731808364060845,0.0,True,True,1faa8b3c,1025,731808370235739,-4.518192918192918,960.5423687423687,-14.324420024420025,1023.7499999999999,731808725948318,355.712579,7949fc648bb400f0cad3e945d1c533ac216000260270b1b48425b8b2a6a3c29b,16380,361.887473,True,137,141
513.7267894041246,66988d95,1101,-0.12685003946876228,731808751153231,0.0,True,True,66988d95,1025,731808759101814,-4.5677655677655675,1163.948656898657,-25.086996336996336,1023.7499999999999,731809113216668,354.114854,ee7ea80f7656102972aa83efe316d909e3bbad5af9b44d7af3176ac03436ca7b,16380,362.063437,True,119,131
397.55733293229633,e4816e0e,1102,0.33988878851194126,731809116594505,0.0,True,True,e4816e0e,1025,731809123160499,-5.647191697191698,798.3577533577534,-19.207020757020757,1023.7499999999999,731809478095554,354.935055,f5d190352200f962f2d7dc99f54764d688916b52e08007a3bb3eba92828b5632,16380,361.501049,True,107,119
1152.331447665413,d51645be,1103,-10.407197750559503,731809483219517,0.0011294261294261295,True,True,d51645be,1025,731809490266403,-0.9141025641025641,1154.002503052503,-0.914041514041514,1023.7499999999999,731809845114121,354.847718,0146b8749363b23e5911581abefab331112cf04e3baed4371a564e7fac766620,16380,361.894604,True,132,139
305.7573218627797,af896fca,1104,0.15590911199805452,731809851351944,0.0,True,True,af896fca,1025,731809858247473,-4.107814407814407,816.469474969475,-22.22246642246642,1023.7499999999999,731810213123555,354.876082,eed859f8fc45cb9c2c3be6033b4721f4957f1432cc6fb97a9a80a72857474c92,16380,361.771611,True,95,99
469.6908923856634,1b595885,1105,-0.08394301896154904,731810216799647,0.0,True,True,1b595885,1025,731810223277675,-6.918376068376069,984.9591575091575,-21.61953601953602,1023.7499999999999,731810579087292,355.809617,08df5cb620310cf217bf3e3828c83f609ec4c359cbbc065e1989a9297a5e3528,16380,362.287645,True,118,124
123.8076361028742,3d0f0986,1106,0.3201402771379425,731810585844629,0.0,True,True,3d0f0986,1025,731810592228338,-2.896947496947497,364.3697191697192,-15.237118437118436,1023.7499999999999,731810947115719,354.887381,a8f8b11f8d726bd37ab1c7e92e4369f94fb2431cdfef402f622c36d9854db336,16380,361.27109,True,63,64
553.4475006559713,b624a0ee,1107,0.07557973131474896,731810953554984,0.0,True,True,b624a0ee,1025,731810960213914,-4.921611721611722,1426.9509768009768,-29.14242979242979,1023.7499999999999,731811315153252,354.939338,c973fdfa28231d4db1b526e3201d319bc3f3db95c527d76eabacbfec618f9d71,16380,361.598268,True,127,131
481.70173202526684,85676681,1108,-0.1397358338504948,731811335103323,0.0,True,True,85676681,1025,731811343395607,-4.965995115995116,925.7847374847374,-20.47979242979243,1023.7499999999999,731811697176820,353.781213,267dcb7c367a67aac916673b3905572732da73e6feff3102118262345bc2c27c,16380,362.073497,True,124,132
1070.3644134572523,ad60427a,1109,-1.5566086383481268,731811702559053,0.0014957264957264958,True,True,ad60427a,1025,731811709303305,-3.9974969474969475,1334.464590964591,-15.751831501831502,1023.7499999999999,731812064806189,355.502884,7dbc36f8e3bcca1a0d3db17e680f6fcbd04b48dacb87691fab3b9628d5d51f33,16380,362.247136,True,200,215
572.9561619675264,85bf647a,1110,0.20730460930501698,731812068237527,0.0,True,True,85bf647a,1025,731812075216273,-7.153785103785104,1347.519474969475,-26.895848595848594,1023.7499999999999,731812430176988,354.960715,05229adc24c2fae656602fb6268fd9526e17e995e8c1d21f0da3f37f06484d91,16380,361.939461,True,127,135
2171.2509471294543,d72a5f47,1111,-3.1895899532578653,731812434504884,0.008852258852258852,True,True,d72a5f47,1025,731812441232224,-4.536324786324786,2586.09652014652,-19.856166056166057,1023.7499999999999,731812797715622,356.483398,089d174d785a1f5ea0b56311f9780bf829a0063ec41e020a669aaaf81fd14a12,16380,363.210738,True,232,254
1033.1228480002565,5ac6de4f,1112,0.5438111716274319,731812800581539,0.0024725274725274724,True,True,5ac6de4f,1025,731812807364945,-3.7896825396825395,1210.3258241758242,-12.760927960927962,1023.7499999999999,731813162037964,354.673019,c843638b5acbb406903e2550f0a7fd552c4e9ad38d8393a1cc64457e86a0406d,16380,361.456425,True,207,223
496.5933793221431,3c5287cf,1113,-0.20384320330777736,731813165426962,0.0,True,True,3c5287cf,1025,731813172285451,-8.705494505494505,1131.684188034188,-23.6496336996337,1023.7499999999999,731813527124151,354.8387,415395726e603ee7311d3690b8e7de4d2c180a92ea31114787e27e66ab9ddeb3,16380,361.697189,True,117,123
946.7792558526808,4006ab40,1114,6.683208966596315,731813529926949,0.0027167277167277166,True,True,4006ab40,1025,731813536328963,-4.361111111111111,1325.6186813186814,-18.96892551892552,1023.7499999999999,731813891134520,354.805557,943444eb1c690fc20c9f1f421e1351b481aa8cbbd7b8c503aa4feb85b6a646ef,16380,361.207571,True,145,167
482.82154275144205,da0e8bcd,1115,0.08832640045488539,731813893653441,0.0,True,True,da0e8bcd,1025,731813900361865,-9.812148962148962,1215.4882173382173,-25.226739926739928,1023.7499999999999,731814257281956,356.920091,53a53946f630d9a65be49be853a38d9f173c35a9a2b1a8d045671754e2bb4842,16380,363.628515,True,121,131
509.2809459330521,1ede59a3,1116,-0.1359407978706791,731814262953947,0.0,True,True,1ede59a3,1025,731814270578036,-6.248412698412698,1026.8245421245422,-21.874664224664226,1023.7499999999999,731814624538229,353.960193,ff15f601d48af3baa36f7d79d7d05bbde811c522f49ee1c327c72f72e7365dca,16380,361.584282,True,126,135
911.04517121225,49548088,1117,0.2133091674903699,731814627517421,0.0010073260073260074,True,True,49548088,1025,731814635382345,-6.484188034188034,1386.0550061050062,-20.80781440781441,1023.7499999999999,731814989168299,353.785954,82457a2c018c45fd02e363fb62ff1f9860b837ff7c4fb1d7d12ae122d7ef3aab,16380,361.650878,True,161,179
958.7086914228764,0af00af6,1118,2.389778084064403,731814993825609,0.0017094017094017094,True,True,0af00af6,1025,731815000292435,-4.900366300366301,1401.3393772893774,-20.46013431013431,1023.7499999999999,731815355165246,354.872811,4b33bb3324e9f94c7897e11baaaf52b0c59cf17276141421973b9e214825081b,16380,361.339637,True,189,202
892.4274061476441,d8c174a0,1119,-7.227674062307191,731815360379130,0.001282051282051282,True,True,d8c174a0,1025,731815368257981,-3.8684371184371185,1205.8821733821733,-17.276862026862027,1023.7499999999999,731815722187013,353.929032,d9f8ceb8a1502c695301e786f69cb60981beeb6c8fa49d00d2b98b488951df78,16380,361.807883,True,150,178
962.8569883125285,70122445,1120,8.192268212575573,731815729320041,0.0028388278388278387,True,True,70122445,1025,731815736324676,-5.811782661782662,1635.6739316239316,-25.27924297924298,1023.7499999999999,731816092879089,356.554413,9ee3f9d09417a6c68db205b2fe9074fffd7282887bea1158f315be0be5be7945,16380,363.559048,True,155,166
364.8727470104851,646b54ac,1121,-0.10386796404242614,731816100048196,0.0,True,True,646b54ac,1025,731816107340265,-6.990598290598291,964.9558608058608,-23.47796092796093,1023.7499999999999,731816462238350,354.898085,2e92b1b4419ca6199ec05ba81de8a9609bd76a64b7deda2a0f1e9255221dc5b9,16380,362.190154,True,122,125
542.7572284129519,42606fe5,1122,-0.1569904137069526,731816467950538,0.0,True,True,42606fe5,1025,731816474407916,-5.097924297924298,1089.8479242979242,-22.827655677655677,1023.7499999999999,731816829189931,354.782015,6b5f4c58ce3245ee40a9cb45be00a2859753f5ba1a4e83ba13ae87a11f5374f1,16380,361.239393,True,134,132
216.0631213949529,037cbd67,1123,0.16460644735002958,731816832995738,0.0,True,True,037cbd67,1025,731816839339752,-3.2433455433455434,689.8462759462759,-21.523565323565325,1023.7499999999999,731817194181449,354.841697,00636478275d2fd936fbd3d54a6cdc03a9f9006a67e50785cae74b73a6e93d73,16380,361.185711,True,80,81
488.0943789032159,98caf0a8,1124,0.15687268056100878,731817197357304,0.0,True,True,98caf0a8,1025,731817204404098,-8.631746031746031,1164.1653846153847,-24.526800976800978,1023.7499999999999,731817559220786,354.816688,05ec26c266506710010c23734195c0b9bfe6d1b6b11fe738d3aa87e60ec5f2b1,16380,361.863482,True,122,126
1376.0885028609296,fbe9b9a6,1125,-8.282856342591892,731817562081243,0.001221001221001221,True,True,fbe9b9a6,1025,731817569365617,-0.9785103785103785,1378.5747863247864,-1.2364468864468865,1023.7499999999999,731817924230025,354.864408,0a91b3e8c629430459d575b8cd9c365ce98bed5282dc65871219770bbe67b699,16380,362.148782,True,134,154
543.005954811028,8c7b4e57,1126,0.05566995927429254,731817927798092,0.0,True,True,8c7b4e57,1025,731817934384204,-4.847191697191697,1348.1884004884005,-27.95866910866911,1023.7499999999999,731818289200060,354.815856,90db7367ae7367673eeb9a415702c874175a5f6d6809748f7290bfee51e3acf4,16380,361.401968,True,124,124
479.87878894270835,6b99643a,1127,0.36883893772314663,731818292257770,0.0,True,True,6b99643a,1025,731818299305466,-8.684859584859584,1513.294993894994,-30.95140415140415,1023.7499999999999,731818654226408,354.920942,301dff8b7c6f9792e16416315c5d97d8c9cf1e5fff7b0863ebbce00f3890dfe7,16380,361.968638,True,115,120
852.7678104123524,a3cca2d5,1128,11.405164276929924,731818659962541,0.0029914529914529917,True,True,a3cca2d5,1025,731818667254119,-6.35054945054945,1185.7161172161173,-17.106105006105008,1023.7499999999999,731819021903928,354.649809,55f9c4d998b413447aeec2f629defed49e7fd3789cba12b6a163b6acce532fa7,16380,361.941387,True,149,163
540.2348881158863,14b86ebf,1129,-0.030510308688766613,731819025291774,0.0,True,True,14b86ebf,1025,731819032276290,-8.583089133089134,1450.279181929182,-28.92014652014652,1023.7499999999999,731819387695955,355.419665,43227f6c0d9c0e000cca0f28ad565a438720020b1e30a05000e4c7d589962f76,16380,362.404181,True,127,125
1445.1476085744403,4df092de,1130,-1.3265399101827078,731819391436940,0.001984126984126984,True,True,4df092de,1025,731819399598716,-4.603235653235653,1645.8990231990233,-13.40006105006105,1023.7499999999999,731819753971086,354.37237,9c4d9c5c3902960e465a6a4b6a6a5c6ee0721993fc880ccd57b1ef313f2d1a0f,16380,362.534146,True,232,242
1689.163428579628,beb5810d,1131,0.8529436787155042,731819757636518,0.0039987789987789985,True,True,beb5810d,1025,731819764431846,-0.7828449328449328,1694.7847985347985,-2.237973137973138,1023.7499999999999,731820119652333,355.220487,e43287a29546dfefcf2ef436f8873f9623d8df9dcb65afe07aa0a4f854084d8b,16380,362.015815,True,209,221
1443.4685901088465,0e12943a,1132,1.6219590339313217,731820127425934,0.0028388278388278387,True,True,0e12943a,1025,731820134499789,-0.8752136752136752,1450.4589743589743,-2.494871794871795,1023.7499999999999,731820489282355,354.782566,2f26798990ac184f1fdbae159f4165357cf85c2e5cf732c92a2844f3bae0af56,16380,361.856421,True,188,201
1706.4956103403447,4bb191b9,1133,1.3926206396030205,731820495897682,0.0007936507936507937,True,True,4bb191b9,1025,731820502550861,-2.0945054945054946,1742.0180097680097,-5.57991452991453,1023.7499999999999,731820857381567,354.830706,c3dd54d5c55da96edac874e79ca8420626191571e94d21f378e4a9dab029713f,16380,361.483885,True,236,243
491.8676433707386,bf1c761e,1134,0.06944087121616763,731820860798438,0.0,True,True,bf1c761e,1025,731820867510158,-7.8501221001221,1475.1556776556777,-30.35891330891331,1023.7499999999999,731821222311918,354.80176,f8763cf42c262ec062db4507f790c038513e03a87ed88b97cd535ffc52170d4b,16380,361.51348,True,119,118
154.83500136039515,20a71c34,1135,0.07629184642508288,731821226298718,0.0,True,True,20a71c34,1025,731821233411067,-3.647130647130647,498.07783882783883,-18.164285714285715,1023.7499999999999,731821588281475,354.870408,8b9e1596c49fab1dd4156c7f7ee1565ccc4a61bb0637fc878e960090970a9ec8,16380,361.982757,True,72,72
449.7676362482315,3820c130,1136,-0.20041480025954336,731821599660323,0.0,True,True,3820c130,1025,731821606368817,-6.273137973137973,1190.266971916972,-26.47918192918193,1023.7499999999999,731821961290572,354.921755,4d3dd97e43dfc713b18555379000dbe23490f5e25b0c56b8b78b929b3c781096,16380,361.630249,True,117,120
462.0303756740479,b2aba8b7,1137,0.036501604409774194,731821964405591,0.0,True,True,b2aba8b7,1025,731821971411879,-8.057570207570208,1289.96221001221,-27.622588522588522,1023.7499999999999,731822327088924,355.677045,e2b3019a47ea53b3526590c7bfa113404280d6815794581b708d36925603b70f,16380,362.683333,True,116,117
1157.2880605461557,22823a86,1138,-3.933013512401404,731822332385804,0.0008852258852258852,True,True,22823a86,1025,731822339355753,-2.7687423687423687,1281.1302808302808,-10.77851037851038,1023.7499999999999,731822694298586,354.942833,4db727b890356e8a84295380beb7693dd095d513a8091afbb82c61221b84fdfb,16380,361.912782,True,160,181
623.6043410954126,a95bf3c6,1139,-4.7955254624405255,731822700713454,0.00115995115995116,True,True,a95bf3c6,1025,731822707318732,-2.4113553113553112,692.0114163614163,-7.911538461538462,1023.7499999999999,731823062306279,354.987547,8e6f208947be3e0ccedce98fb524ef62b37c72ba9fc36df4624e1cdd86d9c4bc,16380,361.592825,True,158,186
514.0050138573948,bccc4124,1140,0.04048143626286929,731823068146138,0.0,True,True,bccc4124,1025,731823076414165,-5.853235653235653,1071.0269841269842,-22.863980463980464,1023.7499999999999,731823430369125,353.95496,daebffbf4814cd3978c94a09bfd292d9c2e8f6c944422a5592a2f20b38c1d3b9,16380,362.222987,True,130,130
481.22270481960044,e449a651,1141,0.08602093831254162,731823434259593,0.0,True,True,e449a651,1025,731823441302129,-4.311904761904762,1268.1811355311356,-27.71941391941392,1023.7499999999999,731823796327656,355.025527,d74434147e7b1c68cb6716a24825b4c3efb6d764b65c899d3b1ada9efa777dfd,16380,362.068063,True,115,118
427.6442492333335,cae11e19,1142,0.35395994471836756,731823800802790,0.0,True,True,cae11e19,1025,731823808092144,-5.875213675213676,1241.1788766788766,-27.91086691086691,1023.7499999999999,731824162598397,354.506253,e9006e2ab1f811cd1ebfe8c217a2c1f4db35b1beba34c31415bec13a7be2b8b2,16380,361.795607,True,109,110
417.17330518619895,755b0ab9,1143,0.21069687739751417,731824166091151,0.0,True,True,755b0ab9,1025,731824173243455,-3.7476190476190476,1080.0365079365079,-25.471916971916972,1023.7499999999999,731824528389908,355.146453,86f33dec493729e9d69340d24cad2a95662b89d55ab7c2ca90698e5e3a59eca0,16380,362.298757,True,113,116
452.2274298893347,d7d35dae,1144,-0.19124081829401918,731824535465667,0.0,True,True,d7d35dae,1025,731824542225889,-6.25006105006105,965.5410256410256,-21.777289377289378,1023.7499999999999,731824897397720,355.171831,43787a72aa9b0ad496a466a3e4d22d00224c8ecbb68d58fdb148953ab38684b1,16380,361.932053,True,122,129
367.4701944507805,8b75586f,1145,0.31206445136728006,731824904647839,0.0,True,True,8b75586f,1025,731824911236987,-4.690842490842491,645.0680097680098,-15.987301587301587,1023.7499999999999,731825266370845,355.133858,16d092d60199495edf0e86f7d80df6bd470d93a13cf35b5bdbef95b161ac5156,16380,361.723006,True,125,135
483.2854269516267,8f83bb5d,1146,-0.0005902171901084382,731825273820883,0.0,True,True,8f83bb5d,1025,731825280263173,-7.109401709401709,1355.862332112332,-28.67112332112332,1023.7499999999999,731825635394885,355.131712,2ff636c6738cf0fad335074dc13e6c83e64720dc4c2bc3797a6e380bc1b277ad,16380,361.574002,True,121,121
486.34730793084276,c982a38f,1147,0.06119060840714936,731825639528232,0.0,True,True,c982a38f,1025,731825646469907,-7.284920634920635,1027.6843711843712,-22.096764346764346,1023.7499999999999,731826001390730,354.920823,f1f1f21d5b02d471cfa298588c05f967b3e577f4dfb60e10999f72fad011ac24,16380,361.862498,True,116,125
360.13681194568557,df03b24a,1148,0.3004947960666013,731826004738820,0.0,True,True,df03b24a,1025,731826011974031,-4.718131868131868,631.0315628815629,-15.768131868131869,1023.7499999999999,731826366348769,354.374738,b0e2b04bb5bffa409b3f9c1589a66ce73c4b6127793c387d2f2b7079d0410db8,16380,361.609949,True,135,132
543.5961950083561,c9896576,1149,0.08821470744412266,731826370340969,0.0,True,True,c9896576,1025,731826377191661,-8.303418803418804,1374.0536019536019,-27.595482295482295,1023.7499999999999,731826732387092,355.195431,516dffb986e244bb0090f890333c0a096cd9eed7597a33649b756d7616bdf68f,16380,362.046123,True,131,139
476.44669218991567,cfe4b182,1150,0.3858589054997692,731826736307265,0.0,True,True,cfe4b182,1025,731826744710298,-7.758852258852259,1211.5992673992673,-25.979853479853478,1023.7499999999999,731827098402591,353.692293,34fd2352487814a6ffbd954f1a343adccabcbe3c490803061a5f44cba74489dc,16380,362.095326,True,116,126
477.40713883186413,9e38f502,1151,-0.03533169991751673,731827102281977,0.0,True,True,9e38f502,1025,731827109247347,-5.887179487179488,972.4907203907204,-21.457509157509158,1023.7499999999999,731827464382561,355.135214,4decff130642569703aa57c5bb0713b8cf2fc1a0a4039606f43eec4bcd3ae096,16380,362.100584,True,127,129
1027.5197448495067,4be40f44,1152,-1.002886659754245,731827467939116,0.0008241758241758242,True,True,4be40f44,1025,731827475665377,-7.021062271062271,1565.1090354090354,-22.097374847374848,1023.7499999999999,731827830441250,354.775873,0ed8ba46001a9a3237620007c3705d132eace993fa98b7b499725ca2250dd2fa,16380,362.502134,True,144,162
408.6212751114033,994303fd,1153,0.19272926724300815,731827834103796,0.0,True,True,994303fd,1025,731827841244638,-2.543162393162393,870.8384615384615,-21.3482905982906,1023.7499999999999,731828196443662,355.199024,76389b71d76abf4688a26a7dc1ef4b5261f139752c5b8c4a14374f3c358db8dc,16380,362.339866,True,123,123
280.68219470124234,a7910f5f,1154,-0.05551532176610079,731828199327192,0.0,True,True,a7910f5f,1025,731828206287633,-4.351526251526251,581.5749694749695,-16.79157509157509,1023.7499999999999,731828561410120,355.122487,a897a5b66dbce722ef231402d39c1022307dc99ee884edbe5246805da31c8a7e,16380,362.082928,True,124,123
811.6253980702515,a575e50d,1155,-0.9206416955156898,731828564131002,0.001984126984126984,True,True,a575e50d,1025,731828571228101,-4.797863247863248,1127.3827838827838,-17.10958485958486,1023.7499999999999,731828926401865,355.173764,29c86e2ad88326ddabf48fe7bb96cbc14369b9d6647d10958049fdf2869340ae,16380,362.270863,True,167,189
744.975994564383,33dcd15c,1156,-7.061354027537201,731828930094928,9.157509157509158e-05,True,True,33dcd15c,1025,731828937234859,-0.7374847374847375,746.1710622710623,-0.806959706959707,1023.7499999999999,731829292417298,355.182439,cd708b178edfcbd3f5fa3998392048a60e8d268be1ab10a459ee311ea096c0c3,16380,362.32237,True,129,132
89.71323865728628,fb24e7f1,1157,-0.06250949460196217,731829295393584,0.0,True,True,fb24e7f1,1025,731829302241922,-4.463919413919414,322.04285714285714,-14.574053724053725,1023.7499999999999,731829657808056,355.566134,aa38208b71bdacd7efa40723ce121628a07288535b75be6e8b8e4cbb48d0a413,16380,362.414472,True,52,56
534.6352237048666,96d68454,1158,-0.1452769095955389,731829661518403,0.0,True,True,96d68454,1025,731829669397453,-7.13992673992674,1302.4702686202686,-26.774175824175824,1023.7499999999999,731830023495927,354.098474,bee08307332f529ab13b3e75a9de6ad695a9016a0a0650b00da3abde365bf17b,16380,361.977524,True,119,129
477.4662448770874,9ed4a803,1159,0.36207876581794507,731830027586353,0.0,True,True,9ed4a803,1025,731830034506197,-6.382661782661783,1316.1050061050062,-28.247130647130646,1023.7499999999999,731830389436365,354.930168,55736bd4a4ca79c649feed5a613f76d119d0ff63f4b01373de0ce6d6776f996f,16380,361.850012,True,119,125
509.2427848518324,b0720653,1160,-0.03609162226231366,731830391732212,0.0,True,True,b0720653,1025,731830398377416,-6.6139194139194135,1139.6140415140414,-24.22039072039072,1023.7499999999999,731830753456605,355.079189,de7a08243d3f5bfa1c7ac0d2710494f83b65ec07b775f50567134a4b9c073f69,16380,361.724393,True,123,129
389.4782658800974,fbfa3f25,1161,-0.078160435591058,731830756374160,0.0,True,True,fbfa3f25,1025,731830763233459,-4.519291819291819,717.8383394383394,-17.548107448107448,1023.7499999999999,731831118505052,355.271593,691edcfd09bf06b91690d054263e097f0c14e94bcff989fdb80b2f677274c8e1,16380,362.130892,True,119,124
806.0939336962048,37bfca84,1162,-14.262132777626197,731831122236348,0.0024725274725274724,True,True,37bfca84,1025,731831128557298,-2.6144078144078144,1042.8272283272283,-15.162393162393162,1023.7499999999999,731831485370097,356.812799,47a1082eb4c799fd0e44788487d168648a3b69e630bb6f89831ff799ee6fb36b,16380,363.133749,True,152,179
941.7516982576507,2e636b48,1163,1.8927051234850807,731831488792618,0.0029304029304029304,True,True,2e636b48,1025,731831494583214,-6.247313797313797,1394.4808302808303,-20.33962148962149,1023.7499999999999,731831850455482,355.872268,8124db929e3e8a6e0faba3fa1bc19a7261b9f2d672565fbee17fad89a105950c,16380,361.662864,True,151,179
549.1517823449784,33fea556,1164,-0.12650802516022766,731831856185462,0.0,True,True,33fea556,1025,731831862623293,-7.022100122100122,1244.5617216117216,-25.418498168498168,1023.7499999999999,731832218465043,355.84175,7c3e83de8fd15e69f2bbb052de498df7870a8eba123d69b113bc4a8b73b12065,16380,362.279581,True,124,131
757.0818153634453,520340d9,1165,-0.2047544620920323,731832221667478,0.0008547008547008547,True,True,520340d9,1025,731832227645999,-4.9924908424908425,1364.9934065934067,-24.145115995115994,1023.7499999999999,731832583442060,355.796061,80dd4127239787ebbac17b3b901b40d26f01b778c2370b65ebdffbaf2af8b990,16380,361.774582,True,160,181
1148.7611853961398,01886f43,1166,-15.964754706670101,731832585743688,0.0018315018315018315,True,True,01886f43,1025,731832591620697,-3.9329670329670328,1311.6413308913309,-12.141330891330892,1023.7499999999999,731832947499565,355.878868,660790b9d8ce57be2927b4aa7634ecfa6f7bf01dbbe8c6eaa61be6f331a7d54b,16380,361.755877,True,150,175
550.6975712325254,e1944d29,1167,0.15483496391703744,731832950485559,0.00042735042735042735,True,True,e1944d29,1025,731832956637669,-9.851648351648352,1551.2100732600732,-30.05757020757021,1023.7499999999999,731833312955447,356.317778,2ecdb7ff01316c0c32d447ac635fd51dbdd948106ca8fb8b8944966b5a1762a6,16380,362.469888,True,134,147
570.8596200062317,09a76280,1168,-0.42714241550975895,731833322839995,0.0,True,True,09a76280,1025,731833329667123,-7.8890720390720395,1296.0212454212453,-25.747313797313797,1023.7499999999999,731833685471297,355.804174,579900f0abc09dc26ef6a17b9dafd375e7542dc47a445f0b2261cbead4e279bd,16380,362.631302,True,124,127
495.4557446952044,e9cc0a16,1169,0.15949578942517412,731833688893337,0.0,True,True,e9cc0a16,1025,731833695670400,-11.522161172161173,1676.6313186813186,-32.37924297924298,1023.7499999999999,731834051587237,355.916837,73cddf819e281bdc4d9f7c1099fbfad4dc5c4b0ce875676bd4cf0316c76e8843,16380,362.6939,True,115,124
473.1084071040206,25e42f3d,1170,-0.30857589939062846,731834059868048,0.0,True,True,25e42f3d,1025,731834066685958,-6.27997557997558,1032.2612332112333,-22.79725274725275,1023.7499999999999,731834422498366,355.812408,8c7801d8a1fa2d4d6de74e1cae8703d67c30d5ed2feec24a242068d588af9975,16380,362.630318,True,123,127
1604.8707936023413,93581462,1171,-0.8202209540044683,731834425184583,0.005128205128205128,True,True,93581462,1025,731834431747310,-2.813858363858364,1689.610927960928,-8.764835164835166,1023.7499999999999,731834787849034,356.101724,e7d246dd00242a976dcdcfde3e1bb5eab4f736d4ccf8e21e5ec1278872a82848,16380,362.664451,True,207,224
491.91588820384607,db08c8af,1172,-0.0039038384924559907,731834795858130,0.0,True,True,db08c8af,1025,731834802657345,-8.817338217338218,1640.6489010989012,-32.72594627594628,1023.7499999999999,731835158530718,355.873373,7b3610bad1f3c693bc8ca201ad0659b3a9d36e8840e99a5f967660791e371e36,16380,362.672588,True,118,125
342.29820537792153,66a5daf2,1173,0.4604831999211506,731835167654394,0.0,True,True,66a5daf2,1025,731835173675506,-6.346092796092796,846.3764957264957,-21.536141636141636,1023.7499999999999,731835529546451,355.870945,03704c71b9bb180122dcdbb1a7943dd33e36cb62e38c13ecb173314cef352ed8,16380,361.892057,True,108,111
341.32526961913413,ae118cc0,1174,0.35385411765897157,731835536303186,0.0,True,True,ae118cc0,1025,731835542677206,-5.417643467643468,659.4125763125763,-16.99224664224664,1023.7499999999999,731835898544734,355.867528,607cc3852d07b44cee65c0efb6dfe94672f45473ac5a4941ff69755e20e6acd9,16380,362.241548,True,118,120
495.4340420917435,f695c14e,1175,-0.29881439674536786,731835906123946,0.0,True,True,f695c14e,1025,731835912672697,-5.274969474969475,1054.0553724053725,-23.03901098901099,1023.7499999999999,731836268668027,355.99533,f242e543b398e616e92db9ce81d0367723cd984c873bf4bbfbabb38caca1a354,16380,362.544081,True,129,131
742.3629024794225,e2ab858b,1176,0.15425641790831907,731836281273005,0.0012515262515262516,True,True,e2ab858b,1025,731836287697571,-7.682417582417583,1473.0971916971916,-25.917460317460318,1023.7499999999999,731836643561620,355.864049,32110d8c1f699c05e08f53459c5fa0f131ec814d2ff5a71d409053b491965a74,16380,362.288615,True,148,172
450.98827432945563,5ec7ffb4,1177,0.4641053314011104,731836647021171,0.0,True,True,5ec7ffb4,1025,731836653683467,-7.554945054945055,1352.4788156288157,-29.05879120879121,1023.7499999999999,731837009542947,355.85948,469843e2a13175d877ca04dafde1e5d49728817022ba5749f021b9cc28fdbbe6,16380,362.521776,True,116,111
1234.3047389084934,56c05c61,1178,0.3724462059504634,731837013430158,0.002777777777777778,True,True,56c05c61,1025,731837020299476,-6.60067155067155,1658.592796092796,-19.51202686202686,1023.7499999999999,731837375743529,355.444053,cc504917db8dafa6fae05a8fe7e73e6854c3009c591665f03d1a843ab5111f48,16380,362.313371,True,195,202
965.1441379828285,66a92e66,1179,0.3476738755976582,731837379797485,0.0028998778998779,True,True,66a92e66,1025,731837386723310,-10.72912087912088,1927.5514652014651,-29.10830280830281,1023.7499999999999,731837741678946,354.955636,9773baa66532d9ff8633f29bb130d093c9966ab2dedd0a2679ace0ce095661f6,16380,361.881461,True,149,165
473.5311564141326,e9dfdbb3,1180,0.3617541218930798,731837745875513,0.0,True,True,e9dfdbb3,1025,731837752716176,-12.292979242979243,1527.6399877899878,-30.04981684981685,1023.7499999999999,731838107710946,354.99477,9bb8dae4acd3774b6807a3e995af83bf909d4605cfb1a672ea2739f11a524737,16380,361.835433,True,120,125
564.527467458603,1a71f39f,1181,0.4108420642016458,731838113257920,6.105006105006105e-05,True,True,1a71f39f,1025,731838119693026,-8.756043956043957,1315.0007326007326,-25.957753357753358,1023.7499999999999,731838474729223,355.036197,c8cc3f2c1446588a2dc44c60bbfa8ab38be3c586d1130bc6944507512c8e6abd,16380,361.471303,True,142,154
542.6928555998337,2aa833db,1182,0.1481550285392496,731838479699634,0.0,True,True,2aa833db,1025,731838485765911,-11.003479853479854,1412.6336996336997,-27.365384615384617,1023.7499999999999,731838840593923,354.828012,54b06a0c3e1c7f44f4f667ac71400ffebd5fdfc623c8011215efb7eded5f5e42,16380,360.894289,True,120,130
542.3863539323246,62a9f910,1183,0.2758785619555385,731838842340160,0.0,True,True,62a9f910,1025,731838848791777,-10.108302808302808,1285.0063492063491,-25.306959706959706,1023.7499999999999,731839203656739,354.864962,1729ac08a1b9c8ca3a680ba6afd6b351c2672d2cb56888602a4bb77ab9589ade,16380,361.316579,True,121,125
467.08645639430443,f49b3e7c,1184,0.01323128633563811,731839209495665,0.0,True,True,f49b3e7c,1025,731839215817055,-8.550976800976802,1347.9797924297925,-28.42136752136752,1023.7499999999999,731839570647750,354.830695,fbdec41f951e201bde8e7c3bb147fd47032952083f5f2c3a536002cda3b73c4e,16380,361.152085,True,119,126
1104.6865223231523,c96fbfac,1185,-1.4924484806914475,731839574054611,0.001800976800976801,True,True,c96fbfac,1025,731839581363741,-7.476923076923077,1529.7186813186813,-19.212698412698412,1023.7499999999999,731839935842199,354.478458,cf2118544d418d9974eff4eedcda7397ba6ec7300d2adc8de694c1818f350dc1,16380,361.787588,True,181,199
492.887391157208,e41e1e43,1186,-0.1616090501163166,731839939924359,0.0,True,True,e41e1e43,1025,731839946767026,-6.616483516483516,1528.653724053724,-31.495848595848596,1023.7499999999999,731840301661560,354.894534,f91baa9e0f4db7f7710cc847edefd9081cd0b3f21a72801b746c79a3f308a8cc,16380,361.737201,True,122,127
526.1063695526424,039769b6,1187,0.11851354474539058,731840307301240,0.0,True,True,039769b6,1025,731840313842175,-6.862271062271062,1513.0987179487179,-30.657814407814406,1023.7499999999999,731840668664050,354.821875,a2e9b5439e3a50c7f7bbab8a4571bff3e8d32a05f1ab476bab5443066fbe9fd0,16380,361.36281,True,128,126
802.7580858159613,4e4465a7,1188,0.2335739534653086,731840671815718,0.00042735042735042735,True,True,4e4465a7,1025,731840678750269,-9.018070818070818,1390.174358974359,-22.496459096459095,1023.7499999999999,731841033661434,354.911165,4554a633e0b38c339e2efa6eaaa42d1cfc463e4d184663bc9009af1082dcf1b3,16380,361.845716,True,151,175
401.4508955611612,e03d941b,1189,-0.13014036266919574,731841036655343,0.0,True,True,e03d941b,1025,731841042710378,-6.687789987789988,876.4258241758242,-20.742429792429792,1023.7499999999999,731841397719948,355.00957,2869a8bc93e1b153c26fb11639d280172afd93815254010c010a4c31368de3d5,16380,361.064605,True,120,122
421.2312666620451,49b0bbd5,1190,-0.039955533054179954,731841403413539,0.0,True,True,49b0bbd5,1025,731841409893399,-7.605250305250305,978.0697802197802,-22.33827838827839,1023.7499999999999,731841764705423,354.812024,60c0ad0f301ee4dba5d59b3723455377999696f4e2c3a6ce621f8d514160c5c8,16380,361.291884,True,115,118
427.61455468862977,74ac6a78,1191,-0.14217773490541358,731841767119774,0.0,True,True,74ac6a78,1025,731841773820793,-8.496825396825397,1449.9291208791208,-30.823992673992674,1023.7499999999999,731842128702148,354.881355,9dc6d27da66043550acf94c50c0ce3afb692e60b42b3fec83aac4d23f16fee1e,16380,361.582374,True,109,107
514.7693220088825,f816a4ac,1192,-0.14570825830123754,731842131405788,0.0,True,True,f816a4ac,1025,731842137823831,-6.783516483516483,1330.0247863247864,-27.735164835164834,1023.7499999999999,731842492676530,354.852699,25fc4fb9ab7b83c0f5ec44614ddc10fa320e8b1042c1cac3e127db9079357ab2,16380,361.270742,True,122,125
485.9774295986201,070e075e,1193,0.29018613057392545,731842494786024,0.0,True,True,070e075e,1025,731842501836515,-5.983699633699634,1394.9990231990232,-29.5502442002442,1023.7499999999999,731842856698400,354.861885,159d23e7848fd16fd956d5070b31f066fe1d2de205d0ac061f7aea204224caaf,16380,361.912376,True,114,122
524.1499630978843,03c0e4c4,1194,0.006919797433779933,731842862075412,0.0,True,True,03c0e4c4,1025,731842868814042,-6.142246642246643,1240.6705128205128,-26.053663003663004,1023.7499999999999,731843223729429,354.915387,d43e10d7b563f7b4d420557769f730c12a538703df980cfedb0d03d31509defe,16380,361.654017,True,126,130
301.19493250203874,6004e4e3,1195,0.46766802169267785,731843226841852,0.0,True,True,6004e4e3,1025,731843233912451,-6.882539682539683,998.8578754578755,-25.500854700854703,1023.7499999999999,731843588788661,354.87621,7719d97089b4136f9284c2f31f4f7aafdd577811db6e995eea9c02ed36aec545,16380,361.946809,True,91,94
512.6162686485947,88ef5604,1196,-0.20247817740501578,731843599465819,0.0,True,True,88ef5604,1025,731843605835169,-6.287484737484737,1276.169352869353,-26.90763125763126,1023.7499999999999,731843960745043,354.909874,0ed968513989b35a5ba862875382b5365d2c5bb84551f91e793cb0518fd6a8f6,16380,361.279224,True,121,124
433.41747760752344,ddc18737,1197,0.5496220058496397,731843964369616,0.0,True,True,ddc18737,1025,731843970822024,-7.531990231990232,1472.940231990232,-31.3495115995116,1023.7499999999999,731844325785038,354.963014,8bf231df4a07772516a5a39cf6a7146a0eb63c5ffeefa92d747072875ee720f2,16380,361.415422,True,103,108
444.8918969759721,60d6ac84,1198,-0.20102179580851604,731844330926474,0.0,True,True,60d6ac84,1025,731844340187059,-6.09010989010989,1044.8149572649572,-23.724114774114774,1023.7499999999999,731844692796053,352.608994,86973eb3a021759e1e537aea40250c331483c24ad096a986607d0a8a48109f3a,16380,361.869579,True,113,117
426.591702405924,2b35894f,1199,0.2932463719940021,731844697913513,0.0,True,True,2b35894f,1025,731844704772902,-6.61013431013431,1285.9668498168498,-28.56013431013431,1023.7499999999999,731845059789475,355.016573,ca11e6b0c9d5707c06136be99ad06de1020d60567cc7be2e639ca8e9dbb43a3b,16380,361.875962,True,103,112
486.6878889761033,b9597e46,1200,0.229436253797819,731845064789212,0.0,True,True,b9597e46,1025,731845071867004,-5.13956043956044,1371.024236874237,-29.29029304029304,1023.7499999999999,731845426773588,354.906584,4955dc7cb359ad8e181fbd3d017cab81f234b5e77a501bfa19cf56a4fff5f9fd,16380,361.984376,True,114,115
448.90273414450155,babfd335,1201,0.1915847718587409,731845429859150,0.0,True,True,babfd335,1025,731845437096495,-4.3568986568986565,1448.7106837606837,-31.318131868131868,1023.7499999999999,731845791756580,354.660085,4f53f95c5a39f5653d5c109cd21382fd54c0946e4803412939d88ca1bd71fa1e,16380,361.89743,True,111,123
506.6746174233445,c2e98807,1202,0.3199565307858159,731845795695599,0.0,True,True,c2e98807,1025,731845803235827,-5.446031746031746,1154.9066544566545,-24.87112332112332,1023.7499999999999,731846157762830,354.527003,09adf5f7d070d18cc5a7db28502ccd59251f5fb313614530ba6731f87f1dbd38,16380,362.067231,True,129,129
452.60049238849604,70d6eaf7,1203,-0.21125412655825448,731846160857360,0.0,True,True,70d6eaf7,1025,731846168068064,-8.818742368742368,1457.260927960928,-30.444871794871794,1023.7499999999999,731846524226955,356.158891,f4dcbca1c5fc8bd510bba8082f01bf910a4c36ee2afaf01351d5a5cea4a2b065,16380,363.369595,True,109,113
560.7511755863862,aea23039,1204,0.26783380133706725,731846528656813,0.0,True,True,aea23039,1025,731846538148816,-8.693528693528693,1614.8762515262515,-31.28174603174603,1023.7499999999999,731846891169686,353.02087,f15718a6ea80c3001c032f67ae738dafa2cd0c486dec7006c2e51f51b3268a7c,16380,362.512873,True,123,123
517.8367722445103,c01dfa2a,1205,0.2289779350285008,731846893508995,0.0,True,True,c01dfa2a,1025,731846899982413,-10.134126984126985,1278.989194139194,-25.66031746031746,1023.7499999999999,731847254887710,354.905297,4126a830f906a67975cc58234740a14e0587ba9670347e525f368200d5220e5d,16380,361.378715,True,119,124
539.4263568021993,1da18d15,1206,0.20062412367281313,731847260159682,0.0,True,True,1da18d15,1025,731847266971380,-5.709218559218559,1060.5313797313797,-22.102258852258853,1023.7499999999999,731847621768871,354.797491,7bb7274185a1f66fb3572134e8c156325518688f7fbff361fe9ede3857c9eb42,16380,361.609189,True,124,127
488.24797568358923,534c3e26,1207,0.4329867362412336,731847624445419,0.0,True,True,534c3e26,1025,731847630983529,-5.577960927960928,1160.6384004884005,-25.323443223443224,1023.7499999999999,731847985779978,354.796449,9db27ba0b923042e91b484e4875db004aa7ab1a00bee0ae924972c5d7dbb5d30,16380,361.334559,True,115,124
508.7167405827112,21b83957,1208,-0.24328196023187354,731847989894709,0.0,True,True,21b83957,1025,731847996927556,-5.837484737484737,1036.7069597069597,-22.224175824175823,1023.7499999999999,731848353062258,356.134702,4210808fbb74253c49e6bdcf9a4de98227ab65044a2bf4d4dfc6c16bf5d7bcdd,16380,363.167549,True,126,129
503.4519487119853,c940e36a,1209,0.27412284936505754,731848356167988,0.0,True,True,c940e36a,1025,731848362953517,-10.414285714285715,1454.1703296703297,-29.02173382173382,1023.7499999999999,731848717782224,354.828707,759ffb59328e0d46960aadfbaa18fd34f566d4130a6cfa2a62334c738fdd5146,16380,361.614236,True,115,122
474.5465025061087,122d7e19,1210,-0.2408719105936843,731848720708666,0.0,True,True,122d7e19,1025,731848727976768,-6.807264957264957,1133.154761904762,-24.744078144078145,1023.7499999999999,731849082821125,354.844357,2937dc88bbc5d4d07cc2f77c673e310a7be5c49f5c92538085c754a49c30b149,16380,362.112459,True,121,127
528.3883448314675,e96c5b35,1211,0.1260697160972472,731849087685706,0.0,True,True,e96c5b35,1025,731849095909668,-5.959218559218559,1108.3650183150182,-23.333760683760683,1023.7499999999999,731849450156341,354.246673,5c7999633f1129de00473f7670b466360517c81d89d67914cf2efc39faadfde3,16380,362.470635,True,123,124
626.1430495474543,47cfe102,1212,-0.2444591592984506,731849454532968,0.0005189255189255189,True,True,47cfe102,1025,731849461031603,-6.596520146520146,1276.7349816849817,-24.63894993894994,1023.7499999999999,731849815826294,354.794691,a74ac3320c23f28538e15aa3273f47aea70b1f1642e4b73b3d36bdd887554f28,16380,361.293326,True,147,159
664.6515139781532,2b2cc49b,1213,-6.879254450320521,731849820328799,0.0,True,True,2b2cc49b,1025,731849827036971,-0.6322954822954823,665.7578144078144,-0.8405372405372405,1023.7499999999999,731850181888138,354.851167,a443edd53afad64e119df0ec2746a6fe00e58261759f59c0304e3da6ac3fb043,16380,361.559339,True,81,81
804.0071132638898,14cd6d61,1214,-2.077884422046068,731850188581773,0.0012515262515262516,True,True,14cd6d61,1025,731850196253028,-7.502319902319902,1292.5764346764347,-20.791452991452992,1023.7499999999999,731850550824223,354.571195,6a249cd04f2df00eed9f74d6f2bedcfaa18757b14bf5e2f74d9a2824bf60fe3c,16380,362.24245,True,179,200
447.05774571717797,95d5c41d,1215,0.013599612137502924,731850553769409,0.0,True,True,95d5c41d,1025,731850561243812,-5.813003663003663,1206.1907203907203,-26.93217338217338,1023.7499999999999,731850915958097,354.714285,2eece3495de542d654a25f4b4ceb944e39c3aebeaca9769a8b4acb7abe77653c,16380,362.188688,True,114,114
787.937010287569,e53ea13b,1216,-2.6597219959885914,731850920401641,0.0009768009768009768,True,True,e53ea13b,1025,731850926999254,-3.2503663003663004,888.1774725274726,-9.46971916971917,1023.7499999999999,731851281851921,354.852667,e553f0c74abaae82ed1f743b9658369e6aed83e4eae21ed9855777e890fb2324,16380,361.45028,True,143,177
326.963133839773,17e23f89,1217,0.009669082547835658,731851285768547,0.0,True,True,17e23f89,1025,731851292939765,-3.4775335775335776,597.9106837606838,-16.088949938949938,1023.7499999999999,731851647837435,354.89767,069864b63768d33f68d173da75a6f1c0924925122ed26777f8bb34317414f949,16380,362.068888,True,125,135
488.11456036874534,ca551068,1218,0.4494482629233037,731851650569609,0.0,True,True,ca551068,1025,731851657848441,-7.812454212454212,1359.712148962149,-28.47039072039072,1023.7499999999999,731852012839768,354.991327,d6f214267ae207dab3799955fda8c6ce9bebae2d62f4a76e4d1a40dc7b6e835d,16380,362.270159,True,113,120
408.36119675264365,5b289b3c,1219,0.6524935628737383,731852016249845,0.0,True,True,5b289b3c,1025,731852022929192,-5.480525030525031,1314.0984126984126,-29.592246642246643,1023.7499999999999,731852377931930,355.002738,f482dc100a911f29b1bf339c3a06935e4a4777dc34834114c79079ceabc70cf0,16380,361.682085,True,107,108
514.0002643974531,72ed51ca,1220,0.7098012577214172,731852387376644,0.0,True,True,72ed51ca,1025,731852394032767,-6.094993894993895,1388.029120879121,-28.92887667887668,1023.7499999999999,731852748855683,354.822916,72a74d3cc31dce715cd022b220619c72eb7fae9050cf12922d90d86ce02fedd0,16380,361.479039,True,124,128
522.861646782535,dd8b8ad9,1221,-0.09907765625182481,731852756444732,0.0,True,True,dd8b8ad9,1025,731852764457023,-4.774481074481074,1255.9188644688645,-26.6507326007326,1023.7499999999999,731853117952696,353.495673,2839ff2039d6dc88aef4a7abc97718374e8fd56534c8d1cf0c8f49bf8bb8a5ba,16380,361.507964,True,123,132
374.6613518227804,9674479e,1222,0.3699220840181169,731853122628199,0.0,True,True,9674479e,1025,731853129944492,-2.6776556776556775,962.7471306471307,-24.102197802197804,1023.7499999999999,731853485116658,355.172166,a7d02eec923567492a8ae468d2cba19d1ac40337918c63bf3d9d661a86216884,16380,362.488459,True,115,118
839.9052140591061,7f90c42c,1223,11.714290914036704,731853489931725,0.0024725274725274724,True,True,7f90c42c,1025,731853497171132,-2.894017094017094,1241.17442002442,-19.82155067155067,1023.7499999999999,731853854146081,356.974949,72d44a347b75a4f7494abbb15ac08cc31e6ae4f9c20d8c6249c3d8d99820a971,16380,364.214356,True,158,168
840.2632075470995,9cb4f4c8,1224,-1.4345539643328347,731853857288601,0.0015567765567765569,True,True,9cb4f4c8,1025,731853863941127,-3.953052503052503,1091.986752136752,-15.365445665445666,1023.7499999999999,731854218949502,355.008375,dffdf03269b503a9edb00602d5d03e378ca0c77ffdaa1924447b787b766e8de2,16380,361.660901,True,199,214
857.78551719614,671999ba,1225,-5.594368050311269,731854222984412,0.0025030525030525033,True,True,671999ba,1025,731854229980318,-6.224297924297924,1248.669352869353,-18.765445665445665,1023.7499999999999,731854585325237,355.344919,074d114d5fec1645334825d45b0a290b57a23b99c572bcea0b08957d134a2dae,16380,362.340825,True,159,186
482.65940502652956,42d86c0f,1226,0.06048017715506255,731854588336309,0.0,True,True,42d86c0f,1025,731854594876021,-4.324236874236874,973.576800976801,-21.73058608058608,1023.7499999999999,731854949909891,355.03387,0103c25588960d328c928d35e52a9687bf3a8dfa70c99772f687e6e3692d2863,16380,361.573582,True,129,128
565.4454153677689,749df450,1227,0.3673333329016487,731854953612482,3.0525030525030525e-05,True,True,749df450,1025,731854960893609,-5.334188034188034,1178.5141025641026,-24.178815628815627,1023.7499999999999,731855315908312,355.014703,2e11da81e1c0575703e0bab14116ad7348d3429713986cc31f8e12a4bb15e549,16380,362.29583,True,135,145
1090.9733881181226,d700fcdd,1228,3.057514796686114,731855318946264,0.002564102564102564,True,True,d700fcdd,1025,731855325891695,-4.676129426129426,1898.2761294261295,-28.025641025641026,1023.7499999999999,731855680944238,355.052543,86f76fa4264bff2edec4531daa8a38223e3e9de50b71dc8e2c818cbb501f6ae0,16380,361.997974,True,185,208
540.4995814530063,9e86528d,1229,0.2751799949639378,731855686362898,0.0,True,True,9e86528d,1025,731855692897000,-6.46990231990232,1466.08547008547,-29.727533577533578,1023.7499999999999,731856047933282,355.036282,6030b4426ce737849bcb6eeb41f70752e7f9a15f1ddb281a00443aa89f7f6e8e,16380,361.570384,True,123,125
559.792814392906,16805dc4,1230,0.03341399479992945,731856052967374,0.0,True,True,16805dc4,1025,731856059904199,-6.621550671550671,1347.2387057387057,-27.26904761904762,1023.7499999999999,731856415037062,355.132863,f90a6fda2aa42c0dce16053ba714d253e742512eae36fb2da86a54ce9cc0314c,16380,362.069688,True,122,131
458.5005565246042,cf6ce8d4,1231,-0.22657288427566707,731856418917670,0.0,True,True,cf6ce8d4,1025,731856425877759,-7.381501831501832,1245.786568986569,-27.07026862026862,1023.7499999999999,731856780991565,355.113806,31bed55dbd3431e2a03b232657cde1a9e4df8c66a69e2ba8cab0ac09ca85f970,16380,362.073895,True,114,117
509.49032523879595,1fb11014,1232,0.5053789155168956,731856784510929,0.0,True,True,1fb11014,1025,731856790864188,-6.243040293040293,1160.1070207570208,-24.731379731379732,1023.7499999999999,731857145972184,355.107996,48552259cb613f34d0c0bab8c03dd806664c98c3cf13cdbf961e51f3503aab39,16380,361.461255,True,124,125
392.62833529379316,d89e4652,1233,-0.2932073185152639,731857149875965,0.0,True,True,d89e4652,1025,731857156978814,-6.90964590964591,843.2435897435897,-20.071672771672773,1023.7499999999999,731857511955439,354.976625,4e14f908559f9d8e0f4b65e8692e3385f04f1b643a3eada91a059f389bb03d73,16380,362.079474,True,128,133
661.1561876883122,7091a6e3,1234,0.19264115400760834,731857516411296,0.001282051282051282,True,True,7091a6e3,1025,731857522932293,-8.07106227106227,1830.6228327228328,-33.23137973137973,1023.7499999999999,731857877975954,355.043661,9e558da6167b1c63e3f20bd1d07dcfe1e2b4d1b94a0c533af89342d5c88182d6,16380,361.564658,True,133,158
1502.2850012113106,b71136a3,1235,-9.591011226991249,731857881565500,0.0019230769230769232,True,True,b71136a3,1025,731857888907422,-1.4233211233211234,1520.770757020757,-4.057081807081807,1023.7499999999999,731858243978765,355.071343,ccf33871e1418c2a973683e05edb640032954863a5d6184ca30c34270889c238,16380,362.413265,True,170,174
494.5371369794904,8d63c304,1236,0.20895088299066866,731858253272372,0.0,True,True,8d63c304,1025,731858259897706,-8.026251526251526,1438.9421855921855,-29.664529914529915,1023.7499999999999,731858615014183,355.116477,decbb074857f5a347c63aca09d474237acc99591a2610c0660e42ce7ae6247fd,16380,361.741811,True,117,127
945.967399461209,dd1822a0,1237,3.305063592650999,731858619136057,0.0031135531135531138,True,True,dd1822a0,1025,731858628423002,-6.15982905982906,1340.7286935286936,-18.88962148962149,1023.7499999999999,731858980988819,352.565817,b37036347675144842fa1167f71f15413377558cb31d59fd6db35255d4054448,16380,361.852762,True,172,190
824.4187096558983,c9fa6d3e,1238,-0.20124390335672793,731858985416252,0.0013125763125763127,True,True,c9fa6d3e,1025,731858991894037,-3.937057387057387,1494.329242979243,-25.581440781440783,1023.7499999999999,731859346964195,355.070158,a2d1c38e31873221ab45123326404361158d768582a931d62f72d0bb9cdebdc5,16380,361.547943,True,170,205
763.9901428303076,39c6ea9a,1239,-0.36297149233249093,731859361858476,0.0009768009768009768,True,True,39c6ea9a,1025,731859370774968,-6.113003663003663,1266.6617826617826,-21.57087912087912,1023.7499999999999,731859723986806,353.211838,2c1d3ec4042e5ff120e742607ce54ad70dd79c0bce0902f897f94bc0bb93fb12,16380,362.12833,True,146,160
737.5464186014094,20eedcb1,1240,0.2696852769446033,731859732115677,0.001098901098901099,True,True,20eedcb1,1025,731859738823468,-5.8047008547008545,1442.5127594627595,-25.90891330891331,1023.7499999999999,731860094033008,355.20954,42d7dba615481e0165ae016e8878a266e7036c74dcc344feafcf614155f20517,16380,361.917331,True,135,164
444.34062187202295,9638d745,1241,0.34019129135981485,731860098231518,0.0,True,True,9638d745,1025,731860104978994,-9.49102564102564,1124.1805250305251,-24.284981684981684,1023.7499999999999,731860459999254,355.02026,637c61deeebc79f75ba579ced302f6a3e9e27c47162da2237bccdb8f4209b535,16380,361.767736,True,112,120
785.0075507334208,d0793f4d,1242,-0.22076600126751691,731860464629440,0.0014346764346764348,True,True,d0793f4d,1025,731860471915556,-7.64920634920635,1351.0681929181928,-22.528876678876678,1023.7499999999999,731860827065561,355.150005,83bf8b9eaee153fb1f48b19f7ae38f7f3b9516985cec23a62c066a3209ad899d,16380,362.436121,True,175,198
520.0738734288368,90b9a094,1243,0.24556928909756773,731860833580496,0.0,True,True,90b9a094,1025,731860840907540,-8.536935286935288,1312.3487179487179,-26.82155067155067,1023.7499999999999,731861196033489,355.125949,cdacac29392984337712bb01f923606e583b4f5c2f405c2993254317fd5f3b27,16380,362.452993,True,120,123
270.2148564354517,11a2be63,1244,0.09825213687187306,731861199371028,0.0,True,True,11a2be63,1025,731861205807094,-5.311233211233211,862.3067765567765,-23.746214896214894,1023.7499999999999,731861561049762,355.242668,030ec12b7f390335b3e48f84c140dac2741a84fad9bea140dd7d6ed81bcd54d5,16380,361.678734,True,92,92
452.8080251945179,8d185663,1245,0.08950012250602914,731861565719804,0.0,True,True,8d185663,1025,731861572843613,-11.68028083028083,1619.435347985348,-32.096703296703296,1023.7499999999999,731861928084417,355.240804,106770633ee834a818906ff851b82d7ef0cb49e91a0f1a3ec29a109d83231f62,16380,362.364613,True,109,112
517.1643549565345,d60b6657,1246,-0.35996996022593897,731861932614444,0.0,True,True,d60b6657,1025,731861939858891,-8.71923076923077,1296.5042735042734,-26.52008547008547,1023.7499999999999,731862295036945,355.178054,280b51cbd97d25700eddc11608a3afb9f28156ce780d90386a5ac6a353022aca,16380,362.422501,True,127,129
426.4878350112782,cad2b8cd,1247,0.0667427403579893,731862297913302,0.0,True,True,cad2b8cd,1025,731862304912434,-8.494505494505495,1467.0015873015873,-31.118437118437118,1023.7499999999999,731862660095606,355.183172,83b3ec3fa684d21f4d05bb8040d1fe13556f3f21d2d2551ec78eae44a2f2ff0f,16380,362.182304,True,105,109
443.57741892417715,db5ae3ca,1248,0.16899613769884558,731862664492692,0.0,True,True,db5ae3ca,1025,731862671935294,-7.099450549450549,908.5196581196582,-20.36025641025641,1023.7499999999999,731863027069203,355.133909,7c22eac0e0eaf2bfc784a17fca0628f9d0021cf44f81d294e9f038a29a51d33e,16380,362.576511,True,117,120
760.7092108180112,ba9d9c7f,1249,-1.2365201406224058,731863031131525,0.001098901098901099,True,True,ba9d9c7f,1025,731863037879571,-6.032112332112332,1239.196275946276,-21.026190476190475,1023.7499999999999,731863393079675,355.200104,903d3850518effdf16fd696b5eba6af056011d50372a5c2b10ccb57513a1092a,16380,361.94815,True,167,188
485.4281226957143,981819a1,1250,0.32869948555037193,731863396709818,0.0,True,True,981819a1,1025,731863404127663,-6.853418803418803,1186.745115995116,-25.58021978021978,1023.7499999999999,731863759136703,355.00904,7dc2d3de463b2e814e42898ca15e902893eec7cf8450a8984276f63f533b1f70,16380,362.426885,True,122,126
