dataset,capture_index,source_control_phase,original_sha256,derived_sha256,original_bytes,derived_bytes,original_crc32,derived_crc32,transport_valid,frequency_translation_hz,original_full_owned,derived_full_owned,original_foreign_redacted,derived_foreign_redacted,original_owned_cluster_conflict,derived_owned_cluster_conflict,original_candidate_status_counts,derived_candidate_status_counts,original_complete_owned_proofs,derived_complete_owned_proofs
historical246,0,source_off_before,0e910e79ce3ee851ff5f48941129429127fd6c89b316da1931e616f31bc05338,9852c6464c00cd5bc22a24022cfcc5e79da861e094f72c5a0db11659b1d5dde6,40950,32760,7bb880fa,2fab100b,True,-1000000,0,0,0,0,False,False,{},{},[],[]
historical246,1,source_off_before,6ef6f395f889662eb85c1f8f31657c01f9fb3644cb7538311bd6f79d8d0ac3e9,350f0142156820f9639da308b6ee5e7b00e85fbb1d80d3ffb6907464fd5d2047,40950,32760,f0ce81bb,23da7654,True,-1000000,0,0,0,0,False,False,{},{},[],[]
historical246,2,source_off_before,2214ca4615cccf79c12911b4fcd3ca7c4839cd6501790eb4d46ac6dc972f4601,168cfa42b8d2b0df5c88183bff83c96a26677c3796a261ca305b3b1557422b46,40950,32760,a38e37e0,b5d642ca,True,-1000000,0,0,0,0,False,False,{},{},[],[]
historical246,3,source_off_before,54d8fbef074201ea1232e0780e0239213cf2d32111852715705ec74dbdae137d,6fbc8cb7cd291863eacde3bcc865678490ebae721729ef037ddddb74cfdcbbf1,40950,32760,446ca049,2476f635,True,-1000000,0,0,0,0,False,False,{},{},[],[]
historical246,4,source_off_before,02900641dd973e99ba6a7c96a19cd5c31c73a9e394352e57dc7c44072611528d,dd69fb06778b5789c2c626961791cbeefbddc5a0a88976639136fa489e47b405,40950,32760,718b7c0a,94a9588f,True,-1000000,0,0,0,0,False,False,{},{},[],[]
historical246,5,source_off_before,91ee14a7b77a90af92e89471209eaab661ca4937772b264bedcbd9989df829f3,229885b572b66159b7a6ae881d3f55baab514e872b4aa4c1a314479a93898a9f,40950,32760,f7331cfb,5e4f0c6d,True,-1000000,0,0,0,0,False,False,{},{},[],[]
historical246,6,source_off_before,aba7974cd32cfba3caaf5ffe3feab369be34b4536733c258856041e449805054,9c347a2bc30a1d8ce99e0b5a49c169e30d72833574673e9331a6d10999cb5db8,40950,32760,016a3cc3,d07bf5e5,True,-1000000,0,0,0,0,False,False,{},{},[],[]
historical246,7,source_off_before,a64b90123519e1aef80f7ca2fddaefb9b0c699bae54e70a1785bd30a5c74c572,4e5106440523ba88430ce70ad878c2add4090afa087c0baa3bca121ca711c4cb,40950,32760,51f0936b,7ad0cde5,True,-1000000,0,0,0,0,False,False,{},{},[],[]
historical246,8,source_off_before,9d9b21905bb839c6a2b85813d60fffce882277a1f0d8961fec1ec6fca56c12ed,ecb9161623bdaebc18186d61207d832fa084bacdad8012e282a40fa331b624a5,40950,32760,18621b9b,b8e94cc9,True,-1000000,0,0,0,0,False,False,{},{},[],[]
historical246,9,source_off_before,29d0718e1eeec5a24d3dd968de4ec8d383386b0f9ecbf5200e26a7d0cdf52a1e,11084e3cd13e63405abb935de60bf6e37ed4a1773581589e38f282e1ab1dca4a,40950,32760,539f9b56,2ff2a135,True,-1000000,0,0,0,0,False,False,{},{},[],[]
historical246,10,source_off_before,1a5a6c1246b12af8f284c74ec593988768074a83d097895d434a4008a6a62d3d,77ab9ea6d2eb31fde4587da32e2c72944088ed37928703e62e34a600a34079f3,40950,32760,23f7c7d2,2ae563f1,True,-1000000,0,0,0,0,False,False,{},{},[],[]
historical246,11,source_off_before,daa6fcd1f93d24d7c0ad2aed4df38c4d565bf17027681cc9fb51bc0e1794e2b5,c654963ea885bdf1d6ea796c3b78cb4121ec3b2debe244b27648be7b1d7ff3f4,40950,32760,747fe7bb,75d4ee23,True,-1000000,0,0,0,0,False,False,{},{},[],[]
historical246,12,source_off_before,bb8bdb6ec32d61cd72429cc3a151bb7e497f5cc435b1a7a0989ff27d6d831f86,19ed0302205dbdd1a3a2a650514bc67dcaec2dc93e8e57e00889b0cef3e6a846,40950,32760,bef22049,5cb40daf,True,-1000000,0,0,0,0,False,False,{},{},[],[]
historical246,13,source_off_before,c0ed4d48b74d4eb76f8576492b7de4cc2179ed569b09cfeb0f02263009553af3,fbb19aa248a774d5e968f796db2250ce25e0b55ad969d420c9eb4a4b6f1f1b95,40950,32760,a8edb2e4,12b750f1,True,-1000000,0,0,0,0,False,False,{},{},[],[]
historical246,14,source_off_before,9cd2173b523daa0034f72dd191ecbe9997c636d13f5b99cba2c037d776614c89,662e872701309524cf271c106b2b745d7b2d6ae869f669b67cdfe67f48dbb127,40950,32760,d7b96ef0,2c0b0a13,True,-1000000,0,0,0,0,False,False,{},{},[],[]
historical246,15,source_off_before,13ac726f06731db18cd256a072957b08f72032d1dbc942386a459366545c520a,4afb39cbf6554a9ae124cbba8e6e0f626f1c43a5e86af1554c7ac8ecc0249e58,40950,32760,87158f3b,990d2c97,True,-1000000,0,0,0,0,False,False,{},{},[],[]
historical246,16,source_off_before,03afa24e21b84238172b1562f68d8d6b33fe40118cd38f0e9077970787cf6c9b,3c337ba8182c591f6d7a135f168a15fef01f581f3c7b6e9324f84929524d1eed,40950,32760,55e1161f,46aa7ac1,True,-1000000,0,0,0,0,False,False,{},{},[],[]
historical246,17,source_off_before,45b6507d2abf161921a2b204ce42a881959c68fafd8439011ef71844381529d8,fc9aeb44398d09b19ac43403302992be1ee07fe1c0044b1d49e7e3d29b0dbc18,40950,32760,87dde9a6,5125bb22,True,-1000000,0,0,0,0,False,False,{},{},[],[]
historical246,18,source_off_before,c401e8abd3469f18ea2b0e9039c6a76554ab4d784df6e487d5fccf2820db8686,9c85ace4f2716c3f7449d801a460f40dacf437aea0b70f818c9fa76f7b884414,40950,32760,f0f7a41a,eebc5fc9,True,-1000000,0,0,0,0,False,False,{},{},[],[]
historical246,19,source_off_before,9f1be4926bc204dda19846cb3a7103737d9d1e9992d06bef1b68404ed0ba460b,39252367785b10662a63f872d9bb1d76aa8a556e36b5a2e5d267294cc0de93eb,40950,32760,d1af85fa,15bd0528,True,-1000000,0,0,0,0,False,False,{},{},[],[]
historical246,20,source_off_before,6e3806a9ce1c5ab511925ad22bb6f3a8f493410f90495c1ee6fef82ea6308eac,56bb416a33de67e285a3ee277d76b6cf0c73e0fe7873a48ec6150155d65191c6,40950,32760,8e85a736,666a334d,True,-1000000,0,0,0,0,False,False,{},{},[],[]
historical246,21,source_off_before,22db2d518f04d0d049374b86328b5b2d4c240f88e9746f7e00691438c6e4081c,b38531cc26b25bdaa3235fc1599f9b03c26c62847ef463ab959df31adf08f662,40950,32760,42e256b0,c7c96937,True,-1000000,0,0,0,0,False,False,{},{},[],[]
historical246,22,source_off_before,6a2911b80d8feb201a13b77f86e6d3921e416cd4d7412b6ac9d7454fef5bb846,0253a22c3a48d079f99c37c68d2e428353186630c46aa70c9cdbb6c741205e5f,40950,32760,48c75102,781a5e35,True,-1000000,0,0,0,0,False,False,{},{},[],[]
historical246,23,source_off_before,3d3f3c5ac8cb58c68e430fca2c0eefe8aaf9d71321ee0eabd890ab61b03a40dd,79d53cf53f7e475a83e57b2bd65dda09ab4f6a3138063f23765f028de53dec28,40950,32760,bf9e0836,57a3c58b,True,-1000000,0,0,0,0,False,False,{},{},[],[]
historical246,24,source_off_before,ea472ff300831ae2df4bc9e1efbc859054ff1263081edcabbeda3cdad8299f8e,067427b51d218559704bad157c03b652a29a0247b78e9920b0dbd4139c0fb6c3,40950,32760,10e15f83,0d2e3075,True,-1000000,0,0,0,0,False,False,{},{},[],[]
historical246,25,source_off_before,17c4369450d3533d027f11d1888ed058df9de75be357fc78bef4ca0d9999db2d,61e4bf5e20f787db2cf5fa1c97f859ed5ab5d2adeddd49b875a4a222931a3d2d,40950,32760,7c7139dc,6b0831ec,True,-1000000,0,0,0,0,False,False,{},{},[],[]
historical246,26,source_off_before,b9e52ba6f1f12c8e45585c6e5ca26d4d0db9030bf192cbf66822d64d8e3f577c,b3abd22fa7ac12d4f94fc7a17cd5a90602ac12b600809b4a49420e6cddf5ba8c,40950,32760,c1b85bd4,dc0f8def,True,-1000000,0,0,0,0,False,False,{},{},[],[]
historical246,27,source_off_before,5d6f16afe7468d33c88357fb5d119480e228fb35572cd0099431c5c6e216381d,15033b70b505b19ac8f194360248ee11a0e2435bdef3e785cd37d1628b5b22ed,40950,32760,7ef73622,c4d56cd9,True,-1000000,0,0,0,0,False,False,{},{},[],[]
historical246,28,source_off_before,1bb1d1933b8a915d232e947e7bcb25987a5723576b0b8b21f13ab335fd0f10e6,aff6d18be3e8eef2ceb9e0691dc787dc3bc2a7dfe843bedccb4f25c577b7e490,40950,32760,4a61a696,9101b52d,True,-1000000,0,0,0,0,False,False,{},{},[],[]
historical246,29,source_off_before,ab3511452a18642e258482888d4afdcf7c5df3f2ecff5e1c56a7378cc409c7c2,eb7cb8ad488f90cd80e603f80306eb67f44ed906c994f569d5d92aec8f5df88c,40950,32760,d97effca,9c813e9d,True,-1000000,0,0,0,0,False,False,{},{},[],[]
historical246,30,source_registered_control_sweep,f9f73efff53b1c37048b0c15cfa2b9f89b19e064556ef035d91de14e050b0996,4d12ddf361b3b5993165d96ee540cf9b562e867903994230a3026bb89788c9df,40950,32760,04c8d366,71d41d54,True,-1000000,0,0,0,0,False,False,{},{},[],[]
historical246,31,source_registered_control_sweep,6e08e879d6a1a008c0b3aa2c323032db1be3b142a770df9e2ef3a26cdd925512,7910a8fba75ca50e0dec6ecbe82ee2393957a404c24009e094fb79638ef7cee2,40950,32760,f80daf0a,ce40a54a,True,-1000000,0,0,0,0,False,False,{},{},[],[]
historical246,32,source_registered_control_sweep,20ec04046b52ba044b1c60a371ac4d9242a3f7767d0ccf5440c2b4ef20118aab,7b89beb92fa242e9136bc142e59f78669567f7c4b18ef972da9338d2e4fcfe9f,40950,32760,313b058e,b18029fc,True,-1000000,0,0,0,0,False,False,{},{},[],[]
historical246,33,source_registered_control_sweep,966ecd20164c5bae75b6762339c2ab88a728652262ea2972d286fb0b319a89a0,d2e6a87c66a7a40fc521df71e6d82a4591a248a6f06d9b351d4c5ea1c22c906f,40950,32760,fcd0a93e,18fa68f0,True,-1000000,0,0,0,0,False,False,{},{},[],[]
historical246,34,source_registered_control_sweep,0fd0dd83dacee88956edb188a0844026e430ef414fa111edbb2d580429baabac,e16f2d02c598666e838979055e39c1efc1618bafb23d85fdaa5b32f3dae8149a,40950,32760,c1306f6f,64dfdb09,True,-1000000,0,0,0,0,False,False,{},{},[],[]
historical246,35,source_registered_control_sweep,29b6b1339bfb92fbbcf09500e014eac2fcac98add44ddcf15a8d1110a178c6d6,10f171bd71d12a4651e3a4bac47259402febf978a03a789d6cd9e9408899c915,40950,32760,ca46d2b9,8c811bd2,True,-1000000,0,0,0,0,False,False,{},{},[],[]
historical246,36,source_registered_control_sweep,eb108bbbbffd29bb7465613892f1f67ef3e4d11fa17f30e8aa777f189a7c366f,65d17700f096c27840c0b0b69c46313c4199aa2c4656091a94eb9e04cd1866d1,40950,32760,c8ee614f,b240563a,True,-1000000,0,0,0,0,False,False,{},{},[],[]
historical246,37,source_registered_control_sweep,caf24a9d8e91b7cd5d95932af054613702b6fd49f6f2f7d19006dc0b76f97021,e5eb09e83ea0edb9214a1c1865d05b23c48c2987709a977b716d8ee6551dd306,40950,32760,8f0eec74,600c56b1,True,-1000000,0,0,0,0,False,False,{},{},[],[]
historical246,38,source_registered_control_sweep,dd106ee768869e2ed6b970f88feed869aa48bcfa28dd5d460469bdb56e441a08,2051464f06b9440de8fcae5b37a263793606427da154a25b9209bc917aa8a5bb,40950,32760,93870207,4c9221d0,True,-1000000,0,0,0,0,False,False,{},{},[],[]
historical246,39,source_registered_control_sweep,8cafb97b075d4040d172d20249953659924311015a3e8fbf5c98c33cb7932b7b,9d34d831034195c6dab7d5cdc77bfab743472c8d5d838f2fa097140831fc79b5,40950,32760,93dbc3df,0b294acd,True,-1000000,0,0,0,0,False,False,{},{},[],[]
historical246,40,source_registered_control_sweep,1aee4afc1f2b241dc288b7fbfd1030dc3dcc5bad724342c09e8fe301d26e7e3f,7fa54bd6d572542c351ab8f166ded7a3eb8627bfee33ba1d692bf2d2a73c8436,40950,32760,f521e073,0a8e3b4d,True,-1000000,0,0,0,0,False,False,{},{},[],[]
historical246,41,source_registered_control_sweep,0af88d15d647a0acafe1a635c0693b08d8d96654c8dc03166eb6ae82a4263803,36e54837a8186bde825b53289c0bdb867d61310bd0b3b4016128481bedc699a5,40950,32760,332c3410,f1338238,True,-1000000,0,0,0,0,False,False,{},{},[],[]
historical246,42,source_registered_control_sweep,def145a0385accc0dd2b0309ec46f89cf19c251dc7b1a398e300544c52d27bbe,8e9e13db83433f83d11ed4e1399eb814c29a6b322e325979c94c650dfc18ce27,40950,32760,ff1e9238,6e3a5651,True,-1000000,0,0,0,0,False,False,{},{},[],[]
historical246,43,source_registered_control_sweep,a6e04c2d9d05d29fc1665b0da027cf936ee2c380db29e942ba84ef24f474c9a5,a0a1ad510c416b9959e7f373a18cb32d2ff9e6d91bf1dda72a5532fe0ebde664,40950,32760,a7f26b80,81be7675,True,-1000000,0,0,0,0,False,False,{},{},[],[]
historical246,44,source_registered_control_sweep,d903f6e8101ea86b66735ac5f57b27ef0fa6dab219f61e6fc8450956f01a7650,00708cb89afd943c2a1a73d165626d255879ed0f3b50295a6f0ad1ebe7c64e12,40950,32760,489de66a,7a275773,True,-1000000,0,0,0,0,False,False,{},{},[],[]
historical246,45,source_registered_control_sweep,dfe382aa0565a59ef02b7d1c65c2522e931098feb231cc2be091d3ba96f5b9e3,d5e087e8d79c71f48314e1a71293accc05b4e44bd1a3d6c641fc77b5cc22bb44,40950,32760,e7a4cc73,5e648389,True,-1000000,0,0,0,0,False,False,{},{},[],[]
historical246,46,source_registered_control_sweep,307c047901153d3e52b44db1f661372cf9e3058aca06a6b6ab9cb69b68e70be3,3c10d5a17fc631575c9731afc4d727b56b9986f84cd978b8f054938c5fd888af,40950,32760,3ecba305,85b0c9b0,True,-1000000,0,0,0,0,False,False,{},{},[],[]
historical246,47,source_registered_control_sweep,241b3a0c619bc5b4923eed2237442bff47b69246b43ce1eb033471674a76741b,c995873b9143c55cdcdec21d7ab28450a7111cdf7781437d9665f6f5eda02afd,40950,32760,3441feb6,47f900c0,True,-1000000,0,0,0,0,False,False,{},{},[],[]
historical246,48,source_registered_control_sweep,4c58c3d860cf992a91bffef1dd0921f66b922e36ff20958a0e4505942b3b9d05,75df9101295de81999e329aacbe779cccf48042fb8328ed8c434494f7dec8893,40950,32760,68ca94f8,a082bd5c,True,-1000000,0,0,0,0,False,False,{},{},[],[]
historical246,49,source_registered_control_sweep,7ae197e66ab778bcc7c8caefc17691ca15df08cd9191b662e466766062b65e5a,fd335bae58efaed9fe01801042139c72fd99c9e7a6e77a5bdcc713eb8a1fc5bc,40950,32760,8e2b4cf7,0bba7df8,True,-1000000,0,0,0,0,False,False,{},{},[],[]
historical246,50,source_registered_control_sweep,f252d8a37934bf7a880d6e0a2ecaec293e23d193995acb71183e28695806b1dc,44e3b84e17569abf4b346f32112c48fe6f38d40e10fc6e32e62fd7db833161ac,40950,32760,2d29d04a,291cd1ea,True,-1000000,0,0,0,0,False,False,{},{},[],[]
historical246,51,source_registered_control_sweep,3c97594a8409fa57c9b37f319f77bb25acba9d51eeb0b0cc9120f3015796bd55,45a6a36198dd7032af711cc46b66e70379d4f75041bd087ab791d202ae878d2b,40950,32760,07c8575a,d31cbea6,True,-1000000,0,0,0,0,False,False,{},{},[],[]
historical246,52,source_registered_control_sweep,4a2c6529f82bd01144b3f82e7d4d14b3360e8e9a26795b45b4cc1f7906cf16c0,ea7c6b27cfe2746e6210058082ed61e7d270a17528df46552c8401dc50b6aa92,40950,32760,2dab7dd8,bf9c4cf4,True,-1000000,0,0,0,0,False,False,{},{},[],[]
historical246,53,source_registered_control_sweep,a26f03a56817c6990b62a0bb7502cb529855b3e13699bfc591801baa27a9aa10,e06d0ee3642dcd7a9c79c199acf8f52c990bcecd912f3ea60e3ed539204ae761,40950,32760,db2f9c99,9be2810b,True,-1000000,0,0,0,0,False,False,{},{},[],[]
historical246,54,source_registered_control_sweep,d277aa6da15c90c532f6dc7fe89db49c571746f8fa97bac472e06a118eef2f93,40d89b5aa6dc0dd11113627e75d9d8a541fed9bf9a1675a78e73401a3485ff9e,40950,32760,5533b191,bdd4feab,True,-1000000,0,0,0,0,False,False,{},{},[],[]
historical246,55,source_registered_control_sweep,fc0e0777c02668a28fc85d78623e5c9a698f7303bf370a4b916078871643623e,ff66cb7222ea6c913bc2b5e9816ecbb5da6d8bf6318650bf26813791133e485d,40950,32760,85018750,ac5161eb,True,-1000000,0,0,0,0,False,False,{},{},[],[]
historical246,56,source_registered_control_sweep,a23b30d7591ef707ca19938a946afa65277ec16d387c2a748373544bb71a0409,210361609cbf50a173b02daf5acc4d443a9e006eddf871d1101f316ddfb4425f,40950,32760,5217a561,ad44c418,True,-1000000,0,0,0,0,False,False,{},{},[],[]
historical246,57,source_registered_control_sweep,95a2097cf34520cd1495c59cf66de9850191050024e5afe83f89110c6007cd92,d99f95726e300f8bda5916b54361e75cecb7e28789bb5ed969fc0c29644b8483,40950,32760,9236ae6f,1c5aa148,True,-1000000,0,0,0,0,False,False,{},{},[],[]
historical246,58,source_registered_control_sweep,7f24882c08536212160c60c6aedebf5dce56907148b56bfe9e3370bb2536c6d7,68172a2a4e38cfa81d3e503e00d6597e9808f267a7015a9585b6dba2632914da,40950,32760,95e25736,2cd61b27,True,-1000000,0,0,0,0,False,False,{},{},[],[]
historical246,59,source_registered_control_sweep,1c5785271e509a01ff43f17b8208a80cb92e93a062ad17ef2ce0c718c2707a52,5af74c8d74a840b66fc8ef1e1eed5cf2a531bde14e4a574fb5ea41ee4dd74d7c,40950,32760,dacfd820,4851efce,True,-1000000,0,0,0,0,False,False,{},{},[],[]
historical246,60,source_registered_control_sweep,e497fe83b59e628c440ffebb6b0be7dbe44f194d36a3cec0e9783cf916aac830,8cfa8b890d4d982a9d1efd7765ade0175b7cfc59f96473b354d607820e216e78,40950,32760,7a5d547b,abf257a8,True,-1000000,0,0,0,0,False,False,{},{},[],[]
historical246,61,source_registered_control_sweep,0669ea2892cd90e488145b6e752aa8f3b5c1080d3cc0743ac579cd6b0154bba7,03caaac0bcd0539e1d16b2ea2737bfac08f438c0f243dc83ba5d286f443b76fd,40950,32760,d8dc0bf5,0dde40de,True,-1000000,0,0,0,0,False,False,{},{},[],[]
historical246,62,source_registered_control_sweep,b608771c7627f0d4f946bacfb87d6d435a682cc9580894f9f3f622781ca8d793,a61d9be9c7d872d5691b5be7e2faa85ebb63f1a4d2c71e8ed481b3ae4d6d828c,40950,32760,56f84b6c,8a65cc5c,True,-1000000,0,0,0,0,False,False,{},{},[],[]
historical246,63,source_registered_control_sweep,fd11e1a3c997df97520ee32894868b3aea83c7c55bac819fae6c76d0dd15d7c8,552a214516b1a1eebf32856d40cf0d37f2de0df28f704dfd77d4db4ed9bc9df9,40950,32760,6edb9abf,a7e6b1a0,True,-1000000,0,0,0,0,False,False,"{""crc_failed"": 1}","{""crc_failed"": 1}",[],[]
historical246,64,source_registered_control_sweep,bc68dbb354f602c86142762b6df7eba4f90426d7a317ea99c049cf8120eb59c0,f5b426bb3e568e2399483c752dd4394de917026f5c88d2a3f18be7ff964eaf08,40950,32760,9e205586,501c120b,True,-1000000,0,0,0,0,False,False,{},{},[],[]
historical246,65,source_registered_control_sweep,dfe095e084a9f161b8c473586a0d21f68b9c94430a1a3d33aa87de2773a76154,63201383034bd90494020c45ed269fd57fc59432eb305b66e1968c5171452ded,40950,32760,574b816b,ac6e597c,True,-1000000,0,0,0,0,False,False,{},{},[],[]
historical246,66,source_registered_control_sweep,64e80a50a7fe91c6a843181e964bed0aa6ff57e8eb7b6dcdf9140ce7cb2abbc0,9e678db178c1f027714be7505f72faef6ea3ac4bcae1984cb1b256f563820028,40950,32760,31e936b9,989bf7fc,True,-1000000,0,0,0,0,False,False,{},{},[],[]
historical246,67,source_registered_control_sweep,606c6d8f136d21f189515065c2d57d8ee03e1da13d9f142540cf4e42e428b0ce,5eaf298a88e57b2542f455e0eeca635548e9d00e9605ac3afeaaa124d2c63adc,40950,32760,1895719d,536787bd,True,-1000000,0,0,0,0,False,False,{},{},[],[]
historical246,68,source_registered_control_sweep,43290e1a5fb1cf90cf076346729861c5520ea4b070ef36438bd87fd0782d74b7,a7c772f704ba07d3a378c4f1e17660a26c724b84e9071c03a55a200200db33f6,40950,32760,869289c0,e89a9eca,True,-1000000,0,0,0,0,False,False,{},{},[],[]
historical246,69,source_registered_control_sweep,0498e66c4dabf0e40625175fb5c12b4a86d7d0fbfae6b8720ad0b1641466f2ac,d7813c3f8b0dd3366fb1a747d31f55a6afdbdbfa45c0c4525a777a72ebb2ca91,40950,32760,244dd56a,cbb11015,True,-1000000,0,0,0,0,False,False,{},{},[],[]
historical246,70,source_registered_control_sweep,9beff697730b97e4ff9c94a1465fed18991dd80a92a338d1796689c17204688a,962849d75a34ac598fbd697c4ea015ac00f7cd23f872f881d2bb6632c452555e,40950,32760,88692a1f,cea9a68d,True,-1000000,0,0,0,0,False,False,{},{},[],[]
historical246,71,source_registered_control_sweep,04b58ace979b7519dd6df025f57cba2f4a56594cb2823654ab265d0a348e91fd,c610eeebc3aa1aca790df62349495c8c22b41869c1ac37d16a8cec7a3c9f9d20,40950,32760,597b2758,5e15a98b,True,-1000000,0,0,0,0,False,False,{},{},[],[]
historical246,72,source_registered_control_sweep,9313537b2d1a4118b3bb1efb558844a0d918b044c4bd769b362eadf7d860bdd8,0716a4f00e62b93240bc954e88650a0a47e605ff1650499a94dda7fd176a7cb1,40950,32760,6178e503,60d8d3f8,True,-1000000,0,0,0,0,False,False,{},{},[],[]
historical246,73,source_registered_control_sweep,076120b1809f88cc2c260a775dc14fd2ec0985dd968c702acb699b838f1317ae,2511d8755171fa4e7f3aec010f39e921698813c9fa15f4745126ec7619c608ca,40950,32760,4063e5f4,71cd84d5,True,-1000000,0,0,0,0,False,False,{},{},[],[]
historical246,74,source_registered_control_sweep,376f75e71b0144efde840a5345cb4cd2227fddf8393b3e3cb24694dc172505e6,a10f66803dae0f4cc4985f9581dbbbabc521e335cad1f343c386c2735e499424,40950,32760,dd088cde,280ea2e7,True,-1000000,0,0,0,0,False,False,{},{},[],[]
historical246,75,source_registered_control_sweep,80b0f8882161f94d79d9991cf68aa564560ec1421d2b6c54a096483ba564b659,e30107b8880ca661ac2db806523175c9121cd0e2be7a565a3976b75e29cd33e8,40950,32760,de40f8ce,077e3581,True,-1000000,0,0,0,0,False,False,{},{},[],[]
historical246,76,source_registered_control_sweep,9a460b496293003be1d905d718348b80605193e781fc9fa48706553d19584924,d08071b04354539c75c2cae46d7a13d5c9991f9ff8b6e9d3c5d6fed9f6818551,40950,32760,c0072269,b24aafa0,True,-1000000,0,0,0,0,False,False,{},{},[],[]
historical246,77,source_registered_control_sweep,6530e797aee9ce5d098dd46d0ba191c73ad70dbc2b0608740a56f2469092f395,f93e9d6305a08f1eb880e8f58ed5c22c569e3fd89bd1ad321b79d73049488bba,40950,32760,692fc37e,3aece97e,True,-1000000,0,0,0,0,False,False,{},{},[],[]
historical246,78,source_registered_control_sweep,d78fa0f453cf7539fbf740c6acbd1b6e8741be2db55df503dce0d8aa697bdee6,057860a2d5879bafe0f5f4d27ab490f696e1c60ab6ba3b17662064c379e580e9,40950,32760,d696e704,3f696d0a,True,-1000000,0,0,0,0,False,False,{},{},[],[]
historical246,79,source_registered_control_sweep,499da0972210ac98849b9650e3cf603f551bd34987f5422be5bc9e9e49864ee7,457614a23c7ab13615b98cd9fdab171381c24aab79deafc0b97937c62f883292,40950,32760,d0fb8631,07d85815,True,-1000000,0,0,0,0,False,False,{},{},[],[]
historical246,80,source_registered_control_sweep,37f82c4e690bf01e803ac663149f8cad2b11c174a5c14ce5c0e0b522214daa82,5b68a21632ad4f1bd497d95c27107efd42c71d8ec10d84063b3e3b0153cde50f,40950,32760,4410c192,97f5c041,True,-1000000,0,0,0,0,False,False,{},{},[],[]
historical246,81,source_registered_control_sweep,46d6cdae065c5f5f49b5ade771a2be8e55090a73954894b1f3662350b6186a52,b68df417363e7275327bb60e6a40fde6375e48f3f0ef7de40e6bca68b8c6eff3,40950,32760,d5c75671,b22a975f,True,-1000000,0,0,0,0,False,False,{},{},[],[]
historical246,82,source_registered_control_sweep,bd6493461f7e98e16d341a4d5571c76f2ff2e0b1d8840c00cf6d8a2394fd96bf,78ca06aaa770764ca2daeaf72abbb03d677be6872e1cdeef5690925e6c19f759,40950,32760,cd989e6c,23d6d352,True,-1000000,0,0,0,0,False,False,{},{},[],[]
historical246,83,source_registered_control_sweep,b5f98966ac688061ed5259dc5c932f18d503745a421a90a26e61e1f9afae414c,5d92ee6b706bf109ffdda57fa649edb030b0ba7df142c688f899d5a0210fd2f0,40950,32760,2c9a514f,c96c73fe,True,-1000000,0,0,0,0,False,False,{},{},[],[]
historical246,84,source_registered_control_sweep,b7c69019a26603a6b26c4f44e80207690bce79fef9804d61c1dac033ae5e26f9,e15b68ebe302ed1217a4ead7ff3a162309e32317e989b64a8654d0068ec761fc,40950,32760,9e4a57dc,2b2d79ea,True,-1000000,0,0,0,0,False,False,{},{},[],[]
historical246,85,source_registered_control_sweep,2609955a0a7ddbec289ed4d19c606a75a2ed4261300a687598089587517c1b13,a20c308857264166af948242e45aff7f9e8362c4aabb8d044015a53936381ef1,40950,32760,ac2ec598,0a6edcb8,True,-1000000,0,0,0,0,False,False,{},{},[],[]
historical246,86,source_registered_control_sweep,3978641f580805e6490beeca99d98363782a0343dff9583f09e32a01c9183c66,42cada5c4cbd6a3cfaa344c86bf318d98a266addcc64acfa8e94681a07c9cec9,40950,32760,c7d4fc76,ddb44ea7,True,-1000000,0,0,0,0,False,False,{},{},[],[]
historical246,87,source_registered_control_sweep,2e8f624cda66529ef1920937db617e84547ba4a5c1dc0b6d05ae135780ccba8c,d14d87d7c1128a4b5f370abfad08aa31aa10f9938f4cc3293497fc1e0a2c57ff,40950,32760,fb66cd05,666e40b5,True,-1000000,0,0,0,0,False,False,{},{},[],[]
historical246,88,source_registered_control_sweep,2944eb8f4468fe391e1985f292989495df065f22c59e6a0e5016e7451dfe3418,96aaecd2dcb48b20ef7f5cc4a2a2371edd79c9d8a00bf728a2f707b1886e7997,40950,32760,63222785,9d64e15f,True,-1000000,0,0,0,0,False,False,{},{},[],[]
historical246,89,source_registered_control_sweep,523b0b1aeb2f9378aa780e68e409ef5dee7f17659e68968ab04fc57ebfb6dbad,f9f4f6c5efc0319f7bdc57ca4c63a4e4745e0df55644747a24301d59dcb337f9,40950,32760,3327f39a,ea547403,True,-1000000,0,0,0,0,False,False,{},{},[],[]
historical246,90,source_registered_control_sweep,eb7794a9d689cc3efd962ce184da3fcc15f38f3628f149467185355345219966,74fbc755384a460f3c332ae284653eb9778f269dcc34ec2daa8219d585b9432a,40950,32760,4deb2e2a,7dea8b35,True,-1000000,0,0,0,0,False,False,{},{},[],[]
historical246,91,source_registered_control_sweep,298830ec6716a59e46436d174b7dc3637e1f68be6b9603fd84b24752b2626b36,5ec5ddea7207c8bd4c4f548d85a434a47b59456070b137cabd69de326308c2d8,40950,32760,09caeb79,de2fc340,True,-1000000,0,0,0,0,False,False,{},{},[],[]
historical246,92,source_registered_control_sweep,1c2a546597193f94625435787e05dd25f12785b40ad4761a8106154fea4ad1e5,d29bd413eef14a0cda2f88403ac235058d2d3c43c5888f77e880ed82a910a573,40950,32760,4f5b7259,de6301b5,True,-1000000,0,0,0,0,False,False,{},{},[],[]
historical246,93,source_registered_control_sweep,af44b84c32bb5375676eb0a0c70c959bfea1eba012faeaa382511b4f62c3b481,5bab961c5be21b61ab668b8fefa3365138c4bac8f485e0b1c307f372cae5348e,40950,32760,0b58328c,d412c5d6,True,-1000000,0,0,0,0,False,False,{},{},[],[]
historical246,94,source_registered_control_sweep,cd80e675d71ddc78416d589305f402f972290cd8d5f9e7223d77b8c9b4faa510,21758825efcea623296cea2dbd0df64df1136e73a7ae20c9f21a12db4f137b53,40950,32760,3d535bb3,82d9338e,True,-1000000,0,0,0,0,False,False,{},{},[],[]
historical246,95,source_registered_control_sweep,f258550d058ad7ddf6eb8bd7581a233ba5309f3b2242d1b4df64b8ee6770307d,8c0301333174ec347211441ed65237d6ee612305c46aff049ab79f561d94fc73,40950,32760,32b5fd14,343f749a,True,-1000000,0,0,0,0,False,False,{},{},[],[]
historical246,96,source_registered_control_sweep,79baba89a875af97e44e979f4495c8f47aff545af85aa98f715b2f5453f7cd8b,8c0203a310d77d9351868e88831ebf7d326cca871f2d776ce5f119e70727c4db,40950,32760,6fe932f4,f44a68a9,True,-1000000,0,0,0,0,False,False,{},{},[],[]
historical246,97,source_registered_control_sweep,ed8ab63c54560cdd50904a66de8d2bf3489553f8074adff23047067688f826d6,1b32cbb22b8e63b67532502772a5811596a4192d2be3faf21be5e8ac41dd15c1,40950,32760,a410b8d2,1711d84e,True,-1000000,0,0,0,0,False,False,{},{},[],[]
historical246,98,source_registered_control_sweep,7402b565211e90576b4e44b9e2a1031efe20e5bbcff02fbbe266043c0e89080b,f119f79367eb46b0c12fada2e83c3a1e7905e389dcd76f600137fee99fce5564,40950,32760,becf8fbe,15536f40,True,-1000000,0,0,0,0,False,False,{},{},[],[]
historical246,99,source_registered_control_sweep,a89ac8950a9f8d665d34c0bf05588ce0fbf2ed6e71b98c68c5916b4d7c8f46df,ab823f46cc3587556eafd8cae7d5fc0491e9c84759f27894efd5e2adab9f3621,40950,32760,77986294,bd5ffabf,True,-1000000,0,0,0,0,False,False,{},{},[],[]
historical246,100,source_registered_control_sweep,a7e9d77a17813bc5840f2b221a30f613dbf5cd9fb9051d746fec5169439900df,17002089f46dcecafb8ab408500d163196d13dbd5311651848e87a07ec55b700,40950,32760,303e1a39,bf1da7f0,True,-1000000,0,0,0,0,False,False,{},{},[],[]
historical246,101,source_registered_control_sweep,3aa287008e84147cb18cdb49ba2a6f6b612229b8bac4a834312fbac956d8cff6,0a0e54aa153fea64dfbcab1a8832beaa0bc639d178a6e7025f5cc070a1d4c667,40950,32760,ae31c063,827dcc75,True,-1000000,0,0,0,0,False,False,{},{},[],[]
historical246,102,source_registered_control_sweep,67a2103a8f81d3a6cf6ea79351768cd81a760ca3c922eeba649bc5fd48f7b5bc,37bb1e9c614317282bd30583f036912cb86ff4211850e4f1fc23a027a50f2268,40950,32760,270503e9,36a0140a,True,-1000000,0,0,0,0,False,False,{},{},[],[]
historical246,103,source_registered_control_sweep,d447221c076a09d79bcdb40e0309c2b5e39ca7a8f0c7593edb9faec4ede5a20b,42170cd4b46db240294f582268b765424ae6f12316aa08da474dd3113a19b116,40950,32760,f1f2fd7b,289c9b3a,True,-1000000,1,1,0,0,False,False,"{""valid_owned"": 1}","{""valid_owned"": 1}","[{""access_address_hamming_errors"": 0, ""access_address_sample_offset"": 7592.0, ""access_correlation"": 0.941612718979215, ""complete_preamble_and_pdu_crc_within_capture_nominal"": true, ""crc24_ok"": true, ""crc_valid_receiver_hypotheses"": 8, ""estimated_carrier_offset_hz"": 869732.3899635436, ""independent_slicing_whitening_reflected_crc24"": {""complete_preamble_and_pdu_crc_within_capture_nominal"": true, ""crc24_ok"": true, ""nominal_packet_end_sample"": 11560.0, ""nominal_packet_start_sample"": 7464.0, ""owned_manufacturer_ad_exact_match"": true, ""pdu_length"": 22, ""pdu_sha256"": ""177ba70ae0be7ffff890d04b3214f18a46cfe85e47b485bf82dd5c534c53aa45"", ""pdu_type"": 0}, ""iq_polarity"": -1, ""nominal_packet_end_sample"": 11560.0, ""nominal_packet_start_sample"": 7464.0, ""owned_manufacturer_ad_exact_match"": true, ""packet_duration_us"": 256, ""pdu_length"": 22, ""pdu_sha256"": ""177ba70ae0be7ffff890d04b3214f18a46cfe85e47b485bf82dd5c534c53aa45"", ""pdu_type"": 0, ""preamble_hamming_errors"": 1, ""receiver_hypotheses_checked"": 5249, ""refined"": true, ""samples_per_symbol_at_4msps"": 4.0, ""status"": ""valid_owned"", ""threshold_bias_deviation_fraction"": 0.2750000000000001}]","[{""access_address_hamming_errors"": 0, ""access_address_sample_offset"": 7593.0, ""access_correlation"": 0.9364831741989023, ""complete_preamble_and_pdu_crc_within_capture_nominal"": true, ""crc24_ok"": true, ""crc_valid_receiver_hypotheses"": 9, ""estimated_carrier_offset_hz"": 868138.1810058326, ""independent_slicing_whitening_reflected_crc24"": {""complete_preamble_and_pdu_crc_within_capture_nominal"": true, ""crc24_ok"": true, ""nominal_packet_end_sample"": 11561.0, ""nominal_packet_start_sample"": 7465.0, ""owned_manufacturer_ad_exact_match"": true, ""pdu_length"": 22, ""pdu_sha256"": ""177ba70ae0be7ffff890d04b3214f18a46cfe85e47b485bf82dd5c534c53aa45"", ""pdu_type"": 0}, ""iq_polarity"": -1, ""nominal_packet_end_sample"": 11561.0, ""nominal_packet_start_sample"": 7465.0, ""owned_manufacturer_ad_exact_match"": true, ""packet_duration_us"": 256, ""pdu_length"": 22, ""pdu_sha256"": ""177ba70ae0be7ffff890d04b3214f18a46cfe85e47b485bf82dd5c534c53aa45"", ""pdu_type"": 0, ""preamble_hamming_errors"": 1, ""receiver_hypotheses_checked"": 5279, ""refined"": true, ""samples_per_symbol_at_4msps"": 4.0, ""status"": ""valid_owned"", ""threshold_bias_deviation_fraction"": 0.25000000000000006}]"
historical246,104,source_registered_control_sweep,2677254f85de247fffd9931f75a83707468434708c0054781d0c231394de5c3a,e24655bc3bcc618de68ba3ef16a4cb1d39628c67d7d95ef4d7672bf1e02a16c1,40950,32760,acfd5944,b5dd5f52,True,-1000000,0,0,0,0,False,False,{},{},[],[]
historical246,105,source_registered_control_sweep,467ef2866a788dd23c010c4502059c951b913cc6ccc2d422746317fb4c135fc1,f67203d711af62f6606aa6a56b9927e6fbc2cb973242cc0932bb501b88cf5224,40950,32760,7ae9eb6e,167094f8,True,-1000000,0,0,0,0,False,False,{},{},[],[]
historical246,106,source_registered_control_sweep,3468e7d3705d94c9a94ff769073185b0acc2528806fadd4134bca5c42e570759,3c78fced687c43d6c75eb3191df9fa595df318fc56cc7bf2b9aeb4e1afaf21e3,40950,32760,2713b6bf,77e5e497,True,-1000000,0,0,0,0,False,False,{},{},[],[]
historical246,107,source_registered_control_sweep,b7496716e8ea3e9d036fd11ea461c07a7c14286488cf8688fe554046f647ed34,232c57e2a14d971543ded077dec809a8672789b7aeec3bddbea6bcb8fb42c8e7,40950,32760,520fe80a,ddc2f925,True,-1000000,0,0,0,0,False,False,{},{},[],[]
historical246,108,source_registered_control_sweep,0196f953d5594a86718abb029bcd4a83e35dd8876383ec85af1574da51cf0e9a,935508e1f3f47d3a2d8bd4e657d24e35d0065d1ae611e2cc99e480b1454c1c19,40950,32760,7f0321b8,8b1bfe44,True,-1000000,0,0,0,0,False,False,{},{},[],[]
historical246,109,source_registered_control_sweep,0624144a2cfdc6b05ce45564c503f60ce180a4c542db5a8f9a5b4fad882636e9,0d375a159b3d6c8dcdd3657895786995416f7b93964eaafe9df5614e3eb630f9,40950,32760,559a1536,9b35f577,True,-1000000,0,0,0,0,False,False,{},{},[],[]
historical246,110,source_registered_control_sweep,f1384f36acfd7c85dc93069900e6677dc6a099af5d486d962b475a5d9df45a88,2bb51a650d64484b64701f723394699944993a7718dde1a8a00f96e4fa739eb2,40950,32760,c1efb4e9,d8812e16,True,-1000000,0,0,0,0,False,False,{},{},[],[]
historical246,111,source_registered_control_sweep,4699c9cd3278260f991933c48374e7b2ab22ef9c01680a29dcf6aa500987eef4,7a4746dbd8d6f95a897a6e8dc9516af9d7745071d5b75e3e2da3c34e9eedbbb7,40950,32760,dbae69c3,be9e776b,True,-1000000,0,0,0,0,False,False,{},{},[],[]
historical246,112,source_registered_control_sweep,8e7cdf8620a56f7c115ba98e68eebfef7a328cec3527424a9f54fdecf32faf28,97897439d1731296dac18af2e7b7847676e9d6ad1b0171014cde6e441230141a,40950,32760,05dcf4f5,d5042cfa,True,-1000000,0,0,0,0,False,False,{},{},[],[]
historical246,113,source_registered_control_sweep,27d5dc332086a769126b5de0e33321ad1a3353bb23038c3e09e328607f026478,43a60f4675e541d70132b3ebba1c3041f77b95b6d00fbaade98eae2622ef1c7d,40950,32760,c9d88522,af1932e3,True,-1000000,0,0,0,0,False,False,{},{},[],[]
historical246,114,source_registered_control_sweep,d2dd99ac64836191b963e344b0f557ae08110f5eeab2b9d3b23efda06cd29d41,30ffe6dd1e852a9d1208f99d76124f3626b05f717fc0ce74c6aca3c93f43cc98,40950,32760,611e2f8a,509e25e8,True,-1000000,0,0,0,0,False,False,{},{},[],[]
historical246,115,source_registered_control_sweep,5511202ffc7db2538c8317112022273b57a0bb9b0f923783d4e298c5c5e0abe8,6c63fc0bad79baa239de4b25a0c6eade5652293df47c5800ace69f44259a54c4,40950,32760,a038a02e,85eadefa,True,-1000000,0,0,0,0,False,False,{},{},[],[]
historical246,116,source_registered_control_sweep,a0ad074b1ae08fae24fb3e874f1bc392222d8985067f6e66931dfa75a21c171d,07d157d98fbba94af4ba40a6b25013de9a9d3b8342f6481ce15aef685cb814a8,40950,32760,fe9044dd,ba62b757,True,-1000000,0,0,0,0,False,False,{},{},[],[]
historical246,117,source_registered_control_sweep,9d129ee33a19ab89b2bf080b72577d488237cb9da49c13df9c8668675e3c512e,fa86ab751df23c338f7d850385fbfd1f8b055f5c4a470395d0fa28800008fd35,40950,32760,2cef52be,5297ba05,True,-1000000,0,0,0,0,False,False,{},{},[],[]
historical246,118,source_registered_control_sweep,90d222ad0f89d943e2616844acb4a00bf7e1f84734e481010261e36c171f0ae2,a5af5d65466c2030f33bfd312934ce35f1a4314d28691a709a2e9c28ebc33efd,40950,32760,ba32f97f,505bec84,True,-1000000,0,0,0,0,False,False,{},{},[],[]
historical246,119,source_registered_control_sweep,2be6bb5e5a61e0ee81c291aea800cb928cc39eca575b0195f76529fc40bb02e4,b9e38a6105639c147638f1d9e2066989075283da74ec76de29007fc3c6e9d769,40950,32760,4433fdaf,d0175e81,True,-1000000,0,0,0,0,False,False,{},{},[],[]
historical246,120,source_registered_control_sweep,be08d60575c10fa07f6ea31de4f6af40c958beec0b75613af7e3fef0c9c471ae,60e68f49403f96a583074c3a1ade393e48e7477c3fece7be00d2199c335116fb,40950,32760,63cfc146,98949915,True,-1000000,0,0,0,0,False,False,{},{},[],[]
historical246,121,source_registered_control_sweep,68a7e91aad4afb631b72646bff2330ba059976bb3d876459530c8477722fd259,51ea301c8021a46a84e8233f6d7c923fef13e8677bb1bbdfca5258cbb8525b44,40950,32760,5f951bbf,dafdbbd6,True,-1000000,0,0,0,0,False,False,{},{},[],[]
historical246,122,source_registered_control_sweep,2d5893086a91aa218b6bb1b4b4ce653b52ed84bc8dc9a6e34adc7d328a0a400e,299cfe4608ae42bb16445964c7afc65d5d755cb65e112c506e48640a1d42c68f,40950,32760,4b031156,2bf4abc2,True,-1000000,0,0,0,0,False,False,{},{},[],[]
historical246,123,source_registered_control_sweep,1c72f1bf9ef9e09335c242bd6750ff034bc415b1d0db5e1973e4104bf65ae698,482e3e73040c5b016cbfc7f381643b01cc447e275ea938b8200024365bd2fdfd,40950,32760,3586ca83,d7c5d345,True,-1000000,0,0,0,0,False,False,{},{},[],[]
historical246,124,source_registered_control_sweep,5d323eb2a0c0c8a7267078d918c977d06f8e8143140a5ddca4f4ba83aa16a4fc,01171dfcc53ac2897038a274c15f2968226f22f1ffd2b03285dba4a69e15dbb8,40950,32760,52b02af2,80f41392,True,-1000000,0,0,0,0,False,False,{},{},[],[]
historical246,125,source_registered_control_sweep,60d7c9ccd82ccf25ef8e4f58d6be587c4a8baf9e81cae8c019c641a8c8becdcc,180e6916be4b91fd1798d560142bd09e1fe89cf9fbb1a3c8ce01b88419bfcaf1,40950,32760,d1d29248,02b7a246,True,-1000000,0,0,0,0,False,False,{},{},[],[]
historical246,126,source_registered_control_sweep,99a11d2bb5ee4e7bf6f551a59011082497332d0a9dc3767c4f301e705d022833,e47e48c74fa611a6bc3f0b141a875b7041129d8b3216d03851c2909f13f54dcb,40950,32760,d657a4f0,28dfd74b,True,-1000000,0,0,0,0,False,False,{},{},[],[]
historical246,127,source_registered_control_sweep,1c30251ba4a0d0e5c763ac6bc624f0e07296f829d6aa687f5b7b93be60dbc60f,3b94f31d467011be1ba21266ff28930740a767ac66fb47a48e3c6ac2120c3ce8,40950,32760,13364eb5,3319a080,True,-1000000,0,0,0,0,False,False,{},{},[],[]
historical246,128,source_registered_control_sweep,1e48c8428014cbc9722ce1c22e297ded933a8c2b3f2beae2959d851683e0ca62,d0a8109f95eb5f8c1f329aaf2295283aa75956c4568a863a1ed1d8fc89466001,40950,32760,1acfd6f1,98bbdf33,True,-1000000,0,0,0,0,False,False,{},{},[],[]
historical246,129,source_registered_control_sweep,28f66e8d1c6fd6c6332bf7366c4cd1e81fffae99a81c2e5647e28522f1956596,3b90e912973277d548eaa64cfde83f273102865e16756137a123e99f486d075d,40950,32760,0a2f1be2,b10074be,True,-1000000,0,0,0,0,False,False,{},{},[],[]
historical246,130,source_registered_control_sweep,fddb0a1b37fc5cfa2917774c200abf84ef956b9c3c6df7090592b6100bccbf74,51797ecdec5e42a29af2d1727887143a1494cc7f0bc28951a992efff0b581d1a,40950,32760,bd916248,2573b012,True,-1000000,0,0,0,0,False,False,{},{},[],[]
historical246,131,source_registered_control_sweep,f06bc96691e0028d33af4171e1236f1afeaf8e760cd4cbb52f2659211fb4ee9a,77b0aa8b66ac2bb3b4bb9ea20391989e48f6d40d2ae3028199170f597f981294,40950,32760,1e81ca98,9dda4b32,True,-1000000,0,0,0,0,False,False,{},{},[],[]
historical246,132,source_registered_control_sweep,433345087622d15cfca384e7e0ee259e087d9fe4a46d803e76757792a0b052ca,161b046490ce1f00c2792cae74db23a3b37b48b09df26c1fb51c29ef179a23dd,40950,32760,f8bd50cf,82412c01,True,-1000000,0,0,0,0,False,False,{},{},[],[]
historical246,133,source_registered_control_sweep,5f9a17cefb23feac997e2f6c0a501bb2103381de0be7c99d1eb9bd406a6d7bba,34c1dfb896666378e92c801a4738eae0a399122dba776b06ceb9238d94d4af12,40950,32760,9bc1f3b4,30cdf856,True,-1000000,0,0,0,0,False,False,{},{},[],[]
historical246,134,source_registered_control_sweep,fac188516a144b036d8034d62c731be5b119113642defac0ebc1b5699ddcf9c3,eb4859c5222abf827d473a0d239e6ff6150f8ec12f714663484a36e06082794b,40950,32760,b63b6505,dbfd7e11,True,-1000000,0,0,0,0,False,False,{},{},[],[]
historical246,135,source_registered_control_sweep,da45567285ab2ea56c095c6ddf09b3a94330739802a575ffddc53a9967aa7f7c,c84dd957054f09942e8e19fd1f7ed0d851528f45ab5e8cbdc0f4b59d835adbee,40950,32760,de783161,2a0bdef2,True,-1000000,0,0,0,0,False,False,{},{},[],[]
historical246,136,source_registered_control_sweep,117a36b9c331fe0f551e56d7bfbc19980308e754f527388af6967a9437bc3a47,c6849a20de509febed48f092d74783d110c32f9a578c7c3af6b1ca044602ceec,40950,32760,ccc718c6,387a39a8,True,-1000000,0,0,0,0,False,False,{},{},[],[]
historical246,137,source_registered_control_sweep,bb23fe0cf156ffbd6fece938ae2ebf8233aaa0a943f583c6189ed4fca8150bc2,cbe9befca6a23f74103e0795142e092b3712d111fd778407dd9f3c2a0a4f54ab,40950,32760,d44342cf,299c1374,True,-1000000,0,0,0,0,False,False,{},{},[],[]
historical246,138,source_registered_control_sweep,21ce9e5c708b388b2abba98a7abb234fce1c9543b0cf75a8a281d941b161d0a5,6c51a7ea605e6f4c702d7cc56279860031f046d04a1e78ddf803e716a7adc9ed,40950,32760,5ba98362,6764e295,True,-1000000,0,0,0,0,False,False,{},{},[],[]
historical246,139,source_registered_control_sweep,968a0e22e7145df714ad4d7c12e6d2c075778feb55754dca9e9f088a49638185,306c76799cdf18717523fba1fc5abf24e97c48bde553000d6a83de1f1d85da0e,40950,32760,1c320308,1c4f9ab5,True,-1000000,0,0,0,0,False,False,{},{},[],[]
historical246,140,source_registered_control_sweep,fcb518a3b6260bf2c3afc9fd1b4cbf275ac643d97101a6dd60fb48ebc60c4961,04dbf0d7ba59dcff5d463920401b9c7a0fbd7ffbfa8988726a5a5e7e39ad8576,40950,32760,5c0906e9,2cbed4ed,True,-1000000,0,0,0,0,False,False,{},{},[],[]
historical246,141,source_registered_control_sweep,db8dd20334e3d6279a5551884de7d5db788639ba3871204699dc4181ee106a6e,f77dc2d8cf9337c7feaac5ce6f371b4546a29c8b67b9fc60abaf509bd99353f6,40950,32760,77cbb818,1e440c2e,True,-1000000,0,0,0,0,False,False,{},{},[],[]
historical246,142,source_registered_control_sweep,7755386f014120b7ccc20880775cb4d0bc57b00d759e72b5966fd820eee5a6e0,1729a1ed8ef33b087fa141f27f54333cb5e5106924240725c6975f86a4580e10,40950,32760,65da6614,29e1e414,True,-1000000,0,0,0,0,False,False,{},{},[],[]
historical246,143,source_registered_control_sweep,1f19a9f1cad4114675d53262c2eecb8620a82d07ad5daf7e7eaa24087b1c64df,db3b27936add70a4c8147aa83bf80c585718510304004c7b769560c93848640d,40950,32760,265e82ce,34a80886,True,-1000000,0,0,0,0,False,False,{},{},[],[]
historical246,144,source_registered_control_sweep,5534d007568f1d35a00e121cd0d84d79a92b348afe4b40516df9fb33ac5e2505,6036dab59c1d119138f27e3531eb547e7be1ca4c7b914c7ccc844cb7a1fd9574,40950,32760,8e07c608,3eb4aa46,True,-1000000,0,0,0,0,False,False,{},{},[],[]
historical246,145,source_registered_control_sweep,aefab0ffb4755deb16b3a2f05a381bbfc30a238be62d0f73542ce5d90147b794,e554f0105af0ce8d065163b34656f3997bc0c5c680942149e7d6ccd65efbf565,40950,32760,0aed82f2,0bc76f89,True,-1000000,0,0,0,0,False,False,{},{},[],[]
historical246,146,source_registered_control_sweep,9bf0feb5e7c4aae3e67c2ecf300fdd70843a1a71b3e7619e817d92f4cfd4b41e,b1ca8131839ca90710ac0ff184efae5b4c62e7ee3594d63d5358686676593e86,40950,32760,593f490a,626b0b01,True,-1000000,0,0,0,0,False,False,{},{},[],[]
historical246,147,source_registered_control_sweep,a785d0b2edf6064a94186b811159f5e3f4b63de0d83384b77666656dc689ecbe,9247f620a09a7cc08ae04e321267fa118fd07d4bb3bd62bff619cbe59b6a6348,40950,32760,0a1cd16d,97ec82a3,True,-1000000,0,0,0,0,False,False,{},{},[],[]
historical246,148,source_registered_control_sweep,ffa88ea415f21d6cc19dcd50d213c884c8e1604f8d7aa181815a97c3e2c360c8,8e51e00abca1a0c4874cd85d9487d1a19e644ba9af8878caf580a0719669e05d,40950,32760,623a4b3e,1a5c4eb2,True,-1000000,0,0,0,0,False,False,{},{},[],[]
historical246,149,source_registered_control_sweep,ab6f7563c974fc3407176d979a9cd97eca50cea41a47bbf1c503aebea68bdd1a,3a0811579f24a3f100ecd2f009c5442d5540405a1052ca0a6e5ffda88f10c84c,40950,32760,fc6166af,33068eff,True,-1000000,0,0,0,0,False,False,{},{},[],[]
historical246,150,source_registered_control_sweep,a78c91835827e2feea12c0a97fb69074e344618dae991ddabeb5e4a4a172cdf1,a34622ffb76a3b01d682e6a4d5a3dd428fac25f024f4a785c3cac42ff926a649,40950,32760,aaf3c4a6,6c4fb685,True,-1000000,0,0,0,0,False,False,{},{},[],[]
historical246,151,source_registered_control_sweep,845d45841365b1a501bd55bba717bed151903e8f9871934f0d3b4cf26da4138a,a4021e5876c6d15ea6a20eb2eebdb16db3fd208b839933348f69c0ea078b8eb7,40950,32760,c241e086,e50cc0c2,True,-1000000,0,0,0,0,False,False,{},{},[],[]
historical246,152,source_registered_control_sweep,3a375f81872ebee222b9d1963ee0dc2ecdde679c163f30ce0b86357788ed4270,9781c27aa44c29754d5d0773bfc68081080c83bc22b0365139ee0d03d18de851,40950,32760,f00498b0,e3c6c60e,True,-1000000,0,0,0,0,False,False,{},{},[],[]
historical246,153,source_registered_control_sweep,ce1e556300458e0da4b2d98975337b29642b2eb10e79d59c9322cf58093f8593,30f3b0b2e87736dd54bd64104d04e742f2b922be316e87f0203bca966fa4ed02,40950,32760,d6706cc9,b00286ef,True,-1000000,0,0,0,0,False,False,{},{},[],[]
historical246,154,source_registered_control_sweep,5cc7c1a4d3607033d01c6b6534c164844b7c99733e760d2a59a11e7b401ca2d1,f4d54ae86deb290909ed90eba58bbeff8de0bf40070abaf63c409c8d65da72a6,40950,32760,3c10b496,e737471c,True,-1000000,0,0,0,0,False,False,{},{},[],[]
historical246,155,source_registered_control_sweep,d03c47dc0ed69df34f1a2357c6e6ba89efce9f87ef1f8f8922fb1df81cb5b64e,586175cd541e9c257404c3767c49c389ec1ee7609b0c8a13a805e68af3a33197,40950,32760,4a55f293,73e809cf,True,-1000000,0,0,0,0,False,False,{},{},[],[]
historical246,156,source_registered_control_sweep,9323924c548c9da5d43d51d9ce3f5881c37b57d5bb99e5cdf1d14480594ae17d,3ce2fb2831ba31b3c49ed0a2cd0e076723db9af96eda7de5970213929bc2c240,40950,32760,b0bc7ddd,1f0f1af8,True,-1000000,0,0,0,0,False,False,{},{},[],[]
historical246,157,source_registered_control_sweep,9f124a68b7aac77225ca748f28e7ef8437d6be389ede365d533063b1f145a4d4,a277af58924c7c3ddad42efb9f8a846c1048e99de7c3222743585f1f07977ba7,40950,32760,1b16b04c,ac730376,True,-1000000,0,0,0,0,False,False,{},{},[],[]
historical246,158,source_registered_control_sweep,0be452322cc50bb7b340d176309fbeba368b0fcf0c8087e842af63c5ffa1b374,746d1d95c2080b776a6d09816ce548fa93437c9da88daacbf114d7ac48699f31,40950,32760,e673f467,2274996c,True,-1000000,0,0,0,0,False,False,"{""truncated_packet"": 1}","{""truncated_packet"": 1}",[],[]
historical246,159,source_registered_control_sweep,c4bc6973d3d25cb1901ffbee0f76d3c62f5552774a8bb032a03be33d8c2f8bf0,b33ab18b729ff6e0aeb73bb4b1bb17da308674702fe0d23cf7331a9401d1f3f2,40950,32760,d529fda2,83bbaa3c,True,-1000000,0,0,0,0,False,False,{},{},[],[]
historical246,160,source_registered_control_sweep,7bb021eb93f5cdff20c9c617156cfa3d43d62106baae37306f30f682fa77ed05,06d22abc55275eb7f07da2f994f335daebaa662d24ac0bc6df01b9764d1cf1bb,40950,32760,ed221eee,f857838b,True,-1000000,0,0,0,0,False,False,{},{},[],[]
historical246,161,source_registered_control_sweep,fa5f71e8b65d993d23b0cb13506e666f324b82c3b0f053654080feb37ce47f34,9d097f68d35c470764999d0b5c9e884d6eb46fea99634a0b7e71c2e18b109b7a,40950,32760,258d83b9,ff3e4ca6,True,-1000000,0,0,0,0,False,False,{},{},[],[]
historical246,162,source_registered_control_sweep,3f8919b2be07725314a19abb79aa3e1300612e0281caa9767d3bc45d9e09dc95,c8b3bd567ad7b47fa7b6c146f667f285a18fdf8d4a60b7b68618cae385f229ab,40950,32760,0aa7b570,c276cde3,True,-1000000,0,0,0,0,False,False,{},{},[],[]
historical246,163,source_registered_control_sweep,0410832be19401f256269617f212174b1d4bce523ff2a52e24fbf0e264c7bd92,9ab672e0b5860d66bbc305cb82c41dffc77c28bdbde0866c780fb2703c4a78e2,40950,32760,9308735a,1ae85a07,True,-1000000,0,0,0,0,False,False,{},{},[],[]
historical246,164,source_registered_control_sweep,9e156cb4772b95b50935c734c65e6bf0dfabe70faf2722ff7fee556985c3f560,a050c83699aab2fa76c318e3228670e4ad086a4cac6ed7469d898e7c169b2ee1,40950,32760,fb150f9e,032d929f,True,-1000000,0,0,0,0,False,False,{},{},[],[]
historical246,165,source_registered_control_sweep,dd7dfc8b74f6ffe7be387bd2db21c8025758782852ab5e4d693dcc5cf30ae0a8,8d1252f34bd3813b4f6e97659ba8c3e3453ba3ec202551b49920c13eea14a158,40950,32760,74faa062,183a677b,True,-1000000,0,0,0,0,False,False,{},{},[],[]
historical246,166,source_registered_control_sweep,399f257ef6b838d3f96f4e5db944a8b05c6af94f33c8c247bc63419afd184f17,e4a4131d14a66f107bdf621e926ca0ffe4ba6864383c4ee666872b7525f32429,40950,32760,e790aa84,4d17547a,True,-1000000,0,0,0,0,False,False,{},{},[],[]
historical246,167,source_registered_control_sweep,d8557767f83198259cf196ec123782acb5b0f421b653e794568b6c93a122e594,91d7377e43d1738213caa4a693b2da73db8c0eeca237c9185ac15f0c2ddc5e0f,40950,32760,0e6a2baf,39f8b0ae,True,-1000000,0,0,0,0,False,False,"{""unsupported_or_invalid_header"": 1}","{""unsupported_or_invalid_header"": 1}",[],[]
historical246,168,source_registered_control_sweep,87e6307862084ccc63b608de3b1f23ba2e12f2a636e833dc6587286185ecd333,662d25ed3181524327bec48254ae310181629edd239b6b2ecc47f91e7f96e54b,40950,32760,2e3a1882,28c72a51,True,-1000000,0,0,0,0,False,False,{},{},[],[]
historical246,169,source_registered_control_sweep,4627bbf0531b616de4d152dc50382e0ef49533ec8b089ce01cdaa4dfebcc8082,a041bbbe56805a501655a8fb66c8b237b13e515ee1b821c87776bb72912e31be,40950,32760,8914c7f7,0c5bff80,True,-1000000,0,0,0,0,False,False,{},{},[],[]
historical246,170,source_registered_control_sweep,1e115574e82bc81e9811c8f9069244b01b6b0ad53432f7460b7557fbd5474885,ad557745dfbd079a66526054bcc09ff8fbd6567bacee03434040ea35908fb471,40950,32760,4c7ff04f,95be2298,True,-1000000,0,0,0,0,False,False,{},{},[],[]
historical246,171,source_registered_control_sweep,ffb17b74ab721ff6fde36f7107bf91c5de46583ec958c66261717f8a20b511c7,8fff5ebb5a28f543312fa370163bfe7a0fd8f1193b6b483b639d2d2ebff52744,40950,32760,d00e86c6,e8c2596e,True,-1000000,0,0,0,0,False,False,{},{},[],[]
historical246,172,source_registered_control_sweep,211ce601357e8ff43042f8e16eab018ded4aeeb397f94e6346694f6053a6c5d2,644015cf4c323e4b728896ba18bb7d991fbb1a8972ff3bbc76484105b7c3148e,40950,32760,3538fd3f,9465d4ea,True,-1000000,0,0,0,0,False,False,{},{},[],[]
historical246,173,source_registered_control_sweep,c43b7d98f6892ab8a0644ace354bcd96209656ea2b01b745bbf1326d71be8c4b,698b05c1cfe2dfd8eeba9fa66360bf888120d0b9399b1f28c2644c0074ecb745,40950,32760,4ab36395,627deaa9,True,-1000000,0,0,0,0,False,False,{},{},[],[]
historical246,174,source_registered_control_sweep,74c2b2fe3f17ac9c9134b3a191eea7f1b19498870fd9509ddcf482dd42a0b7c0,5c4e858ca568c3a9b525b44697f83a17048f0715d6e1c34c755dfee06442330d,40950,32760,968102b3,84c19df6,True,-1000000,0,0,0,0,False,False,{},{},[],[]
historical246,175,source_registered_control_sweep,5213ed2612ce77f13e50fe2852208a2a6ef9ce68e5bae7158803cbdf55bd29cf,163f8d5fd616bdf3a7f973cafdf3d319ddce5671a65b558186501e5413babaec,40950,32760,6e84afd3,bedde2c9,True,-1000000,0,0,0,0,False,False,{},{},[],[]
historical246,176,source_registered_control_sweep,bfeaacc27234f75e10e3ef188bcbd95a23656d741089bd5009571bffb33fc86b,7e223c2c1dafe3df58240403d2cc0f8f86d9e30a9a6395b8bcc2a374f739e0cc,40950,32760,7d75c7d2,c8440b12,True,-1000000,0,0,0,0,False,False,{},{},[],[]
historical246,177,source_registered_control_sweep,afa8e4ac47784adf2804035413826910117a5dc3b175ce4d3c090fde1793d277,ceda817825131da60148c1a50f46f694c490aa791b51f009f86778e3c63e3328,40950,32760,a2424866,a642537f,True,-1000000,0,0,0,0,False,False,{},{},[],[]
historical246,178,source_registered_control_sweep,0bce8a9ab627c6a77fee8cb3ad24dfc4ff0c65d7337bb2b56ba6628a8aebab3e,6f52281ee6274d6e6a90126ad9bd2bdedfc5b42d7d881750ec4f36cda18a42cb,40950,32760,abc3aa6d,57ee3a2f,True,-1000000,0,0,0,0,False,False,{},{},[],[]
historical246,179,source_registered_control_sweep,dcfe0251d68dc225beeff82f717cef4aead826d745de838b0bdf34003bd5217b,90377c7194fad7b1120f36eac93847c51342070228f64be6fc9ade0a89c5882b,40950,32760,9c799701,9e29e188,True,-1000000,0,0,0,0,False,False,{},{},[],[]
historical246,180,source_registered_control_sweep,b5c6ccf47231b29d62b4a9fbf462c17d8aa7dc59b0237a4e717efe259c01bd26,60881c39d15b4c52ad864fa4a31409922a30cfc0d7f9cab6cfe4894fa973a212,40950,32760,3054813e,9a206ad8,True,-1000000,0,0,0,0,False,False,{},{},[],[]
historical246,181,source_registered_control_sweep,4488369fca7a988b477c4518dedfa829242cf3a84719ca08542686e77c3e619b,a6b41a19272053b6df577a218dcff67a91baaa71defa66002e47b20ff710ce5a,40950,32760,13ae1223,7376a6e7,True,-1000000,0,0,0,0,False,False,{},{},[],[]
historical246,182,source_registered_control_sweep,446df39bd02d997fce8a3f72feea059b80da7df5a42af53f64fd729c35c54c02,7dbd0394cb2e38b6c248f9b324476051f5aa1df4ef74c702f128c4a497ddd2aa,40950,32760,0bcfe024,978db427,True,-1000000,0,0,0,0,False,False,{},{},[],[]
historical246,183,source_registered_control_sweep,5d9d8eb120e8a38a35916e3c394c882a9248371679983d4ab2ab0d9a080f9fc9,0f8c40b889e9715745632ee05b38d9620562e971f9c53a024437146fb12ee960,40950,32760,34893c3a,0b899b20,True,-1000000,0,0,0,0,False,False,{},{},[],[]
historical246,184,source_registered_control_sweep,b7e438d0ccc9da4a17384db547c928fcb9fd2e608e0d7f945b19dc80334620a8,22a5ea72b37ee6153b0e73b051f3d4fec3fa9c893f1cd94b85ed7f86f6ba8225,40950,32760,0d232d3b,5104fa55,True,-1000000,0,0,0,0,False,False,{},{},[],[]
historical246,185,source_registered_control_sweep,44887969f9073ff9be8a9fac0774a4a2ae951a7ed015af1337c1ddad63dc26b9,55a8a2804120b43cdc0ae6f1ae43a781672409b4302334eec2dadafb9a49f380,40950,32760,79ea88eb,a5331edf,True,-1000000,0,0,0,0,False,False,{},{},[],[]
historical246,186,source_registered_control_sweep,c1b3de5497251b099453d53b1a9a1abe2ea9aebd1f9d6a3c42c14da02841f4ca,b0f6bb20929620a3349fce9eef6a736cd0c6c5407852a8a8950012268b9e0507,40950,32760,d69f217c,53e39506,True,-1000000,0,0,0,0,False,False,{},{},[],[]
historical246,187,source_registered_control_sweep,1ba2314c87ac56a3940c071a14b5e15732bb83966ab667bc17740eafc11b8a8b,7cb558b2eaa2ed5c52329a256be4cfced4d3e17c0497a7b71c64b79979705857,40950,32760,53f09b22,f84e4729,True,-1000000,0,0,0,0,False,False,{},{},[],[]
historical246,188,source_registered_control_sweep,5501499c745a85da73dc3a4d1a0987504ba3fc99b19a78492ceb44094f1ef51d,aaea01a06cb4518bc8efc5ead606ddfc772c87be9619bd4200dc64b3a31d48a6,40950,32760,aa23e4bb,8d6a71c8,True,-1000000,0,0,0,0,False,False,{},{},[],[]
historical246,189,source_registered_control_sweep,6fbcc784a88ec49e6499e03c7d5e0e481835113110336a34c8ec483d53586ed2,52b4887f98d5c2e30080ef46fdc9f126cc8aa5b226920329c27d8941b6950d6f,40950,32760,7aa4c273,01ff94d2,True,-1000000,0,0,0,0,False,False,{},{},[],[]
historical246,190,source_registered_control_sweep,2971b0cec0615d66baad4fc020ffc4a708df5153d2b190353b6eb0c430639b59,5d44d636f118ab2ea8040dc97793ed634ba922c003e32f426367b64ae8c945fe,40950,32760,e156cc1a,54490dbd,True,-1000000,0,0,0,0,False,False,{},{},[],[]
historical246,191,source_registered_control_sweep,9dfd30a25a24df38c7d98f065100f62fbbd3f4843ee9d556cba4dc634c4890d0,f75600b4edfd656dafec89ebd738f3622a402ad2de7b2867d633eedea1f4a703,40950,32760,1bbf85a5,337c164f,True,-1000000,0,0,0,0,False,False,{},{},[],[]
historical246,192,source_registered_control_sweep,3a875e23730d9cf8b89e288999a4badb00649cdbb8ab142cf2c768a20b38dba9,86ed2616e572fbb806ad89c269166d95870a781fbdc187bea77e7036b7596a45,40950,32760,9128cee0,2538f4f4,True,-1000000,0,0,0,0,False,False,{},{},[],[]
historical246,193,source_registered_control_sweep,519c343e0f24446449e9469a75d444ff254fa8b0d362c4576adc64c3f2cb080a,26b8d98eaa4770545c277b056e34a8062c86315e2e6660d55ea975708ce3721d,40950,32760,c03b0fba,f955f6f7,True,-1000000,0,0,0,0,False,False,{},{},[],[]
historical246,194,source_registered_control_sweep,31861580a52ddf66ad237e40811ca637eed219d4e23d267fc9dd43a1312391b5,8de9689735a6cc60a1015f54c783a030cbe96fe301ddd5050b934d7005aecd0f,40950,32760,283b1f5d,bae7b3aa,True,-1000000,0,0,0,0,False,False,{},{},[],[]
historical246,195,source_registered_control_sweep,5abd2013eb646b0004237d1195b12ce4d2a75975421f222092ea67c5b739bee4,68a44c3a4fa8f7bf17d990dbed179a8f545de26eb4559e9cbea860caf56b2296,40950,32760,45d786be,fe98f86e,True,-1000000,0,0,0,0,False,False,{},{},[],[]
historical246,196,source_registered_control_sweep,f206f898c50a732e95991dd75505feae7df9df9b02f94d3dd54de37f372fdd42,6b829de809da58fa7d07c347caf7689fb80b006a1ebc4614d0437cb0b6d27536,40950,32760,61277318,cfdca67f,True,-1000000,0,0,0,0,False,False,{},{},[],[]
historical246,197,source_registered_control_sweep,86dd1c6d6c55479ed1f8376342dff75b9f06428b44c8946528598d5f169b0523,1e074b1c8bfdc62d70f2a1ffb8f1e65a539430820b70a00fa793b43bcc1997a7,40950,32760,7f385770,aa068391,True,-1000000,0,0,0,0,False,False,{},{},[],[]
historical246,198,source_registered_control_sweep,7713b8a48078372e2433a9441868261a30a5f4371172ac6f44b0d3e2c577ca93,d9a4513ca3cbdf989a79a4566344554318247b7970088aa7353aba83c862be20,40950,32760,d1dd3116,e7087354,True,-1000000,0,0,0,0,False,False,{},{},[],[]
historical246,199,source_registered_control_sweep,28cff22fae841d4502a67433f3932e5b3363443e2ecdeb2d111ce56e535d1381,0c10e4cb1472b5abf3dcd3441ffb18fbb36642ecdfb6e447799a2df46183b349,40950,32760,19e03e08,b3164583,True,-1000000,0,0,0,0,False,False,"{""crc_failed"": 1}","{""crc_failed"": 1}",[],[]
historical246,200,source_registered_control_sweep,7c582b7219ae996b7f34218574c901960e7ecbb05796ebe8d6c2212565bc2f3f,0fcd66d3f407ba2eb96432319a43d68e7aba6637db4f34f654a769c63cf51400,40950,32760,84245b89,43c59a03,True,-1000000,0,0,0,0,False,False,{},{},[],[]
historical246,201,source_registered_control_sweep,385ab11a711c7dcf6deec769a943d0ec29c9c543f51d9d0eb668b115f916868e,4e0824d38dd858a139e30a79d13b7c71bd249efa2c00c44964130fa3dbe49683,40950,32760,f80bc33e,696187c6,True,-1000000,0,0,0,0,False,False,{},{},[],[]
historical246,202,source_registered_control_sweep,2b0edfba8112e83a51f7bf4bdb14a8331d27bd23556a9f7eb5ef26e272b09f10,4179538bd28095c6b75542ca2748766fef651f9fcd0134fbb4f73f28cf12f838,40950,32760,7453eb96,f59ca32f,True,-1000000,0,0,0,0,False,False,{},{},[],[]
historical246,203,source_registered_control_sweep,a4c79baec3bedc9dec14c17d919117d809019d8eff6ab1eb3a435d31deab40a5,8de9ca85d0d85b7c06db909e85723065e613c4310707ad215e1ba8d1b8a51020,40950,32760,df7c0953,d5763107,True,-1000000,0,0,0,0,False,False,{},{},[],[]
historical246,204,source_registered_control_sweep,0a9473b8298074185e9757fefcf158e5e7ff718d46cb6f3632d9640959e8826f,7a15e066507012e7485bd72d01c5a883033d21dc82cba013350e4ca8a20b800f,40950,32760,ac959470,fc7ca7a2,True,-1000000,0,0,0,0,False,False,{},{},[],[]
historical246,205,source_registered_control_sweep,699226c1ef70aa770c8294ddc4c1b0a2bd1be2d8f0582f7e276af4826628a1af,f03b91a4bf35889b425c00d33d15159a0d04a962fbb11cfe53e639c3ac266b61,40950,32760,be9787b5,2db41089,True,-1000000,0,0,0,0,False,False,{},{},[],[]
historical246,206,source_registered_control_sweep,f601de4f428a1b22a302fc6e660d5dbe9e23fc279faa99a2f8ec335345e1ad82,e3b14be44b86c47862186d5cff13583eff3a95963e964fe0acefdfff71e2a100,40950,32760,4706138e,f18ce13e,True,-1000000,0,0,0,0,False,False,{},{},[],[]
historical246,207,source_registered_control_sweep,dae672ffac2f46ffa17560265119370b7ddd37af372ba9ea15251fdf1cc5383e,247154b580011dd6f61419a0e16da21a4bdf40bb42dffe7c3c95521ac9b474ab,40950,32760,ea734275,e9f6bee7,True,-1000000,0,0,0,0,False,False,{},{},[],[]
historical246,208,source_registered_control_sweep,178732985d1a90a3080c635645259f963e2d42a7691acc47596486cd914f82b3,5f7dbe365080c9010827a2a31da6840925583440469702ab41bb20550e3f9487,40950,32760,8027069c,44931fb2,True,-1000000,0,0,0,0,False,False,{},{},[],[]
historical246,209,source_registered_control_sweep,d8cc9ccae7b5b15085edd798d15bde404bc6c8f15c9f8d3eda68f8414f551642,d6f6d12e1bf4565e397b1e27b2de9248dce52206123269ae504ce66dd0e34e0d,40950,32760,54d66f6c,cc082598,True,-1000000,0,0,0,0,False,False,{},{},[],[]
historical246,210,source_registered_control_sweep,b106fd0014acdecd18aaecabc20c9cbb64803dae54539acc976951d6cf5872d1,7143e6d6b015c23bfd6fdfd08d14e311eb4e0283c399429b1aa60ccbd8be54c4,40950,32760,4f52b972,efede6dc,True,-1000000,0,0,0,0,False,False,{},{},[],[]
historical246,211,source_registered_control_sweep,e99545706750cb9ae5ecc5b18a42740f4d82d6be9b74198ccf110284925df732,0eb55f8e0ea7e271381e2f397a7455a5472fa664a07526489b788b5a9f49748b,40950,32760,6e2c96db,9ce1a5b0,True,-1000000,0,0,0,0,False,False,{},{},[],[]
historical246,212,source_registered_control_sweep,ac7713e241d649da0cd7ad026b49829e1535a3b4d83666e989955ccc2ba376fc,982c606c1616f80d9d5954685a66fbecc45979e31c2d95ec10278b7d6fd1a7ac,40950,32760,d72d1705,43b16046,True,-1000000,0,0,0,0,False,False,{},{},[],[]
historical246,213,source_registered_control_sweep,8d12f33dc39023a6cb4169001943bf7875027254639f60b728e1b7e8bbb8a058,17cacf1d69ec36ea32fe4a6d1626294a088c666fd6969f65f4c7d9340258ced9,40950,32760,33534ed3,d77455d1,True,-1000000,0,0,0,0,False,False,{},{},[],[]
historical246,214,source_registered_control_sweep,ab853763fcef43d7210aad3f853b1953be573f2a407f1e92aed4062b17c218c9,ade394bf4b50594ab0ab7b174e31aea1e351695e18105288f62acaef0ef2b848,40950,32760,fca3688d,f011aecc,True,-1000000,0,0,0,0,False,False,{},{},[],[]
historical246,215,source_registered_control_sweep,232ffa95ede432a324c79486d46fefcefefe4c6bdc24560aa380edde1c6da2cd,c1dcb811d15e2ae8b96e3975c83bba41d3bdbb7fec6fba39511aec70e7e227c2,40950,32760,efb97f89,dbe17264,True,-1000000,0,0,0,0,False,False,{},{},[],[]
historical246,216,source_registered_control_sweep,5fbf557bfd5088f4ea3872890eb30a78d1cfc0b7a30adf4b9e068428f0c7b8ad,66dd32379e120f9f3dc3c92fa33603f685b8cf2944f4f4a410309aeaec6ac76b,40950,32760,01310d21,d1bd064c,True,-1000000,0,0,0,0,False,False,{},{},[],[]
historical246,217,source_registered_control_sweep,15d083d61a3b9d3518376763d3fca905afb19aaeb5d1fd7e7c05a7cc8f83add6,b95849f8ab59424bda5ab3ec3a7b023643cc86437341c7bb6fa49d0574c2d2c1,40950,32760,bfa3819e,862c68db,True,-1000000,0,0,0,0,False,False,{},{},[],[]
historical246,218,source_registered_control_sweep,f6f25ac03215caca567f7ac8b9fade3ed2bd7621c5b3067a70e5774ede9c5926,6667badb4b36254c856a1e9f723dc36765fa343d66f94480711ab82223a19feb,40950,32760,6574360b,d9668e4f,True,-1000000,0,0,0,0,False,False,{},{},[],[]
historical246,219,source_registered_control_sweep,fed1f6377a0d3d9f4117398724e4f9f3e5d86501ac57c9ec1bcce4d05c9f25fa,e8e55a5d1b5f6aa61c7baf238010b4702e90980662074fc457233c8a56bdc6cd,40950,32760,809709ba,ff6b9daa,True,-1000000,0,0,0,0,False,False,{},{},[],[]
historical246,220,source_registered_control_sweep,f32bd31d3ef5ce4c226e179ef724fb833511ce077df0c417c795d5fd25d0eb36,735564ad88c80fb2b12f9f0b2e11f25236391fb6a64391735578b61140375583,40950,32760,deed7b83,a18340ea,True,-1000000,0,0,0,0,False,False,{},{},[],[]
historical246,221,source_registered_control_sweep,d0699f7bdd196673070560ba726f9aa6a1f93a3be22b2384214526ac2c831c8a,2aa10ed4ae443c6048345fdce4573131211398f89030c205699ea9d5a7228775,40950,32760,d8c271f3,9228cfb1,True,-1000000,0,0,0,0,False,False,{},{},[],[]
historical246,222,source_registered_LO_check,f06cdd32f16059fbabee7f713087213b896caebf012ae4143394437add66e6ef,e52a15e3cae36dfee35ee638a75dce7ce5c1cccbd6ae53e1e5a8db1dc854e4d0,40950,32760,b0329100,d7891b53,True,0,0,0,0,0,False,False,{},{},[],[]
historical246,223,source_registered_LO_check,1162e8c063bccf5a4dd81671157a865c44787200797b2b75605b97b36052466d,d8b0229ad9bc7f2bd6f8e34ca204fa80d74ebe7640d10d8f5c4b8ce5dea85c6c,40950,32760,2873adce,85e7add5,True,0,0,0,0,0,False,False,{},{},[],[]
historical246,224,source_registered_LO_check,505d5cc9110c9554f1f373e250989bf0db52efb3241b60cc5644ccecc804874c,32cf75cd164e41c1155df0976a22ea7690438824b2f96656b598cb9c1d844d3b,40950,32760,939232be,71e7f599,True,0,0,0,0,0,False,False,{},{},[],[]
historical246,225,source_registered_LO_check,8ac600ccdb92d69d19706835cc231fb87aea5e4d3990c58d8cf23073ba1fc174,1a91c2c61341992313fd8a1df32f471cb6da889a3a93d6733cc07abb28d69865,40950,32760,9c4f0f5f,b9805922,True,0,0,0,0,0,False,False,{},{},[],[]
historical246,226,source_registered_LO_check,ebd1d91df40c00e99d8880dc5491bfa99a7e3472ab762840633a15f1f7f9b8b7,e5ede83fc0f57e2551fa0c1ddff895f317254537c7c07625d3e156b2ceb5169c,40950,32760,dc00873d,04450c74,True,0,0,0,0,0,False,False,{},{},[],[]
historical246,227,source_registered_LO_check,459b3db167668496883d9bcebd4e9fb9efa11f4996a83752d2f449476cbccf94,717f0c1e7613ffaf9e6c352402f425788bd4086a83b22700c55379bd98aa6599,40950,32760,25f7a80a,fa75b47e,True,0,0,0,0,0,False,False,{},{},[],[]
historical246,228,source_registered_LO_check,46969e34d7ad43501a7fa0a03ae30d41779b1d702a44131106e62d89a448f25e,c3a42151c2d4ab6b09fb22e01b521806f909dd4d0caf34d80038d7e55ae2ecb2,40950,32760,642863b9,34d4d9d5,True,0,0,0,0,0,False,False,{},{},[],[]
historical246,229,source_registered_LO_check,b9db102a33575f7331816a0c885c166b586a738f6ab5ff27b0b2637265827fe4,e837f3679b546591d7c3dcbbfaa643068fd4e7087568513489b78e4530ba47b0,40950,32760,9cb72337,cf164b5f,True,0,0,0,0,0,False,False,{},{},[],[]
historical246,230,source_registered_LO_check,7224349fdba4568e59cb2bb5c05ed6fdd75545d12fcc904c91401c7814919131,24640e0bbdf8654ab5955fefb6cb4617cb745e36a717b522fba5c28e91b7cdc7,40950,32760,24358c28,229e4c8a,True,0,0,0,0,0,False,False,{},{},[],[]
historical246,231,source_registered_LO_check,921349a75af588f58f725ed0dc8baf9b5a0a079d177d25651c591239239421a9,2dc41e12e1f3960839936ef34ae3f720e476c03d8b287be7ccf68b24161c7996,40950,32760,1c510ab3,4974065d,True,0,0,0,0,0,False,False,{},{},[],[]
historical246,232,source_registered_LO_check,3ea911142a32d588cfa83bc61b8857ba9391cae859aa909dba724348a74d00be,9af8695aa4cea87ff6dd0c8ccde47f644dd759e1a94f3a6ff90392272aca61e3,40950,32760,5e4733f8,ad59a1f9,True,0,0,0,0,0,False,False,{},{},[],[]
historical246,233,source_registered_LO_check,ce3dac9997bd9df71169c159b91e3cd4e1367409d5c6d5dd5885c015f7faa6de,e67e3f9dfa85c59b660103c8bc32d12b49bba4bd28fa4d66970aa82e11a5b5c0,40950,32760,0b04c1d6,c145121b,True,0,0,0,0,0,False,False,{},{},[],[]
historical246,234,source_registered_LO_check,e1d42949c0800c2b50974846f0ccfb8a9f326551955dc6cac7e2bdd23adf5587,56e5337e2bf75a8351a6ac32b39aea94ce5850296240694d233ef2cad39463ca,40950,32760,9f6991d4,e33534ee,True,0,0,0,0,0,False,False,{},{},[],[]
historical246,235,source_registered_LO_check,47af6e4170d344d46efc28f7c1b6a28cdb0060126e9146baa86459fafa441d59,e965b4c25373b453a790e125613caea27e5bca15b42e7e3468b63aea4bf98d8b,40950,32760,1fe8194a,54295b0f,True,0,0,0,0,0,False,False,{},{},[],[]
historical246,236,source_registered_LO_check,612fbcd769339bdcde9ab78657eb7021d8aa5e0e48daec14a7f21c7559a0696a,ec91214281324d85fabf292e433e132693acb2e9a833b119335215cc9cc3546f,40950,32760,0c2b1577,e22b8d4a,True,0,0,0,0,0,False,False,{},{},[],[]
historical246,237,source_registered_LO_check,22046ee341f6b9ad4c2e9ceae4150a452a748f2f253d486d30c12a9b741fdee3,f157bd2767b67bcd3193e3dd08fb52d5cab9c6803e5f1719768fed1d96121520,40950,32760,28f55223,3e0bb3e9,True,0,0,0,0,0,False,False,{},{},[],[]
historical246,238,source_registered_LO_check,f3d372a725be0fbdc8cb8c6034a2ab9c27bb0ffade9e2d65ff305ccecfbda188,83f2988d0e4b80da909ee7121ba94a68a4afdd4258031f2251bae91fd0b63ed0,40950,32760,d2c1876c,fe294f99,True,0,0,0,0,0,False,False,{},{},[],[]
historical246,239,source_registered_LO_check,5aa9841d4f4f8887d24364803ad0800fb9e7198b82c946a8649a7d8712a22a4c,867a5d411361ada8b14cd0ef3ef7502fb693c4ed770a3b64ca47e0d74b40a306,40950,32760,ba621256,4e573176,True,0,0,0,0,0,False,False,{},{},[],[]
historical246,240,source_registered_LO_check,c196d358a83e043e51a5c84b56924427676b63efbfbc32e87a351bf0ac16c0e2,19c2a5db54e682cdc38bd1cfb3db54bda8add385c0b27e1707efbcab06fe82ba,40950,32760,09ecdc44,33aab998,True,0,0,0,0,0,False,False,{},{},[],[]
historical246,241,source_registered_LO_check,477fa4026354a89db8427b3bcfaa57be08922ccf9dce0cb531bd71b625b1a92f,a178fdf946048fe4f0852920c52e3a2022b92f72907b729a6bc0b5cb4ed04264,40950,32760,63c5dcbe,c43a8c1b,True,0,0,0,0,0,False,False,{},{},[],[]
historical246,242,source_registered_LO_check,a03d22683caf49b1147bc9bc489add8e0c5d69691fdb6a4c70c2acf3f541101b,da1dc966037a529eecf00735db840ecede189f0e2bb5fa70cf569f183d9c1d9a,40950,32760,bc6c8ec8,98e5e01e,True,0,0,0,0,0,False,False,{},{},[],[]
historical246,243,source_registered_LO_check,044a67738e434de38ca948065748fa46ea601d7984e89403a7fd2bedd0e6a241,f9b4b8fd25a8b48728967657f9c292af33598492f8447a73efc4e93d1cf7b6ad,40950,32760,03644f1f,70351d72,True,0,0,0,0,0,False,False,{},{},[],[]
historical246,244,source_registered_LO_check,3426aa61b744d099d040a8b2c45cb630f3e0d880ca3058da4288ccd27b92b05e,3e317f5a69ac04447a5e0156b4de0fa31e119df755ff60621e099dfbca09c901,40950,32760,e9a534e0,160e1a23,True,0,0,0,0,0,False,False,{},{},[],[]
historical246,245,source_registered_LO_check,325a548b09486a427e87e95f8168dd6978d7a98c070555dc03dfef8020745e5b,2db6b262174aaa5f9f4a6bd04f3460864e6a3309856e1ae11feec15c861a281c,40950,32760,3b04b757,d6ddf922,True,0,0,0,0,0,False,False,{},{},[],[]
matched_manual1010,0,source_off_before,ac9c89526aaae24087964342788513065d0ff0e56b1ce86af0d577e95780a727,8b0c48dfff4a38ebe3e7b8d428eb8121f218f830b905ddd1f16b42bab1a87b34,40950,32760,1e4d98a8,7b181afe,True,-1000000,0,0,0,0,False,False,{},{},[],[]
matched_manual1010,1,source_off_before,45c8d880db4a8ca7062199c79e5078b33b5da388dc1cfc422d6bb853dc9bb400,73a8447e49a7151e2e1d8811f7a380f4dfad0b5a086ba83a8926fb816b33734e,40950,32760,3baa0bbe,727029ba,True,-1000000,0,0,0,0,False,False,{},{},[],[]
matched_manual1010,2,source_off_before,b433ff67b7f6ca39c02ced04d1f80fc80422a0f9b978d92739304f8769e83442,f5ad7e08b9fab967438f643f4d8d9108f42cb921386e63e59dda93e16c13e15d,40950,32760,3b89adf6,ce29887c,True,-1000000,0,0,0,0,False,False,{},{},[],[]
matched_manual1010,3,source_off_before,9b38d5097255098e4cd571261d2bfe83155eceb048ce74c7867637fd8997f32f,10df96f1c07e33e40da5b3b367af315e616c75807fe31b7b13f79cc76068039c,40950,32760,653b2508,99b9b3a0,True,-1000000,0,0,0,0,False,False,{},{},[],[]
matched_manual1010,4,source_off_before,6b464327265dac11a2864efa7d5741b7a827300d240d438d2bc1fc2adb0a1267,e676447f6df1730bcc627cba5d57b0a15eee6cdc596d01ade498d52f7c04e5cb,40950,32760,3c5552b9,068a6eec,True,-1000000,0,0,0,0,False,False,{},{},[],[]
matched_manual1010,5,source_off_before,1ea4d92a12b34411f850a596018da89534ee3b6042789933474fa31ed6f3110b,0b72beb773f84345ede94ed219f024419cbae57f74066431ced4c11b0955afc5,40950,32760,58c40388,fe9d96da,True,-1000000,0,0,0,0,False,False,{},{},[],[]
matched_manual1010,6,source_off_before,62b21277626d4f7dc4488ff98003884df710dbba3c77066c4e3ee1adacb14a89,e1178abceae56a38a356cc2004e4fafdcf6e852dd4927251f66d7a05fd6c1c1a,40950,32760,4713f958,98e44abf,True,-1000000,0,0,0,0,False,False,{},{},[],[]
matched_manual1010,7,source_off_before,5cef3d4fe4995d779135b90b45438b2e87ed9a2f044f6aa3bbbd4d661e672452,ad4f2694206ee00e57a99585908f0c957eaca7b8ef8e75d9f33fffc581d488b0,40950,32760,40b3436f,b546d44a,True,-1000000,0,0,0,0,False,False,{},{},[],[]
matched_manual1010,8,source_off_before,5f0ca5b46d1c33b60e2a0646b2c4a29b375a0238414902690060613d742dbf3a,340acb9ce631ce2874c1f50cf3c357f6abea60895109992faaf3cbae93b66b69,40950,32760,a741c8a5,db0e31c7,True,-1000000,0,0,0,0,False,False,{},{},[],[]
matched_manual1010,9,source_off_before,31920e4861001361d1781f76dcd40c8d12d7bfa08b2b274e1d45f7ee73948fb3,24995063d8d9ee977006a5d422de5f4ed674281df643ceb733383a141e7c5145,40950,32760,bc0b5dc4,c2d6c542,True,-1000000,0,0,0,0,False,False,{},{},[],[]
matched_manual1010,10,source_off_before,8525f036936ba4029d231f421f7b5722cbb7a803ab2c7ff36a2637b2bfc4c75d,42a0eb11ddbe9f6f0e467ab63c03ad3ab279470fc681bf7dde972eab73947234,40950,32760,97e4bba6,779c67be,True,-1000000,0,0,0,0,False,False,{},{},[],[]
matched_manual1010,11,source_off_before,1d32e329ec2c9ef99e9ef870daf098ae211a46711fdfe523cca76394f784bb9b,139aea3ab540e9c19935b3156b1ff20d28dc3de868f4a6a92a45ed5f3fb88970,40950,32760,54f233f0,ad10ac8f,True,-1000000,0,0,0,0,False,False,{},{},[],[]
matched_manual1010,12,source_off_before,9648edd647670f02320afcdffb7626c90fef45fafed04cec133550711b5cae5d,8b3a90789e21ce5b0880210767d870c90f32ffffe5758f44d035a711bf9caeca,40950,32760,71d434f9,7cd1f41f,True,-1000000,0,0,0,0,False,False,{},{},[],[]
matched_manual1010,13,source_off_before,8fd197c89d20245e0ae00cb197e6da38f54d8e5db937cbc541826712f3362fc8,7fc79a18070910222fa5570de522edcf9fa2b80c2f54f1248cf931741cb49fc8,40950,32760,36c03bdc,f08ff43f,True,-1000000,0,0,0,0,False,False,{},{},[],[]
matched_manual1010,14,source_off_before,2c4c62f3561ce82ceb2e15d6e52dfa4e49f68999f41ac8e7244c2935e8227907,3d62ec7046861c35035a5d32ec1234684a14a7406e3d9d6ff8ff173f02b7e828,40950,32760,61d1757d,b8e3370b,True,-1000000,0,0,0,0,False,False,{},{},[],[]
matched_manual1010,15,source_off_before,4bb4a551909aa15205867c1438937251450e91d2b0d485a455119aa7a9aa853b,a90bdb832b91dcb4293bb0679626a23e421efa77b2f14e93884f5baf6ce3f2f1,40950,32760,d11b5b30,dafea41d,True,-1000000,0,0,0,0,False,False,{},{},[],[]
matched_manual1010,16,source_off_before,6662a6bd9ae2ca64afe2b7dec53e953b0c7e3f4bc609342929829c4aca4d7930,8d835c75697a547b2274d16a56041d73daaf6c9911300ec052bf6cc839e1e4d1,40950,32760,01698e58,b4a9f26c,True,-1000000,0,0,0,0,False,False,{},{},[],[]
matched_manual1010,17,source_off_before,a96c1ea7e304fb9c557c50d64b81f138be05cfb31c7a00c233dab5574b41bc18,7ff3b0aa828a33db87324b69d763c16680fa54a1cc3eb1c444d617489c5deedd,40950,32760,ae5ae4b6,70804741,True,-1000000,0,0,0,0,False,False,{},{},[],[]
matched_manual1010,18,source_off_before,aef7ce8d3d2beeb51c00f62b3ca0546f7243032505fb137a1f6038ea483f289c,09b2b597f9b28ee50718645b25befff3bc21e9b3cefe59a8e5c8e524cf8a511a,40950,32760,7517df51,38622078,True,-1000000,0,0,0,0,False,False,{},{},[],[]
matched_manual1010,19,source_off_before,c1506788f4a28648539b5a514225dcc37805ae487395041fad4c2313334ec2c2,38f1bcab7979b4389644f169c0a597ea57bb5437d8008bc4715be34f2eba94ac,40950,32760,1d3fa0f4,4825fdfc,True,-1000000,0,0,0,0,False,False,{},{},[],[]
matched_manual1010,20,source_off_before,f1ecd81eaf0614913100f91bb99357ead6cc14ccdc62cafeb833c00ad471b5d8,5a51f49d4f4d640e447f80c99a89089fe9b5b1aac5725b0f35943e5870b9a23d,40950,32760,39a22311,ee1c0cf1,True,-1000000,0,0,0,0,False,False,{},{},[],[]
matched_manual1010,21,source_off_before,6e865c3387e408c3cb2706245707c1eb30c367bc808401296949826a66d95fc8,29b7d36415fd169ea3c8b37769b5b22ab03d1c308ec98437d3e48cac14413cbc,40950,32760,426e456b,b556d409,True,-1000000,0,0,0,0,False,False,{},{},[],[]
matched_manual1010,22,source_off_before,82e34a634303938997cb4002c07fdcebd3889a1df4b71d51abe4d96cda140de4,2bc6de3eefb074aaa99ea27ddce93efb272019fa9285f17656166eda4e12b82b,40950,32760,34852869,9f34fe97,True,-1000000,0,0,0,0,False,False,{},{},[],[]
matched_manual1010,23,source_off_before,7f215837fed895eae28e79d056ed0df2afc2299042aa3dab94827a78a6b72fcf,f1ae96e70d5bb1e1b047df7d54758a8a3e69a652199cdc0954df303b88f7c813,40950,32760,2dfcc8f5,f8f4bf4d,True,-1000000,0,0,0,0,False,False,{},{},[],[]
matched_manual1010,24,source_off_before,b8bd05cc3159fd3ca98de79659a3251235048818377511ae44378518dd19a8c6,2439c69c505d688f19d4881e9f76e94a520f1024c5e6ae66223d5600c5bb719b,40950,32760,6d31227b,32b2c5c1,True,-1000000,0,0,0,0,False,False,{},{},[],[]
matched_manual1010,25,source_off_before,8c5d818c5250e10bdbd81ee6fc18ea47181bc53b0f458bc5a0e11143a7c2ef5c,ff3767f92eaedfdcad8426a2dcc96d0a311a877719e5a6822aad2e7aa82d3abd,40950,32760,68bf8d41,bfbba5cb,True,-1000000,0,0,0,0,False,False,{},{},[],[]
matched_manual1010,26,source_off_before,dc68e0e4489066ae11c211e0e7656de79970550ba0470393886de72eac7b6bed,95ddd6c37af6d85a1e1d3b5bc7ce92c869c45e6cc4cd1d780a1113ece78fdff2,40950,32760,f1a5a852,c060e4ec,True,-1000000,0,0,0,0,False,False,{},{},[],[]
matched_manual1010,27,source_off_before,d12db8236b0b7e0f4147d77f19fb3eccbcfd61356443e61c2730f1460d236415,fa5eaccab0734e33ab092d3b6f32c86e5cb10fa9daaee4ff5163478453bacb38,40950,32760,c2848d65,69cc47d3,True,-1000000,0,0,0,0,False,False,{},{},[],[]
matched_manual1010,28,source_off_before,159f1ef1205800e2f49ec6f010eba9436a4ed39bac7d9ac3cbc7ccc67dc18456,4e43d1178eb0847b2d02e22c2e6b43d123448b806a430b7b674502b92c8b2b37,40950,32760,72c10281,2ce9fd1d,True,-1000000,0,0,0,0,False,False,{},{},[],[]
matched_manual1010,29,source_off_before,e7e7e554e11953a44b89bad418cbdc61e11afeba583e2d3999115a092513667e,4a379ce06000b34863839682eeba22f4c357e6b373f79290e9d620bd5f40cef4,40950,32760,7a7a7834,7fc704be,True,-1000000,0,0,0,0,False,False,{},{},[],[]
matched_manual1010,30,source_off_before,36d9021e11012482eb106ce8701103bbdd3ffd3de030fc24cf7007e6c3b626b9,d22013b970fc83d0ee0c0ca179cbb31de4d3b9e3b3d0906a3df9b0e3dd7146d4,40950,32760,501395e6,6c5e7449,True,-1000000,0,0,0,0,False,False,{},{},[],[]
matched_manual1010,31,source_off_before,8b5f56b6b82c0d55155a3ff1a61d8b7158adb1039baea20c744cd8316b575de3,920790ef3337739130b3294d1d18c5e90df4ed9851d6b97146c6d08fb858a79f,40950,32760,a3fa6832,407c03be,True,-1000000,0,0,0,0,False,False,{},{},[],[]
matched_manual1010,32,source_off_before,aa6b225b8f18c99091fe76b456c7bf809935c3870e496fb789fbf2ad6031da26,4d09424e430d4448e6e334d3e35667e3691dbfa9c52aff67cca4ae8d62000875,40950,32760,2456fd33,d9d6a78d,True,-1000000,0,0,0,0,False,False,{},{},[],[]
matched_manual1010,33,source_off_before,2f88ddd44ef0d8fe98c37f3389ea3341d9ecee91f4e962a761bc3db838af3565,74f9a7fe397eb5883284b31ff9e3ec1e26699629f5923809059255d6a0fa151b,40950,32760,82f5006c,1a79b989,True,-1000000,0,0,0,0,False,False,{},{},[],[]
matched_manual1010,34,source_off_before,8088f28ac2de46afc15ccce4237b4787963b2dce8183d54f445f5510ae9c0bda,52db0b7fbaebca53e8572cd0d760515d73174f83e8881e36adec9c2dd1dcc934,40950,32760,ad520cdf,b0ca7961,True,-1000000,0,0,0,0,False,False,{},{},[],[]
matched_manual1010,35,source_off_before,05a171e588aaa2761c6d404544c0b53cd69a7d7b4495ac562360380f3b721cdd,d0630bef1a84de95ee8f5ef302a4269436ca819207a41a951d9e72764bd90ab4,40950,32760,f023c585,d872f54f,True,-1000000,0,0,0,0,False,False,{},{},[],[]
matched_manual1010,36,source_off_before,151e0f4087fa17c4ece929f218b26f1600f12d5b5b9542f788000f8267cc108f,bff696f735f62bc4275562219762ba1ede9c78c67d0a32619e75fb7d5303aa07,40950,32760,0223a23c,4a824750,True,-1000000,0,0,0,0,False,False,{},{},[],[]
matched_manual1010,37,source_off_before,42869d84e9ac23b25942f77a4859637eae9c92d851c8df0ca9c1dda1962e616d,e173ab38032a8e4bdbf7bafee76650b3520a4a67793c2d3ac97f281c8dd67bae,40950,32760,4da4cd8b,622c76d2,True,-1000000,0,0,0,0,False,False,{},{},[],[]
matched_manual1010,38,source_off_before,3e57eaacf009d86436b57fc0bed790fdfb1f65d9ea06526add408aba9a91ec00,b6cccc06a22e59537625e06e3c28e4d12baaf3c5181284b54d42c3356687b6db,40950,32760,057a4eb9,b86625fc,True,-1000000,0,0,0,0,False,False,{},{},[],[]
matched_manual1010,39,source_off_before,b07a7877264672b99cc9cdcb5167692e93338af330801cb894575fcf4a111748,d6a1122b483e0bbfb66fc717141b83afaa80c2ff7e1373c1e0fb1eda8cebd8b3,40950,32760,967d5d96,5849a6d8,True,-1000000,0,0,0,0,False,False,{},{},[],[]
matched_manual1010,40,source_off_before,248bb07ce39a4a2cd28391963c71bfc83a10497df2e382b5038bc0d03481b3eb,47d600657dc3381db2a505ba2357e89333897838d9983d97ae560003ac868e7a,40950,32760,81e92940,8374d8b9,True,-1000000,0,0,0,0,False,False,{},{},[],[]
matched_manual1010,41,source_off_before,6925e751e64abf4f1264cc4dd6fcca47f52479e026c36569cd332170053f5263,e20e24b71b0a2848fba26ca3527452cb162c7515dd724289caaa21d14d8ed044,40950,32760,dc8382a0,a2755a3d,True,-1000000,0,0,0,0,False,False,{},{},[],[]
matched_manual1010,42,source_off_before,e82cd669007d768d0a5d23739f516d289c1ea129b759a2b47f420052edd7916a,46bae5f8e1785790936ebf9e2aa8657bd3b3ade6b17ac44b52712bdb68ce54dc,40950,32760,5c3762b6,f3b5bdd8,True,-1000000,0,0,0,0,False,False,{},{},[],[]
matched_manual1010,43,control_transition_guard_excluded,df7b232b778bdb68bffcd3f212b0f3e067f91a8745e4c754cee76e8f116f15fd,729f5296dad6f503dc9be4518ec01e5395966199a5240f4116ea0802f51f52ca,40950,32760,e846c4d8,1aedf342,True,-1000000,0,0,0,0,False,False,{},{},[],[]
matched_manual1010,44,control_transition_guard_excluded,9fb9743d25e1a46313bf3025f5a0bc6c32c0e2a6e5af2b67931c486eedf26085,a2da902e42f1e11cae2eec6dd2e05ae2c715edb4c29f6eb4b65b7ab58afd3374,40950,32760,e0f848ce,bf85e7f7,True,-1000000,0,0,0,0,False,False,{},{},[],[]
matched_manual1010,45,control_transition_guard_excluded,62364a5c745407671614362ca906fe87bd04bf54cc2d60e82137aff4f4af7742,4a668ab3a98b05f6ffa33896cbb356e48c43ae0ead3539252b860917c02dd33c,40950,32760,f9e7bab2,baab18f2,True,-1000000,0,0,0,0,False,False,{},{},[],[]
matched_manual1010,46,control_transition_guard_excluded,d473af5fbe5a335cadd21a38f15ae39168438eb17dec26d3dfda796fedf1fc18,211873cf3930de6270349471e57edb9fb3a66a3205b456b626e3f7b0be83b27c,40950,32760,e3dffb56,ab6a5586,True,-1000000,0,0,0,0,False,False,{},{},[],[]
matched_manual1010,47,control_transition_guard_excluded,a7083d45df45a29c5d18bcee5d82603e67d30cf7f5b3f546adeebbbd94e0192c,2488ba8564f223f12ff57b955e4c6e7235eef94bb33181774f79e620d71ce27a,40950,32760,4bc0b091,3d08381a,True,-1000000,0,0,0,0,False,False,{},{},[],[]
matched_manual1010,48,source_on_episode_0,f5a34238bff52380401ea4503153f1cfc92b27baf33c57f095588a53ad30c967,8fbca1a9a68446a2c701738b5460019f2b9b41831050f5ce397f0aa6016b9d34,40950,32760,c6097e24,99b0b33e,True,-1000000,1,1,0,0,False,False,"{""valid_owned"": 1}","{""valid_owned"": 1}","[{""access_address_hamming_errors"": 1, ""access_address_sample_offset"": 420.0, ""access_correlation"": 0.9064350976515804, ""complete_preamble_and_pdu_crc_within_capture_nominal"": true, ""crc24_ok"": true, ""crc_valid_receiver_hypotheses"": 1, ""estimated_carrier_offset_hz"": -199717.70712713758, ""independent_slicing_whitening_reflected_crc24"": {""complete_preamble_and_pdu_crc_within_capture_nominal"": true, ""crc24_ok"": true, ""nominal_packet_end_sample"": 4392.96, ""nominal_packet_start_sample"": 291.84000000000003, ""owned_manufacturer_ad_exact_match"": true, ""pdu_length"": 22, ""pdu_sha256"": ""177ba70ae0be7ffff890d04b3214f18a46cfe85e47b485bf82dd5c534c53aa45"", ""pdu_type"": 0}, ""iq_polarity"": -1, ""nominal_packet_end_sample"": 4392.96, ""nominal_packet_start_sample"": 291.84000000000003, ""owned_manufacturer_ad_exact_match"": true, ""packet_duration_us"": 256, ""pdu_length"": 22, ""pdu_sha256"": ""177ba70ae0be7ffff890d04b3214f18a46cfe85e47b485bf82dd5c534c53aa45"", ""pdu_type"": 0, ""preamble_hamming_errors"": 1, ""receiver_hypotheses_checked"": 4324, ""refined"": true, ""samples_per_symbol_at_4msps"": 4.005, ""status"": ""valid_owned"", ""threshold_bias_deviation_fraction"": 0.4000000000000001}]","[{""access_address_hamming_errors"": 1, ""access_address_sample_offset"": 420.0, ""access_correlation"": 0.9021598894773115, ""complete_preamble_and_pdu_crc_within_capture_nominal"": true, ""crc24_ok"": true, ""crc_valid_receiver_hypotheses"": 2, ""estimated_carrier_offset_hz"": -199718.9405911142, ""independent_slicing_whitening_reflected_crc24"": {""complete_preamble_and_pdu_crc_within_capture_nominal"": true, ""crc24_ok"": true, ""nominal_packet_end_sample"": 4392.96, ""nominal_packet_start_sample"": 291.84000000000003, ""owned_manufacturer_ad_exact_match"": true, ""pdu_length"": 22, ""pdu_sha256"": ""177ba70ae0be7ffff890d04b3214f18a46cfe85e47b485bf82dd5c534c53aa45"", ""pdu_type"": 0}, ""iq_polarity"": -1, ""nominal_packet_end_sample"": 4392.96, ""nominal_packet_start_sample"": 291.84000000000003, ""owned_manufacturer_ad_exact_match"": true, ""packet_duration_us"": 256, ""pdu_length"": 22, ""pdu_sha256"": ""177ba70ae0be7ffff890d04b3214f18a46cfe85e47b485bf82dd5c534c53aa45"", ""pdu_type"": 0, ""preamble_hamming_errors"": 1, ""receiver_hypotheses_checked"": 4194, ""refined"": true, ""samples_per_symbol_at_4msps"": 4.005, ""status"": ""valid_owned"", ""threshold_bias_deviation_fraction"": 0.425}]"
matched_manual1010,49,source_on_episode_0,fbe5bb9633d5b6c2e1a2e8d9190a3cfdeee95c7d6da4ffa8ab11ed32902ed7a9,bb1beffccc03591950b02c8a37437876c6956ecd77415659df3c39a3fdd99e73,40950,32760,6bd3f4f4,fd200cec,True,-1000000,0,0,0,0,False,False,{},{},[],[]
matched_manual1010,50,source_on_episode_0,25f246bf78c9c4f2a8fa0c31569161ff9b642c529285e71c609c41d56d5d74df,100b824d07743841149a4e250917756630b8535d1a62a7f6f2214e0680643c73,40950,32760,68630584,9a6e9568,True,-1000000,0,0,0,0,False,False,{},{},[],[]
matched_manual1010,51,source_on_episode_0,b9104fd69b77b45c47a313cb09da319296ee618d17ca5b49ff7936b4441fcfbf,442b99ff6740e8f8978d8209080c278d7f14bf2cf5a113a32b7585d65da1e458,40950,32760,5526bb8c,3c5d7c25,True,-1000000,0,0,0,0,False,False,{},{},[],[]
matched_manual1010,52,source_on_episode_0,2b7251e03723b4e13a33b896139e26d4c138776d15b668cab02e3c8be8f7219e,1b5c2a9979d5ff0a20d56eeb2dea5e36f8772a2a37480790884dc861d9aa68b2,40950,32760,3045f266,7ad555f5,True,-1000000,0,0,0,0,False,False,"{""truncated_header"": 1}","{""truncated_header"": 1}",[],[]
matched_manual1010,53,source_on_episode_0,52fc2c4e5a941828cbc4afdc1e6aa2e13674ed08bb766bf49b3a7ecf7d0b8805,8e91aaa84a4d4cdc9c6d581e37fd6f82350b9094cd6d01fbda69dc178b2202eb,40950,32760,1edbcf6f,3e726a14,True,-1000000,0,0,0,0,False,False,{},{},[],[]
matched_manual1010,54,source_on_episode_0,52002c569604796ea41fe23aa065eb50c76652a19f4666c0223298eed400a828,0a815807727c1dc2cf0f2eb9b4ddd6457e5c8b5fdc3d91b5d8788a714af5a218,40950,32760,d65a67d6,030396ec,True,-1000000,0,0,0,0,False,False,{},{},[],[]
matched_manual1010,55,source_on_episode_0,84a548d4b9c571cf6664c31704d84e8b90cd1f6c7efff77ef3e169e93fa6386d,0d0d2e94302484808462713e46ce80f8a55d1e669b32c5e58efe1ead237cef00,40950,32760,be0f3cb9,1152dfb6,True,-1000000,0,0,0,0,False,False,{},{},[],[]
matched_manual1010,56,source_on_episode_0,4e74b774d439575802c4c3150b1c9e80f07de749a5566ca9bc6ddb5b2f48a50b,48253349381a0d96efdb53634c433a82470278fdae518268343a3ea2d8b42051,40950,32760,e3882f3b,61f06e67,True,-1000000,0,0,0,0,False,False,{},{},[],[]
matched_manual1010,57,source_on_episode_0,307744bd3b23ecc8f32b172474cf7498f10bb54a531f6af05696ad76db0210ac,f0cab36b645ee6ed3d97f7f90d5bddd3a5dfd168ba5330366f93eb63c17409e8,40950,32760,90b659e0,a50f8289,True,-1000000,0,0,0,0,False,False,{},{},[],[]
matched_manual1010,58,source_on_episode_0,1bd71b07ee23edc1cbc2614d2041dc2c7cf6f828fc747daf8b3d81cffb7a019d,c9a7124b3ab8bfebb50f4cb11fd7e87b28bfa3f648003753a4eaaa1796160205,40950,32760,411dc87f,4c960436,True,-1000000,0,0,0,0,False,False,{},{},[],[]
matched_manual1010,59,source_on_episode_0,f4c07510c71c0077480209a2576622377ed67f2eb77b3f82c453d6dcb43da722,a8cdf9840ebfafbea0795a85d479a495107c70b4234a0d3020093af590b65d62,40950,32760,9baf9cb0,a1b20bee,True,-1000000,0,0,0,0,False,False,{},{},[],[]
matched_manual1010,60,source_on_episode_0,8f6f90054210c5b1964547a26704eb6a15ed7956b0b1529bf423f4f634d63413,c152057a756901cda65a96e7a63219e50a8f67bff48767c17116501fbc4a7870,40950,32760,faf696dd,39e6fe0a,True,-1000000,0,0,0,0,False,False,{},{},[],[]
matched_manual1010,61,source_on_episode_0,fb83b1357091711012cb1014d40e87ec33270e4cb2b222eff80f21398dab0a3b,ca68c3ab8f759566c800ae790b14547d1076222668278960b58be32b9fad9118,40950,32760,77cfcefd,856d6aca,True,-1000000,0,0,0,0,False,False,{},{},[],[]
matched_manual1010,62,source_on_episode_0,00f0b10af8d35056894a72b7715945b4c8d9aea3973a07938abbfbc117173c7c,a94e4430ee092d2f9f4c7896712f7664706723b520f1f6739dc26cc07cdc2683,40950,32760,6cd832c6,e6873f12,True,-1000000,0,0,0,0,False,False,{},{},[],[]
matched_manual1010,63,source_on_episode_0,04c0c63fadb02c25f6f748e6be7901b02619199244b98cb69ac3c8cf27763be1,66cd354b160901f06829dfdcc84b971266786e4103cbdd9977608565132b1ea8,40950,32760,40f51bea,65782ae7,True,-1000000,0,0,0,0,False,False,{},{},[],[]
matched_manual1010,64,source_on_episode_0,5c8969766329d45e9a6c0599634d0c24e6f35d2d62cc10f5449e75e781f16895,b08af2b60286416d9fd96e61dae40be8c9fb47fe0c79c39d267c96ad32917490,40950,32760,c9c786ca,451c3423,True,-1000000,0,0,0,0,False,False,{},{},[],[]
matched_manual1010,65,source_on_episode_0,f36135e9db45a4f90602dc32d3d640a014e562768fcdcc8dd5bf7bbda945f4c0,d38dae145191fbab58d26dbb375fa724076051103735ccfef1ab5a5158f0ffeb,40950,32760,8d5a442e,17907572,True,-1000000,0,0,0,0,False,False,{},{},[],[]
matched_manual1010,66,source_on_episode_0,c8ad2456cfe50fe85dff124e6e6e7f410f53772e9e62dbdcc724e5439a1be5d2,606bcee49ccec16e7b1925559c7dcc8c8a60782b0d0073485696cd668a8f404e,40950,32760,a4a22e19,dcae9aac,True,-1000000,0,0,0,0,False,False,{},{},[],[]
matched_manual1010,67,source_on_episode_0,b57a3fee08c22fa85735078e88c17046c02d2a092d87bd8653b6eedc58473b82,dae493412687ce00d18c2963ac9d0126d6fc9a7d2a4ffc5eea0cec700bdb9516,40950,32760,908edda6,ffad3d60,True,-1000000,0,0,0,0,False,False,{},{},[],[]
matched_manual1010,68,source_on_episode_0,029c87d5239236302893fdb47f0d699fc387f6a800a3e76f84f741fb3734cb7b,430bdf0e2413c92f919bcf4c5e0caecd2c284debd764ece5a7eb9ace0439cf37,40950,32760,8ae5579b,2ae55eac,True,-1000000,0,0,0,0,False,False,{},{},[],[]
matched_manual1010,69,source_on_episode_0,2359b7917c56a5813bdbf3a4a1dc152929edbc5c0c64b310326c6858a3d74924,6abdfd7bd9bc6f6d2a059ecca072a454715c18a88b58c7c732309b9701240d58,40950,32760,ac2f7ea8,5b1285d2,True,-1000000,0,0,0,0,False,False,{},{},[],[]
matched_manual1010,70,source_on_episode_0,326455b660d2199db68517e04e41f73b7e4daafaffdb2fc7bdda1925b4e73a62,e50a571b20435986b418c5f9351d6b726a80c99ecb15162ae9de3cbf3b8419b7,40950,32760,ef1d22eb,f9b17950,True,-1000000,0,0,0,0,False,False,{},{},[],[]
matched_manual1010,71,source_on_episode_0,99e59319e56a8e666eefee9e6d058960418b5fb5d210ed2f59099fcbc516507d,fb10105f450842efa2e394fbd7c4ae24af561a57ea0043dd88176eaf400f8853,40950,32760,e680db89,30cae7f1,True,-1000000,0,0,0,0,False,False,{},{},[],[]
matched_manual1010,72,source_on_episode_0,d15c0a3f1d3a98e182025238f5e598cad32b8ee260c1117aac9ee07e56fd22bc,08247e40cf2cbcfacec895ddc32ff90eb05b8bb08d042e61b57ccbbe324858f5,40950,32760,869832d6,537df40e,True,-1000000,0,0,0,0,False,False,{},{},[],[]
matched_manual1010,73,source_on_episode_0,bafd8a9e150a25e6c6892df9f31d1bf9997624955d3b3307696b5de705ef9f91,6478d99753d7836c37004ee0179df6428465e58996eba5daf04d1067c4685ec4,40950,32760,84b350df,d98a1f63,True,-1000000,0,0,0,0,False,False,{},{},[],[]
matched_manual1010,74,source_on_episode_0,f19dcbe2604d7cdee6fe655fa15c0839b566011a5b91ffb181d4abdbd90ca709,ca7cd60b2e9b27d7ebc7fe91f17143478729a7e01927ccc73af05c01ac5111b6,40950,32760,030b97f8,ccc14478,True,-1000000,0,0,0,0,False,False,{},{},[],[]
matched_manual1010,75,source_on_episode_0,0b054217f654c2502c2938e443a7faf0a41bf98e438196ce578a59324c1b822e,5f0e8be4f0821aec2f1cb24f0215913749f381964eba46f9cda933c95ee254eb,40950,32760,45bdc28f,1e33307d,True,-1000000,0,0,0,0,False,False,{},{},[],[]
matched_manual1010,76,source_on_episode_0,a2baab68efd5c268b7c9cd0c3c5072395cd8ac19b9d14d6d01362413ad83da77,26e70a86ffbd3a6054fa5b886343aec5927001a128d5e6a400231e1d6984d01b,40950,32760,74472170,c55f945c,True,-1000000,0,0,0,0,False,False,{},{},[],[]
matched_manual1010,77,source_on_episode_0,8ae31598435baa11a7042fe10c9654684b0f9902a5343e38c357c974fdd88bc7,8a88966843324a5d1edafec7fb9189a32ae14cbf2c606506591d3cd47371e1fb,40950,32760,91e75c1f,8ed0b7ef,True,-1000000,0,0,0,0,False,False,{},{},[],[]
matched_manual1010,78,source_on_episode_0,07656bbfdead2fa1863049ca7dbd7d1577922c5b57f1028366ae49f875ee8ffe,b5e57d0996fc69f1e4798bb4753a6ed7f93124a1100a3d655a2443ca650bb34e,40950,32760,5c4b63b5,115720a4,True,-1000000,0,0,0,0,False,False,{},{},[],[]
matched_manual1010,79,source_on_episode_0,2465c0c09e95d6f34264c14204bdabac69ee75e01afcd0a4179067d014cc2c42,402f2b1a3ec20821edb1eb2c0f8e5df734555cdea5635b0721897af848a72e5f,40950,32760,5830baf2,a5109e90,True,-1000000,0,0,0,0,False,False,{},{},[],[]
matched_manual1010,80,source_on_episode_0,9c9dcec21eaa3a5fe93a3b062763716a84fa0352d3f8ee7f584c04f62c57d930,b3fcd1a8fe22b52f0deb84313ac6ee4f27fd0ef2a1d9945456ce775e383348f6,40950,32760,5874225f,302f375d,True,-1000000,0,0,0,0,False,False,{},{},[],[]
matched_manual1010,81,source_on_episode_0,dc67d26f2c5fde7f26d493054d48a82642266a526e4d3d41a2677c9416735638,6896d1d706b776937e03b3153161eff7e4fcd156649808cbdd963152483a613b,40950,32760,abb0c7b0,200fe0ac,True,-1000000,0,0,0,0,False,False,{},{},[],[]
matched_manual1010,82,source_on_episode_0,6163080ec36a561e1b76826227a266a7b382aef9ef3282e22f807cbed84d4e3b,33cef3cb429453c111f50e306fee6e9d5af40688b9d0f9096d7b5c65ca7c20f5,40950,32760,187fe08e,5f5e09f7,True,-1000000,0,0,0,0,False,False,{},{},[],[]
matched_manual1010,83,source_on_episode_0,88f962811c5fe52517be1d5a182dfd444de59ce0fe1c6fe45b940ae228bff2e1,cf2c65dea8fd49afbdff7d972090872920f7f71e0d6ceb61b76374b26e982451,40950,32760,c6cd5701,b652172a,True,-1000000,0,0,0,0,False,False,{},{},[],[]
matched_manual1010,84,source_on_episode_0,bcb0648753f7de8c96b66bd23dec2d1c297c530fef3a9ad178108289c56e8715,4ba045132610cfe3251810908f3e45ec57895b5dad2a4e3b770221673c6da32f,40950,32760,62684b42,8ceb4523,True,-1000000,0,0,0,0,False,False,{},{},[],[]
matched_manual1010,85,source_on_episode_0,fe5842f3281b482e021f87af28c7b2154c665826d5ef1d812cd0b86e325e5d0a,43c2bb740af5cf8d3acee8a3ab1b6ae0341dfeb13ac33470476104da76db7ed1,40950,32760,30ba4cff,56fada6c,True,-1000000,0,0,0,0,False,False,{},{},[],[]
matched_manual1010,86,source_on_episode_0,bd7c6cc91687a766b8fe21671653aff1b17d5e9338e34c77d7803e8536c90b21,cd85062d9b616221dd5e3e30810a4e4126c02a9c871bbf2a3a823e7c114f20ba,40950,32760,c2720a4f,e43a47a5,True,-1000000,0,0,0,0,False,False,{},{},[],[]
matched_manual1010,87,source_on_episode_0,47b170c10938c38a524bc86a6dd920b2225151c29fb66005de4fbdb11b545780,32e787470dd05c4267fd489a373afdc0ac11528f1ddc9255ab2f7d9fc827a80a,40950,32760,a74138ac,134fd34a,True,-1000000,0,0,0,0,False,False,{},{},[],[]
matched_manual1010,88,source_on_episode_0,f861ec281e28af18afc5a281dd675e968d55a73313142e42ce47dd9a6679af0a,3572e449c406c8e07ea6337ab4dcf013e86b23d0996c40642f3f3a9d5ebc758a,40950,32760,499acdd4,693fd4a1,True,-1000000,0,0,0,0,False,False,{},{},[],[]
matched_manual1010,89,source_on_episode_0,e4f5ee1d02027a5c8b17f288f6c526cc139a31a917469ac78c2d35201688c92b,9eb343c805a17314a5db65b1e811c33602543498ae0fbe2cdf220d3cdade00b0,40950,32760,b8ead358,777b31cb,True,-1000000,0,0,0,0,False,False,{},{},[],[]
matched_manual1010,90,source_on_episode_0,5cd12d2dfad138997d1bc88406dfe3b508cd144c26d1baa18cbb4135fda114a6,c2c46e477c07850c829ae8d7d2eab69e8147cf95afb022db22b271d8226453be,40950,32760,732fc09e,4f3449a2,True,-1000000,0,0,0,0,False,False,{},{},[],[]
matched_manual1010,91,source_on_episode_0,e020253521fbd01a93bcfa3975ab1ed72541cbb5312158e7cdaa0712c8375cbe,bb0504f9191c5316d3d528bf65e7671edfe40796bcbfe60cb637fbcc714948c8,40950,32760,ead902cb,2b969b63,True,-1000000,0,0,0,0,False,False,{},{},[],[]
matched_manual1010,92,source_on_episode_0,57ba37e8eb43ae877ee0a31dea1a3dd91f7303553f9e9089d748c5699adfa53f,ad0ca5971209af303420aabe780ca3701667bb0d79af6dea0af1fcff9eb1ebc6,40950,32760,3cfa1496,6393aef3,True,-1000000,0,0,0,0,False,False,{},{},[],[]
matched_manual1010,93,source_on_episode_0,7825e733bb491b5ff247f8d9301e1fefbf81ab63a2d9757d6ff1f4e61e0a7259,08fdea30566d6c9a5753e640faa8ac4a7251d40fc18a8e377d55902071bcfb54,40950,32760,d8490faa,43d48962,True,-1000000,0,0,0,0,False,False,{},{},[],[]
matched_manual1010,94,source_on_episode_0,1b37c7f30d760740fc0634e73d55bb0d8375d7a10ecc795db976f07c917a2653,ba671ea69d7e460128584a7bfee9e8befa94f072bdcb4f01fe079c246e3c74c9,40950,32760,4cac60f4,bce2efbd,True,-1000000,0,0,0,0,False,False,{},{},[],[]
matched_manual1010,95,source_on_episode_0,f0d89edc81657d384dcf991b78cc6f09dd5842d0fad2f3b8e10b802f61b344da,345246b7764a4995c5e4665c718c9173addbe6f969330cf0e54bc623af325415,40950,32760,ac32f994,6c2973ef,True,-1000000,0,0,0,0,False,False,{},{},[],[]
matched_manual1010,96,source_on_episode_0,dbffffa6e52172186d783fe522f6f513d5ae7bd8d6a32a2d9f4edb0e5efcd99a,13b39305e22f890c4e8275be2122d1087c7b85893e097551a1cd85a85ae39f00,40950,32760,c37d88a3,054a83e4,True,-1000000,0,0,0,0,False,False,{},{},[],[]
matched_manual1010,97,source_on_episode_0,37475bd1240c635d736e0ab5761155176f2e4a1bd9d7435ac16f5e7decdd2ffb,d64b24de52ba52345ea3b2416449fd397b87cf116a9d35d8115ad23f31490bcb,40950,32760,0b5fa35b,38295fff,True,-1000000,0,0,0,0,False,False,{},{},[],[]
matched_manual1010,98,source_on_episode_0,da915a0f6185cffb1de9b62a4b248ce2a840ffa41c8e7277de110a9352db89bb,f15bcdcc549a091b225f169a0e005fe5dde475e7c2f6f192762d6e2faead0fb1,40950,32760,ccbb8c9d,33e571fd,True,-1000000,0,0,0,0,False,False,{},{},[],[]
matched_manual1010,99,source_on_episode_0,0f47826ffe86b112385fb96ed75d12b1132384430d74620ff40305aa1acc588d,5e5916250f1facab013d4287472f6225825a53c9ceda5a3d2b1873a7913e0d40,40950,32760,35749bb1,75a8ef9d,True,-1000000,0,0,0,0,False,False,{},{},[],[]
matched_manual1010,100,source_on_episode_0,53aacb3ec85426242349f1c93d64da07aa256f71843f19d0009a5aa34ef87584,889dc432b32d001ff25b70ab0e34fab99ade0ec677964eb94b8b35c116d01900,40950,32760,743b2f8c,b8a6e735,True,-1000000,0,0,0,0,False,False,"{""crc_failed"": 1}","{""crc_failed"": 1}",[],[]
matched_manual1010,101,source_on_episode_0,3639b8ede8f522f7b07426e0ca848e863d3ba67302b16ecc733e806815a487d7,55fe5add443e616372b993938ab8ee869f0c3090269eb4b1f0fdf0edf4770fef,40950,32760,8b596d05,5437c605,True,-1000000,0,0,0,0,False,False,{},{},[],[]
matched_manual1010,102,source_on_episode_0,510de0e2976bb873fbce7e683a67c0e12d15a9ec1d458ca56c9ef0741c2adcb6,41ee957cde49fbdbf89aef959748faa449b5f880755b6c72537ea25531b8cc33,40950,32760,353c9cb7,1f0819c4,True,-1000000,0,0,0,0,False,False,{},{},[],[]
matched_manual1010,103,source_on_episode_0,42131f9177bc7c8bb53340433e4fa393533b68e5e6959424fb21be46d7f85944,7dfc6ce02ca1552984de057aa3218271ac682eddf132a43aee35f20340dc8587,40950,32760,3dcf17b8,3e1baecf,True,-1000000,0,0,0,0,False,False,{},{},[],[]
matched_manual1010,104,source_on_episode_0,18f9ea30f44f9dad38fa88aee7cd9ddbd41cf6faac627a152fdc9d077dc71e62,e9e986034f8765d4803577974630a660e13825414ec7a60dff1092079dba49e6,40950,32760,1d4825de,b2ffb710,True,-1000000,0,0,0,0,False,False,{},{},[],[]
matched_manual1010,105,source_on_episode_0,81f6ede46b72173f5dbfd63eb0b7a457f9d4c5a12d88b13701b8c0e022600d62,9adab38e540f261749d58dd707d8be1e2286c3d0b93002e0a937b8f5cff3e9fc,40950,32760,6198a3d8,e5fe97e9,True,-1000000,0,0,0,0,False,False,{},{},[],[]
matched_manual1010,106,source_on_episode_0,8cff91e552681bef3e12f3e0495d64f430d59f98d43fd0a40060d4191d4f7c2b,cdb547aa391efdcb83132e05367228bfb9d9e1d5a42d3412eee6330fbb818103,40950,32760,b496494e,9437fa7f,True,-1000000,0,0,0,0,False,False,{},{},[],[]
matched_manual1010,107,source_on_episode_0,c9015b9574bb35b282c8a53ae96a0379e5a90f0477fe0e392c877a2d0f09cdbc,e1388686f6971c9bb20f3da49d8c6500c316f5b8b22e469aeeea74982b522564,40950,32760,ecc16ae8,0f87a0d9,True,-1000000,0,0,0,0,False,False,{},{},[],[]
matched_manual1010,108,source_on_episode_0,5292120b6deccf6eed59a1bdcdcda992f42721cdb80ed049f3cbbd2fed04f1da,685d3d9dea6b787ad8b247850af413b3d3db7d5d7288e413876cb2bac4981337,40950,32760,18053c09,90e27c9e,True,-1000000,0,0,0,0,False,False,{},{},[],[]
matched_manual1010,109,source_on_episode_0,8f2e1f3920db19383e28be90e2cdceb0bbb9a8fa01fe0c71a266e1af6380e275,4cb340f0fbba4301288bf46df7d67eecef467b122175f88795127cdb93c9c871,40950,32760,a8ebafc0,f2911828,True,-1000000,0,0,0,0,False,False,{},{},[],[]
matched_manual1010,110,source_on_episode_0,1a53fa2429c8a9963a2c9ef6d69e2e94d741abf3febd5923b9a5bad508734b34,61b8fcb0787fab138077fa8c0cd96a190bf153a6ab07074b5e0830f46409eaf9,40950,32760,3704df29,6196b22f,True,-1000000,0,0,0,0,False,False,{},{},[],[]
matched_manual1010,111,source_on_episode_0,faf1097493ca16afc5fcb8cf0e87e96728bfbadb072057d6caef032039171f12,3139cc23ae9fa80e7983899af4255be15a81237f622314a1b36d4664cfd3e913,40950,32760,1a048000,1f8f29d9,True,-1000000,0,0,0,0,False,False,{},{},[],[]
matched_manual1010,112,source_on_episode_0,aa058b22fc3378d4a79180cff46750e48545f33fa5f59d7a030e89efaaa1735b,c016193fc4e84f5e142dfbac95b692e3bc62d3d947b33d702cddbc1ff5eee8dc,40950,32760,9c6b0eea,87ca3f55,True,-1000000,0,0,0,0,False,False,{},{},[],[]
matched_manual1010,113,source_on_episode_0,02fb3a12b451f7f6aada57eac42d4e0c9050a8518984862ba87424dbe478b1b0,48adf0c455177b432c78a1940052fbbcab1c3dee176d87b3e90f97b742709856,40950,32760,0434413c,88511486,True,-1000000,0,0,0,0,False,False,{},{},[],[]
matched_manual1010,114,source_on_episode_0,6f5843347b6510ed1b26ce1c2755a5a3805a3110dfc4d05911c89b99a29be36d,76d12e069544c80033361a36ce9e2ddc3d5cbdab9ab02cbde0b3db1e5687e0d3,40950,32760,b2f90fd0,383d33aa,True,-1000000,0,0,0,0,False,False,{},{},[],[]
matched_manual1010,115,source_on_episode_0,bd9d90e0b39b2a9322cd4b094f48b54b5a0847ae07726deb4c7f50d54d792bc9,3f2f7b08571ba7b1e1b82e02d9502df956f93c66cf2ee59bb8b0a4e82993a8f3,40950,32760,f564acbe,cc14a38a,True,-1000000,0,0,0,0,False,False,{},{},[],[]
matched_manual1010,116,source_on_episode_0,38d5b7833cb1a1d54fffbc05434256208cc276df688078c64b231b7df49feca5,8c0c35db49a5d2e3b067301692a42a2f4587131fd9f05b8fe3ec5898128cf605,40950,32760,6a734e1d,2c571f5f,True,-1000000,0,0,0,0,False,False,{},{},[],[]
matched_manual1010,117,source_on_episode_0,63c145cef60a9b2eac9e28f5c624919e638969263e8d292574c243d7bb034a3b,6b7651fd7ff0f6672ccb5f357ceedd3e02bafd430f79190013f6d62887021a04,40950,32760,4eeb4ecb,3835b997,True,-1000000,0,0,0,0,False,False,{},{},[],[]
matched_manual1010,118,source_on_episode_0,fdb3aaabb07564c5cc7e9e979afe81af91ebd01afe37f084d2ad3a6299260eb8,0adb86ae82d7b6465f02fd655fa34f723bba4a69bbb4f60772d1cb67c45627e7,40950,32760,f8d8dd61,068b0ac1,True,-1000000,0,0,0,0,False,False,{},{},[],[]
matched_manual1010,119,source_on_episode_0,29b5a1c035a49e566308bc77378862f772201f471ffb2881e5671801556fe7e2,e5c6e24327c604cf7d6af82c1d6f8e48027e97c789f4cff9cbb4752ac08d36f1,40950,32760,d199869f,1fa3913d,True,-1000000,0,0,0,0,False,False,{},{},[],[]
matched_manual1010,120,source_on_episode_0,b0f104fdb15b1d90971966d11de69eccc4b61d6f69d790446a50f7f9cd3f7aa9,9a48e007f74eede751fab37d1ce83c8f79b4efeb5add6e141414258f75b70b1d,40950,32760,cf70dc00,f622e923,True,-1000000,0,0,0,0,False,False,{},{},[],[]
matched_manual1010,121,source_on_episode_0,5c88ad1e4e75ad6ed9c4d6d8495db834a6b6b04fa5cb158a5c4a56010c315f5d,7991f002ed120dc48fcb3bb3d1a1c91fcbc80c86cee61a0482b22d887f9aabbf,40950,32760,94094783,6096ef8e,True,-1000000,0,0,0,0,False,False,{},{},[],[]
matched_manual1010,122,source_on_episode_0,7b01348a63672246076ddb04d2b0b69b042917a46a0ad4495d6f9a618c99b9b4,17e8fac4b23c78a2e4ec6106798b12456044901975f26bae7b739547225ff64b,40950,32760,e88f449c,a48dc04e,True,-1000000,0,0,0,0,False,False,{},{},[],[]
matched_manual1010,123,source_on_episode_0,79ba8a3ab244ad425349de1af0e60c3182c74a8413742cfdea1738650281aa6a,1d07c3ff7c7e8a1b473d7bb5d2c0ac44b9084a58a9fa2fe7c57608e6c1c9979f,40950,32760,383670e0,2cee5263,True,-1000000,0,0,0,0,False,False,{},{},[],[]
matched_manual1010,124,source_on_episode_0,aabcddfc51b2fd2e03101dacafbc6dabc1c3410e14621fe2d34bafb7e8863c39,c1c896c64937f5e117695163f9c4d718feebf2a2c63ef1fba497804f449278da,40950,32760,7526df8e,50cf536c,True,-1000000,0,0,0,0,False,False,{},{},[],[]
matched_manual1010,125,source_on_episode_0,306c852c98bb88ee509d314c818f78360b33a9b4414dd9f4172e3ef60398143b,0756076ea01076a7523a446c2f7aa3edc2d347e4b98b014d2d3958e7db1cf1cc,40950,32760,c9e69720,eb5cfe78,True,-1000000,0,0,0,0,False,False,{},{},[],[]
matched_manual1010,126,source_on_episode_0,05e53a548b449ab5554be645973fc67cdea0e1169bf755736a07c08143b84d48,7b93a2c696c9988db526d70e0b5801af67d9e9fcfc45332d69bed5e4d7a09916,40950,32760,178d61da,418ef7aa,True,-1000000,0,0,0,0,False,False,"{""crc_failed"": 1}","{""crc_failed"": 1}",[],[]
matched_manual1010,127,source_on_episode_0,b25a7429bd5ad23415dde0a0ade8516963c1c05ca0549336d8a28c4b2b2deec4,ee2233be9ba1b9bebdfb570d5df2cac0e0c6341dbfe77909a8ebd177db9d0a8f,40950,32760,33c132b8,d664b017,True,-1000000,0,0,0,0,False,False,"{""crc_failed"": 1}","{""crc_failed"": 1}",[],[]
matched_manual1010,128,source_on_episode_0,c5473f53328fc8bd4173943a40e72f72454411b211c1b7ad3f44695eef85ca11,40e7b6bb1aeb03733869f2908ef83fa1054c13d416931dd106acf615f156d19e,40950,32760,3d68709a,e3c7d40e,True,-1000000,0,0,0,0,False,False,{},{},[],[]
matched_manual1010,129,source_on_episode_0,bf021ff207d7d14ac9de5da50ba1d58de295489c69985ce3fab89ba5bc539379,4840f19c6a587c91d8a057b6fc3a1a8c4faae6429cf3da497f546743e8452987,40950,32760,18220f9a,bbc04388,True,-1000000,0,0,0,0,False,False,{},{},[],[]
matched_manual1010,130,source_on_episode_0,c278f3d4ecc89cde37550d00efca29b086b3ad85c3b71519fdeebd1e82c59fa3,d04458cf757fb85154f9365723a91fbf81d0f87f1805bca5b37e665131701c91,40950,32760,677a4284,5ff38d21,True,-1000000,0,0,0,0,False,False,{},{},[],[]
matched_manual1010,131,source_on_episode_0,4ece1038b9aea7d258e368fe188ea4a2996d630169ed53b03fbb5092f5e5113a,9628e15d3953f9abcdd84c77fab5ced172478c40733e757796a2a87ed7e3a584,40950,32760,f9eef0a8,fd6be583,True,-1000000,0,0,0,0,False,False,{},{},[],[]
matched_manual1010,132,source_on_episode_0,5fe9a2059d02a29b966ca6e4408abc820867e98baea5d9f89e03452b4de11971,bef317f01fa3e990521da4fdb8bfe015e107be778e934a14042dd9f01b56ae30,40950,32760,4353a7d3,5fb3555c,True,-1000000,0,0,0,0,False,False,{},{},[],[]
matched_manual1010,133,source_on_episode_0,fb38942cd87b02b8b00b353f5e2a5a680b10ac248d6e8cbdeb53f092ff1d3ee5,ea8096dd87731b0d07d35728de34fe8fed8b9e2f989a3d4946043464f9e2efad,40950,32760,64e970ab,65fcfc97,True,-1000000,0,0,0,0,False,False,{},{},[],[]
matched_manual1010,134,source_on_episode_0,359277a2733db9ef4be785865e8e45285acdf2500f50d6c9abc8a704b1e8705b,b74a8d212588309b1fbd2906ad1b9aa9c48abc9ad99ebbd4ef950099ab3c762e,40950,32760,89de01e0,0fdd8225,True,-1000000,0,0,0,0,False,False,{},{},[],[]
matched_manual1010,135,source_on_episode_0,751b77f3d3d8f684c79f42bdbb334592af7ee248ef42ad54662bfc47dcfa8018,f97bd01c8c750d05802ed405af485ece950e0afc7da0fe9a18b59574a684abff,40950,32760,5da84785,cb3192c4,True,-1000000,0,0,0,0,False,False,"{""crc_failed"": 1}","{""crc_failed"": 1}",[],[]
matched_manual1010,136,source_on_episode_0,8f225e6d32ea8b58103a60518b46d7904a016e29a12a4ed4de79aba6582833bb,53d5360433353c45a325cc4c4130cc6954383b553b864bc9ae31d4e1324fc3a3,40950,32760,6409deae,5a5ecd78,True,-1000000,0,0,0,0,False,False,{},{},[],[]
matched_manual1010,137,source_on_episode_0,db2af34ca5ab1c3571b1a1782a76185b828848e5c25f301cd9d685a6e7fa5bb5,f71470439863ba4cc9c53e899951445504b3af800081d56c2c9c628ef7a997ab,40950,32760,ae665289,0008abf6,True,-1000000,0,0,0,0,False,False,{},{},[],[]
matched_manual1010,138,source_on_episode_0,62c94dee901bf9c228e7a0137e7d24b4cf84c478d384463737228eab6dcbf0bd,1ccb720166c8fa11eeb93e5070a3a750239bec7b320be02a07229df4d915b835,40950,32760,1328feb4,8c664058,True,-1000000,0,0,0,0,False,False,{},{},[],[]
matched_manual1010,139,source_on_episode_0,be88484d4bc160fea79b94dd247dedbf886ca8c921d3866309532ae7536c86b6,88dcfe6b16806083ad127b6c282fd48456a1698dd8a08eacfdddac68f34d1d0a,40950,32760,241f1b97,926ad452,True,-1000000,0,0,0,0,False,False,{},{},[],[]
matched_manual1010,140,source_on_episode_0,b4a20e0151eb4b9f3a51b308b3f69fda5bae6e8ea31ce5286dce4295368167b8,7b2fa9392e6e490645f755d97122ffe51053463168ba8de53dd614f7f1c06ee8,40950,32760,0a8e1217,42b6e67c,True,-1000000,0,0,0,0,False,False,{},{},[],[]
matched_manual1010,141,source_on_episode_0,03c9b4edb030257cc307cd42c7a2c19b7fbf2eaf48bea7f091b8be993f3770bd,d8795cd49f49b2053a23098f9ac5c684fd4e0e6da87a13e73ee7f2666a46a565,40950,32760,380339fb,bb202e75,True,-1000000,0,0,0,0,False,False,{},{},[],[]
matched_manual1010,142,source_on_episode_0,6a58baccf9e52205ea5b04cf8a841cfcee5493785c650dc0a9b96e772b1ca0d3,431e3234f98100fde60adc5b96a0c18688ce0ff7287bda1ef17554336f675027,40950,32760,7ea73710,8c04a5db,True,-1000000,0,0,0,0,False,False,{},{},[],[]
matched_manual1010,143,source_on_episode_0,c159d8718ba3c171f9439e4670f83ffb96f35bd870d5fd11df493931c51b8ce3,19d3405c237943fbc78c8446f741d69e0be3f488083782f174615b91223c3baf,40950,32760,e262e5a1,cfbcf8a4,True,-1000000,0,0,0,0,False,False,{},{},[],[]
matched_manual1010,144,source_on_episode_0,ee1e9a6a6438deb6cf3123b7566ff4450a0f121e2c6680f3c7e1aa34337572d6,e28610170a4bc910451e8a6529860e04eb22ef7794c79c47e03d639e09ca83df,40950,32760,f68de1ae,5b06cd47,True,-1000000,0,0,0,0,False,False,{},{},[],[]
matched_manual1010,145,source_on_episode_0,aaaa67828d94655f2b9948ca98baa0eceebcf61c021f2383a6bc629cbeec0d7c,afb08cc697a9f7a01b5eb760d3243a5f0ac2ec5af271b7233645d1532a6174d0,40950,32760,f0c254bf,ecc72c48,True,-1000000,0,0,0,0,False,False,{},{},[],[]
matched_manual1010,146,source_on_episode_0,047dba8c67889b4a7e1ca8e05cea6d11e0eb204749ff438fe2c08db3b4d8ed38,e73e6bf45a6233a327042ba9fb5713ef52021678024967dce3442089002e6c03,40950,32760,a09b9801,5f7acb58,True,-1000000,0,0,0,0,False,False,{},{},[],[]
matched_manual1010,147,source_on_episode_0,9868302aeacbf702cce129ee650a1f5783a5bc90716d0175d39d2fc28eaabde6,7bcfa2a15cdc65d63b484b46e00275c01cd481a71a6bfa5d5da8349dc71e990f,40950,32760,11022a95,a8bdd951,True,-1000000,0,0,0,0,False,False,{},{},[],[]
matched_manual1010,148,source_on_episode_0,75c918a91f5e38a7b5ac9389c393613870a0f472cc8bdc75741a350a577df01a,06ac8e169ea05f6820cc1250e4da6f903e342d739ffb3ee89bbdba21e095c5de,40950,32760,43c5bbcd,d976ed50,True,-1000000,0,0,0,0,False,False,{},{},[],[]
matched_manual1010,149,source_on_episode_0,fa66583cc0627f97ffd74aa04383db00b1a9f7ffb3b31eae81e8ba5657331d88,94c203a439e8acf994d0d74d757a379f9a2e1eed73a8e148dc9f6c5e534289de,40950,32760,df2889c4,b5576e44,True,-1000000,0,0,0,0,False,False,{},{},[],[]
matched_manual1010,150,source_on_episode_0,7d0331f642181067630434ca0924c12f74400b6015d6b02ea6d314c84fca785f,09c9ff553c2674b4e349df01db4641287aba496ed7587ace5f308cd705b2dddc,40950,32760,7f2a1012,aeef6740,True,-1000000,0,0,0,0,False,False,{},{},[],[]
matched_manual1010,151,source_on_episode_0,a106075539067590f86a5358bd4c0d896fa47c146988cdb006351d14caa34dab,3693e38e65da7777ce4c35e63458335939883bd98a344d3ecf018aa9c764b0af,40950,32760,30fadad6,2bb24d6a,True,-1000000,0,0,0,0,False,False,{},{},[],[]
matched_manual1010,152,source_on_episode_0,b253992350b877c76c25ebcca0fc00e1121a662c401658921565b41e77db5862,803b8501114f16c2db7e28fde8c55bc4ea6b1b46e92dabca240f0ef5891b3d73,40950,32760,85e915fd,26f54b0d,True,-1000000,0,0,0,0,False,False,{},{},[],[]
matched_manual1010,153,source_on_episode_0,78372d9a3f17ce5750a85f8a942180bd1ef539e912e8735d77639cd5eab7232c,b9b5597b6922e52673f99bced6524dd299d3cab26626e533d713bbc96da89665,40950,32760,5d9dbfd6,a63cf81f,True,-1000000,0,0,0,0,False,False,{},{},[],[]
matched_manual1010,154,source_on_episode_0,e885d9076f5a255165657a03758801d6f49e43a5e97a7e251ee9daf731e473ca,4ef55f3aa23338d58d42fc9554a986e243ed3a70c5d3250ae1d64f816d168f11,40950,32760,63e231bd,91fbdaa0,True,-1000000,0,0,0,0,False,False,{},{},[],[]
matched_manual1010,155,source_on_episode_0,f25b19df8016d7c40541a6d7539e56cd4549fe6e0a8afa2f9f0a569a369757fe,113cc251e7e06d997d095c50da5e5ecb9c16c2530de31c07d6f0b3e7fb541c2a,40950,32760,58569c8f,7059077c,True,-1000000,0,0,0,0,False,False,{},{},[],[]
matched_manual1010,156,source_on_episode_0,364d6ad9ccfddb1d706cf50ef722c82046b6e7e549a0b82b874866542ade8d31,fc72263627c39deb701d3385d6b3c042df0258de60a379a5f553f91dc57b0ad9,40950,32760,3da70597,82ced37a,True,-1000000,0,0,0,0,False,False,{},{},[],[]
matched_manual1010,157,source_on_episode_0,43e290e2e0f36ecad47cbdfff0833554a42917304dfbc5ce4bfdc278dc50da44,ba566030a693623eab70644702e3211f4cee764166b221fa93a37203a7b9a1e4,40950,32760,6b1035c0,0bdecad9,True,-1000000,0,0,0,0,False,False,{},{},[],[]
matched_manual1010,158,source_on_episode_0,e67026af9703ecd7ec9428d031700ea2624048970fc55b14fd4ba2bab88c5f7b,cfa6245b73d07038fc14b78b17316f6d1ce659bc14f6d8c5f006379a263fd1ba,40950,32760,677db2a9,71196e8f,True,-1000000,0,0,0,0,False,False,{},{},[],[]
matched_manual1010,159,source_on_episode_0,80bb633111f8f6b567e115b13396ffe9978c1e915d9cc0732ea648ee14edaf76,c73feda8d196232736cfaee9c07c6e1515ca3658ff5d9c8925d6a02058a59cef,40950,32760,69619099,d6407f25,True,-1000000,0,0,0,0,False,False,{},{},[],[]
matched_manual1010,160,source_on_episode_0,e177d189dabe781c8b1cc6f47afd471de07562e8f3504d46ae682e2392430d7e,0714cadbdf2ebcda8ddb723236604f68c5c3acbe5a52631594a8daa4949c5ce2,40950,32760,cda48b3a,c81cf8e7,True,-1000000,0,0,0,0,False,False,{},{},[],[]
matched_manual1010,161,source_on_episode_0,7e233304267296dd25aab7c2a254cb34e7b65209202580213325a30940cc6a97,dd1a07caa50e8debcf0d4fac13a6c78aee64e9e76f1747390c0a24db0dd7fd50,40950,32760,ff465397,5fae1b75,True,-1000000,0,0,0,0,False,False,{},{},[],[]
matched_manual1010,162,source_on_episode_0,ad28924307e11fe8b835964beb7e23f5ae71b21725133fabf042c1006ff108fb,df3ecb1ceb4462c88e78a2dd3a31c960415b81b48fcca86005db7a9be4d3cc13,40950,32760,fe49e3ad,7d5ff153,True,-1000000,0,0,0,0,False,False,"{""crc_failed"": 1}","{""crc_failed"": 1}",[],[]
matched_manual1010,163,source_on_episode_0,6674ce796ed0053a6b5672cdab72184030c33b0ad051f40f857bc7b3e7091718,42a3a73f640430fa51c5374ce53f5ad998bf5c47dc41983742ebaaca8f9b928e,40950,32760,e59423e4,11d7a4b3,True,-1000000,0,0,0,0,False,False,{},{},[],[]
matched_manual1010,164,source_on_episode_0,68f36c889c5fbf74cf0b4995415c878ff6d2d8b5b33a3bfe5510589aeb42dce8,713617c9303bc8c6b3c58de111a852b1003d5848537fd12239c1ad43f4f5d4b2,40950,32760,42e54665,e01278ae,True,-1000000,0,0,0,0,False,False,{},{},[],[]
matched_manual1010,165,source_on_episode_0,3f48d5abd7ce3efe058670c9950336d36bca93496c138779578f6fa026db68ab,38fb90a10fec6bf729816fe167eba23674df739db494d2f1b2dcba30e0a4ecd0,40950,32760,b3598817,ab0dfbc1,True,-1000000,0,0,0,0,False,False,{},{},[],[]
matched_manual1010,166,source_on_episode_0,a54a8111709307a55ee192842439f57cdb84c4fc933ccac817da22b3e7ab1b85,d6bac6779b81de2cc4252ba3973c965ccbcb9131edc014c0558a96c60e73e1be,40950,32760,96ed036e,79b91159,True,-1000000,0,0,0,0,False,False,{},{},[],[]
matched_manual1010,167,source_on_episode_0,dab8da3b507a9d94356fd8fa0669fb0e31fe7ee59c27308cb64a87ee36692464,51e4083ef99f5bf6ab8f22077a540a493f3dca0d0a78fa97aed86e4445cbeaac,40950,32760,2e5e8498,3bdb9938,True,-1000000,0,0,0,0,False,False,"{""crc_failed"": 1}","{""crc_failed"": 1}",[],[]
matched_manual1010,168,source_on_episode_0,eb90a11380ce2095fd99a1334f50ebe21ca7c441be6336594bd4447eb3829283,63207c68bec565c7c61ad3f047cf566d66139ccdedc2c52ac6d2a2097119ec15,40950,32760,aa6e10a7,5784e8bb,True,-1000000,0,0,0,0,False,False,{},{},[],[]
matched_manual1010,169,source_on_episode_0,a6b54b4c316e6cfcf6033a5f9fcee21204e6a1ec286cdb87735ece58b3abaf29,a42556036e0fa73e4e8979041c81ba579051a3039b476a7afe5b2c21010bdf55,40950,32760,a405d04c,f99028a3,True,-1000000,0,0,0,0,False,False,{},{},[],[]
matched_manual1010,170,source_on_episode_0,d665a6ad311160d76cd73d04bec3d5979163e8da95220bcbd3f2bbdd37683c6e,ab9ffc536b7a74a5cc0cee2fdedccb5c56977ec87f013cb6d229bc02ec9a2cbd,40950,32760,db63255c,89c5c45c,True,-1000000,0,0,0,0,False,False,{},{},[],[]
matched_manual1010,171,source_on_episode_0,c5b3461721d1cbc81fad56644abb9b245a48c33fb9dbe85939288271ba96b167,593a56c498536d115cd88cef43bdda4775a51d9cc5a9b8dae5c4434997254145,40950,32760,ec8796cb,641e129f,True,-1000000,0,0,0,0,False,False,{},{},[],[]
matched_manual1010,172,source_on_episode_0,7a6a6b72e6af25650cc9488fd16e2e12ab6d1d0cb615de4e7da9984fc3262b8b,fe7b06d98d12eeb550dd023f36f87653e0fdcc670c0679f819d02cf25d19b060,40950,32760,c8df0169,b8018f83,True,-1000000,0,0,0,0,False,False,{},{},[],[]
matched_manual1010,173,source_on_episode_0,5ea0354b8f414a78474cb9b8dccd005047a6f73b47a23293cd3ac1efb4a03662,15852e1b7e43d9741041b0d0a51037afb56637bc9ed09b6667b45e4cbc711848,40950,32760,254a1f9a,1cecb3d9,True,-1000000,0,0,0,0,False,False,{},{},[],[]
matched_manual1010,174,source_on_episode_0,a639dd67f4e9e8c092e26ecd22736216e831144992b853151178436a30f08fa1,4500959721e8fff07cb6bc7ed871c1af4618344e1bf5d3ef31b3461c526b9138,40950,32760,be879838,426c0042,True,-1000000,0,0,0,0,False,False,{},{},[],[]
matched_manual1010,175,source_on_episode_0,70fed9ba740e60d060c6f706e9decb6e93788d633a1a89f65674c4290f48c77b,2c9d4dca6b650ce8afe85fdef794ba1368a4619c863789b2d21f608eaedc7cc1,40950,32760,e3cc7f58,a75dc56a,True,-1000000,0,0,0,0,False,False,{},{},[],[]
matched_manual1010,176,source_on_episode_0,3dd155fe786426e90cd65f6d711a2040d9d7dbb757d1daf12930e023f858c436,965867907a11e78fe402576094f1f1c907a6aef9d95f483a0946d8886e9e6ac0,40950,32760,22eb4b91,2f414144,True,-1000000,0,0,0,0,False,False,{},{},[],[]
matched_manual1010,177,source_on_episode_0,45954b4ff105dffb21375ff545bae842003dda0c230703db7b85c1b7654bcb57,650dd47ea4c8248a18541cbe0c79b2c5dbcbfb2b07b7f728d6a67b1a3c75ddce,40950,32760,d9f04e6d,65dc09ad,True,-1000000,0,0,0,0,False,False,{},{},[],[]
matched_manual1010,178,source_on_episode_0,0cdcc0c4821791ccc9238a6ec2a6cc4eefe4d145d6591cd0b0740998ad4cc99c,73575cf5af63a9db898e280f71c4149f10322f4a326cf6db4754e5fd90cdffac,40950,32760,68946024,9168a68c,True,-1000000,0,0,0,0,False,False,{},{},[],[]
matched_manual1010,179,source_on_episode_0,e347d1244683538d1a789e3053207b7313305428b72039cddea4c03c69edd21d,abbd518855aa754e6ba69c8aca997854ab7395954db59d5b5fcce860e1b02ee9,40950,32760,bdac2488,f588ee8a,True,-1000000,0,0,0,0,False,False,{},{},[],[]
matched_manual1010,180,source_on_episode_0,573cc50435a533a32895067f987694b5599db11dcb8a8ada8554dfb1db04c763,a001d5d3656d6ecac17f5c151c61ba01d2e9ab450328d237a1b748f8535caa89,40950,32760,15e8bbbe,4f707e77,True,-1000000,0,0,0,0,False,False,{},{},[],[]
matched_manual1010,181,source_on_episode_0,a40385e69729de3cd11d496f8b839283a64972db714a83e843a31c1ed70a0dca,851be24fee12a130f4a8c863fb144576173ee5fd0c907fa97c6cb696e972f86b,40950,32760,1407cf38,e51d8ef4,True,-1000000,0,0,0,0,False,False,{},{},[],[]
matched_manual1010,182,source_on_episode_0,983f949b332bf20df51b5284b32012fd9e26254e5241e629ef802848494d762f,c9263344630a00c5a0bc427b74d041b4620cc0a490f3531ac2d77523d03bfbf5,40950,32760,dcb3a0e1,38f83290,True,-1000000,0,0,0,0,False,False,{},{},[],[]
matched_manual1010,183,source_on_episode_0,35b858406e5040171d6de97510185fa79fc986657ccddd823f38a64aff510150,d289d6d8c48e8a7d4e73cff34701c9d9d12c61ebaabd308f16beb5dcd7e41f0c,40950,32760,260fd19e,09850fff,True,-1000000,0,0,0,0,False,False,{},{},[],[]
matched_manual1010,184,source_on_episode_0,4d6832be889f3153feb6dd6c68940fcc05dc352faf74b7ae6a50a63f08057cf6,8a40f35b279c2881c4ff8638d5f34628f4b4d76b5c9d6ccf823600bb0112f851,40950,32760,6bccc469,ff822f0b,True,-1000000,0,0,0,0,False,False,{},{},[],[]
matched_manual1010,185,source_on_episode_0,48907e1f24c282cfab5e97a4f7aaf0d30fa79d4a7890a508ef8b7e7468093d35,07af683f1610f00e1f0b281327e4836cb19e3dad06748b1835f1dbe41d65c1ea,40950,32760,6580819e,d27c0a6e,True,-1000000,0,0,0,0,False,False,{},{},[],[]
matched_manual1010,186,source_on_episode_0,e03eda106ad591197341de88825e1f54dd72c26258993bf7b87cde86d5a1203d,347123514c5abd36791bc298aeafd025332934c193001f5aad33a54b63f784c5,40950,32760,f4227d31,3889b49f,True,-1000000,0,0,0,0,False,False,{},{},[],[]
matched_manual1010,187,source_on_episode_0,10f00beeb554284832576c2f76d2e016e6109e3b5b95c8aab918f114920730ff,f030d573b926067aa3a86d6d7a1bdfcc13d17e8f744b14836c62aaebc1f77738,40950,32760,8fcf516e,08d32a33,True,-1000000,0,0,0,0,False,False,{},{},[],[]
matched_manual1010,188,source_on_episode_0,9cdac7533c18897cc3d942a066ef0dd0bc5f3e036d01a430f3f5feef607aacc4,9fc888a53cecb54709a48b9c77289ea43963ccfa3e7edd4c0b715b84c4d5f508,40950,32760,9090d2fe,08588e13,True,-1000000,0,0,0,0,False,False,{},{},[],[]
matched_manual1010,189,source_on_episode_0,e93f9de4dd86a06be87b39e6b1b9a56e79ab2cee3fa846cfddb3c164b3aec03a,56feafc27102a47192427ffff268ab6e8cff6992921115066ff032896fcd2d37,40950,32760,27848800,322ebf60,True,-1000000,0,0,0,0,False,False,{},{},[],[]
matched_manual1010,190,source_on_episode_0,7f88c4c4fdbb41d244baa28027d2945b6a2cb997b6fa4029628ab0faae487249,5c592c5ef777d8b716159b3ffe4f14c85b75b941d65583df01a855a621c6498c,40950,32760,44d2b7fa,ac24a95e,True,-1000000,0,0,0,0,False,False,{},{},[],[]
matched_manual1010,191,source_on_episode_0,a040a2b94d584d5125d2c0f65c403d58c60defee54547e1c6488065b1fdcb0e0,f4e0f6cddf51719e8a6448fa653cf6a3d509ac9317a27c9b2c5218fbedd2c2a9,40950,32760,32fc8b87,a4f5c69b,True,-1000000,0,0,0,0,False,False,{},{},[],[]
matched_manual1010,192,source_on_episode_0,f99d5b7cf98d5c8170d000ad3fe2ca78a0af72ccc8798f3d09535d24d8308ff1,028dcdf02dbf42fcf559d32a9a1bb990205c55dd162c6e9781b67fad67134555,40950,32760,ee43cc76,2db3dea6,True,-1000000,0,0,0,0,False,False,{},{},[],[]
matched_manual1010,193,source_on_episode_0,910223cc00fe2d5a18e16e2465ce2214bce381164ea4838b0a2d3ed63958434a,e46fd87ad22e4e4fc49eed9bbbd45eacc5cd697f02ba7455865bee2ec43b3214,40950,32760,ec7022ea,968f0e01,True,-1000000,0,0,0,0,False,False,{},{},[],[]
matched_manual1010,194,source_on_episode_0,06f6445896bb9d1afaba0990271049454a738548d9edadc0500111538e8be61a,c1d21b286f12ae559b327640e7f6e2b2511eb2233662c6815280b71699d34772,40950,32760,ea0abba6,0584fdfa,True,-1000000,0,0,0,0,False,False,{},{},[],[]
matched_manual1010,195,source_on_episode_0,634ece058f900b7a697a5047753bb063048774b22bcd76690ed79ec35fbfe245,fa4009a39920e032cfaf9cea74c3c7ba1c128450e82e1677a2ed5ce7845f3365,40950,32760,1a5640e2,e3cf5616,True,-1000000,0,0,0,0,False,False,{},{},[],[]
matched_manual1010,196,source_on_episode_0,b781f1887b1ade0c8beae4709a9c72be99fe36dcf19b21a67c51acdded718e0f,214d9d36657d585da950c976cef9c8359a16c4344a88081dacd66da5646fab81,40950,32760,2e386605,cef34d1b,True,-1000000,0,0,0,0,False,False,{},{},[],[]
matched_manual1010,197,source_on_episode_0,c93c7b1e3d45e0f4e03cf5e2c0ce1ac332888f5e59f4c4257b08d1fa2e59ac53,4ba165f11d0ce87d3418c6f9af44bc08f0a4370fb45a61ed0d7576cdeec5f111,40950,32760,549663d8,e3fe15d3,True,-1000000,0,0,0,0,False,False,{},{},[],[]
matched_manual1010,198,source_on_episode_0,a70a038a3be621646637d0a7fe4996bcccaa6b6a040a0ccc64d1e2496276d2d3,6814fa15de3ffaf93de44533ba442dc89cd879cee845647b5728da52e14141a2,40950,32760,b13ff729,aaeee91d,True,-1000000,0,0,0,0,False,False,{},{},[],[]
matched_manual1010,199,source_on_episode_0,89ec5b5b8a8894b12252e64ad642efc57bbde5f107ff68dda4cd4e63a148d251,6bab1c9cacf6b83ecf83ff7ae09d28f920607bfa9dc6dd6b3e75cf3108930240,40950,32760,871bb4ab,e82772a7,True,-1000000,0,0,0,0,False,False,{},{},[],[]
matched_manual1010,200,source_on_episode_0,cf70de6633781c380991199fb8296db1ac85027492058c5f0042d4f9582380ee,54a19e7f7b768d1f391d84794419c8fce5a0e0706bff9f5bf5b0c44791ef3ced,40950,32760,a5ddce85,63e4d7eb,True,-1000000,0,0,0,0,False,False,{},{},[],[]
matched_manual1010,201,source_on_episode_0,aa5ac62e079cf1cf25bb08d887c430dcc8bedb473c5ee31d8ee6f746925e7445,b9d4c3818f351acd7bf46c245a9d96606ba5e7d66aad3c51e74e4a82cac1907a,40950,32760,83b80612,c59a9bb0,True,-1000000,0,0,0,0,False,False,{},{},[],[]
matched_manual1010,202,source_on_episode_0,a32f839e955f139dcec06cf6e059da0b87f24217bc8ef2c433b618c961e8d3ac,65c90553891a5d980c5c63a052cd4aac92f01024ac0c922e56e870dd6d227c4c,40950,32760,7ca4ed79,d6c1768e,True,-1000000,0,0,0,0,False,False,{},{},[],[]
matched_manual1010,203,source_on_episode_0,d99d5e1234edf7a8b1c7712f69e1904c6ad7f564dbe642beb48f95ca2d951567,c35ee0676fb0fe07b45cf336619f34a85626f6fb7f18a082b576a3470cbb135e,40950,32760,6a5b2f5e,48445eef,True,-1000000,0,0,0,0,False,False,{},{},[],[]
matched_manual1010,204,source_on_episode_0,2e81c8c7dfd2f39e61fa695250c257220615e450cf987ae06e6f9d7c097a1e16,c402156108e4d05ff1a78f12761bc19fb0e193ab02fe062c7dab666bb463909a,40950,32760,cae5eae8,5aeb163e,True,-1000000,0,0,0,0,False,False,{},{},[],[]
matched_manual1010,205,source_on_episode_0,f6909fb296948491dcb8eb5af30723fbf8ed40a3fc2becb0ecae1a278cffdb36,4ecdb1db64d1d8ae93ed7ae307b04513228e93c3c04f3ec71d4c77a44b4f4a7b,40950,32760,4bb638d9,278e2c24,True,-1000000,0,0,0,0,False,False,{},{},[],[]
matched_manual1010,206,source_on_episode_0,4aed826177675148c18e820da5779fd74516bb9de2ed278cbf1f934de323aae3,c8f72ddb2b476d6bbeeb48c8039153791298a4ea679381daa3d491df16dff5ac,40950,32760,55849a84,f0d4327e,True,-1000000,0,0,0,0,False,False,{},{},[],[]
matched_manual1010,207,source_on_episode_0,1a0d6b8da20616bc4acab7d59f0e1afbdb9583e99fb9c7b0b26f1b00bb7a3299,946a11a133fcba650ae5a4bfd8fb391e3ae852f0d7bb5e4c76abd7aa0dcf68b6,40950,32760,95301b12,5fc329be,True,-1000000,0,0,0,0,False,False,{},{},[],[]
matched_manual1010,208,source_on_episode_0,d4825989230173a7b51533af3482b7fc6a7ebc4613720d3106f3450f834e6b76,c96de6b240b657d80c14ed36a40a1bc7266430420a93adad3e5801278c0d8ff7,40950,32760,6c0bf61f,d3bc0ccc,True,-1000000,0,0,0,0,False,False,{},{},[],[]
matched_manual1010,209,source_on_episode_0,fc61681505e5819a677bb5abeea00d1cedf16120255c133a62db1834f97fef56,aa097d77995c07a65a5958a8dcf441cbb753f10ad0840970efdf329294b92b25,40950,32760,e42fbac4,083d3d25,True,-1000000,0,0,0,0,False,False,{},{},[],[]
matched_manual1010,210,source_on_episode_0,de13117fb737d0eac5ded6ce35931f32e1ffd42ff78e36554fed1607c9adc103,ec0fd4fae2c8d3ba5ecd7e70137c25be9ee01408feda61a7afe12a4807124775,40950,32760,b898d5f5,8b67e270,True,-1000000,0,0,0,0,False,False,{},{},[],[]
matched_manual1010,211,source_on_episode_0,e8b2d889d2be17295f54ddabcd30c6541b0f0db9a5d7f581239c09fd2d184b0e,f431a0465a05414175b4b36f24076eb18f6025a33c00748ba392960e07eb0480,40950,32760,998042bd,5da2a00d,True,-1000000,0,0,0,0,False,False,{},{},[],[]
matched_manual1010,212,source_on_episode_0,c17055c3226707a73c9f4155c23955d93f5c45ff53734532a4d7f33088ee981d,af1566313e663f6e9dbce1bb5847aa4b1509aa6385cbe43d62235dec59c0c636,40950,32760,3f4ce4e0,54261c36,True,-1000000,0,0,0,0,False,False,{},{},[],[]
matched_manual1010,213,source_on_episode_0,6ff4f43f219d128e698d797a0eaefb0b935cd4f8eab9739fbaab9d4d43cf06b3,9a6fdd56546f5e8cf901c8e4f2edabfa8a56250ff6a2a28e5e5f33ed7d163d8e,40950,32760,d478eca9,ad83fa6b,True,-1000000,0,0,0,0,False,False,{},{},[],[]
matched_manual1010,214,source_on_episode_0,c77aeaa687e7b83e0c598c41ad6ec1881b26533bf253c6ed37a9cedb4910461c,a0c923e9fc0a1ae3beb0fb8d67d3625dc570b395f504a7f16f32240d24be6a37,40950,32760,0f50868d,33f58f82,True,-1000000,0,0,0,0,False,False,{},{},[],[]
matched_manual1010,215,source_on_episode_0,4c1daddc28e6f74913a2e08cdc079e837dabacee61364e97e54b1c2b005f74a3,8b64e163b32c201257abb4a150c51496069069c0d24366111f9bd580b839ba84,40950,32760,89703eaa,58bc2772,True,-1000000,0,0,0,0,False,False,{},{},[],[]
matched_manual1010,216,source_on_episode_0,b3294164b2eea16094734ef568ca97bb52746a59c34b7e35c1cec146c7fa5946,95ed499f5f9781cba1b2d7a734241116c7bea6b7ee162b1cad482a483e8924b1,40950,32760,37129525,3b614ab6,True,-1000000,0,0,0,0,False,False,{},{},[],[]
matched_manual1010,217,source_on_episode_0,d27ceaeb2519e7bf28f66871883e7a763df81f2fa035679fc2dde94d10b41c2b,c5d030e54ab3d612212bfa9b5afc9c99ddbff054a12e3ce5158be25d989febfc,40950,32760,5fec87f5,764f8f6c,True,-1000000,0,0,0,0,False,False,{},{},[],[]
matched_manual1010,218,source_on_episode_0,0d7b3ebad1caebe95be9bed694647afd992991e1164fa24e02ef9111e0387c21,d699c22c597cbce1936c5c0f7c3a02f0c599b635a2495bdbf38559846db411cf,40950,32760,fd976c64,2d54c8d4,True,-1000000,0,0,0,0,False,False,{},{},[],[]
matched_manual1010,219,source_on_episode_0,be284f6c5a171f371378d5c47332feb01d40e7be48f8d626aa5bdc447ea1d96a,85eb407eab337b85c2482064cf9e2c779284362c751e6e63555bda0ccf4118a6,40950,32760,e5b235e2,689f299c,True,-1000000,0,0,0,0,False,False,{},{},[],[]
matched_manual1010,220,source_on_episode_0,214a95eb0b9fe7defc4a68bb99a64d6cae753f7dcc23740f7ed9ac290dcc88d5,c1349768f23fa684878efdd46d2f1ea9ff0179ea617c596863621e44d8bf853e,40950,32760,d47f88da,c44a2370,True,-1000000,0,0,0,0,False,False,{},{},[],[]
matched_manual1010,221,source_on_episode_0,b983d6ff7e1b673339fe0c63bdd3d0a8e238ee92c08f7d3a7975040ed7449c8a,3cb285bf45181cd25e8a39f857da99a090114a36627e09e6524fcd3eaa52e66d,40950,32760,f1ec22df,f45e9b36,True,-1000000,0,0,0,0,False,False,{},{},[],[]
matched_manual1010,222,source_on_episode_0,2e39a30d1510850ab3c57fab6b3b9be48b88b6e0c2359f274fb8bbd4bbad78b7,cb790310a0ede76cab1d692219c7bf5d1c9881d31689400cd5d38a20e57ea280,40950,32760,5acbcbf4,6e2e83e8,True,-1000000,0,0,0,0,False,False,{},{},[],[]
matched_manual1010,223,source_on_episode_0,35bd6346ac68cd902862d69dce2a3d9a12c696565e7278b16c653b996f21daa2,801c278bae190614fc070c9b6ad4265dc01941e548bf5b764b60ab8bbafc657e,40950,32760,efc7d55c,04275a25,True,-1000000,0,0,0,0,False,False,{},{},[],[]
matched_manual1010,224,source_on_episode_0,9e233136cc200da8b2ba8658f2c4404487fab70fbcbfc0cb00f8e9b1f967e5fc,36092b587a6b0bdbfdded26dad6168d8e9c5fa519884a755e18644f9408586d1,40950,32760,848482db,86ed304e,True,-1000000,0,0,0,0,False,False,{},{},[],[]
matched_manual1010,225,source_on_episode_0,742cb83c0bbcdc189836e4e45244c404d27121cb8a08bd6e78c3dfbe62ffe523,fb360d224bc3b9f4e3ee8af0adf701722bd1d905423f821cc4752c496a2e544f,40950,32760,6c876ca9,a0494eeb,True,-1000000,0,0,0,0,False,False,{},{},[],[]
matched_manual1010,226,source_on_episode_0,cb6e263757e60d81ff7a07627b3e226c55d36b5a73738da74e5f39a5e6e77851,476a81257c27369d3df4c750dcda89dd8b8369d6d4ff2654c40a50ba302acb8b,40950,32760,fcaa1c62,601d44d2,True,-1000000,0,0,0,0,False,False,{},{},[],[]
matched_manual1010,227,source_on_episode_0,b8e3ea40f0906810e6a537e5755298387b805c5df9ba128296e5f925b4413fd4,61a16e25fa8fff38a8bd66a3725bdb36949da1b30dba41b5098b93ef31f574c8,40950,32760,3de0e4be,264acd74,True,-1000000,0,0,0,0,False,False,{},{},[],[]
matched_manual1010,228,source_on_episode_0,f095a421971e488ecd7240a082790c8a75ec2b5bf96c2ccd61f1878052f21471,4d5e192269b50536d40e46b12a0712201a8a96c5d628635ed5fc6ae6d96c0542,40950,32760,61a7dc37,b862cfde,True,-1000000,0,0,0,0,False,False,{},{},[],[]
matched_manual1010,229,source_on_episode_0,8ed9bf4d30b1f3eede83ea7a117e52b3fd3a603049545427202682b3152b56a4,5f16715fa46ca140eed727892b3414da04269dcbbb1bbb38b24e08ba568a4fd3,40950,32760,ec0708f7,125a3c3d,True,-1000000,0,0,0,0,False,False,{},{},[],[]
matched_manual1010,230,source_on_episode_0,87bedd60554156467bfa9110fd202115eb07df33d0c521d45fe6701c5a5646cc,77be6fab1b6e5406f0a2a3c9b897aff02ca78c73e1ba8d4d58debc1ebf893547,40950,32760,53372284,0ecde9c8,True,-1000000,0,0,0,0,False,False,"{""unsupported_or_invalid_header"": 1}","{""unsupported_or_invalid_header"": 1}",[],[]
matched_manual1010,231,source_on_episode_0,3fb31bf97e5fd7ab4961fd0dd0da9e8364683b1558f4151b99802557e5418921,b332b4151723840ec45a67a448971afe982cdd78aa7a0242d5a9f066586beb67,40950,32760,3b0ed6db,f73a3af4,True,-1000000,0,0,0,0,False,False,"{""truncated_header"": 1}","{""truncated_header"": 1}",[],[]
matched_manual1010,232,source_on_episode_0,b82e91595bd467f9a5989a9ffc772fb290e9b1836d89f982cd0db60406e4bd2b,fded724ec3a309e2f05544182f20cb4c42cad586a61c618ef9b49892783ed48e,40950,32760,89eee048,c9bd5b3e,True,-1000000,0,0,0,0,False,False,{},{},[],[]
matched_manual1010,233,source_on_episode_0,e85d6c094bba26c63cd47dcf04d1fc72332ff90794115fdedd56a1b7e12ea5e0,a0b7b3a4c74236e190fd22f8aeea89ae911f3fd443f903322301e2f5ba8275d3,40950,32760,faa35f57,4bc3edfa,True,-1000000,0,0,0,0,False,False,{},{},[],[]
matched_manual1010,234,source_on_episode_0,02f48c1c4f08e01f1388f940a553b3395938cb76c23fb70d6a63dd3ab27ff224,d798a6df4710b3eea14eccabc5d043e62898bd88997e06f1a0c7eaf306d59a5b,40950,32760,ce170fec,e3ada865,True,-1000000,0,0,0,0,False,False,{},{},[],[]
matched_manual1010,235,source_on_episode_0,c1d15212238f4ea0b8d0af9184bf5cb201cd538efb1dbd7625e788b5080f2701,29d27bf3cab0ca4b5053ece73150b635fe78fffd5a3ff133e81ab71b784d5eac,40950,32760,9f463812,ad9f7e23,True,-1000000,0,0,0,0,False,False,{},{},[],[]
matched_manual1010,236,source_on_episode_0,f12044a004d9ce505265a5d5612a2508a0ebc3313dfd7fe7e609d88005efb9c0,0cfefae48eb2b907199a1e0df1c2d109ced92f857c1b68731f7eb08756eb1a4d,40950,32760,596a7422,cac79db4,True,-1000000,0,0,0,0,False,False,{},{},[],[]
matched_manual1010,237,source_on_episode_0,4e5e815635cbccf0923cf8fdda9b392f340bdee5548254f9918e618c619e0f30,b5918a085d73eebd1b01b612f6e8b48bf4fd321e0cb661ff2ab2e64b35b61c56,40950,32760,7951991b,fef40c47,True,-1000000,0,0,0,0,False,False,{},{},[],[]
matched_manual1010,238,source_on_episode_0,ccbd2bd051370e1e7e21801b26c44e01c5b9a01d8a577aac8b68d52bdfeca8ea,aea35341bcc63527b7869931a0e183c927237cd8695c9a2c002cd2ff88bb456e,40950,32760,6cf01cdb,d21fa834,True,-1000000,0,0,0,0,False,False,{},{},[],[]
matched_manual1010,239,source_on_episode_0,939a220defeb9872bfe786a825b17885f87b952186d5c53f31f23d5346ea1bdb,5bf29690902c0c4fb25f66190fe02486c8b01af0cad648c6c6f0a3aa9dcc7e9b,40950,32760,30d5233d,06823c32,True,-1000000,0,0,0,0,False,False,{},{},[],[]
matched_manual1010,240,source_on_episode_0,9fe1d6ce6742cefe0c167599b6daa0e65f799c7c1d62f355fa88c954f9056b51,b55d2a2294728582c2f16b4f6b8e1b1049d2495f9681ee3cbe6ff61e875843fb,40950,32760,74f3a0ce,51e9f35b,True,-1000000,0,0,0,0,False,False,{},{},[],[]
matched_manual1010,241,source_on_episode_0,b0fa52ecdb6c2bcc761c8ed66135daef5f49265e77b4c11fbe8bc66ef2ddb891,fdb307977bdda6d32cc40fa6faa47dd80d598284e557752d1c989e5caef9b0ca,40950,32760,b843f0a4,60644e4c,True,-1000000,0,0,0,0,False,False,{},{},[],[]
matched_manual1010,242,source_on_episode_0,e40a12dbbc63a0fefb80f07a8703fb7f25f142e222b76500ee04dbae39223721,0fc7164c9c6dc0e8e2dee0e89c04e09d138a9481beb19d4a13595fb574f7760e,40950,32760,c6c4e964,b7c2f531,True,-1000000,0,0,0,0,False,False,{},{},[],[]
matched_manual1010,243,source_on_episode_0,ef7d5ccf0df7135dae2dd28de1950480b7f77c6fdeb105ec815ca2347669d65a,79244d14be8e489b584b5e1b323be14c7581b27ecec3649e180899d52dcc7c01,40950,32760,ed030765,87fc98d9,True,-1000000,0,0,0,0,False,False,{},{},[],[]
matched_manual1010,244,source_on_episode_0,0218aebb19cf299b7f61ffeabdd93e1a94a357d2f0c40f18717b05cefa62fe56,4697d2b6378c8d52acaf3ff8bde4513624480f9adafd677624e4231bf21a50f3,40950,32760,d62ee42b,2c54367a,True,-1000000,0,0,0,0,False,False,"{""crc_failed"": 1}","{""crc_failed"": 1}",[],[]
matched_manual1010,245,source_on_episode_0,0a8f64fa8cfc36c690ab7c3cc012027fceda35ffc18af60cb75c90f7f65f85d0,035146d902438645bfd991d35deecea7c0438ad2f32e76767ad6f029dcbc5237,40950,32760,00f26927,69e69389,True,-1000000,0,0,0,0,False,False,{},{},[],[]
matched_manual1010,246,source_on_episode_0,b02c1d7b92d8487a45fcc11429842ad2adfbb18bfd79f84f61fa701b88ae8723,1897cb87be1d476c555b3533fc73428c5cab2687145a8f5fd8a839a0c591f2b1,40950,32760,36a4c6e7,6d835e7d,True,-1000000,0,0,0,0,False,False,{},{},[],[]
matched_manual1010,247,source_on_episode_0,837f92b9f22d87b232a546ae8b56773a7a4950261810969a111d52e6838bd0d7,efa5108b0cf7947568a1a28644db97e527679eed7621575558f0437ed71fd29c,40950,32760,d7d0720f,0d60c47d,True,-1000000,0,0,0,0,False,False,{},{},[],[]
matched_manual1010,248,source_on_episode_0,a1867de31941e04a62bb31962670b21c66f34f6d3cae599a6282e34a5c3e966e,6b5699745d1897794be6cc0bf00dbc44f6b93c016e11f0913dbca0ab849afbab,40950,32760,983e112d,1715245a,True,-1000000,0,0,0,0,False,False,{},{},[],[]
matched_manual1010,249,source_on_episode_0,ca0f34777743089eb64a04a3720684b1d1a11f0ab18f8d5c31f999d5a51f3234,b0581724a1f361c44da2bce2966f5b591372aba2ce3c2c4bd0e82ef8facfb8e9,40950,32760,5871c015,15e1d3c7,True,-1000000,0,0,0,0,False,False,{},{},[],[]
matched_manual1010,250,source_on_episode_0,4e37fa3fa7ae089e9fa8a96ac80e9ae0cab4ef91a7d90f5207a282ff07875800,b36b5c940c004045331186facf628315be58d7f1ce09b376b8a2a0d3fa4b1335,40950,32760,aeec1c3a,a4b37f5c,True,-1000000,0,0,0,0,False,False,{},{},[],[]
matched_manual1010,251,source_on_episode_0,6b4f76cfd307b047e16cd2ab4c21645827d036bd36264d2800ba7e1ef8a392f0,c0ab8a11da781d930b145867747cd0ee5583e66d5fe7592b280398f2a7109bbf,40950,32760,e30a7d9f,ed68f900,True,-1000000,0,0,0,0,False,False,{},{},[],[]
matched_manual1010,252,source_on_episode_0,d4f67cb7d2cb8a6eca0f14a92ef01014af749a6ca33ce4a20cf7a8b23e76fa33,17a83d04507992d386a9f5d993ebcf645b1b0e162663bd64c3609cc90b589860,40950,32760,576dbfb1,7ca191e1,True,-1000000,0,0,0,0,False,False,{},{},[],[]
matched_manual1010,253,source_on_episode_0,95ecfd464b9645ec39fc2efd6916cee4030aa0acaba645a501af12dbfea94b8c,96f0fa7b3b75c186de8f36d2b3008cd3d5be8309d510da27521491ec9b9ffbfc,40950,32760,3ddcbddd,5688bcab,True,-1000000,0,0,0,0,False,False,{},{},[],[]
matched_manual1010,254,source_on_episode_0,a2a199858da12b827dd55b3240ebaf30c83c0f90affe6b3fe1a6e86c5dc050b9,795ea97257c512b2694f1167455cb865ed480af4bed87d0f2eb7751ea035d952,40950,32760,67382a5e,7da38ddd,True,-1000000,0,0,0,0,False,False,{},{},[],[]
matched_manual1010,255,source_on_episode_0,bdb47502065456e417a57578e6470137d4161a59880bcc737092beca3e677949,e47e95b95b3bbf62c8fab4b2c6aa95af1dc4a37a39618d0bb6d93fdecc519b43,40950,32760,78c31456,cdad16fd,True,-1000000,0,0,0,0,False,False,{},{},[],[]
matched_manual1010,256,source_on_episode_0,e05cda62cb018292a14a516cee808c2db2163909f4616e1c957e583d3ad34f41,4a4382b4f69b8644c19bbfdb622c9ada5be1593619b35c0dec93c85460a667c5,40950,32760,f5b3f08a,d138d987,True,-1000000,0,0,0,0,False,False,{},{},[],[]
matched_manual1010,257,source_on_episode_0,879660b25013e8a938983efdd33f890e94cf2a1ec79802c3e8d1fa9fe866ef4e,ac1c5a9d77da37fd22e261836a375db246742048734ae4a74665ea0cbbc14aba,40950,32760,09bd4736,70f2dde8,True,-1000000,0,0,0,0,False,False,{},{},[],[]
matched_manual1010,258,source_on_episode_0,1e7a3b182dd170d67317c426cb8d1e4529c33466537c004726db03f91006437c,f3c22f3b52ed40ece55fe7fc31230d2ec598272c04b7a65a32c6ba133b5d3419,40950,32760,23050857,28cf66e8,True,-1000000,0,0,0,0,False,False,{},{},[],[]
matched_manual1010,259,source_on_episode_0,e3db4316b165ba6e886a79c092e43e223c2742135c39e6b394e0f9b55e597f72,11267526c651e0401a622c675c14de6d947cd71f22769a92ba78aaebf6d96baa,40950,32760,efaa0b42,bd0a50da,True,-1000000,0,0,0,0,False,False,{},{},[],[]
matched_manual1010,260,source_on_episode_0,ab8b198d05774fc42690a08e3f013f234f0c93133e964fc7f706fcf6a065d92c,1c878b8d0c0ff5b8baca6d1f5b56acb110847e1d9dcb408935b6192884ee0bab,40950,32760,2f45dcd5,4305db49,True,-1000000,0,0,0,0,False,False,{},{},[],[]
matched_manual1010,261,source_on_episode_0,b350f0577128cf14d5549ae2b585c553ab71641e10a0d0ab9089e0aa661b000b,6f13ac5b28be84029f7292bd7e4f6534b40adb3a7b2dc06b00915b1fefdc4b65,40950,32760,4d0e091f,77ab0662,True,-1000000,0,0,0,0,False,False,{},{},[],[]
matched_manual1010,262,source_on_episode_0,5d625e3cd72b5219de19d7a74caa0f560221149846a32cce1334d803ada962a1,2e89951d2ec090d468ee0f6a4ca3bef2832d29a0913603ed516fe89f580a960b,40950,32760,539abc38,21515b1e,True,-1000000,0,0,0,0,False,False,{},{},[],[]
matched_manual1010,263,source_on_episode_0,c6ec65eecc4f53ac0be583891e8fec53aadde602084b5a2dbfe71cbb84f05ba7,d6f00f8e55d70a252d5c63ea54fe01d6ff8361ef75b1ba1083c40b2cbaa10dbd,40950,32760,29b3bf92,4690e4ed,True,-1000000,0,0,0,0,False,False,{},{},[],[]
matched_manual1010,264,source_on_episode_0,b335c9b720bb6facb7547ae87a952f2417a2c93541e7ff4232dbf2ee7edb24cb,f35ebb39bbfa8838f3394092e4b9a1e3b370162a13456f4847ed9f17afedde56,40950,32760,88e1d47a,859c865f,True,-1000000,0,0,0,0,False,False,"{""crc_failed"": 1}","{""crc_failed"": 1}",[],[]
matched_manual1010,265,source_on_episode_0,a7b32b8c4ac9dd3ecd237ea669a7224f79429daa5a24581e106c3993fc8d8da5,09b0ff4aafa6df2d6e772b43ae6d45c4d49bf5d04726c454b50727d5b0f24256,40950,32760,15ef4a1a,c9b73181,True,-1000000,0,0,0,0,False,False,{},{},[],[]
matched_manual1010,266,source_on_episode_0,84a34902c5f364d66ffbf638a1cf3298ca61d8d23c6102fbd1549dcb77b536c7,ba4435892cfcc4077ab94223ec0f07958140c4d7de0a1dcbe39bf5b978070714,40950,32760,c01de7eb,988abb3c,True,-1000000,0,0,0,0,False,False,{},{},[],[]
matched_manual1010,267,source_on_episode_0,1f7247a7b4618f3a142e30cc2d972cf03e99d293f7f1c6e348757b6eb76dffa4,f424c2a99022db04cc4451723eaa129447d3b35b0732e57f00e76a8ee564a227,40950,32760,8404f0c3,840e8da8,True,-1000000,0,0,0,0,False,False,{},{},[],[]
matched_manual1010,268,source_on_episode_0,9b870eb1e2de3b198936d17ef2c17410b2875606bdc58de34ef1e1b344ea7c4a,c26e6a4b832c1e0ceabaf0c2740c453349f321c470670cda36590733de9fab89,40950,32760,871400a7,cee47157,True,-1000000,0,0,0,0,False,False,{},{},[],[]
matched_manual1010,269,source_on_episode_0,ad0ff2eb6071a50c617acac4a48c918cfb30ecffb640e643f8020fd053d02a1e,a04dbf39ea9950d7368b9b992625ad593c932f02220321799eb4db9799d03151,40950,32760,42f364c9,e4a1839a,True,-1000000,0,0,0,0,False,False,{},{},[],[]
matched_manual1010,270,source_on_episode_0,c04f925eaee8858e7dc2a5ae01db8057def1f072421eacaa1053232787b31375,c24e24fc3b4ad885a1b91e969b1b11e9617a7db52b0066aca792a4e85dc7bf05,40950,32760,37c0d2f5,a6874f45,True,-1000000,0,0,0,0,False,False,{},{},[],[]
matched_manual1010,271,source_on_episode_0,8033f3fe499194a44609197ff10c3b9ce843dc4b53b0ee99029fb65719245f1c,4a768312be2afcc0c513339496538c4972982d28b8885d497ed7dca663acc835,40950,32760,24669d5b,69de921d,True,-1000000,0,0,0,0,False,False,{},{},[],[]
matched_manual1010,272,source_on_episode_0,8e83f90e51b0a5edd8bb6ac90b1b7249c2b611cf9ed86495d9b51e27dca28a12,d02baa25bde7d9ce77ec8a7132753531e443ad0dd6f9ef7f03ccea4201357221,40950,32760,8d45e469,c94fb5ef,True,-1000000,0,0,0,0,False,False,{},{},[],[]
matched_manual1010,273,source_on_episode_0,422358c7732d55a43c55c2b1bb05940f90389ea73b3edb24bbe83d9b2494f594,24e9d4589a0adbda060891ff713e4f2952ba9541fe1faaaf50c765e96f76615a,40950,32760,80aa5990,3bb4110f,True,-1000000,0,0,0,0,False,False,{},{},[],[]
matched_manual1010,274,source_on_episode_0,2b2c05d8ca9eb31b9b5d4a069897f1ad90d9c9397ed34aad87afe5068cc47346,997415634b257b2ea6b51bd8ac4709bc562436ddbd76656f608fd953d257aaa8,40950,32760,1eff9be1,75dcb980,True,-1000000,0,0,0,0,False,False,{},{},[],[]
matched_manual1010,275,source_on_episode_0,c66bbf6c93709c86aa7c79df0af43e0a3e41991fa67604de7ac9be2c3442a81d,fc83737000685324bdb70066dd99b597d40dba9861b35abc94da74815690d8d3,40950,32760,8196d657,7b686d0b,True,-1000000,0,0,0,0,False,False,{},{},[],[]
matched_manual1010,276,source_on_episode_0,ffd39f39c68e1fbf69cbe751bb0df0425bab98e5cd50ff87dfd6117d80e8da27,cdab47b238248146cb530fbbc4380537bd7ac8a25a280e215c4ccd924a315eac,40950,32760,5b18cedd,723b41ad,True,-1000000,0,0,0,0,False,False,{},{},[],[]
matched_manual1010,277,source_on_episode_0,441cd6568e15ea3f8866a637f33a0d0f7d24e7bea7d6ff8274367ec1bf8a08b5,930d5f1e423dfd340e1a48704f3e5c7ec19da77033997bd1a6a826e39c327676,40950,32760,8b479b6e,696df20b,True,-1000000,0,0,0,0,False,False,{},{},[],[]
matched_manual1010,278,source_on_episode_0,7bd71797c6bbcd6e576a76e7a336d430ca35fffe341fed8aca25a0a618552255,5a3050944b54c6ed79415b2e9b3ebadb16a1ad02911792a3b9c3d9f317ae4a7a,40950,32760,72b1e1f7,c4d274a5,True,-1000000,0,0,0,0,False,False,{},{},[],[]
matched_manual1010,279,source_on_episode_0,a2b59fb5cb7e31a102f07a8dba8d5a17773f68d13c4c33256bc7208b26a585c0,71ad1a68dc2992e8f78a21767cc0093dfab65cd995b3463a01692e09c600a213,40950,32760,d36c47c1,578ae8dc,True,-1000000,0,0,0,0,False,False,{},{},[],[]
matched_manual1010,280,source_on_episode_0,b4e8eeedc7797591bec5d5261fa947c4cc5b2622590958105faccea193750cd0,31013d9805e1791a8fb6e954af5064e7829e235a337a0970e1d536f32fc41fe8,40950,32760,ba742d30,c1429313,True,-1000000,0,0,0,0,False,False,{},{},[],[]
matched_manual1010,281,source_on_episode_0,68895060785f058d0ee6d61c7dfa8835b63818b620463256ee31948c58630fb0,8e44e884aea0542fae75df7ee061799576134f8f652cd2e93ee79b59eb09ac45,40950,32760,568dfde3,7ce3daed,True,-1000000,0,0,0,0,False,False,{},{},[],[]
matched_manual1010,282,source_on_episode_0,d0974b29575fa40c0830ce0b67caa87a749501126d6ca6169d5410be1874d6f5,7de2e317ed79342e4ad7935b8f52dc77f22940c2b3f356311f88c4039c5cb4f0,40950,32760,dd5f2b8b,acc02a70,True,-1000000,0,0,0,0,False,False,{},{},[],[]
matched_manual1010,283,source_on_episode_0,189cdbd399d3abefa9c6b49eecff9ab8341eca89417b73aa5e076d46e29c1782,08edf453f48352ac33178d3867d1b2b45036415f15abb9133b7ea0622b390954,40950,32760,e05f26f1,c42d0411,True,-1000000,0,0,0,0,False,False,{},{},[],[]
matched_manual1010,284,source_on_episode_0,f8eddbe549dddb912086ccebdec5391963a2853e71d1d54b2f97ccafa5acf113,1b905f54bed2a45254febf86113e38161e809769408fc3da046d6817541c8e56,40950,32760,7012a20b,6a3fb0a4,True,-1000000,0,0,0,0,False,False,{},{},[],[]
matched_manual1010,285,source_on_episode_0,9b35c9999c048e790b806300dab797b0f48434dceb73baec2abebf443b27fa2e,67fc99d9e09f4fa3389b0d4312ad0ccccdc35bff5dbb0ef7c5f70efcabbce674,40950,32760,588982fd,5af9cf8c,True,-1000000,0,0,0,0,False,False,{},{},[],[]
matched_manual1010,286,source_on_episode_0,ec115f9a25bba28cc9ff680a86f83d355a24ac0f9f1ee5d4dbe4dfd5602c6154,af2b646b37bb1ca510cf9c594dd53493272ff438af27c9aaf9ecfa72334bb5e8,40950,32760,1c50f3eb,4764e124,True,-1000000,0,0,0,0,False,False,{},{},[],[]
matched_manual1010,287,source_on_episode_0,3ff6950a04bff5188d896418a1b091e8020c1d6a300643d80b571efd3d8b6490,8324a317299fcbaaeff407a665d5a3ca32d11904b62df2990d879e1eb57ea22b,40950,32760,5ff569b8,d981b286,True,-1000000,0,0,0,0,False,False,{},{},[],[]
matched_manual1010,288,source_on_episode_0,e3e871343528e978adab9ba0cf6f173db570d23cf83ff4ab2f6d0fdf946d21a3,675264b8a01ea5730cf83f18171a961c748a4187db4c5711a1d01dfec989b45a,40950,32760,22015baf,47fef357,True,-1000000,0,0,0,0,False,False,{},{},[],[]
matched_manual1010,289,source_on_episode_0,db66ef05534c64dfd2d407ce19c608e7cab3eaad466d126699b5e49f44438980,bb4172f75033419eb208ffe28dbefff4b6fbc7fe52c629429e93eada3b4d35fa,40950,32760,4cf7c3a1,2da09c5e,True,-1000000,0,0,0,0,False,False,{},{},[],[]
matched_manual1010,290,source_on_episode_0,9faadf43a6d45341ab41bf1068808cdaa3fa8814627aa811b5f0bd15b90b4509,9b9bdb76a9c06bc75a53a4515456e6714c3577c42d0ef05fdf174f0e9f439dca,40950,32760,372a41b5,f97cd7f7,True,-1000000,0,0,0,0,False,False,{},{},[],[]
matched_manual1010,291,source_on_episode_0,f40d253482d1321ea1517cac9d45757293da7b768531a8c7ae8ae7b789f1ba53,7995b024fd2cdce2b3029716ec3681f9777102b8dc91305ca4fb13860eb06168,40950,32760,89cfe96c,4ab9e942,True,-1000000,0,0,0,0,False,False,{},{},[],[]
matched_manual1010,292,source_on_episode_0,095e5923f5708c93f549bad12f24c4c3be6b479fbf28538885c96dd750682bfc,ec374fcd489675586d877b5749af025decb407abf05f20acd8c57ded513db73b,40950,32760,6dd750d8,1040d536,True,-1000000,0,0,0,0,False,False,{},{},[],[]
matched_manual1010,293,source_on_episode_0,4cc54e4b5d72122d3d259101d830c3c557e334ecabf51b2f19aac59de03a288a,39c2c7498a16a75653246ad4e3ef40f6814ebabd93b17b45d2fb6fdc71ef8a8c,40950,32760,edf857b1,e8916234,True,-1000000,0,0,0,0,False,False,{},{},[],[]
matched_manual1010,294,source_on_episode_0,6f965f82c15bc64613fd2ced405889e9794c1afc492a4e9c0f6127872c424e7d,45ac45f3de5d96645ad6358918efae5e1f04eb4f8eaaf047f2231cd0429b4dca,40950,32760,cdc25e13,5b481ae1,True,-1000000,0,0,0,0,False,False,{},{},[],[]
matched_manual1010,295,source_on_episode_0,a5418d7a2fc683cd0d9114735f3347db70980db603f2ffc162348681d4e4d0db,6f14c56067c962e2443ab89e5be4f6ccdbcdf22e47b3869f7ee3de9403a48393,40950,32760,4c65230f,0c63f6c7,True,-1000000,0,0,0,0,False,False,{},{},[],[]
matched_manual1010,296,source_on_episode_0,66bdc6cd9669122746c657b18a3fe56aba43016ddbf74c76d12757e835edf2d9,a00a2d1a585328f09b9e2b6879f8004d65c24b488276cb8b7d0dc1eb608c66fb,40950,32760,f4e97e5d,3ebad0bc,True,-1000000,0,0,0,0,False,False,{},{},[],[]
matched_manual1010,297,source_on_episode_0,d85388c36c4f77ed0084e9e7d260a8c1b65153854d4353c908d200dbc67ea125,942ddbb1e674fd5ba962eaf5d01caca1a49892bdb1cea3f394f862b93c78629e,40950,32760,e9920f18,4bb2bf47,True,-1000000,0,0,0,0,False,False,{},{},[],[]
matched_manual1010,298,source_on_episode_0,5fd2a1184772894c89ef0867187c09f4385e6de68fca01b45d4c32f20dc1f2b2,e8b335b346f1feb840528b9156259962855f4e907e3ac6c7b10a2eca5fc3c005,40950,32760,04f9be72,284203fe,True,-1000000,0,0,0,0,False,False,{},{},[],[]
matched_manual1010,299,source_on_episode_0,0f7d8ed58c8e600e2fe0035de725e17ad8f31634d12d898c64b9caa58a010e7e,17435e9006fa4b5c856c093dcda8a017bf8a754bc5b78def2fa153be49122fd5,40950,32760,7c3a77b3,75c96143,True,-1000000,0,0,0,0,False,False,{},{},[],[]
matched_manual1010,300,source_on_episode_0,4f4bc9c27e3c6dce7b0bd76d59fabcb1eefc8484d64fceb8143c7983d7d05a23,643ba86d10eb87d1129ae99e9167ac62134ab2c14eea4187ebcd7ee8fc7d58c6,40950,32760,318460a9,ec4f12c3,True,-1000000,0,0,0,0,False,False,{},{},[],[]
matched_manual1010,301,source_on_episode_0,4b1765211e74881b3577854606939a535014c7f937c39b9828460516f1c8c4ba,d36fccea75e36ba23194aa3770b426504c63b1b05f2c07c6d4c80f646cafe032,40950,32760,d74ed18f,cafda81d,True,-1000000,0,0,0,0,False,False,{},{},[],[]
matched_manual1010,302,source_on_episode_0,feadf7b8b9979b16593d2a1169243f3be053d00a1e97c8c5e3ba7d971e61b46c,cc4af16aa58fecad0f2444466e45ec22974c87c6fed0c4993df7faba5210f169,40950,32760,7b7167bd,09f2d8e4,True,-1000000,0,0,0,0,False,False,{},{},[],[]
matched_manual1010,303,source_on_episode_0,f8bd4f8d9f675007a1d382a0c0c9d280d801fc28be2aee3fa8ebbf6bfb34b3e8,ea626a3704f083d4b9c72ba36cf5130038769c51c0a8c4c615687f9e0ed40be5,40950,32760,e770003d,2c36a67d,True,-1000000,0,0,0,0,False,False,{},{},[],[]
matched_manual1010,304,control_transition_guard_excluded,ed2579d6bbfdfcf765fdf90fe85814fb74a38a4c56f180c025666e3f3b4f3baa,ae783b3c04f258fe9b84da269dba9350e9dfe4b3e443750f2da048d1ecbc970b,40950,32760,cc73fe79,f83db8ba,True,-1000000,0,0,0,0,False,False,{},{},[],[]
matched_manual1010,305,control_transition_guard_excluded,c28833ae1c5283cb847bf7ba65c09af260df961d0302d600657eaa9efc03d469,bd8499fad5c3a9fc604db98a260ee20eefe6abe4037d1386e45e0870335331b8,40950,32760,72d01ca3,97652350,True,-1000000,0,0,0,0,False,False,{},{},[],[]
matched_manual1010,306,control_transition_guard_excluded,507b34eeffc3a47ce91ee39c04fd3f9e390b8027da4497ac78719dcfc6328c7f,b315f1ec46799b8803b7fe9ab8f55f178f5e92ce87d034812bc581d23071de4b,40950,32760,add1d4b6,7f1ccfae,True,-1000000,0,0,0,0,False,False,{},{},[],[]
matched_manual1010,307,control_transition_guard_excluded,fe86f56ad48072d195bc8a7b13ef852dfd67af5f60e16007ed1cc093c7b3a386,f499bf777c8dda88774df295f3d7269c369abae3d4ddc1eac5d0a14384386ad6,40950,32760,9d2f1572,568bbe63,True,-1000000,0,0,0,0,False,False,{},{},[],[]
matched_manual1010,308,control_transition_guard_excluded,bb95a739075526409a312de44d8e284423bee5e8d6c12bdcec24145721d05676,684784e31000c4c03ff7167ce11bad7ab54a0fd0e2f6c740f64f2b7e3de78266,40950,32760,a73aea1d,5b482117,True,-1000000,0,0,0,0,False,False,{},{},[],[]
matched_manual1010,309,control_transition_guard_excluded,ad071ef773e811f6c6505405aedbc092c37f0ab1a3bd9b6487648e3733d3b0b5,ab6192594591e1364fe4b052878eb8d50f24551ce004734bf108714bf86308af,40950,32760,b0197bc9,5cf53616,True,-1000000,0,0,0,0,False,False,{},{},[],[]
matched_manual1010,310,source_off_after_episode_0,15e9da674571d5c17d979accc75f213f5c98c75e65a972db4ab1979a211b179c,43845efdc67a785c85ed10df60770092cd8385e05be4a92202c13259c4f9e747,40950,32760,0548e604,f0fb9d9b,True,-1000000,0,0,0,0,False,False,{},{},[],[]
matched_manual1010,311,source_off_after_episode_0,474174bdb617466113fe0f6faa85232f06754020cf7e6580f0d2a85404cf18e1,918606bc6b44113e0c96322d24ed75fa456a1cc1e11ab12892cb081d7a2f397b,40950,32760,e98e6f1f,b80ca895,True,-1000000,0,0,0,0,False,False,{},{},[],[]
matched_manual1010,312,source_off_after_episode_0,5f4cace6d204d1b802d94f9fb7e50469573959c836c8de23b7de5d94a91f7f15,9143a6689ee7c3db746d415f258708f8616641379d4d3e1ecf66e7a35ede545e,40950,32760,ef7db158,06974e9e,True,-1000000,0,0,0,0,False,False,{},{},[],[]
matched_manual1010,313,source_off_after_episode_0,b54018b5bd8b31a4a014635093f1612c04291e9e5e6cb9db428737bc924f5a52,1fdfb3b409132f63c31cd4c48d4dcb865a56364bcda265e3733fb495e068aad4,40950,32760,1fa62f23,97b69df7,True,-1000000,0,0,0,0,False,False,{},{},[],[]
matched_manual1010,314,source_off_after_episode_0,90f6fb9287ec8f8f1d83257de41d7c4289e5e443fbfb5c3bbff701c0c304c2ce,04d50b7171af308e1247565483d81294a07d644d78ae7b4ffd8a90173c8cf83a,40950,32760,967d2270,5a213820,True,-1000000,0,0,0,0,False,False,{},{},[],[]
matched_manual1010,315,source_off_after_episode_0,4ff4ad83662a8bef8580e2f705b263b921f1cfa80864b8edefce3c5f75d278c1,c752abfe2edb561f472a92ce1b4987b2a7be203da4251cfed11e61dee2679ece,40950,32760,ea4663c0,12450255,True,-1000000,0,0,0,0,False,False,{},{},[],[]
matched_manual1010,316,source_off_after_episode_0,fd539f1c37ea9c85da09fd46a4bc913894a3293dc3d75a9f8e78b8af5efffc05,810f91415fd61b21a4cde771d8d7170a683f11b8da274acc1416df8109bc5721,40950,32760,b54e7fc2,fbc36b1c,True,-1000000,0,0,0,0,False,False,{},{},[],[]
matched_manual1010,317,source_off_after_episode_0,f4454506cfedfcf3b5010f9850998746e82d37a970eadd05759be600913b228e,0317878e2112f71ac961688c3d787d627d6b5323d8d5bb7785ce5515ee43ad87,40950,32760,8a329f94,c721414c,True,-1000000,0,0,0,0,False,False,{},{},[],[]
matched_manual1010,318,source_off_after_episode_0,f77db54fe677ef0f530503152e687c744fc1120745556771bce867cf7fe96307,97580957fc43c4a31f3f2fbf1a30fe8afa79b8542c6bbac16ea314080e2b2613,40950,32760,ba15950d,a69b2083,True,-1000000,0,0,0,0,False,False,{},{},[],[]
matched_manual1010,319,source_off_after_episode_0,4508994668e14afe06dea67deb2b1cfa4e67deabfeb83a96b529be57efc3fe33,c9ca622539a68dd190256f1da747cd924aa7f9f11f3640b45418ce6627136c4e,40950,32760,0d29b002,e09d64b0,True,-1000000,0,0,0,0,False,False,{},{},[],[]
matched_manual1010,320,source_off_after_episode_0,e8d888ab47b0c309d976061ec5b606360dc720b251498e1e9ccca70241b9bc83,7b1ea0d33f54b8f84a64607a683b1ad74c95a82edda719fe9039fb97e5c33d70,40950,32760,4328b66e,25498c6c,True,-1000000,0,0,0,0,False,False,{},{},[],[]
matched_manual1010,321,source_off_after_episode_0,5a71057f34f54789d968c9d1921018bfd28cb5edfbf6b0644566c889ba0c3524,56a9a73033ad0cfd7ad3f930bd1de26e9f3b962cc78f138589000dec114ba7fe,40950,32760,c5bab8b0,6a27d8c6,True,-1000000,0,0,0,0,False,False,{},{},[],[]
matched_manual1010,322,source_off_after_episode_0,75648c09b56eefd64e29600e8ea83a089502d70163c341f0d687f632def056aa,31842fb12031d64401e0631a18943e9f6236b46b08cb96958cc16888793e5912,40950,32760,56edf724,b31c1292,True,-1000000,0,0,0,0,False,False,{},{},[],[]
matched_manual1010,323,source_off_after_episode_0,1dd9693ce795922b5e13dc1399e5b1b8eb9a1c1a38053d5177657eb233a1f65d,6acbadacece4e004ddc4bf2256d910aad461bfd8ccf5a26cd31b56e38bc032a0,40950,32760,3ec67cf8,339f5532,True,-1000000,0,0,0,0,False,False,{},{},[],[]
matched_manual1010,324,source_off_after_episode_0,83c8e8febfbc57a9d4bf24214205a44983bef9a20c8bf090b14ca609914e5c37,9b30173266dcb5192b25af43c37694bdea63df27516f369f7ad06f69db6c8171,40950,32760,824d9525,cfdb7562,True,-1000000,0,0,0,0,False,False,{},{},[],[]
matched_manual1010,325,source_off_after_episode_0,d87e1eab72b8dd68f571bea4d61df6601500393b1c8bd312a28b7c29ffcd08f7,7e983b86b8613240504d3c466df5524a07c788b88dece69fa74fd575122128be,40950,32760,487f7314,112a124f,True,-1000000,0,0,0,0,False,False,{},{},[],[]
matched_manual1010,326,source_off_after_episode_0,8e0a7844be7165486333741f539ed44f61ea8618a06a33e025b37161026ddb59,49bda7f2e4f93334df02affaa8d9bccb4fb204761beda5f790602254096f6fac,40950,32760,67ac8ff2,ea5acb89,True,-1000000,0,0,0,0,False,False,{},{},[],[]
matched_manual1010,327,source_off_after_episode_0,76dfe2ac5334296448d297a8f023bf2898c03c866389b2a35a1d543a7e7696de,376f73aa94ca5eb37fce7a3d9fe136eb9e17708b98131c49efd3e36f9471d8b5,40950,32760,79a79c85,885dadbd,True,-1000000,0,0,0,0,False,False,{},{},[],[]
matched_manual1010,328,source_off_after_episode_0,dbe03c9219492f35c0e205cae44703de0d903f0fe8e11b57dcc26fd780f236b6,a7ea9eac5458ee1b89eca08c1e1148b9f8ed734d7eae01aa4374f402cba82eba,40950,32760,7ef2ea01,06f901d6,True,-1000000,0,0,0,0,False,False,{},{},[],[]
matched_manual1010,329,source_off_after_episode_0,02e17bd2ece4587ebea2dc54681aa85af27884e522c7ad7baac804978b5ed0c0,61d8de6bd4d8d6dfa8986e8a5599ce8d39079b00c1cdf6605550acece94edffc,40950,32760,5b5e27dd,a0a0ceba,True,-1000000,0,0,0,0,False,False,{},{},[],[]
matched_manual1010,330,source_off_after_episode_0,317d386b8bfad81d51ce80a878d7601308bbd60f34a2725f02160e167ff1b201,3ca89835e1ed85f6dac11d0e3728aa2ba26118c938821e50d34fdd0519d0073b,40950,32760,b9c84c03,e01fe203,True,-1000000,0,0,0,0,False,False,{},{},[],[]
matched_manual1010,331,source_off_after_episode_0,324d0e0ffa0c3e18c2fc058db20444a2c89d640c97aad9f7c98d87465ce0a1d4,2755b976115b8bbd21a410d5be41c82219c4abc7809f458c395ba29a37a0eab0,40950,32760,a537fd7c,ffa47bf7,True,-1000000,0,0,0,0,False,False,{},{},[],[]
matched_manual1010,332,source_off_after_episode_0,7bba51bf538ff58d096aba56df83ab046260b9a9eb621dcb5922438148bd45b4,d0b1023057fbc8a6e1183e223eaebfdcf054f8638c5c2e9fcee40ccdd4e2d4a4,40950,32760,c9642de7,384be915,True,-1000000,0,0,0,0,False,False,{},{},[],[]
matched_manual1010,333,source_off_after_episode_0,7080eca3089c269866dabf3ae5762f870f1c4883afcb1c56e60b4ec674443e9d,2e55c0b12497fd3654b5c028bb19dd92d28b771b81119c053d715cccd0e94966,40950,32760,9085cddc,b80e02a0,True,-1000000,0,0,0,0,False,False,{},{},[],[]
matched_manual1010,334,source_off_after_episode_0,a5a35ae1144670c4a74290a31ba2d1313240e99564d87bfcc3682ee072a59a86,5b9bc501b38460b6c0287f867f0c1ea29a01e1e6b6b9492aa3f06d0573d7b89a,40950,32760,8594e686,9d5a5dce,True,-1000000,0,0,0,0,False,False,{},{},[],[]
matched_manual1010,335,source_off_after_episode_0,22d8eac1541bac1bdb2fc377d4eb70a4920b830b2bb939c5a5a6e40e3f8d2dee,7a77a254e189a54901491b69074c3d1d07e8559e773777e90121e239b967c58d,40950,32760,3f8d579d,14665405,True,-1000000,0,0,0,0,False,False,{},{},[],[]
matched_manual1010,336,source_off_after_episode_0,969ad7f97adb87b981e0eaf8079c2eb828beb56c8edf46da08cd2f8df9a4e27e,b11657d787c3953904fa275c1c182a71c86a21de431c22e719f75b9b0d281378,40950,32760,e2980d88,8e357d1d,True,-1000000,0,0,0,0,False,False,{},{},[],[]
matched_manual1010,337,source_off_after_episode_0,0dac200853773867395446e5235ecd870fb92bfa3b849948674a4e6e0d27a13c,742fd4ab917d00992643400935cecfcf77218717724a6c537e6c8df9a04d627f,40950,32760,9846ddb3,edff13e5,True,-1000000,0,0,0,0,False,False,{},{},[],[]
matched_manual1010,338,source_off_after_episode_0,319714d82cb24854d321594299180b86deeaee9f9686a0f0731716422c4dd503,a572d5222efcdf0ad1ea464402bbf91302b03beeefe0431972b9a0884e073d92,40950,32760,8ddec2f7,734290d1,True,-1000000,0,0,0,0,False,False,{},{},[],[]
matched_manual1010,339,source_off_after_episode_0,4eb30795ee6e02cae942be2487971a544f1442c49dd01dc16f396f47d0d33910,e6e1234e3240420d3c39ee585be0c6092b2ac8d62afc66fedad7874331faafd9,40950,32760,72399730,aeeca67c,True,-1000000,0,0,0,0,False,False,{},{},[],[]
matched_manual1010,340,source_off_after_episode_0,e999d44f74ca38b6ed9cd93c7b947a12551d295575b0fad65781a2d3c6af5f0e,3e324c7719be15263a9c3ab8de1ad73afa4edb04438fe8e56c250c5472b8050e,40950,32760,a2bc1b7d,65d8fc9d,True,-1000000,0,0,0,0,False,False,{},{},[],[]
matched_manual1010,341,source_off_after_episode_0,d1f82f4701f35f9dba8145b92587cb87f0589ec2443e7b84b136895be4cacaf0,cd434bf4bddd978fd040b3f60232cf683daf63c59d28c1b7aed3438963466182,40950,32760,949c6aa2,2c5134c5,True,-1000000,0,0,0,0,False,False,{},{},[],[]
matched_manual1010,342,source_off_after_episode_0,066def2ab276372981e7093b846dbace5592c116fa24dc51006d249212626dce,54b3aef66a448b025adcaeb8a6d621b8555a53694bc1d5ea94ba1d650c5a7cd6,40950,32760,61e6d334,097a4e73,True,-1000000,0,0,0,0,False,False,{},{},[],[]
matched_manual1010,343,source_off_after_episode_0,be3f38994c80ac2209cae7b11dc0e1c350c09dcad6ad79cf5d53b9fb573ac99b,c103dddfedbcfde51702b34031c6958fbf531ecdf5529bcef8532cc34d0ca72d,40950,32760,4b7b8562,d8f68e49,True,-1000000,0,0,0,0,False,False,{},{},[],[]
matched_manual1010,344,source_off_after_episode_0,6e704fda8ed7ba3adb334e739dfcacf14de18fdd38f0083c9eb5908d52e7236a,21a38823aef896bab1bb5167595e38788b1021250027f8724d8a4071558535bc,40950,32760,25f8cfa8,3ed86d77,True,-1000000,0,0,0,0,False,False,{},{},[],[]
matched_manual1010,345,source_off_after_episode_0,ce9e12da71a85684a458e4e04f93e6d421800352c39793de0f15d5e371c64022,6b6b15b28845f29d584c14761abdd54eaed4a6c6e8e73d8373c4ff9c77ce1611,40950,32760,065908f1,3ea30524,True,-1000000,0,0,0,0,False,False,{},{},[],[]
matched_manual1010,346,source_off_after_episode_0,12decfeaf993c8aca9915c2bf565eac69eab2d9fa1f8eb9d261440fe220ff1b5,0d3f826a0a8688855909c6b9cfbad95022a0131a14795d64df8fd671b029ecf1,40950,32760,105b0b81,6778a7ee,True,-1000000,0,0,0,0,False,False,{},{},[],[]
matched_manual1010,347,source_off_after_episode_0,4f3e77a83c0e9e69411c41e250f65a049482a3504537660727e2452a36a25274,c3042a75221e93e99f943a8734043cc0104d2680971887db997606051a62c3d4,40950,32760,2d007cc6,e95ec803,True,-1000000,0,0,0,0,False,False,{},{},[],[]
matched_manual1010,348,source_off_after_episode_0,36224a3d8f2ec8c39f28a7ff977c2235836c754f548474b99c30f6f36fda4014,fbc86fa0de4a1f5b18a41658db2a4bee7f21e8f6c2179dc2be2b8f65e7ed4e40,40950,32760,7524b696,c030c24e,True,-1000000,0,0,0,0,False,False,{},{},[],[]
matched_manual1010,349,control_transition_guard_excluded,d5f072be1dabfcf70d835ea3b3fa76fe2a1997ace9afe2c30aba15fb266fde42,13b04a24b1dc469e92f5c61009d1bc9f304843ed46b9a0f4ae0cf458b8adda1f,40950,32760,7e999b3d,f34cd1e0,True,-1000000,0,0,0,0,False,False,{},{},[],[]
matched_manual1010,350,control_transition_guard_excluded,c2ed14d13124884ec85ebee6ee62a1f343e9cdcf11c3941d96c933a25eb2ac38,fa2125ec90079cd6a9310ff065b4054b7bff4010a4e70bb1727cb0a3a2fa78e4,40950,32760,0aa925ea,eca96ddf,True,-1000000,0,0,0,0,False,False,{},{},[],[]
matched_manual1010,351,control_transition_guard_excluded,f5fbea26c2a90ea831fb7caea1bdd66a38ff396831729f5f014ef93ae6e82ca4,3aa7bf644270c91db87a87d31117cda1dae2568f8588979971f33ddd9e46e27b,40950,32760,921ecf64,0953d2a2,True,-1000000,0,0,0,0,False,False,{},{},[],[]
matched_manual1010,352,control_transition_guard_excluded,585a3c1408eec246564d72235dc6aba38343e762394214386a664bc5b4c4cd7c,5bab482ab95110da55ac9c41457bcc6f2f69bb1057d0b474fd25e9e254760bdb,40950,32760,d757c5d9,e8768204,True,-1000000,0,0,0,0,False,False,{},{},[],[]
matched_manual1010,353,control_transition_guard_excluded,1c571eafaa255bb363376c2e347ffaeb8a438dbeeae566569b271edb2586826d,934efdf9eeab933214b587cbb317104d826d51966b50a7c61424a2314605bf34,40950,32760,415f15f1,9fdaa29f,True,-1000000,0,0,0,0,False,False,{},{},[],[]
matched_manual1010,354,source_on_episode_1,2bdf4eb082d0155c95b123752a4fa759e07e2065aaf2f038f3b3ddaa9a32a4a3,d8d04a2d04f6ad300c547ea3bbb4953cc567e3eebd77e65e9d8b87e9ee2c373b,40950,32760,24f4b782,0b60cc1f,True,-1000000,0,0,0,0,False,False,{},{},[],[]
matched_manual1010,355,source_on_episode_1,4fcd5a15ba0279d4d5af228202d4f4ee24afcc1b97752ffee136cb473fda12ef,e6c9e6e07c8e7262365bc03a6869deb30caf3330376441c2ded4ae244b5dfa97,40950,32760,9fb06835,572d08e0,True,-1000000,0,0,0,0,False,False,{},{},[],[]
matched_manual1010,356,source_on_episode_1,b1b5fa1f2474929f16e0c4fd28d07bd344a1371d5ed9496fb3f295459c64ad91,c5db56469097ed11604b80124ce54e587f23e76cc5299004ef8cb35bc3d1effc,40950,32760,fc203539,94047868,True,-1000000,0,0,0,0,False,False,{},{},[],[]
matched_manual1010,357,source_on_episode_1,9ad9183d0a929b250f77191dc31e323b0fc702eb58000efa5d004559ce6b0f21,d389a45e4a7cc2d42fce37cfb4d10a9d4dcc84f2d0e7f678966aa6d9892f248e,40950,32760,9d33b93b,1d90bcee,True,-1000000,0,0,0,0,False,False,{},{},[],[]
matched_manual1010,358,source_on_episode_1,c1a09db1d350d2680884288c604b7d9dea112775cbbb9b50a17dacddd276134c,a59a38f79f27a0068fe91593ebb79053fc36cfc1ee9a6793286014f115b11449,40950,32760,48b872b3,80030fb4,True,-1000000,0,0,0,0,False,False,{},{},[],[]
matched_manual1010,359,source_on_episode_1,117382d99d9ca8c242b89079a698ac9754f572831b18c5492288cb1fabcdd381,ccf7223773ee8181c341402ff4011ac12bf3188e5fc96fe70a7473834c9ef17c,40950,32760,70ff1849,d8eeb24b,True,-1000000,0,0,0,0,False,False,{},{},[],[]
matched_manual1010,360,source_on_episode_1,359c3833a55df0736f1ca1ded40dc7c0bfa51c5c1a9de9e105a2434237008ec7,1552f6a051b6e4c94d512024a8fd01c0acdb1777001394dc40ae8424d673e04d,40950,32760,f9662fb4,c428de56,True,-1000000,0,0,0,0,False,False,{},{},[],[]
matched_manual1010,361,source_on_episode_1,2168cef1ede200e387bdc770a6348c213b282fa88a3861c742e163ccc6b6b82c,3bc66881c5b1b7acfb53d5c3ea77a49d54f74b94058dc00f7df402a34429255a,40950,32760,662d563e,e8377339,True,-1000000,0,0,0,0,False,False,{},{},[],[]
matched_manual1010,362,source_on_episode_1,3ab3c05600fb3b93f1999c09d22629e00ddadd0042a76e12f3a67a70f53bf446,5c49fec8800f947c4fe151b4b46e056139bddebe34ef94682af7b9d9a173572e,40950,32760,a5b166d4,be35c409,True,-1000000,0,0,0,0,False,False,{},{},[],[]
matched_manual1010,363,source_on_episode_1,c52c903ff7c6f1d3fb6f6348cac38048cf985225b71aa31c2458d0510abe9099,ffc9d041bacfbc78e15e5b60f868ba8784dd071c584274eef3506c42ad625eb3,40950,32760,e70a6632,3432a4c3,True,-1000000,0,0,0,0,False,False,{},{},[],[]
matched_manual1010,364,source_on_episode_1,a5a4c16003d1c152e7d90e5058c5790c7b42dbc736d4d786e142e55bf8833024,738fc57a1ccbf8f36942ca533be4ff6df31783a90e316e5fd308ec56a4864b13,40950,32760,dc503697,c1c03493,True,-1000000,0,0,0,0,False,False,{},{},[],[]
matched_manual1010,365,source_on_episode_1,06ef13c94db9449c3f1d8deadc13a4d4fa831cc1d3b1411df7f0921120347fbc,4848ecfedfe6da2108cc2cb9ace5b90e1497f3d2d6e9416b236c31c306836989,40950,32760,f7f3f2c9,8d007b86,True,-1000000,0,0,0,0,False,False,{},{},[],[]
matched_manual1010,366,source_on_episode_1,89531852aca1474822bc8b17201becf97cf3d3801a5172c018f8bcbeb9d8115e,0902c6d2772333a002a549c5a624a4e7d506487185ab19bc173856508818dd76,40950,32760,3abd91bb,f2d000e0,True,-1000000,0,0,0,0,False,False,{},{},[],[]
matched_manual1010,367,source_on_episode_1,51e3b153741153bb3c8a91a162c1c52ddce452a32af570efc90b6b43795aba44,a6883795e394c9334c07a825740593e7c0e940728978469da0d155bdf6557f80,40950,32760,9c0b6be9,b0dea7ea,True,-1000000,0,0,0,0,False,False,{},{},[],[]
matched_manual1010,368,source_on_episode_1,e8d3132ff74ec2f6f84215a809e6c96a6b752761e63fe5b449293f5c9e26fc36,371feea2ae25601b29e12087ed9c677079f1af460c1aec7d90a47854f51049e5,40950,32760,395db798,682d650c,True,-1000000,0,0,0,0,False,False,{},{},[],[]
matched_manual1010,369,source_on_episode_1,11f05f0847d25e4aa9eca0f5b39c0199a0250f9d06cb987b30b1d6f504e5a2bd,fde1e35940e6083f564a45c324c36fd896c973d5fba4a56a66fdd90fb6273eb7,40950,32760,8991d8d1,212408f7,True,-1000000,0,0,0,0,False,False,{},{},[],[]
matched_manual1010,370,source_on_episode_1,c50096203bc04413a6938f6a4f9398b1c914c929d61f6439a65602e42d7e97d9,8981d07202df077d90429cc5fb251911104ca71386c6655c93dc8298a5a281c9,40950,32760,ca812928,2f04f135,True,-1000000,0,0,0,0,False,False,{},{},[],[]
matched_manual1010,371,source_on_episode_1,f9e22d945b24d991774951c37a710496b9e152a82cefe721b60f11089b3debac,bd6bd4967218585f62c13798a73718e4fa471cd07ad8d69f5b970dcc1edc9855,40950,32760,bd6049d8,fc4e04ab,True,-1000000,0,0,0,0,False,False,{},{},[],[]
matched_manual1010,372,source_on_episode_1,8e4b37eba5790094af640af69a17aa346bfa2fb6db18fc4801510e76b401a768,a0c0eaed4fe1ae875ffaa15a8bf7eaf13cd393db9e55a21877350da2de107810,40950,32760,d3b0f507,59629d83,True,-1000000,0,0,0,0,False,False,{},{},[],[]
matched_manual1010,373,source_on_episode_1,6b0f103223074ffd054d7be8fe9cc68cf1967b381301501ce24615ad4d9cd9f8,1f42a4a62463cffa8bd4cd6693bf46fe050d2ea293d10ef312e172152be99563,40950,32760,07bce0ac,ed6b525f,True,-1000000,0,0,0,0,False,False,{},{},[],[]
matched_manual1010,374,source_on_episode_1,6dd3b460a62280c9452db70120d7c7aef736e3179aa118563a391b845a986a3b,fd6a7fb22ddc0257c28dd15170bad7c51eac494659429e068dc9c8b85b7b86ca,40950,32760,25d435db,3124e103,True,-1000000,0,0,0,0,False,False,{},{},[],[]
matched_manual1010,375,source_on_episode_1,a89e5b3e4c480be218bb68cf27289e65f3a0b258d05e4ac2bce7a30b8d4d476a,9fa7386b2e6be89f55e3a3713250065bd0e49821163c690cb18a6cc02b431d07,40950,32760,d6152886,20241e2e,True,-1000000,0,0,0,0,False,False,{},{},[],[]
matched_manual1010,376,source_on_episode_1,1663a5b33225afd125ada59db2fdbf503ca5c9586f5bd105aeb5fe019ee285c3,a78c7b4863ae67a8482fe9bd2902b769ac3243da627cc7334dc59f434574560f,40950,32760,3f1b3c48,0787d451,True,-1000000,0,0,0,0,False,False,{},{},[],[]
matched_manual1010,377,source_on_episode_1,9f25cd4a1e4b2eac42ddadf658d18779d21940c503dc05a96bb7889b245eedea,4d72822956247d44f33083fb468918697a03471a52611c89c98cde3551edec2a,40950,32760,e4e1a563,57f833a3,True,-1000000,0,0,0,0,False,False,{},{},[],[]
matched_manual1010,378,source_on_episode_1,9d1655f451921f992b18d41e13a5f2274d2b91803da7ec979faf0e9b898eb48a,1b7acc133ca8e004e6153a7d054f0cc9f5c048f36a8a21af160cc8e6829f72cf,40950,32760,934b11e3,e3bf0047,True,-1000000,0,0,0,0,False,False,{},{},[],[]
matched_manual1010,379,source_on_episode_1,5d694ad66f6cf59b0c7d3a7de4bc7a206e41040091dce0f346bc3a0be50a06f9,354221f87c1ef1724a0f1b4ad8cbeb08d6f39118181c9402a69a705baf3c3fc2,40950,32760,a7802136,cb7c2a17,True,-1000000,0,0,0,0,False,False,{},{},[],[]
matched_manual1010,380,source_on_episode_1,d0da9e5669e3a0ef4dfb221766ea633b91ad4a1c25ca6bea4ead22982ff98334,6cebc1d40d40b88c2a5aef70a4700962b025151fb17a832a35c0eecc24a4f74d,40950,32760,6bbe91bf,3335a5fe,True,-1000000,0,0,0,0,False,False,{},{},[],[]
matched_manual1010,381,source_on_episode_1,f7e15986de44f8fb1c8ca39f2ffc4b877e2832e467499184e0481e0839fbc6a6,e365b0d6501ed74c535131fb83b874b331b8c165e945768b62b31f9e1ebcff27,40950,32760,0047f1bf,0488827e,True,-1000000,0,0,0,0,False,False,{},{},[],[]
matched_manual1010,382,source_on_episode_1,5c379c997dbd73e2b88beeaf86e922722e9e6dff81a1fd569dfd806a311c7311,6ec31e46979b868055d493da4e5e82d817e3056c8bd6abd0e1f7d85378c54ee3,40950,32760,4e5692c3,da938b99,True,-1000000,0,0,0,0,False,False,{},{},[],[]
matched_manual1010,383,source_on_episode_1,013bab400bd041387d36615a1136b5b140659d09601560e15ed30260fed581d8,dc12f413154eaaadea3e41cceb3d78573cb34e9ff4e15e7c69694de2649c55b8,40950,32760,d36daa19,efbe6f4f,True,-1000000,0,0,0,0,False,False,{},{},[],[]
matched_manual1010,384,source_on_episode_1,bbf865187e5237aeafdd9d5a391e8aa55297370d911e35174614728bf8e54125,3d955457d1cd435c25c5a16b6e51b005dc91bc87d0bfd3672e4add407798c285,40950,32760,baf51d4e,7d3e4f48,True,-1000000,0,0,0,0,False,False,{},{},[],[]
matched_manual1010,385,source_on_episode_1,1a71fa3fa3c23d61bdf5b348ea6d44f105bc37c57b1413fcb2b0ddcd5e70fef5,c31e9f5902ae4ff585aeca7f49b658827132527dbcc839fcdc5a8620d76b9292,40950,32760,aa06ff3b,3488610d,True,-1000000,0,0,0,0,False,False,{},{},[],[]
matched_manual1010,386,source_on_episode_1,84c1c684c1a90e326b52c6c0e7c2a9a4935b784eb53067bfc3a77a18da33d472,84e447cd33431e2f22a263512d24113b5c9caa06a7c8ecbdcb6caaa24986c87a,40950,32760,388c1a9e,5481f293,True,-1000000,0,0,0,0,False,False,{},{},[],[]
matched_manual1010,387,source_on_episode_1,ff1e447864e2e1725d7aa44687dee2c7061020a4b74f48887eef3ad11388fe9e,694e9a920c98834455bf47ee74a6a055266fe5030f1bf1b8d2c7b79e62bd0579,40950,32760,722d73d6,77451181,True,-1000000,0,0,0,0,False,False,{},{},[],[]
matched_manual1010,388,source_on_episode_1,5d6337cf11ed409f94ca68fbf803c4b0e9e918eb010a899b9228d9f0fc97bf92,9f152233a7bd83141cd977e4416858a8e174bab4433624887005b7d00e5456cb,40950,32760,d4c9ebed,884fda87,True,-1000000,0,0,0,0,False,False,{},{},[],[]
matched_manual1010,389,source_on_episode_1,773f2705aacb0a176633dd64dd7a133e324aa1c5589279c14cf947ba89f61f5e,9b0f96c499731a80ef9e509ab27dca0e3acf58ac55c20e9cf12419c883c3a1f8,40950,32760,fc8f6d91,4cd65991,True,-1000000,0,0,0,0,False,False,{},{},[],[]
matched_manual1010,390,source_on_episode_1,2db945abd66f9be87d0dbc426da397c2234bc6897699f6bb679e0ce022cf5925,5096cd73ff4c602989a7b242c94f2d11ac398aabfce2b4e144593791a68493de,40950,32760,5b32f3e0,437037bf,True,-1000000,0,0,0,0,False,False,{},{},[],[]
matched_manual1010,391,source_on_episode_1,50fb89910ae87b4e8fcf52e8dc913f3bdfeee55b949e54697701ded447886aa1,70ddede151a538058844b5dac4a59f9cfefc1568f6c066d25731d9fe5da103db,40950,32760,ed185df9,90297455,True,-1000000,0,0,0,0,False,False,{},{},[],[]
matched_manual1010,392,source_on_episode_1,6a857aad6eef898a40dc5ac54366931d27026dd1e76f31b0dc51dc3dfeb0ec39,4b287400f002df106f18ba2e04a75cf53513ce68f5e75000481e9cf36ec154e2,40950,32760,24f11b5a,71e991d6,True,-1000000,0,0,0,0,False,False,{},{},[],[]
matched_manual1010,393,source_on_episode_1,9edeafa7b2b2a24f151a47f9df27a30bdf0f796628398258ca997e3c8158b161,b1616bb87326cb944afaeeff6ce6751e3770685eeed77614cad7c90803e27b52,40950,32760,c95bccf7,891ac7e1,True,-1000000,0,0,0,0,False,False,{},{},[],[]
matched_manual1010,394,source_on_episode_1,0d8e51844022c5676b398612ff60c92c25c8c5003b8e0fc8cb1dffa53dc6cf2d,f5a3ea8e59666322b103e51edc24e39262ba6fe2290e895b70fcc153f1cc72ec,40950,32760,1cc07d42,4ef765e3,True,-1000000,0,0,0,0,False,False,{},{},[],[]
matched_manual1010,395,source_on_episode_1,39b537a803b11146300aa3874b079aae09a554080caa0d5cf48e5c226c633957,1fa67156eec0ebd77445852076d76a975f53f85bc07b2b1a066325c0e165e874,40950,32760,2e94a31a,c2fa01db,True,-1000000,0,0,0,0,False,False,{},{},[],[]
matched_manual1010,396,source_on_episode_1,f69d995d2510a1e2351f8644b02586a647c2101955192785299473514afc6f62,081f27623cdedd75d13a49e06ca10cfb9cadd1092501160d13a10d38d4665d6f,40950,32760,edc855fd,b7ef82ac,True,-1000000,0,0,0,0,False,False,{},{},[],[]
matched_manual1010,397,source_on_episode_1,d39b06499ca9090d03eb416839482ee374d3dec94c11808a02a1ca9327a7bdab,e0c4d7cd1d3a4069af3991bd6177fa79f3ffbaa0bab6ad74898e008744d7d50e,40950,32760,e980c15e,364c7661,True,-1000000,0,0,0,0,False,False,{},{},[],[]
matched_manual1010,398,source_on_episode_1,3d5c93cc2e16123a8c505073db893420ee36c6457420b7035101b4825db975f0,a0904300f5b31e0c036d45e50df0bb33a0ba484b0772f690ffaad1473ffb18ea,40950,32760,1987440f,69482909,True,-1000000,0,0,0,0,False,False,{},{},[],[]
matched_manual1010,399,source_on_episode_1,96af84044c10e845c534c77adf9f9ec5a370685dac4f103c27a8449c809f33c5,9d2af76d02ca01681ed70b1746228569b8bca69e4d9a437e3fd1485377c7af59,40950,32760,af9f6f54,5af1aaac,True,-1000000,0,0,0,0,False,False,{},{},[],[]
matched_manual1010,400,source_on_episode_1,30021eb83f4d2f71720121890b1eff5b42eeb9411251e7e86077cd460782ba23,d4ea7045642c267869dabeea97f8698dc47aa3d957e6531e6db0782cec6ffbd3,40950,32760,960ed63d,d002e8c6,True,-1000000,0,0,0,0,False,False,{},{},[],[]
matched_manual1010,401,source_on_episode_1,fc9c8e76b0809562ff5aaab56f8e737aa4c3ebf27603f98f89d73a1e3d2a58bf,aacc03e9227a11215eb6be74a0bca6bad018df01befcb3b3a586d8246b327938,40950,32760,154700e7,17504e7d,True,-1000000,0,0,0,0,False,False,{},{},[],[]
matched_manual1010,402,source_on_episode_1,55bc02f1ac52306fba66a665ef00c1ececbff2d361ca739e634d241241bcd865,a2bcdf82b23ccf343fcb450b8a70370e561ed207ba26fc48defc4ee89a1ccf62,40950,32760,2a0f0560,99d78091,True,-1000000,0,0,0,0,False,False,{},{},[],[]
matched_manual1010,403,source_on_episode_1,d331dd73fa1eec207d34051d7707d752899bd8d7a00c62902bf3d059a7c6339d,a4ff8d16b6f8596f1fae9607beecb71cf163c5c763f132a94d17e93e06c10e6e,40950,32760,a28bbdf8,c9c6e9da,True,-1000000,0,0,0,0,False,False,{},{},[],[]
matched_manual1010,404,source_on_episode_1,30eafe4baa02e2cda0ea01a61783f3005a40fa2e04d1e35f98e62e913488d878,689ed2514e416e6d0eabdbb6f9f868885b2e41e9f0d0e23d46731ea50e5e37f5,40950,32760,4a985c1b,0263878b,True,-1000000,0,0,0,0,False,False,{},{},[],[]
matched_manual1010,405,source_on_episode_1,3a25bcc935769c0488663502cd09eca95cdd060d8dbebb3d2d88f139f20066ff,044113b524aabc5dab0df32cf399f719fea6e6d064396e4677d6cdd8eee8cb35,40950,32760,542dbbbd,6befc910,True,-1000000,0,0,0,0,False,False,{},{},[],[]
matched_manual1010,406,source_on_episode_1,795253742d6b9139169f76db727945fdc41e3125dfce7e5ca67c5f440d2b4457,d8f62fc4b71412c69fdf511361c0f057e0cf061e5259984f0adefe4b389f254c,40950,32760,e2d84b87,2b7dc666,True,-1000000,0,0,0,0,False,False,{},{},[],[]
matched_manual1010,407,source_on_episode_1,458ee9abf29e05e246f50e55332c1209b98240adb55e5f62eb3c924a5389aff9,7775cedbcfa288016987843a7fba57cd371fdbc96aa413c0ecb302883d925573,40950,32760,3015352e,dcf5730e,True,-1000000,0,0,0,0,False,False,{},{},[],[]
matched_manual1010,408,source_on_episode_1,186a2a149328d47d3e5109ff7b25a235e176553c809e4db25c1c6c8e7b50bc08,0a1057b0c9010af86169795c53962ffd15d068e41c94723daa573ee10999b0ef,40950,32760,0ab0b9ba,e1dc5bdb,True,-1000000,0,0,0,0,False,False,{},{},[],[]
matched_manual1010,409,source_on_episode_1,0f9963ac9f67c3b6b7dabb8bab9debfd30d84edaafd870605ee40fed681eab2e,add2a807a1ddc9bc24a7d1cf66b20a5668df8c47dccbfcd7eaff37277f51688a,40950,32760,7989171e,7865c689,True,-1000000,0,0,0,0,False,False,{},{},[],[]
matched_manual1010,410,source_on_episode_1,afacfb9e0bd052ff0051ae7011ee2eb098dbaa5675fb8584c615fa5ed29e10ea,b405a76d9619a5e45978e690a13cbbe0d52ad98bb61f8a4165b1da8e597fa0df,40950,32760,8c35681f,8df1967b,True,-1000000,0,0,0,0,False,False,"{""crc_failed"": 1}","{""crc_failed"": 1}",[],[]
matched_manual1010,411,source_on_episode_1,4ee2379994a7d3da3d4d137be8d2896befd5f136301aca77144fa64f7923a7d6,3a694fe9a0efdfec91d0b1ddeeeb7408dd5d86415bacd82ab598ae4ec70b5b52,40950,32760,2072b45e,aeea8947,True,-1000000,0,0,0,0,False,False,{},{},[],[]
matched_manual1010,412,source_on_episode_1,9cb674a01faea7bc800311bc872dd755bc47bfaa9301c15a7fda61ce3380f02d,3629091f19ce54e646e509900555fc8801db10d7621d2cb99c9889397c21cfb2,40950,32760,4630e355,12a849a6,True,-1000000,0,0,0,0,False,False,{},{},[],[]
matched_manual1010,413,source_on_episode_1,35c6d1f594fd794cb12b9261a5eb292cd511047994563ab85d6f81f8d5eb4d99,d7210c36980d6ea03cc419b392b294563f77f10031ba15057d25099effb0e78a,40950,32760,56946944,1d864f19,True,-1000000,0,0,0,0,False,False,{},{},[],[]
matched_manual1010,414,source_on_episode_1,c9f66764aebf80097b8dc43242251516d26f4f18936d93c65bed20248121e8a1,7e147da870caea8fcf1d7e67f220350007eacae8a5fd9edc12ab1730aeb0a060,40950,32760,6e6e96b1,80a1b1a3,True,-1000000,0,0,0,0,False,False,{},{},[],[]
matched_manual1010,415,source_on_episode_1,a514c02cddf5d59d3faf1faa82c20f145746e844fee35a67f6eb761c71e2826e,523a93452749556e1774e256333a03eff0fc93af3a1b7a061e110080935a7487,40950,32760,7c1ad534,f6f64dc5,True,-1000000,0,0,0,0,False,False,{},{},[],[]
matched_manual1010,416,source_on_episode_1,e5e9a8284218adcc3d85ec0dee818e6925d27567358fb56941f2d7011bf0bcc7,e7ecfce236c14674b46d6dc5e9ea4438643b31c5e4df93aa1ba17e5b92534723,40950,32760,fa2c3482,ba32b358,True,-1000000,0,0,0,0,False,False,{},{},[],[]
matched_manual1010,417,source_on_episode_1,1c468eff1d7a383641653bcca999585016baedd70b3fda71a6d5220215b9108d,c105fe59a8ebe632a8d48cae3f08eb51eddcea0ec2a9d59fbc936edc4ff5274d,40950,32760,f556aeac,be08a2cb,True,-1000000,0,0,0,0,False,False,{},{},[],[]
matched_manual1010,418,source_on_episode_1,773405757a8a4faf278fabc1557203fa6d6430d1d89af186f9098216f6696828,bdb5182fbaba5e4f99653790926a42946d2dea20b2a78e30651494c0032f40eb,40950,32760,e81929ec,4a56c18d,True,-1000000,0,0,0,0,False,False,"{""crc_failed"": 1}","{""crc_failed"": 1}",[],[]
matched_manual1010,419,source_on_episode_1,94146ca33e16edbadeb3f8af91de9f155fb5ae2b458919f64ce654b3611676b7,8b661978ff3e85afdf72f453ddac919b480e26bc491f4b24af665dfa60e83e18,40950,32760,ce23c1ff,cf5cc6f9,True,-1000000,0,0,0,0,False,False,{},{},[],[]
matched_manual1010,420,source_on_episode_1,d1832f3cad14f6f86e6976995f090c0b1a880421823e44dbc010eae00ac31c16,9e702c78c2124a46537c8938e27cc06b2d5bd26235cdff4f28c0cf9198bd0939,40950,32760,8d512d09,25900938,True,-1000000,0,0,0,0,False,False,{},{},[],[]
matched_manual1010,421,source_on_episode_1,88055c88201d838a7476c967f5f208f3c1f1bc0523eca629e8658c23402ff400,cd907e0c43146aa8bf53f2071faa1216a10fc20926d3689ee09400444adc01e1,40950,32760,b58cec8b,7a8b12c0,True,-1000000,0,0,0,0,False,False,{},{},[],[]
matched_manual1010,422,source_on_episode_1,4364a39f0723ae495c1e15fdcfcf3b0d1eea5d1e5af4313b48f785742c249572,f5736501262e36697afded786ead0a82687fa464190d33d3f03900faa7c6a4c1,40950,32760,04d1f554,bf25db32,True,-1000000,0,0,0,0,False,False,{},{},[],[]
matched_manual1010,423,source_on_episode_1,b1c0b59c6d3084d3b7f6bdedcbc34e73f76ce0b3aeb0583651319ddc6f0c2219,69517848019f57f43d9c246b1b92dfb02776a5d6ef164d45773155d9484f35af,40950,32760,c6a5a642,48fed12b,True,-1000000,0,0,0,0,False,False,{},{},[],[]
matched_manual1010,424,source_on_episode_1,31859b64167f14a9db190e578f25f4b038ea54e2314926294ef5f7c564229af4,ce25b227a87d12b15d2974669a9e14faa4b3bf3e7b78db44f7ec9e86262f7df2,40950,32760,2a100c24,fecdcf07,True,-1000000,0,0,0,0,False,False,{},{},[],[]
matched_manual1010,425,source_on_episode_1,78ee379847191c29c8175751019acf669b2f00e5fb7a86e9564ed5d76c4b966f,7a99f8bb8ebae835a5bc6dfde4d3f64b920b9646d7cac52f0c1973b61f986603,40950,32760,91155502,82c3d49c,True,-1000000,0,0,0,0,False,False,{},{},[],[]
matched_manual1010,426,source_on_episode_1,ba98bb206855de0ae771ec022bf61a28df452a4055f2838f02e02f10da871b37,5a0a86ad9768a14795f1bb6fa35b99d7156960f0529b1351ea6bd37bc5ab1daf,40950,32760,71f0dbb2,86ca1f9f,True,-1000000,0,0,0,0,False,False,{},{},[],[]
matched_manual1010,427,source_on_episode_1,a9726473ddd414f7fc4cb0268fd5b30d5b9a1b4f6b0c2671955d483d5b564f44,824144b865557eb5779cefac97959b80dd0058d04404ea70ad1c767e11cd0ef1,40950,32760,2bd65c95,f882bf82,True,-1000000,0,0,0,0,False,False,{},{},[],[]
matched_manual1010,428,source_on_episode_1,f0e1f0d533ed755c2bb760ec29e4a39ef18a7a51e0175b5c424c3674aaf16c98,c622dbfef8a78deaa6bf269a8266d2153f0a0ed3520f5937c253ef46f9a0d5ce,40950,32760,6f9f1e77,722751b7,True,-1000000,0,0,0,0,False,False,{},{},[],[]
matched_manual1010,429,source_on_episode_1,d549415eb7af7aa7455f61b6ef0ff635fb3fc6fdd9de0b7153ac341c37a5e93f,9b18ef7fe761fbed77cb677d2313a1189e703094b7b903753aec621d1adc15aa,40950,32760,e4bc922d,f364ebfe,True,-1000000,0,0,0,0,False,False,{},{},[],[]
matched_manual1010,430,source_on_episode_1,c8c251516816f1d470988455a5e4e093f0bbbbde2565aeb63b4757a2c28e22ab,4c3c1e31c8792198320cd159af965e309faece72307a61591367b51b758bf1fb,40950,32760,8a1efbf3,c13cc27c,True,-1000000,0,0,0,0,False,False,{},{},[],[]
matched_manual1010,431,source_on_episode_1,ab6dd8a281b84f336142a6a32d5a4ff480a831b165490b297a5d47041d174816,fe540ed38da869d2e4ecb250f8b6087f96ac427fd18245210d44561bcd5d1c93,40950,32760,1967f2e8,fd9375b8,True,-1000000,0,0,0,0,False,False,{},{},[],[]
matched_manual1010,432,source_on_episode_1,24b67ae509c680e77a835ded6410c700565348848818dca8298dabb1a4e8259f,36462a453a278dd84653dc5ae472b23a72b661c82554d8e44a83c6a2f138cdaa,40950,32760,19cb6334,6bbaaf0c,True,-1000000,0,0,0,0,False,False,{},{},[],[]
matched_manual1010,433,source_on_episode_1,f62bdd2eaaa6de5f1d65e9aaac50eb2087ca437b08fbb040027d762e001d2b6f,21a8ecb41fdef36fdc5370364f0915ecaa003bfddf602b7e6693bc560a1815a5,40950,32760,0b3267ce,d84c0b4e,True,-1000000,0,0,0,0,False,False,{},{},[],[]
matched_manual1010,434,source_on_episode_1,6ce8ee578a6df8a749e6d5de26680589e2c236818c3e8e32122bb7e00a9d15dd,27371d23a7ebbe7f4dc6526f7239c12b68618b800f849889abbde80fb22644ee,40950,32760,1f3ca9ea,fda86ea2,True,-1000000,0,0,0,0,False,False,{},{},[],[]
matched_manual1010,435,source_on_episode_1,77ed29aad7f40968a192f5b9927628e4302e8977eaa12839c459b9d204d6a86f,5db88eaaef8ec61ec00562cdca720e74a691d2a56b446c6db85ce44fab923c34,40950,32760,fe72c47b,0de45a50,True,-1000000,0,0,0,0,False,False,{},{},[],[]
matched_manual1010,436,source_on_episode_1,2ee2351a0b8eb80f35a343a231aeb7dcb1e2a2af8b5eccb673bc48537dd34560,987c4ce5a4e6d55158dd8ebef0ceba062c0b69fbc197bfcab72bd167c8256107,40950,32760,f07b1d2c,4b578f4e,True,-1000000,0,0,0,0,False,False,{},{},[],[]
matched_manual1010,437,source_on_episode_1,4bedee8e54e6d1d01e0737f41c7089ebd0da6704bdc3e5d1a0b21b3a8be79ac0,ed3d706b50b2f1ff8d6f3d2db8ab1efd19df28b0632c667a24324c15d33d47a0,40950,32760,acbb4269,825e36de,True,-1000000,0,0,0,0,False,False,{},{},[],[]
matched_manual1010,438,source_on_episode_1,507cdabbbecdf7e8e32d54cb25d402aaa97d940e98ed84e015f4f571ca528e6f,06d3144f75a964d71f0e82e47d38bc0f361961b65f578a84de5058d47ecad110,40950,32760,fbf1e052,a5e4405f,True,-1000000,0,0,0,0,False,False,{},{},[],[]
matched_manual1010,439,source_on_episode_1,0405eeadd8eedea7bd38125313ed27d57e43b8fd21c772759b766938a7910f09,cf8e45c8be7ab732e12c7e2f3c5864c339e31e4cb13a171fe9123a1022506739,40950,32760,c9dafd3f,dc2ce63b,True,-1000000,0,0,0,0,False,False,{},{},[],[]
matched_manual1010,440,source_on_episode_1,506b66c076141a0a2270125ff3513c1a78750c5d2d0d69c5e0a0ec254790d3a2,332266e02009e2163e95073ccfb2ae0366f7a7bb7caa4ef0eb30166cd6658bfe,40950,32760,223b7602,84923fdd,True,-1000000,0,0,0,0,False,False,{},{},[],[]
matched_manual1010,441,source_on_episode_1,c33ac73b531b158b37904e9c575a290465fdc0805f630bf1dc4ace91ff02a1c7,7162b5e04821a8500331e2398f12dd1b78cc985ea033d9fb317bb65a0e619db3,40950,32760,45c80aa3,8aaf6199,True,-1000000,0,0,0,0,False,False,{},{},[],[]
matched_manual1010,442,source_on_episode_1,5dbe8ad7201981aa8a611fb4500f327e498aac0ac43b12619c4399719dd86731,0f7a5b56988aca1841540eb9467d659b08a1fb38eff93865610fb56f6cb24272,40950,32760,77474346,0dadf8f0,True,-1000000,0,0,0,0,False,False,{},{},[],[]
matched_manual1010,443,source_on_episode_1,9b68654f5510b1e7d07cf6188ee4f4e41cf32de6904ee1fba43de149b749fe86,557bb24b96cfa93bfcffffe1a4e9df2cd23b9b7aea787e9c0c9ebc8152bcf7ba,40950,32760,56713525,f7c8024a,True,-1000000,0,0,0,0,False,False,{},{},[],[]
matched_manual1010,444,source_on_episode_1,4c019ac647a7ed060de2c1584ef027575f4c417f5ecb855570573eb0c14814c2,b88334c48aa0574c6599e6f74a69f07524608b196a115a120e45d7924a68c48e,40950,32760,23424f63,2736769a,True,-1000000,0,0,0,0,False,False,{},{},[],[]
matched_manual1010,445,source_on_episode_1,31fa6fa6d7e04bff439c3a1fee1cb0c913fbf5cbc9f4b1daa098528a6c57d911,a8288428dbeccca5038b8016d06fa07eeaa55ccff46a4d56f76c267ba4c1f0d5,40950,32760,46dd53e1,ec29dd8d,True,-1000000,0,0,0,0,False,False,{},{},[],[]
matched_manual1010,446,source_on_episode_1,e6d003197ef5a35fcc3c800914cbb0d20bee918fedda0187547ba95e2d51fce2,afe5226f08381e9e32b0c6c2253ad4e5a759107cd360e4a49b604d3857a73081,40950,32760,88929598,22e7776b,True,-1000000,0,0,0,0,False,False,{},{},[],[]
matched_manual1010,447,source_on_episode_1,3bbaf1c2973316d27449f63d6598d6c8a5d1769d94ffc34fe83f0d338ff94511,25114c9f84ea90971deb43ef7499cb57f4f70c9a807e5abe3aa94054cddc611c,40950,32760,a2be03d7,08a2a491,True,-1000000,0,0,0,0,False,False,{},{},[],[]
matched_manual1010,448,source_on_episode_1,e367327bd5985a58d59eb93164013ce47e222824fbea22cfd526285ab6181268,9a19bcca4803e8d8e6639944d4eda1fec7d2b791dd5637a5b3d5b424405259f1,40950,32760,69b4126b,2a381a1c,True,-1000000,0,0,0,0,False,False,{},{},[],[]
matched_manual1010,449,source_on_episode_1,18a4d113a821011d40d6ce0c929254d47c5a74b977785630311c15d103f87f83,e3bda9ebaa045bf15a78d7d6f64c7f88063cbdd1f015eb71605cba7d0fdd11cb,40950,32760,1eded08b,bb52272a,True,-1000000,0,0,0,0,False,False,{},{},[],[]
matched_manual1010,450,source_on_episode_1,cee7529e5a9ba87b5cf8ae8e4e1535bf7416ee9f33c66ed29faf495f7071820a,163980cb1a7758704ad49b4fb08020bb5c3272e92679023a30cdff83a919b61f,40950,32760,b7155f1b,c8dec44c,True,-1000000,0,0,0,0,False,False,{},{},[],[]
matched_manual1010,451,source_on_episode_1,14c1e173ab0de6d94d2373f86cdd1d442a42497007a5989f1c499735aef1663a,6f495a1a36cd78e67652dc9b3e6adcbaf3ff1301a8831ed617dc6f5edeb6d19a,40950,32760,1232fe3f,74e30617,True,-1000000,0,0,0,0,False,False,{},{},[],[]
matched_manual1010,452,source_on_episode_1,8af5316bcb6cb9cc5a0fb87d86552361d5e97ce932a3bddbd9499942a3818ce2,8779e97b1628b6abaa636b0bebe3980ae36072ae7bc58d60667150978d02babe,40950,32760,f331a792,a5985ee7,True,-1000000,0,0,0,0,False,False,{},{},[],[]
matched_manual1010,453,source_on_episode_1,70361c5ee7e2374f7a9c9b813779a7f4f1fe53fb1c4cac71744c1a42158c56b9,cb81dd7613a1cf038e6253599f24d0db8158bf0863722a143f941ea9c85edc17,40950,32760,15e7cdd8,7af12700,True,-1000000,0,0,0,0,False,False,{},{},[],[]
matched_manual1010,454,source_on_episode_1,e263ede32e3bd52e9bce52a7cbe218b7388cace405aacf426a30740d36618118,4e2d93e0c8adbf2727dc801d2b1a7b902fe5568b7ee922f239a6b57d341f5876,40950,32760,c0e73074,b92ff982,True,-1000000,0,0,0,0,False,False,{},{},[],[]
matched_manual1010,455,source_on_episode_1,e7cfbd85c60268bb4134ee4cdbe9aaa3465fd564aae178765c5e96e3bd77be90,bb3f1e749a57c1e9961b2045d72ea29d49294d62f0ce85430a4223892db58542,40950,32760,e26cc128,97a4e7b1,True,-1000000,0,0,0,0,False,False,{},{},[],[]
matched_manual1010,456,source_on_episode_1,9bc96f0f682f77d1a23ad3c3c02e8192f81aa8a83a1a4bd44721e9173d523385,7562914789bb83783e4d08aaca55018a26475239ccbbb1b91c10942abfa26d2b,40950,32760,662bf902,53b86310,True,-1000000,0,0,0,0,False,False,{},{},[],[]
matched_manual1010,457,source_on_episode_1,58b97332cce4b8f2561ef868267725d106f57ea456170de5d825484e7b467fe6,22d19ada51e6b3c70c233a94d46e88b91a3a6f53a6b7e8695ea1443273dfb28b,40950,32760,53217b70,bf410f3c,True,-1000000,0,0,0,0,False,False,{},{},[],[]
matched_manual1010,458,source_on_episode_1,a9e47c21997ee31ca7269f4e01c65af9a83c2897ae302be5b5ad65cd7af8f7c1,536bf604fe8113fe26f1460777d59906e52bf12d57062e51a71fe09d60a52bce,40950,32760,cef725bb,2e83dca1,True,-1000000,0,0,0,0,False,False,{},{},[],[]
matched_manual1010,459,source_on_episode_1,617fa9d568779cfdbaee8a6597dd24f5450d8f2fe7930b98c015cf369c36556e,50c13d0802d9c395106e448b58214d23da6d1f58453cf2c86299f0944cbb771a,40950,32760,89e00ebd,1c77d101,True,-1000000,0,0,0,0,False,False,{},{},[],[]
matched_manual1010,460,source_on_episode_1,baedf13a59e311ef9ec1a4d91cf41bd45398b84d91fbf5f6d7da8d196816b874,4080d61ead1e8da7765b39c20779b37b1cd7cafac0fa50aa6e4eab3108a561ff,40950,32760,4e2f46d5,461b2883,True,-1000000,0,0,0,0,False,False,{},{},[],[]
matched_manual1010,461,source_on_episode_1,e899e81f0a69f826effb93b333279a1c2f49f7c6ddf09064fd7f993eaf9e7685,dacf83d476e7d199bed1598fde9a098bdb2d946beda916b48e5ea6cd3ecf650c,40950,32760,8f1580d4,e97b823f,True,-1000000,0,0,0,0,False,False,{},{},[],[]
matched_manual1010,462,source_on_episode_1,da16d457531d958eeaf748e22e53dcd8a68132a7527cb512c1c20078523d685c,8bd8f282e633acbfefd5440ae316d151cf03d96546b7d5a5f09c645874565f75,40950,32760,92596602,f45e98c2,True,-1000000,0,0,0,0,False,False,{},{},[],[]
matched_manual1010,463,source_on_episode_1,b31baca03a8d7293fb639b287a8348ffa3ff275b812d3488f27243d071f8c199,47920a4544a64356b9405f706ef6ec9ac88a13e32845a86d6080b76d34b8c9af,40950,32760,e478068e,33fd06ad,True,-1000000,0,0,0,0,False,False,{},{},[],[]
matched_manual1010,464,source_on_episode_1,7d2015ce7edd35c9a74f78e7cd75265a7e3d2504ac504b27568734d633e44b61,0227ecf76ccc62e412a5cba6ba7d72fa45e7b0e63297c7850ad4db05887c3f5d,40950,32760,944b84da,cb765d02,True,-1000000,0,0,0,0,False,False,{},{},[],[]
matched_manual1010,465,source_on_episode_1,27c0d4e098e3e3fd0583ce4ed38bb2ab479677bf2b35aa56397bcd2740c2e484,1c5f7dc929aec09c7cbe4419e629656175f901bf154bb8c83261344aeeb25b85,40950,32760,639889ba,8c99a7d2,True,-1000000,0,0,0,0,False,False,{},{},[],[]
matched_manual1010,466,source_on_episode_1,168881b71e81f4e8c26f1ef1b37bd62e59ea4b9d9a60e3c27cde31d3e13c2aa3,cc533754fadf8f5d5a519a9e34203097a796ef84f1a26f521af1c261ab03b100,40950,32760,6a3d73ff,3a760502,True,-1000000,0,0,0,0,False,False,{},{},[],[]
matched_manual1010,467,source_on_episode_1,d3b22e80833537f2dfe94bcf06f1fa2a769e13698bae4f53b3771bf60905754e,bf0c6c8cd63c148da9aa610f3dd61a30b3c363cdeb3ef86f2caf2b534ab66c6b,40950,32760,d1876855,c00ed08a,True,-1000000,0,0,0,0,False,False,{},{},[],[]
matched_manual1010,468,source_on_episode_1,4bf82bfab4eca3832d1a325870294a37b11dc699b323033bc6bbc8b2c0ab32c4,efe449002f8ed42263ba7c078bf6ed5ae4bcdfd488fc6168060d742104ad2da5,40950,32760,47f56d62,ab6d2fb7,True,-1000000,0,0,0,0,False,False,{},{},[],[]
matched_manual1010,469,source_on_episode_1,c7cb1b5d453ef7a282ea04d3d614c647499ce487b4cb3f8058d28af4cdb324b4,ae1adefaa6a483f2e8b8e881311672c8b7b0634a225cc89c3de99baed31d106e,40950,32760,fb22be6c,1c3a344f,True,-1000000,0,0,0,0,False,False,{},{},[],[]
matched_manual1010,470,source_on_episode_1,27ba1d2f6b64a550bf9b59c4ae375db769b5dab029a66a365834f52e60eacd0b,281ec7a28e3f63e116885f9d68e9e26c0f6a684f25adfdcef127b10f73a8fbf0,40950,32760,3cbac4d6,c1f3d949,True,-1000000,0,0,0,0,False,False,{},{},[],[]
matched_manual1010,471,source_on_episode_1,186de84b7ac6f68b7a4644c6bc3c67dc2fa83f2cc41b1174d5c1da14ec77b005,8ec2e701ad4c8feb61ce6305bc6421aa067f467456ef76ccc5bd9b7feaf2087c,40950,32760,fa292333,90f7805b,True,-1000000,0,0,0,0,False,False,{},{},[],[]
matched_manual1010,472,source_on_episode_1,fe1f8de9c90d5b0a6c724458c9d8e26402bd58be554fa8ee089c59a2ecc004e9,2ca926553aa9c389b9c4b0b27fbe2b2f04eae11aaca606c0cf4a2b3ec2962559,40950,32760,cae6ce81,6079b2cb,True,-1000000,0,0,0,0,False,False,{},{},[],[]
matched_manual1010,473,source_on_episode_1,9990853c46652695c4f67873227672b47cdfc934c4a501af1e68dabf4f88756d,580c371cab242e21510209bf8227164bbfcbe4a7fbe238a27059fd23d4a72dd8,40950,32760,69b08e45,f2ea1c98,True,-1000000,0,0,0,0,False,False,{},{},[],[]
matched_manual1010,474,source_on_episode_1,22ad4ab330a0fecc6557df23982d27145e3782f089b9c1a2ca79d5904e3d6ea1,0ba9872832707c7291839d2473320513a89b9c6c9d7cc02f3ccf4db34f596b0d,40950,32760,dcdad029,119eeaf3,True,-1000000,0,0,0,0,False,False,{},{},[],[]
matched_manual1010,475,source_on_episode_1,be5df3e937fe3d394f0f54e23c32c72a08b71a9700a245a100d9bc5410d04b0c,16572080a590061ff723f1da30699fff78706d84869aaec9410d37db73cfaf89,40950,32760,ffecb891,3f1a7485,True,-1000000,0,0,0,0,False,False,{},{},[],[]
matched_manual1010,476,source_on_episode_1,246d7911b053958acaa76b1f21150fc8fbb20b28ed3839cb89b77b16f5feea99,d20acc62bad4dcfa9bf6ed96a7e3932034c28eae0342d652a778a5a49e2a799c,40950,32760,934c40af,30bb6970,True,-1000000,0,0,0,0,False,False,{},{},[],[]
matched_manual1010,477,source_on_episode_1,e0ed615ae379e00d9125ac17d6201cc7d277b44f31d8c93dd905657df26bbab2,8204f779acae43ff8e4b2b7d5d31bf86095a3ebc3584216d6b52dfb7e3d40f4d,40950,32760,b9c47eb2,0c203ca5,True,-1000000,0,0,0,0,False,False,{},{},[],[]
matched_manual1010,478,source_on_episode_1,8b2947b0d29370ad2c5d538dad086f09e69e9e6322f7272e5717a317d4da83d6,a59921c4d2ca0152ac5b4737f1fbb13969bd12b7379e6fc38f76dab5c460137d,40950,32760,60786a75,73942475,True,-1000000,0,0,0,0,False,False,{},{},[],[]
matched_manual1010,479,source_on_episode_1,8de1b85290b6f35a9ad575f5d2f80064ec8028e9426ec7e676c2a71a94c1f8c6,fc346454d0e7717025530d11d78bde1159cdf977af7664c8b578f8e48537052d,40950,32760,672c104f,8ef6a8ef,True,-1000000,0,0,0,0,False,False,{},{},[],[]
matched_manual1010,480,source_on_episode_1,58bb9dadcfc67ec77f33683ba0a5e41ebeff3679fa45e49bd1950068ff0fd89b,2369249ea2873abc40c0b3e434faecbf0f6e515e567847f05da1a050f20c20ed,40950,32760,7b498c40,81c7a0b8,True,-1000000,0,0,0,0,False,False,{},{},[],[]
matched_manual1010,481,source_on_episode_1,2c01878bd7673be140c1151271255e5554614b658166a04e6ea6232182c50094,a1db16dccd37dc7f199001271f54bd40ebb1e0dc17dea5e1fd774a6a87e88487,40950,32760,6c77ca3d,ba91f4e4,True,-1000000,0,0,0,0,False,False,{},{},[],[]
matched_manual1010,482,source_on_episode_1,7f4a859921ce96f4473ba27aef44accde2889747dbd8c0553e20ce9ab0124c29,86b72f9adfd3dbe2169d3cb2c9967599b304c60207a30abf11e4045a5a1eeae6,40950,32760,0cb1a6ad,64e308c1,True,-1000000,0,0,0,0,False,False,{},{},[],[]
matched_manual1010,483,source_on_episode_1,2d7b0c628a7bc25ea59705e42fd86af38994056e5f1a636132ec58da2225a645,c643cfdab52f8dbc951f860acfbf3852f542a271f50e91091cb3f44a09750a7b,40950,32760,05ca0188,6d717118,True,-1000000,0,0,0,0,False,False,{},{},[],[]
matched_manual1010,484,source_on_episode_1,3dcb0f8c645a465c09787002e750d6adcb70888696a7a161ac2cf22e07e6da91,b1137925a07a016239cd49132aab9856b0800705ea1f67be9a4f17bc20727510,40950,32760,9f9e00fa,814ade4b,True,-1000000,0,0,0,0,False,False,{},{},[],[]
matched_manual1010,485,source_on_episode_1,1313b7b4362ab7ac8963e8b6e7a6880e1ec5d095755733d0796f5d9933929bde,fe34c501302b35e3231d5a5a51e132c2231f58f53959e537b0a1167bcee01eaf,40950,32760,e62feb33,3b10e89f,True,-1000000,0,0,0,0,False,False,{},{},[],[]
matched_manual1010,486,source_on_episode_1,a0fea169160a5b97f244378c5f30fa1b209ccca1c3fa8a398dfb73245b299ae5,9ba480ab90dc7affb8fdc6c7bb5ab931316798a222ff10d38b732a70a7f2cb5f,40950,32760,83b7a823,9c8d4994,True,-1000000,0,0,0,0,False,False,{},{},[],[]
matched_manual1010,487,source_on_episode_1,485bff32b17d28ae091cb8d04b0a9fada277fb4623baa92b48e9cf404b30828a,1ac7db42b4841aed3b88ad65c35458b427ce33487faa45b98bab154c68f3b7ef,40950,32760,cc4367f4,f1b7e606,True,-1000000,0,0,0,0,False,False,{},{},[],[]
matched_manual1010,488,source_on_episode_1,5339c9422c0d4777fe57fa4f18c72b02d9eeba16d2e5c13cb07a8f9f4be62972,797d37abf752b644d25820eb96de7cc245bd3dad40b4fd6c8778b46704128f17,40950,32760,f55b0301,8cfed7d8,True,-1000000,0,0,0,0,False,False,{},{},[],[]
matched_manual1010,489,source_on_episode_1,ffeb37ac765410f9c2c7d052b586eeeddeed0cb76adffd453384a4c2d8b2d568,c42dde4fdee55c4d0afc9db110607b92004fb6ee7b7840958a77eb0eefccdc49,40950,32760,ef2b5c4c,f3c068bc,True,-1000000,0,0,0,0,False,False,{},{},[],[]
matched_manual1010,490,source_on_episode_1,69d69c3f22a74fa18aadd6c405f88bf000f431f5875ce8f56f8daf94cbf567c1,6bf65436e5ae517215269072d708eb62813022ce064f663a890134f811c93cdf,40950,32760,f01ea8dc,9d51bf16,True,-1000000,0,0,0,0,False,False,{},{},[],[]
matched_manual1010,491,source_on_episode_1,112c12437caf8d05d626fa20fc1e77a189f0734a83ecc368c1e3588289faf9aa,949dc73e4ab4dda3825bb4bf68bed4e9c2b8723791e0ee6a7c1f6b2a72aae7dd,40950,32760,2ca5abc1,7c2a4da3,True,-1000000,0,0,0,0,False,False,{},{},[],[]
matched_manual1010,492,source_on_episode_1,dc564bd3f8a46e366de2be6d3d02b426dc72c61ccba760ed081d64c98b9c44fb,204002b474a419db92091603ec4c6357054c286d38f1e753a158a3cb9fa23e9b,40950,32760,2fbff961,c39d57ff,True,-1000000,0,0,0,0,False,False,{},{},[],[]
matched_manual1010,493,source_on_episode_1,8499bee4ab9dc6e79803e0204a93d03b6866590e72462ac2b6bb3616c0a92eed,01d711af7e87bcbd38ecd0e37605495f6d49ef76964b15088adf8b47fef590fc,40950,32760,8c5f8c2e,1774235d,True,-1000000,0,0,0,0,False,False,{},{},[],[]
matched_manual1010,494,source_on_episode_1,e8a6122db38a8759aab81d48ba6456cd6032a34bcde0a832f2ad4ddd9b651d24,d2741cf79e34b4309b016f4f125adbf8444bb20944629166c523ee6432c960f5,40950,32760,e8628f67,56b328f4,True,-1000000,0,0,0,0,False,False,{},{},[],[]
matched_manual1010,495,source_on_episode_1,dc22e4e6f5c80182ce767cad2b693609e970cafc2311070bbb21a85dfea5f586,4b60864482db236ec0fb9e9dcf4ace266232ce21accd4ac2f7c15d3d72053f15,40950,32760,14ac5fce,5a8da727,True,-1000000,0,0,0,0,False,False,{},{},[],[]
matched_manual1010,496,source_on_episode_1,9da80214e95c562cd6767ba787b5e4e4e9636cf73dbe32d2385e271694a8bc1e,08f9239763be272eee7f371dc05e219a0a158deacc8bab1bf3d637ba0248ff6a,40950,32760,ca19fa56,5554d66d,True,-1000000,0,0,0,0,False,False,{},{},[],[]
matched_manual1010,497,source_on_episode_1,cb0ff3692620d6f385aa359169e679ddff2322004c9a0a7685344cfda6df9f66,0216dcdea46721aab1bac10b1c6629faafb3fe069cacf6cc7d11a86522b766c4,40950,32760,722ae3fb,68d72fe0,True,-1000000,0,0,0,0,False,False,{},{},[],[]
matched_manual1010,498,source_on_episode_1,c52080c81ee36b909a821f3cd8032177b6ff13dd9323dd3014572661a59efdc2,ace18108912f2961690d8752f834351c171da699a776fd037c066d07b317fa34,40950,32760,742efb39,99b6724c,True,-1000000,0,0,0,0,False,False,{},{},[],[]
matched_manual1010,499,source_on_episode_1,0c4332c10683a1327f400bb357b9502cfc1cdb1e718785142b64709adbb58149,b238fa233248b225573164705d11ecafda33070ae11d941f95d57fba3da0f14c,40950,32760,03bebd14,4c24fad0,True,-1000000,0,0,0,0,False,False,{},{},[],[]
matched_manual1010,500,source_on_episode_1,34c07a450c973728e6cce11fdacab78a2c3f9eb4f5678d77b193a3efc9edb93c,a68568cf6f0e783f5ee6d040a9c50052e05067eb50ce10c370f992fd7f038486,40950,32760,de71ef6d,5a4b0171,True,-1000000,0,0,0,0,False,False,{},{},[],[]
matched_manual1010,501,source_on_episode_1,64bff7b0b09f97646c2b00c9fd67767386cdd3b96c1c93c8e44cd8bde6353a55,0543af97461906c609b1220a03a45bb88ea3d673f43aa2b57bcb635e0b44a06c,40950,32760,bd23b9db,6ff12b40,True,-1000000,0,0,0,0,False,False,{},{},[],[]
matched_manual1010,502,source_on_episode_1,480f87d147c0b506418fdc4f0be0ff6aac64319e922d8450c00aecf6f7ed4ee6,68861887819f6c308a945b44f63160dfc0ca1346b99bc2198579719262107fa4,40950,32760,c0786d01,1b773c0c,True,-1000000,0,0,0,0,False,False,{},{},[],[]
matched_manual1010,503,source_on_episode_1,6acb057869696b7b366f9b2f7c85415d1df6658b2289c1ffccc5f1ec8143dd43,0a9d6fe040b1514e8abb09881efe185259e4786ca87e45d591e0ca39743f56fd,40950,32760,4b27995a,0e5164e4,True,-1000000,0,0,0,0,False,False,{},{},[],[]
matched_manual1010,504,source_on_episode_1,4b1e3aa22ea8cbee8f1b28fcbc43a0ea9d3b8058b9e35f15afe20085d906c3c5,9aa6c6b5f0f8916eeeede2110e23bba9b88578d05d7703eddef6d0a57d9bda2f,40950,32760,1d1b522e,803efaf4,True,-1000000,0,0,0,0,False,False,{},{},[],[]
matched_manual1010,505,source_on_episode_1,a28c5a6333c2a5e1a4673e54c7339ef5a6adee350d481f6f408a77756408cef7,6305f624ab6201210694204530f7de31557c5f2475054c4eeea59b43cab99ae8,40950,32760,c1e1d584,a5b88cb3,True,-1000000,0,0,0,0,False,False,{},{},[],[]
matched_manual1010,506,source_on_episode_1,4d4b2967b45e6a910c3a9affb29353cd9315e33c165f39a3c9b6e6db62665baa,26c6bd0cb8eb69e0b0125d4b542f5ea9c0727749bd2a730cfb6178d57d10f360,40950,32760,ea9a8aaf,25c65ec3,True,-1000000,0,0,0,0,False,False,{},{},[],[]
matched_manual1010,507,source_on_episode_1,ad326b2e13c92211f94895b9f8d09219b3b9badc2484646066dec769cf603563,62b1bca9c78d04377973b5ae8a2c810dd8119175eaedd5a9379aaf283153ffca,40950,32760,c61bdfad,0b8fbcf0,True,-1000000,0,0,0,0,False,False,{},{},[],[]
matched_manual1010,508,source_on_episode_1,7e6384c49e9116ede92c1ebd157b6d842618443e4bed20e690ec6ddfddac2aa8,fbfcb8aad732446a7ddbe6a6fde4a59514176f9ee8833786a625457a65c3bb9b,40950,32760,d24a1be6,f7de9543,True,-1000000,0,0,0,0,False,False,"{""truncated_packet"": 1}","{""truncated_packet"": 1}",[],[]
matched_manual1010,509,source_on_episode_1,73b2b7592d8377368c2c0a3e62c5893cbdb178b38d5a20a19a1ec6ecd72863cb,6fa676e78ef4b1c936a6e981ac3346f340e15b8eaf80e67ad8e70ffd36b3ed2b,40950,32760,1aa21dcc,838668dd,True,-1000000,0,0,0,0,False,False,{},{},[],[]
matched_manual1010,510,source_on_episode_1,223377320dfd55638f5d205a3ffc956887bf3792f4d12125c9b703b7061a8035,d570d7d6e6a15d827f65a5b91ea5a8abed553633ae7f04e6a0113d61a89d0d81,40950,32760,2f0960fe,b19d032d,True,-1000000,0,0,0,0,False,False,{},{},[],[]
matched_manual1010,511,source_on_episode_1,549c68fc55a7a6c9f6d16943d7a5e15642db5a425157962c50d438bc1b9e5dd6,a3efcad8e50bc74f893d47d72c5fd1b0e57218138b3ccf53b56c1feb08cfb082,40950,32760,f0db3e7e,1a947871,True,-1000000,0,0,0,0,False,False,{},{},[],[]
matched_manual1010,512,source_on_episode_1,7515691807a3a7f7ff130514e82c171955cfd09d985a1419d311454d88dc6bc2,c0ccb790ee0b92b410d564e93482bfec00e8bd636fa143b837362b43557cb8ff,40950,32760,dafa1a2e,2101c7c6,True,-1000000,0,0,0,0,False,False,{},{},[],[]
matched_manual1010,513,source_on_episode_1,6bdf11315d99adee1971e35cff5b3a52a06680b68229a306de6eb0d85e37d216,95a46a43a848fd95de30b6b1561b0196801ef1f8de2a88a7b21fa7893d67f1bf,40950,32760,563a8935,977f54ab,True,-1000000,0,0,0,0,False,False,{},{},[],[]
matched_manual1010,514,source_on_episode_1,4ef15e3f416538927539f0bdb74961802dc9858fdd9f4da351643e832203aa32,3c348024a8a5b3129f23da4365462c6a3b88103c83041ee1af87423c65acff30,40950,32760,95a0d776,1a0c9758,True,-1000000,0,0,0,0,False,False,{},{},[],[]
matched_manual1010,515,source_on_episode_1,6f1c7ab9b738d067c60cd6b74c0590dc6a3f9b5c0bc89101cdaa996823bc17d9,e80c6acf4bc262d0b32f95108aab89ff1241ad10bb2f2671186e5e368f9a99f9,40950,32760,0770ad82,34e0cad4,True,-1000000,0,0,0,0,False,False,{},{},[],[]
matched_manual1010,516,source_on_episode_1,43e02cd922f354eb9cef2547c47392d8021e92218c2f303c2b7e3f3836014182,4fce315c3445abe8db9b812d9a614c8672f423b3b40789930ab16138cc32e292,40950,32760,10d9a297,3680f6f5,True,-1000000,0,0,0,0,False,False,{},{},[],[]
matched_manual1010,517,source_on_episode_1,acbeeb4b3a9cdef225ac62ab8845c7b3a95375ff91db34786c13701f4fc441bd,b0a611dc0c2e23582fbad813fb3ee18102dd83fdfcc749a46b805539251124c4,40950,32760,5c7d9ed8,d44682c6,True,-1000000,0,0,0,0,False,False,{},{},[],[]
matched_manual1010,518,source_on_episode_1,58a643ad357439fa948c189b13b4b79e8f718255ad568016a1f6487e64ab3243,0680303b9d447c2f2e606b8a4d1f92bbd5125ce20f66b24b1917a0dfb253cc50,40950,32760,cffdc990,3f237939,True,-1000000,0,0,0,0,False,False,{},{},[],[]
matched_manual1010,519,source_on_episode_1,e5b872f7623ff279010c6ff864a4554be48c6b5b308804098b2c753796582e19,525fe609b4fe5651e610e656422e017cc1b43d9f139f83b9a6c0150376904e95,40950,32760,34938c98,eb54dddb,True,-1000000,0,0,0,0,False,False,{},{},[],[]
matched_manual1010,520,source_on_episode_1,49f5e753c3677d1006b7f6499a78fa6a4e948fa0c8e5e52325ff19384d9c9843,2d669b8138f3b4b6079ea335542c1df57d1cde2c2a4e1af9eb2ad6f2764ef063,40950,32760,ecad54a6,60f5c38c,True,-1000000,0,0,0,0,False,False,{},{},[],[]
matched_manual1010,521,source_on_episode_1,428dd76f66f6c9ab512bc2c4bec238fe042d873f71bf2e7f31402c75b3dd19f5,24ae2c3d4a10cab5b8504394c5394352bb2bb462de3c7b74cd970c0e533fd78f,40950,32760,d7ff9e29,fa5e3cfb,True,-1000000,0,0,0,0,False,False,{},{},[],[]
matched_manual1010,522,source_on_episode_1,9d7a9d37076e3d696c36587248aeaa6f4cb746ce4ae2dc0412b1b93ef0a29b8b,b0853cd3286b1c8053b3874cd3d819438d7ff8225e2df91994001524f7537f1e,40950,32760,08768b2c,4638e4e7,True,-1000000,0,0,0,0,False,False,{},{},[],[]
matched_manual1010,523,source_on_episode_1,66cce1e46169915c0cf4dfe51c3a925e3f67c67de2fb2583ef1b2888cfba9a89,7617f8b4c2db2f056bb86dd303191ee7641b682d71640f4deb469bbc7f3c48e0,40950,32760,422b1ab1,e1891607,True,-1000000,0,0,0,0,False,False,{},{},[],[]
matched_manual1010,524,source_on_episode_1,dba620458fe0f592dbbf81d50ae73477b7135611cd6982ce35444efef82266cf,d2c53e16b18eb452ae4f8b632e5bbb2366603294782bb6d83c307c48f2cd777f,40950,32760,2e6e332b,a9b70287,True,-1000000,0,0,0,0,False,False,{},{},[],[]
matched_manual1010,525,source_on_episode_1,bc4e3ed0abaf34d0cb4cb7b52e59fb20e3432255e4bae3d026b4b3cf6ced326c,1c79b6ae54479ec6fa80233d2770ae8163c838fea9d56634159e23be3b65d1fa,40950,32760,9031185f,3c6a340d,True,-1000000,0,0,0,0,False,False,{},{},[],[]
matched_manual1010,526,source_on_episode_1,b61ff4c3152b3ee64e373c9f05932dadbeb8eb71492b9d86b242e07b48287231,f1ddd3e22bcc72223ca70cc407df28633c1465e44a15a25ebf1ca807dc92d210,40950,32760,8fb5cd03,51e54681,True,-1000000,0,0,0,0,False,False,{},{},[],[]
matched_manual1010,527,source_on_episode_1,d44526b33e6114eaa5de3db4b8791eefb67c3544371380f23354cb8063a398fe,33c2f6c3a4d212e321b133823fe1e6915f94a8b3248a029adde4a48e485a42db,40950,32760,07e6746a,719ffa65,True,-1000000,0,0,0,0,False,False,{},{},[],[]
matched_manual1010,528,source_on_episode_1,53537f093950e6e753f9c5a52e86a330cdd3e4beb78c398589f4933d19759944,f4fac913b460f49c13e6eea6da8119d9ba86a21c6f8cf8bb78e56cf01f678c92,40950,32760,c19b5f14,aa0d7266,True,-1000000,0,0,0,0,False,False,{},{},[],[]
matched_manual1010,529,source_on_episode_1,4aa8c78f46b5329cced52613e8038656986e9a91fca623231eff6ce7b3eca745,64a7e1099ae83d945da7eba94a80e476fbf5c74345745ca3710c4e67937a9293,40950,32760,36346080,a5952b57,True,-1000000,0,0,0,0,False,False,{},{},[],[]
matched_manual1010,530,source_on_episode_1,3ab9f34cf8beb3fba637c527dc69b59b2c3995655a36465a03eff5ba265712f3,2c64ee05b17786f74b3449f7b985f4b34eb6e8ae9816e1906b13deb83b0cd2f8,40950,32760,ccffd4b8,2d216292,True,-1000000,0,0,0,0,False,False,"{""crc_failed"": 1}","{""crc_failed"": 1}",[],[]
matched_manual1010,531,source_on_episode_1,5d45c4c687e53fa81386ea00571091bad70dd9924b4744c5072e98d819b92e86,48cb29b900faee8d35619f4ce9ea32fddb5563d5ff360fe86e06fdc389dd6d85,40950,32760,1612725f,604e0c3b,True,-1000000,0,0,0,0,False,False,{},{},[],[]
matched_manual1010,532,source_on_episode_1,4c24a0f7b064a8719681aa846b428ccac0dbc5bf6f396ca4c32d34273dfe2abd,317f893897e317ecf81d47c8902ffcf57bbfad5145200621dbb151cae2874ffd,40950,32760,64345dae,c2cde303,True,-1000000,0,0,0,0,False,False,{},{},[],[]
matched_manual1010,533,source_on_episode_1,89c75f3b981a18ec243203f7cec64caba150a15bf6b7685c040f4e22bc508da3,76dc59858923a5d581c6622491e3c77d518f72fb0a7e5640b0d7627ef6e5496d,40950,32760,1b829cb7,dee0bf45,True,-1000000,0,0,0,0,False,False,{},{},[],[]
matched_manual1010,534,source_on_episode_1,7d228fbe535691e77ef9ba8bd0196c09217d91efbcd00aec568051fcfff75726,d66d86f5636726528aaea65784aa8aa1d9b8d989453a0a5f9bdfe51bc32e66a2,40950,32760,e2e93035,079d8a61,True,-1000000,0,0,0,0,False,False,{},{},[],[]
matched_manual1010,535,source_on_episode_1,70996bd0e4e1c4a59652aec7be8de6a76bf781f7665120d1d79c5854424f1a55,dbe0eba6008ace5efcf273f4ef8fde9e3b2918270178353a65839b5c8e47bc9f,40950,32760,72a4ddbc,86f3ba31,True,-1000000,0,0,0,0,False,False,{},{},[],[]
matched_manual1010,536,source_on_episode_1,a943b75607f7fda9f42f64222a29b8e676a916ed8950fb313a2497e686295614,39a2de6fa1db047f8e573c3616f0737e8bad04e705d7e5bd6725eed4a2613471,40950,32760,8b52fca7,8e74bd7c,True,-1000000,0,0,0,0,False,False,{},{},[],[]
matched_manual1010,537,source_on_episode_1,2e4489d2bd3fdc457c2c2672ea79e5283f1128f495c139ce65d8cdea85d7a302,431ebf1c86c4446b21ada36e3559a1a3d4e2f8c5989cda19e2cb4efadbae149b,40950,32760,f40a17cc,c8472d37,True,-1000000,0,0,0,0,False,False,{},{},[],[]
matched_manual1010,538,source_on_episode_1,fe01c74479775d4f89993d0bb4b1b383244ede558a79dc657f4657ccbd24617a,44094cda81002d6c6b1f5c3ff8955fc6b922496f9f9446e8555402dc29b84479,40950,32760,aa897b45,87f1242a,True,-1000000,0,0,0,0,False,False,{},{},[],[]
matched_manual1010,539,source_on_episode_1,164be2ec06199cc308d80fbd3c8dac324252ab751d9092d5c42a7f26839d83c7,67d9581a33bd28e4772348f280c6e1e9c0dca42d22748d3887d7e51490424a69,40950,32760,889afdca,068b0145,True,-1000000,0,0,0,0,False,False,{},{},[],[]
matched_manual1010,540,source_on_episode_1,aea088b53d8c6233efdec157170b020b5e1e73ce4191d2e88e74abf9c3e6f616,dbee93925a7c710c35c3e17a73cbe6e744d5df93074b696fc0eee86ac168ef4d,40950,32760,05672147,f41b245f,True,-1000000,0,0,0,0,False,False,{},{},[],[]
matched_manual1010,541,source_on_episode_1,fe09dbde54877b7d70808d850d83b9062d7bd1dbceef1ebd0570d8b107e3fbc2,95576bf09befddcb7249010778406326a5a17a55e53fe9d3e8dd6357836f1301,40950,32760,807334ae,effbdccc,True,-1000000,0,0,0,0,False,False,{},{},[],[]
matched_manual1010,542,source_on_episode_1,199380d960ffb48c141bd9bcb0c20c51f08748da8be0900b9f136f224f86b317,09b2241d5b3f914ec911c13424166fd355adeb1248578820e58f533048f8475e,40950,32760,47825b19,8c03c264,True,-1000000,0,0,0,0,False,False,{},{},[],[]
matched_manual1010,543,source_on_episode_1,9d3276ae56871c18e59fa4d874683421034a19d0dba9951dff3f15653c078e4b,20871cfbd4ba138decd1559d286ddc2864467e433630444e6a7d6a2056297851,40950,32760,30d27561,c7850321,True,-1000000,0,0,0,0,False,False,{},{},[],[]
matched_manual1010,544,source_on_episode_1,b37a6a6952e796ae5ff211b92c660f2c07abbead2fa81e5daa561c13532ac3e6,6e57f13520f04f58aeff2c8ac13590e3cd2dced6cf173408c51d5baf51eb41b4,40950,32760,92118645,6cc3d53b,True,-1000000,0,0,0,0,False,False,{},{},[],[]
matched_manual1010,545,source_on_episode_1,76ee19fbcbfe387d59403ef7545d3e42df1c96e4a9473f0c41e0bf9e4f87ada4,92e83ea5d20caae2b2f5064887f194930a1897c0fabad6d94bd12d32d052f145,40950,32760,cf062ac6,f9f0d9b7,True,-1000000,0,0,0,0,False,False,{},{},[],[]
matched_manual1010,546,source_on_episode_1,b1e963e9ff5cd60f28936a608a94122545717b3012db0ac9e16147aeee0c75c8,2fda902a8fd5aa1ae5c6407a2ebcbc4c4aba4bd24ce5064ca0bb9fb5fa70c690,40950,32760,d8e955e2,6574a2f6,True,-1000000,0,0,0,0,False,False,{},{},[],[]
matched_manual1010,547,source_on_episode_1,25d3ae11b85683e293228dfb93ed149f0164fc182fb9d87624f52d2f5d13c1b0,ad72e1a179351fb502334e5b9750f4947332cef6c0a2827b1bc01e484a415ddc,40950,32760,e817fc1f,773bfa9b,True,-1000000,0,0,0,0,False,False,{},{},[],[]
matched_manual1010,548,source_on_episode_1,6d778312b3160e751e11722d5581dffd4c15e427d03d26855bb0cbb1ad227e44,2dd15d3003a07dc8d12ce4efbb2f50eaaa55d2645e78c4a5e588968367786fa9,40950,32760,561bda9d,a0686e5e,True,-1000000,0,0,0,0,False,False,{},{},[],[]
matched_manual1010,549,source_on_episode_1,d9d408bf0ac302231728f0e1f8aa19f80daf07aaa6084a8183672729e803f8da,9c88e4a3eab73c78e93ca07b28f105331e14792a0bbb24d902e1ff9d18317d21,40950,32760,3d100e25,605edd1f,True,-1000000,0,0,0,0,False,False,{},{},[],[]
matched_manual1010,550,source_on_episode_1,64ebb3806e107c47c8efaa877242a07a7f5f80ad3178eb14a68dca181403fe73,c438c916c660619ddc350018bd8e50bb99bda472fbdef3e85041e6fa6c2f7087,40950,32760,7dc3653f,8d5727ef,True,-1000000,0,0,0,0,False,False,{},{},[],[]
matched_manual1010,551,source_on_episode_1,551690233e03a23c93478bbe9c6b5c10575e7ffbef67d807cba6175327e5350d,10ad792c62cc569e3ee6b9da3836965de3ee331e080256c8b78a797889c18055,40950,32760,0dcfcdf7,a8d8aa15,True,-1000000,0,0,0,0,False,False,{},{},[],[]
matched_manual1010,552,source_on_episode_1,8a0ba2add20ed9aa9ce09429333c268833439532d9fd16d1bb90d90cf8e3d41c,37d517ea841527726816e54ec397751cfd865e35611934e92332da7d50a4dc48,40950,32760,15daf861,9e9d5d3c,True,-1000000,0,0,0,0,False,False,{},{},[],[]
matched_manual1010,553,source_on_episode_1,a00d1803ffcc09b67271457059b4fced6147df71126499e5a8e620b6ff871525,bc1b8ac931d293a45d97ab47a21dd4ff4b651498182c564f36de538f41059b8d,40950,32760,8c97e5b5,4fef0175,True,-1000000,0,0,0,0,False,False,{},{},[],[]
matched_manual1010,554,source_on_episode_1,0ea4f0e774276580b26085c038d91a822544ffa620f18327942c23227cdb906a,0c8f8365c5533bd3b54cab520cd7f185c6374ee75ef28e5379011a73d58d83b0,40950,32760,5283ea15,b7a98d41,True,-1000000,0,0,0,0,False,False,{},{},[],[]
matched_manual1010,555,source_on_episode_1,5a90d3fa9c46dbe869098bbf3e378e7a2e29d43d506054cf019bc95627a20858,fe60b20c9d53a93ab8e0ec734240ffd0463a62c41c18a140689385ae721397d5,40950,32760,6f044461,cd059007,True,-1000000,0,0,0,0,False,False,{},{},[],[]
matched_manual1010,556,source_on_episode_1,10d8579d558090fec92018c039bcbe3da7540dc7e5aea5996f0be3ca81c5704b,18707bbab00c978dcf155da947b61ebbd8d27d6ab1250875b76e38854969953d,40950,32760,5d5b725f,600c5614,True,-1000000,0,0,0,0,False,False,{},{},[],[]
matched_manual1010,557,source_on_episode_1,c0cb2202f4cd47efaa58243ad8e475e29cc12e4599e7261a4e5a92ca82e018df,a17710f524350b19d5b31db5763332233a64e351cf4c370336d9cb807da0a8e2,40950,32760,ee0477e8,a4266267,True,-1000000,0,0,0,0,False,False,{},{},[],[]
matched_manual1010,558,source_on_episode_1,dd344e3671628f074c5f87239767b90aa7df6d815d7c055429affacc7d99ecc1,af901e318314892e960a7d5c5fdd91d3e2fc93d5ef42a52a1b45a50e51c89288,40950,32760,d0824c35,d0e6db73,True,-1000000,0,0,0,0,False,False,{},{},[],[]
matched_manual1010,559,source_on_episode_1,604588f747832cec80576e7401ddf2ca6fded2eb187ab11b97f6645382eeeafe,81386267b1b7eb7f793e5e1ef93bb8d316bf3198c81f73a347da4e18d63303dc,40950,32760,f3f048fe,d7efdec7,True,-1000000,0,0,0,0,False,False,"{""unsupported_or_invalid_header"": 1}","{""unsupported_or_invalid_header"": 1}",[],[]
matched_manual1010,560,source_on_episode_1,74f313a1b9edc2026904aff8bd0e10ed80e340d5921d3389b87da49465c2bd4b,6c9dd64c5b34d07de4710294754959fbb2eded744840fd919d0c5f18b8cf1375,40950,32760,8c77265d,f17804e8,True,-1000000,0,0,0,0,False,False,{},{},[],[]
matched_manual1010,561,source_on_episode_1,1ae824022cda30746685034166b9963f5c0112e0aa239a6ba9ead95ecfb40768,f219197000680e1e3fdabc89f3088524d410308d3c36f74b0a3fc1658e55d806,40950,32760,0fc6c0ff,c08a43e6,True,-1000000,0,0,0,0,False,False,{},{},[],[]
matched_manual1010,562,source_on_episode_1,ced1cd416119eb87cc5b70a7f9fa1bfd8dac561d768eb363b19a76f7413cfe71,89aef854ad128d211004df3f89547f594de64825b29683e52d30beba11f6f4a8,40950,32760,43593437,6407482c,True,-1000000,0,0,0,0,False,False,{},{},[],[]
matched_manual1010,563,source_on_episode_1,8fc4f783c57d7cf06b94835d30271c314a50c65a55a4546d299ced3eb62bf002,5ac3ae8093bef78b06e8ac6a580523e47c5dc17a05a6880ae0414400887bf928,40950,32760,6cba9cf5,9d9dcc24,True,-1000000,0,0,0,0,False,False,{},{},[],[]
matched_manual1010,564,source_on_episode_1,dd48f7094fdc78ea69b43572e01574b89f82be0f013312c482b62c1be584f52b,2cf8604ed6bdf4d94a81a95785aa986d8be548a208dda9b9ae2a30a224204306,40950,32760,70278bab,5cb6c874,True,-1000000,0,0,0,0,False,False,{},{},[],[]
matched_manual1010,565,source_on_episode_1,52e7270287d41b996743d2c8ab73bc857f8250203ac20e5ebbe13b98d7642b5e,a87c8fed12251b3b9495bcf6b9cb112510aa0ca6e2b7f16f8982ea9edcef342b,40950,32760,c911b083,45d49b98,True,-1000000,0,0,0,0,False,False,{},{},[],[]
matched_manual1010,566,source_on_episode_1,a8e74fa5090c5a7295b1b33c41162f5f3d12c6101f5a0f306b8114b704092965,0e31807d284a6018842bd0023f3406bde453de203c68a49016e67cc2013255b0,40950,32760,676be3f1,e5266374,True,-1000000,0,0,0,0,False,False,{},{},[],[]
matched_manual1010,567,source_on_episode_1,26e172038190f86a777dea6155fb3747c912b08f93cc51b1a9fc24082ee34b1c,c70b3810074627b701d45855369252ba04634bd34d08ae65ab17dd3085ebbb2e,40950,32760,7976dfc2,56c3e1ed,True,-1000000,0,0,0,0,False,False,{},{},[],[]
matched_manual1010,568,source_on_episode_1,d2fbd6429f8305709e7679cd257a1d5437918e2b1ff8db0f114ead2974ee5dc0,5404c0757bdc63c33abf972650b7b0806c30c6679c0f1a2d508ee6d56a43d992,40950,32760,71b78f1c,64dd7fc7,True,-1000000,0,0,0,0,False,False,{},{},[],[]
matched_manual1010,569,source_on_episode_1,89d48714c213910c6554c5598c64e9babaa125985a6dfe05e4e0524755eea5d4,7424e06115d2b9496962998fbbddddf0d3d4ec1e89dedf6a9e2ee2dbeddaee1f,40950,32760,17bf44ab,26e70a67,True,-1000000,0,0,0,0,False,False,{},{},[],[]
matched_manual1010,570,source_on_episode_1,a86d83a1160b44d7d7374f430af8fe92f3bd37a0560f3cdf9e83386b1e7e8fee,b0a2f0e2e9ddb972f77e46de5704e89240ce7bb36ca3148ef6255d32212f48f0,40950,32760,e85b8008,48677022,True,-1000000,0,0,0,0,False,False,{},{},[],[]
matched_manual1010,571,source_on_episode_1,f68a20ea0b73dc6aaeac63e8ba6e498f63d7d70dc0e8c175983377a0921fe4ea,9a7acaefd59d1837117ce28cb71a0639319112e2394136630851119a9b1a39c1,40950,32760,20cae71b,2ae2fff8,True,-1000000,0,0,0,0,False,False,{},{},[],[]
matched_manual1010,572,source_on_episode_1,1904260859ad34c68fed489c33564486a26c594edb12d479aee6b6169d9eebb4,369488d6b1b3e66f8e9529ae8044b8bdd5911887c17c6866209872a7f48e8c45,40950,32760,152fdc2d,e492b270,True,-1000000,0,0,0,0,False,False,{},{},[],[]
matched_manual1010,573,source_on_episode_1,3a8972d8b1dafcfd33a9adec76609f0f2f7951bf8c33ab872231f016e8b33244,8d14aebea080e580f0fe24812eb7b43c311405046b5045c5b409c54d45871a46,40950,32760,f1c3734e,d0e40f32,True,-1000000,0,0,0,0,False,False,{},{},[],[]
matched_manual1010,574,source_on_episode_1,7bc852014b4d608c645a3dffb3e18bc9ddd8e624bf4c828c199d937a6affde30,9b18ca9313d20a786d860d7c7e06ea7a3bc45ab314972a4ae57d54fabc2358fe,40950,32760,58c3a65a,d3c5ab1d,True,-1000000,0,0,0,0,False,False,{},{},[],[]
matched_manual1010,575,source_on_episode_1,65c86301ba80a908d923ee3ce0c1f9a22689d2e0a93f4468705accbf987ec719,79dc80295b669f3889ad5fabdb4bbb51593f859ab11f11a246282285d6617ce3,40950,32760,d0325e03,4b4762c2,True,-1000000,0,0,0,0,False,False,{},{},[],[]
matched_manual1010,576,source_on_episode_1,c634781197164610c3c46ae411c81f299a88d3930e2d550e2c7957a6625476fc,a88f2ff78d094c5679384f666810d61f2e96dd961df696dbc918b523d24d8e90,40950,32760,07a4706b,5b116d7e,True,-1000000,0,0,0,0,False,False,{},{},[],[]
matched_manual1010,577,source_on_episode_1,b7d6f9cf7552b785b05ffa3d00e97ec86e65271512d10303f5021bc9a26f2372,67d20543de52c2a906568a9ac570d517fca8df1e1bb5defeb3dc30124034a3ed,40950,32760,d3e8ee7a,a5c18152,True,-1000000,0,0,0,0,False,False,{},{},[],[]
matched_manual1010,578,source_on_episode_1,240692c32a0465391f88f9671eb66f749a5e1ac512f4497b3a898cf17286c1b6,36f5758436e3610f31da2514e49d0a851a7f88aab9fdd62cd74f6916205083a3,40950,32760,8d500c97,e89ab56a,True,-1000000,0,0,0,0,False,False,{},{},[],[]
matched_manual1010,579,source_on_episode_1,b0a3e5fba4f1ee000edfc8b5fb5c8dda8a4de6dca0d600f0bf73c9c35d9ce0c8,ab7efc20c18e8e2a9399be410435d77716ac664e04ecbe16abf66aeaf6413ef6,40950,32760,dd77d52c,64961d15,True,-1000000,0,0,0,0,False,False,{},{},[],[]
matched_manual1010,580,source_on_episode_1,9016c0342735f42f6ec3883bff61a4393e8a8b722cbab8714cb1fc97efb663b2,e9f2dafc71ba9a3bfba6eb0c3506921b6c68cb10013ff0fcb4faf5bb9414ea85,40950,32760,8b8eeff4,d806caa8,True,-1000000,0,0,0,0,False,False,{},{},[],[]
matched_manual1010,581,source_on_episode_1,28c2bf0fb56c8e6703db7ba93fad7326aa76551c62e13d409dc9573f740557b4,1668072a33d783575835cc5472889d22384529b90da52d7ede03bbe4470915c6,40950,32760,10f39f33,f0651e71,True,-1000000,0,0,0,0,False,False,{},{},[],[]
matched_manual1010,582,source_on_episode_1,52c77c317060b0cc5c20dcfac7a6738e6f3a67804d785f742c1ed5a14a516052,4af4ee3f2b8d7a6752661ef0a60a0762b36666e3ec93600f548fe4b4e799b718,40950,32760,a1f8fa97,f015f3ef,True,-1000000,0,0,0,0,False,False,{},{},[],[]
matched_manual1010,583,source_on_episode_1,71922698c6e8bde22844a14a57c36b3ca61469c1c470a49a8ba5b52d45daea9e,905ed6688cf20e23f0f6bbcb0dee2ee8c1db637353c2b78a8ea9a96ea169e55f,40950,32760,55417197,4ce87a5e,True,-1000000,0,0,0,0,False,False,{},{},[],[]
matched_manual1010,584,source_on_episode_1,8e8b983828e1cb492f76bc7cde267a2d172c0a4f859e066ad365d180ef8405a3,4c3a5a7974b5399adffbd6d49dce8eefe6874a5d2287bf5db20a75776b90d7b1,40950,32760,149aef07,2e3b9de4,True,-1000000,0,0,0,0,False,False,{},{},[],[]
matched_manual1010,585,source_on_episode_1,236b390231b608086b45d2471da0287d2b521288856cb45bab861dd8148944c3,625a626a9140699a6efc2c023552969cba6624a259b04d16d9d1d67e3542f17d,40950,32760,f6ce4865,dbc3b946,True,-1000000,0,0,0,0,False,False,{},{},[],[]
matched_manual1010,586,source_on_episode_1,51fe5df6910a727853bb42bacb2745c849ca30c523336d2ee99f93fe51e1da32,6b43469d1839de07074bbb1bffcf5e72df92687fafb2c503b5180d332ea11b13,40950,32760,4f917322,0423351b,True,-1000000,0,0,0,0,False,False,"{""crc_failed"": 1}","{""crc_failed"": 1}",[],[]
matched_manual1010,587,source_on_episode_1,e3b339fc576a725ec64061d95c39a5995bce01de5f5170ed00d09fad20ec5fb1,262afc378a18cafcc019257beb66408e7d7d73c3ce177f0527b8b07aa73148c6,40950,32760,97c3110f,fbf70d1c,True,-1000000,0,0,0,0,False,False,{},{},[],[]
matched_manual1010,588,source_on_episode_1,553f90d4b1795cd718db9ddef2e32e905314e854ca2dfa627d78366a06163f2f,2d16de9de606e2cea5e798e8f35c2e5fec372c569d2dcfb899e0ff51e9e66fe6,40950,32760,0d30a4da,6a1993c7,True,-1000000,0,0,0,0,False,False,{},{},[],[]
matched_manual1010,589,source_on_episode_1,7301741762f2726752eb2e80225e2380f2086991ac78f04c151c91370c0e1bc9,8168ebfc8360729edd2d43c37dc49f36c1ac3265a15d3bf5ceb3974b5db94435,40950,32760,76cdb077,c70d2c3e,True,-1000000,0,0,0,0,False,False,{},{},[],[]
matched_manual1010,590,source_on_episode_1,9d7160463755e0bd94e24dda56258dae78228d56d29c2d6b55a90ad0ea2e4114,0b22faa58596198522f8092bad646c8cc9a644a62a54b39148c44c568cb3f306,40950,32760,ab48b2a9,0deed9de,True,-1000000,0,0,0,0,False,False,{},{},[],[]
matched_manual1010,591,source_on_episode_1,16cb680dd4d3f9b321ce0ff49fad87737abb4ffadae002048ab0267a6f92672d,b2d5f07d35e1672876217b4130f5aed05e53334e3436f9420d1565b37fab9f62,40950,32760,1cf49e9a,a03a7327,True,-1000000,0,0,0,0,False,False,{},{},[],[]
matched_manual1010,592,source_on_episode_1,d303ffc732cc73c619a30d96d2f54c652692bfcc8a8ed1db78126b2ba8c685b0,b9549354395804e1df2a3d17ae4a76dd471e30e1ded6775f64eee6f2c6b0a9ba,40950,32760,e43e5145,ea688ca6,True,-1000000,0,0,0,0,False,False,"{""crc_failed"": 1}","{""crc_failed"": 1}",[],[]
matched_manual1010,593,source_on_episode_1,5fbaba35d45ed4029018cd5de2da1252063cb97bf91ff07646fbcb02365815c1,6ec5f364d0d9394fda81602d6d6c92419a4af831e74a290654ff7805ceab079f,40950,32760,1b9b3998,b44195e7,True,-1000000,0,0,0,0,False,False,{},{},[],[]
matched_manual1010,594,source_on_episode_1,a20add099bdd297444bf9aabc3bc4852f4cc91ea15406862eecbf32bac1aca05,96c1c08a8eb5d06d12eee28f29aea76fdc9e75235e2b93bc04612df7cbf87177,40950,32760,cc2b979a,cfc436ba,True,-1000000,0,0,0,0,False,False,{},{},[],[]
matched_manual1010,595,source_on_episode_1,2a86ecffda1b7e34f3a372796f40d5ad313fec4a0b73b78e7c8b98a895dd219b,b31bfeaa0bb4c89a5a28f91fb239c443be22b4ba0403ea8a3ad11b7e5d2691c9,40950,32760,b940264e,23b92983,True,-1000000,0,0,0,0,False,False,{},{},[],[]
matched_manual1010,596,source_on_episode_1,87e89c599ac3148f6ff222e881b2f6194e82d1b458d62b81fc3fbe340120a281,56bb5d9552d209d758ba527bc66671edb8a5a2315fcd8b755213efc862ae406e,40950,32760,cea0d140,3dac5576,True,-1000000,0,0,0,0,False,False,{},{},[],[]
matched_manual1010,597,source_on_episode_1,75952a7dff80c3c7ca63e4ae1f39686afba383bf236bd79dec819955acc727d7,4f05d11dd478115d7ddb9d1bdc091242726e60b524d22caed32b3bf0a8822fb2,40950,32760,c4816262,54344861,True,-1000000,0,0,0,0,False,False,{},{},[],[]
matched_manual1010,598,source_on_episode_1,558da9aae64ff16e021845e2667c07a4480f2cfb45f834f3888bc1de2038db9b,57257bb9906e2d68eed81126d1b8bcf066ff5c34868ce0ad6da49ee1e345b280,40950,32760,b63eadd5,11359740,True,-1000000,0,0,0,0,False,False,{},{},[],[]
matched_manual1010,599,source_on_episode_1,4abfe044e82c949d1d85cb3ce12a0293608d25a32234d7a2265d0de93a1b9ea1,04ce34fe12274dd23323c03b035e714c722aa73de821fa961a47ab5077d45864,40950,32760,1c389467,3aaa32ad,True,-1000000,0,0,0,0,False,False,{},{},[],[]
matched_manual1010,600,source_on_episode_1,20d046fc6a439f3dddd06cde7df69c0562218d61d7945e3ca4855909ff6cd817,c510f5ac5784d6308ac23cae4711e9e190e82268d877f04f3fa847d3448b49e5,40950,32760,c430d40a,a88e8008,True,-1000000,0,0,0,0,False,False,{},{},[],[]
matched_manual1010,601,source_on_episode_1,56d44eb4c1be7102f34d62cc4a37c70dd8a37c8c496f50c780d7c9650cf078de,254339c966ddad686f3561b047c82786b073106dda07ba98240152b3857147fd,40950,32760,779228bf,375f5e81,True,-1000000,0,0,0,0,False,False,{},{},[],[]
matched_manual1010,602,source_on_episode_1,f71964c3e877dbab0b811c5ee6fe6ed16240fac48d4c0e20d02719d0f09358af,69efa1bb7437fd00ba71e5d77fa905eaa8474771cda45312f86c7d0707fb9050,40950,32760,c3188f1a,d339da1a,True,-1000000,0,0,0,0,False,False,{},{},[],[]
matched_manual1010,603,source_on_episode_1,f25ab4287205c3446be4a4509d39c49e8c23a9e9eea30233916ade397065ea1d,4bd62392ef7be81295a362d638ade4a43fb242ccd9a491ad7413c4aaed89c382,40950,32760,05913975,66e181e0,True,-1000000,0,0,0,0,False,False,{},{},[],[]
matched_manual1010,604,source_on_episode_1,573df6bc401219b0fa86b4fbbbe249ff5e3f4071769273d7de97fbddacf7de36,a3a93c565a96dba8ee28a8ec799637787c3cbcde3c0f8712b590d2803b30f93d,40950,32760,e5aed690,99d92b4f,True,-1000000,0,0,0,0,False,False,{},{},[],[]
matched_manual1010,605,source_on_episode_1,165854318d6f5bf89404ca9ec7ca397d8382118c28c09fb1e98558fbe806242e,368205726501f27a9ebc26653ad3e96f93b65915a9849d5f58cd509b20bca176,40950,32760,2bf04503,bf8ba70e,True,-1000000,0,0,0,0,False,False,{},{},[],[]
matched_manual1010,606,source_on_episode_1,97cb3b84ecccd9fca238ae474eb065f4ff5bb7a2eb8fb36cf1bdb490a084df87,2a91e8fed06506669adc401d32e0b41f2e6788d4af176fc3050412fca38940ce,40950,32760,1beca705,21dffe14,True,-1000000,0,0,0,0,False,False,{},{},[],[]
matched_manual1010,607,source_on_episode_1,fedd05ba946811b4f963264a1611bb8803ce0f1ab7bb5f7a18e375c2939256ea,4430ba2b238e66c00ec0ec047181fc66bb2d75fee4b3b0f15dc64d1c7c4a44f3,40950,32760,640afed1,7fc48305,True,-1000000,0,0,0,0,False,False,{},{},[],[]
matched_manual1010,608,source_on_episode_1,33a50e14d88dee31952626a2b18ec592e41bb421d23a72606cd47abb893f6dfd,5f16c9603ff2d1a28a095092c8cea03fb4b6dfe1c770954a09aeb8c1aff45e52,40950,32760,ea8ae32e,68065c68,True,-1000000,0,0,0,0,False,False,{},{},[],[]
matched_manual1010,609,source_on_episode_1,74e6d681e79fa7593ef26b8e259ae793a329e5f31b5e77fc3f4867b94e9977f7,fac349cbedf04551d2e9cc6d82ba321bc97915e41089116c94b8d40baa25c88a,40950,32760,f8e2ac17,1045a1be,True,-1000000,0,0,0,0,False,False,{},{},[],[]
matched_manual1010,610,source_on_episode_1,88858488147da4f750ea3d7e0a68481d1bff474bde5f78fd916c52f1cf5bc755,379e45f856dfe664447b5df8e89c4c660ba8c75f50a969a65b5b28470bce2c81,40950,32760,6940933b,e35d2f73,True,-1000000,0,0,0,0,False,False,{},{},[],[]
matched_manual1010,611,source_on_episode_1,b1083658ee707b8baacb536a8a7969668432d34cc5889f37229510f8c9524989,0545edfdc9e4ac5dc6d97a6d29bab420e0427968d0a71a6c5db3d87babe8bf7b,40950,32760,3ee1fc8f,383f84ab,True,-1000000,0,0,0,0,False,False,{},{},[],[]
matched_manual1010,612,source_on_episode_1,36d9f2b34de5ce5f3c7dce8f5afaf6cbfffaebb37ce8ac7482953607aed489c6,6ca6133641139ff80b39731b1aa75b7c49d5dc4ade3bb06af550baf0a6a656ca,40950,32760,5b4442d6,61019526,True,-1000000,0,0,0,0,False,False,{},{},[],[]
matched_manual1010,613,control_transition_guard_excluded,041ea2f29e544c1a3a89931a27403fcc26796a357dfcb4db7cf7427cb32c38ea,d6d8e414d40ea556a530328504a7a1ccc76bfa79fd6c4b6e9d12b8228098f458,40950,32760,fd587d06,2022d65c,True,-1000000,0,0,0,0,False,False,{},{},[],[]
matched_manual1010,614,control_transition_guard_excluded,f11095b9526814ef6c77b1fbc5d6d1242caf7239a94f9e60458314ed9903d252,ed4a0d14ac5aae88302dcc45bd0cad2d7bd4229739194b20611e0af1692d9c5d,40950,32760,39e8fdfc,f6e59943,True,-1000000,0,0,0,0,False,False,{},{},[],[]
matched_manual1010,615,control_transition_guard_excluded,1c23f4917dbe8f363067be839c2d408b1cbec543f396b1437e5516707c2797a2,90d04578092948ba64ae5773f2926d24e01cba9dfd264e34309d4abc3ac9e10a,40950,32760,7d8a1484,fa510c7b,True,-1000000,0,0,0,0,False,False,{},{},[],[]
matched_manual1010,616,control_transition_guard_excluded,b0398e9f2696cca9def887140d46e5cd18bf732c80642ee3fc69ed98a610b87f,ffc1f987a002e44638e66cb95bee1476a45bc68213124b2aeba2cdbb23a38033,40950,32760,840e1c14,97219f77,True,-1000000,0,0,0,0,False,False,{},{},[],[]
matched_manual1010,617,control_transition_guard_excluded,8074111a1c46a29fea50da10eb73c7f17720c420a8b1e6cf019b09958b5e08d7,230a6e871c2dcca4ec439e3ad2ceffffbad6fd2cedd3f36d12a1a5c90b06d57d,40950,32760,0db497a4,7adef072,True,-1000000,0,0,0,0,False,False,{},{},[],[]
matched_manual1010,618,control_transition_guard_excluded,177ad88ea601d9c5eefb53334d056272d40db5249bea39fc82b5a98d3f506754,08e5a918515c69c8a2afdc11d785bef31ffe821a8cd4a85bd412cd0b48b09ea2,40950,32760,c14a68c6,61392d51,True,-1000000,0,0,0,0,False,False,{},{},[],[]
matched_manual1010,619,source_off_after_episode_1,d1ca859cd228ee3021ae5dcbaeaab31587f5ec6f69a74291204ac3b08a3f387b,f4a678a35bfe21fa554cee6adc2c1ae09214bb26ebfe475ada4c6d0ac4a1a1ea,40950,32760,11173908,75c86b23,True,-1000000,0,0,0,0,False,False,{},{},[],[]
matched_manual1010,620,source_off_after_episode_1,57eea87e76fd737ea1f75e5bafc54c7de5a219aca46f0b5be6f38d35860d31f7,430175cc3640afdf62fdb7f0357b2ddf2715da7341b12a5523e1891e57c80873,40950,32760,668d0c35,a2777916,True,-1000000,0,0,0,0,False,False,{},{},[],[]
matched_manual1010,621,source_off_after_episode_1,c7ddc31b930cc210d3ed4b5fcec9cc66a9a7242d2fd71ae851ce3c638d7aeadf,0a288d71fcfe46f85f715c202dc66dd96b7468569bbc0018259d8d8539f0be79,40950,32760,bfa7c137,de294370,True,-1000000,0,0,0,0,False,False,{},{},[],[]
matched_manual1010,622,source_off_after_episode_1,5c1bc4798ba512c859c25401abc120a1250ce666b64269a66bee26ea4332ff4e,50becc4c6d4a33364d555a38f47d19c8b7203fafef206ea97271611341ca863c,40950,32760,03e56488,1ce8fd35,True,-1000000,0,0,0,0,False,False,{},{},[],[]
matched_manual1010,623,source_off_after_episode_1,33f1b1ca94117f661fa860c97efd1abae6ff041c5093d19cd77bc73b321fa0a2,7f201de4a30a6b12e294ec93d94ab8b60e786b4d2dcae7f17b54fb9fcc21e249,40950,32760,3cc4e1f5,f616a7f9,True,-1000000,0,0,0,0,False,False,{},{},[],[]
matched_manual1010,624,source_off_after_episode_1,f63153e3b82cd3db2b0d116ce6e500b582d2d0d5f3589a5e4d7aca3638e5dd34,7bf833e11f0c5f2b8610d191bcc0e52760d1463fc7b57811ee79691f5cd0b3fe,40950,32760,638214c7,eaf8ffe2,True,-1000000,0,0,0,0,False,False,{},{},[],[]
matched_manual1010,625,source_off_after_episode_1,5dea0d4125f1c4a675231de49fa6edb1842d3798cbe6b8c940b626fce1205975,113fab7a125544d17201f4cdb7aa9affc397e5f07236a215e35b6fd3a363df7a,40950,32760,d424d0c4,a8c6a2cb,True,-1000000,0,0,0,0,False,False,{},{},[],[]
matched_manual1010,626,source_off_after_episode_1,d43f1630f45bcb5befe5c1bfe26c50acd8d763b24b6741221d508b256cb2467d,14783b36471f69e76d988e3566da6b067694417466b4981a62ee80db5e114e70,40950,32760,fed0cf27,28e4ceeb,True,-1000000,0,0,0,0,False,False,{},{},[],[]
matched_manual1010,627,source_off_after_episode_1,19b075e312d3e58977fdabaa2ac100dd6d07833b37d0be1d8d59a34e35abf955,7dabfb78afc0bccfccef726921ef0c266a1a49ea757ce9affef78a78a505739d,40950,32760,a97b7cbb,ede36ecd,True,-1000000,0,0,0,0,False,False,{},{},[],[]
matched_manual1010,628,source_off_after_episode_1,f601295e5da69507c100d47e09fd4f08cc33df674a29f93e8a9be2405d2041a4,ca7fe2b96fbca6749ffce6e257a96832085df3817f67ec7d8a4816d4a4f5be6c,40950,32760,9358f1f6,2581b89a,True,-1000000,0,0,0,0,False,False,{},{},[],[]
matched_manual1010,629,source_off_after_episode_1,5cad8ec7f5619dca94cb05d968481914a13d7ecff7ac09aa61a813a49afdd38e,9a43e36819ddf6f90d70e00990a556bf3b1a38d1acf922d66fd3f8c8f97f7962,40950,32760,3d39d446,0c39b82c,True,-1000000,0,0,0,0,False,False,{},{},[],[]
matched_manual1010,630,source_off_after_episode_1,d2034ed908124e712db01e8324fc416e9de37b8dd3e3fd9447999be10147e7dc,74deda6bccec78c657f845081bb9a54725d20b9150b2552862a33bfc0c347f29,40950,32760,c3f0c4b4,1750be1e,True,-1000000,0,0,0,0,False,False,{},{},[],[]
matched_manual1010,631,source_off_after_episode_1,3c48a4e14acd8d2b7747b612f69e38129e6dc1e6c219316a0c86a528b5a137a2,f2c18b171e60a0f4178a26f4e3ca682aeb275ef67d47a4d6d612b4752c3419af,40950,32760,f55210cc,5533bdf7,True,-1000000,0,0,0,0,False,False,{},{},[],[]
matched_manual1010,632,source_off_after_episode_1,2c0b8cbcc517bcdd89aeb2d5ba3fe8824282820a93d126263b7e29f054d5dfb9,c5ef7ae44028f0ba93d536c475a9625ac0714784a52c2b68f8a9e9593b13f427,40950,32760,3a5c93a2,b533ff33,True,-1000000,0,0,0,0,False,False,{},{},[],[]
matched_manual1010,633,source_off_after_episode_1,9ca4afa25e13c4d12e57afa35ce365fb0d6d88b95d476e995ea0273858173162,feff412dd402142ec6220dc69503392f499fcc65e2f5ea64d591d1ed14be77bc,40950,32760,60db8099,9dc28b83,True,-1000000,0,0,0,0,False,False,{},{},[],[]
matched_manual1010,634,source_off_after_episode_1,b9a2f4a12923a20c2f4ec26048d9a8a5b8105a22ff16c65b69194f404d34421b,b3a81fab834c1a7feefc34bf906d953d71c39b3edea902061ef6dfb38b00fe00,40950,32760,f38ba43d,eee03fad,True,-1000000,0,0,0,0,False,False,{},{},[],[]
matched_manual1010,635,source_off_after_episode_1,50831dd538271adf468b0c7dd55edc238c7aae8cf6f789ed1f03141860e01d4f,b88e7615584819ad0dcf073dbca41e6d3ff3bb6438c4d1efd6eaac9c7ebbc0c2,40950,32760,7e9fc625,fc32d819,True,-1000000,0,0,0,0,False,False,{},{},[],[]
matched_manual1010,636,source_off_after_episode_1,86f42b518ab00ca360e5ba9aa665950459ead47497a172bec6c226fa46a0a855,b0e58438e439a6df4566122cb91ad8c1b69815bf9da5658ea401f684c86ef72d,40950,32760,81038539,8e2987f3,True,-1000000,0,0,0,0,False,False,{},{},[],[]
matched_manual1010,637,source_off_after_episode_1,63726b0f08f7fcd7f362b625e7ba1c1fda369a5fe57127d64915234d81bac333,2a051cd4ae626d09dcfb75de6d253a1b046a34c66e54b1f6c75ff4d359bee135,40950,32760,efa7a25a,add0ce3e,True,-1000000,0,0,0,0,False,False,{},{},[],[]
matched_manual1010,638,source_off_after_episode_1,5269427f4ab5fe1221136d24cfa5e5f10c3e10f10a1926ba468db1fc5f6017f4,4c9c16d01c3e6401ee2268ba8cd8e42e0dd8934ca0900052d266f7d02305d8be,40950,32760,51705dc2,c2f549b0,True,-1000000,0,0,0,0,False,False,{},{},[],[]
matched_manual1010,639,source_off_after_episode_1,099f966f0ee6a5b6def5d5ecf8f4e39556a9d699474ff760503c0ed860f1fac6,67863820c9606c45a281cae66511c0acd482915ac4a17f5b16687e75a65e3822,40950,32760,d1702cb5,8c81b58a,True,-1000000,0,0,0,0,False,False,{},{},[],[]
matched_manual1010,640,source_off_after_episode_1,23048fb8ab7bb3ac36aabb201e1ec5d324f764ba2d1d04158fec19aed730d2bd,a7e1cfec5e129cd518f8bb93a11a42bd9a9d39f64a4511edbab8f9f6a1537710,40950,32760,34b97270,4d762ba5,True,-1000000,0,0,0,0,False,False,{},{},[],[]
matched_manual1010,641,source_off_after_episode_1,96ba61058f64f906367a809cbe004bfc7b8ad4464ce4e5bad144a96e392557cf,dafc5746518fcc6bad1680272c6bbfb6f06524ebacd052737fe0ff63ee9eb5e7,40950,32760,5c7e9fea,baa2e690,True,-1000000,0,0,0,0,False,False,{},{},[],[]
matched_manual1010,642,source_off_after_episode_1,f2dd94e92c54c9018a32406f07a458582fb9e9ea046b9502c9e51244e35a3cdf,2d63d91c8f9993a8016a2e53e795d302bf25eb738b9ee1798338028bc6339513,40950,32760,08d2d40a,672ee5b7,True,-1000000,0,0,0,0,False,False,{},{},[],[]
matched_manual1010,643,source_off_after_episode_1,d8a4abd4340923fd6350566f8e7b77816821d1abc62cc2db5aa51334f6400ff0,28f0fbf860c6580cafc281e8989a112932c6461ce2d0046f028ecebb7be401a8,40950,32760,0f0d9925,9fddd700,True,-1000000,0,0,0,0,False,False,{},{},[],[]
matched_manual1010,644,source_off_after_episode_1,cc2084baa74cc93d48aeede0d6dcd53d66c9abc23cc8c088f52864899d8c93de,5e1d98a0035589538528337950b389bad48f21ece85834e3745e1f1b1dece39d,40950,32760,79f0aa19,1fb63ee9,True,-1000000,0,0,0,0,False,False,{},{},[],[]
matched_manual1010,645,source_off_after_episode_1,be8774007a452734640f550d7464274d0a7d471ac61e78269b24944e451b062a,24af8657bddd2bae42c8b9fbf63e1c0dd1cf4e96fb76d682232991d15dfdf9c5,40950,32760,08d4ab80,b69e7e03,True,-1000000,0,0,0,0,False,False,{},{},[],[]
matched_manual1010,646,source_off_after_episode_1,5c25a724a597ef38b5761bd17b1ea041f3320900ca6c13d4977b4be4dd032ea8,ec7efa639d75f0d9a04e83af8d1417dac48bb47bba5511bc035a6ea5938b8536,40950,32760,403b1c71,22a34d1a,True,-1000000,0,0,0,0,False,False,{},{},[],[]
matched_manual1010,647,source_off_after_episode_1,f9ce325935051bf77cad1aafc01673b55944b8ef98a8d83b39272257a5317771,2dbc082a63ad52d002eef4f7f374d671bb0d4ebc31343d7a2eaa3cbcfa8823c5,40950,32760,5d6baca5,99b904e2,True,-1000000,0,0,0,0,False,False,{},{},[],[]
matched_manual1010,648,source_off_after_episode_1,288608f3d4a8544ac726b58bb8486a9bd65b5b0464888f12a7b2ae00bfbeb46e,6232ec01977deded6a1415720dd5dfafd812e36d8e5acec0bc175857ce23e22b,40950,32760,b35509b0,3e1f18be,True,-1000000,0,0,0,0,False,False,{},{},[],[]
matched_manual1010,649,source_off_after_episode_1,8683a23e3495beaf5c3961d55b660a1baa2e7fbc5c42d7a0034f4f6821a5e9da,4f01a0f6264f30c2be67727cd70dc4a0c62c026ad4b66947fb3126d557f4f5d3,40950,32760,2e6f80dc,b5161ea1,True,-1000000,0,0,0,0,False,False,{},{},[],[]
matched_manual1010,650,source_off_after_episode_1,ff4b4d9d3f2f398e4a213267220edc743de42776e44b42206887ef2abb652bfb,4faed0ee01bfcf86e7abd85d2673e9f2339c668ccd53bec1e8dfc695ed1f3826,40950,32760,dba4d707,932f9124,True,-1000000,0,0,0,0,False,False,{},{},[],[]
matched_manual1010,651,source_off_after_episode_1,8ebc9548f8e169274f73cd6d3234d849e9850f1b465971ca16969b3956849496,5101b9fd98874be32e13e6989091e0e7a838be52be93640015ff489cdcf839c5,40950,32760,99d5008a,ca584c0e,True,-1000000,0,0,0,0,False,False,{},{},[],[]
matched_manual1010,652,source_off_after_episode_1,adc1d661694b5c05897eb07cb264c8f2109d734ef5fe601d1b2a306f9a3929c1,3610443e5208830ff7daf4415aeaf092a83ebf3d77aad27f5b3f4090a173d006,40950,32760,4f1ad15e,65d31501,True,-1000000,0,0,0,0,False,False,{},{},[],[]
matched_manual1010,653,source_off_after_episode_1,ed7736e42fa5279a6706870c53bc04bc0b534e5a8ff57d3c0e10ec52546c26ae,c952a3d763c3bbc9badc2af779df27a4c46e5120433384a6f725a07a29c58bd0,40950,32760,74befde2,62f4ce85,True,-1000000,0,0,0,0,False,False,{},{},[],[]
matched_manual1010,654,source_off_after_episode_1,539de1edbd89b8a023823a99d53c8416c96a2efba8688e8f3625f9590cfadd7b,0aeb533929d4878bdd4d549d06a00a6ef95bc420aa5b92af1ea1a774d1fc580f,40950,32760,55d17ee3,eedce1bd,True,-1000000,0,0,0,0,False,False,{},{},[],[]
matched_manual1010,655,source_off_after_episode_1,0dd1bfc2e0b25120d2aff2825f74c3d4c37fc1748cc38c645129688176284e9d,21687a637ceab00e0c9bf8d1d8f4646b3a465c9bac75882e6263415e371bd4b5,40950,32760,ed55a75b,4f35bf26,True,-1000000,0,0,0,0,False,False,{},{},[],[]
matched_manual1010,656,source_off_after_episode_1,5e5056b30e7e6ffadc69145ae7b1e4617cd72fe17c84271452d387593955f620,c5b7ff67d68d60fac5f1e120455b283537118fa5290797ca3967f9ae5184d12c,40950,32760,81f339a3,ef1e0839,True,-1000000,0,0,0,0,False,False,{},{},[],[]
matched_manual1010,657,control_transition_guard_excluded,87fd419b7db4097612c6a154f9c3eecfdca49ecd7db4d61b9d7eb0d882d8495d,a555c372ea7fad6405a23adeb7d4e613d1e2b5bfc7be2f60d3921b37d7d6b799,40950,32760,1e3ec494,3ec7ae6c,True,-1000000,0,0,0,0,False,False,{},{},[],[]
matched_manual1010,658,control_transition_guard_excluded,ee3631c6ee3422d1ed9e74845a08c8b39e19e92ebb88591f21ea56cd9a62107a,75df14ed3273f4c1deb6f0fbdf5bd8a2844487103028291f429480ca0e43245d,40950,32760,f5abbe1b,39ab1ea8,True,-1000000,0,0,0,0,False,False,{},{},[],[]
matched_manual1010,659,control_transition_guard_excluded,33e29dc7fedb34d28dd31bb3ee01111e95d554c9d988b505cf4423df8bfe6363,864f81000f6d5e24f111a4d64a94da52f12acf6bcca3aee935ba524a5f7f6f5e,40950,32760,42f967f2,e938709e,True,-1000000,0,0,0,0,False,False,{},{},[],[]
matched_manual1010,660,control_transition_guard_excluded,da359bdbb8842a0aa4067bc0ed6b172b4bc94f182d090fa1c5568818d9ccf6a8,1dd340cfdaceca92b26c6c073b3d94536fc835a9ec401a68bb410d5b1ed052c4,40950,32760,22824d2f,2b29294e,True,-1000000,0,0,0,0,False,False,{},{},[],[]
matched_manual1010,661,control_transition_guard_excluded,a31b92d79e887c35d089e01e65c7930659d160af595dc65a88df5375c4179c6d,afadcb14906cfb22aeb28d7d906d14f4d8e30eebcc38af4f910d0d41d0ee5a6b,40950,32760,a96be964,0d47d3d6,True,-1000000,0,0,0,0,False,False,{},{},[],[]
matched_manual1010,662,control_transition_guard_excluded,ecdc5483be852538696d285ac1db7e416e8c18ccc09794763e055d808576c65f,33ed4d8161b5f8247dd73a959acd33db5a452a30d88d3de7fc42609cc3bc393a,40950,32760,85757aa5,3d0eaa9a,True,-1000000,0,0,0,0,False,False,{},{},[],[]
matched_manual1010,663,source_on_episode_2,ccdd2d7951d4de5a0abb00c1afca61eda782678c7bf60433b2a8ff45f519f997,6594bb47014c9c3dc798a6dcf5f2cb9838b0fa31aa047e851b0eab83b46dee05,40950,32760,f16bbc65,b39f4dc8,True,-1000000,0,0,0,0,False,False,{},{},[],[]
matched_manual1010,664,source_on_episode_2,3bcb20d233a14168cdd736941d9bbdd5f9e57d91239b49788adea83082cede25,7ed116f5bb58d6c4f56e8c4699294b9140c193e0e8f369e7a2888219db99d474,40950,32760,b520870a,b39f4dcd,True,-1000000,0,0,0,0,False,False,{},{},[],[]
matched_manual1010,665,source_on_episode_2,140c00b88fc51cf91e460ab935f55c27954c34c0bc258b11047367b4db6efb51,7ddd89b6692d475f26cef1082cb4f4546d7781cbe758a0fd662e83bc5a85d630,40950,32760,f4174500,2a2b3197,True,-1000000,0,0,0,0,False,False,{},{},[],[]
matched_manual1010,666,source_on_episode_2,0473ffa43b9371e13c07fd29a308d92cd2da7fd9bf9aa821928b1443c2f9f002,d00f85d89dcc7469d31a651c72bc4832ed4308740793c90e4dae4f33d414422b,40950,32760,f0e32041,dd87bc34,True,-1000000,0,0,0,0,False,False,{},{},[],[]
matched_manual1010,667,source_on_episode_2,5d1746e51612345557c7341b98562a9250d4b13a5e91fdd7754738ad7308905e,a240b1aed0725367ba7e1ba9a1c619de2f656247c1d1bb2cc209ed3aa2798a10,40950,32760,a668f0f9,3d237dd3,True,-1000000,0,0,0,0,False,False,{},{},[],[]
matched_manual1010,668,source_on_episode_2,c443e8665af1aa2689d0104a954fa82f0189702872b4d6fff6d67a822784a3a0,237d17b20eb5275ae97d3a9facaf948770814c8058c7fb5b9b4410e2a057ab1c,40950,32760,fb95d5c7,263f6588,True,-1000000,0,0,0,0,False,False,{},{},[],[]
matched_manual1010,669,source_on_episode_2,c0eef0a77fa8905162894f73de3fdf5436999e1a7fa6c331162a22d555b4bd9a,3d364238576b241ec72e3932d5001a717c65851655dbb638183a0e4aff900550,40950,32760,71beb49b,7b9bcd0b,True,-1000000,0,0,0,0,False,False,{},{},[],[]
matched_manual1010,670,source_on_episode_2,941781a767f186cd523019b78d31ba21be11181e682077ac6fd745d1b5bbb490,847e1274ae3dfdba2e60591bd423aefb43e7f4d7e5397ce37ac80fdfbe97aefd,40950,32760,f166f510,0b65ecc1,True,-1000000,0,0,0,0,False,False,{},{},[],[]
matched_manual1010,671,source_on_episode_2,6111ae7cb360cf48c3816fd273ac92285dc85864f2152c747139426e7023e2e2,b789daa8c65066f6a1d1ad9fdcc9566df0d69b3ad478e8bd905fe877ac4deb0d,40950,32760,0622968e,89213df2,True,-1000000,0,0,0,0,False,False,{},{},[],[]
matched_manual1010,672,source_on_episode_2,909888d4227388365064c214839ba3cf01490cc93c8b1cdd9b176bad184f31b8,d15be0b30e1769ce1ae34364a3f48abf5b9eea18849c63846be43150d558973f,40950,32760,e9fd97e8,7941df39,True,-1000000,0,0,0,0,False,False,{},{},[],[]
matched_manual1010,673,source_on_episode_2,4b1510268e483a1783a5a769eec91e58e9b3271e4abfc4bd4f0c3100d5d3da11,6b8023a3563e861cb6eff38b18c47977f23f9a4dc36af90b69e5cd46a7d7ff0c,40950,32760,712fe04b,258195cb,True,-1000000,0,0,0,0,False,False,{},{},[],[]
matched_manual1010,674,source_on_episode_2,533e6fdeec5b7f5377ca04db04574995e8a6b6c1dfaa6466985232523b849a61,079b90edba1e5ff3bae42cc042525f1a5548f5ccc70ae90189aa6d542633c8c2,40950,32760,6c3fd23b,a23359c1,True,-1000000,0,0,0,0,False,False,{},{},[],[]
matched_manual1010,675,source_on_episode_2,7345f41fe68e6fd7ae688f9ab13bc7af9ffbbaebfa95da72cde8713068924c24,2dab71ff30333240c862a3d48ba1f72b7f8720007eff9c5d2cc232503b4a72c5,40950,32760,08ff8576,920b4d6e,True,-1000000,0,0,0,0,False,False,{},{},[],[]
matched_manual1010,676,source_on_episode_2,1d5ea29bf50c84d930ed3ecac4e04d97d6e90d5e4d1b1d186443b2b46ff7273f,41fa5b08b0d531b30225f0a6c0a3ca1d0608c804e2e83c8608ef09268c2da977,40950,32760,78e665ab,4132cabd,True,-1000000,0,0,0,0,False,False,{},{},[],[]
matched_manual1010,677,source_on_episode_2,a325d51860d4c41e36fe716f84b5dd7463785eeb0296520e6c4ed966b3222df4,b4a0f1902636ea6c574c842c72e8c2efac558060da2dd0872a403e4e0ebc0007,40950,32760,0e49aa5b,250ef0ee,True,-1000000,0,0,0,0,False,False,{},{},[],[]
matched_manual1010,678,source_on_episode_2,d604aa844c01094bab90b58705b39b07c8b3a9ef9e448bac75a4cdbbb3ccfe44,8aaba7291e1fa6eea3df2f907d30677b3d8b8af778befc6e514c81155640e4da,40950,32760,ce1790bf,90a137fa,True,-1000000,0,0,0,0,False,False,{},{},[],[]
matched_manual1010,679,source_on_episode_2,3c239083250521b2e9dfc5ffeacf65f225499cf652203b0198f6f9a3e5e5b474,2fa9c127cdeca8a24f407039fb3392ffd8fb4ae166cea3f27118eda2088bd49e,40950,32760,8a3ede9e,040912de,True,-1000000,0,0,0,0,False,False,{},{},[],[]
matched_manual1010,680,source_on_episode_2,5d5ff4dfd08929d7e1257423939acc418777f82f442cccccd108d7a5684699f6,3f3e8deeb2da11a2dfc5d6abdf415f30b40666c0187e975a96a8e0e9cbd92588,40950,32760,e4b0ae0c,a13d0c31,True,-1000000,0,0,0,0,False,False,{},{},[],[]
matched_manual1010,681,source_on_episode_2,985e819d420339aac126afa255e46dfa8367b7abf1b97d1a37d6c0751370f593,6ef9d0dd86ef9322237dc15a6fbdc0d344954295d96d345a684ffe2eac454196,40950,32760,025d5cb9,1b864ec3,True,-1000000,0,0,0,0,False,False,{},{},[],[]
matched_manual1010,682,source_on_episode_2,2fc66ae57fe24fd55d6b4ac89b100877a48b3fdfa6dedfa879c0252622ff68c1,87ae9044b24160c53e4703eea5c7975ded8a0145e0f96e6ddd8549a6feeaf85b,40950,32760,81402c66,76624c2e,True,-1000000,0,0,0,0,False,False,{},{},[],[]
matched_manual1010,683,source_on_episode_2,6c1e89857e76cc0f896e9c28180e75f6bbe5c5dceafd2ffd3b1a31559f8da787,0877edc856d6ffab8ebce2dda93a12c11de515fe90e2b18faeeda494cb5c7a73,40950,32760,8ef312a5,3ce49093,True,-1000000,0,0,0,0,False,False,{},{},[],[]
matched_manual1010,684,source_on_episode_2,0b3dfb4d3eda50db8ced243dd773b36f9f9cf64e3667f49b31af7a1551a64ee4,66d3a862acea594c3c0a9882fef00ec0351ffead254021abeffb67a81902f56b,40950,32760,2e2755fd,13cf443a,True,-1000000,0,0,0,0,False,False,{},{},[],[]
matched_manual1010,685,source_on_episode_2,6dce22b9ca986458139d09da347f6aff66efbc2e8f857214cfc6f8f7f5d88ce7,156869ca0f0bbecc0e820a4214da8c91f975ac59f8a69ba48c880e62a5bd3475,40950,32760,ca2c8114,1076e647,True,-1000000,0,0,0,0,False,False,{},{},[],[]
matched_manual1010,686,source_on_episode_2,5583381dd8dd6c2e270844155f0c7785ef2d4352db7620c9a19cbefc1284b165,5ddd226f4585b6b1676463c902f0e4b36a44f45a9840f4af55e032856e6d1c6a,40950,32760,9ea68a64,0e831116,True,-1000000,0,0,0,0,False,False,{},{},[],[]
matched_manual1010,687,source_on_episode_2,8a6bf20e9722c5fd28cdc8a11e981c02d5e49d35c163e32ccc935ccef97c515c,6e2c82972927d87dfd27f6f13fbe7af8d3c7a2eb01c40bc9663b3a4144d7917f,40950,32760,a79f7366,9f8b4b5a,True,-1000000,0,0,0,0,False,False,{},{},[],[]
matched_manual1010,688,source_on_episode_2,c5cd92f14c3b766e6bdc5f054c12297ab568265032efafa5989b59f6992ef940,353d677e8e2ef49eb2f27188fd95081a26f447cec076f3a4f918db9c636023d0,40950,32760,f12d3f16,9760e65e,True,-1000000,0,0,0,0,False,False,{},{},[],[]
matched_manual1010,689,source_on_episode_2,596e08c05212d06374e49f421737b3948817fb2dbe6a44d9e94dfb3cf0c38741,81f0fdaf5182663b6b717f3339b474c0365eefd0d950d5fb84dd4cb72d4ccbb7,40950,32760,d5fd0d30,388189fe,True,-1000000,0,0,0,0,False,False,{},{},[],[]
matched_manual1010,690,source_on_episode_2,fa04e10e511a86d1fe62641d23fd2512ed28b225b7afc48fb7dc15a74a5098b4,bb60aa10c19f64f5739908eecb82afb6b229cb9bdb8e265defaaa431e5ce2f8b,40950,32760,939fedc0,d42b0eb6,True,-1000000,0,0,0,0,False,False,{},{},[],[]
matched_manual1010,691,source_on_episode_2,8da8b613bc678dda8fa1b822b7c0872ad5ca1b936c6a5eeada74178492f759d0,9e1386dfab97633ef2db5bed1442184368d971eaca50a72ddd7128ac6debb043,40950,32760,ffdf4a18,c480d3c6,True,-1000000,0,0,0,0,False,False,{},{},[],[]
matched_manual1010,692,source_on_episode_2,ffb0a557d151fea0c438fe9e7f2a29f91dd8498b93ff73da2f6ce4a14c47c2f7,f31c1652d142840317de303bb05b95887080bae62c0d6d27490d077ec479a56b,40950,32760,14b9b162,7be92464,True,-1000000,0,0,0,0,False,False,{},{},[],[]
matched_manual1010,693,source_on_episode_2,4c89c9e9d89b3ecae0a6c061fcb41782ebf350ad14c30ca3b88cc9dd03823c00,7e7904720ff56f59fdd82baa137217f29cb602ba551c54b9fcc7d446a15c58f0,40950,32760,3a4f3f8f,41197dd6,True,-1000000,0,0,0,0,False,False,{},{},[],[]
matched_manual1010,694,source_on_episode_2,023cf798e5b7264eef5f4e5b4b113f1f8f1b461f77326fe6b1d3e5f346b36fab,cc69795dcacfdf6e9e85f5473b03bde9c9fa5241ac0d4d445ff638b0e2e9c1c7,40950,32760,1400e6d2,0d847a16,True,-1000000,0,0,0,0,False,False,{},{},[],[]
matched_manual1010,695,source_on_episode_2,690356e02af073d31cea408c4b3741b8fe1757220346cc4a0b230b83af1daded,33e792d4dc30013c7e548c5b7e49743eace2eb80bcbde8cab258fdc0206b6de5,40950,32760,9b94d4bc,6ffc00f1,True,-1000000,0,0,0,0,False,False,{},{},[],[]
matched_manual1010,696,source_on_episode_2,bd6cb1d75e1becb245f235aa314655ee002ec885f8aba636e973a1ac9d359541,2b80926e3117be1ee199cce8bef6831d3c61909ac6dc50623445a38c63a0b38c,40950,32760,e8b3a80a,b9610598,True,-1000000,0,0,0,0,False,False,{},{},[],[]
matched_manual1010,697,source_on_episode_2,d2b32babbe384c040296b90ca767251fb7fb7fdf91d614face0cf4919c61b006,fafe927c51820b30b6567897b3b169e00618bc40f442e1e332e7fbdb053d34c8,40950,32760,e6d084a0,a2bf8b8a,True,-1000000,0,0,0,0,False,False,{},{},[],[]
matched_manual1010,698,source_on_episode_2,7f6c360cf9904bf06bc2afe1f7f00138c198f45d0ba37dda2348e90d8fed69dc,7e8a6fea6023dcbc0f5eaaf73f2710efcb6d937a65db7fa0231a7b19b9c0d9b1,40950,32760,0c71aa50,476951f6,True,-1000000,0,0,0,0,False,False,"{""unsupported_or_invalid_header"": 1}","{""unsupported_or_invalid_header"": 1}",[],[]
matched_manual1010,699,source_on_episode_2,54b63265bebbebba50d384d44f68fe5f39adfae7b6588ba714f5c9eafde1138b,2e5dd731ce027f14737022d57d63fc02fc8848e1be804b2f65d9fb577ab87b21,40950,32760,d8bb9006,9c78df07,True,-1000000,0,0,0,0,False,False,{},{},[],[]
matched_manual1010,700,source_on_episode_2,b76303acc4ad7704dfa46ce670410e05146d140cf27bfa684fffc1fa16b8cdab,f8f5c5411d8af8569ac399c822724b58e0876596e864f6a0355e8ee5567604be,40950,32760,28674bc0,0dac9b3f,True,-1000000,0,0,0,0,False,False,{},{},[],[]
matched_manual1010,701,source_on_episode_2,cbf7f3b1d218d84db27cf44012f05d42a7d970785e54b7790c333a4d9962b0c6,6712fe211c1f135edaaffff17f33ef284d51cb1f378ecdbc23bbb947ed9116e3,40950,32760,0d042c30,c2cc0058,True,-1000000,0,0,0,0,False,False,{},{},[],[]
matched_manual1010,702,source_on_episode_2,b83bf1278109e02c279592961c3d1bad2dd867fd4462a459f00c6ecbfb338dbb,6bfe69b69bd31a88644e95c7cbfa22df6f5f99f7b9c6b095350a1231a7f6349f,40950,32760,61b09246,e373dde6,True,-1000000,0,0,0,0,False,False,{},{},[],[]
matched_manual1010,703,source_on_episode_2,da0b2d7b3f265d9a02a6a72029695c3eabbba74ccdbfb276fae9b5b915a5a67f,f943377651809f33184f89e52d456dffd9590e2cbffc4d70dbaae870f8a64ac9,40950,32760,f6c74e34,04b675c0,True,-1000000,0,0,0,0,False,False,{},{},[],[]
matched_manual1010,704,source_on_episode_2,a16ca5e6a020160947e5c315586bec0e37a518251d6acc3c2ffec403a12bb4a9,f9af633ba27818d41e8f29472a2387399b66651a60d04371a609651da114ece5,40950,32760,c7fe67e8,5b6d7457,True,-1000000,0,0,0,0,False,False,{},{},[],[]
matched_manual1010,705,source_on_episode_2,16b00f9cce62c55b3a16e5607efd3c55fb07bf6444d702259657a5751bcf1e5b,7cff55b69212e12bd33ef0228ed37174c73432578bb7b4fe9bc6c19de3ab40bd,40950,32760,019c1521,2eec06f1,True,-1000000,0,0,0,0,False,False,{},{},[],[]
matched_manual1010,706,source_on_episode_2,e619cc3e0abf83ca6816c9403ab220c1ecea7ec3daa591b6091d4103ef5181c0,8dc7e796cd0a0483af6b124b2e6a89d1ac4d9ccf89c9f8f030e054cd528c2963,40950,32760,280fe5dd,c6e54fe7,True,-1000000,0,0,0,0,False,False,{},{},[],[]
matched_manual1010,707,source_on_episode_2,0b233383b902cd2edff8c2aa5ed5db95c95fd3c24a988f52dcdebda3e4709da0,c8575bd6d3794ecbb9e99ccae2dfc6f38ef9eebf46d3b892918fb78a44dffa84,40950,32760,dac7cace,fcec57b7,True,-1000000,0,0,0,0,False,False,{},{},[],[]
matched_manual1010,708,source_on_episode_2,c62a11937fd39e760897ce002d5fe1e5fb0be52f54721e7dbc421426049bcc83,400d9f1249d9cbf04e466ebe9ebac62e36b2c3bde3992798a1f86598698ddc4c,40950,32760,722affdf,43cabd79,True,-1000000,0,0,0,0,False,False,{},{},[],[]
matched_manual1010,709,source_on_episode_2,6641872efab13b0d9e494994d40d9b4920c9043e33a8a83f966cc061f7da7729,b18bc1a647bdc353e67d6c98480b18ca5d6d69fbd49d8673f17751d606793fa0,40950,32760,f36d68a5,85e411fa,True,-1000000,0,0,0,0,False,False,{},{},[],[]
matched_manual1010,710,source_on_episode_2,afe6254add907aa8e24bdad9fcbfbf987f9822e50f513d0c314b9914c8b65c46,1bedc271b4e2891dd0461cfb7fc3c0691ba1fc8aca00a8c611cf67dbd468be0b,40950,32760,3c51e258,efc4caaa,True,-1000000,0,0,0,0,False,False,{},{},[],[]
matched_manual1010,711,source_on_episode_2,49e9dd5db7adbca0e3e8dba53e89a258dbfbfd5986cf2af13af2d2a9b83d993e,82e0789d82a79ec2f515a2b7dbbdd3216c36ef23932473ff45a20ad44986ad34,40950,32760,00d34caf,0f89b8e4,True,-1000000,0,0,0,0,False,False,{},{},[],[]
matched_manual1010,712,source_on_episode_2,c7f1faf75d53cab0b79268607dc593bb0d34144f77c06c452358a67a2b3287d9,05454116dec3680aee38702f5e9cfdb18ed1428bc4dae47440459494f6c4906d,40950,32760,097da820,3feabe6d,True,-1000000,0,0,0,0,False,False,{},{},[],[]
matched_manual1010,713,source_on_episode_2,18f226ffcea97e6fb5d9668b9ad753355379948f6c1cb8217db4245bd98d3c18,2d4eb08e9a112fa80319bee0034b1dcd015e91af909a5cb16e9351d33636e30d,40950,32760,5ad92fe4,28329dbc,True,-1000000,0,0,0,0,False,False,{},{},[],[]
matched_manual1010,714,source_on_episode_2,234beb0f472ecb5c9aa180ba07c03a92cf9e92a3f010caa19e0184b42f2c0f07,aac9b97e75ec976a3e98d400ac64c779f4661a79d1872fc4cda2dcb86bb72262,40950,32760,f3f4bd20,2923c7f4,True,-1000000,0,0,0,0,False,False,{},{},[],[]
matched_manual1010,715,source_on_episode_2,867e884439568989abc755265d22e9763659a1f5abac93a97a9ad7875dfd7bea,816644c6120879f0f274fdaef47a69708457bdd026037349d57d41704ef4dd02,40950,32760,65751995,25090e91,True,-1000000,0,0,0,0,False,False,{},{},[],[]
matched_manual1010,716,source_on_episode_2,7d0ddc196a57abade4380bd46fcb62f1316ca6c07025cf733501f405199fdb96,8136c0f910dbc79830ea4b0ff987d01d54597dcca00f3f3a722fbd4c120c319f,40950,32760,3a1be098,0fd8b599,True,-1000000,0,0,0,0,False,False,{},{},[],[]
matched_manual1010,717,source_on_episode_2,54a9c81aaf2c0ce7cec4de0e773af5545a6c9ac0125b521df80d71a4cd264261,4656b93815699362169ce286bd6e5b8a0ac2cb21066fe848320555f37090945f,40950,32760,65081de9,e2b45b09,True,-1000000,0,0,0,0,False,False,{},{},[],[]
matched_manual1010,718,source_on_episode_2,d9f78f17267f0a7b859216e6ce75b262e51490987fc69d7d86b84cc5f3755534,e825d5a1469b3d2153d5039dce2e65d1b58d17d2ad245ee9538a1fafdccfed98,40950,32760,1016545e,a3e9c283,True,-1000000,0,0,0,0,False,False,{},{},[],[]
matched_manual1010,719,source_on_episode_2,b43d912659d4f7f23a919fe9f255c0e790067ed2d6ee2f218e7d9d0928b982ed,965d515b44a6b303b772c7fef4562775664184390b3678bcf1e7630142dfe232,40950,32760,a54251fd,19b3b0dc,True,-1000000,0,0,0,0,False,False,{},{},[],[]
matched_manual1010,720,source_on_episode_2,fe185d535a1ceb60dc4ff72694babdb15eb56a0a19ef0650e75b5ddd3fb1b64a,664458e799fa2d4833f997b0672c4675e7c010c73978dc47d9e9a3af1ad9de6b,40950,32760,c8940679,5ca57382,True,-1000000,0,0,0,0,False,False,{},{},[],[]
matched_manual1010,721,source_on_episode_2,73927efc6436bdd5212e488954989ecb4e1137bad4017af7847ccf66820c08ec,44d5327e07cd7509aa1a8dae9045f453ee11e41b0b93dd2f08a6f3d6342facd9,40950,32760,00f961b7,840fd0ed,True,-1000000,0,0,0,0,False,False,{},{},[],[]
matched_manual1010,722,source_on_episode_2,21fade19fea41a89dc0c8d61f4bbdb008e936fb8fb0961478ca5f1f018f24074,3e01d8b26c380a964c4e578c13f45f2512be7e0e4b9622a718931a9bf2231bf0,40950,32760,f641ba87,1dcc94e2,True,-1000000,0,0,0,0,False,False,{},{},[],[]
matched_manual1010,723,source_on_episode_2,54a2ae81e581c6de29152856e32789c6751c0ef481aae6d693a1d8717f030972,42c567acc5c33cc11168d0fd1f549c7118f5869d631d67cf19881fd1bae45abb,40950,32760,4de029d6,fd4eb664,True,-1000000,0,0,0,0,False,False,{},{},[],[]
matched_manual1010,724,source_on_episode_2,4222585ddc8d7efa82d5154ddc75bffad15c65710581155d08709858d2e53bdc,42777c35e688d97805adffafd5e60beb37cc36a178891718799ebe6208e3ec9e,40950,32760,5549baf8,338b3bed,True,-1000000,0,0,0,0,False,False,{},{},[],[]
matched_manual1010,725,source_on_episode_2,ba6fae3d47b77b73f46c7fa5b86e2ea841ef05db792cbefcf6dde5e747776589,d54169c9af867817efee85f6f146f1030a9c06bd2cbba5f6c02857461b520d42,40950,32760,45401847,a4ab943c,True,-1000000,0,0,0,0,False,False,{},{},[],[]
matched_manual1010,726,source_on_episode_2,795a27a688def5034aaaadbd67f84791da6bb8f6aa116383689f5e31355c6c7e,159cda387dc0a27fab6e74375635b99004fdf76703565f62afcb9562eb22abb2,40950,32760,5f984c65,714c4ee6,True,-1000000,0,0,0,0,False,False,{},{},[],[]
matched_manual1010,727,source_on_episode_2,9d3b76d30ecb0a8759fd98b29ac372d271de8e7cfd8a29fb48f9d0781e5bfef3,2d8d0438bd4f07776ab3d43f155bea7dd33b5f0bfadde05ebf0d04aadf60875d,40950,32760,df35deda,2141e431,True,-1000000,0,0,0,0,False,False,{},{},[],[]
matched_manual1010,728,source_on_episode_2,082c8c7f879b36a6b146e06c78d6f9aa0572959aff25e26e9896daafa7fe6a58,7566b691695daa0f88cd6f5daefa0cbe1046890d578b874befc405d30d7ecec7,40950,32760,6d148010,10fb46ef,True,-1000000,0,0,0,0,False,False,{},{},[],[]
matched_manual1010,729,source_on_episode_2,9345394a1ba4673e3e7d13481f6003e30a1c3f4c81fd351b98856f6e0b9ebe74,f9129d123c4de41cce9a37666daaeeb92ad816313b96135782749529aec95e32,40950,32760,fd08b654,b1150144,True,-1000000,0,0,0,0,False,False,{},{},[],[]
matched_manual1010,730,source_on_episode_2,32ea68fb1ca4e58110e5c4bd4f96f6b2112ed3b780d965af23d2f355120b3071,fd8a4fa4d78b409c9833b955c63ba185a86c89146294f362716d71e52d581a5a,40950,32760,36e8d611,977cedbd,True,-1000000,0,0,0,0,False,False,{},{},[],[]
matched_manual1010,731,source_on_episode_2,2a696a09d2d3c4528f0f81d3fe1a9148dfe8d0cd2be0f0a5f9c7f8c0cfbe7755,d827446c650f7bcc9dc43f7b6e6e493a9900ff7cbe86cd7974edd6033451a77d,40950,32760,3d0e2666,bb0a94f0,True,-1000000,0,0,0,0,False,False,{},{},[],[]
matched_manual1010,732,source_on_episode_2,0e46827dd8493ddec7c3ea1f3270c89beb4be2d7c766374bce914c5974ce0b61,15dc7ea3fe982749aaed865fc244761bcba5a38266052f794fb7b665980400e9,40950,32760,7fc9b315,fec76e10,True,-1000000,0,0,0,0,False,False,{},{},[],[]
matched_manual1010,733,source_on_episode_2,e515a73e8faf2a16db1312f64f9edf66a2935a3e65ac6440da4dfa9c1f041b8e,b80fbbb491419e3bb9a2176eaffb2f57fb71f0927b25a926b23429aab6074666,40950,32760,d79f80c9,a3860136,True,-1000000,0,0,0,0,False,False,{},{},[],[]
matched_manual1010,734,source_on_episode_2,1c2ec49204870920248d62d1b5a271c361aca1039968ac441ef59810cf5f607c,891843bc96c8b29f84082137d919a6a93838c6f53dfa762fb6172292610597c4,40950,32760,67eb658f,12d11218,True,-1000000,0,0,0,0,False,False,{},{},[],[]
matched_manual1010,735,source_on_episode_2,6cc5813d4f9e29adf681c23020fc0439a800c7d73c771085d72769b406b8ece1,711042af6e1fcef66ea10884729db78c1f031a9e91deeed1e1c313f537e6cdf9,40950,32760,2f019875,f30c1c02,True,-1000000,0,0,0,0,False,False,{},{},[],[]
matched_manual1010,736,source_on_episode_2,51b5e5aa3f83329cf5881cfd1eb3708dd357f438b2ef69d86024a206bde203fb,f34673d3102a2c040e5ff1b2fc3e398007f11c55e0ad8125ab32029b8b4ebd02,40950,32760,a0995570,4688e3b7,True,-1000000,0,0,0,0,False,False,{},{},[],[]
matched_manual1010,737,source_on_episode_2,5af40e043fc888559133b645b7a1965ad324825201d2bca4548fa727e4882596,29e856a32598c01eef74bfc56b058872e41c32f9013a77c3ae4bf7a6161e723b,40950,32760,65b69141,9b9fb41f,True,-1000000,0,0,0,0,False,False,{},{},[],[]
matched_manual1010,738,source_on_episode_2,d7f351857088a643cb8c234112d6dbc75d5603530310c8f19345a0ef7d591c20,1c36dc00943b16bf4c2264e83166ff84e8f60fd114bad2e9152f2285b1a11506,40950,32760,b0bf04f4,3e49c8c0,True,-1000000,0,0,0,0,False,False,{},{},[],[]
matched_manual1010,739,source_on_episode_2,829cc84c1fa72f6a638f0bd52bbc2bd4eeec2d04a5cedadbbbfe5be20be94336,eadc285df363ea2fad6c2b6fffac24d0cfc5d68d8d3aef4c45f51ec2223b98da,40950,32760,a5e89bf0,73ebab06,True,-1000000,0,0,0,0,False,False,{},{},[],[]
matched_manual1010,740,source_on_episode_2,f277c0bb776371e2c9f41c7e859d70c35e903ac1656e53e0a666a8c7af8323e5,5bf83c590232a650164c09a2ddd5f5bb10481714c576ee4ae883922fe84cf316,40950,32760,2e9a31a6,4514019a,True,-1000000,0,0,0,0,False,False,{},{},[],[]
matched_manual1010,741,source_on_episode_2,676ff18d601056cc25a0650a0997bed6ec48549df610e3fa95f2bf5edb9a2bb4,42da1e139cd21bdf5f077d5c563083882f117687cf06a4fd62a5feeeead2de6b,40950,32760,2ce94c8f,5bc0237b,True,-1000000,0,0,0,0,False,False,{},{},[],[]
matched_manual1010,742,source_on_episode_2,cf1d6ae34d452f46de9d03673a05dbe2d9b73dc81d1a44c90d4ddbf99700294f,19d08c57c5668136c22c8d9d39fb62c247f797207c305a9d2c171546089a4191,40950,32760,ef16dcea,6fd2f96d,True,-1000000,0,0,0,0,False,False,{},{},[],[]
matched_manual1010,743,source_on_episode_2,a7aa5cf5bd19f43ff164a7544674c05d7c27f1fd1580b96765b682b7815ba33a,32d20c1408fa6384668ba84b8b884415263428cd46b5847fa2673145310d9ef7,40950,32760,fd06dc52,eacddcc2,True,-1000000,0,0,0,0,False,False,{},{},[],[]
matched_manual1010,744,source_on_episode_2,553916532fbb240302b0b5bac038bbed21cb3970960a46f137b6c171503f947e,4ad3335156d40d09ef7e3c43a441cfd6e7d70fff86c266ae3518e1ae6850217d,40950,32760,b3bfcae3,c9371e46,True,-1000000,0,0,0,0,False,False,{},{},[],[]
matched_manual1010,745,source_on_episode_2,a10a8b3f98be9cb1a25d0750d26dc6cb3a30a344cfdec3597c008d5f307f2f0e,52ed101157f399ea38025f53d3dc4c2c84397a4b2d7eceda2742522d93d1236c,40950,32760,2431c848,cd46a264,True,-1000000,0,0,0,0,False,False,{},{},[],[]
matched_manual1010,746,source_on_episode_2,4e14389a136e7c7cc3a086d971da2d3f2ce4d8a744fc669e566e8a37b5151ef3,4da34c6b3563655de90645b184eaa55018cf4507d0ed1a5483437a0b5737ba5f,40950,32760,0467f2d3,83cd2e42,True,-1000000,0,0,0,0,False,False,{},{},[],[]
matched_manual1010,747,source_on_episode_2,1be3a2d8060a7136eae72e46ad72f05c4c2d199e518b5dc2eccfb7b70b0dc2dc,370831b8a34fd0ff5886065a30b79894a7c5c1cfbe4474180e1d5c7a710ce025,40950,32760,28e71c1a,09594c44,True,-1000000,0,0,0,0,False,False,{},{},[],[]
matched_manual1010,748,source_on_episode_2,c40b7af986ba095fd7b8d2d5284d7358cf74f5326320e37ed1664dbf5e1731cd,28db4eda0054f930a1fbc578065e426c919387ac6bec4d77f3933af339a8f5f2,40950,32760,feda5974,32e3e179,True,-1000000,0,0,0,0,False,False,{},{},[],[]
matched_manual1010,749,source_on_episode_2,7af4611a23ea336dfccc3c0bfcafa61869ab6ed65ff15a99440c862669a982c7,4635335056269672c5a802877e84a7701253e9fbc89aefc52f571cfb8120cd76,40950,32760,94365a1f,a25b3196,True,-1000000,0,0,0,0,False,False,{},{},[],[]
matched_manual1010,750,source_on_episode_2,95f6aad271526e1682dacfd8eec62da59ad77a8f16567526adb682dc8d0c45f9,703ed269fb3450e7f6f8e23e20f9c5f30dfc9e6fc358b5aae549095f46a9c69e,40950,32760,414b11fa,35976b46,True,-1000000,0,0,0,0,False,False,{},{},[],[]
matched_manual1010,751,source_on_episode_2,8cad23ec124bd79137266d118d9c3e5fd100461d8e73cc727c1b5205fbed6f69,4b50bafc22d92cf28c2421311f7723ecdc8d2518dd1973d78759a55aa28b2157,40950,32760,b45c92a3,3925d677,True,-1000000,0,0,0,0,False,False,{},{},[],[]
matched_manual1010,752,source_on_episode_2,2ecd7f96d49315cec9a2cf1c9ba4d00512847b86ca67262254df07a2c9923bf3,c94da5287e8929269f8c84ef70f170c802cf68d4582c5f1df3f16402efa6e4ea,40950,32760,949b6d6a,e3c8bc62,True,-1000000,0,0,0,0,False,False,{},{},[],[]
matched_manual1010,753,source_on_episode_2,4e9a98916171c4c2a56f2b3767146922c432bb170648a7c1016f8b3adf761253,4187fa6773a61f8c4b076ebd7b2c55427d0e5da09314626a2d95e99a8ef056c2,40950,32760,54e3fe58,ee9bca2e,True,-1000000,0,0,0,0,False,False,{},{},[],[]
matched_manual1010,754,source_on_episode_2,00cc51378a26a960771b668fcb4b14f7392afcb8534935ca629c645a92ca478d,c235c4076cd7df3b3ba142d9cebb013ca35c71a20a908dfe9b8936ce8b088a08,40950,32760,d6439c88,80a77b7c,True,-1000000,0,0,0,0,False,False,{},{},[],[]
matched_manual1010,755,source_on_episode_2,3fd25ff2bc9a306754d9544df116c9f9bbd4d22ffaf25fa9595667b7df5bbf53,fdf45a423ac2d378a4d055e27aa0cc3caab4f4016b4ddab1c4173e4601f851e4,40950,32760,cf0bec49,1a71ea7d,True,-1000000,0,0,0,0,False,False,{},{},[],[]
matched_manual1010,756,source_on_episode_2,254bf69186f267b31f3dd3b1a1d9357828b605deef73f1414d8d71c6982d5b0f,eb4591802ea2b35bb9a1cacbc166553f8a14a74de265f1819275f22e08de9dbb,40950,32760,10ffe7f4,0155a116,True,-1000000,0,0,0,0,False,False,{},{},[],[]
matched_manual1010,757,source_on_episode_2,9a3452d0b51fe65d683e05f0319243bd0e8924381c09cc202f622aaad8c0134b,a8343aaa56e5d47007c88254ce90392d3941def87f02d30d87fea0b9c0a4134e,40950,32760,8fc33627,8586c6b5,True,-1000000,0,0,0,0,False,False,{},{},[],[]
matched_manual1010,758,source_on_episode_2,13dd947097bebe6f693599bd6ab9cc79a3d3d2e746af36f3eca8c91d4b94c494,011888f520cc62880321133b48141abee6af50822fe5fe0ede21416698fd2089,40950,32760,cf0299e0,bfb869ae,True,-1000000,0,0,0,0,False,False,{},{},[],[]
matched_manual1010,759,source_on_episode_2,742da8476f673bafec8002e072607895dec4cd02b11b215a55e16ed1818320af,a4a3e49b30f0284d1716a9554bbdf5f45dc3676c4278f30d995bb599f3e70591,40950,32760,135ad344,190dfbea,True,-1000000,0,0,0,0,False,False,{},{},[],[]
matched_manual1010,760,source_on_episode_2,b8b80c57fa2739ab6320fa9d38de3d8e117093fea0169d873263ba44169aadaf,bd293cd5c6e46bc87f3eeb1de010489efe70da8e429013b693f61d4a9491d89d,40950,32760,4a4fa75f,31a4f0e9,True,-1000000,0,0,0,0,False,False,{},{},[],[]
matched_manual1010,761,source_on_episode_2,daf8dce4ca9985eed34c08c431161eeab10388eb0d5ae405708c85e96d0cd582,0d7defc553f8cb91cb775a452e63434d91f107e69cad7d3c6b5549e815215129,40950,32760,8dfd0dc5,cf977681,True,-1000000,0,0,0,0,False,False,{},{},[],[]
matched_manual1010,762,source_on_episode_2,6dacb7df7d9f5d2638299b54164d7db4d3abfeb6226628598eea81dab0c1fa4e,3c614986351fbaf735cc8973ffd575e1ef8e37827f3a26a98ce19bc1c8d80283,40950,32760,463eafda,92c5acdd,True,-1000000,0,0,0,0,False,False,{},{},[],[]
matched_manual1010,763,source_on_episode_2,cc2cd77572a1583e6f3b4ba479abdc4b9b795376445d0b74206bda355dcd44a2,54e1778d2215b5a805759c0091efa8d1cda8399afda3a55f33093771b38efa5c,40950,32760,6f3dbf0b,56103985,True,-1000000,0,0,0,0,False,False,{},{},[],[]
matched_manual1010,764,source_on_episode_2,af49a20e51adce925343210f84fb5ed008f31091bd06bcaed29dcc4fdc95158b,52389291cc6c7a113ceb540059d53e109c602528093e3d3bd93bee3c4a03a5d2,40950,32760,e200c7b9,06ab3ed6,True,-1000000,0,0,0,0,False,False,{},{},[],[]
matched_manual1010,765,source_on_episode_2,27f6d3000d6f872f3ca137866f2d07fdbb813ae691d752efbb38079344ca874e,7b6dc721e91f996e0c46046f8b4d7ae8daf16a766cebcace76e97033bf6a0dec,40950,32760,c5711079,3c2c46f6,True,-1000000,0,0,0,0,False,False,{},{},[],[]
matched_manual1010,766,source_on_episode_2,45001ae0f6887458c739bebd9536edab21c37f20bbad742906fc7ec0ab15bf5e,adf236c58164b4298024cdbe3c8bd02a079f7ac4156491033f2aac85d7498aa8,40950,32760,5cfcbab9,25a3a725,True,-1000000,0,0,0,0,False,False,{},{},[],[]
matched_manual1010,767,source_on_episode_2,cb8e1dee4dd860405c51767f1c515e0677779e99f8d54fcb70bd19db6df5493a,47d80867f8d3149e8ee209b715600a42290667d79c050de78b3951e49cd21854,40950,32760,acf9fa14,84961704,True,-1000000,0,0,0,0,False,False,{},{},[],[]
matched_manual1010,768,source_on_episode_2,672eded6ef0a29edce773a58fde9fc5ce992faa3802b11ed01bbac6cf0deeaa2,12b7841e9c2d9ea1bed9582f927f8bda77cd8e97318b8ec2eac2a56794ab9c11,40950,32760,1209c6af,212a2334,True,-1000000,0,0,0,0,False,False,{},{},[],[]
matched_manual1010,769,source_on_episode_2,132c13f66df124b62a88b5c58b04177f6ea07f79e8e75521d2921efcf7703588,25c02d214c0c96bdf295cb148dacf06829729d4e04d66355a6fdb9b2ff0fe332,40950,32760,f89b1e6e,c48c5f53,True,-1000000,0,0,0,0,False,False,{},{},[],[]
matched_manual1010,770,source_on_episode_2,21272dcdcd4fdd9101275db2005f9c896b25233d2a29b4464f8ce13b25efc19f,47b369d26371bd7cb6a5b5d52eb13a20f4218558f33bca6cddf8504e68ffced5,40950,32760,2c8ef977,1089d7c0,True,-1000000,0,0,0,0,False,False,{},{},[],[]
matched_manual1010,771,source_on_episode_2,b35a72d7a34a20efe568236e32902051d0ccc93c925d572b99a77862b599b504,f655692bf4eb9f93e9c5df2dfedd461da704da8e87501b3d7eff994821d45a50,40950,32760,93f01d93,a8203d6a,True,-1000000,0,0,0,0,False,False,{},{},[],[]
matched_manual1010,772,source_on_episode_2,5fe04a7a006a4d8da2d1c6dbc55deeeec6441265bebdf60d5292bf83adb08432,911b0b3f84f5fd58a629fd819985c89f21708cb5f6ffa91db249c613a8d361e1,40950,32760,679ab4b4,8145ff17,True,-1000000,0,0,0,0,False,False,{},{},[],[]
matched_manual1010,773,source_on_episode_2,e8dc1aaa2dc1c874b06c302ea71ac6cdf565c5c7f0a8c1fdb5b7e5362d76e788,59d2837564c506f5f97f1df496fcc667a0dd7b9812dcaa67bdb4f0d0d59d2c1d,40950,32760,054376e1,ad6cbf9f,True,-1000000,0,0,0,0,False,False,{},{},[],[]
matched_manual1010,774,source_on_episode_2,d78d792f3b602a267117756ad6201031e7668b2cddbb5ac83800ab78a2b1b5e1,3cce21c404977dec4a58038fd293be4d988f94871661bae77240fa8a4b82d4a3,40950,32760,232bc037,310f8b24,True,-1000000,0,0,0,0,False,False,"{""crc_failed"": 1}","{""crc_failed"": 1}",[],[]
matched_manual1010,775,source_on_episode_2,96191e517f3c60d14d65f2a2e100d21ad45618b461a72b7d26bd50f35558291b,a017ea730246e8436f424253596b7db1b08c54e7bf8849df6673153502f453f8,40950,32760,8c5b3e68,e1ff88c9,True,-1000000,0,0,0,0,False,False,{},{},[],[]
matched_manual1010,776,source_on_episode_2,a19b0ef839906ebc1fb1b5041de2b605070d7c7117eba1f92b23bb4a152dc05d,78e1a63522dce07890e6cf09a75ef748a5de21092bf722b8c908f3cd72cb069d,40950,32760,3b263c7e,2a7fa2ac,True,-1000000,0,0,0,0,False,False,{},{},[],[]
matched_manual1010,777,source_on_episode_2,809b6f521804ce039af1928da708066267ab114d479830770624b632c8ecedb6,ea1321170fa179be9f78b52a92a6fb8ed403943204197386453eac77827a8ff0,40950,32760,397e5097,ad613ad4,True,-1000000,0,0,0,0,False,False,{},{},[],[]
matched_manual1010,778,source_on_episode_2,c11a93303cfc86afb4dbdde76ab35a9dd5e2c129a365cec54d0e520f637feccf,bf88b9426f28b1fac0c75404132d26f70f7483f59d99d73247a5dca6bc858218,40950,32760,46a98652,743d0270,True,-1000000,0,0,0,0,False,False,{},{},[],[]
matched_manual1010,779,source_on_episode_2,f7466c958e4fb8cb07ad38075371681cb98ff57d1cf90ec321595a1edfb32533,c56c1025e1f518f1f44810040bc4d6fff67cecf2bc13fb27e8446680ecff217d,40950,32760,605c5292,e04914e3,True,-1000000,0,0,0,0,False,False,{},{},[],[]
matched_manual1010,780,source_on_episode_2,90640cbde066767ee47f956536a644bd0b722052267f408091ea1d3b0bca9473,2885646e8641efed59970be3feec5ef3b80fd5bd1151f75dfeaef418b58936f9,40950,32760,31068c74,1dd9b924,True,-1000000,0,0,0,0,False,False,{},{},[],[]
matched_manual1010,781,source_on_episode_2,8f14e903afd4cbfaec83d8eb425a260349a78d3b58058608e50c931d86ab9e7b,d005de19cc6fd2b6d00db3d7d4d9e624c6082a33e0b0c12db47cd63c27aafa96,40950,32760,ffa1b3e9,4be16ce8,True,-1000000,0,0,0,0,False,False,{},{},[],[]
matched_manual1010,782,source_on_episode_2,e5683d0fe126c572dcc67d59c97bca65a1b927dbda59b7789690ec58ba494930,42261905ee7530e8b4934f650939b43562c0d77593041ee2b44b2173bb69378d,40950,32760,70978019,5d285998,True,-1000000,0,0,0,0,False,False,{},{},[],[]
matched_manual1010,783,source_on_episode_2,80bac710b58174204228ff35f2f1d03b51deeb803dc0f9b8cce282f0bfbc3c19,da7b657a5da6441079db9eb58f966e96d65b4e4f3fd7b06450a2e7665b312745,40950,32760,625a9d8a,55c0fa2c,True,-1000000,0,0,0,0,False,False,{},{},[],[]
matched_manual1010,784,source_on_episode_2,46b09223b8f7def05ce723e67697367b521e21e7e814034fedb6dfea1f2de7d4,d229c1bda56bf893d4a6c60d0f2b6cdd098f3005ab7937ec37979abc588d3f31,40950,32760,5ae71e9b,56baa385,True,-1000000,0,0,0,0,False,False,{},{},[],[]
matched_manual1010,785,source_on_episode_2,27516b8c63c857d98ff63bed5acd77d7a7c16b3b69c91ff26fb47f74f194cb14,7c336f13b6afd0d7ab61fbd060e013a1fcdc1fae3e85d719b6346e79265c0876,40950,32760,aece77ab,f6816f37,True,-1000000,0,0,0,0,False,False,{},{},[],[]
matched_manual1010,786,source_on_episode_2,9fe83a7a289e341407eed48aab8a3b1e18e0b7bae4eba669263153eb5edd8133,802700cfa4dab181003964ea2356d99cded67691c460877f3bcd207c7ed4a9af,40950,32760,9b265e8c,ab1aeab1,True,-1000000,0,0,0,0,False,False,{},{},[],[]
matched_manual1010,787,source_on_episode_2,f06deff6448abe94ae2a369ff45663ccb371fca9b7d984d1cc0e39cb29a07599,e15a5d6be3c0a7a1465b0d47d152be68973d8d68004c16aa4ebcc39ff60dbb70,40950,32760,4a6d20a2,86eb53a2,True,-1000000,0,0,0,0,False,False,{},{},[],[]
matched_manual1010,788,source_on_episode_2,848fecb8bde8c27593d40f0ddb438a9b3e07542a8f3e108038c81af89f6bdf0f,0805a4f8f72672c475383fa04d8dbb57584c7868fb9b2d081cb4c835ca8c8b9e,40950,32760,76e69664,044b8810,True,-1000000,0,0,0,0,False,False,{},{},[],[]
matched_manual1010,789,source_on_episode_2,cc525b20d3dfae8a8c8c7dd0f2b726da1aa15cf22db9f665add5e20809e454a0,29768c2966829e9526cb8bf32eaf57acc1c195dbb36581fb82aa92adcd169cd1,40950,32760,bf566047,047b58e3,True,-1000000,0,0,0,0,False,False,{},{},[],[]
matched_manual1010,790,source_on_episode_2,4a626d56b5aa6f0eeb4d3cb90eeb14c72512e6a84f1ea75876b135fafff7b55b,64952842d583f2a9184e25192dfc2492523998449fb996844f7d4073aad34cdb,40950,32760,fe3f7a71,d88ed8fe,True,-1000000,0,0,0,0,False,False,{},{},[],[]
matched_manual1010,791,source_on_episode_2,93c2ab2f6093d90f0c3cf7d1dacabbfe3dea565ec3560f0b7710b237d421cb5b,8d3418ccefeef25ec14ab61dc7caccd930545d7048897a7cc2c1687462eddd8a,40950,32760,95e383e7,dc8351e8,True,-1000000,0,0,0,0,False,False,{},{},[],[]
matched_manual1010,792,source_on_episode_2,22c566cbbfb35300c627cdea40ae68d7edb33661f7713274894742ba496c104b,d33447b715d781fa52364b5917a8381e0832c216b61077a14b62cbe3d632b3a3,40950,32760,e7abba78,f7b1d113,True,-1000000,0,0,0,0,False,False,{},{},[],[]
matched_manual1010,793,source_on_episode_2,f7e4ef05f2337b3c8923051bb8300c4749bac299b0758efc353e18602e32dd20,f8d937b0fba1eb5459ff09cca2ae057d2b965bd79ec15879ee317813275cde6b,40950,32760,c9c6c99a,83c5ca64,True,-1000000,0,0,0,0,False,False,{},{},[],[]
matched_manual1010,794,source_on_episode_2,d345ea8124a6536cd8856aab4941d2f32b1ba7cb049aeeccc0b175673821d925,0c9737498c8ca0001bddf409c7889be91972fa1f8f7f8e5475cc38ce7ff3daee,40950,32760,ebd1bbe9,5a610ac4,True,-1000000,0,0,0,0,False,False,{},{},[],[]
matched_manual1010,795,source_on_episode_2,8c457fed724ab93f5c1010a1b66f45fd606929eebea1d67592a4e2c7a15eac37,6464ac96c1c8894bd2b5d250f6cb8c858b525303af9c0d57c0de41793b7c198c,40950,32760,b9cc7e76,51840404,True,-1000000,0,0,0,0,False,False,{},{},[],[]
matched_manual1010,796,source_on_episode_2,4da3f6f0e1172a8fd6a2b6d3f7d23b8e686455172ddc6401922337df8a940d6a,628dbd71b1aea0dd8615de93c1611d599e189d1cd851efdf8db393325e9d2984,40950,32760,f6d5dce6,a1ba5f95,True,-1000000,0,0,0,0,False,False,{},{},[],[]
matched_manual1010,797,source_on_episode_2,dcf7ee2fad3eaba25d1e014227a02d5d1297d69df0bb7be4715f43ae985cec40,18a66f9c67e0650e045e2dd75f44d3ccd21848a4f90ef3bf98e4545fe291f787,40950,32760,5068cc7a,9b562f22,True,-1000000,0,0,0,0,False,False,{},{},[],[]
matched_manual1010,798,source_on_episode_2,4d75eb7815b9a9d12402c05e7c370f4dd5b09b15a2c63bfa0d04b06aad2cf8bc,b6a0de01e50909e0b110a9eede0a6eb792b090700b6cf2b168db5b06c6c91ab3,40950,32760,749be525,4021dda1,True,-1000000,0,0,0,0,False,False,{},{},[],[]
matched_manual1010,799,source_on_episode_2,4f306d727e1f0975ae94f8d01223d13f1e84ea3c766f4bf4a281befaa91d0b70,293d6269c1348ecef866c165f9830fb2f3a7664b9b2add7b01ce4c512b29c25b,40950,32760,a42a3221,c8c34653,True,-1000000,0,0,0,0,False,False,{},{},[],[]
matched_manual1010,800,source_on_episode_2,db722386564e7823883924d3f4e917ab435262993c3687296836e0ae4a9c1ff5,07dede075293926fd9ca06ac661fae1dd780806bed59858c35571f9db9491a9b,40950,32760,9f8682d9,9a6f25fb,True,-1000000,0,0,0,0,False,False,{},{},[],[]
matched_manual1010,801,source_on_episode_2,c32280ad6c58930981de599bb14a95fb610b6042e114fd28f3e9952b27737552,1d08a73b7d3204cc4a832aca1988098b65122f6f731db816afe15fe0ec9234ad,40950,32760,ffca2f5f,44102bcc,True,-1000000,0,0,0,0,False,False,{},{},[],[]
matched_manual1010,802,source_on_episode_2,8621367989e06ada128dd01f281728a7291fd29edb1dfd34289348474370a2a5,719eb0bf9fb06fbe79d78860aabb19230e6393800e3d8e8b08c3a583aa4eb588,40950,32760,66889452,72e69009,True,-1000000,0,0,0,0,False,False,{},{},[],[]
matched_manual1010,803,source_on_episode_2,c0fc41710ea8672fd05905bfe6e92853ad4a6737270ffb3d3bf6d59c31125f82,ba13c903b9ba8be40587665ac99e9d3f10c5695c8840a88e0b5aacbfcc88d847,40950,32760,b02d3b3b,7f564300,True,-1000000,0,0,0,0,False,False,{},{},[],[]
matched_manual1010,804,source_on_episode_2,03a8aade9b6c88f97b1e6d48b9421a1cb49a11b172d37b02704e0c572b5c5195,cb1f2ec00aea8c7fe80c6929d3d75a349ae5bceb6f50bbac3ba3148729e0e041,40950,32760,4af8e906,29d02e33,True,-1000000,0,0,0,0,False,False,{},{},[],[]
matched_manual1010,805,source_on_episode_2,17e00876d76832630b41fc2f02668a6012bb3df42e3cd88734cb098e29a2d46a,e04e7aaf959432c231b28986e8ba79b9ee4eb5f8f02781f075627426e54cd8d6,40950,32760,41ca45d7,bd3d0be7,True,-1000000,0,0,0,0,False,False,{},{},[],[]
matched_manual1010,806,source_on_episode_2,acf29435b01f9b2421c9bb8cccf2d410bededb41a52634ec519b26002292ce7c,9e6a9d1d9be8c27de3ae76fc49f5763f8e4f73d60caa570d6d342c07f48e8603,40950,32760,f654fedd,1a1dffe4,True,-1000000,0,0,0,0,False,False,{},{},[],[]
matched_manual1010,807,source_on_episode_2,d5cde550a9660053c81310b5940eabd0d44de3cc8bb829564c81857a38cce5c5,5e7de3005bd6bb0118f97e529ae23348a558d3946a04421cca0c7cee1900efe6,40950,32760,160accb2,21b0e468,True,-1000000,0,0,0,0,False,False,{},{},[],[]
matched_manual1010,808,source_on_episode_2,823f97c6c80e2a7b748b1a838ca39fddf9ff4dabb212ce4d02f4c6efb6593a28,60484c9812810cafcfed7453d7219abf600fdfabd982ca49b7e1892cba231ad9,40950,32760,2c37bfe2,1c691f7a,True,-1000000,0,0,0,0,False,False,{},{},[],[]
matched_manual1010,809,source_on_episode_2,44df50ebea5b5584c21fec5e90c5d62df76914d063df8d55ee6c56636994fc18,db7eb93c17d58498a43b78bbdc97cc6ce1b2bcbec213ca28351c299846697a2b,40950,32760,ef0ceb11,efdbc70e,True,-1000000,0,0,0,0,False,False,{},{},[],[]
matched_manual1010,810,source_on_episode_2,18daddcf2b030aeb6d93aa39354e7364bedd35dddefcc19f3159229350f74080,afc6fe683083c0ff25ff8ab289bcfce8e4482cc1c223aeddea78d2625530ffac,40950,32760,a78e8c6e,c530ce7b,True,-1000000,0,0,0,0,False,False,{},{},[],[]
matched_manual1010,811,source_on_episode_2,06f46e007f8737c5976d5577e69de060b67c0245e495ee21323489478a34d60f,a9e338059bf172f1bc152adff6b9274e834185957d6b88d6e40a45ad11522224,40950,32760,d6e5802f,a5819c2a,True,-1000000,0,0,0,0,False,False,{},{},[],[]
matched_manual1010,812,source_on_episode_2,6400db83c47b9cd96dc1b5dba0e675fe1e0a3dfe6c7c8f41e859a30ac903ea72,d2b85e12ca7dbc1452602fb1cdb8341915477d6c12fc498fffbeb11c64d7aa6f,40950,32760,466a0d03,de4c0b09,True,-1000000,0,0,0,0,False,False,{},{},[],[]
matched_manual1010,813,source_on_episode_2,47204dc9f5caf7c787fa95e35160e45a6fff640c044efa8979b49f54a65c54e1,4bc8d5fb4c1c8063033639d634ae5e764ca656cc085c08ad743d346f29af9fcf,40950,32760,90734fd2,4c02e4a0,True,-1000000,0,0,0,0,False,False,{},{},[],[]
matched_manual1010,814,source_on_episode_2,dd1b5cbd834318b211cb6714fc15ec7666a82948916ac9bc7baeaea68b082264,5a1f97024a4fd1448d38b649254aa9c04ebe6f387c3149714d91ec1ea69a2de7,40950,32760,40de38e5,ca0deee0,True,-1000000,0,0,0,0,False,False,{},{},[],[]
matched_manual1010,815,source_on_episode_2,fd49bce6f1d736a8de7be587ae9e0cf6a5841974bb9d9d2f0de52254e8b909bb,38c6fd11677761398000517ac5d5c13fb16ad2342e0e78571edd5e2f0db37385,40950,32760,ee3a4b5c,6a39d40d,True,-1000000,0,0,0,0,False,False,{},{},[],[]
matched_manual1010,816,source_on_episode_2,ea4bb6ba184520c9375961047c26ce25df74bdf4f86e9e8d234d7b3523d6bd8e,773090f248a9fe6ecd72656bc6c93301a45b29dfe9f93e6eea3db74b8dd84ec0,40950,32760,4656a277,60d4f93b,True,-1000000,0,0,0,0,False,False,{},{},[],[]
matched_manual1010,817,source_on_episode_2,0d96c9855973c4bc781c49c57400863500427e556b7888f5919e0522203deeb9,20dcf7ef0a964bbd2391225b30d9753f3c126c9a88322b85a38ded258d3cb316,40950,32760,3f1289b6,b39fafa5,True,-1000000,0,0,0,0,False,False,"{""crc_failed"": 1}","{""crc_failed"": 1}",[],[]
matched_manual1010,818,source_on_episode_2,a0ec6f50b2133eedc95b859e609bafd4ed8b71701dec91f726676a2de0500eca,c3a56905890c8867123b0bb95b977b710bdf5f571f0d5b405d9ec55c6c24ed52,40950,32760,492f3fb6,e79ccb16,True,-1000000,0,0,0,0,False,False,{},{},[],[]
matched_manual1010,819,source_on_episode_2,d32278d3b7e6af1d70aabd530437bf84ab8c62b37c873e488db6925a28345878,4999e189bbcf5544210df27921dedb2125df49a7cc648ac4ef49190a7cfdd8cd,40950,32760,06bb0f1e,da9ee6bc,True,-1000000,0,0,0,0,False,False,{},{},[],[]
matched_manual1010,820,source_on_episode_2,42cf4f1234ff93c89ca388050b52aebd0a09b2a139301b1eda046a4cc21cf5dd,69511789ce8267987f82fe29156eaaaba6f90a8fbdd2591881f20a43474b8382,40950,32760,5ffb33a7,8013493a,True,-1000000,0,0,0,0,False,False,{},{},[],[]
matched_manual1010,821,source_on_episode_2,bb5e8e8c2f5dfbc71d31f69865792a0cc41dad8d7e8ee8d6ccb82be0471af621,f0a6f3136b037c16364f0737ddb4642a21c1ba505e469c9e52c0b6667d7978f5,40950,32760,dd10cc42,cbc459bd,True,-1000000,0,0,0,0,False,False,{},{},[],[]
matched_manual1010,822,source_on_episode_2,4cbef6182cdddd31cd33975b9b50bc8c5e22bb84dbc2378a4514b05692bef4b1,8067bc7a4df3b9f691b9af394659da57fbab7e67b6851b7aca1ed8dac269837b,40950,32760,7609af59,bdc36bde,True,-1000000,0,0,0,0,False,False,{},{},[],[]
matched_manual1010,823,source_on_episode_2,8456517a2c3bff8756fa7448bcda11fa0cc5b33c3a16446766ad8f2f6199f7d5,bf0e166b1e7cf7812b13dfa67c53c8b5621905c9056db57b9355efeeed0b05f1,40950,32760,bde905ac,c2f2a36f,True,-1000000,0,0,0,0,False,False,{},{},[],[]
matched_manual1010,824,source_on_episode_2,d06f182a9c92274972238e06a9a34958dc4c9b7067ff9b96a19ab58c124e6d17,7c3e854a7d9e48c840d5ea5949a4b167c955a8d109db839fb811e4021986ca20,40950,32760,8f291e22,18982ec8,True,-1000000,0,0,0,0,False,False,{},{},[],[]
matched_manual1010,825,source_on_episode_2,77ddf8ba2a4aae76b4ff474870a731cb3256a0cae3a2e7e4222afbf5fb6431a9,6374cad801e0f4ed4491f684cad295a8373530d135ec85735e37a36b2c87c090,40950,32760,29acec77,06a640fe,True,-1000000,0,0,0,0,False,False,{},{},[],[]
matched_manual1010,826,source_on_episode_2,909e4cde1991f369e87693a60fe6d7ec3413d768db910d6b39ed6b4eb7f70022,b67b2fdf262e5d6be0a47ee63e71a92f143bc545c265f7dced9f47d445a4cba0,40950,32760,c6016d66,4675126b,True,-1000000,0,0,0,0,False,False,{},{},[],[]
matched_manual1010,827,source_on_episode_2,be263f86a6b5df35a2630df9e99963c0347aa82a975bee7c591aac069130d1fc,230da21ba793a04e3f8c699c8894b1ac40278a08294701d420bc5729a321030c,40950,32760,7ccca014,ccbc0285,True,-1000000,0,0,0,0,False,False,{},{},[],[]
matched_manual1010,828,source_on_episode_2,fce66386a345716eba7fd9d1ec1386535ca8d00448ffb52accca111f6df701a5,882d98ebf80b8b02056ef138ce4ebd58bb82e27eb612c740ec3721a210eb1980,40950,32760,9489090f,ec11d2ad,True,-1000000,0,0,0,0,False,False,{},{},[],[]
matched_manual1010,829,source_on_episode_2,0bc5b7c153bf1039d8c33527254950bcb5befbb84302a220f56d64a865df5733,a1fb45fb4da40bbec00aebc9e3843c3613967ca0dd49a749865726c865545f68,40950,32760,86841d4e,6ff5c22e,True,-1000000,0,0,0,0,False,False,"{""truncated_packet"": 1}","{""truncated_packet"": 1}",[],[]
matched_manual1010,830,source_on_episode_2,015acedb9809214ac26a87d0df835aead7592f8e22b50d6eb7aa464c6f154256,8ad575b8da56436928f5c27708f21fadb7f2b026d63a37173d1abf0844ccaacf,40950,32760,5106d151,8f21c61b,True,-1000000,0,0,0,0,False,False,{},{},[],[]
matched_manual1010,831,source_on_episode_2,94338dbabc38db495f2c52507dabc08709ae44ec6047a23e3afda0989cd63504,30c50e679d62dbe22ef16e3a99e1fd9582f95fc0b077d9466a23410a52de15bf,40950,32760,4e82657c,2db5ee45,True,-1000000,0,0,0,0,False,False,{},{},[],[]
matched_manual1010,832,source_on_episode_2,1ba61bbbb955ae3efac1e4fb77b3ad56c29162dba52c6f4417349b3e93d3858b,4b1b6b3c5fe4386766d125255cde682e28a6546f305d8a8a3e6e0efa19af3672,40950,32760,9f09ed63,bc0764c0,True,-1000000,0,0,0,0,False,False,{},{},[],[]
matched_manual1010,833,source_on_episode_2,b7bc29d89c17d1ca8ff3a3bd44793515affe0e62a1ce54eb34c09515a99b9e1a,fe7b60804db22819ec1d7a8df48b2664bfe28c1c833d75be948bc93255b9c813,40950,32760,85df5402,0fd3518a,True,-1000000,0,0,0,0,False,False,{},{},[],[]
matched_manual1010,834,source_on_episode_2,b64e6c45ff67e0d8ccb6d7ee1db777b279cc708e8eea8c292d63add840c71911,8ba7dc213a6c3941ff49450bb695ee93ad4fc4e79af362ceb8ebbc0fe00fd6cc,40950,32760,ed03bba4,aa5e34fa,True,-1000000,0,0,0,0,False,False,{},{},[],[]
matched_manual1010,835,source_on_episode_2,c7afafb485693ce4a71d8303bc74df579bde8f16b36f3654639f6963a0d06be8,49de473be00f486a139c6a15953797836ed1adaac36ba571103d53324617bb8d,40950,32760,3e446fb8,6a510ea4,True,-1000000,0,0,0,0,False,False,{},{},[],[]
matched_manual1010,836,source_on_episode_2,7f90fb83b39daf1f433ff5acfcf19efef1d8bcb1c692924ee305ac7e474d8c21,2e7d8417d0a6864796fe78a1be2f9daadfe112262464c96d3fa97a980a4d5d86,40950,32760,51fd1f75,2cdb5eea,True,-1000000,0,0,0,0,False,False,{},{},[],[]
matched_manual1010,837,source_on_episode_2,ea007cc8df6fe22488334ce46c301dfc3c373d711130b6ffd398b4be17659dc1,a0a58567fb2ef68395faa6ed23e72a3f2b7a3761b38fbc0ecdbca6cf99f5b415,40950,32760,6148dbb5,c35b194f,True,-1000000,0,0,0,0,False,False,{},{},[],[]
matched_manual1010,838,source_on_episode_2,b1e8f995c95314c5f3e4d36916d543d3902599a6d4cf97d92538c554b39f5f01,96f6e4926a04a5a4c6fbafa67a63d2eb3b00c0de0bd56441e8f278d7b66e157f,40950,32760,209da6f5,643ce53a,True,-1000000,0,0,0,0,False,False,{},{},[],[]
matched_manual1010,839,source_on_episode_2,4900434f62764ec1cb7d75075299ef4201f5597cb0293e6d84a58440f523d7dd,01e373b5dae4b956d6d7915140143081bdfa94d06d0ec58c8c166efd887a8edc,40950,32760,3e43b5c4,b7fbaeba,True,-1000000,0,0,0,0,False,False,{},{},[],[]
matched_manual1010,840,source_on_episode_2,1617d0a9f4b9081d319b43ae4b291ea648a7179fd093a036ae94bb5c56944959,0c66656eb9d4cccd60260ab44b4d30ac6710eb6b5143644434afd468ba23e827,40950,32760,459160f6,bd280e71,True,-1000000,0,0,0,0,False,False,{},{},[],[]
matched_manual1010,841,source_on_episode_2,2a548f4bafef3736104f6cd7680743254f0b380b23dc0bd08daea0fc648cc133,135518811a940db3324b007525549a79abdee1b289fdf9016dd655f1add6b028,40950,32760,65e2cbcb,32effc67,True,-1000000,0,0,0,0,False,False,{},{},[],[]
matched_manual1010,842,source_on_episode_2,8bd45c6a827fdd74ba2908fe33c177412f1db426073cb9c74b67ef55a07ae598,029effd47a18a3bff92d176b1801d93a85e8d6fada7a09889307b3f3f33cbf14,40950,32760,d33687e6,f4038bb2,True,-1000000,0,0,0,0,False,False,{},{},[],[]
matched_manual1010,843,source_on_episode_2,b1cc48d0ff92f2af17d4f418d0d23cc1d5bc2709acbaec443576d5271153510a,57ade781d0098e637c5b7bc566e1c27f7094cff88f554d26ebeb048aac075fa1,40950,32760,9b131eb0,d29b7b3f,True,-1000000,0,0,0,0,False,False,{},{},[],[]
matched_manual1010,844,source_on_episode_2,dbaeebd75badd60b37a6ea1a0bb7b4a711c42f27c1e98e76de60bd529115ea46,bd59274d7e04be73ca4904202d34ca7ee2ef8de7824b2cecb1ad7395ac505b50,40950,32760,10f23ad4,ff742b46,True,-1000000,0,0,0,0,False,False,{},{},[],[]
matched_manual1010,845,source_on_episode_2,ab8eb567177fd9bbd1652119b15a26e5047d80c248949ff36958a7e047f38863,83eabdf169e9b45a0aec365b0ede61ca39f9acf280c3d8eb7a8d76adbd96bfff,40950,32760,6adb06c7,06204822,True,-1000000,0,0,0,0,False,False,{},{},[],[]
matched_manual1010,846,source_on_episode_2,c2bc3246d14c95af8b3987aa1bb2fca5b78f5bb901d2d91f2f239df497fa8e67,4f7523237a5f7475e32d11db7eb4f442defa6661ca870aedcf202bf425e5575e,40950,32760,f2019c1d,4ba524ee,True,-1000000,0,0,0,0,False,False,{},{},[],[]
matched_manual1010,847,source_on_episode_2,9317db5de03cf406435937102dfd045264077a5b9ac4303040e6168b07f06449,9ba891d16420099f6ccbcc1f5edc110ccde23407a14a9f9276b68450bd971739,40950,32760,c488bd6d,b6ee5caa,True,-1000000,0,0,0,0,False,False,{},{},[],[]
matched_manual1010,848,source_on_episode_2,d78ffda7b6cce4d9f215181a611f86cabede30c3bc6fb32e7ba55facfbc20d3f,8646b464199cec84a2c795ef9a5af306a6960aced9aaa7a39aa41a2c3e147e4f,40950,32760,74ecc8e9,9b6a2eb7,True,-1000000,0,0,0,0,False,False,{},{},[],[]
matched_manual1010,849,source_on_episode_2,83d24b77ddd8048443a4dd6dc8d4fd621bbe677a089df73ed16e7c40dd958f88,a3f492e0583b6dea263b46515be0c29495f5e31f2a1f817e22c4407ea91f6e05,40950,32760,795734ce,d4cedb79,True,-1000000,0,0,0,0,False,False,{},{},[],[]
matched_manual1010,850,source_on_episode_2,c2a7d1e23d494e76df76deab90baf17349346fb61612a71dbc798c398d11b7dd,81255557f63877defad0e3ecc24cdec36fcb9fee47fe2ab00baeb0e1ec74592e,40950,32760,e54ee572,41658f2f,True,-1000000,0,0,0,0,False,False,{},{},[],[]
matched_manual1010,851,source_on_episode_2,cd1cab42013712b19b6e4911e706f846c01bc352ecac715b1f1dc6def2a48058,078775a1465f1d47c703f1d261d00050e7fddcdf84cd29b4d252d1226c54b77c,40950,32760,85754667,96911a22,True,-1000000,0,0,0,0,False,False,{},{},[],[]
matched_manual1010,852,source_on_episode_2,aa4fbce926a384b938c5a874302b460338a5186537a6200202cf78f52e5f6625,c0a54f1fb44772a4cc322b9e9fd6dc6dc28f48157b5f7e61c4d6ce2a434aed31,40950,32760,b092736c,f383c199,True,-1000000,0,0,0,0,False,False,{},{},[],[]
matched_manual1010,853,source_on_episode_2,645b32f57a7217cdaae9d8218cf26b281eb204e2087581cb2c0e7370c1f76add,5dbf20b6349838726a82cd8c8422d3ed8d60a6543ba96f912572d7820c829373,40950,32760,ed788277,2a4d85e2,True,-1000000,0,0,0,0,False,False,{},{},[],[]
matched_manual1010,854,source_on_episode_2,36e33f7fb4919227a0c130cd0bd7f94b1a017dc424e0875efdba7d8b6830347c,227c5e2bee933f3f3575dbe09501b4e3e2c8fd188c6f31420147dddbfbc78185,40950,32760,c501c95f,5c329434,True,-1000000,0,0,0,0,False,False,{},{},[],[]
matched_manual1010,855,source_on_episode_2,191773971d2e880aeede9cab3b77bac29c462343966970104f0615e968259151,4c8917434e7b19fe974c55490a4d4c7a6aa5e665d2f6753d7b23a52690091ca7,40950,32760,929c4eec,04d36a3a,True,-1000000,0,0,0,0,False,False,{},{},[],[]
matched_manual1010,856,source_on_episode_2,30ff9af769872e59b73e92d2faf0de65fe2d240df7d08bcf8d16468febf60bc0,7ba2624286b22de1e82359feaa509695e278120ab2fd5fc40a0f709d1dfbc3d2,40950,32760,6bfb3325,c97f0421,True,-1000000,0,0,0,0,False,False,{},{},[],[]
matched_manual1010,857,source_on_episode_2,73e97f65461b1e7ee84fdec0f6b12b8ba491569d0bef1bbb28728b640a458afb,ccfdf539b0d6dc5df7c36815a057a339fcff10acf553c2c52c46ec334be3a838,40950,32760,48cae919,4d9e6950,True,-1000000,0,0,0,0,False,False,{},{},[],[]
matched_manual1010,858,source_on_episode_2,8978439cbd0a2871da2f796e12d20e60a1ff81a056a399fef5c0421f105da677,9928e57c8a1c618685937a65681104134aecab502dc72f69ddd95d309ccd7ad1,40950,32760,b0f925ef,7c839c9e,True,-1000000,0,0,0,0,False,False,{},{},[],[]
matched_manual1010,859,source_on_episode_2,90333801e4d541f32c35b505d01ece287aeaf2826dc6427c2a0220c92046222a,77f98e8f2fa928ec4b9484d641c6f5005ca6413aba6adf0f3718c84fd4eaa8bb,40950,32760,2945e7bb,bbde1b40,True,-1000000,0,0,0,0,False,False,{},{},[],[]
matched_manual1010,860,source_on_episode_2,b1f6cb9575f1f48e45276f95b707bddedb66e8e54b2c7c707c370d7f13a871cb,11ca306063a8de5502c9e7f204c6530864e00a31e5d1ff35d16bfc3f5fa19e3a,40950,32760,ca0958c0,bdcb3add,True,-1000000,0,0,0,0,False,False,{},{},[],[]
matched_manual1010,861,source_on_episode_2,5dc57966ff200bfc5959e6286610426178efe4352720e7328160fa3726014c90,735ea5b7dd5dd555613122d42812dbcd02ebe15d9319b49429d8fae9313b3dfa,40950,32760,36345767,4dc7ddd4,True,-1000000,0,0,0,0,False,False,{},{},[],[]
matched_manual1010,862,source_on_episode_2,80a7a406b62b5604cee13827adac9884c6da448dee79da9bab758f12179504f5,961882088cddb0a089193b2b626fd76102f53e583d629edf5b3f9275dc0b98ad,40950,32760,6467aae2,3214df03,True,-1000000,0,0,0,0,False,False,{},{},[],[]
matched_manual1010,863,source_on_episode_2,dbdb5be585ae4dcf16fe09a1d7be58875acdbeec3900312a81d0a98b0049b30f,bac1d7a5da052596559367e140bceb034973590fe7dc38c71a4af0d2dad935b3,40950,32760,ace129fb,0f1495dc,True,-1000000,0,0,0,0,False,False,{},{},[],[]
matched_manual1010,864,source_on_episode_2,c5c3c80bfc5daa93f45fc146d49815cbd02632654b8b5b26f3d82cb8b6b2c290,aa5dbccdaeeedaf68d859c7f65362fde2de369dc7218da40318d9fb766fabd61,40950,32760,dfd872b4,9fedc8fb,True,-1000000,0,0,0,0,False,False,{},{},[],[]
matched_manual1010,865,source_on_episode_2,dc60876df72ce02f58bdf02a0370f9f067d03399a8285cbfc8b710880dc7307a,740e7517da1b46000b9c6d49572095e59ff8e9beec04dc3910ffd4c5e5f8a46c,40950,32760,a03518a8,78c2aeaa,True,-1000000,0,0,0,0,False,False,{},{},[],[]
matched_manual1010,866,source_on_episode_2,0a7b8f80fe6d7f2685f181b810bafcd05e76bdea62f0113cfa7ebc25b5bece03,be5e9117c0c7e988a194165f18f115b257223ed638f4de44733be9b7fe4e199d,40950,32760,3b42753f,68880850,True,-1000000,0,0,0,0,False,False,{},{},[],[]
matched_manual1010,867,source_on_episode_2,c59a7b0ad5f76e9312338680cc01958433d5c02fb98648592288e06581d0f859,b680f699f8afed9aefd8bf2e0637cf0958f9319ae063ea944f861dd6843ed49f,40950,32760,6955d0fb,a969703d,True,-1000000,0,0,0,0,False,False,{},{},[],[]
matched_manual1010,868,source_on_episode_2,4f53b262203e522dc65604738556d6ea29d55bfaa52a3508bfd236b4e3e5de27,00caab9c7895e75df9b703cab615d5d23c6fef8aea89e75cb5a507c45b7c49cd,40950,32760,369b8cc9,ec1e7260,True,-1000000,0,0,0,0,False,False,{},{},[],[]
matched_manual1010,869,source_on_episode_2,3978e13dda6881c1a668da5c1411b3c55d13e6f2125455213e202ccc9762160a,ac7f5dfd7e7a237bcdbb78a6b7529a940e7f19fcdace8234f90f577e12873e14,40950,32760,9c627a71,3ba27bf3,True,-1000000,0,0,0,0,False,False,{},{},[],[]
matched_manual1010,870,source_on_episode_2,cd886bb854ee2055355584371331f306de0d93d8e5cedaad93d7712aabd83e9d,bee78cb00b3024d1932352b27058e779babb8d319f9dabb9ee0e7f7661532f16,40950,32760,371c940e,cc0ff5fc,True,-1000000,0,0,0,0,False,False,{},{},[],[]
matched_manual1010,871,source_on_episode_2,0cf97dd00fed9a66a5e8ed0c482edd7234cc1a8745c33d8d5fbb72cabdc0b84e,2c759790129d435c42e6c7eb0dcb9bf0024b797e8c58b7b3393be377e005ecc5,40950,32760,5c6ad28e,e79d033b,True,-1000000,0,0,0,0,False,False,{},{},[],[]
matched_manual1010,872,source_on_episode_2,d8bb2d24ebf471d4f225217b0e979c08b7c1c11d16da0020f1bade923f0f0b2d,20154a4981e7a0e96b9461d3abad58128ae87431d596230088ef85e60aa67c35,40950,32760,6340ffd8,d68f4060,True,-1000000,0,0,0,0,False,False,{},{},[],[]
matched_manual1010,873,source_on_episode_2,e793675bee55460ab70e5ccae1b60c41cad99c265518b9c96f2042368c5826c1,93eb3c499cbf06a79ba7a2d78c2e0d68cebbfe2afdbf70275e2a8a71abb7715c,40950,32760,62bc5459,8a3cafc3,True,-1000000,0,0,0,0,False,False,{},{},[],[]
matched_manual1010,874,source_on_episode_2,8584cab96470146a1c01f7701efa0bb90ec7dbbdac328bafc77bca12134b673f,eaae901db1b42b2349fe5bd1afbb46bd81c08a976613885b8e675bf4f01c1b05,40950,32760,9520760f,9998e547,True,-1000000,0,0,0,0,False,False,{},{},[],[]
matched_manual1010,875,source_on_episode_2,54ebbc44b4020c10c50f1900d123b8870517d5f345556a67873a79db3355593a,76bd1cf175d6853182669ac9f6ac8837b3479195cf0984d3f91945513656745a,40950,32760,3b9d5d16,3df6205c,True,-1000000,0,0,0,0,False,False,{},{},[],[]
matched_manual1010,876,source_on_episode_2,2eecb5fbcd5676b928f49f6371bd0ad6c1df7628c1f44f82499271d76d166b6f,0a7429b300693306c0da2f7ce5c7cd884f6f4840de0c18143b9cb8c3d61f52c3,40950,32760,7ddca3c5,9a4b0c22,True,-1000000,0,0,0,0,False,False,{},{},[],[]
matched_manual1010,877,source_on_episode_2,cbb998f31ffd9193aaf254484e66002ac33c22bfdadba977cd577153ebb05a6b,09f6fd870f693455f8efc04039e39ee1278a0d2d9135b797c9f50548f24ed326,40950,32760,0cedf954,f3e7ae9b,True,-1000000,0,0,0,0,False,False,{},{},[],[]
matched_manual1010,878,source_on_episode_2,315ee28d428858d2447293c2dce31a374881ae26260db9ff0901b85a24d05b66,39197b862e2f8fd92e6ef60e241ef0eb30b1381ae0dc8ada317f099d36dce0cb,40950,32760,f5d5f60c,7bcf86a6,True,-1000000,0,0,0,0,False,False,{},{},[],[]
matched_manual1010,879,source_on_episode_2,8958488dcb0bb8b5b95ceb5eca45fb297d4f91b9608043f009b7782604e92bc7,003f4f41b13703bfa50d98e2344714a5763766e56d84e5ad278089e305d1b225,40950,32760,12370b4b,363d3f95,True,-1000000,0,0,0,0,False,False,{},{},[],[]
matched_manual1010,880,source_on_episode_2,6fe09951f54229f00fd44148e2419d347781175562ce8977415efca0fa7e9522,36c1a2d78099454a2f21017eace697bc6a9b03c215b4ba15b1cfb8299aaaa12f,40950,32760,8d823f6a,4b0d6512,True,-1000000,0,0,0,0,False,False,{},{},[],[]
matched_manual1010,881,source_on_episode_2,12fccaf5bd2ab3b0dc3d2ff0f287f15f840f02ad9cc7b21fc7d7f41da37b5bf2,22c9efac92dd0db909e75c170f4daf313f5651ed6f0433e64f58d7eb6608615d,40950,32760,44548f44,a954b5ba,True,-1000000,0,0,0,0,False,False,{},{},[],[]
matched_manual1010,882,source_on_episode_2,b47ea9447284258d7fa2669ef5df8bf415c2a956abff6ddcc3410356fb58a5d3,595697cb3a70ef22eb3b7c9099834eb337c376691902bb9d486137ff84576519,40950,32760,d6d2638e,55eff7fd,True,-1000000,0,0,0,0,False,False,{},{},[],[]
matched_manual1010,883,source_on_episode_2,fbdd8da79ca2eb4afbbabb0ce0f3442222a10b40db04d39e4e01874932924d51,5fe162366bd4569ef5ef3b3f5c70975b533b043f5758426fa1632dce55e78f79,40950,32760,1754dc69,36863183,True,-1000000,0,0,0,0,False,False,{},{},[],[]
matched_manual1010,884,source_on_episode_2,01fc1a2d93379e0b9702157c22dc68dd710f6abb1eb476918858eb67fe1e5903,64f7f0771f57c2078a7bfb5f3e0c1554aed29f755649b81f7129913282775a57,40950,32760,41a3cd77,eccbbd5d,True,-1000000,0,0,0,0,False,False,{},{},[],[]
matched_manual1010,885,source_on_episode_2,f5512533ed4babae23caf57675b7a2bbcc6bc3aaec01eabf3e6d309e2370b66e,6d5054f54f4044e76deb603bb5b9d712c866f96d9da7fe769a1c63233013caa8,40950,32760,e99c6f05,4178a3a1,True,-1000000,0,0,0,0,False,False,{},{},[],[]
matched_manual1010,886,source_on_episode_2,ee1454a1186c5689b057a013c63c04cff331909ef7cc5d737eaa073653796f7f,833c73cf87a4b3c25ffdfe05496a2062d9d5b50144ccfde13bfeb12d0909fee2,40950,32760,0d21b660,f691e3fb,True,-1000000,0,0,0,0,False,False,{},{},[],[]
matched_manual1010,887,source_on_episode_2,653ab0f511b85880778d261a82cfbcd584234273419f00f90dcf7d194534fdb9,94bb52b43f393511d17ae93e34f265862abf5a7a76fabc2fb577ff6418e12ad3,40950,32760,52ca5495,2d89243c,True,-1000000,0,0,0,0,False,False,{},{},[],[]
matched_manual1010,888,source_on_episode_2,c6bc18f885211bb6ef4362f0154aa665ff1da1936e84380befed6d7f990ff55e,7fbf4e1c65e0c109d01fc89ba558ad4dc7daf52a71f85d111c4eae0718f06da7,40950,32760,24526388,33ddd967,True,-1000000,0,0,0,0,False,False,{},{},[],[]
matched_manual1010,889,source_on_episode_2,3c058eede4a27f0b4183cac871de50d306bb98ff2d0705db7d11709ded66b55f,b324914d89212f56715ad0015fee65487c21b19d9fda65fb00202462a0d31b10,40950,32760,5bbc60d2,1912932e,True,-1000000,0,0,0,0,False,False,{},{},[],[]
matched_manual1010,890,source_on_episode_2,35ac0a2350a7533acf3aa59cdeb4dc81bf8b70f9270555bd7896b0ab0c25dc8d,aa7befe43c86dd3028c0145af1c9a7a60663d646477dfeb72c37c58ea6abb3a0,40950,32760,401618a2,25161af2,True,-1000000,0,0,0,0,False,False,{},{},[],[]
matched_manual1010,891,source_on_episode_2,1bd556948ca7e66e46815520c7f8836afc6a77907d1a14cf033c80f38a0d5225,156c0fa371baefed9d176dc20e5362e26b6dc55b7316e136c50808582d637275,40950,32760,46affbd1,48a78a39,True,-1000000,0,0,0,0,False,False,{},{},[],[]
matched_manual1010,892,source_on_episode_2,fbd72fe96e24d6abe47ae79b8e8ef3c5a55931f0a0cc81b9ca9f44bde1cba164,db8219a2dd9e84379be00f7b3bdc9a00a49db45257e7398ff27f9adae294b544,40950,32760,b88840d0,bc3f5f90,True,-1000000,0,0,0,0,False,False,{},{},[],[]
matched_manual1010,893,source_on_episode_2,c14786d03fe439554468aa587a8f063827e8369a8c6360ddef406b583224c7d3,e65c3b373c5eac486ae2f58c5fc2352027d8e109c818eb731982aa6b69375a05,40950,32760,b486c3e1,fe28ca03,True,-1000000,0,0,0,0,False,False,{},{},[],[]
matched_manual1010,894,source_on_episode_2,e767749bc7336b4266e0959832b1778c9860d9af0aa1baa55c4b224a3acaaf80,133b236ed7105d15a4734ebe63bb9625dfd599d3a2826b7e2d1f93d7a950b2c3,40950,32760,27239c4a,ed575b67,True,-1000000,0,0,0,0,False,False,{},{},[],[]
matched_manual1010,895,source_on_episode_2,aceefeb6932dcc01f104d6281761b1e6bcbf2cd90c42c00436715bf0f5c29934,689ee3f5b535d16866b935d81e28296d3ef7741cc0dce51d62b679f1f0e2b4ba,40950,32760,caa42281,93dbe035,True,-1000000,0,0,0,0,False,False,{},{},[],[]
matched_manual1010,896,source_on_episode_2,fed0c1ac85634073de4dc0a554dd7ddad107e941b0f0a4e3fb9ec3783d3c811f,83beb2e0e729995b7387c6922c3617ab9f696b894abe726dda933ebe8331b694,40950,32760,519f162e,7ac60c93,True,-1000000,0,0,0,0,False,False,{},{},[],[]
matched_manual1010,897,source_on_episode_2,e20f8763ed2829857b92efdde2c7041d6026bc5ae0d2cb4c8d59ca326614628b,4c90ecc413584f4b1c79634d91dd9ce905871049b5133c8423f66e45157a2e74,40950,32760,c361707c,a38d593f,True,-1000000,0,0,0,0,False,False,{},{},[],[]
matched_manual1010,898,source_on_episode_2,424087673f2e3761e66944726468d5b1414ffe02ecce6aa9e86c76130e6f69dd,d66347eafd89b764b0d350f75a5f4eed8bd1c5eb3eb7ff8fc9fbd1ec1f6d1a04,40950,32760,abb55a2a,94e730f4,True,-1000000,0,0,0,0,False,False,{},{},[],[]
matched_manual1010,899,source_on_episode_2,a1fe511d13871be5af0d9079e4c4a03aac6490ff397ba75659249d79dc835bd4,5ae4e88377c62f2d5a36a519b86fffe1e72f43f1a8b78c0106ba57f62b9f82f9,40950,32760,2889e395,fc55da85,True,-1000000,0,0,0,0,False,False,"{""crc_failed"": 1}","{""crc_failed"": 1}",[],[]
matched_manual1010,900,source_on_episode_2,95f39d7470e77d286f7a8f1ce0647eae07f79ec7ff95c6afac5e664de2795776,08edfbdd09ae59e5b717d64f6b4987f6a48259047fac055191f528b88a1b5050,40950,32760,2fc71e4a,9d048118,True,-1000000,0,0,0,0,False,False,{},{},[],[]
matched_manual1010,901,source_on_episode_2,6baf573cb3a6bbd68c30754c7a7170f47447431bab7ace710aa84895924c50e5,3e7069a9b310dfaea2d6de1bccbcd1799968b0d8ad7d83f09d659698dd2264e5,40950,32760,564d0464,94c7366c,True,-1000000,0,0,0,0,False,False,{},{},[],[]
matched_manual1010,902,source_on_episode_2,cb6ca03859beec6e92ab5e0830ed8b0ea3fb01b6b990b130c8185e4c4397aee2,17a3f93be6ecbc7ef9727d831cc6ab03a2174529e97099a8f39bffce986819cb,40950,32760,09e55e33,de806bf7,True,-1000000,0,0,0,0,False,False,{},{},[],[]
matched_manual1010,903,source_on_episode_2,2ecb6cdfaafac7a56d2509e742dec41d3c28b6154f5752c8af1be3628f23e5a5,c643545463ff38a6bf72d06911b6a287040b64461efa7c04c4ed2da6ba1b4ff6,40950,32760,1cf4afe8,3cb12464,True,-1000000,0,0,0,0,False,False,{},{},[],[]
matched_manual1010,904,source_on_episode_2,471188e902caab4bd1a0836506f6033325a36e328b46476340950e73f52f7f92,e7a3bf7de31b16e5261e75d32a013ce4f6a67c0dc1118661992b91a1c2bac24a,40950,32760,ad3d37f7,4ee97efc,True,-1000000,0,0,0,0,False,False,"{""crc_failed"": 1}","{""crc_failed"": 1}",[],[]
matched_manual1010,905,source_on_episode_2,7839359ef74a61e1d8c486ca01cace20913f02289bd9e1d1af93ae5a21d262d7,ac6dedd598f07cc471e37fbf6700e5a6e8df983cdd213801f6c0371168bfd497,40950,32760,7c330d3d,9ea456e3,True,-1000000,0,0,0,0,False,False,{},{},[],[]
matched_manual1010,906,source_on_episode_2,bc04b8c43fc23ebaf27a629240ccde394e0178ff60af88c8f4db8f76ef0367f1,051497cdac4dd9b706265fdb3e47f1b923a4922f4d3c5311297f6fcac78cee46,40950,32760,77b9d0ec,ea8757f7,True,-1000000,0,0,0,0,False,False,{},{},[],[]
matched_manual1010,907,source_on_episode_2,eb4105996d99ebe97e68a4a481ecad2674ef843bdd9a6e1f64afd9be26562416,cf8c1e2e18a8613228d6894ca29575e2a2729378d68696459eb7e236eaae3ec2,40950,32760,da5cb4be,6a8974b1,True,-1000000,0,0,0,0,False,False,{},{},[],[]
matched_manual1010,908,source_on_episode_2,826666ae5b638e888eba6f2ae58178b8591ca3783ad260c8370293b7c2142c94,a9daf6e2d615f943df5ad46643705e98ceb3d3d69196651cdc039328aedd1731,40950,32760,b5af4273,2ecc2ea3,True,-1000000,0,0,0,0,False,False,{},{},[],[]
matched_manual1010,909,source_on_episode_2,6282a86b74d0c112a60994f4ad840c80ce7adf1287e7cdb26550719a2e71b13b,9da4434f4d7a27d6cb47795dc88c21cfdb10b162d1f02848671251750b3f112b,40950,32760,96779c91,72bbbaaf,True,-1000000,0,0,0,0,False,False,{},{},[],[]
matched_manual1010,910,source_on_episode_2,310c4a9f3303bb4278e106f3988644ef3e7f34b25b9139b27cdc53776a48c1c5,0ba601570833065b3da118c3f76b19b100986d5578f74ae1728e3d63917091b1,40950,32760,25289312,ee78b999,True,-1000000,0,0,0,0,False,False,{},{},[],[]
matched_manual1010,911,source_on_episode_2,b184420e777c875f150405cd1f940305da784941f2607fd36eb6d739ddf0dc0a,ecdc42210968a173bfacac8f600682ad8aca0404a020fcdbb871e310429d7fe4,40950,32760,59c0214a,8c158724,True,-1000000,0,0,0,0,False,False,{},{},[],[]
matched_manual1010,912,source_on_episode_2,5e40fc6afb8e6af0f07947091c93c815ca5d49725c3026e33bdb02b73c98c709,ab781592b2f0420da404048978fd79cdd3850cd74c087f2f9bbd0c81cbd31db9,40950,32760,603afd6c,68a1881d,True,-1000000,0,0,0,0,False,False,{},{},[],[]
matched_manual1010,913,source_on_episode_2,5251af1580450b837c733ddcf8148caa9b92a0dd2270705f0e956958fd0d2bcd,60eefef8c55cff31d987cc544f5261ae6e6aa586457fdcc87a68251ef8b1211f,40950,32760,05361b50,1078d59c,True,-1000000,0,0,0,0,False,False,{},{},[],[]
matched_manual1010,914,source_on_episode_2,e252c152c6b4682df1f4f8f1c6b73c21c9200af127664d9c4e21c61bc07e2051,599951ee08cf644524dc2c10c68f5ec0655babac1cda55a56e8ebe94c9549ef4,40950,32760,14ae5b0e,14ec47f1,True,-1000000,0,0,0,0,False,False,{},{},[],[]
matched_manual1010,915,source_on_episode_2,467ef41fec12326333c59e2d92c18e1ce3b8ef65d3b8270763115f283fc415dc,7633dc292ed77016cf5955446467573517856fa00716f62e0f54105a51f8a1d0,40950,32760,fb07a159,67b0038f,True,-1000000,0,0,0,0,False,False,{},{},[],[]
matched_manual1010,916,source_on_episode_2,f7858a962b15c35fceaa174a1ba771077afcb8cc5816d96b64b689f174ed0579,785fb39b32ef526571c1907f403e82eddd01368e1cc884f067049c3fd56037dc,40950,32760,deb8ea42,e9645645,True,-1000000,0,0,0,0,False,False,{},{},[],[]
matched_manual1010,917,source_on_episode_2,1378b786c2873c8b29b65e77a1032b4b9a8b853852fdf20fb581d38a3e76f1d4,d0cbf42707d3fcf343055c7fa6ee547a557a26be93321d3f232ae592dc7858ce,40950,32760,75cdf6af,488865c0,True,-1000000,0,0,0,0,False,False,{},{},[],[]
matched_manual1010,918,source_on_episode_2,563ea77357a6b3e4a44bed6a2badc48aa7787e2e172f73be11d7754fc69b0db0,87a692eb6b9fdf3ce0d08b223a630fa1d39d03369b9a94944b500a4bb0a0d5fd,40950,32760,8cd01a8b,e4b7f7bb,True,-1000000,0,0,0,0,False,False,{},{},[],[]
matched_manual1010,919,source_on_episode_2,be4915a1c6c51dd19b2ceb419f6db60ea7fc49afd233722d11ff406e389f2984,0eb6f39c6fb30cf942115a1edbbb3f25b2ee9a5e3d146c363d128493d852db61,40950,32760,b65ea1a4,34bfd38a,True,-1000000,0,0,0,0,False,False,{},{},[],[]
matched_manual1010,920,source_on_episode_2,8015a3631a688718bd7787504b89246acf34f1c8dd03a38c44296ad11ef5fe34,6971f74c0ebb1a5b942a338df8bc518577692d9732e1f91315528770d17e9c64,40950,32760,ca0f8220,c8c8b7fa,True,-1000000,0,0,0,0,False,False,{},{},[],[]
matched_manual1010,921,source_on_episode_2,d592dd0e416c615b54df8d2fdaba6818362e40c1368c8142fed1e206a371dca6,2c5aada39caca01e3705a43d345ecfbb8dc2769a332bc90b465d51f09431b53f,40950,32760,c4ee93fe,072d6177,True,-1000000,0,0,0,0,False,False,{},{},[],[]
matched_manual1010,922,control_transition_guard_excluded,7c7507ec676a2d1a7aa09bc1a8de218d0d58c85d50d34ba5160ee8979bbd2cb9,15b6a99530b53810521e2be61e50ffa32ea4384197ebf2b160f7f5934d577cf8,40950,32760,7d34aef9,9c52603c,True,-1000000,0,0,0,0,False,False,{},{},[],[]
matched_manual1010,923,control_transition_guard_excluded,622bee31f50113bf477c74a986972bfce27612ae55a8c03fa095cd98275c5767,0a3f777b4d4d794072c140c36929f06487103657fba354f4cfad62338a30bca4,40950,32760,99953611,8d883329,True,-1000000,0,0,0,0,False,False,{},{},[],[]
matched_manual1010,924,control_transition_guard_excluded,9a6aa48bbec2720fae17884d86c2b5d34eac68da5fa83092a309a029404cb52a,2a92c9ba9b93ba9851a301b21df9363d769daa487eced2f68a777710d6b61e15,40950,32760,d26ab255,f7d2ff90,True,-1000000,0,0,0,0,False,False,{},{},[],[]
matched_manual1010,925,control_transition_guard_excluded,438283ccfdaef933ac35caf78f4531b3ad71fd56c159b845b882356916769963,ed0b5cf6fcf577d4530385865adce219dc96f4c83c3c42900c140b83dd23f939,40950,32760,982c1869,3f74f1ba,True,-1000000,0,0,0,0,False,False,{},{},[],[]
matched_manual1010,926,control_transition_guard_excluded,0c44332c5260531d7cd57c4d1b547508032fbcb482942c532369b079ecaf49e4,43605e8e0ff20668fd2322dfb498c894405ef394eb4f943b0f9aaa4b83623449,40950,32760,550c101b,2ee7c6ab,True,-1000000,0,0,0,0,False,False,{},{},[],[]
matched_manual1010,927,source_off_after,332aefedf621f83faee69b0074b97d15286ed5091cc3e87b5ad07aa2b7375401,7fff64c1752355a2341e0ab7ca6e34d39c66d1395bac10b05e29b878e8ae66cc,40950,32760,edbb5a8c,9f8d339e,True,-1000000,0,0,0,0,False,False,{},{},[],[]
matched_manual1010,928,source_off_after,1fd3bed7119c8abdc20fc7b6db5ccd7086ba014e259f9232cdb49d4085f586af,690fff6ece4e909e48d23292bfe0bde9a3c5d71df69329542639d023c3ac68c4,40950,32760,b2ff1354,bbab15fa,True,-1000000,0,0,0,0,False,False,{},{},[],[]
matched_manual1010,929,source_off_after,02137b63ed4b5449abd44b7b06915a9c13eeaf52509d64dca1f06818856e0c35,00042822e5df0edfe2d5715d6bb0d938fd067b79611f92ab20d2ea6b776b0efb,40950,32760,44c7fc6c,5cf22983,True,-1000000,0,0,0,0,False,False,{},{},[],[]
matched_manual1010,930,source_off_after,fa6a7ab7d510915610890c591568ac59cf8fc552e8b04da8bd803a476812e747,1021bdff1767eb0f8fa131c6e5a4306406854783c726d02790f63c99d7e39ccd,40950,32760,88de3456,496dbf05,True,-1000000,0,0,0,0,False,False,{},{},[],[]
matched_manual1010,931,source_off_after,9f7b92eb5f2e12ab0bd4f261133ae63ecde19767e21bb00f2ee219ee9096e33a,9fc27326e7ab50d83296f2f44f04799bfe1994c651bc7edd558b02ed12505134,40950,32760,0450556d,980d11a8,True,-1000000,0,0,0,0,False,False,{},{},[],[]
matched_manual1010,932,source_off_after,64081c9902632c31f822852c6dee2128ef616ca38854a4183c16c8d3853b8c0a,e7c7bfa18c36a3b6abdb219eccc43cf0638ad6aec0844d275675955813e22b30,40950,32760,e69b85eb,05899faf,True,-1000000,0,0,0,0,False,False,{},{},[],[]
matched_manual1010,933,source_off_after,a7cfff1670884d62df582f324b1c8e5c8b631887de1d055031e75f62e1680442,65fe92dc1fb9a4279085064ac053c76ce19f482c71d52dfacd34d7994d7ac12c,40950,32760,b16867c1,e195313b,True,-1000000,0,0,0,0,False,False,{},{},[],[]
matched_manual1010,934,source_off_after,8de941e9503cc50646e16674d5b9bddf73c94b4e0785b12356c7d579fe53c493,309a8ce77d3558fa9169c012cea59a788f6d24bbe19f7cdb66b6714278ca4ea6,40950,32760,595810b7,a5a58f67,True,-1000000,0,0,0,0,False,False,{},{},[],[]
matched_manual1010,935,source_off_after,1d51f2ca0bc4a91dc09947cbab14df851b8a7df551b6188f3b77622262bdca63,aa5ca938dc68adaf29a7b61e1f9d738a646651696247935339df2f43914d6deb,40950,32760,39769d15,b90056d5,True,-1000000,0,0,0,0,False,False,"{""crc_failed"": 1}","{""crc_failed"": 1}",[],[]
matched_manual1010,936,source_off_after,c14849d0449641b3b02625a2cad98f18a9b603475fc60e8fc7e36b701533c770,7caddb4e57fcb4377ec57d4bafc1a20d93edd6f5150a19b5a0b2e575013184ce,40950,32760,55e000c1,394bee65,True,-1000000,0,0,0,0,False,False,{},{},[],[]
matched_manual1010,937,source_off_after,bcd49971cb8ea45c8b6ac8c76373f1bbbd347b642748414fc8dfe56346126dad,e2bee99b9e724e5818d7f876fa3d2f56eb35db4ff12c125709c6d68b9e15f441,40950,32760,0e4a9bd6,cdacb3c7,True,-1000000,0,0,0,0,False,False,{},{},[],[]
matched_manual1010,938,source_off_after,f4bd492d49a55f95d068920878f607ebab3d78de3037cac587eee8b62a58e278,b1a178315a8dd65fab1ab05a1b08b3d9fbaff33421729a05a143ddeeb9433360,40950,32760,91a60d1a,8d84ef33,True,-1000000,0,0,0,0,False,False,{},{},[],[]
matched_manual1010,939,source_off_after,a72f96d30d2e31822456320ef9d9c96db329a4328b99ae8a8492cc452b74caf9,077672449e3ad300ab0d72520c87ad154f30ff443be2756d40bafd9de1fda623,40950,32760,50476af6,08369db6,True,-1000000,0,0,0,0,False,False,{},{},[],[]
matched_manual1010,940,source_off_after,1cef4570bf84c7362b4375a67d6d209ade7b0be26fccf91aed12d6b384915aea,d4a802e30408ce46ab980241b3c12fcde47b8c4d9c829d01bfa8b6e0f3906f86,40950,32760,45e46263,8784f242,True,-1000000,0,0,0,0,False,False,{},{},[],[]
matched_manual1010,941,source_off_after,873bfe18653ca120ce9598593ddedc6bb4ef1aadf0d9caedb4c4cfed61a987de,251430286d55f710b99d2065ea816f91a159dd5eb50a9161879867dc017a4b02,40950,32760,8a21fb1e,b7059352,True,-1000000,0,0,0,0,False,False,{},{},[],[]
matched_manual1010,942,source_off_after,e6793c2d37ef60d873d7fc38835559aff297bda95289d8b9697369c29f4a8aee,206986597c2ba07ac87674a3f59d41bdeda45cef0ed14b2e2728ba752f0190fd,40950,32760,ea3486fb,4d1dc770,True,-1000000,0,0,0,0,False,False,{},{},[],[]
matched_manual1010,943,source_off_after,4764248980f508a1b0ff4b5851b6be9c7ac4a560c844a5c3379b28928b34b4f2,561badc8ed6773a9a293dfb4c8349c9c1d390fe678d280c428923fd73c8d5c7f,40950,32760,44fb1070,1d44c723,True,-1000000,0,0,0,0,False,False,{},{},[],[]
matched_manual1010,944,source_off_after,8d113a0ce9e416d102b673a46525d5fd48ca73d4b3e570e8bc3b39c34ed4d46a,66aafa956b1000526bfefb9ceeeab54c2c609a1af084da70ebaac44796e62f47,40950,32760,8837209b,de2b21ab,True,-1000000,0,0,0,0,False,False,{},{},[],[]
matched_manual1010,945,source_off_after,6973a29ac3b70a142dbb84ca9e0cf8a1852e112dc66a1f2f59c75922f7035a51,db409fa1a1e90bfcdbb1eb06e683773d86d2b7f193661e2429c59a271fddfd83,40950,32760,d9de9b18,e6c6f105,True,-1000000,0,0,0,0,False,False,{},{},[],[]
matched_manual1010,946,source_off_after,4bb097e851234d481784059392f91e526296d244371f5b31e991bf466c7486a6,d83e9e8b115bed92e547fabec67847968048b5855d8b7c5e3d6801ee15371ecc,40950,32760,d73cdf68,7c7dacd5,True,-1000000,0,0,0,0,False,False,{},{},[],[]
matched_manual1010,947,source_off_after,8388c9ee96e4a06ddf266cf9e1f13f52674e05310a01481adcd6e665949e54cc,b8f161c8315a8200424c1a44ff17f142d30b73c7ce80c7999df898f9bfa78759,40950,32760,8c4a727e,1eee1adc,True,-1000000,0,0,0,0,False,False,{},{},[],[]
matched_manual1010,948,source_off_after,69c948b9fb12d60841248275ffe7304a90dec9ae62080205289d485f8de7cc30,415d27c0a00ddcf714e066c076ab913e40ab931ae7fb4db2a940c3604550aed5,40950,32760,aaada3d3,e4254d62,True,-1000000,0,0,0,0,False,False,{},{},[],[]
matched_manual1010,949,source_off_after,64254a396108840845390603330319fa3b2acbc3dcad573dcf25a4f9c2052e68,e4fcc954ab3f3ef5e25e17fc33a35ae58a0aeb0d83f3425c81a58549d6059f4a,40950,32760,f79190ab,0df54597,True,-1000000,0,0,0,0,False,False,{},{},[],[]
matched_manual1010,950,source_off_after,a2f765caec2a66bdae5d175659e7fca99abaed401f86b5e3e79c659676559787,3a1f6cba2af88c3cf010c817c0b81c93ef8ba851289a7bc6287ee0e98b11a124,40950,32760,b3b7eded,4908bd0a,True,-1000000,0,0,0,0,False,False,{},{},[],[]
matched_manual1010,951,source_off_after,edc541946dbf7d6e0a724d28af555c1b8e2012ce5a13f362b70c06e476ba8e7f,e33b94620a6bfe692c35dc06c8d754757e18a85a6b94337c3e1364b76e601a37,40950,32760,c944e3e4,471961b5,True,-1000000,0,0,0,0,False,False,{},{},[],[]
matched_manual1010,952,source_off_after,b2ae4777cf27d60c3a2427f6479785ca750ce8083fb710215f4ae2478053a417,9f79da0dacf649fda4d4a68bb629bbc5d272a4c55fd0b7e4d362b98db8fc4b89,40950,32760,b4127f17,e44e47e1,True,-1000000,0,0,0,0,False,False,{},{},[],[]
matched_manual1010,953,source_off_after,4233896493b351c7fc89aaba4e69835c6a7036014a3c3b96681f41eaafb008a2,bad5099d2a66bc406f03e264db1479927feafa4468f05804d42b1c39080a6cf7,40950,32760,8ad18c66,510c2f08,True,-1000000,0,0,0,0,False,False,{},{},[],[]
matched_manual1010,954,source_off_after,a20b153e902d85d542400269b448014398bd1399330610c56b3f43a821126e80,c3ea83f82fff987b9e82d36a85a93a2f7418fd3a78eec5d6a31e85bd065f13e3,40950,32760,86431743,61edc12a,True,-1000000,0,0,0,0,False,False,{},{},[],[]
matched_manual1010,955,source_off_after,e785a13557d3c1c48cf7f2e926110f0fac7b02c91f6814d269ebd1115cad6f71,519b956500725d0b371ec29283e3789020e8dfb516487722f3113f24e47d4799,40950,32760,263af1df,4bce74e8,True,-1000000,0,0,0,0,False,False,{},{},[],[]
matched_manual1010,956,source_off_after,7306b18e3b579e488b8571ae59d1c72cdb457c14c0c13365a4aa5958bc0bc5b7,65df544e2fb170caa488e4181a0df6c02e6f9dbb1875654735454fb0760ea440,40950,32760,e95c7c2c,272659eb,True,-1000000,0,0,0,0,False,False,{},{},[],[]
matched_manual1010,957,source_off_after,cc7cadb14d9f48fc10bd8e46dcf5d4f548f13117a4964db0a6addaf17dc2b548,c6c36cb2591063a1f0fe45e3b872bae3d93a4a00aa8ba591e0e5fda1fc23c969,40950,32760,62576944,136831a3,True,-1000000,0,0,0,0,False,False,{},{},[],[]
matched_manual1010,958,source_off_after,07788aa8f1d30d44f4936322d8934cf5b03e0fc536d737754e8b2610eaec7cdf,ff7ce623ffa99e4fe5d789a968aa87e52d5071e5a77ff359ab0b3bed96c87936,40950,32760,1159c7f0,d19fdddb,True,-1000000,0,0,0,0,False,False,{},{},[],[]
matched_manual1010,959,source_off_after,cf6676f6ebce02aa76ed730472cf5802796a6b0b0a4dd6a901e542054eb106cd,6710d9907015cc8698555f4256945b8d66bf810b7f09502e214f73d4005a562e,40950,32760,2b9753c2,6e30e167,True,-1000000,0,0,0,0,False,False,{},{},[],[]
matched_manual1010,960,source_off_after,344634dfe6063014484b789e944f34e3f7d90cf82601bb62f54277fade13a0ab,257046d5a398e9b03f3bd9990c866414abe089a4c0dd7b036bea660d78669975,40950,32760,21468c8f,9f8f9cc4,True,-1000000,0,0,0,0,False,False,{},{},[],[]
matched_manual1010,961,source_off_after,9e424fed990dbb0ffcba88bd429eb10a9dd139fdccefd5bd42955a597fa736ee,77e1d9091ccf2b5f5eb100d8c46884fe0f403b4f82ec037c7620e4892fd10100,40950,32760,30bd403e,ef26fade,True,-1000000,0,0,0,0,False,False,{},{},[],[]
matched_manual1010,962,source_off_after,c5b63cf7a3b389aa7e6b1b1fc70c7333bf5446b2cb692d8bf382d495aa6529cd,59fc74dc9faae94e698691f6c17c2127a0dd1548e6ce1387e4a24d6d64d67711,40950,32760,7fbbb1de,37c1c386,True,-1000000,0,0,0,0,False,False,{},{},[],[]
matched_manual1010,963,source_off_after,73b7afe881d4968ab35b63add2427a9fc16a4ec599b775e6af991fd586fbb77f,ca22bf8303610c5336acb36e1fe066a4f0f58cfc670f4f065c8eeb477134a281,40950,32760,ead0d0f3,77287def,True,-1000000,0,0,0,0,False,False,{},{},[],[]
matched_manual1010,964,source_off_after,8c15130766de210b84cb097b0c968a10e8b7434d881c0e97f1490275c9dcce0f,2eb9df520b2619636fe97618478180b413c821b3703406496d2dbb6db651a0f7,40950,32760,d59bce06,0120d0ca,True,-1000000,0,0,0,0,False,False,{},{},[],[]
matched_manual1010,965,source_off_after,1c8a30bdd1c90977050ff7da49590375a93d455026c35d25494e816c984accbf,7b376a87af22b77e00be9872f1be41139899d492fe880767cc1d099189bceb14,40950,32760,4ee870dc,d14d00ed,True,-1000000,0,0,0,0,False,False,{},{},[],[]
matched_manual1010,966,source_off_after,701cfe92f63341804b8d93bb53c58e84626123cbb2b5eaa524fb2692c0930bd7,fbaac9335f2b4d31141f81ab3b3a32660c4e1650974d7042f8bc85c22ffd32ed,40950,32760,06570dc1,01c766ee,True,-1000000,0,0,0,0,False,False,{},{},[],[]
matched_manual1010,967,source_off_after,bc0373ffa684b160718b5fd882c6f3d205b8cf456c32490f71209c4ba8d3451a,2b9bd4c3225a28773825c2211377f85e5e3e4b9702e4bfe9165fbaae804d156c,40950,32760,344d9930,d9a96381,True,-1000000,0,0,0,0,False,False,{},{},[],[]
matched_manual1010,968,source_off_after,a8e3f331a6f72f313520fdb3cd07d2985c7107fe09a50b591ab22aa2225c4b38,3ec1ddc8872d782da418aa1f010393c58452e21389f8e38206329e53601c2162,40950,32760,a05cdd48,f2bb33c2,True,-1000000,0,0,0,0,False,False,{},{},[],[]
matched_manual1010,969,source_off_after,cb96d455c968d8031c3ae636e6801b2d4be2f603ad5576de7a7750494bc3647e,898e9deb72316b38627c0c96d1a12440c6266219f67e84ec769c685b2cd4c4db,40950,32760,cd8cfe1a,4641780b,True,-1000000,0,0,0,0,False,False,{},{},[],[]
matched_manual1010,970,source_off_after,8617185cc94aef1f4f1686e8fed7d6ccabc70a5152fa7c5111e3c67b035aa95d,96a64cda493799f446749264fd6d8d432d57dfb0489626706ebcf8f0397bc848,40950,32760,60e4db3a,3a2cfabe,True,-1000000,0,0,0,0,False,False,{},{},[],[]
matched_manual1010,971,source_off_after,d90292118cfa804d26ef1c67d018c42674a263c640c657f117a82a1f3671aaba,922d105b32caed062dfd5cde7f5eda8bd8755e887ea9fb88cb4bdba115a84fd1,40950,32760,34d00a6c,074c9078,True,-1000000,0,0,0,0,False,False,{},{},[],[]
matched_manual1010,972,source_off_after,ffe4646a2f5705da3cfd417b8800f5e4efe6e122304aadaa354050386cdc739b,918f046662675585c28090497f69624cac7d6e09e763dcdeecbe8f8ba73c6853,40950,32760,a372c182,7f266e37,True,-1000000,0,0,0,0,False,False,{},{},[],[]
matched_manual1010,973,source_off_after,36558f0d7e2056cf1703e38ba00b8fc8e2f3d01c5377e8d3669237ecfe8d9e69,42664220ae30f0a47741c7529b9f8e1644dce6a70c594e816c707489e5c0ecd7,40950,32760,8e64f3e1,d0e7c01c,True,-1000000,0,0,0,0,False,False,{},{},[],[]
matched_manual1010,974,source_off_after,22616432f6ca41e5f1060eb117928eab364db0460ab27dee3dc8f63badc24b70,09e649d395506250368b43c18e37624f76e66566f1c57f4f69433e690f9684f1,40950,32760,130e70d2,d610f0d2,True,-1000000,0,0,0,0,False,False,{},{},[],[]
matched_manual1010,975,source_off_after,0bf3d9cbf4e97566f05abab44f64f000e74f43a4eaf31545864e52cf937a7cfb,825c0919c853ac7462ef5fec1be82f335ac0bdaa53865d2c59f4b0f78eead968,40950,32760,be8672a3,1c225083,True,-1000000,0,0,0,0,False,False,{},{},[],[]
matched_manual1010,976,source_off_after,d644b6581517bc8065a8f4615a4ba9fdbcf143407c902f3780d05bba145429b4,78ba44984147a5d8e12ba67cc06eea1dc78f466871a8c565bf2d086888342772,40950,32760,7a58f6e7,23cfeba8,True,-1000000,0,0,0,0,False,False,{},{},[],[]
matched_manual1010,977,source_off_after,0780ed6687e2503fb2bcc0ab7b26e84f4fdff4cf84043df2e306ec450f350855,d64714708c8ef40e702ce8d5c3e2fee3d0a918f51a891cd721d8541896574c02,40950,32760,616e9515,739581e1,True,-1000000,0,0,0,0,False,False,{},{},[],[]
matched_manual1010,978,source_off_after,de5cb9d2c1d49658007cbe2b0dab64b2fcba3e2ee9dd49a762644c61b3c192c4,adb73d07c448b690d4680f02b63c5a021820a52ab872bd9c127af2798b66dbfc,40950,32760,ed037d59,533a8ff7,True,-1000000,0,0,0,0,False,False,{},{},[],[]
matched_manual1010,979,source_off_after,7fcb453ee78b5ae455334dddc2a7e67f8cbc2c196733b5a55caca4b10253e955,dc184ecc0c971aeb7da34b016aaf9ed376b635b2c30c94be4f2e6d3b193d05a0,40950,32760,1e291b9d,f75f46d7,True,-1000000,0,0,0,0,False,False,{},{},[],[]
matched_manual1010,980,source_off_after,5965b291f5381389f47feb4deaef1c1a47525a6ab090643ae7ebcbd432391591,8b60c6e8b186d9afdef2b70abfe4758c62a608f31b6fe98d0e1baffcff8ac361,40950,32760,c1baa503,36fa90ca,True,-1000000,0,0,0,0,False,False,{},{},[],[]
matched_manual1010,981,source_off_after,68938d79ed4679e8330800abb3d7b035478e7e01f9b1b80c9596d1f58456f1e4,0a6e46e367b95bfa4c37c38642db9af217505abea410341cf1194a1819cac46e,40950,32760,82aed8e9,f87c8615,True,-1000000,0,0,0,0,False,False,{},{},[],[]
matched_manual1010,982,source_off_after,cb658e2a17170b74918057b08cd52597d23e322f4eb556b682ff1a18bdabb90e,9b9fe6f4a25ec663f433fc8ea0c2b6d509c4d31de874a3548ab715989b5d7a40,40950,32760,2d836214,b1733f7c,True,-1000000,0,0,0,0,False,False,{},{},[],[]
matched_manual1010,983,source_off_after,7befa0e63374b1afc3cf525fe7d04304df061a2408705ec1d80852fd54597743,0a1f45e4ed4d512073cdec66310abd21e2f59bdfa5876b085224d93b4c955f85,40950,32760,93790eaf,fe77ea90,True,-1000000,0,0,0,0,False,False,{},{},[],[]
matched_manual1010,984,source_off_after,2d305be0a14b5d385e26f6b872a21134f13271efdbb2df73aaea9998d492a6d2,ea68036d91c93f7d74f978d69c7084548cccd57b74ab1c913ea882974d35788c,40950,32760,5300b67b,5c69507c,True,-1000000,0,0,0,0,False,False,{},{},[],[]
matched_manual1010,985,source_off_after,8ca5ae1a864facd9bd04524fd72980838db3942644e9935be968d086ba358237,5418e5c27a5696135c61cfc48cd73c81607c509786dab0336e8ac2829d4e12c5,40950,32760,8a879318,1742b0fd,True,-1000000,0,0,0,0,False,False,{},{},[],[]
matched_manual1010,986,source_off_after,dd4b9b13114c1c8a3084b44e10bbb6b734b15805eed3c62776dbd7998a96490a,974fbd5454b204998ca316799f57ec3edebdfe947c5dc1dfeee2f0ba2e1f4107,40950,32760,2690d47a,701380c5,True,-1000000,0,0,0,0,False,False,{},{},[],[]
matched_manual1010,987,source_off_after,3bf6afc3f9300e54397c50ad3f4f8cc1496b8858fa400f148cfca62c7846fd33,3b22b494adce28dc1179d6feae81dd7a1dc42edd6106af274fa1e586dff04b20,40950,32760,67093352,28b7a8ba,True,-1000000,0,0,0,0,False,False,{},{},[],[]
matched_manual1010,988,source_off_after,8c45db404cb8166a70a0a90a597857d3f9c3653a92ff02e27aa9d387cf8bcd22,3056ec52d2afe9666d4319df868eb3bbf15b9b30629d823f00ace50581864969,40950,32760,4cf591b5,46e1f8a9,True,-1000000,0,0,0,0,False,False,{},{},[],[]
matched_manual1010,989,source_off_after,0ab4196d7be8eb39c1c33af49025b6ca4c856a809341d4b4cfc05bac7a94dec4,c5042707897d075300ee924c420a34fa201d728bc39d27ed583e27a44c80b4d2,40950,32760,dcc2941b,a087750f,True,-1000000,0,0,0,0,False,False,{},{},[],[]
matched_manual1010,990,source_off_after,a0a9e80237ca37c60523f658d59c78aeb8dcef1db99e9965bce0d5872d77d8d6,0b12efe6eefe1d14a8b9df8ead882c678b4a17373b618c9c6d11b3ce1a3b26a5,40950,32760,b444004a,8f6b6d43,True,-1000000,0,0,0,0,False,False,{},{},[],[]
matched_manual1010,991,source_off_after,8d8429bdbd028c7adc6d2edfd481ec69f88d7273164302421e33deb55754fe24,e4dd7be9a756512c2b5175ee00af3787947fcf4eac63c911e74ac1c375bc58ac,40950,32760,b4575c19,ac2de5c3,True,-1000000,0,0,0,0,False,False,{},{},[],[]
matched_manual1010,992,source_off_after,17b60ab0b403f6f3eb4a209c10ea6698923ad364578dc671e3114860e1c11133,7365141aab3b7eb47fb9b18e83817f638fbc4bde43fa16abd918fc34d4818091,40950,32760,a7ed8dbc,a69611a7,True,-1000000,0,0,0,0,False,False,{},{},[],[]
matched_manual1010,993,source_off_after,b0c353da5de9faf3baac61f24224e8f7b97a07e8bbee09715c2bbcb82cd8258b,54ce8f968e77d12d1956cdd82448603f5e6022baf70771a6123d3f6446cf3b43,40950,32760,98c788de,58a365f8,True,-1000000,0,0,0,0,False,False,{},{},[],[]
matched_manual1010,994,source_off_after,79dd6f2b4532d419d9f77f412b96a07f68489ea93286aa1091d4f0b5e8f5ffcc,ffa67ae0678495bc26f198f65749342be7044d0d64389c4b0e9759615224c1fb,40950,32760,85cc95fb,5b52611d,True,-1000000,0,0,0,0,False,False,{},{},[],[]
matched_manual1010,995,source_off_after,42e6077541a8e62071cd67ae56c858aef62197b0ec080778b7f45daec9af0dec,21de34a2ad9dbbed5826be1ec2ffd0e1bb7658a3cc8f856f318d75c79add1fd6,40950,32760,55153e8a,83089dfa,True,-1000000,0,0,0,0,False,False,{},{},[],[]
matched_manual1010,996,source_off_after,771ef8d2d140e771b67c71416c2e6b0e9f8fb2eb0e8c0ae38806a5be42303eb1,722e65716b7b1eb44b2225ab25c717fe7213c5444320350d93b65a725b76204e,40950,32760,ce10674e,1adebb0a,True,-1000000,0,0,0,0,False,False,{},{},[],[]
matched_manual1010,997,source_off_after,de58eb04937e5b198c2e7c10828dc0e7816e6b446bb16dbf46a0d85db19c2d97,8a8642f854cbb5ac7c62bd9147ad529ad369791b6e78e8b7b582ad497414aac5,40950,32760,99e075f1,fe70e0c4,True,-1000000,0,0,0,0,False,False,{},{},[],[]
matched_manual1010,998,source_off_after,7368ec8409cc4f05c288f7977693b233e46e2384ef3933fd089741c8a60866e8,713c9d16e547ab1b6a58a16a5ad325898d72dbea787ebbfc0d787b6d956c1688,40950,32760,24133927,9827331e,True,-1000000,0,0,0,0,False,False,{},{},[],[]
matched_manual1010,999,source_off_after,5898362668b08e8c50db96f21878cc5a6b1deb005b5796b8968b80c4a65b1302,9c4a6dc4c27fbf37a5028bbecba86bc6d61c8b029c0f757ec779ed868aef89c0,40950,32760,e178fccb,41825df6,True,-1000000,0,0,0,0,False,False,{},{},[],[]
matched_manual1010,1000,source_off_after,7b3d0db554007e63e20d7a081fce0219a6f0163c1930adc395888c2cd553ad59,661b777bb83eba39d8d893c1b0d1edb5ee8b768851bcd077e87039fa34361da7,40950,32760,65903a05,e9ee74df,True,-1000000,0,0,0,0,False,False,{},{},[],[]
matched_manual1010,1001,source_off_after,b182448792acd4803d620e4bd0ae23a91de296c30d264cfc6dc6a6b2fb62198a,60169b07001c60924943a29e31c55655b5632a4e259af1c1a7b9ba58bddf4f4f,40950,32760,29f1aef3,ff058435,True,-1000000,0,0,0,0,False,False,{},{},[],[]
matched_manual1010,1002,source_off_after,05c61afd62b4cfc8ca37679f9d8dd01636dbd756d2b820247f68265c243a1652,18a255701240f0821c9f88c3e2bf1e991fe11c9484f1aa6052470523979f1b07,40950,32760,d30ba8a7,8127dfd2,True,-1000000,0,0,0,0,False,False,{},{},[],[]
matched_manual1010,1003,source_off_after,54b4ab471af9adfbc990cd3c6b1e121a7dbe784f828dce40a69ab7c6d337c4c3,68eb38dd4c08773cf9bd4ce3271d6fc65502804d4618bad3f73f1eace553f52e,40950,32760,93b41075,7edfa6bb,True,-1000000,0,0,0,0,False,False,{},{},[],[]
matched_manual1010,1004,source_off_after,687c04ded7214fbba971c0922f0e4993c6f8518f36385b6f953db9277b1e13c2,3ae2e75f744b94d286e5eda6d8a633552588b998f97dc7a0695f0644f0d8c5d9,40950,32760,3e29b798,3e470d9d,True,-1000000,0,0,0,0,False,False,{},{},[],[]
matched_manual1010,1005,source_off_after,7080fc3fcf125d104c62161611eb121799a6b93722101cea0e0c2e9198ff3124,f70b07c837082b546f02aab8815915c8e9d3124935723554f253970ff67aac78,40950,32760,f1b7a486,e3172bc0,True,-1000000,0,0,0,0,False,False,{},{},[],[]
matched_manual1010,1006,source_off_after,276b13480acbd83de98d8b14adb18aee57c02b5810179462bbe4851cdb0af396,7a9e6fae6bf2eb471b23a9c632b19b084418f1aee7fe619416581d641632ba87,40950,32760,1dc280e8,b926a6c9,True,-1000000,0,0,0,0,False,False,{},{},[],[]
matched_manual1010,1007,source_off_after,5f912d3b3fd4e427b4019ee4eac54449aa7c8baffba3fc07eb42d85e66fe3a4d,ca2f91c7861f8f3309b8aa3cce13cbbf7859727b46214aa43d7574f76f932756,40950,32760,da86b192,156c75c8,True,-1000000,0,0,0,0,False,False,{},{},[],[]
matched_manual1010,1008,source_off_after,c39339c0c644444f7882ab54486b83d441ae911a0ce8046de83f1892d14f2feb,b661b1c5f900e61bc0a4f1e2d3183262337e86d291881544003153d80be03b32,40950,32760,5130a58e,c144e56a,True,-1000000,0,0,0,0,False,False,{},{},[],[]
matched_manual1010,1009,source_off_after,6623eaa4a929e8e2c1ef6deca316d1668603f00a0bef0b25b47e8d72c64c5ef0,53a02cebf79c94ac5ae22d5345ec6ca6b8fb32a829925fa93a49f8c063eb9c90,40950,32760,577cc5b2,4ebe56c0,True,-1000000,0,0,0,0,False,False,{},{},[],[]
